tree
version=v4
num_class=1
num_tree_per_iteration=1
label_index=0
max_feature_idx=55
objective=regression
feature_names=volume vwap alpha002 alpha003 alpha005 alpha006 alpha007 alpha011 alpha012 alpha013 alpha015 alpha016 alpha018 alpha020 alpha027 alpha030 alpha033 alpha038 alpha040 alpha041 alpha042 alpha044 alpha050 alpha051 alpha053 alpha054 alpha060 alpha083 alpha101 stock_encoded day_encoded time_encoded close_10min close_20min open_10min open_20min past_ret_1 past_ret_2 past_ret_3 past_ret_4 past_ret_5 past_ret_6 past_ret_7 past_ret_8 past_ret_9 past_ret_10 BOP CCI MFI STOCHRSI slowK slowD NATR ADX DI_diff OBV
feature_infos=[0:12619] [24.874450733369851:2393.3433133732533] [-0.99639490147829601:0.989856786446349] [-1.000000000000191:1.0000000000001041] [-1:-1.4133077053536095e-05] [-1.0000000000221472:1.0000000000077218] [-60:60] [4.320774282751469e-05:2] [-15:20] [-1:-0.0038167938931297708] [-2.988721804511278:-0.037593984962405902] [-1:-0.0038167938931297708] [-1:-0.0038167938931297708] [-1:-5.3735634114067321e-08] none [0:0.99619771863117867] [0.0037593984962406013:1] [-0.9715485211082181:-8.7768058277990686e-05] [-inf:inf] [-49.389956184698349:19.797101449275488] [0.0037593984962406013:266] [-1.0000000000050202:1.0000000000006541] [-1:-0.034351145038167941] [-20:15] [-200000:100001] [-1:0] [-0.013940643600982438:0.0076654542249543671] [-inf:inf] [-0.9999333377774815:0.9999333377774815] [0:24] [16:19] [0:265] [0:1] [0:1] [0:1] [0:1] [-0.0095389507154213238:0.0097799511002445438] [-0.012618296529968376:0.011673151750972721] [-0.013513513513513487:0.011811023622047223] [-0.015180265654648917:0.013806706114398493] [-0.016731016731016735:0.013806706114398493] [-0.017142857142857126:0.015810276679841806] [-0.017142857142857126:0.016830294530154388] [-0.018975332068311146:0.018232819074333717] [-0.019047619047619091:0.018232819074333717] [-0.019305019305019266:0.019305019305019266] [-1:1] [-333.33333333428078:333.33333333428078] [-1.2764117881401976e-10:100.00000000007752] [0:100.00000000000001] [-3.8132460152458708e-13:100.00000000000119] [-1.5513516397428855e-12:100.00000000000125] [0.00020922012720942282:0.6040492590192893] [1.9703310345090252:99.999999985006596] [-99.851819385980932:99.703766005408042] [-12206:217655]
tree_sizes=8536 8604 8608 8599 8624 8594 8609 8634 8589 8602 8593 8602 8541 8597 8598 8581 8627 8541 8551 8570 8549 8623 8620 8570 8616 8521 8664 8625 8520 8607 8492 8544 8578 8537 8634 8577 8643 8612 8583 8608 8572 8596 8543 8529 8605 8639 8573 8502 8610 8575 8568 8578 8588 8578 8612 8564 8586 8557 8556 8645 8598

Tree=0
num_leaves=89
num_cat=0
split_feature=20 20 20 16 52 16 31 31 1 52 31 1 31 31 7 27 25 29 48 0 25 25 20 27 20 52 15 27 31 1 1 20 9 20 27 31 20 20 7 24 31 1 1 54 24 25 31 27 29 31 31 37 20 31 4 20 52 31 30 20 20 20 27 52 7 9 27 45 17 0 20 54 31 4 17 31 52 3 16 27 1 20 29 52 20 4 20 48
split_gain=0.0130864 0.00404148 0.00391058 0.00182695 0.00173117 0.00110794 0.00106986 0.00106828 0.000711615 0.000703468 0.000665994 0.000679717 0.000662519 0.000658417 0.000618772 0.000598609 0.000465922 0.000459764 0.000453056 0.000398846 0.000377856 0.000349664 0.000329357 0.000309937 0.000303939 0.000286721 0.000286131 0.000285412 0.000281381 0.000276823 0.000669194 0.000266211 0.000235014 0.000229579 0.000225513 0.000364395 0.000319065 0.000222548 0.000222261 0.000218528 0.000196085 0.00018234 0.000180748 0.000178176 0.000173999 0.000165317 0.000165171 0.000178483 0.000164454 0.000163268 0.00015973 0.000153959 0.000152031 0.000150786 0.000192129 0.000149276 0.00014362 0.000143019 0.000182801 0.000153747 0.000142908 0.000138432 0.000136264 0.000135219 0.000133 0.000131705 0.000130394 0.000124802 0.000124326 0.000122228 0.000121988 0.000119739 0.000133382 0.000118879 0.000117874 0.000117628 0.000117437 0.000141159 0.000137025 0.000117391 0.000117209 0.000114473 0.000113866 0.000122391 0.000112417 0.000110853 0.000109287 0.000108417
threshold=1.0997237569060776 0.1260686883449032 14.455555555555557 0.53853383458646631 0.22067748338303569 0.5234962406015039 141.50000000000003 116.50000000000001 145.25426731704283 0.20401921502516154 12.500000000000002 81.296109502628298 234.50000000000003 23.500000000000004 0.047733753888696863 -28.369060971984499 -0.67083425804661467 5.5000000000000009 63.062344496448333 55.500000000000007 -1.0000000180025095e-35 -0.77371456855007825 7.3358974358974374 210.28429979668522 0.72353976995991165 0.34886973641768743 0.47496371534007514 140.26542868578906 255.50000000000003 254.69325425706458 156.91751033401189 2.5448791714614503 -0.19274809160305342 1.8673632583431072 -1.0309351220422476 117.50000000000001 0.2326157034308082 21.775000000000006 0.0095129047125244882 9999.5000000000018 93.500000000000014 145.25426731704283 32.878688779353517 -21.737870116890324 20000.250000000004 -0.99387631741694837 141.50000000000003 298.44031559055043 20.500000000000004 82.500000000000014 183.50000000000003 -0.0032493928835392589 42.708333333333343 23.500000000000004 -0.078954434959579392 0.045097374584000989 0.13224167901839759 85.500000000000014 17.500000000000004 6.0555984555984566 2.2419017763845352 0.69054196264141032 31.479168344962932 0.19197956265114224 0.3281880112916235 -0.76240458015267165 39.215495036067331 -0.0033955955263461064 -0.32160593604634152 8.5000000000000018 2.2419017763845352 -19.628126670332858 22.500000000000004 -0.18594889479337437 -0.16646675053392232 63.500000000000007 0.0676205906916965 -0.41592745137744774 0.8449248120300753 -735.18884780404164 713.51215104698565 0.46652661064425777 12.500000000000002 0.20039329487206228 31.267857142857149 -0.075251568771552937 1.9402380952380958 73.822344832405733
decision_type=2 2 2 2 2 2 2 2 2 2 2 2 2 2 8 8 2 2 2 2 2 2 2 10 2 2 8 10 2 2 2 2 10 2 8 2 2 2 10 8 2 2 2 2 8 2 2 10 2 2 2 2 2 2 2 2 2 2 2 2 2 2 10 2 8 10 10 2 10 2 2 2 2 2 10 2 2 2 2 10 2 2 2 2 2 2 2 2
left_child=1 4 3 6 12 9 13 8 37 34 11 -7 55 22 19 31 66 84 33 49 -17 48 23 82 29 44 41 67 52 30 -12 40 53 56 36 81 43 -4 -21 -19 79 75 -20 -3 46 70 71 60 80 -6 -42 -31 -9 -33 -55 63 -15 58 -35 -60 -48 73 -27 -1 -16 74 -8 -18 -47 -56 -44 -22 -73 -38 -43 -23 -53 -78 -79 -5 -11 -36 -2 -84 -10 -70 -64 -72
right_child=2 5 7 15 14 10 16 28 17 21 24 -13 -14 18 64 20 27 39 42 38 25 26 -24 -25 -26 62 -28 -29 -30 51 -32 32 -34 57 35 -37 61 -39 -40 -41 50 65 45 -45 -46 68 47 -49 -50 -51 -52 76 -54 54 69 -57 -58 -59 59 -61 -62 -63 86 -65 -66 -67 -68 -69 85 -71 87 72 -74 -75 -76 -77 77 78 -80 -81 -82 -83 83 -85 -86 -87 -88 -89
leaf_value=-1.106916123425045e-05 4.3421570939115501e-05 -3.8769495383061701e-05 0.00011484498530752753 3.0074702264106222e-05 -8.9842003978712404e-05 -9.6861519982264501e-05 4.860290252568136e-05 0.00010553373272624087 0.00013273956906243944 1.4018140499486089e-05 5.8318015657166515e-05 6.4592652946535647e-05 6.3898466225802679e-05 4.0843100886117306e-05 -4.060064130967649e-05 5.1645197463197328e-05 0.00011442029671719088 0.00022483107734539042 7.1999907423274785e-05 -0.00010204405851535253 0.00013855433890695934 -1.7967398058925759e-05 8.7170340093881599e-05 9.4279088408710918e-05 7.6827834263852867e-05 0.00014877155444987443 -5.9648477816779641e-05 5.1807558715845779e-05 5.5223747689941688e-05 -2.1071752724822375e-05 0.00020394132015685254 0.00010081341303840168 7.4823215236314894e-05 0.0001059975302505165 3.1552236190604617e-05 1.2887588581258703e-05 4.9704778562726906e-05 0.00016539781089541198 -0.00021579735729299735 0.00033819451864578918 0.00015126625138238802 0.00013340307879804986 5.6058790229135076e-05 2.9405139168096203e-05 5.2643477670864543e-05 0.00015082917993320855 7.4997347522660944e-05 5.6150806853302605e-05 -2.6489955660189597e-05 -1.1777184261288633e-05 8.6160012744916276e-05 8.7946315237671431e-05 0.00015871221377332994 0.00023775334894987336 0.00011781752148261866 7.4539390275867449e-06 7.6171776123490332e-05 0.00011603422206323024 4.9414933623373637e-05 9.6945870215791219e-05 0.00010428386042891444 6.5567254457934721e-05 5.6150806853302605e-05 -7.3837483920708889e-05 1.7560382620868956e-05 4.6487818210025514e-05 2.4879204225135897e-05 7.3178506363112529e-05 0.00013693039111129754 0.00019067145878997466 7.0221874725947333e-05 5.3060099949669611e-05 0.00010398364566419646 1.4507081688419296e-05 5.3571144385611979e-05 3.4432299393705233e-05 7.1691050373052601e-05 2.1247947044202305e-05 6.6720481085191241e-05 9.8911922600911998e-05 -2.3587170798404001e-05 5.5928096399534707e-05 3.7940742097132706e-05 -2.8694006287209326e-05 0.00021158654415519493 8.4215131948582736e-05 0.00011769711408183348 0.00015431787059031783
leaf_weight=385 73 50 157 43 129 63 460 283 47 984 1264 54 200 218 232 247 101 45 107 46 109 67 137 56 901 151 34 1119 100 50 37 34 37 217 401 742 1289 327 45 46 132 44 65 450 127 212 364 213 170 47 71 54 85 55 56 746 322 195 218 118 431 632 41 48 63 244 659 583 101 64 35 61 591 121 36 216 105 423 88 76 112 501 49 113 50 96 142 42
leaf_count=385 73 50 157 43 129 63 460 283 47 984 1264 54 200 218 232 247 101 45 107 46 109 67 137 56 901 151 34 1119 100 50 37 34 37 217 401 742 1289 327 45 46 132 44 65 450 127 212 364 213 170 47 71 54 85 55 56 746 322 195 218 118 431 632 41 48 63 244 659 583 101 64 35 61 591 121 36 216 105 423 88 76 112 501 49 113 50 96 142 42
internal_value=5.62204e-05 3.13252e-05 8.5306e-05 7.72836e-05 -1.28817e-05 4.0732e-05 6.52924e-05 0.000143919 0.000171267 3.24352e-05 5.73346e-05 -2.15181e-05 7.56913e-06 8.21147e-05 -6.28905e-05 9.81075e-05 5.16581e-05 0.000227566 9.04567e-05 -0.000100517 9.08729e-05 1.54251e-05 4.44122e-05 2.39499e-05 6.0525e-05 9.52612e-05 3.59701e-05 6.22253e-05 0.000104442 5.33047e-05 6.25338e-05 0.000129487 0.000156341 7.87019e-05 4.02076e-05 3.0439e-05 4.65633e-05 0.000149199 -0.000159358 0.000283198 0.00010867 4.14853e-05 0.000113319 2.23943e-05 9.0084e-05 0.000121168 9.28265e-05 8.36508e-05 5.0991e-06 -6.95444e-05 0.000128971 3.6494e-05 0.000118079 0.00017031 0.00018326 -2.0683e-06 6.17305e-05 9.08247e-05 8.17605e-05 6.58197e-05 9.09963e-05 5.25286e-05 0.000124361 -1.82506e-05 -2.85075e-05 5.84815e-05 3.45452e-05 7.94096e-05 0.000132234 0.000157479 8.86123e-05 0.000104853 9.90711e-05 4.66157e-05 9.62705e-05 2.16851e-05 4.09342e-05 3.66561e-05 2.9268e-05 7.32257e-05 1.00871e-05 4.49842e-05 6.77925e-06 -9.13573e-06 0.000174379 0.000111732 0.000103691 0.000117348
internal_weight=20554 11073 9481 8341 1941 9132 5296 1140 672 6093 3039 117 1379 2374 562 3045 2922 188 1946 267 2477 1907 428 291 2922 2230 641 1803 468 2021 1301 568 246 1288 4186 1644 2542 484 91 91 322 607 658 500 1896 551 1769 1008 1266 176 203 720 368 209 175 1179 540 748 553 336 795 2042 334 433 295 324 1119 684 409 120 142 761 652 1410 80 283 670 616 511 119 1096 902 235 162 97 197 183 77
internal_count=20554 11073 9481 8341 1941 9132 5296 1140 672 6093 3039 117 1379 2374 562 3045 2922 188 1946 267 2477 1907 428 291 2922 2230 641 1803 468 2021 1301 568 246 1288 4186 1644 2542 484 91 91 322 607 658 500 1896 551 1769 1008 1266 176 203 720 368 209 175 1179 540 748 553 336 795 2042 334 433 295 324 1119 684 409 120 142 761 652 1410 80 283 670 616 511 119 1096 902 235 162 97 197 183 77
is_linear=0
shrinkage=1


Tree=1
num_leaves=89
num_cat=0
split_feature=20 20 20 19 52 19 31 26 20 31 20 20 1 24 31 7 31 1 55 1 1 29 55 31 16 20 43 31 36 54 31 19 19 55 31 31 30 4 19 1 52 20 20 29 16 45 42 55 20 54 22 52 19 52 20 20 55 55 45 1 16 20 12 20 4 31 47 52 20 20 54 40 31 55 20 52 40 19 7 22 27 52 40 55 50 16 24 4
split_gain=0.0122242 0.00377465 0.00365244 0.00270314 0.00161727 0.00113588 0.000997711 0.00082353 0.000764116 0.000723867 0.0010621 0.000685147 0.000664603 0.000653167 0.000622062 0.000577516 0.000553301 0.000513803 0.000473758 0.000449098 0.000470586 0.0004198 0.000417226 0.000353174 0.000350613 0.000342544 0.000424652 0.00033624 0.000295537 0.000291678 0.000282229 0.000406839 0.000310528 0.000281732 0.000271356 0.000263065 0.000247651 0.000246389 0.000235977 0.000271183 0.000300797 0.000234917 0.000232172 0.000231899 0.000228226 0.000225857 0.000216272 0.000208718 0.000207275 0.000194352 0.000189487 0.000189364 0.000184774 0.000183471 0.000182335 0.00018038 0.000173384 0.000197327 0.000163211 0.000162922 0.000181786 0.000162867 0.000178712 0.00016252 0.00015873 0.000151757 0.000151128 0.000143023 0.000166186 0.000141606 0.000133634 0.00013136 0.000128557 0.000147068 0.000127806 0.000143298 0.000127133 0.000124148 0.000123712 0.000118949 0.000138998 0.000117971 0.000117855 0.000116367 0.000116217 0.000109021 0.000107981 0.000117459
threshold=1.0997237569060776 0.1260686883449032 14.455555555555557 0.034013612733932781 0.22067748338303569 0.04361651913038856 116.50000000000001 -0.0060148481344392503 0.495432932932933 24.500000000000004 2.4353400222965447 2.6568921232876721 145.25426731704283 -80000.499999999985 222.50000000000003 0.047733753888696863 120.50000000000001 142.98807776211473 11587.000000000002 47.736172751610802 33.012391890439368 11.500000000000002 52079.500000000007 22.500000000000004 0.46334586466165417 0.68214487396683621 -0.0021668497807326155 141.50000000000003 -0.0034188134087615447 -10.228800252628558 118.50000000000001 -0.28604646571811537 -1.5336337479901656 3535.0000000000005 23.500000000000004 255.50000000000003 16.500000000000004 -0.31347871558595736 0.19508506581659549 630.88568920756143 0.26148092408849305 0.011560736560736562 5.5557275541795681 13.500000000000002 0.54605263157894746 0.0043956256279464876 0.0031529173183468821 11943.000000000002 21.775000000000006 0.87146255782622817 -0.69024743353514073 0.1135462117663896 -0.31520203538118702 0.18370058826235849 35.928571428571438 1.4204253013680077 52198.500000000007 55540.500000000007 -0.0016597521804047053 1337.1750026094032 0.48120300751879702 5.5557275541795681 -0.25667938931297701 0.27495019920318731 -0.23964398778902138 81.500000000000014 19.607843137262531 0.34498385841469054 0.46652661064425777 42.708333333333343 2.7212485057935476 -0.0015255539005771255 125.50000000000001 49008.500000000007 0.045097374584000989 0.19197956265114224 -0.0024110918947200517 -1.0006049028527426 0.3281880112916235 -0.70554385657044238 -5.8008262474112824 0.24559512179120904 0.0027229420378505069 6466.5000000000009 93.333333333333357 0.46334586466165417 999.99999999987233 -0.056087116286957985
decision_type=2 2 2 2 2 2 2 10 2 2 2 2 2 10 2 8 2 2 2 2 2 2 2 2 2 2 2 2 2 2 2 2 2 2 2 2 2 2 2 2 2 2 2 2 2 2 2 2 2 2 10 2 2 2 2 2 2 2 2 2 2 2 10 2 2 2 2 2 2 2 2 2 2 2 2 2 2 2 8 10 10 2 2 2 2 2 10 2
left_child=1 4 3 7 14 13 12 27 24 21 38 30 48 19 74 22 25 -18 29 20 -3 42 41 -10 46 26 50 34 -13 -14 31 86 -32 -21 43 69 -30 59 -11 40 51 -6 -5 -2 53 61 70 -44 -4 63 76 -40 -29 -25 -20 -42 -51 -58 85 67 -61 62 82 71 -27 -41 -64 68 -28 -8 -7 -26 73 -46 75 -1 -15 -66 79 80 -17 -33 -12 -73 -43 -38 87 -9
right_child=2 5 6 9 15 8 35 11 23 10 45 28 18 16 -16 78 17 -19 54 33 -22 -23 -24 44 49 64 37 52 36 -31 32 81 -34 -35 -36 -37 58 -39 39 65 55 84 47 -45 72 -47 -48 -49 -50 56 -52 -53 -54 -55 -56 -57 57 -59 -60 60 -62 -63 66 -65 77 -67 -68 -69 -70 -71 -72 83 -74 -75 -76 -77 -78 -79 -80 -81 -82 -83 -84 -85 -86 -87 -88 -89
leaf_value=-6.5441607690999923e-05 2.3117839387536751e-05 -7.2706898821513574e-05 5.6714767290314794e-05 -2.3047840045432698e-05 -0.0002104110118374478 -3.4169757280524202e-05 4.7717527986000661e-05 5.9577189390266052e-05 -8.0375918755945985e-05 2.4640336093799511e-05 5.3623047288867617e-05 7.1493757403001511e-05 0.00016212982354847446 -1.9459481538012164e-05 4.6083897870830482e-07 -8.8651613617525459e-05 -2.5627016356138609e-05 -6.2868135034995672e-05 8.3191238276683727e-05 -9.945851271812388e-05 -0.0002293794317110754 -5.6012383689834921e-05 -0.00024045078851421333 1.3627011325117497e-05 -8.623761134115597e-05 2.1326411991547535e-05 -2.0055826108711752e-05 -3.3411194819622561e-05 4.6509851584528918e-05 0.00030585325191741653 -2.8342450035678029e-05 3.5328706411067615e-06 4.9371667279989932e-06 2.936097267137978e-05 2.3212302355704625e-05 -8.9579489849773984e-07 -8.7187622774852285e-06 -5.2853369210069097e-05 0.0001268036307177997 -1.9316295603104206e-05 8.0346661460328926e-05 -0.00013075162172284215 0.00013420751255369958 -4.6844954479193308e-05 3.5877250087134753e-05 0.00014731653822901955 -5.9656707959524649e-05 1.6687219574627457e-05 0.00010556274039296599 -6.0628445182250462e-06 -0.00013183558954882863 4.6099877640027811e-05 -3.9990323684362159e-06 -1.160733519619687e-05 0.0001743092128522732 0.00017688650243297759 8.9465200505928617e-05 1.2505381634329639e-05 1.0561639780081878e-05 -1.8091018766732116e-06 8.2887609389701021e-05 0.00012590997504624034 8.7623887542313553e-05 -6.5696561924524819e-06 2.2724103631832341e-05 4.0651089222478602e-05 0.00016876173092817071 -7.3981624889075471e-05 1.4483093940537801e-05 9.910261117135223e-05 -3.9615931235405214e-06 -6.5071380467956674e-05 2.0708132411548955e-05 0.00011398341663759774 -4.8487069611395836e-05 -0.00013117387308540264 -8.369520892307039e-05 -1.8438186305597975e-05 -3.7288996563741156e-05 -3.9177034578237891e-05 -0.00016319418498311308 -5.6884392787301497e-05 0.00012275584183730638 -1.1558275534269552e-05 -6.5784336511856228e-05 3.7956234262185849e-05 8.0000432066020216e-05 2.6211965457394031e-06
leaf_weight=375 82 52 157 43 37 444 283 97 47 610 297 177 37 79 253 148 1272 642 68 36 41 103 51 983 57 348 608 675 502 36 458 240 1040 40 443 100 60 174 38 70 63 128 35 150 116 79 247 38 327 678 45 393 392 488 47 40 46 244 991 81 43 99 153 434 107 142 36 44 211 85 279 68 547 39 705 46 71 357 63 43 41 43 34 164 51 537 103 78
leaf_count=375 82 52 157 43 37 444 283 97 47 610 297 177 37 79 253 148 1272 642 68 36 41 103 51 983 57 348 608 675 502 36 458 240 1040 40 443 100 60 174 38 70 63 128 35 150 116 79 247 38 327 678 45 393 392 488 47 40 46 244 991 81 43 99 153 434 107 142 36 44 211 85 279 68 547 39 705 46 71 357 63 43 41 43 34 164 51 537 103 78
internal_value=6.78406e-08 -2.39931e-05 2.81791e-05 2.04255e-05 -6.67162e-05 -1.49017e-05 8.4825e-05 8.65621e-06 -3.77897e-06 5.18022e-05 5.80211e-05 1.6549e-05 0.000111258 -2.76501e-05 -4.69457e-05 -0.000115056 -2.4928e-05 -3.81691e-05 0.000165687 -9.28288e-05 -0.000142817 -6.08351e-06 -0.000151421 1.08038e-05 -1.59813e-05 -1.31936e-05 -2.35774e-05 -1.08888e-05 2.93435e-05 0.000234332 2.415e-06 2.28497e-05 -5.17325e-06 -3.0387e-05 7.63255e-06 4.66629e-05 2.57275e-05 -1.57353e-05 4.04946e-05 5.3329e-05 6.6223e-05 -0.000129953 3.74166e-05 -2.17001e-05 1.28204e-05 9.19313e-05 -3.21703e-05 7.43568e-05 8.99172e-05 -6.63773e-06 -6.97723e-05 5.34396e-05 -2.26962e-05 5.18988e-06 0.000121271 0.000118776 3.15714e-06 2.50461e-05 1.9097e-05 -9.09379e-06 2.67821e-05 8.47066e-05 7.66762e-05 -1.98854e-05 4.02788e-06 2.03946e-05 0.00010359 -1.43606e-05 -1.10395e-05 5.98491e-05 -2.26464e-05 -3.95477e-05 2.86721e-05 5.61534e-05 -5.76832e-05 -7.28534e-05 -5.05088e-05 -8.7377e-06 -8.18143e-05 -9.34886e-05 -0.000105334 -5.30561e-06 6.10164e-05 -2.76598e-05 -0.000112781 3.31034e-05 5.1859e-05 3.47434e-05
internal_weight=20554 11073 9481 8341 1941 9132 1140 6068 4881 2273 2054 4326 672 4251 1379 562 4082 1914 188 169 93 219 267 2220 2661 2168 1356 1742 2267 73 2059 561 1498 76 675 468 2090 1161 1356 746 534 216 116 232 2173 698 970 73 484 1691 195 431 1067 1471 115 103 968 290 1588 987 124 619 520 723 812 212 189 863 819 368 723 289 702 155 1126 421 150 464 295 232 189 283 331 232 179 597 278 175
internal_count=20554 11073 9481 8341 1941 9132 1140 6068 4881 2273 2054 4326 672 4251 1379 562 4082 1914 188 169 93 219 267 2220 2661 2168 1356 1742 2267 73 2059 561 1498 76 675 468 2090 1161 1356 746 534 216 116 232 2173 698 970 73 484 1691 195 431 1067 1471 115 103 968 290 1588 987 124 619 520 723 812 212 189 863 819 368 723 289 702 155 1126 421 150 464 295 232 189 283 331 232 179 597 278 175
is_linear=0
shrinkage=0.0337242


Tree=2
num_leaves=89
num_cat=0
split_feature=4 4 16 16 52 31 37 55 49 19 4 16 19 19 4 4 31 31 4 19 31 8 1 52 31 10 27 1 19 4 0 1 26 4 1 29 31 18 30 31 4 55 48 31 52 31 41 1 1 16 52 4 18 30 31 31 47 31 4 52 23 28 22 31 52 22 52 1 52 31 16 31 11 55 18 22 26 31 2 55 31 52 13 28 42 55 52 31
split_gain=0.00674723 0.00326378 0.00265067 0.00216775 0.00116358 0.000905193 0.000667901 0.000544101 0.000533467 0.0004843 0.000503142 0.000434006 0.000437423 0.000422526 0.000685299 0.000382014 0.00036164 0.000340665 0.00052134 0.000393148 0.000317345 0.000269636 0.000381184 0.000258778 0.000231169 0.000230436 0.000254047 0.000220548 0.000589261 0.000290525 0.000212503 0.000211745 0.000307708 0.000241031 0.000207137 0.000198618 0.000198278 0.000195685 0.000193816 0.000187502 0.000187458 0.000178333 0.000173083 0.000173072 0.000269107 0.000181182 0.000288271 0.000227845 0.000196175 0.000171754 0.000171372 0.000168181 0.000225115 0.000166935 0.000205836 0.000164788 0.000164385 0.000161728 0.00015904 0.000158733 0.000179858 0.000157666 0.000156851 0.000153401 0.000145544 0.000141989 0.000155533 0.000139049 0.000132938 0.000179206 0.000130765 0.000129709 0.000147025 0.000125426 0.000126063 0.00012624 0.000122361 0.000142983 0.000147083 0.000119048 0.000193037 0.000118864 0.000118073 0.000116952 0.00011625 0.000115823 0.000111884 0.000109052
threshold=-0.17652213239866579 -0.80723189552829433 0.53853383458646631 0.52537593984962416 0.210029832092993 118.50000000000001 0.0030511078011544739 54791.000000000007 70.269579942691067 0.096469916950116655 -0.0032435411837865333 0.86748120300751885 0.12858018487483494 -1.0000000180025095e-35 -0.0028124823336536822 -0.015058793600542708 234.50000000000003 123.50000000000001 -0.66849101136299394 -0.86858127919614947 86.500000000000014 1.2500000000000002 254.69325425706458 0.37221846521512597 198.50000000000003 -0.8515037593984961 -97.323144826611312 254.69325425706458 1.1037102318066874 -0.53656227033749782 109.50000000000001 156.91751033401189 -0.0011762176077657436 -0.054709141274238211 155.73442750757491 10.500000000000002 16.500000000000004 -0.17000686927961953 17.500000000000004 68.500000000000014 -0.49669992650799927 274.50000000000006 37.808241877478302 140.50000000000003 0.083429626368369758 49.500000000000007 0.0015898251192368875 624.12980367585646 60.945203375550221 0.15695488721804515 0.29080485207018447 -0.95239272994516355 0.24881398516752251 17.500000000000004 87.500000000000014 210.50000000000003 15.15151515150235 61.500000000000007 -0.0077025269941771706 0.25145972661420962 0.55000000000000082 0.99775511321496668 -0.96175894241174575 31.500000000000004 0.210029832092993 -0.90108590474142558 0.34498385841469054 114.38897919051099 0.20161792586349139 46.500000000000007 0.48402255639097752 122.50000000000001 -0.62881679389312961 6466.5000000000009 -0.082067617083668859 -0.86998040419993561 0.0045928669676150655 20.500000000000004 -0.044121442811317767 18080.500000000004 20.500000000000004 0.24870785137133392 -0.044270639521215495 0.99775511321496668 0.0037878787878787849 41333.500000000007 0.21911030697893061 101.50000000000001
decision_type=2 2 2 2 2 2 2 2 2 2 2 2 2 2 2 2 2 2 2 2 2 8 2 2 2 2 10 2 2 2 2 2 8 2 2 2 2 8 2 2 2 2 2 2 2 2 2 2 2 2 2 2 8 2 2 2 2 2 2 2 8 2 10 2 2 10 2 2 2 2 2 2 8 2 10 10 8 2 2 2 2 2 10 2 2 2 2 2
left_child=1 4 5 6 16 9 17 21 34 10 20 12 23 15 43 30 70 18 42 55 31 22 82 -5 40 26 62 28 39 35 -4 33 37 36 49 -29 -2 -33 -22 -14 -21 -11 -3 44 -15 -46 47 48 -47 -7 71 -24 -53 83 -55 -19 85 76 -36 60 -13 -10 -20 -27 -62 66 -61 -51 -58 -70 -1 72 -8 74 75 -12 77 81 -79 -17 -81 -35 -6 -28 -52 -43 -45 -40
right_child=2 3 13 11 7 8 50 -9 61 41 73 59 27 14 -16 79 -18 19 25 24 38 -23 51 -25 -26 63 53 29 -30 -31 -32 32 -34 57 58 -37 -38 -39 87 -41 -42 56 -44 86 45 46 -48 -49 -50 67 84 52 -54 54 -56 -57 68 -59 -60 65 64 -63 -64 -65 -66 -67 -68 -69 69 -71 -72 -73 -74 -75 -76 -77 -78 78 -80 80 -82 -83 -84 -85 -86 -87 -88 -89
leaf_value=-6.4832872837229988e-05 -6.9237283093885398e-05 -7.0855921397362025e-05 3.2898139246103731e-05 -6.1917607329857448e-06 -5.8292519348438377e-05 -1.8876932808075245e-05 -2.9900917000913518e-05 -0.000207436523863727 -8.6392411044911032e-06 6.1851783012262946e-06 6.6316528322623355e-05 3.3555520590092593e-05 9.5286639912820089e-05 0.00015226069817830329 0.00019998241472960845 7.5357498598566125e-05 8.7478260662295169e-06 -7.3006065433281066e-05 5.4193568324913952e-05 -4.6809997735495404e-05 8.6109702655032505e-06 -8.7754693785483308e-06 -0.00019765655076639743 -8.1220189039290133e-05 -8.5705187784613438e-06 -8.1243251161037275e-05 9.4241635072720325e-06 -9.2145686001345718e-06 0.00016248870375982431 2.1367320259099233e-05 -7.9012297531335844e-06 7.3695777767009236e-05 0.00010209742464845455 -1.1258952254996516e-05 -8.7711876147641323e-06 -8.2765876460872098e-05 -1.0155837229279643e-05 -4.7466919135481671e-06 7.6301223750959167e-05 1.8747909866315495e-05 -2.1253265928379416e-05 7.2045712788564208e-05 -2.6857363091494005e-05 3.3312513552777868e-05 3.8452874875988187e-05 5.3556647486298383e-05 0.00015940366131475496 1.3997675774140155e-05 0.00011750780864685366 1.8441955906363202e-05 -5.7337955947939097e-05 -0.00014780998579774936 -5.5602514218657517e-05 -3.3766050283862545e-05 3.8714212992510887e-06 -2.5720776944320096e-05 6.1359704586071582e-05 4.5108599492390953e-05 2.4809715736946794e-05 5.2955501698053249e-05 9.7898483896657001e-06 -3.2032759646541865e-05 1.1107453970619835e-05 -1.5600330984730925e-05 -6.6576851928112183e-05 3.4669476979309927e-05 0.00014877329667600643 4.970013938304268e-05 7.7946568170017655e-05 0.00017548379681399699 -3.7819940857158138e-05 -6.4044729056689624e-05 4.9566255097589753e-05 4.1394680561565026e-05 3.9387995111256262e-05 0.00016438729561453101 5.5944041598985316e-05 3.3660202969258025e-05 -1.0074817188016712e-05 -1.3267756593000965e-05 5.6612675548678669e-05 -8.85339865483674e-05 -0.00011860104789170534 -2.9139512729483941e-05 -0.00010270778776263773 0 7.1129821861555228e-05 1.5770291907474836e-05
leaf_weight=362 79 134 985 1210 201 106 113 52 1213 58 35 474 39 46 42 309 141 259 130 477 132 44 43 55 1078 61 737 171 36 333 166 46 56 79 687 57 391 161 153 780 1125 49 492 338 196 125 47 73 110 703 294 95 50 389 280 135 100 130 209 56 117 459 404 136 37 147 34 219 57 41 540 86 34 220 45 34 45 150 205 52 255 34 51 101 93 49 132 49
leaf_count=362 79 134 985 1210 201 106 113 52 1213 58 35 474 39 46 42 309 141 259 130 477 132 44 43 55 1078 61 737 171 36 333 166 46 56 79 687 57 391 161 153 780 1125 49 492 338 196 125 47 73 110 703 294 95 50 389 280 135 100 130 209 56 117 459 404 136 37 147 34 219 57 41 540 86 34 220 45 34 45 150 205 52 255 34 51 101 93 49 132 49
internal_value=1.24895e-07 -1.67069e-05 2.23055e-05 -9.64909e-06 -6.18082e-05 9.51539e-06 -2.11407e-05 -0.000102313 -1.16099e-06 2.55658e-05 1.91901e-05 1.15763e-05 4.83227e-06 4.89283e-05 6.53709e-05 3.8554e-05 -4.09001e-05 -1.76389e-05 -9.21738e-06 -2.54538e-05 1.17242e-05 -9.08186e-05 -9.88033e-05 -9.53028e-06 -2.07726e-05 -1.56244e-06 1.75441e-06 1.77315e-05 2.85175e-05 1.12058e-06 2.693e-05 4.4876e-06 3.17234e-05 -1.86133e-06 1.09187e-05 -2.80264e-05 -2.02922e-05 1.22181e-05 4.12479e-05 2.25106e-05 -2.89232e-05 6.21061e-05 -3.643e-05 5.99817e-05 7.2292e-05 6.54404e-05 8.00683e-05 6.76481e-05 8.39026e-05 2.1253e-05 -5.45224e-05 -0.000135716 -0.000116681 -5.27659e-06 -1.7869e-05 -5.70496e-05 7.27371e-05 1.14604e-05 -8.30263e-07 3.23672e-05 2.32283e-05 -1.51191e-05 2.17776e-05 -3.6417e-05 -7.93038e-06 5.61753e-05 9.02275e-05 2.59715e-05 9.07429e-05 0.000119739 -4.87682e-05 -3.09073e-05 -1.08632e-05 5.71244e-05 8.6632e-05 0.000116042 2.74511e-06 -2.16365e-06 8.1325e-06 6.01165e-05 4.44614e-05 -3.53653e-05 -7.08814e-05 4.66093e-06 -6.84906e-05 3.53714e-05 4.41392e-05 6.20965e-05
internal_weight=20553 11683 8870 10104 1579 5994 6558 536 3596 2398 2044 3546 2681 2876 1109 1767 1043 5938 2864 3074 1710 484 440 1265 2680 2238 2041 1416 855 561 1151 1376 263 1113 1924 228 470 207 334 819 1602 354 626 1067 597 551 355 308 235 1028 620 188 145 1507 669 394 296 643 896 865 628 1672 534 197 154 237 90 922 198 98 902 233 147 334 114 69 513 468 355 616 307 113 252 838 387 98 470 202
internal_count=20553 11683 8870 10104 1579 5994 6558 536 3596 2398 2044 3546 2681 2876 1109 1767 1043 5938 2864 3074 1710 484 440 1265 2680 2238 2041 1416 855 561 1151 1376 263 1113 1924 228 470 207 334 819 1602 354 626 1067 597 551 355 308 235 1028 620 188 145 1507 669 394 296 643 896 865 628 1672 534 197 154 237 90 922 198 98 902 233 147 334 114 69 513 468 355 616 307 113 252 838 387 98 470 202
is_linear=0
shrinkage=0.0337242


Tree=3
num_leaves=89
num_cat=0
split_feature=20 20 20 52 31 31 31 25 24 25 20 27 52 7 1 1 31 55 52 27 1 55 27 27 31 20 52 40 20 31 27 5 27 48 31 48 31 52 43 11 27 24 31 31 20 37 22 2 20 0 27 4 52 0 20 20 1 31 17 27 37 31 27 4 55 20 1 52 55 9 20 20 9 50 55 20 1 53 27 48 27 54 50 11 43 52 20 31
split_gain=0.0119805 0.00328595 0.00315866 0.00153756 0.00150936 0.00130242 0.0010497 0.000899161 0.000769086 0.000740463 0.000713673 0.000711213 0.000706368 0.000693486 0.00066898 0.000619404 0.000567929 0.000545414 0.000542417 0.000505078 0.000425287 0.000406049 0.000395748 0.000407415 0.000405983 0.000371549 0.000343159 0.000311846 0.000311011 0.000302348 0.000299439 0.000286489 0.000273523 0.000270212 0.000253784 0.000243101 0.000333782 0.000242152 0.000218369 0.000201805 0.000221099 0.000199258 0.000197564 0.000185678 0.000184802 0.000179154 0.000338585 0.00017403 0.000172789 0.000171356 0.000168445 0.000164628 0.000163897 0.000161335 0.000150416 0.000150369 0.000202395 0.000157229 0.000149476 0.000140397 0.000140376 0.000135331 0.000133579 0.000255474 0.000133121 0.000132913 0.000131536 0.000129049 0.000127068 0.000126963 0.000126896 0.000125546 0.000122085 0.000121439 0.000121246 0.000119067 0.00011991 0.000118414 0.000117079 0.000116473 0.000115864 0.000114162 0.000112384 0.00012294 0.000110042 0.000109361 0.000108771 0.000116716
threshold=1.0997237569060776 0.18526500638569607 13.455555555555557 0.210029832092993 141.50000000000003 23.500000000000004 102.50000000000001 -0.50468163167488422 -50000.749999999993 -0.50262329198501032 2.3204505850136923 223.00245300065689 0.31407658132525668 0.035522165572070524 79.012095259468339 145.25426731704283 234.50000000000003 2909.5000000000005 0.20851911280123658 -8.116330460902434 368.72289876228905 51841.500000000007 1.1498150969360046 -869.29289306857436 115.50000000000001 6.0555984555984566 0.38022810865057005 -1.0000000180025095e-35 0.016032128514056228 86.500000000000014 320.96259406060148 -0.0098006836064954087 -0.64628367572589607 71.212438219638557 255.50000000000003 63.817939278629879 47.500000000000007 0.20161792586349139 -0.0037854904658183304 -0.41125954198473275 188.76794548487752 999.99999999999659 118.50000000000001 84.500000000000014 0.495432932932933 -0.0021762811404755218 -0.79383372441856992 -0.0046244455624706192 42.708333333333343 425.50000000000006 1.0000000180025095e-35 -0.40479959296738083 0.18716310343696127 13.500000000000002 0.087046725599855684 3.4935376967688487 629.37401662353466 203.50000000000003 -0.26893595857347646 -194.1265310187282 0.0036429885925279852 126.50000000000001 5.6232933308119328 -0.25363220080275872 50152.500000000007 0.050096525096525103 39.063555081836476 0.19197956265114224 50667.000000000007 -0.33874045801526714 0.7743476287724077 42.708333333333343 -0.15458015267175571 11.111111111111557 4756.5000000000009 1.7581531371853953 114.42232017728261 36.581540514232408 0.45666292558473037 99.486737467780785 46.422375338717607 14.330894703712039 33.333333333333371 -0.8482824427480915 0.0034542417372628313 0.21911030697893061 0.098392926294049318 82.500000000000014
decision_type=2 2 2 2 2 2 2 2 10 2 2 10 2 8 2 2 2 2 2 10 2 2 10 8 2 2 2 2 2 2 10 2 10 2 2 2 2 2 2 10 8 10 2 2 2 2 10 2 2 2 10 2 2 2 2 2 2 2 8 10 2 2 10 2 2 2 2 2 2 10 2 2 10 2 2 2 2 2 10 2 10 2 2 10 2 2 2 2
left_child=1 3 4 16 5 20 15 80 14 12 29 38 32 21 18 48 65 -16 -3 35 25 28 23 60 45 30 43 -15 -5 41 67 -17 52 78 71 72 74 53 -9 40 -33 62 -34 47 82 46 -24 64 58 54 -14 61 70 -38 -29 56 -13 -57 -4 -54 79 -46 63 -7 66 -1 -21 -2 -35 -68 -10 -8 -12 -64 -37 -69 -77 -47 -31 -11 -6 -79 -25 -84 -52 -80 87 -30
right_child=2 8 6 13 7 10 34 11 9 22 19 55 50 27 17 31 -18 -19 -20 26 -22 -23 24 44 -26 -27 -28 49 86 33 -32 39 42 68 -36 36 37 -39 -40 -41 -42 -43 -44 -45 51 77 -48 -49 -50 -51 84 -53 59 -55 -56 57 -58 -59 -60 -61 -62 -63 73 -65 -66 -67 69 75 -70 -71 -72 -73 -74 -75 -76 76 -78 81 85 -81 -82 -83 83 -85 -86 -87 -88 -89
leaf_value=-6.2114886712081929e-05 -1.6299056058776549e-05 -4.7024117689276201e-05 0.00013655659818070785 -0.00017994559737149424 -6.4526922772764604e-06 1.7940023342221372e-05 4.4305597972196028e-05 6.7857071289830157e-05 -7.5413904928911068e-06 -8.7949920312168871e-06 7.0885826879007278e-05 2.981478440914053e-06 -4.3678262516217061e-05 -0.00015019854140492755 -8.4582760336272321e-05 8.9721046469866628e-05 6.3222446160353376e-06 4.9835229441000216e-05 -0.00020025485142305879 3.3156213819935552e-05 4.5802736524685892e-05 -0.000210116487457734 0 -1.9274331815665072e-05 -4.0052868718309631e-05 1.7170545068093979e-05 0.00012737262444342099 -9.0841641605002966e-05 -0.00012605829303320232 4.941859106862706e-05 3.9757073271544308e-05 0.00028073400920343802 -1.4788857160501211e-05 9.5731886084818077e-05 -1.6247919152840185e-06 1.4986806477321723e-05 0.00016716819368956323 0.00019695101167233474 2.6369861985726932e-05 0.00012481914266671815 0.00016396467691024623 4.8092731297409381e-05 -4.6230921321338004e-05 6.3208040095044074e-05 6.8995093880963915e-05 -9.8539274308743061e-06 -0.00011296342727169342 1.6193313111633486e-05 0.00011482037143497733 3.8537906634084638e-06 -6.5967559549069351e-05 1.6485689661918549e-05 3.008662513513922e-05 7.081155434245483e-05 -4.9507539142971877e-05 3.3542171730341961e-05 -3.0277444480552446e-05 -3.0620627339941152e-06 6.281347747904683e-05 -3.1427909641173877e-05 -6.4846741724647097e-05 2.3056275074317488e-05 -7.8169530295775702e-06 -3.9009002223788704e-05 2.1175114123426966e-05 -4.0058288885495483e-05 0.00010458246233769581 -0.00011316582794745862 3.6470349401993932e-05 3.2620165174374106e-05 1.77130190620338e-05 8.9526995154478391e-05 6.638460167631946e-06 3.9253937155214161e-05 8.7462242822940287e-05 -7.2256629386834812e-05 -4.6656288156128164e-06 6.873472669538149e-06 4.9537931210063322e-06 3.9195345690373855e-05 -2.8348400537659342e-05 5.565638133221738e-05 5.4595274315104928e-05 4.0196087780665691e-06 -0.00013508043093905092 4.6354285675681797e-05 -4.1981700518442804e-05 -4.7736864581654139e-05
leaf_weight=463 74 49 38 62 499 180 342 163 1360 1134 242 488 560 52 73 55 267 64 62 108 127 67 88 185 515 168 57 190 94 221 41 39 469 132 112 40 34 59 1573 48 48 140 464 329 158 486 47 393 167 39 114 641 45 62 249 223 357 322 305 447 49 151 95 176 143 1139 105 57 69 44 270 96 43 166 102 112 45 389 251 60 651 65 66 352 40 106 47 34
leaf_count=463 74 49 38 62 499 180 342 163 1360 1134 242 488 560 52 73 55 267 64 62 108 127 67 88 185 515 168 57 190 94 221 41 39 469 132 112 40 34 59 1573 48 48 140 464 329 158 486 47 393 167 39 114 641 45 62 249 223 357 322 305 447 49 151 95 176 143 1139 105 57 69 44 270 96 43 166 102 112 45 389 251 60 651 65 66 352 40 106 47 34
internal_value=1.21372e-07 -2.36209e-05 2.80433e-05 -5.59755e-05 2.04123e-05 3.55301e-05 7.80072e-05 6.52689e-06 -1.32019e-05 -1.14086e-05 4.39909e-05 1.59235e-05 -2.23734e-05 -9.41336e-05 -7.17813e-05 0.000105496 -3.88965e-05 -2.10834e-05 -0.000133483 5.86918e-05 -9.01867e-06 -0.000135088 -1.96421e-06 5.64969e-06 -1.5414e-05 -2.32219e-05 4.58227e-05 -7.04604e-05 -0.00011347 2.70736e-05 -4.41415e-05 0.000158079 -1.52707e-05 4.18719e-05 4.28457e-05 8.45955e-05 0.000106402 0.00014121 3.03209e-05 0.000185212 0.000217421 1.17175e-05 -3.05292e-05 4.15937e-05 1.71877e-05 -3.52031e-06 -3.98772e-05 3.25044e-05 8.57169e-05 -6.15837e-05 -5.26284e-05 2.64667e-05 -8.51626e-06 0.000105945 -6.76172e-05 -1.98813e-06 -1.09555e-05 1.17381e-05 7.12651e-05 -2.56051e-05 -8.68809e-06 4.68589e-05 3.30714e-06 -9.94304e-06 4.82884e-05 -4.64933e-05 6.29986e-05 -5.64211e-05 7.58693e-05 8.39806e-05 -3.29884e-06 5.44378e-05 6.15315e-05 2.17505e-05 6.77273e-05 -6.98434e-05 -5.34991e-05 1.59834e-06 2.9882e-05 -6.30246e-06 -1.89316e-05 1.40707e-05 2.4087e-06 1.22365e-05 -8.45467e-05 1.75171e-05 -8.93657e-05 -0.000106009
internal_weight=20553 11106 9447 2703 8197 3921 1250 4276 8403 8155 3297 3126 3769 834 248 700 1869 137 111 1761 624 304 4386 2796 1590 497 1179 530 237 1536 329 190 3055 779 550 582 297 155 1736 135 87 757 933 1122 1553 1075 135 793 510 478 714 950 2122 96 439 1390 845 545 343 492 1243 309 617 356 400 1602 257 288 201 149 1630 438 285 261 142 214 157 940 578 1194 1150 454 603 418 154 357 175 128
internal_count=20553 11106 9447 2703 8197 3921 1250 4276 8403 8155 3297 3126 3769 834 248 700 1869 137 111 1761 624 304 4386 2796 1590 497 1179 530 237 1536 329 190 3055 779 550 582 297 155 1736 135 87 757 933 1122 1553 1075 135 793 510 478 714 950 2122 96 439 1390 845 545 343 492 1243 309 617 356 400 1602 257 288 201 149 1630 438 285 261 142 214 157 940 578 1194 1150 454 603 418 154 357 175 128
is_linear=0
shrinkage=0.0337242


Tree=4
num_leaves=89
num_cat=0
split_feature=4 4 16 16 52 31 25 37 4 4 23 19 4 55 19 19 19 25 52 9 4 27 31 1 18 38 4 16 40 4 31 25 16 1 52 52 31 31 52 19 19 22 19 18 29 31 52 31 54 17 27 0 1 54 22 16 44 17 4 12 31 0 1 1 31 31 44 54 52 10 0 54 18 49 17 13 31 51 16 28 51 48 26 17 15 31 55 2
split_gain=0.00558768 0.00291043 0.00240354 0.00158513 0.00104176 0.000903904 0.000745304 0.000590845 0.000464494 0.000436044 0.000433912 0.000400743 0.00037221 0.000371675 0.000361232 0.000348764 0.000335095 0.000302385 0.000406343 0.000282605 0.000280454 0.000265485 0.000260852 0.000279286 0.000318775 0.000255351 0.000245992 0.000242021 0.000240258 0.000232658 0.000323935 0.000229259 0.000226794 0.000221375 0.000218412 0.000217315 0.000212342 0.000197334 0.000194441 0.000189084 0.000184621 0.000175092 0.000174573 0.000174486 0.000178087 0.00028008 0.000167456 0.000224735 0.000167288 0.000164571 0.000163981 0.000162358 0.000160879 0.000160262 0.000158817 0.000157294 0.000172901 0.000150686 0.000146225 0.000145769 0.000145629 0.000158163 0.000140353 0.000314471 0.000131311 0.000178655 0.000129135 0.000130191 0.00012246 0.000122438 0.000121802 0.000117497 0.000116408 0.000133836 0.000115096 0.000113563 0.000129131 0.000110958 0.00010944 0.000109024 0.000108621 0.000108403 0.000117462 0.000107651 0.000107276 0.000103646 0.000102605 0.000102508
threshold=-0.21446944428741022 -0.83093306574707437 0.53853383458646631 0.52819548872180466 0.210029832092993 118.50000000000001 -0.66666666666665864 0.0032077005391611961 -0.015058793600542708 -0.0037275990728701442 0.55000000000000082 0.03578893547578766 -0.93329894284583614 -2097.4999999999995 0.045417991147377997 -0.020495093673067896 0.027249287750612087 -0.65986974327972403 0.20851911280123658 -0.24332061068702285 -0.0028124823336536822 -38.495952281963589 63.500000000000007 156.91751033401189 -0.16790781304324295 0.003733666660471036 -0.093603369325569549 0.86748120300751885 0.0015026304499988765 -0.71448357736446366 117.50000000000001 -0.98410207284395224 0.83176691729323327 270.39168624394995 0.098870369548376191 0.360630730652578 234.50000000000003 30.500000000000004 0.17072890755403744 -0.91619277091865559 0.014625994343511197 -0.74770171550521203 -0.20640268518456037 -0.56520295543717436 8.5000000000000018 97.500000000000014 0.22715278170647726 24.500000000000004 37.527062401327981 -0.067649059418975435 52.96167894055818 4.5000000000000009 254.69325425706458 2.4655278470312383 -0.72515466155348929 0.88251879699248137 0.0016220610831632067 -0.19531501418916938 -0.0077025269941771706 -0.9627862595419846 22.500000000000004 84.500000000000014 255.04151438920454 158.35226978493978 114.50000000000001 18.500000000000004 0.0019474215153101329 3.9908901897674807 0.24342507069695665 -0.5272556390977442 8.5000000000000018 2.8883310689565174 -0.51146897017203852 57.292644884721447 -0.031907346186477857 -0.080501487805369518 123.50000000000001 83.33333333333394 0.4953007518796993 0.98524558338186818 22.222222222224897 54.806962477260278 -0.003997887547725106 -0.2026948450893771 0.16356834169258902 39.500000000000007 42172.000000000007 0.044006637015555246
decision_type=2 2 2 2 2 2 2 2 2 2 10 2 2 2 2 2 2 2 2 8 2 8 2 2 10 2 2 2 2 2 2 2 2 2 2 2 2 2 2 2 2 8 2 10 2 2 2 2 2 10 10 2 2 2 8 2 2 10 2 10 2 2 2 2 2 2 2 2 2 2 2 2 10 2 10 8 2 2 2 2 2 2 10 10 10 2 2 2
left_child=1 4 5 7 36 9 31 17 16 13 12 32 52 25 22 53 49 18 21 72 -17 -3 23 46 38 87 -16 48 55 51 69 40 35 83 41 64 -1 -28 -25 -32 -7 -24 70 44 45 -20 -15 -48 62 -4 -49 -19 -6 60 -30 56 -18 -11 -35 -54 61 -10 63 -13 65 -5 67 -64 -51 78 -9 -53 -14 -74 -29 76 -34 -23 -31 -36 -70 -80 -83 -8 -26 86 -45 -2
right_child=2 3 8 11 10 6 33 42 15 57 -12 27 19 14 26 20 28 29 43 -21 -22 77 34 24 84 -27 37 74 54 30 39 -33 75 58 79 -37 -38 -39 -40 -41 -42 -43 -44 85 -46 -47 47 50 -50 68 -52 71 59 -55 -56 -57 -58 -59 -60 -61 -62 -63 66 -65 -66 -67 -68 -69 80 -71 -72 -73 73 -75 -76 -77 -78 -79 81 -81 -82 82 -84 -85 -86 -87 -88 -89
leaf_value=-4.7928725150803241e-05 3.9404898087221567e-06 2.1949310765639334e-06 9.8533885941097868e-06 -6.2162964042935804e-05 -9.9119123567104151e-05 -2.0692081124920811e-05 3.5747585887113486e-06 -0.00014250732715953682 5.2976170357160604e-05 0.00011354972656653082 -0.00019627806995983139 1.3649552932075224e-05 -5.4953816142133307e-05 3.2858151388839458e-06 2.5609264600380436e-05 7.9169234041271457e-05 2.5813681758859065e-05 -6.2949270580209954e-05 8.7272487062798541e-05 -4.9337816286040988e-06 0.00017836160986188255 -2.9722888490591031e-05 3.5330027344527076e-05 2.5577157000667356e-05 -2.0144960833115401e-05 -0.00010576627619159165 2.1755386215501902e-05 5.2724348433554469e-05 6.6694515183452562e-05 2.3275241182104972e-06 -4.6585516060712042e-05 -4.7363814467910054e-05 3.3673525736496127e-05 -1.0070988346792334e-05 2.9045353048853208e-05 -8.8488104820199433e-05 0 0.00010003088243370624 0.00013456148168087338 -1.0995293410825774e-05 7.5303736365659125e-06 0.00012503113345899521 -4.3761185571640848e-05 -5.3779238607823388e-05 -4.302369981691414e-05 -3.723034794185835e-05 -7.2165694822947982e-05 -2.7502333724737283e-05 7.8034206585349744e-05 2.4772314396797001e-05 5.8303133828234912e-05 -4.51602234892412e-05 -0.00011363008667676373 9.2729528208937797e-05 0.00015370087683598676 6.1014993245071553e-05 0.00010065958860420396 4.7429415785674827e-05 2.3952351867477674e-05 -0.00021762175887369008 5.2336421554080226e-05 -4.0148729830020545e-05 -9.3754330652951478e-06 0.00011820445527542693 -3.7244313474456568e-05 8.3177982050002096e-06 -3.4763072395771621e-05 3.0429470988452154e-05 2.4416949445212803e-05 -4.5559302000514205e-05 -6.3902553757167507e-05 1.0156238529204933e-05 -5.8559663072749681e-05 -0.00014093295446574201 1.0196070480736522e-05 -3.9329019196554362e-05 -2.5596664551295531e-06 -1.0322711392101474e-05 4.5168330279473684e-06 -1.312941192497263e-05 7.0613233602555698e-05 9.4479573687419213e-05 2.8204943567107023e-05 2.4616281495613907e-05 5.0839490076892132e-05 -5.3938251554060457e-05 -0.00013987029959854094 -4.9814327680246023e-05
leaf_weight=739 182 580 579 48 88 1164 411 39 39 48 53 1137 85 525 239 123 501 142 34 67 48 1191 61 35 78 35 55 286 85 707 206 289 209 730 378 52 120 135 47 1055 335 47 433 34 301 51 91 85 43 616 36 76 34 99 38 353 39 317 178 40 447 44 255 34 197 273 121 146 103 46 72 98 41 68 105 49 231 491 171 82 160 40 166 924 35 255 40 51
leaf_count=739 182 580 579 48 88 1164 411 39 39 48 53 1137 85 525 239 123 501 142 34 67 48 1191 61 35 78 35 55 286 85 707 206 289 209 730 378 52 120 135 47 1055 335 47 433 34 301 51 91 85 43 616 36 76 34 99 38 353 39 317 178 40 447 44 255 34 197 273 121 146 103 46 72 98 41 68 105 49 231 491 171 82 160 40 166 924 35 255 40 51
internal_value=-9.54405e-08 -1.69216e-05 1.82249e-05 -1.0301e-05 -6.35352e-05 6.47828e-06 -3.45606e-06 -2.02035e-05 4.18502e-05 2.21465e-05 -0.00010369 9.0261e-06 -9.18601e-05 1.64135e-05 2.16082e-05 6.43291e-05 3.45423e-05 -1.69652e-05 -2.44008e-05 -6.61917e-05 0.000107578 -1.73277e-05 1.3714e-05 2.62181e-06 3.85864e-05 -2.06164e-05 4.89852e-05 1.74797e-05 4.9501e-05 -8.75222e-06 -5.1108e-06 -1.97154e-05 -7.86171e-06 9.46189e-06 3.17444e-05 -2.23654e-05 -4.11718e-05 7.78809e-05 8.92226e-05 -1.68861e-05 -1.43204e-05 7.52617e-05 -5.38616e-05 -4.66422e-05 -3.07814e-05 1.14337e-05 -6.76276e-06 -3.21031e-05 1.20025e-05 2.40521e-05 -1.17458e-06 -3.5999e-05 -0.000132618 5.24178e-05 9.43605e-05 4.32139e-05 3.13982e-05 5.63895e-05 -3.29476e-06 -0.000171148 4.47055e-05 2.44421e-06 1.02682e-05 1.67679e-05 -1.55409e-05 -1.92029e-06 -4.12714e-06 4.87609e-06 3.32948e-05 7.94402e-06 -9.23914e-05 -1.34495e-05 -8.68495e-05 -0.000110835 4.15509e-05 8.84672e-06 1.44314e-05 -2.41172e-05 1.03036e-05 2.13171e-05 5.28887e-05 2.50051e-05 4.15431e-05 1.82107e-05 9.86025e-07 -6.49571e-05 -0.000101621 -7.41076e-06
internal_weight=20616 10749 9867 9414 1335 6593 4031 6228 3274 2562 476 3186 423 2197 1929 800 2474 5684 2977 261 171 2262 1500 932 195 268 429 2127 1016 2707 2391 1788 1059 2243 568 570 859 190 82 1261 1499 108 544 715 386 85 737 212 1736 1458 121 316 162 629 123 893 540 365 908 74 530 83 1693 1171 518 321 522 401 879 1130 111 174 194 109 391 489 440 1682 1084 460 263 377 206 1335 113 329 74 233
internal_count=20616 10749 9867 9414 1335 6593 4031 6228 3274 2562 476 3186 423 2197 1929 800 2474 5684 2977 261 171 2262 1500 932 195 268 429 2127 1016 2707 2391 1788 1059 2243 568 570 859 190 82 1261 1499 108 544 715 386 85 737 212 1736 1458 121 316 162 629 123 893 540 365 908 74 530 83 1693 1171 518 321 522 401 879 1130 111 174 194 109 391 489 440 1682 1084 460 263 377 206 1335 113 329 74 233
is_linear=0
shrinkage=0.0337242


Tree=5
num_leaves=89
num_cat=0
split_feature=4 4 16 16 52 31 25 37 7 4 4 19 55 55 19 19 19 25 52 4 27 16 40 4 31 31 16 25 4 1 18 31 48 52 31 1 31 45 51 19 18 29 31 19 52 31 27 31 27 29 41 31 30 22 16 44 4 18 19 13 4 55 55 1 16 31 31 2 45 1 22 37 12 4 31 53 40 24 13 31 51 3 51 28 55 19 16 31
split_gain=0.00522063 0.00271904 0.00224511 0.00148045 0.000973952 0.000845392 0.000695994 0.000551855 0.000516547 0.00043351 0.000416499 0.000374547 0.000353057 0.000330293 0.000385072 0.000325455 0.000312841 0.00028245 0.000379633 0.000261261 0.000248014 0.000227704 0.000224231 0.000218676 0.000313358 0.000211945 0.000211694 0.00021021 0.000207542 0.000207472 0.000259172 0.000253699 0.000203945 0.000202781 0.000198386 0.000186083 0.000179877 0.000169957 0.000166062 0.000162912 0.00016286 0.000166215 0.000261571 0.000160219 0.000156389 0.000209826 0.000154531 0.000194916 0.000153114 0.000153041 0.000149092 0.000148304 0.00015141 0.000147763 0.000146559 0.000161262 0.000146266 0.000163209 0.000142832 0.000142374 0.000142014 0.000132027 0.000131182 0.00014454 0.000130564 0.000122622 0.000168373 0.000122172 0.000118218 0.000119066 0.000115139 0.000113887 0.00015217 0.000113578 0.00011261 0.000110005 0.000107863 0.000107689 0.000106051 0.000120648 0.000104404 0.000104132 0.000103467 0.000102606 0.000101203 0.000101403 0.000100837 9.66164e-05
threshold=-0.21446944428741022 -0.83093306574707437 0.53853383458646631 0.52819548872180466 0.210029832092993 123.50000000000001 -0.66666666666665864 0.0032077005391611961 0.15954459039059801 -0.015058793600542708 -0.0037275990728701442 0.03578893547578766 52079.500000000007 -2299.9999999999995 0.045417991147377997 -0.020495093673067896 0.027249287750612087 -0.65986974327972403 0.20851911280123658 -0.0028124823336536822 -38.495952281963589 0.8449248120300753 0.0015026304499988765 -0.653209621798858 103.50000000000001 68.500000000000014 0.83176691729323327 -0.98410207284395224 -0.093603369325569549 156.91751033401189 -0.16790781304324295 63.500000000000007 71.503786543339615 0.360630730652578 234.50000000000003 155.73442750757491 30.500000000000004 -0.0027155477552946445 16.666666666666007 -0.20640268518456037 -0.56520295543717436 8.5000000000000018 97.500000000000014 0.014625994343511197 0.22715278170647726 24.500000000000004 -2061.2087855180366 46.500000000000007 52.96167894055818 22.500000000000004 0.0037394830680308471 86.500000000000014 17.500000000000004 -0.72515466155348929 0.88251879699248137 0.0016220610831632067 -0.92238114082197964 0.47605212828967286 -1.4350140563321074 -0.52891891964507598 -0.0077025269941771706 52198.500000000007 8755.0000000000018 145.16135751127746 0.49718045112781956 112.50000000000001 18.500000000000004 1.0000000180025095e-35 0.0056617155038045661 2321.1493067698943 -0.64107400748622112 -0.0030651358994354112 -0.27767175572519082 -0.034414042625360387 34.500000000000007 64.997466048782897 -0.0024110918947200517 9999.5000000000018 -0.080501487805369518 123.50000000000001 66.666666666666771 -0.16008097041622352 83.33333333333394 0.98524558338186818 325.50000000000006 0.6564498677491245 0.39661654135338348 39.500000000000007
decision_type=2 2 2 2 2 2 2 2 8 2 2 2 2 2 2 2 2 2 2 2 8 2 2 2 2 2 2 2 2 2 10 2 2 2 2 2 2 2 2 2 10 2 2 2 2 2 8 2 10 2 2 2 2 8 2 2 2 8 2 8 2 2 2 2 2 2 2 2 2 2 10 2 10 2 2 2 2 10 8 2 2 2 2 2 2 2 2 2
left_child=1 4 5 7 34 10 27 17 12 16 13 26 25 50 29 61 71 18 20 -17 -3 68 54 46 51 56 33 43 -16 31 38 44 -14 65 -1 37 -30 -8 -31 -9 41 42 -20 -7 75 86 -19 -48 -47 83 67 52 64 -24 55 -18 -6 -58 -26 -23 -37 -11 63 -12 -25 66 -5 -2 69 -13 -32 72 -4 -29 -40 -15 -63 -61 79 -28 -38 -49 -22 -33 -41 -86 -46 -42
right_child=2 3 9 11 8 6 35 39 -10 15 62 21 32 14 28 19 22 23 40 -21 82 59 53 24 58 -27 78 73 36 30 70 49 -34 -35 -36 60 80 -39 74 84 87 -43 -44 -45 45 48 47 81 -50 -51 -52 -53 -54 -55 -56 -57 57 -59 -60 77 -62 76 -64 -65 -66 -67 -68 -69 -70 -71 -72 -73 -74 -75 -76 -77 -78 -79 -80 -81 -82 -83 -84 -85 85 -87 -88 -89
leaf_value=-4.6312368554017024e-05 5.3782091113962693e-06 2.120909054771915e-06 3.1265079554226171e-06 -6.0066574012128998e-05 -0.00015205112925209066 -2.0096233848188923e-05 4.5841108395925398e-05 -8.9304913004973203e-05 -3.1237635557460582e-05 5.9385761686491137e-05 5.6153744749562702e-05 1.0044234122318472e-05 -0.00024532476312034659 -1.4126779840698074e-06 2.7582462593789156e-05 7.6499318321112457e-05 2.4943136677347342e-05 -4.4155626571657975e-05 8.4329304793701154e-05 0.00017234652472848812 -2.872050851812989e-05 0 6.4445300406993779e-05 7.0536978891094961e-06 -4.3266020124839114e-05 -5.574070956307137e-05 3.2537914086368186e-05 -5.9459158028745317e-05 2.1021705106635152e-05 1.733616372497034e-05 -1.2352258787183635e-06 2.5054346285739108e-05 -0.00012324926153512361 -8.5503921011480905e-05 0 -7.7439588390453241e-06 6.5820081475522431e-05 1.2114740992088519e-05 0.00014301703054930723 -6.8999541682494738e-05 -9.8238251029085651e-05 -4.1572760972856202e-05 -3.5974787618565716e-05 6.5442846458263834e-06 -0.0001172417746086695 -2.6574841368974664e-05 -6.3637495412976241e-05 5.4235888543238632e-05 5.6336915486926174e-05 8.281404710313076e-05 -8.4145419781263395e-05 3.9673612899677568e-05 -1.4748953532063531e-05 0.00014851745708105145 5.8957312921435052e-05 9.7264937036032448e-05 -0.0001280910779050848 -4.3530691354861609e-05 -9.6784422132031025e-06 4.9942693829628751e-05 2.258205251257301e-05 -2.2460004607221721e-05 3.6689970481485295e-05 0.00013145369237406538 5.3156938464847815e-05 -3.5648168024864877e-05 8.4378064776399703e-06 -4.8125635624171479e-05 5.908109545081482e-05 -3.6383360022340045e-05 6.4144176120621899e-05 1.8872612351688248e-05 6.2204473274458878e-05 -1.0255615874400666e-05 6.2506510286332382e-05 5.3047867005635839e-05 4.0189712458866789e-05 8.6934503046926358e-06 -3.8002684288600894e-05 -2.4733436156531793e-06 0.00012931185498089187 -4.8260596106479176e-06 -9.9745862537323017e-06 -2.3242724169097594e-05 -4.1531921826234065e-05 4.29855785081743e-06 -3.9696848018908784e-05 -5.2119228495093032e-05
leaf_weight=739 175 580 75 48 99 1152 212 111 101 480 107 1397 37 479 257 123 501 297 34 48 1191 116 85 309 167 88 209 205 55 48 163 362 35 52 120 821 74 942 39 122 74 301 51 324 34 85 51 47 36 48 35 178 266 38 353 39 66 50 1185 400 223 42 214 45 93 201 269 66 54 65 37 1213 170 79 54 46 107 95 49 231 63 114 491 56 245 66 57 255
leaf_count=739 175 580 75 48 99 1152 212 111 101 480 107 1397 37 479 257 123 501 297 34 48 1191 116 85 309 167 88 209 205 55 48 163 362 35 52 120 821 74 942 39 122 74 301 51 324 34 85 51 47 36 48 35 178 266 38 353 39 66 50 1185 400 223 42 214 45 93 201 269 66 54 65 37 1213 170 79 54 46 107 95 49 231 63 114 491 56 245 66 57 255
internal_value=-9.10287e-08 -1.63553e-05 1.76173e-05 -9.95569e-06 -6.14107e-05 6.26376e-06 -3.56866e-06 -1.95258e-05 -0.000100241 4.04508e-05 2.10696e-05 8.7217e-06 -0.000118568 1.56249e-05 2.04364e-05 6.21719e-05 3.33879e-05 -1.63953e-05 -2.35823e-05 0.000103969 -1.67434e-05 1.68948e-05 4.78445e-05 -8.45585e-06 -3.79247e-06 -0.00010191 -7.60274e-06 -1.93901e-05 4.80005e-05 1.23581e-05 3.56319e-05 5.68054e-06 -0.000187325 -2.16168e-05 -3.97812e-05 9.05599e-06 7.48274e-05 1.83943e-05 7.07694e-05 -5.20571e-05 -4.50829e-05 -2.97433e-05 1.10097e-05 -1.41828e-05 -6.53027e-06 -3.10205e-05 -2.84037e-05 -5.88018e-06 -1.10802e-06 2.51999e-05 -1.87689e-05 1.22441e-05 4.79038e-06 9.12048e-05 4.17638e-05 3.03454e-05 -0.000120358 -9.2476e-05 -1.38987e-05 3.43394e-05 -1.17369e-06 5.06552e-05 5.45597e-05 7.90825e-05 1.79598e-05 -1.50168e-05 -1.6302e-06 -8.87324e-06 9.8003e-06 7.91396e-06 1.03767e-05 2.32476e-05 4.45139e-05 -4.61126e-05 9.73085e-05 3.175e-06 2.18813e-05 4.22214e-05 8.53504e-06 1.39373e-05 9.57226e-05 1.18153e-05 -2.33058e-05 1.83527e-05 -4.22854e-05 -3.1495e-05 -6.9732e-05 -6.27863e-05
internal_weight=20616 10749 9867 9414 1335 6593 3958 6228 476 3274 2635 3186 375 2269 1993 800 2474 5684 2977 171 2262 2127 1016 2707 2198 303 1059 1760 449 1544 341 1203 72 570 859 2198 192 1154 141 544 715 386 85 1476 737 212 509 212 121 466 276 846 668 123 893 540 215 116 1352 611 1044 629 366 152 402 518 317 241 1516 1462 200 1458 245 284 93 525 149 495 489 440 137 161 1682 418 433 311 91 329
internal_count=20616 10749 9867 9414 1335 6593 3958 6228 476 3274 2635 3186 375 2269 1993 800 2474 5684 2977 171 2262 2127 1016 2707 2198 303 1059 1760 449 1544 341 1203 72 570 859 2198 192 1154 141 544 715 386 85 1476 737 212 509 212 121 466 276 846 668 123 893 540 215 116 1352 611 1044 629 366 152 402 518 317 241 1516 1462 200 1458 245 284 93 525 149 495 489 440 137 161 1682 418 433 311 91 329
is_linear=0
shrinkage=0.0337242


Tree=6
num_leaves=89
num_cat=0
split_feature=20 20 31 20 52 19 19 31 25 20 20 31 25 40 31 29 19 17 52 31 30 31 20 55 20 55 25 52 19 52 31 1 20 20 19 20 1 1 55 19 31 1 48 43 52 31 20 4 28 1 22 20 29 15 55 4 47 31 31 1 1 44 1 20 20 20 22 51 19 52 20 19 47 52 4 20 51 20 52 55 30 52 48 3 44 1 55 29
split_gain=0.009284 0.00330115 0.00227331 0.00174104 0.00126316 0.00118189 0.000944768 0.000864274 0.000761385 0.000652873 0.000635038 0.000513223 0.000497649 0.000413356 0.000363341 0.000859318 0.000344909 0.000341378 0.000338748 0.0003348 0.00033141 0.00045009 0.000337727 0.000296204 0.000287718 0.000275954 0.000271916 0.000267901 0.000420156 0.000254747 0.000282301 0.000252482 0.000245953 0.000243755 0.000228376 0.000312212 0.000221179 0.000220066 0.000216344 0.000313638 0.000202566 0.000201512 0.000199186 0.000190434 0.000186871 0.000181088 0.000175793 0.000172931 0.000170289 0.000159842 0.000161477 0.000159794 0.000159322 0.000158675 0.000151699 0.000150933 0.000144623 0.000143161 0.000218972 0.000193684 0.000141089 0.000139668 0.000134871 0.00013052 0.000129243 0.000129142 0.000127534 0.00012444 0.000124544 0.000122304 0.000122031 0.000119988 0.000119225 0.000117638 0.000117462 0.000117409 0.000116959 0.000114878 0.000112411 0.000110794 0.000109506 0.000108862 0.000107226 0.000106225 0.000104747 0.000101669 0.000100074 9.98499e-05
threshold=1.5966726003012461 0.18526500638569607 129.50000000000003 24.422222222222224 0.210029832092993 0.036748927727460419 0.58566108782892468 23.500000000000004 -0.49648877102012107 0.74946808510638319 0.016032128514056228 231.50000000000003 -1.0000000180025095e-35 -0.0018365488397193983 16.500000000000004 12.500000000000002 0.03578893547578766 -0.25627175916444805 0.30898654311297541 117.50000000000001 17.500000000000004 86.500000000000014 10.020000000000001 49287.500000000007 6.0555984555984566 60813.000000000007 -0.96788219085100646 0.24559512179120904 2.0722347036662545 0.30898654311297541 121.50000000000001 131.19744600068279 2.2793453102612151 0.47558265582655829 -0.10780283283332891 5.871381306865179 41.690253542635169 254.69325425706458 48348.500000000007 4.0465208089923985 32.500000000000007 145.09562867053276 75.02057868898963 -0.0031974440894568796 0.21350029365703074 25.500000000000004 0.060213074520303438 -0.8939312567132115 -0.99009900990098998 2331.4089281837983 -0.40346195133587781 52.300000000000011 2.5000000000000004 0.096577788374103954 9207.0000000000018 -0.16456554921137426 55.555555555555777 123.50000000000001 202.50000000000003 715.01110054778405 256.43352483275322 0.0020171462517495358 254.69325425706458 12.589473684210528 3.8981321342096167 3.0459830866807613 -0.92819543431858464 38.888888888889312 -0.26719045325551954 0.19197956265114224 0.30272749814034222 2.3906006209800528 -55.555555555558392 0.39864065729211123 -0.0077025269941771706 0.045097374584000989 77.777777777777786 10.020000000000001 0.18991669230733335 12765.000000000002 16.500000000000004 0.14401739226911264 43.919057812287328 -0.57577607833680611 -0.0031331601232976176 145.25426731704283 5693.0000000000009 13.500000000000002
decision_type=2 2 2 2 2 2 2 2 2 2 2 2 2 2 2 2 2 10 2 2 2 2 2 2 2 2 2 2 2 2 2 2 2 2 2 2 2 2 2 2 2 2 2 2 2 2 2 2 2 2 8 2 2 8 2 2 2 2 2 2 2 2 2 2 2 2 10 2 2 2 2 2 2 2 2 2 2 2 2 2 2 2 2 2 2 2 2 2
left_child=1 4 3 6 11 12 7 24 63 18 37 75 14 -12 15 -3 20 -10 38 33 25 22 61 26 31 40 -20 42 -29 30 -16 69 -18 43 35 74 -5 -6 44 -40 -9 -21 64 -14 57 -11 62 -48 -42 50 -35 -38 -44 -33 -23 82 77 59 70 -7 -32 -22 -15 67 71 -36 -28 68 -4 -2 -59 -8 -68 79 83 78 -31 -34 -1 -57 -58 -72 84 -19 -47 -53 -64 -49
right_child=2 5 8 36 10 9 27 16 17 45 13 -13 19 46 29 -17 32 34 23 41 21 54 -24 -25 -26 -27 66 28 -30 76 60 53 56 49 65 -37 51 -39 39 -41 48 -43 52 -45 -46 55 47 87 -50 -51 -52 85 -54 -55 -56 73 80 58 -60 -61 -62 -63 86 -65 -66 -67 72 -69 -70 -71 81 -73 -74 -75 -76 -77 -78 -79 -80 -81 -82 -83 -84 -85 -86 -87 -88 -89
leaf_value=-5.3135144808075401e-05 -1.0301948975660426e-05 9.0144520013082494e-06 -4.1527027854845889e-05 8.3226792230213118e-05 -0.00010963822985943133 1.4166284614970287e-05 5.5115226659889964e-05 0.00011377240165663039 -4.760092957429384e-06 -4.9269831653798445e-05 -0.00015503193733019187 5.4172134258952387e-06 -9.9960376611921619e-05 -6.5225866793228285e-05 -5.0874274789882458e-06 -0.00015640794379626245 2.9303834373747808e-05 -5.9578398753627629e-05 -4.7286411147453019e-05 -1.0740378092820182e-05 4.6428794799113683e-06 0.0001112848413112814 5.3748154132524853e-05 -0.00011075278896101585 1.9991014475718058e-05 3.9874072648433748e-06 5.047412405590056e-05 6.604726402937047e-05 0.00020395161332720086 -5.6682477429878025e-05 -2.5162491446804534e-05 -2.2187580036385326e-05 5.3251232811615549e-05 1.0150125143056431e-05 2.8354503073913632e-05 3.4039433302450117e-05 0.00011062176239941455 -0.00020896320830510369 8.0686650860387087e-06 0.00010740788136864618 0.00012147227405043801 -3.8943446589359063e-05 0.00015332060869880157 -1.5244051994862829e-05 -3.2387388813035926e-05 5.5828716216950603e-05 1.6561619783442622e-05 -4.5395044441616689e-05 4.5095555360535528e-05 6.5175930113817331e-05 -3.208893398592937e-05 0.00013456618773969187 6.7087413683474727e-05 7.5201524298423823e-05 4.5974932425301301e-05 -1.6471977534380606e-05 5.7166495252836897e-05 -4.8820444862199334e-05 7.7410830846761385e-06 -5.4552225426598424e-05 -5.4703210542874491e-05 -4.2013918222648712e-05 -8.8073281719662242e-05 3.5711383629819979e-05 8.6830042409578759e-05 5.2914742223513914e-05 3.9461701187100448e-05 -5.0507542351078528e-06 -2.2054121512840027e-07 -6.5568751799884614e-05 -2.5259024577949778e-06 -8.7235617881495687e-06 -2.7494817447172026e-05 6.7977096800523302e-05 3.6418319659578127e-05 -3.7318400689827385e-05 -2.1604639918890025e-05 0.00012121040260586104 -0.00011914259706779078 1.519439945298329e-05 0.00012065576365304275 -3.6121624193959719e-05 3.7927113115977581e-05 1.3778075019255855e-06 6.6238900061072434e-06 0.00021122756516550744 -0.00016419574758331926 -8.2549581173016259e-05
leaf_weight=368 75 62 284 164 57 622 86 90 493 41 66 292 34 124 711 81 180 34 239 649 507 62 156 49 291 98 53 54 52 430 708 37 261 930 695 689 139 57 858 38 40 537 52 328 294 60 36 259 281 54 115 56 57 37 145 193 51 162 427 50 262 85 56 61 78 404 40 628 124 137 319 51 117 35 107 1155 158 35 35 354 120 173 656 709 314 46 41 139
leaf_count=368 75 62 284 164 57 622 86 90 493 41 66 292 34 124 711 81 180 34 239 649 507 62 156 49 291 98 53 54 52 430 708 37 261 930 695 689 139 57 858 38 40 537 52 328 294 60 36 259 281 54 115 56 57 37 145 193 51 162 427 50 262 85 56 61 78 404 40 628 124 137 319 51 117 35 107 1155 158 35 35 354 120 173 656 709 314 46 41 139
internal_value=-8.58886e-08 -1.76869e-05 2.90542e-05 4.90714e-05 -5.0949e-05 -8.88106e-06 4.04792e-05 3.29964e-05 1.23519e-05 2.56873e-06 -8.54612e-05 -3.53196e-05 -2.04292e-05 -7.35179e-05 -3.15291e-05 -8.40105e-05 4.29975e-05 2.08341e-05 -5.77746e-06 -1.02782e-05 3.37941e-05 2.19129e-05 9.58218e-06 -3.15093e-05 -3.42576e-06 5.58959e-05 -2.26461e-05 8.70306e-05 0.00013461 -2.8179e-05 -2.13907e-05 -2.75899e-05 6.36731e-05 4.63287e-07 2.56539e-05 1.71526e-05 0.000114982 -0.000160149 -1.3904e-06 1.23896e-05 6.8038e-05 -2.35917e-05 7.11659e-05 -2.34679e-05 -7.46931e-06 2.00012e-05 -6.51567e-05 -5.21555e-05 5.49141e-05 8.43393e-06 5.40931e-06 0.000136191 0.000109113 2.52008e-05 6.60034e-05 2.1823e-05 7.67133e-05 -3.2351e-06 -1.08741e-05 8.90946e-06 -3.32412e-05 -1.89289e-06 -9.0251e-05 -1.17695e-05 5.1478e-05 3.7471e-05 4.93671e-06 -1.46585e-05 -2.921e-05 -4.64728e-05 -2.31759e-05 3.06449e-05 -9.82016e-06 7.86758e-06 3.35054e-06 -4.30166e-05 -4.74212e-05 6.16135e-05 -5.91077e-05 3.84473e-06 0.000102286 -1.45355e-05 2.96147e-05 -1.28149e-06 1.47762e-05 0.000170087 -0.000121245 -5.8614e-05
internal_weight=20589 12838 7751 3523 2685 10153 3118 2688 4228 5094 835 1850 5059 721 2412 143 2111 3131 3441 2647 1464 955 748 498 577 509 449 430 106 2269 1681 286 647 1461 2638 1539 405 114 2943 896 411 1186 324 362 2047 1653 655 434 321 1099 1045 241 109 74 207 1612 467 1753 1081 672 970 592 221 1097 215 1099 210 1036 408 212 654 137 157 582 850 1558 588 296 403 547 171 492 1030 743 374 102 97 398
internal_count=20589 12838 7751 3523 2685 10153 3118 2688 4228 5094 835 1850 5059 721 2412 143 2111 3131 3441 2647 1464 955 748 498 577 509 449 430 106 2269 1681 286 647 1461 2638 1539 405 114 2943 896 411 1186 324 362 2047 1653 655 434 321 1099 1045 241 109 74 207 1612 467 1753 1081 672 970 592 221 1097 215 1099 210 1036 408 212 654 137 157 582 850 1558 588 296 403 547 171 492 1030 743 374 102 97 398
is_linear=0
shrinkage=0.0337242


Tree=7
num_leaves=89
num_cat=0
split_feature=4 4 16 16 52 25 42 23 52 31 4 52 19 31 31 31 7 19 31 0 16 19 19 31 4 19 53 31 1 19 4 18 19 51 4 27 12 42 31 52 22 5 19 0 10 28 12 52 4 19 47 12 19 54 53 10 2 4 0 31 31 16 1 19 26 26 31 29 30 52 1 51 10 1 53 37 27 17 22 1 51 1 31 31 38 19 53 53
split_gain=0.00448462 0.0025322 0.00194189 0.00140894 0.000937004 0.000716834 0.000556252 0.00053357 0.000460605 0.000422746 0.000412364 0.000390019 0.000387032 0.000383734 0.000361611 0.000356745 0.000340572 0.000332112 0.000326304 0.000503868 0.000301921 0.000297329 0.000278687 0.000272661 0.000255235 0.000254738 0.000251125 0.000246209 0.00023628 0.000227395 0.000257317 0.000226641 0.00017463 0.000162663 0.000161151 0.000151539 0.000151251 0.000164225 0.000149744 0.000145526 0.000185147 0.000141568 0.000138948 0.000137491 0.000136193 0.000164841 0.000133675 0.000152016 0.000128522 0.000127722 0.000124615 0.000124041 0.000123594 0.000120842 0.000119971 0.000134272 0.000116354 0.000115206 0.000113574 0.000113197 0.000147318 0.000112778 0.000111842 0.000110614 0.000110412 0.00011022 0.000107247 0.000114397 0.00010498 0.000103634 0.000103364 0.000102978 9.93202e-05 9.92211e-05 9.91023e-05 9.66531e-05 0.000104865 9.61347e-05 0.000112056 9.46488e-05 9.23877e-05 9.18851e-05 0.000168925 9.08238e-05 9.05352e-05 8.97279e-05 8.94944e-05 8.87667e-05
threshold=-0.16758296116230423 -0.81647492792130694 0.53853383458646631 0.5234962406015039 0.21176826070987798 -0.66210828455976933 0.0031529173183468821 0.55000000000000082 0.30213559502178183 130.50000000000003 -0.0040773927299451625 0.25449742549086435 0.039042834736115146 122.50000000000001 113.50000000000001 202.50000000000003 0.30773994699850221 -1.4350140563321074 131.50000000000003 130.50000000000003 0.86748120300751885 0.019665043742746139 1.3225777038221056 86.500000000000014 -0.62618011193397016 0.096469916950116655 21.10056670236807 234.50000000000003 155.73442750757491 0.034013612733932781 -0.0032435411837865333 -0.16270551869236874 0.48681553571480413 27.777777777777853 -0.33934224659392836 188.76794548487752 -0.85591603053435106 0.001809956233456478 27.500000000000004 0.34498385841469054 -0.88910093299406256 -0.5110173941571815 -2.9880217000049636 10.500000000000002 -1.4483082706766914 -0.99009900990098998 -0.89217557251908386 0.14691847117708065 -0.68146164282887656 -0.66359670848038721 55.555555555549596 -0.41507633587786258 2.7592461426914388 -4.0350125398042431 47.062727217323733 -1.5046992481203001 -0.15141291039988922 -0.034414042625360387 36.500000000000007 122.50000000000001 12.500000000000002 0.42293233082706772 2321.1493067698943 0.010449544553562619 0.0055104901329659714 -0.0034572525663238303 24.500000000000004 11.500000000000002 17.500000000000004 0.17132937993605032 2331.4089281837983 16.666666666668782 -1.465225563909774 131.18359692131955 29.067410594898163 0.0034662149173395611 -46.958162205222301 -0.30690844328720629 -0.90061864621395737 255.04151438920454 77.777777777780571 61.264654930972277 22.500000000000004 219.50000000000003 -0.0018467236428371667 -3.8616211115286201 37.301250014471371 27.899420775693766
decision_type=2 2 2 2 2 2 2 10 2 2 2 2 2 2 2 2 8 2 2 2 2 2 2 2 2 2 2 2 2 2 2 8 2 2 2 10 10 2 2 2 10 2 2 2 2 2 10 2 2 2 2 10 2 2 2 2 2 2 2 2 2 2 2 2 8 8 2 2 2 2 2 2 2 2 2 2 10 10 10 2 2 2 2 2 2 2 2 2
left_child=1 4 5 6 27 8 13 16 9 25 22 43 81 24 23 17 18 -15 19 54 21 42 33 29 70 49 -24 52 -16 30 46 -28 36 -4 61 39 37 -26 -31 64 -41 56 -5 -8 45 51 -7 -48 53 -2 -27 -35 63 -43 86 -56 -23 68 -53 60 -44 69 84 -1 80 -33 67 -46 85 -19 -3 -10 -71 -25 -55 76 -38 78 -34 -63 -22 82 -12 -68 -50 87 -6 -30
right_child=2 3 10 20 7 14 11 -9 71 -11 12 -13 -14 15 28 -17 -18 34 -20 -21 35 41 26 73 32 50 31 -29 57 38 -32 65 77 44 -36 -37 75 -39 -40 40 -42 48 59 -45 66 -47 47 -49 62 -51 -52 58 -54 74 55 -57 -58 -59 -60 -61 -62 79 -64 -65 -66 -67 83 -69 -70 72 -72 -73 -74 -75 -76 -77 -78 -79 -80 -81 -82 -83 -84 -85 -86 -87 -88 -89
leaf_value=-7.8782295914680487e-05 4.6024078199731885e-05 -1.8022344731990558e-05 1.9254996080251723e-05 -5.5196586455723784e-05 -8.8871964932488523e-05 -2.7203514453897194e-05 -4.1450675614654884e-05 -0.00019643477201493144 -7.3610533094044069e-05 -1.2478808319836305e-05 -3.200894911696295e-06 -6.1895828885727135e-05 0.00016763555293065793 -7.3299209417093222e-05 1.973314673727442e-05 -5.5889229570284249e-06 -1.3010729160212835e-05 -3.5891695765801817e-05 -1.2672104508306243e-05 -0.00020303764160924332 2.370341120354915e-05 8.8464056399409339e-05 3.6607565168055863e-06 5.2094435385399614e-05 -3.1575589601958594e-05 1.7813262167942415e-05 0.00014112502440577054 5.5648834156342332e-06 -0.00010021817027138245 5.420582882683164e-06 4.9153228646950286e-05 9.9006583458564957e-05 9.7929649129037933e-05 0.00013242013805429739 -1.3441255170022968e-05 -1.0384477339975878e-05 2.7062373287487681e-05 3.6987687496297911e-05 7.8508539803887368e-05 0.00013206631801464618 2.8030677263076392e-05 -5.2290389611896865e-05 -5.1947874499395332e-05 -2.9754560031163204e-06 4.0433866225499123e-05 3.509398446049885e-05 -5.0749853739900721e-06 3.0221207936616091e-05 3.6080531421661783e-05 2.5959096489435818e-06 7.5433866419389163e-05 7.3642885301699432e-05 -7.8852520797060828e-05 -3.5303828889208197e-05 -1.859711447975444e-05 -8.903785404568024e-05 2.1286467327474728e-05 8.9779429089918428e-06 1.0545045361737651e-05 -2.5166585827531944e-05 1.0508114721041709e-05 -1.9948462769039363e-05 -3.1480951129976011e-05 -3.3337997468532002e-05 -9.5002476912888005e-06 2.6287190611541868e-05 4.1610183259217524e-05 -3.2779929617881458e-05 3.2840665003898317e-06 -3.7884433565059138e-05 -7.9397115845292288e-05 -2.9085324521286115e-05 -0.00010801007301345729 0.00010861905934868529 8.9934856315524582e-06 -4.635957776750728e-05 9.9193963819248907e-07 1.2376573277772994e-05 2.1587840050256884e-05 -5.0359817242978026e-05 5.6622086379315777e-05 7.6908820961481186e-05 6.7961933298540822e-05 1.5829788983144148e-05 1.0453963321230873e-05 -1.5280040240254853e-05 -0.00015808383959559931 -2.4517786463267092e-05
leaf_weight=71 90 644 762 86 73 107 177 52 74 1188 59 493 45 183 1071 1092 74 183 51 53 497 44 50 134 283 76 67 137 34 46 223 46 41 36 773 112 213 45 131 36 49 64 49 277 41 330 253 297 183 579 115 182 99 75 51 96 106 474 44 293 340 559 64 697 85 59 576 59 224 45 34 406 62 56 243 42 1048 184 56 156 129 193 95 232 1325 225 40 46
leaf_count=71 90 644 762 86 73 107 177 52 74 1188 59 493 45 183 1071 1092 74 183 51 53 497 44 50 134 283 76 67 137 34 46 223 46 41 36 773 112 213 45 131 36 49 64 49 277 41 330 253 297 183 579 115 182 99 75 51 96 106 474 44 293 340 559 64 697 85 59 576 59 224 45 34 406 62 56 243 42 1048 184 56 156 129 193 95 232 1325 225 40 46
internal_value=-8.2042e-08 -1.35842e-05 1.82668e-05 -7.65966e-06 -5.46425e-05 7.09035e-06 -1.70792e-05 -9.29968e-05 -6.41354e-06 5.08988e-07 4.09629e-05 -4.10443e-05 7.33449e-05 -1.30403e-05 1.73988e-05 -2.11466e-05 -8.04958e-05 -2.97607e-05 -9.39498e-05 -0.000106884 8.7367e-06 3.33886e-06 3.58138e-05 3.17798e-05 -3.44761e-06 1.85627e-05 7.22237e-05 -3.58275e-05 8.70562e-06 2.49506e-05 1.77789e-05 9.15928e-05 2.81203e-06 3.21977e-05 -2.52252e-05 2.57036e-05 -1.36198e-06 -2.18743e-05 6.006e-05 3.09027e-05 7.32301e-05 9.92203e-06 -1.45704e-05 -1.81886e-05 3.87081e-05 5.15289e-05 6.9827e-06 1.38092e-05 7.43799e-06 8.58275e-06 5.30124e-05 7.18605e-05 -4.24797e-05 -9.97111e-06 -8.69119e-05 -6.52568e-05 4.16363e-05 -2.97316e-06 6.17861e-05 -9.30572e-06 2.39242e-06 -3.41926e-05 1.17299e-05 -3.76651e-05 2.57065e-05 5.90658e-05 3.02427e-05 -1.79568e-06 -1.38644e-05 -5.2286e-05 -2.12427e-05 -3.6151e-05 -7.94214e-05 6.92631e-05 -1.15005e-06 3.72735e-06 5.47224e-06 2.73831e-05 5.48526e-05 -2.67189e-05 3.06414e-05 6.08385e-05 4.00706e-05 3.43275e-05 1.36279e-05 -2.67757e-05 -0.000114227 -5.78988e-05
internal_weight=20589 11864 8725 10370 1494 5849 6590 490 2528 2048 2876 947 392 5643 3321 3053 438 1961 364 313 3780 2872 2484 1247 2590 860 222 1004 2074 1057 880 172 1912 2262 1778 908 1631 328 177 796 85 2104 768 454 1500 592 657 550 1954 669 191 262 867 382 260 147 150 1003 226 682 389 1005 1572 768 711 105 908 100 529 290 678 480 107 190 318 1303 1261 281 97 715 626 347 154 808 1508 305 113 80
internal_count=20589 11864 8725 10370 1494 5849 6590 490 2528 2048 2876 947 392 5643 3321 3053 438 1961 364 313 3780 2872 2484 1247 2590 860 222 1004 2074 1057 880 172 1912 2262 1778 908 1631 328 177 796 85 2104 768 454 1500 592 657 550 1954 669 191 262 867 382 260 147 150 1003 226 682 389 1005 1572 768 711 105 908 100 529 290 678 480 107 190 318 1303 1261 281 97 715 626 347 154 808 1508 305 113 80
is_linear=0
shrinkage=0.0337242


Tree=8
num_leaves=89
num_cat=0
split_feature=20 20 19 20 52 20 20 31 31 52 1 19 19 1 25 31 50 30 36 31 31 19 24 21 31 53 51 16 20 17 20 9 19 4 31 31 19 19 15 1 31 46 54 52 53 10 51 29 42 31 31 9 20 18 29 31 19 52 19 29 31 16 4 31 31 51 30 4 31 31 2 4 29 44 30 20 1 29 31 31 54 30 52 17 31 31 30 31
split_gain=0.00886649 0.00294546 0.00239436 0.00182475 0.00104963 0.000968357 0.00090148 0.00087423 0.000696009 0.000568098 0.000547831 0.000484696 0.000452455 0.000465217 0.000421978 0.000418882 0.000412434 0.000389662 0.000390681 0.000353276 0.000305368 0.000295982 0.000283309 0.000276144 0.000373262 0.000272177 0.000275187 0.000262655 0.000249509 0.000376265 0.000239734 0.000230044 0.000253124 0.000283354 0.000226199 0.000225735 0.000408916 0.000270596 0.000225411 0.000211844 0.000209747 0.000207134 0.000201391 0.000198942 0.000259428 0.000207256 0.000186367 0.000185794 0.000168113 0.000166075 0.000376689 0.000165382 0.000157865 0.000157261 0.000156935 0.000154858 0.000168073 0.000153204 0.000138822 0.000136493 0.000382823 0.000174169 0.000133042 0.000128432 0.000126185 0.000126016 0.000125163 0.000123176 0.000132242 0.00013295 0.000121842 0.000120027 0.000116451 0.000115286 0.00011099 0.000108758 0.000108677 0.000138245 0.000168224 0.000120582 0.000107838 0.000169771 0.000147901 0.000107089 0.0001049 0.000104476 0.000131127 0.000130681
threshold=0.7743476287724077 14.455555555555557 0.034013612733932781 0.1260686883449032 0.22067748338303569 2.7312382739212011 2.0706476530005946 100.50000000000001 23.500000000000004 0.20541864465659007 145.25426731704283 1.7796223378291389 4.6002721057025449 256.0709528940418 -1.0000000180025095e-35 221.50000000000003 7.9343938826544529e-14 16.500000000000004 -0.003454241737262886 26.500000000000004 20.500000000000004 0.03578893547578766 -5000.2499999999991 0.030670380689122988 16.500000000000004 43.591332525695712 25.925925925926737 0.85620300751879708 0.030816714150047487 -0.16646675053392232 0.2326157034308082 -0.16603053435114501 2.2095830421200167 -0.061281022104132499 255.50000000000003 118.50000000000001 -0.28604646571811537 -1.0006049028527426 0.41451460891717246 254.69325425706458 121.50000000000001 0.66666666666666285 -15.494598538288971 0.25449742549086435 40.30879444780367 -1.482142857142857 72.222222222221475 15.500000000000002 0.0033955955263460518 169.50000000000003 43.500000000000007 -0.27671755725190833 27.133928571428577 -0.29686349044068777 1.5000000000000002 130.50000000000003 -0.86858127919614947 0.360630730652578 -0.86858127919614947 9.5000000000000018 10.500000000000002 0.47368421052631587 -0.23597292102436537 67.500000000000014 80.500000000000014 70.370370370371617 17.500000000000004 -0.42434563853242124 86.500000000000014 182.50000000000003 0.066822630370705696 -0.17361071852563739 1.5000000000000002 0.0012292567643121812 17.500000000000004 35.928571428571438 41.690253542635169 5.5000000000000009 73.500000000000014 87.500000000000014 -0.37001821442862676 18.500000000000004 0.20672081706403328 -0.73368976917000672 49.500000000000007 202.50000000000003 18.500000000000004 125.50000000000001
decision_type=2 2 2 2 2 2 2 2 2 2 2 2 2 2 2 2 2 2 2 2 2 2 10 2 2 2 2 2 2 10 2 10 2 2 2 2 2 2 8 2 2 2 2 2 2 2 2 2 2 2 2 8 2 10 2 2 2 2 2 2 2 2 2 2 2 2 2 2 2 2 2 2 2 2 2 2 2 2 2 2 2 2 2 10 2 2 2 2
left_child=3 2 5 4 15 14 19 10 11 21 52 73 16 -14 20 84 -11 -7 -19 -4 47 40 -20 27 -25 75 -27 46 39 51 42 32 54 -34 -9 36 -16 -37 62 48 -5 -41 -23 67 45 -45 59 -2 -6 50 74 64 -3 -31 -10 57 -57 -22 -26 83 -61 -62 -38 -46 -30 -54 -51 -21 -69 72 -15 -65 -70 -8 -24 -12 79 -78 -79 -52 -56 -82 -83 -18 -1 87 -87 -32
right_child=1 7 6 9 28 17 8 34 31 12 25 -13 13 70 35 -17 23 18 22 43 55 30 49 24 58 26 -28 -29 29 53 85 -33 33 -35 -36 37 38 -39 -40 41 -42 -43 -44 44 63 -47 -48 -49 -50 66 76 -53 65 -55 80 56 -58 -59 -60 60 61 -63 -64 71 -66 -67 -68 68 69 -71 -72 -73 -74 -75 -76 -77 77 78 -80 -81 81 82 -84 -85 -86 86 -88 -89
leaf_value=-6.9603730242648662e-05 -1.5385913254493485e-05 5.4726090143907879e-05 -5.7071085256376452e-05 -9.5928394648235641e-06 -0.00013750567375625424 4.1167174727708282e-05 2.8629035083512211e-06 4.9681247648876362e-05 0.00014129206873319137 2.2046236099041866e-05 8.0983326391505383e-05 0.00011808521893424952 0.0001385708844875341 2.6621997261539229e-05 3.9530796481671831e-05 2.0526592987027356e-07 2.382984842458477e-05 6.6094074075973919e-05 -2.6720477186049398e-05 5.0571908651544558e-05 7.8805551446114692e-06 -7.388697570590556e-05 4.5456550980732183e-05 -0.00016569718839774518 -9.9791165570053362e-05 0.00013327876974913788 0.00027236623127453274 4.2695050645322283e-05 -9.4897485333725001e-05 -9.2637668986994708e-05 7.6936198657535111e-06 3.2566939551994629e-05 0.00019475667520666662 7.0766739101051161e-05 -4.4710250727968737e-06 -2.4773984500000201e-05 3.485371721573604e-05 4.4221029563738978e-06 -6.642284857325376e-05 -0.00021904392385167196 -3.1434222453261707e-05 -0.00010819955876813399 -1.4480407570411675e-05 3.9364934831242972e-05 -2.5806640392067174e-05 0.00014514713252855094 -2.0877272968126137e-05 -0.00011571900319955773 -4.4064766200672831e-05 -7.9125759646250043e-06 7.9603347491094557e-06 -2.0152749821318428e-05 8.4388844434080866e-05 -0.00020228534253130266 9.0963598957262033e-05 -4.1542668346388334e-05 -1.3472917151852744e-05 -6.5010246239392472e-05 -3.6236554031892117e-05 -0.00016431292807538074 -6.5192414296345123e-05 -2.2513708299478144e-05 -8.1130809760336517e-06 7.4118612425192682e-05 -4.1254009942044917e-05 0.00015290869565242853 1.5878517096587977e-05 -7.1994015722524847e-06 8.8895421385659176e-05 1.2175245556014913e-05 -5.5053370554001095e-05 2.0057987742361357e-05 3.0216094250175928e-05 -5.6295386486260431e-05 -1.1869506531152577e-05 0.00015373155367026602 2.9290934709770002e-05 0.00014018700119602028 5.4294198628159973e-05 5.5162826614631519e-05 4.3828270334706634e-05 5.6141025616561115e-05 0.00012684766484541651 -3.5940604676956779e-05 -4.1164409314489015e-05 -6.2084130385848743e-08 2.9806119958613107e-05 -1.1168229237839511e-05
leaf_weight=191 36 211 56 1077 44 669 80 391 42 135 66 34 34 46 420 272 35 141 236 175 363 75 44 41 56 39 34 49 146 35 749 126 48 43 109 562 110 999 61 43 962 44 556 40 34 53 617 60 52 536 163 92 216 34 226 379 720 36 162 36 294 186 317 86 88 41 470 172 43 618 37 117 659 66 288 47 105 42 85 105 270 79 70 435 932 371 295 937
leaf_count=191 36 211 56 1077 44 669 80 391 42 135 66 34 34 46 420 272 35 141 236 175 363 75 44 41 56 39 34 49 146 35 749 126 48 43 109 562 110 999 61 43 962 44 556 40 34 53 617 60 52 536 163 92 216 34 226 379 720 36 162 36 294 186 317 86 88 41 470 172 43 618 37 117 659 66 288 47 105 42 85 105 270 79 70 435 932 371 295 937
internal_value=4.33532e-07 2.05106e-05 1.4658e-05 -2.4193e-05 -5.2942e-05 3.59985e-06 3.91157e-05 7.15694e-05 6.4056e-05 -1.62851e-05 9.73289e-05 2.93579e-06 -3.07562e-05 3.33253e-05 -6.9909e-06 -3.69919e-05 -3.44679e-05 1.85537e-05 1.16801e-05 2.59e-05 -2.05219e-05 -1.00331e-05 7.93416e-06 -3.85109e-05 -7.12184e-05 0.000146874 0.000199384 -3.33245e-05 -9.12701e-05 -7.55598e-05 -3.22549e-06 7.6119e-05 8.30482e-05 0.00013723 3.76827e-05 1.70565e-06 1.51063e-05 -6.02732e-06 -5.71667e-06 -0.000124652 -1.9945e-05 -0.000164096 -2.16946e-05 2.82751e-05 5.24373e-05 0.000100689 -3.57085e-05 -7.9101e-05 -8.78988e-05 1.24364e-05 2.36014e-05 -5.99165e-05 7.74312e-05 -0.000148068 7.57305e-05 -1.67033e-05 -2.3241e-05 1.06167e-06 -5.30059e-05 -4.48913e-05 -5.70983e-05 -4.88558e-05 2.72929e-06 3.30952e-05 -7.5137e-05 9.56962e-05 3.10647e-06 2.34339e-05 2.0186e-05 2.38277e-05 -8.62298e-06 4.34367e-05 3.39481e-05 -2.32179e-05 -3.98093e-06 0.000112097 4.21094e-05 5.9361e-05 8.34609e-05 2.68145e-05 7.13115e-05 6.04808e-05 9.00077e-05 -3.1284e-05 -4.60875e-05 1.68835e-06 1.30227e-05 -2.73158e-06
internal_weight=20396 11238 10084 9158 1973 6947 3137 1154 1084 7185 654 180 2163 117 4063 1395 2046 2884 2215 2053 1594 5022 2074 1911 259 186 73 1652 578 395 2983 904 778 91 500 2469 908 1561 488 183 2039 87 631 1997 330 93 1603 96 96 1838 832 326 468 69 687 1498 1099 399 218 986 516 480 427 237 234 257 1006 1667 1492 1320 83 203 702 146 332 113 500 232 127 268 645 419 149 470 1123 2352 666 1686
internal_count=20396 11238 10084 9158 1973 6947 3137 1154 1084 7185 654 180 2163 117 4063 1395 2046 2884 2215 2053 1594 5022 2074 1911 259 186 73 1652 578 395 2983 904 778 91 500 2469 908 1561 488 183 2039 87 631 1997 330 93 1603 96 96 1838 832 326 468 69 687 1498 1099 399 218 986 516 480 427 237 234 257 1006 1667 1492 1320 83 203 702 146 332 113 500 232 127 268 645 419 149 470 1123 2352 666 1686
is_linear=0
shrinkage=0.0337242


Tree=9
num_leaves=89
num_cat=0
split_feature=20 20 19 20 31 52 20 19 25 31 20 38 31 1 0 31 19 20 7 0 1 31 20 45 52 0 18 18 31 19 31 19 19 15 19 31 0 31 44 19 52 55 31 52 19 54 16 31 3 1 19 53 11 31 1 4 4 9 43 1 27 54 55 51 16 4 31 31 20 31 0 47 55 53 31 20 19 1 55 18 4 20 19 20 31 55 20 9
split_gain=0.00828331 0.00276784 0.00233626 0.00170474 0.000989929 0.000981435 0.000963911 0.000803794 0.000748857 0.000696331 0.00087882 0.000545996 0.000526214 0.000452164 0.000474635 0.000391361 0.000383766 0.000321078 0.000316093 0.000304616 0.0002974 0.000274999 0.000274206 0.000263084 0.000243575 0.0002219 0.000251619 0.000209132 0.00020675 0.000328478 0.000201016 0.000404707 0.000237219 0.000219141 0.00020098 0.000200241 0.000222669 0.000197091 0.000236777 0.000191255 0.000185926 0.000301399 0.000182179 0.000234224 0.000173254 0.000167494 0.000153617 0.00015192 0.00014874 0.000148086 0.000145534 0.000147227 0.000137548 0.00015278 0.000159234 0.000130287 0.00012666 0.00012512 0.000172499 0.00012125 0.000120479 0.000119234 0.000118743 0.000118166 0.000115999 0.000110891 0.000128906 0.000122905 0.000110192 0.000135677 0.000107921 0.00010581 0.000105564 0.000175458 0.000105557 0.000105261 0.000105972 0.000103291 0.000102706 0.000101649 0.000154784 0.000106773 0.00015292 0.00010015 9.76884e-05 0.000127274 9.70442e-05 0.000116824
threshold=0.7743476287724077 6.575187969924813 0.031664368741388678 0.1260686883449032 219.50000000000003 0.22067748338303569 24.422222222222224 1.8694798051233479 -1.0000000180025095e-35 24.500000000000004 2.0706476530005946 0.0033643643360402602 18.500000000000004 131.19744600068279 122.50000000000001 221.50000000000003 0.11341586095083046 0.2326157034308082 0.079603064869224568 55.500000000000007 48.771039752975597 16.500000000000004 2.6568921232876721 0.0019743355863757199 0.23185749465095642 8.5000000000000018 -0.50304081868234862 -0.36120368256136032 24.500000000000004 0.0038731230332338389 118.50000000000001 -0.28604646571811537 -1.0006049028527426 0.41451460891717246 -1.9696181013346459 14.500000000000002 35.500000000000007 120.50000000000001 -0.0021482301905949015 -0.18301429015664003 0.25449742549086435 50533.000000000007 130.50000000000003 0.35536920122190246 2.2095830421200167 -15.200373907309842 0.5413533834586467 69.500000000000014 0.26789176851521862 42.538543221903957 -0.86858127919614947 85.757583027474411 -0.43225190839694655 77.500000000000014 145.25426731704283 -0.23597292102436537 -0.17361071852563739 -0.20515267175572519 -0.0038289741183830657 40.814205333185051 15.31629400631954 16.09734002100728 42879.500000000007 46.296296296297818 0.22838345864661655 -0.42434563853242124 86.500000000000014 182.50000000000003 11.846052631578949 255.50000000000003 10.500000000000002 -47.619047619051287 36985.500000000007 22.455712146335355 192.50000000000003 1.3887119603680118 -5.328843120284886 32.7853820339731 41333.500000000007 0.1224676997394769 -0.054709141274238211 0.95626812864565092 -1.6758041570233073 1.250730994152047 49.500000000000007 5324.5000000000009 0.021475127590235506 -0.28530534351145032
decision_type=2 2 2 2 2 2 2 2 2 2 2 2 2 2 2 2 2 2 8 2 2 2 2 2 2 2 10 10 2 2 2 2 2 8 2 2 2 2 2 2 2 2 2 2 2 2 2 2 2 2 2 2 10 2 2 2 2 10 2 2 10 2 2 2 2 2 2 2 2 2 2 2 2 2 2 2 2 2 2 8 2 2 2 2 2 2 2 8
left_child=3 2 8 5 6 15 7 28 21 35 40 12 13 14 -5 84 37 45 19 86 -8 49 30 57 34 -15 -27 -21 -3 72 31 79 75 55 74 -4 -37 38 48 -39 65 47 43 60 62 -18 59 -42 -14 77 51 83 53 54 -22 -33 -49 58 -12 -19 -23 -48 -25 -13 -40 -11 -67 -68 -6 -70 -61 -58 -30 -74 -24 76 -32 -2 -47 80 81 -10 -83 -44 85 -1 -7 -88
right_child=1 4 9 11 68 18 20 -9 22 10 23 63 16 25 -16 -17 17 46 -20 27 52 42 24 44 -26 26 -28 -29 29 -31 32 33 -34 -35 -36 36 -38 39 64 -41 41 -43 50 -45 -46 78 61 56 -50 -51 -52 -53 -54 -55 -56 -57 71 -59 -60 70 -62 -63 -64 -65 -66 66 67 -69 69 -71 -72 -73 73 -75 -76 -77 -78 -79 -80 -81 -82 82 -84 -85 -86 -87 87 -89
leaf_value=-0.00012005945129921646 -4.2840296984071317e-05 2.1184278633903005e-05 6.7488209006609293e-06 -5.5964597312902009e-05 -3.2529175422179938e-06 -0.0001269873348176878 7.3597644203125625e-05 0.0002012098224959709 8.1168343518053205e-06 4.7905460637177717e-05 0.00014005411847068031 -6.5615961173469132e-05 -2.9255423439974335e-05 -9.7808714071357012e-05 -0.00019850267257781078 1.9834359155196284e-07 -7.1304991983529398e-05 1.9122734315034107e-05 -5.6787483182681532e-05 -0.00011033741995770641 0.00012075651569307457 -6.2058814787106955e-06 1.6346211877149352e-05 6.124833577934688e-05 4.7330797724122079e-05 4.2296399729997559e-05 -4.8381010004724659e-05 -0.00021372014410270913 5.4108334604209125e-05 0.0001014339106017663 -8.8507457899032356e-05 3.3601685517269387e-05 3.7885346946508378e-06 -6.7412603494534983e-05 2.2688234871118807e-05 -1.8213883342532591e-05 -0.0001316811974704102 -4.9218128252356349e-05 -2.6142041407724758e-05 -2.0944616273620722e-05 -2.5278619741439429e-05 0.00012404820415290847 -6.1372719936554621e-05 -6.5650082389464632e-05 0.00017235249405298856 -2.7271672093976637e-05 1.2465546065217948e-05 7.5279906179547844e-05 -0.00010226238896361954 -8.4917866720466526e-06 -1.2126706909223163e-05 -0.00010079420287177275 9.5018659538790692e-05 8.3184768604855686e-05 0.00019987323701280548 -9.5893114296381772e-06 5.4774419576112448e-05 2.5534156108463067e-05 5.8725001203660345e-05 -2.1029699834958256e-05 2.4387317018861119e-05 6.2226361190355481e-05 0.00011873877488259581 -3.2736898802228207e-05 -1.6252223232560145e-06 -7.4449840938244626e-06 3.2650957472164495e-05 1.1740584063484422e-05 3.8026909441250733e-05 -4.1252327932519124e-06 3.1620014096848711e-07 -2.7530984254360878e-06 9.1071146385175245e-05 1.6324228496694725e-05 -2.5602609258788175e-05 -1.3831851798732433e-05 -2.7469491129386086e-05 -0.00012311916129382054 8.7846770736446483e-07 6.1043814537733491e-05 -1.0907172772660003e-05 9.4359055086401121e-05 1.1952966063128309e-05 -2.1898628108289588e-05 -3.9776173396197411e-05 -5.1261798573896425e-05 -9.3569871706036426e-05 -3.3571844804338438e-05
leaf_weight=43 36 323 70 77 220 61 198 39 69 179 34 255 162 35 43 272 72 252 231 54 61 329 103 106 301 70 69 47 497 139 50 107 986 60 659 47 37 350 268 1365 38 54 95 55 35 373 692 100 42 39 868 37 100 38 77 306 67 126 438 395 259 61 81 278 1273 175 706 619 298 117 820 73 43 249 192 388 114 50 233 149 87 70 45 400 932 148 124 61
leaf_count=43 36 323 70 77 220 61 198 39 69 179 34 255 162 35 43 272 72 252 231 54 61 329 103 106 301 70 69 47 497 139 50 107 986 60 659 47 37 350 268 1365 38 54 95 55 35 373 692 100 42 39 868 37 100 38 77 306 67 126 438 395 259 61 81 278 1273 175 706 619 298 117 820 73 43 249 192 388 114 50 233 149 87 70 45 400 932 148 124 61
internal_value=4.19551e-07 1.98253e-05 1.10921e-05 -2.33832e-05 5.19621e-05 -5.11714e-05 6.49773e-05 4.97248e-05 -1.27267e-06 3.53736e-05 3.91885e-05 -1.57391e-05 -1.30876e-05 -5.72758e-05 -0.000107846 -3.57444e-05 -1.10291e-05 -1.93864e-06 -8.82372e-05 -0.000108895 0.000106283 -1.70145e-05 7.96e-06 6.86909e-05 2.07671e-05 -2.1844e-05 -2.02075e-06 -0.000159403 4.4925e-05 5.3084e-05 1.30858e-06 1.40679e-05 -6.03695e-06 -7.15372e-06 1.22846e-05 -3.41289e-05 -6.93443e-05 -1.86152e-05 -1.0544e-05 -2.67711e-05 2.71106e-05 5.04064e-05 -1.39834e-05 7.31732e-07 0.000100612 -2.22738e-05 4.22828e-06 3.57542e-05 -4.47601e-05 -6.57817e-05 -2.08109e-05 -3.47981e-05 0.000129381 0.000148357 0.000165602 1.36658e-06 4.58205e-05 5.6679e-05 6.47883e-05 -2.06899e-06 7.10531e-06 1.6625e-05 8.66676e-05 -4.86484e-05 -5.95174e-06 2.24466e-05 1.93441e-05 2.29552e-05 1.56542e-05 2.59101e-05 -6.54386e-06 2.40875e-05 4.44436e-05 2.76625e-05 -1.06284e-05 -2.37626e-05 -4.66681e-05 -9.06381e-05 -1.62888e-05 3.81977e-05 2.52798e-05 4.29152e-05 6.29537e-05 -2.96697e-05 -4.45361e-05 -6.72564e-05 -8.77647e-05 -7.43092e-05
internal_weight=20396 11238 8839 9158 2399 1973 1764 1290 5854 2985 2831 7185 6652 294 120 1395 6358 2898 578 347 474 2168 3686 820 1255 174 139 101 1251 928 2431 893 1538 473 954 154 84 3460 1745 1715 2011 332 2043 643 222 678 2220 278 204 125 1400 532 276 176 138 413 240 598 472 1467 588 753 187 533 1541 1679 1500 1325 635 415 1215 140 789 292 295 552 164 86 606 420 271 184 115 495 1123 191 246 185
internal_count=20396 11238 8839 9158 2399 1973 1764 1290 5854 2985 2831 7185 6652 294 120 1395 6358 2898 578 347 474 2168 3686 820 1255 174 139 101 1251 928 2431 893 1538 473 954 154 84 3460 1745 1715 2011 332 2043 643 222 678 2220 278 204 125 1400 532 276 176 138 413 240 598 472 1467 588 753 187 533 1541 1679 1500 1325 635 415 1215 140 789 292 295 552 164 86 606 420 271 184 115 495 1123 191 246 185
is_linear=0
shrinkage=0.0337242


Tree=10
num_leaves=89
num_cat=0
split_feature=20 20 20 19 19 31 31 20 37 31 20 1 29 20 31 31 26 16 38 31 38 29 17 29 31 31 20 19 19 1 31 1 7 44 20 9 19 4 55 1 1 54 42 17 20 1 50 55 31 40 50 4 55 9 22 18 55 53 18 19 20 4 19 20 4 4 54 54 29 7 4 30 3 19 19 55 49 30 55 29 24 1 31 30 53 50 31 42
split_gain=0.00748944 0.0022468 0.0019554 0.00156376 0.000880945 0.000727028 0.000697377 0.000634685 0.000598864 0.000531956 0.00069069 0.000494774 0.000458304 0.000451658 0.000317573 0.000301409 0.000299567 0.000288358 0.000278578 0.000271508 0.00025159 0.000246625 0.000240743 0.000430146 0.000276369 0.000224798 0.000224408 0.000222312 0.000196937 0.000239903 0.000195273 0.000195022 0.000188734 0.000185676 0.000225809 0.00017865 0.000185829 0.000275499 0.000173268 0.000159128 0.000149037 0.000148484 0.000145924 0.00013961 0.000137781 0.000136644 0.000133638 0.000133122 0.000128565 0.000127934 0.00014127 0.000127784 0.000126233 0.000125572 0.000123035 0.000119857 0.000116589 0.000146381 0.000116062 0.000116032 0.000114621 0.000114181 0.000113994 0.000113778 0.000125625 0.000111692 0.000111413 0.00010902 0.000133031 0.00010768 0.000107677 0.00010226 0.000101819 0.000100676 0.000195901 9.97523e-05 9.5033e-05 9.35336e-05 9.32443e-05 9.29502e-05 9.25759e-05 0.000193146 0.000160327 9.12162e-05 9.02856e-05 0.00016287 8.91822e-05 8.86115e-05
threshold=1.112399732620321 14.455555555555557 0.21860135837702707 0.034013612733932781 0.04361651913038856 100.50000000000001 84.500000000000014 0.035087852626459151 -0.0032493928835392589 24.500000000000004 2.6568921232876721 145.25426731704283 10.500000000000002 4.9174468085106389 229.50000000000003 219.50000000000003 -0.0056406164785807334 0.5413533834586467 0.0033643643360402602 18.500000000000004 -0.001586043820592131 5.5000000000000009 -0.0018248442116965563 11.500000000000002 120.50000000000001 255.50000000000003 0.78156090022215785 -0.095293485085852211 0.19508506581659549 630.88568920756143 118.50000000000001 81.296109502628298 0.29240839958520576 -0.003035669306334587 0.70307765151515167 -0.16316793893129769 2.2095830421200167 -0.061281022104132499 9207.0000000000018 41.189447898117926 990.95273165606659 23.719075706919412 -0.0015760451079261937 -0.084076314326672688 42.708333333333343 144.37739017413534 49.999999999996952 40856.000000000007 82.500000000000014 -0.001008573125874823 24.999999999999797 -0.38026457120244211 4974.5000000000009 -0.085877862595419838 -0.79383372441856992 -0.10184037007304761 30598.500000000004 20.088358441757119 -0.51970725710726373 0.021321289951503179 42.708333333333343 -0.13733817626773701 -2.9880217000049636 0.46652661064425777 -0.55519673243258516 -0.40984510147549319 1.2760399555366588 30.419912816673126 19.500000000000004 0.027136262818297039 -0.13498855220758663 17.500000000000004 -0.32910332057536001 5.3367265831417408 6.6913851333035845 15084.000000000002 8.361759271784254e-14 17.500000000000004 9133.0000000000018 2.5000000000000004 -1000.9999999999962 61.403197110367721 39.500000000000007 17.500000000000004 38.206690331664106 66.666666666667865 39.500000000000007 0.0018885758105361419
decision_type=2 2 2 2 2 2 2 2 2 2 2 2 2 2 2 2 10 2 2 2 2 2 8 2 2 2 2 2 2 2 2 2 10 2 2 10 2 2 2 2 2 2 2 10 2 2 2 2 2 2 2 2 2 10 10 8 2 2 10 2 2 2 2 2 2 2 2 2 2 8 2 2 2 2 2 2 2 2 2 2 10 2 2 2 2 2 2 2
left_child=2 3 6 8 18 11 7 39 53 12 28 44 38 16 30 56 80 19 22 -6 66 -13 24 -24 33 60 31 79 -11 67 -8 -21 -23 34 54 36 41 -38 -5 -1 69 71 -32 -18 -3 -36 -19 -14 -31 -22 -51 -25 58 -2 76 -16 84 -58 -52 -44 -7 63 -45 64 -35 -28 -9 68 -30 -41 72 -12 -33 -48 -75 -63 -4 -17 -20 -26 81 -10 -83 -29 -15 -86 -47 -74
right_child=1 5 4 9 17 25 14 20 13 10 35 21 47 15 55 77 43 46 78 26 49 32 23 51 27 -27 65 83 29 48 42 70 -34 61 45 -37 37 -39 -40 40 -42 -43 59 62 -46 86 73 -49 -50 50 52 -53 -54 -55 -56 -57 57 -59 -60 -61 -62 75 -64 -65 -66 -67 -68 -69 -70 -71 -72 -73 87 74 -76 -77 -78 -79 -80 -81 -82 82 -84 -85 85 -87 -88 -89
leaf_value=-5.0067942945554558e-05 5.7248217759590401e-05 5.7270922784862248e-05 -4.5460380935243797e-06 8.4190893455524414e-05 -8.7685630467032312e-05 3.7895501711371811e-05 -2.1011516740479026e-05 -0.00014429718461618255 -7.7692748044161378e-05 1.8252770377947142e-05 5.1202978082860209e-05 9.6836136499763796e-05 -2.982279496219893e-05 2.5191430928333835e-05 1.6543210430540801e-05 -1.5139310044595846e-05 -1.2643438172357826e-08 1.3303620871098536e-06 -7.2017757054115616e-05 2.8867525163351571e-06 -8.9067725576212183e-05 0.00023189110501010108 2.2693166095555862e-05 -4.4459916952745737e-05 -1.8303896854972687e-05 -4.6738028294998011e-06 6.2979991568262646e-05 -2.880646967249252e-05 4.5264071831786198e-05 -1.9291374265534589e-05 -0.00011374370579076788 7.0849329953693835e-06 0.00012604540968220713 5.8780612101549928e-06 -4.615041640437244e-05 3.1474662889751903e-05 0.00020483708643783422 6.8365080738789081e-05 0 -0.00015943616641595098 -6.6003110265353744e-05 0.00013321192431814418 -9.3379807588640779e-05 -9.6693234729070278e-06 9.6771679052668004e-05 6.2815261353234994e-05 1.8736593862915618e-05 -0.00011160069576621252 3.3386052314617389e-05 2.0263861630036172e-05 -1.882550435645047e-05 -0.00012559760468893702 -3.2896052210258481e-05 1.3329352857319953e-05 -0.00010209219891937726 -1.979483349454291e-05 8.4121525307592093e-05 1.1960864076161299e-05 -8.8515152371460422e-05 -3.9329947804837248e-05 8.2767536439769384e-05 -5.1851293685599937e-05 2.172302781101242e-05 9.3375353915168791e-06 -2.6098639666961835e-05 1.1144222314901001e-05 -6.3749850894627818e-05 0.0001152190880870186 0.00010044278676118035 -0.00010033663484227236 -5.1294650422347906e-05 8.7033999179079297e-05 -1.2341118369400151e-05 0.00012048961894563393 1.8310867053430883e-05 -5.6597107482556056e-06 -7.1555139795314351e-05 1.774181911541231e-05 -2.4795861085512083e-05 -4.8221844777510116e-05 -8.2417759505699293e-06 4.5741070570618977e-05 -2.5724681935228019e-05 -7.4736219080953566e-06 4.3084077537558171e-05 0.00012223077201053853 -2.8467272981238251e-06 -3.6675936685103081e-05
leaf_weight=53 314 306 55 51 44 314 655 41 72 618 220 91 71 293 202 284 1603 527 156 1048 61 44 48 39 167 115 54 389 453 80 36 210 45 263 50 95 35 38 65 98 54 48 51 154 170 38 682 37 146 44 42 69 549 105 54 210 35 476 104 813 89 93 770 774 289 473 50 36 60 75 97 186 696 35 62 137 48 149 79 530 1210 41 245 592 285 35 55 236
leaf_count=53 314 306 55 51 44 314 655 41 72 618 220 91 71 293 202 284 1603 527 156 1048 61 44 48 39 167 115 54 389 453 80 36 210 45 263 50 95 35 38 65 98 54 48 51 154 170 38 682 37 146 44 42 69 549 105 54 210 35 476 104 813 89 93 770 774 289 473 50 36 60 75 97 186 696 35 62 137 48 149 79 530 1210 41 245 592 285 35 55 236
internal_value=5.65142e-07 2.26345e-05 -1.80694e-05 1.64494e-05 -9.28778e-06 6.63329e-05 -4.06754e-05 -6.13514e-05 7.54555e-06 4.05489e-05 4.60371e-05 9.00154e-05 -8.38949e-06 4.64264e-06 -2.83173e-05 2.01069e-05 -1.21356e-06 1.49579e-06 -2.07526e-05 -4.47752e-06 -4.72369e-05 0.000138226 -1.84463e-05 -5.96853e-05 -1.65986e-05 3.61545e-05 -3.14212e-06 -2.65402e-05 3.2721e-05 4.41335e-05 -3.52958e-05 -7.74262e-06 0.00017946 -7.55835e-06 -3.18825e-05 7.57038e-05 8.34934e-05 0.000135121 3.76501e-05 -0.000105921 -0.000118535 7.49791e-05 -4.55841e-05 5.94542e-06 7.15814e-05 -5.39225e-07 1.46415e-05 -5.87344e-05 1.43115e-05 -4.09888e-05 -3.68894e-05 -9.71929e-05 -4.06468e-05 4.6473e-05 -5.98152e-05 -1.744e-06 2.9326e-05 1.70925e-05 -6.91295e-05 -4.26323e-05 4.80451e-05 -2.80648e-06 1.63864e-05 9.2811e-07 -1.06883e-05 1.66391e-05 -0.000101103 5.62339e-05 5.19062e-05 -0.000134374 -1.68114e-05 6.78563e-05 -1.37978e-05 2.35226e-05 5.61761e-05 -2.47574e-05 -3.67121e-05 -3.60133e-06 -5.65545e-05 -4.11922e-05 -1.28127e-05 -2.79917e-05 -1.51416e-05 -1.60314e-05 3.93662e-05 5.20428e-05 2.29436e-05 -1.86069e-05
internal_weight=20711 9484 11227 8310 8089 1174 3138 1171 6071 2239 2015 656 224 5652 1967 1557 4095 4164 3925 2858 891 180 3690 156 3534 518 2814 1678 1393 775 1555 2287 89 1856 300 622 527 73 116 280 227 454 900 2527 476 143 1306 108 226 800 739 108 695 419 157 412 1124 511 146 864 403 1556 924 1326 552 527 91 549 513 173 1239 406 1142 779 97 230 103 433 235 697 1568 358 286 981 613 320 93 932
internal_count=20711 9484 11227 8310 8089 1174 3138 1171 6071 2239 2015 656 224 5652 1967 1557 4095 4164 3925 2858 891 180 3690 156 3534 518 2814 1678 1393 775 1555 2287 89 1856 300 622 527 73 116 280 227 454 900 2527 476 143 1306 108 226 800 739 108 695 419 157 412 1124 511 146 864 403 1556 924 1326 552 527 91 549 513 173 1239 406 1142 779 97 230 103 433 235 697 1568 358 286 981 613 320 93 932
is_linear=0
shrinkage=0.0337242


Tree=11
num_leaves=89
num_cat=0
split_feature=20 20 20 19 52 19 31 37 31 20 29 20 20 40 25 31 36 31 16 52 24 7 31 31 15 48 19 17 29 31 52 52 19 31 19 24 31 19 29 51 48 20 20 31 20 20 31 20 20 30 15 49 23 9 18 16 27 31 52 31 31 20 20 53 48 29 42 20 52 17 20 27 29 31 16 27 31 9 40 20 53 54 52 20 54 19 13 20
split_gain=0.00699717 0.00209846 0.0018268 0.00146099 0.000846331 0.000823458 0.000678975 0.00055931 0.000496973 0.000645347 0.000428433 0.000422142 0.00040706 0.000374141 0.000344301 0.00033859 0.000322721 0.000281606 0.00026943 0.000298808 0.000242339 0.00022896 0.000212921 0.000210157 0.000183101 0.00018068 0.000272155 0.000179999 0.000440773 0.000253359 0.000229869 0.000227789 0.000185811 0.000169957 0.00025259 0.000233008 0.000190471 0.000168812 0.00016132 0.000156721 0.000150526 0.000149495 0.000145378 0.000141157 0.00013949 0.000134856 0.000130751 0.000137887 0.000129641 0.000128101 0.000127893 0.000127101 0.000122436 0.000116988 0.000115945 0.000115114 0.000111657 0.000222144 0.000146874 0.000110956 0.000108402 0.000106755 0.00010628 0.000104992 0.000102521 0.000101693 0.000125113 0.00010145 0.000101194 9.79691e-05 0.000157507 9.64275e-05 9.59473e-05 9.33294e-05 9.10992e-05 9.08262e-05 9.07583e-05 8.90062e-05 8.71908e-05 8.78853e-05 9.81726e-05 8.68531e-05 0.000104345 8.62915e-05 0.000120709 8.5502e-05 8.52961e-05 8.52919e-05
threshold=1.112399732620321 14.455555555555557 0.21860135837702707 0.034013612733932781 0.22067748338303569 0.04361651913038856 100.50000000000001 -0.0032493928835392589 24.500000000000004 2.4353400222965447 10.500000000000002 4.9174468085106389 0.030816714150047487 -1.0000000180025095e-35 -0.49696786714138735 234.50000000000003 0.0021528550241008975 219.50000000000003 0.5413533834586467 0.210029832092993 9999.5000000000018 0.15640662806774977 86.500000000000014 255.50000000000003 0.015091556099160663 57.938647294994304 2.2095830421200167 -0.0018248442116965563 11.500000000000002 120.50000000000001 0.34702139794647907 0.20851911280123658 -0.57818794733429957 119.50000000000001 -1.9696181013346459 5000.5833333333348 85.500000000000014 0.19508506581659549 1.0000000180025095e-35 49.999999999999147 85.988189002516819 5.5557275541795681 2.3864055299539175 4.5000000000000009 0.1038018018018018 0.44208267449740235 22.500000000000004 0.78156090022215785 1.6795873397435901 17.500000000000004 0.35974247405586218 86.76492323735026 0.050000000000002494 -0.085877862595419838 -0.17000686927961953 0.5084586466165415 -296.38874630023366 130.50000000000003 0.098870369548376191 83.500000000000014 16.500000000000004 42.708333333333343 0.95626812864565092 73.924082666612634 81.846833621146914 12.500000000000002 0.003442350989453669 3.4935376967688487 0.23602442022334541 -0.33844826072964507 7.1004464285714297 102.59622036467074 2.5000000000000004 16.500000000000004 0.093045112781954889 1.5952864462465886 101.50000000000001 -0.4837786259541984 0.0037453183520600457 0.12055224790211432 51.145807489798401 -15.494598538288971 0.14467879757155361 0.495432932932933 -4.0350125398042431 0.872883855608663 -0.049448672393989666 21.775000000000006
decision_type=2 2 2 2 2 2 2 2 2 2 2 2 2 2 2 2 2 2 2 2 8 8 2 2 10 2 2 8 2 2 2 2 2 2 2 10 2 2 2 2 2 2 2 2 2 2 2 2 2 2 8 2 10 10 10 2 8 2 2 2 2 2 2 2 2 2 2 2 2 8 2 10 2 2 2 10 2 10 2 2 2 2 2 2 2 2 10 2
left_child=2 3 4 7 15 16 20 53 10 22 41 14 21 52 60 44 27 69 19 45 87 40 24 61 -10 63 75 29 -29 30 38 -30 -31 35 67 36 50 48 -4 83 -6 -5 -36 -15 74 -7 -21 51 -24 -34 -16 76 -14 -2 -32 59 57 -41 -59 -40 -9 -8 -57 -11 68 78 -67 -35 -39 70 -13 -19 -47 -12 -1 -27 -48 -38 79 -45 -81 82 -46 84 -20 -86 -22 -3
right_child=1 6 5 8 12 18 23 11 9 25 73 17 13 43 33 -17 -18 71 39 46 86 -23 37 -25 -26 26 -28 28 31 32 54 -33 49 34 42 -37 77 64 55 56 -42 -43 -44 65 81 72 47 -49 -50 -51 -52 -53 -54 -55 -56 62 -58 58 -60 -61 -62 -63 -64 -65 -66 66 -68 -69 -70 -71 -72 -73 -74 -75 -76 -77 -78 -79 -80 80 -82 -83 -84 -85 85 -87 -88 -89
leaf_value=-8.1180866682239639e-05 5.5317569444558435e-05 5.4927927042765203e-05 -4.664592712304044e-05 -7.3689805994789333e-06 -0.00016062950422223522 -7.9929804406534086e-06 3.6617507440836921e-05 -5.2974449416213416e-05 7.6242398997729448e-05 4.3269073166852577e-05 -2.5888806465083668e-05 2.2005997473318204e-05 -7.9679396912346435e-05 1.0807377702574178e-05 9.4410325448820944e-06 3.8953394660586388e-06 -5.6018974188154352e-05 2.1067544970332059e-05 -7.6150293370423055e-05 -8.46275306585396e-05 0.0001029536539438634 -3.6781526297398768e-05 3.4585255592565244e-06 -4.5161827925403032e-06 -1.048205942488645e-06 8.218980128824956e-05 0.00015851391066869905 3.2616823052200152e-05 -2.6195865848645321e-05 -4.7961053715206054e-05 -2.5356251095312334e-05 -0.00013224581734414925 -3.1341421019157509e-05 -2.6059979762628527e-05 9.0634540803311971e-07 7.4655657045036159e-05 7.039628548946545e-05 3.4205441630089766e-05 -1.5734154057513066e-05 0.00011098186599118746 -8.4271736954611668e-05 6.8720198522372267e-05 2.5882271622987679e-05 -6.6594808301686143e-05 -2.8573380728903329e-05 4.7511521509493236e-05 2.472778487683571e-05 2.1566262045224627e-05 4.0123128729585899e-05 -9.8984417198489178e-06 -3.8898385539768167e-05 -3.6824170508424856e-05 -0.00016439775515917615 1.2879832089993357e-05 -9.4368423033085614e-05 6.9797043640777716e-06 1.7272211709863419e-05 7.2900521046489602e-05 -1.4801896074486917e-05 6.7238791009060916e-06 -1.1925240310103297e-05 7.9976272665974022e-05 6.6696605542283674e-05 0.0001015593672692699 8.5666377108703222e-05 -4.7490002411848988e-05 -0.00010624168875496908 6.6901755652849369e-06 7.3757095930428523e-05 2.4400298634752469e-05 9.5911742924799246e-05 -1.3858944237607052e-05 6.8119194097870964e-06 -9.201111142189337e-05 -3.9258080092242899e-05 2.856874124046078e-05 -2.0062938610347216e-05 2.0155784497969129e-05 -5.6162373866699882e-06 -5.1036500805320022e-05 3.6417791477059197e-06 -1.9482894817213921e-05 -0.00010243002164502415 8.8831615140918106e-06 1.3379460803075287e-05 -4.6726270469911482e-05 0.00016046824221893895 8.6050054106166912e-05
leaf_weight=68 314 181 95 48 90 884 314 79 39 282 59 79 49 44 488 314 267 126 36 38 102 39 212 115 308 278 54 45 40 338 84 64 590 437 832 78 80 311 704 47 54 68 395 147 77 71 77 80 242 724 71 384 42 105 46 510 701 35 54 381 1403 89 37 44 91 116 74 137 106 983 62 307 1173 49 977 48 151 95 76 87 60 790 34 310 84 39 57 316
leaf_count=68 314 181 95 48 90 884 314 79 39 282 59 79 49 44 488 314 267 126 36 38 102 39 212 115 308 278 54 45 40 338 84 64 590 437 832 78 80 311 704 47 54 68 395 147 77 71 77 80 242 724 71 384 42 105 46 510 701 35 54 381 1403 89 37 44 91 116 74 137 106 983 62 307 1173 49 977 48 151 95 76 87 60 790 34 310 84 39 57 316
internal_value=5.45731e-07 2.18777e-05 -1.74658e-05 1.58997e-05 -3.93161e-05 -8.97737e-06 6.41097e-05 7.2927e-06 3.91941e-05 4.44991e-05 -8.09547e-06 4.48665e-06 -6.7495e-05 -5.54372e-05 -1.17422e-06 -2.83259e-05 -2.00619e-05 1.94371e-05 1.44769e-06 -4.32538e-06 8.69996e-05 -0.00011276 3.0353e-05 3.49352e-05 7.3601e-06 7.05906e-05 8.67715e-05 -1.74109e-05 -5.39854e-05 -1.58303e-05 -7.21048e-06 -9.23869e-05 -2.54613e-05 6.16443e-06 3.3458e-07 1.89759e-05 1.29273e-05 3.85462e-05 -3.89442e-06 1.41553e-05 -0.000132667 3.64018e-05 9.02546e-06 -4.55736e-05 -3.35747e-05 2.01969e-06 -2.29541e-05 -1.94277e-05 2.32151e-05 -1.96001e-05 3.1284e-06 -2.49444e-05 -0.000119843 4.49135e-05 -5.05195e-05 -1.34659e-06 2.29066e-05 5.12381e-05 1.86018e-05 -7.75888e-06 -1.41786e-05 4.64329e-05 1.11958e-05 5.1433e-05 5.20573e-05 -5.01762e-05 -7.0881e-05 -1.80749e-05 4.44912e-05 2.83486e-05 5.51891e-05 -3.47235e-06 9.21251e-06 -5.67838e-05 -4.20786e-05 7.45912e-05 -4.5123e-06 4.36752e-05 -3.92827e-05 -4.76568e-05 -2.80613e-05 -2.36044e-05 -5.2067e-05 -1.25679e-06 -2.16344e-05 -4.89264e-06 0.00012418 7.49103e-05
internal_weight=20711 9484 11227 8310 3138 8089 1174 6071 2239 2015 224 5652 878 695 4095 2260 3925 1557 4164 2858 656 183 1309 518 347 706 380 3658 149 3509 1857 104 1652 2613 1801 812 734 962 1727 1306 144 116 1227 604 1946 2128 730 692 454 1314 559 612 91 419 130 1632 837 136 89 1085 1482 403 547 326 508 560 190 574 417 1124 141 433 1244 108 1045 326 228 175 370 294 147 901 111 469 159 123 159 497
internal_count=20711 9484 11227 8310 3138 8089 1174 6071 2239 2015 224 5652 878 695 4095 2260 3925 1557 4164 2858 656 183 1309 518 347 706 380 3658 149 3509 1857 104 1652 2613 1801 812 734 962 1727 1306 144 116 1227 604 1946 2128 730 692 454 1314 559 612 91 419 130 1632 837 136 89 1085 1482 403 547 326 508 560 190 574 417 1124 141 433 1244 108 1045 326 228 175 370 294 147 901 111 469 159 123 159 497
is_linear=0
shrinkage=0.0337242


Tree=12
num_leaves=89
num_cat=0
split_feature=20 20 20 19 31 31 37 20 20 19 31 20 19 1 49 37 31 34 1 31 1 19 20 31 31 19 48 4 26 48 19 22 11 1 20 1 43 20 22 45 31 31 38 20 1 24 3 16 31 1 19 4 39 19 1 20 50 31 4 47 31 2 4 10 20 0 10 19 31 31 0 19 0 19 53 2 20 4 48 11 4 31 40 31 1 24 4 1
split_gain=0.00691715 0.00198672 0.00182298 0.00144986 0.000757422 0.000703081 0.000619758 0.0005904 0.000503635 0.000662851 0.000414566 0.000633644 0.000387729 0.000362234 0.000352113 0.000348372 0.000312118 0.000241717 0.000548417 0.000286246 0.00027938 0.000246223 0.000204818 0.000207925 0.000204144 0.000199923 0.00023491 0.000198922 0.000188591 0.000183979 0.000179658 0.000171998 0.000180471 0.000212658 0.000164477 0.000164171 0.000160679 0.000213305 0.000179252 0.00015988 0.000206235 0.000153216 0.00014976 0.000142528 0.000178749 0.000137305 0.000134194 0.000130242 0.000129479 0.000279852 0.000174951 0.000137237 0.000127856 0.000125489 0.00012059 0.000118614 0.00015174 0.000140458 0.000133063 0.000117532 0.000114672 0.00011179 0.000109309 0.000107789 0.000103526 0.00010179 0.000101485 9.81063e-05 9.67829e-05 9.5944e-05 0.000142747 0.000112107 9.54679e-05 0.000139904 0.000108189 9.86898e-05 9.36031e-05 9.4602e-05 9.33008e-05 9.3029e-05 9.20521e-05 9.11935e-05 9.11511e-05 9.02393e-05 8.98125e-05 8.95179e-05 0.00013057 8.95107e-05
threshold=1.112399732620321 16.606451612903232 0.060213074520303438 0.034013612733932781 79.500000000000014 215.50000000000003 0.0031771267065384694 3.3964740602671641 0.21860135837702707 0.04361651913038856 24.500000000000004 2.6568921232876721 1.8694798051233479 48.771039752975597 39.90220698746149 -0.0033955955263461064 201.50000000000003 1.0000000180025095e-35 47.736172751610802 120.50000000000001 33.012391890439368 -0.06978653255925947 0.495432932932933 24.500000000000004 198.50000000000003 0.2708462974805706 77.168273064035063 -0.39509723557012827 -0.011027825399821242 54.180446693783729 7.6615655315366107 -0.49902723735408555 -0.40935114503816789 156.91751033401189 6.3042929292929299 270.30950162442355 -0.0024316118408410632 0.70307765151515167 -0.79383372441856992 0.0043956256279464876 51.500000000000007 84.500000000000014 -0.0031670645348954025 0.030816714150047487 41.189447898117926 -1000.9999999999962 -0.42217971541077864 0.53101503759398505 119.50000000000001 114.1780982905983 -2.1115025959050508 -0.16456554921137426 0.0031662277946346022 -0.1145122257509925 992.48314898435626 6.8193473193473206 66.666666666666998 77.500000000000014 -0.15313542314432696 20.833333333342406 255.50000000000003 -0.4329296338489001 -0.48574679179150881 -1.0140977443609018 65.708333333333357 272.50000000000006 -1.2227443609022555 5.9335644662959348 18.500000000000004 125.50000000000001 38.500000000000007 0.43333333333330876 10.500000000000002 3.0111664906233391 33.222182951957016 -0.34861483968087575 1.3887119603680118 -0.076876872632709578 93.633638716196643 -0.72614503816793874 -0.17933461473231946 169.50000000000003 -0.0021041562897780026 202.50000000000003 711.4183164165147 5000.2500000000009 -0.043473345016677017 990.95273165606659
decision_type=2 2 2 2 2 2 2 2 2 2 2 2 2 2 2 2 2 2 2 2 2 2 2 2 2 2 2 2 10 2 2 8 10 2 2 2 2 2 10 2 2 2 2 2 2 10 2 2 2 2 2 2 2 2 2 2 2 2 2 2 2 2 2 2 2 2 2 2 2 2 2 2 2 2 2 2 2 2 2 10 2 2 2 2 2 8 2 2
left_child=2 3 4 7 43 13 8 14 16 17 12 25 29 68 48 79 42 19 20 36 -19 -21 46 -24 28 -12 35 69 -17 -5 81 64 33 -33 39 66 37 38 82 -13 -41 -37 -4 44 -1 -16 -11 52 49 51 76 -2 78 -26 -47 57 -57 58 -30 -45 -7 -28 72 -8 -15 -44 -27 -29 -3 70 -25 -72 74 -74 -48 -76 -50 -78 -38 -9 -39 -6 -10 -64 -79 86 -51 -46
right_child=1 5 6 10 30 60 63 15 9 22 11 34 -14 31 45 24 -18 18 -20 21 -22 -23 23 27 53 26 61 67 55 -31 -32 32 -34 -35 -36 41 47 80 -40 40 -42 -43 65 59 87 54 62 -49 50 85 -52 -53 -54 -55 -56 56 -58 -59 -60 -61 -62 -63 83 -65 -66 -67 -68 -69 -70 -71 71 -73 73 -75 75 -77 77 84 -80 -81 -82 -83 -84 -85 -86 -87 -88 -89
leaf_value=-4.9202620467959977e-05 3.716775204880949e-05 2.2455686754112756e-05 -0.00010012309302020394 1.4696417333307287e-05 -3.9515920418045678e-05 3.8554788804379505e-05 -4.0418673200359029e-05 0.00010168161567385346 0 1.6659693391718721e-05 1.9142518794376654e-05 5.6463942730377552e-05 8.9396571488617032e-05 7.782151762230377e-05 -3.1865463923154586e-05 -1.5849680629092153e-05 -8.941233300898977e-07 -5.6892180043434544e-05 1.3305739323815865e-05 -4.0837673304684924e-05 -0.0001785340088112673 -1.4310216111620631e-05 -6.3861172199364093e-05 2.034925445324366e-05 -1.5561651051881842e-06 3.9588454849308609e-05 4.1150898094972072e-05 2.4485703277350363e-06 6.6028835817687575e-05 -4.9936137694162134e-05 -0.00011091009108331 0.00010294941899286402 7.1184233867286798e-05 0.00020709865313677756 0.0001127762602815673 -2.6495447107603826e-05 -7.2527873454445233e-06 2.9173331271526246e-05 -0.00010614204647269065 5.4505694325407269e-05 0.00017230995361945149 3.0660419438518797e-05 -3.3820504469221779e-05 -0.00013080234338421471 -0.00014365103279535843 -4.5175783585750704e-06 -3.8776523004480513e-05 1.5379934958105849e-05 -6.3093688091355244e-05 4.9030463070160047e-05 9.3647694894191325e-06 -1.2561548335667784e-05 -6.2207716473967499e-05 3.2900384064561573e-05 -4.3373570282927923e-05 3.1182432049814715e-05 7.8415688608416193e-05 3.4706800192410687e-05 -8.0302354663167551e-07 -5.8611336012240986e-05 -4.5107648413577612e-06 9.5596827562490009e-05 -3.5824390657256267e-05 -9.4611357994110883e-05 0.00013940714319316352 8.1798299321187368e-06 9.9145009088502141e-05 3.8656822451467476e-05 6.9292986727091717e-05 9.6986300354943068e-06 4.0157416634369503e-05 0.00010485754656524315 6.3162997944519144e-07 7.1161310640648464e-05 -3.7898707701059832e-05 1.6179259928972987e-05 1.4515714019984038e-06 -6.2171954868600022e-06 4.1577557892308514e-05 4.729081403846856e-05 -2.3407917628987252e-05 -7.3204022262351123e-06 -6.5420002620659434e-05 -8.0211049699732179e-06 -7.8767402617084108e-05 7.3125355854955409e-05 -1.4231679528131125e-05 -8.2737528761971156e-05
leaf_weight=43 85 73 39 85 377 229 641 52 57 248 754 476 43 187 352 121 429 52 68 717 41 931 43 203 789 166 77 1495 37 116 35 44 37 59 100 79 1058 67 55 39 35 158 1406 35 142 1124 151 372 48 130 988 245 47 141 100 482 97 337 373 149 96 126 274 48 44 65 45 91 228 213 88 54 595 34 55 127 191 45 46 168 87 147 43 279 39 97 49 45
leaf_count=43 85 73 39 85 377 229 641 52 57 248 754 476 43 187 352 121 429 52 68 717 41 931 43 203 789 166 77 1495 37 116 35 44 37 59 100 79 1058 67 55 39 35 158 1406 35 142 1124 151 372 48 130 988 245 47 141 100 482 97 337 373 149 96 126 274 48 44 65 45 91 228 213 88 54 595 34 55 127 191 45 46 168 87 147 43 279 39 97 49 45
internal_value=2.89494e-07 2.16451e-05 -1.76114e-05 1.62809e-05 -6.17478e-05 6.66831e-05 -1.33995e-05 7.64709e-06 -1.11528e-05 -7.21706e-06 3.91098e-05 4.40467e-05 -2.07386e-06 8.6439e-05 -1.3811e-06 1.98274e-05 -2.65111e-05 -1.76e-05 -5.82206e-05 -1.56929e-05 -0.000111559 -2.59102e-05 2.32914e-06 9.24182e-06 1.60143e-05 3.11874e-05 4.49896e-05 1.07531e-05 2.39494e-05 -2.21231e-05 -3.58654e-05 0.000109045 0.000139827 0.000163546 7.16939e-05 3.09846e-05 -6.44896e-06 -2.86446e-05 -5.65762e-05 6.40486e-05 0.00011153 1.12006e-05 -3.3725e-05 -9.64618e-05 -0.000114916 -1.32139e-05 -6.19122e-06 -1.88224e-06 8.29642e-06 2.1207e-05 2.25485e-06 0 -7.54531e-06 3.56396e-06 -7.77106e-06 2.76541e-05 3.92624e-05 1.85271e-05 4.99241e-06 -7.28687e-05 2.55365e-05 7.54211e-05 -9.99564e-06 -4.43344e-05 8.99706e-05 -3.18989e-05 5.27482e-05 4.58704e-06 5.82549e-05 2.81055e-05 3.91895e-05 6.54424e-05 -3.0107e-06 4.59773e-06 -1.76724e-05 0 -1.91939e-05 -1.11799e-05 -5.13063e-06 6.05862e-05 0 -3.06684e-05 -2.83483e-05 -2.19718e-05 -4.1052e-05 4.62673e-05 3.11729e-05 -0.00012951
internal_weight=20578 9386 11192 8389 973 997 10219 6090 9530 7591 2299 2055 244 672 3493 2597 1939 3641 161 3480 93 1648 3950 2187 2377 1405 651 2144 1447 201 559 371 140 103 650 448 1832 309 155 550 74 237 1510 414 230 1576 1763 1523 1917 606 1311 330 1151 930 1224 1326 579 747 410 184 325 203 1515 689 231 1471 211 1586 301 558 345 142 962 629 333 182 323 275 1104 220 154 524 100 553 84 276 179 187
internal_count=20578 9386 11192 8389 973 997 10219 6090 9530 7591 2299 2055 244 672 3493 2597 1939 3641 161 3480 93 1648 3950 2187 2377 1405 651 2144 1447 201 559 371 140 103 650 448 1832 309 155 550 74 237 1510 414 230 1576 1763 1523 1917 606 1311 330 1151 930 1224 1326 579 747 410 184 325 203 1515 689 231 1471 211 1586 301 558 345 142 962 629 333 182 323 275 1104 220 154 524 100 553 84 276 179 187
is_linear=0
shrinkage=0.0337242


Tree=13
num_leaves=89
num_cat=0
split_feature=25 17 52 16 30 18 30 1 50 39 40 1 29 24 52 16 35 29 11 6 45 19 27 53 22 47 11 29 24 1 47 52 54 1 27 16 26 45 52 53 52 52 36 54 27 35 52 54 53 13 29 13 38 1 1 18 15 27 36 53 27 2 36 16 25 40 29 53 16 54 6 38 27 19 52 18 15 29 45 30 16 12 18 26 13 16 16 48
split_gain=0.00265614 0.00127753 0.00105819 0.000665064 0.000276845 0.000274562 0.000232158 0.000223593 0.00021026 0.000194112 0.000188581 0.000175736 0.000168819 0.000247687 0.000184528 0.000153841 0.000132094 0.000179847 0.000235033 0.000157274 0.000129822 0.000128514 0.000178603 0.000126449 0.000125061 0.000123014 0.000168911 0.000119871 0.000121378 0.000274744 0.00037567 0.000196099 0.000140248 0.000112706 0.000148221 0.000154906 0.000115191 0.000158174 0.000112172 0.000111803 0.000102938 0.000102294 0.000100328 0.000100186 9.92301e-05 0.00010391 0.000127669 0.000111275 9.86156e-05 9.57288e-05 9.3626e-05 9.33496e-05 9.13064e-05 9.12904e-05 8.58712e-05 0.000152457 0.000112518 8.56252e-05 8.54351e-05 8.47758e-05 8.4282e-05 8.42618e-05 8.69575e-05 8.39926e-05 8.33198e-05 8.63816e-05 8.30208e-05 8.26547e-05 8.1459e-05 7.97111e-05 7.85511e-05 7.82928e-05 7.71437e-05 7.61189e-05 0.000112837 0.000161863 9.10059e-05 9.65703e-05 7.93884e-05 7.46011e-05 7.40232e-05 9.09771e-05 7.45652e-05 7.39189e-05 7.29534e-05 9.17604e-05 7.03933e-05 7.01186e-05
threshold=-0.50262329198501032 -0.26075158713905383 0.31201143981053708 0.880639097744361 18.500000000000004 -0.57720347158770779 18.500000000000004 1334.1072246505275 66.666666666666458 0.0041688481248872708 0.0038167938931298333 623.95402080162364 10.500000000000002 12500.500000000002 0.081505695557793911 0.92763157894736847 1.0000000180025095e-35 17.500000000000004 -0.056297709923664112 -58.749999999999993 -0.003259985865423864 9.1750323222410675 -29.499519940322653 32.142823001183267 -0.71290135741230276 126.1261261261384 -0.75858778625954193 1.0000000180025095e-35 -5000.2499999999991 42.538543221903957 -81.481481481483186 0.23360244510311348 -15.494598538288971 617.60978835978847 -480.18937629105625 0.42293233082706772 0.0035385679153263684 0.0019436364323222046 0.22715278170647726 68.369572803992043 0.43103014748747753 0.3685944569654418 0.0013726842430545896 2.7212485057935476 1238.8920294896673 1.0000000180025095e-35 0.21176826070987798 2.3440410575576025 20.631998315487461 -0.048267250817789174 5.5000000000000009 -0.18201145912397482 0.001857011814526355 114.0596403647058 372.31641329646357 -0.17000686927961953 0.017827265450284659 -169.33577092032689 -0.003055769545019515 32.798973715723477 12.434867809085608 0.044006637015555246 0.0027491421920582408 0.79605263157894746 -0.99193552599956447 0.0038167938931298333 6.5000000000000009 30.926722598788444 0.52161654135338364 11.9059997273169 -20.249999999999996 0.0037771516210721727 1.8266872819476949 0.37181013041414351 0.20039329487206228 -0.12528391908309242 0.13490410422724228 10.500000000000002 -0.0068847019789074473 16.500000000000004 0.53571428571428592 -0.46469465648854957 -0.21579263665201398 -0.0049039641284558556 -0.034671413314346734 0.47368421052631587 0.13815789473684212 49.118718762256115
decision_type=2 10 2 2 2 10 2 2 2 2 2 2 2 8 2 2 2 2 8 10 2 2 8 2 8 2 10 2 10 2 2 2 2 2 8 2 10 2 2 2 2 2 2 2 10 2 2 2 2 10 2 10 2 2 2 10 10 10 2 2 10 2 2 2 2 2 2 2 2 2 10 2 10 2 2 8 10 2 2 2 2 10 10 10 8 2 2 2
left_child=2 4 6 11 9 24 7 15 44 27 68 33 13 14 -6 16 19 18 57 25 -10 22 39 -9 50 -1 -27 59 29 31 -31 -29 -32 34 38 -36 37 40 -3 43 42 61 73 -8 45 46 -5 -47 72 53 -4 -11 70 -30 56 -56 -45 -18 -13 -2 -48 62 -26 80 65 67 -41 -21 -7 -65 -14 -66 -24 78 -75 -76 77 -77 -37 -59 -60 -82 -83 -35 85 -34 -43 -87
right_child=1 3 5 8 12 10 21 23 20 51 -12 58 52 -15 -16 -17 17 -19 -20 64 -22 -23 48 -25 41 26 -28 28 49 30 32 -33 84 83 35 36 -38 -39 -40 66 -42 86 -44 54 -46 47 60 -49 -50 -51 -52 -53 -54 -55 55 -57 -58 79 63 -61 -62 -63 -64 69 71 -67 -68 -69 -70 -71 -72 -73 -74 74 75 76 -78 -79 -80 -81 81 82 -84 -85 -86 87 -88 -89
leaf_value=-3.2646710552018894e-06 -3.1855446660690195e-06 2.8759888185988273e-06 -7.3694084204939939e-05 2.4628779553298804e-05 8.6084019335687725e-05 -5.9491193597684396e-05 4.6815955567603135e-06 -1.389455312103798e-05 9.7591085547430543e-05 -2.9260009955341938e-05 -0.00011841244509396638 3.0281045576455384e-05 3.8684417902255076e-05 0.00010105219424493731 5.6724644520269023e-06 5.3707764275841107e-05 -8.8356236876604492e-05 -8.5568097934430061e-05 4.342225514054034e-05 -1.9416421674941402e-05 4.5152034032657623e-05 -5.9352321600817947e-05 0 -8.3719143905903404e-05 4.9441389825579799e-05 7.8028105948377115e-06 0.0001000496756481206 -3.1752048456965393e-05 -2.6039650028906626e-06 6.6984311657374679e-05 -9.3561857063769003e-05 -0.0001260968362120563 -6.611368718179436e-05 8.9037054903788962e-05 -9.6346756912461946e-06 -2.0227806765619565e-05 1.3629387351805922e-06 6.6297127260479897e-05 -5.0687179988139367e-05 1.4771902116401916e-05 7.1330678034885436e-05 0 -3.8705086018616983e-05 -2.6669730547605101e-05 -5.902006233786968e-07 -2.9927316945954311e-05 6.9288630555960451e-05 4.5156540911840607e-05 -9.3209882088402471e-06 7.6597774072072061e-06 -3.3295941444779155e-05 -9.5875606571902745e-05 -3.4565483401995284e-05 -1.8099177814175633e-05 9.5017765762038118e-05 1.4748105520224474e-05 3.2966276285422006e-05 1.1154302793926656e-05 -2.1591548372026403e-06 6.7131640549488998e-05 3.6699866931637659e-05 -2.4145752137287378e-05 -9.6311702266134208e-06 -6.2452159223323341e-06 -1.859942691109858e-05 2.5488454433666875e-05 -3.6584835171322888e-05 -7.3111320581467182e-06 -1.903685703334791e-05 -5.0940543511608573e-05 -2.6926415990698151e-06 -5.6861967681210929e-05 6.3857957825690637e-05 1.6841541874009246e-05 0.00010798843169075583 2.50622118798493e-05 2.2150378873317111e-06 9.8584076029960814e-05 1.7351695429380542e-05 -4.2805085458398226e-05 3.597791868629747e-05 3.0126810624691151e-05 -9.7626626846815832e-06 1.675562883355548e-05 1.4595441609045258e-05 -4.3532101162613269e-05 -4.9581009696950083e-05 7.3585781475248307e-06
leaf_weight=162 35 591 82 1019 38 389 232 53 66 68 60 112 63 47 248 40 34 63 50 914 438 39 53 79 62 62 38 60 793 56 34 48 55 39 243 63 443 83 48 68 43 46 34 43 129 65 137 34 983 359 474 43 84 996 61 54 183 39 878 38 352 71 48 179 825 75 72 2320 75 64 287 69 38 282 45 56 67 37 2922 92 151 77 170 34 53 50 100 74
leaf_count=162 35 591 82 1019 38 389 232 53 66 68 60 112 63 47 248 40 34 63 50 914 438 39 53 79 62 62 38 60 793 56 34 48 55 39 243 63 443 83 48 68 43 46 34 43 129 65 137 34 983 359 474 43 84 996 61 54 183 39 878 38 352 71 48 179 825 75 72 2320 75 64 287 69 38 282 45 56 67 37 2922 92 151 77 170 34 53 50 100 74
internal_value=2.80487e-07 1.00948e-05 -1.46796e-05 1.69056e-05 -7.05647e-06 -4.13011e-05 -9.1088e-06 -1.29251e-05 3.28255e-05 -1.20506e-05 -6.08166e-05 1.15375e-05 1.08017e-05 2.88911e-05 1.66945e-05 -1.17046e-05 -1.22767e-05 -3.49887e-05 -1.97181e-05 -1.08409e-05 5.22109e-05 1.11046e-06 2.48411e-06 -5.64158e-05 -2.96104e-05 1.43389e-05 4.38233e-05 -1.01766e-05 -1.14111e-05 -2.78586e-05 -1.18885e-05 -7.45781e-05 -2.88567e-05 1.46596e-05 1.4021e-05 1.62657e-05 1.78339e-05 1.98163e-05 -9.9628e-07 1.56078e-05 1.8702e-05 -1.26223e-05 1.8029e-05 2.22652e-05 2.71418e-05 2.94281e-05 3.16319e-05 -3.16458e-06 -6.13835e-06 -8.07349e-06 -3.94278e-05 -5.59369e-05 -2.85523e-06 -1.12847e-05 3.39448e-05 5.81665e-05 2.11919e-05 -3.94374e-05 1.84986e-06 3.20939e-05 4.60277e-05 3.84203e-06 2.27856e-05 -1.82822e-07 -1.24335e-05 -9.91139e-06 -1.09497e-05 -1.07622e-05 -5.31606e-05 -1.84146e-05 4.47907e-06 -2.16607e-05 2.71789e-05 1.86124e-05 3.12011e-05 5.04828e-05 3.37052e-05 5.53523e-05 1.65262e-05 -2.6003e-05 3.21347e-06 1.53085e-05 2.2812e-06 5.66959e-05 -1.89574e-05 -2.9432e-05 -3.36957e-05 -1.23824e-05
internal_weight=20578 12430 8148 8901 3529 1407 6741 4915 2240 2762 524 6661 767 333 286 4783 4743 278 215 4465 504 1826 1787 132 883 262 100 2651 2578 430 322 108 266 5030 4957 4318 4075 3632 639 713 3549 327 3506 573 1736 1607 1508 99 1074 2148 556 111 434 1789 341 115 226 165 1631 73 489 181 110 1519 4203 3309 140 3234 464 243 350 894 91 3472 487 205 160 93 2985 131 1276 398 247 73 232 179 146 124
internal_count=20578 12430 8148 8901 3529 1407 6741 4915 2240 2762 524 6661 767 333 286 4783 4743 278 215 4465 504 1826 1787 132 883 262 100 2651 2578 430 322 108 266 5030 4957 4318 4075 3632 639 713 3549 327 3506 573 1736 1607 1508 99 1074 2148 556 111 434 1789 341 115 226 165 1631 73 489 181 110 1519 4203 3309 140 3234 464 243 350 894 91 3472 487 205 160 93 2985 131 1276 398 247 73 232 179 146 124
is_linear=0
shrinkage=0.0337242


Tree=14
num_leaves=89
num_cat=0
split_feature=20 20 20 19 31 19 31 20 20 49 31 20 31 19 19 20 25 16 40 31 36 31 1 1 31 31 9 36 31 17 19 1 1 31 31 19 54 30 19 31 19 31 19 51 20 50 16 45 23 54 31 2 42 1 20 31 27 31 22 31 26 47 19 1 31 49 1 0 54 1 19 4 30 31 20 19 23 38 4 23 51 20 38 50 31 31 54 19
split_gain=0.00598972 0.00199835 0.0015599 0.00131447 0.000738464 0.000728298 0.000662601 0.00050021 0.000485547 0.0003552 0.000336805 0.000328245 0.000317585 0.000562673 0.00029851 0.000296783 0.000288914 0.000240579 0.000223879 0.000222515 0.00021669 0.000205457 0.000292396 0.000266275 0.000177746 0.000174213 0.000164293 0.000162186 0.000160929 0.000156071 0.000151432 0.00030506 0.000148965 0.000144431 0.00021536 0.00019536 0.000252904 0.000151863 0.000144197 0.000139076 0.000138648 0.000138321 0.000174008 0.000125939 0.000123499 0.000124624 0.000135356 0.000122467 0.000121886 0.000248822 0.000203059 0.000134507 0.000123078 0.00011653 0.000121761 0.000115725 0.000111971 0.000111164 0.000156084 0.000152489 0.000105486 0.000121212 0.000101173 0.000249937 0.000151355 0.000103113 0.000100124 9.91768e-05 0.000105418 9.60985e-05 9.54424e-05 9.26864e-05 0.000136157 0.000179104 0.000133333 9.72208e-05 0.000100959 9.05565e-05 9.02101e-05 8.92504e-05 8.77704e-05 8.72864e-05 8.58651e-05 8.56804e-05 8.48747e-05 0.0001108 8.47525e-05 8.21612e-05
threshold=1.5966726003012461 0.20446941323345821 21.775000000000006 0.027249287750612087 77.500000000000014 0.04361651913038856 192.50000000000003 6.575187969924813 0.030816714150047487 53.038659948327727 231.50000000000003 0.74946808510638319 25.500000000000004 1.8694798051233479 0.1498881560388661 2.5448791714614503 -1.0000000180025095e-35 0.5413533834586467 -0.001008573125874823 224.50000000000003 -0.0034188134087615447 16.500000000000004 47.736172751610802 32.663509160881958 118.50000000000001 18.500000000000004 -0.16603053435114501 0.0034188134087614901 25.500000000000004 -0.33844826072964507 5.3367265831417408 631.68192192832782 79.012095259468339 117.50000000000001 55.500000000000007 -5.328843120284886 -30.593597602763296 17.500000000000004 -0.065723133600549474 255.50000000000003 0.24047916453992005 123.50000000000001 -0.35824032746162254 9.9382716049379471 0.43551971326164879 11.111111111110949 0.46898496240601512 0.0040955650481963044 -0.30000000000000066 -17.765497567775625 10.500000000000002 -0.68856917404798246 0.0019398660344698284 115.22047529595132 0.060213074520303438 143.50000000000003 -0.89028169400975499 113.50000000000001 -0.98953547266741426 210.50000000000003 -0.0066034328168717059 -66.666666666666075 0.29035629855341233 269.05003004372566 86.500000000000014 96.328619619752814 367.7423003771512 25.500000000000004 21.690101012846757 79.012095259468339 0.98897092141542953 -0.38499915201537671 18.500000000000004 94.500000000000014 1.112399732620321 1.4854535854793485 0.30000000000000077 0.0032388685202960903 -0.17652213239866579 0.19999999999999221 6.7698932879365107e-13 1.3002890173410406 -0.0018365488397193983 -1.0000000180025095e-35 188.50000000000003 20.500000000000004 -3.1935991859234227 -0.1320711995638035
decision_type=2 2 2 2 2 2 2 2 2 2 2 2 2 2 2 2 2 2 2 2 2 2 2 2 2 2 10 2 2 8 2 2 2 2 2 2 2 2 2 2 2 2 2 2 2 2 2 2 10 2 2 2 2 2 2 2 10 2 10 2 10 2 2 2 2 2 2 2 2 2 2 2 2 2 2 2 10 2 2 10 2 2 2 2 2 2 2 2
left_child=1 4 3 7 8 16 14 9 40 20 24 17 13 47 32 62 21 25 56 29 55 22 23 -3 -6 -7 67 57 -13 -9 -19 -32 -4 34 35 -18 -37 82 -35 -8 -1 -23 81 -30 66 83 -47 69 50 -50 -20 -51 -53 -26 -55 -2 -10 58 -27 77 -22 80 64 65 -14 -64 -38 -17 -69 -5 -56 75 -73 -74 -75 76 -45 -59 -29 -31 -62 -43 -36 -46 85 -11 -85 -86
right_child=2 5 6 12 10 11 39 19 18 84 -12 28 15 -15 -16 26 33 30 48 -21 60 41 -24 -25 53 27 -28 78 43 79 31 -33 -34 38 37 36 44 -39 -40 -41 -42 42 -44 71 45 46 -48 -49 49 51 -52 52 -54 54 70 -57 -58 59 -60 -61 61 -63 63 -65 -66 -67 -68 68 -70 -71 -72 72 73 74 -76 -77 -78 -79 -80 -81 -82 -83 -84 86 87 -87 -88 -89
leaf_value=-6.8719831872502337e-05 8.3700257607129681e-05 -3.2069036189362976e-05 6.2996811043610098e-05 -3.6210184870726448e-05 -2.0694919200908408e-05 -8.3853722703130249e-05 4.3891771203468779e-05 8.400418398627308e-05 -5.9569844407229413e-05 -4.3024300021936467e-05 1.7935079904889708e-06 -4.5843619728643824e-05 -9.4552351547538999e-06 0.00012244343472371516 0.00017384960810526719 5.8464698682897949e-05 6.1619077936540624e-05 4.687067681063549e-06 5.4773269516001014e-05 4.4310064229539753e-06 -1.1737515564306728e-05 -1.1868967528794415e-05 -9.1773975399064609e-06 -0.00016069623764599232 -3.3406871071832888e-05 7.1090109409159533e-05 2.6490126762637176e-05 -2.7025438544432396e-05 -1.2865353129832797e-05 2.467472758328377e-05 9.8583166875406317e-05 -2.5316558664834822e-06 0.00010384319962138149 -2.8551580920921351e-05 5.3931887844852463e-05 -0.00010960417609120961 -8.2094113042737433e-05 -7.0511877431643215e-06 -5.0536564957445596e-06 -4.9054996770120714e-06 -0.00012822358719746546 -5.5819510752402776e-05 -2.1074034152398346e-05 3.8748382797976818e-05 0 -4.5822687755059266e-05 1.243187825693548e-05 -6.8872994737191666e-05 -0.00012567300448169689 1.5949476825417877e-05 -3.8115469709566439e-05 -3.3468615409134174e-05 -7.0184797630143051e-05 -0.00010363392794768729 -7.180274018983583e-05 2.3791951234675755e-05 -0.00013276864839371422 -1.6409955977234766e-05 1.181829603864827e-06 3.9679345324836483e-06 4.512832859279614e-05 2.5199642789003154e-06 6.1205999113017289e-05 2.24822873192136e-05 3.5218225220826852e-05 0.00012655084434665749 -1.8559575806143522e-05 7.9082759926394434e-05 0.00014590707531293072 1.5417730526519473e-05 -3.0500096506371416e-05 6.0657667076360303e-06 -3.8302429497351706e-05 2.3003267544334868e-05 6.4706692309627378e-05 5.6286344815539119e-06 0.00010670377820735179 -6.5207624869632262e-05 -9.0435572943060302e-05 4.9062460768730386e-05 1.5213952321869377e-05 -1.2842172051330865e-05 1.554380926250912e-05 -8.7856593353499181e-05 -2.562299838009482e-05 1.7649808604278019e-06 -1.7782421696678485e-05 6.4490495157397168e-07
leaf_weight=79 66 34 229 60 719 36 190 70 57 69 378 48 112 42 48 312 35 772 36 392 262 920 65 46 533 39 112 128 148 722 62 71 216 623 84 34 50 331 590 97 139 320 946 133 50 53 305 36 46 39 100 295 177 62 125 97 52 946 581 494 136 969 97 184 335 46 77 246 35 129 155 720 39 295 132 76 34 47 35 241 780 72 393 44 516 674 43 174
leaf_count=79 66 34 229 60 719 36 190 70 57 69 378 48 112 42 48 312 35 772 36 392 262 920 65 46 533 39 112 128 148 722 62 71 216 623 84 34 50 331 590 97 139 320 946 133 50 53 305 36 46 39 100 295 177 62 125 97 52 946 581 494 136 969 97 184 335 46 77 246 35 129 155 720 39 295 132 76 34 47 35 241 780 72 393 44 516 674 43 174
internal_value=-5.33912e-07 -1.45466e-05 2.3026e-05 1.79067e-05 -3.87205e-05 -7.26846e-06 6.82797e-05 9.33586e-06 -6.20876e-05 2.83319e-06 -2.65851e-05 2.09687e-06 4.32203e-05 8.92441e-06 9.20781e-05 4.93463e-05 -1.61419e-05 -4.13008e-06 -4.97307e-05 2.63484e-05 1.10359e-05 -2.4678e-05 -6.39465e-05 -0.000107238 -3.33754e-05 -9.9346e-06 6.53319e-05 -8.71972e-06 1.44608e-05 3.4572e-05 1.05534e-05 4.38779e-05 8.30406e-05 -8.54266e-06 -1.47104e-06 -1.53499e-05 -1.96039e-05 1.02785e-05 -1.72019e-05 2.70625e-05 -0.000107104 -2.21135e-05 -2.90854e-05 1.63576e-05 -1.45288e-05 -6.68646e-06 3.53759e-06 -1.18363e-05 -4.24116e-05 -4.94642e-05 -1.28165e-05 -4.24147e-05 -4.7442e-05 -4.36846e-05 -5.94196e-05 4.86423e-05 -9.53773e-05 -6.15849e-06 5.7352e-06 -1.11825e-05 8.13582e-06 1.09493e-05 3.46609e-05 4.92e-05 2.38086e-05 8.2902e-05 -4.43343e-05 7.25049e-05 8.77501e-05 -4.60679e-07 -4.9284e-05 1.94519e-05 1.54279e-05 2.96855e-05 3.61216e-05 3.86937e-05 5.31625e-05 -1.8817e-05 -4.12342e-05 3.08784e-05 1.97609e-05 -4.81723e-05 2.25066e-05 -3.41088e-05 -1.03222e-05 -2.26437e-06 -5.43333e-05 -1.88588e-05
internal_weight=20637 12943 7694 6914 2992 9951 780 5168 1020 3743 1972 4836 1746 267 493 1479 5115 3211 802 1425 2310 2403 145 80 1594 2306 705 2270 1625 1033 905 133 445 2712 1499 691 656 808 1213 287 218 2258 1338 1577 622 495 358 225 693 557 136 511 472 875 342 163 109 2107 620 1487 2147 1885 774 327 447 143 127 593 281 189 280 1429 1186 466 427 243 167 993 163 963 916 392 477 137 1433 743 87 690
internal_count=20637 12943 7694 6914 2992 9951 780 5168 1020 3743 1972 4836 1746 267 493 1479 5115 3211 802 1425 2310 2403 145 80 1594 2306 705 2270 1625 1033 905 133 445 2712 1499 691 656 808 1213 287 218 2258 1338 1577 622 495 358 225 693 557 136 511 472 875 342 163 109 2107 620 1487 2147 1885 774 327 447 143 127 593 281 189 280 1429 1186 466 427 243 167 993 163 963 916 392 477 137 1433 743 87 690
is_linear=0
shrinkage=0.0337242


Tree=15
num_leaves=89
num_cat=0
split_feature=20 20 20 19 31 19 31 20 20 49 31 20 31 19 19 20 37 16 31 1 31 40 31 31 19 29 53 19 37 15 55 39 31 31 54 31 1 24 31 0 1 45 19 1 1 17 19 29 20 19 45 1 20 38 50 20 51 43 22 55 0 20 22 11 31 29 31 37 31 22 31 27 41 49 31 0 20 53 18 53 53 27 50 24 18 54 4 19
split_gain=0.00559619 0.00186662 0.00145643 0.00122772 0.000689727 0.00068061 0.000619232 0.000467163 0.00045305 0.000331725 0.000314769 0.000306628 0.00029668 0.000525411 0.000290933 0.000276933 0.000240207 0.000224681 0.000213359 0.000263669 0.000251928 0.000208971 0.000207956 0.00020714 0.000273701 0.00025021 0.000219214 0.000196442 0.000192051 0.000191772 0.000171508 0.000167452 0.000165946 0.000155257 0.00015362 0.000151949 0.00015165 0.000150918 0.000150369 0.000150038 0.000167357 0.00014351 0.00021953 0.000312917 0.000142565 0.000141923 0.000128861 0.000127504 0.000123607 0.000160331 0.000139288 0.000131474 0.000121226 0.000120219 0.00011839 0.000117879 0.000117747 0.000115629 0.000113392 0.000111764 0.000148499 0.000111602 0.00012121 0.000110005 0.000108708 0.00011724 0.000108473 0.00010688 0.000105839 0.000130029 0.000128355 0.000104018 0.000103399 0.00010233 0.000100815 9.92942e-05 9.80953e-05 9.68126e-05 0.000160746 9.66405e-05 9.60391e-05 9.58167e-05 0.000101992 9.37288e-05 9.27257e-05 9.17186e-05 8.94355e-05 0.000147815
threshold=1.5966726003012461 0.20446941323345821 21.775000000000006 0.027249287750612087 77.500000000000014 0.04361651913038856 215.50000000000003 6.575187969924813 0.030816714150047487 53.038659948327727 231.50000000000003 0.74946808510638319 25.500000000000004 1.8694798051233479 0.1498881560388661 2.5448791714614503 0.0024081887115248173 0.5413533834586467 2.5000000000000004 40.950999833035389 120.50000000000001 -0.001008573125874823 220.50000000000003 43.500000000000007 -3.1747501626417427 12.500000000000002 31.956586118003962 -0.70675768068228695 -0.003430541825542532 0.015091556099160663 -7074.9999999999991 0.003733666660471036 118.50000000000001 85.500000000000014 -21.737870116890324 20.500000000000004 79.012095259468339 -501.00000000002484 25.500000000000004 26.500000000000004 61.184102212231345 -0.0011997604797314707 5.3367265831417408 631.68192192832782 80.616164491822758 -0.33844826072964507 0.24047916453992005 12.500000000000002 0.95626812864565092 -1.5994920898909866 -0.0021528550241008966 143.17690767362961 0.40360671477684523 -0.001586043820592131 24.999999999999797 0.71050125313283219 9.9382716049379471 -0.0015760451079261937 -0.77121046892039247 4974.5000000000009 11.500000000000002 1.3887119603680118 -0.98525740747440382 -0.25286259541984729 163.50000000000003 19.500000000000004 255.50000000000003 0.0034188134087614901 113.50000000000001 -0.98953547266741426 210.50000000000003 -0.89028169400975499 -0.0012928253624424067 47.463573288847179 228.50000000000003 4.5000000000000009 6.8193473193473206 51.542364121496362 -0.48607175434665822 26.671532598475174 67.414910883527071 -23.678714777177202 55.555555555558044 499.99999999993611 -0.34156151559513825 -4.0350125398042431 -0.19508592910848546 -0.056792204021103736
decision_type=2 2 2 2 2 2 2 2 2 2 2 2 2 2 2 2 2 2 2 2 2 2 2 2 2 2 2 2 2 10 2 2 2 2 2 2 2 10 2 2 2 2 2 2 2 8 2 2 2 2 2 2 2 2 2 2 2 2 10 2 2 2 10 10 2 2 2 2 2 10 2 10 2 2 2 2 2 2 10 2 2 10 2 10 8 2 2 2
left_child=1 4 3 7 8 16 14 9 46 28 32 17 13 47 36 29 18 31 19 -3 23 71 45 24 -20 26 52 61 64 -14 -17 35 -6 -31 -27 -7 -4 -11 -13 -32 58 -19 -43 -44 -42 -9 -1 -5 50 -50 51 -25 -26 -23 -55 -53 -40 -34 -41 60 -56 62 -22 81 65 -2 -8 68 69 -37 79 -10 -30 -29 80 -18 -49 78 -36 -70 -64 82 -61 -58 -28 -65 87 -51
right_child=2 5 6 12 10 11 66 22 21 37 -12 38 15 -15 -16 30 75 41 20 -21 27 53 -24 48 25 34 84 73 72 33 39 -33 57 -35 77 67 -38 -39 56 40 44 42 43 -45 -46 -47 -48 76 49 86 -52 55 -54 54 59 -57 83 -59 -60 63 -62 -63 74 85 -66 -67 -68 -69 70 -71 -72 -73 -74 -75 -76 -77 -78 -79 -80 -81 -82 -83 -84 -85 -86 -87 -88 -89
leaf_value=-6.6402315601044707e-05 3.3664705025282189e-05 -0.00013436184688305321 5.9124238982783797e-05 1.3434607405843181e-05 -1.9997000080360064e-05 -7.7671865544614004e-05 3.9700745100135666e-05 8.165139748494659e-05 -5.7560904820101837e-05 -2.8975110032336889e-05 1.7330236588378933e-06 -4.429758502583794e-05 0.00010360657973399999 0.00011831414309419076 0.00016798668759067357 0 -8.8957891724050133e-05 -1.2168771057358222e-05 5.7169925493868026e-05 -5.9201077462756036e-06 -8.3661722740863726e-07 -0.00010082585607112834 5.1273148989705173e-06 1.4049697727950305e-05 -8.1647669489148215e-05 -9.5085345216230902e-05 6.3450503340391811e-05 -4.1620033194447135e-06 1.6452954975525454e-05 2.086210781342162e-06 5.2531822236452043e-05 -3.9111040145257302e-05 -9.9834205761867634e-05 3.8335518625329075e-05 -0.00010784374302670898 7.2517149496330609e-05 9.8848764804703048e-05 -3.5533347994835453e-06 -1.2431479581196749e-05 4.2627251955642477e-05 0.00017843173118246779 9.9320397467017752e-06 0.00012796728689113692 6.3793638062885058e-06 9.2213620640034882e-05 3.0192790165858269e-05 -0.00012389935521715212 -6.8776944115040697e-05 5.5589590112384148e-05 8.6246973777389399e-05 1.2041598310004751e-06 -8.6848541460420248e-05 -1.6259067410567994e-05 2.1186087111224365e-05 -9.0725454615547379e-05 -9.7789395894796511e-06 1.3251963111494371e-05 -3.93469329061215e-05 0.00010667782993432281 3.7532808859531057e-05 -7.4352892201118508e-06 -9.7686285130668736e-06 -5.0683919549049104e-05 -9.9920998480908813e-05 1.0218098255069116e-05 0.00010328884394690991 -4.7400659048637184e-06 -4.1791122366909872e-05 -4.0831974326740906e-05 4.1185450298432164e-06 5.5201910416902108e-06 -0.00012829114499174351 1.1704878003173511e-06 -2.1358725547359776e-05 -1.1725384066045699e-05 -3.4118024728051388e-05 -3.9738575871930936e-06 0 -2.9848855708075056e-05 -1.1084710298954202e-05 -0.00010121826514449533 -4.0175753120016058e-05 -2.0336511105479916e-05 3.2799595419690233e-05 4.7925870884592268e-06 -3.7937844925639707e-05 -9.6952517661437329e-06 -1.6727614410227165e-06
leaf_weight=79 77 37 244 112 719 34 159 68 57 358 378 48 43 42 48 43 45 236 49 39 65 38 416 42 48 63 38 680 870 186 372 201 40 545 40 34 232 1075 148 115 34 569 47 53 92 941 139 56 102 35 1109 58 115 35 97 42 1028 835 49 47 36 140 277 45 83 49 97 89 152 531 467 52 1231 989 65 371 57 64 149 798 57 176 128 401 184 91 160 52
leaf_count=79 77 37 244 112 719 34 159 68 57 358 378 48 43 42 48 43 45 236 49 39 65 38 416 42 48 63 38 680 870 186 372 201 40 545 40 34 232 1075 148 115 34 569 47 53 92 941 139 56 102 35 1109 58 115 35 97 42 1028 835 49 47 36 140 277 45 83 49 97 89 152 531 467 52 1231 989 65 371 57 64 149 798 57 176 128 401 184 91 160 52
internal_value=-5.15976e-07 -1.40607e-05 2.22566e-05 1.73094e-05 -3.74245e-05 -7.02611e-06 6.59853e-05 9.02543e-06 -6.00097e-05 2.74026e-06 -2.56935e-05 2.02683e-06 4.17739e-05 8.61123e-06 8.70533e-05 4.76954e-05 -1.56041e-05 -3.9908e-06 -1.33988e-05 -6.97229e-05 -1.24519e-05 -4.80658e-05 2.54667e-05 -4.65607e-06 -1.92932e-05 -2.47759e-05 -6.23187e-06 -2.04694e-05 1.0668e-05 3.35004e-05 6.31425e-05 -9.60097e-06 -3.2258e-05 2.92443e-05 -4.70631e-05 -6.73723e-06 7.86889e-05 -9.9718e-06 1.39771e-05 6.7384e-05 8.61024e-05 1.01975e-05 1.8232e-05 6.44924e-05 0.000116246 3.37566e-05 -0.000103507 -1.14371e-05 2.14467e-06 1.99253e-05 -2.73843e-06 -3.42102e-05 -3.61076e-05 -4.0986e-05 -3.73668e-05 -5.54459e-05 1.58122e-05 -4.22225e-05 6.23538e-05 -4.08281e-05 -6.89075e-05 -3.70524e-05 -4.50763e-05 -3.29612e-05 4.16018e-05 6.1508e-05 2.24843e-05 -5.526e-06 -3.84878e-06 8.40566e-06 -8.8032e-06 -9.21906e-05 7.54479e-06 -1.44102e-05 -5.2041e-05 -4.02826e-05 -3.69441e-05 -3.4723e-05 -4.68672e-05 -1.5946e-05 -5.95975e-05 -2.25355e-05 -4.24212e-06 1.8805e-05 1.52686e-05 -5.91578e-05 4.80612e-06 3.25863e-05
internal_weight=20637 12943 7694 6914 2992 9951 780 5168 1020 3743 1972 4836 1746 267 524 1479 5115 3211 4699 76 4623 802 1425 2350 750 701 385 2273 2310 774 705 2306 1594 731 316 2105 476 1433 1625 662 290 905 669 100 126 1009 218 225 1600 349 1251 142 163 693 655 100 1577 875 164 620 133 604 464 487 209 126 256 2071 1982 565 1417 109 2101 1669 399 416 113 253 189 950 334 351 175 1429 222 136 247 87
internal_count=20637 12943 7694 6914 2992 9951 780 5168 1020 3743 1972 4836 1746 267 524 1479 5115 3211 4699 76 4623 802 1425 2350 750 701 385 2273 2310 774 705 2306 1594 731 316 2105 476 1433 1625 662 290 905 669 100 126 1009 218 225 1600 349 1251 142 163 693 655 100 1577 875 164 620 133 604 464 487 209 126 256 2071 1982 565 1417 109 2101 1669 399 416 113 253 189 950 334 351 175 1429 222 136 247 87
is_linear=0
shrinkage=0.0337242


Tree=16
num_leaves=89
num_cat=0
split_feature=20 20 20 19 52 19 22 20 20 25 20 52 48 40 19 52 35 52 33 25 48 20 49 19 1 1 34 1 52 19 1 19 39 30 1 12 20 54 4 33 20 48 4 54 4 45 1 19 21 50 7 21 9 12 20 38 20 24 15 8 1 17 27 20 25 19 51 12 20 25 21 48 4 1 20 50 4 50 10 10 30 22 1 1 3 30 52 42
split_gain=0.0056358 0.00180578 0.00132973 0.00120982 0.000769359 0.000619579 0.000528941 0.000528603 0.000465721 0.000340382 0.000307151 0.000253529 0.000246426 0.000235039 0.00021444 0.000466962 0.000308892 0.000212871 0.000210787 0.000206025 0.000204113 0.000196375 0.000181597 0.000177563 0.000732341 0.000191208 0.000174587 0.000414016 0.000161716 0.000154094 0.000153508 0.000150616 0.000138025 0.000134654 0.000134193 0.000132509 0.000130763 0.00023735 0.000130484 0.000127186 0.000136098 0.000127066 0.000125397 0.000123969 0.000121071 0.000119895 0.000117836 0.000129992 0.000114084 0.000113942 0.000112318 0.000112021 0.000111982 0.000109742 0.000109142 0.000107339 0.00010444 0.000100575 0.000100364 9.97386e-05 9.89613e-05 9.95448e-05 9.66854e-05 9.62686e-05 9.99553e-05 9.62667e-05 9.2453e-05 9.22744e-05 9.13053e-05 9.39083e-05 8.91029e-05 8.88099e-05 8.8159e-05 8.60152e-05 8.70502e-05 8.4838e-05 8.42113e-05 8.39666e-05 8.27794e-05 8.47721e-05 7.94059e-05 8.24042e-05 7.80914e-05 8.50716e-05 7.77958e-05 7.72776e-05 7.71968e-05 7.67817e-05
threshold=1.5966726003012461 0.19865281683752153 21.775000000000006 0.027249287750612087 0.21523617205139431 0.04361651913038856 -0.99904214559386961 0.030816714150047487 3.8981321342096167 -1.0000000180025095e-35 0.7743476287724077 0.31407658132525668 71.212438219638557 -0.0018365488397193983 1.9623125720919463 0.24342507069695665 1.0000000180025095e-35 0.21176826070987798 1.0000000180025095e-35 -0.33072688229913355 75.02057868898963 2.1036721898790867 70.869817992519557 5.3367265831417408 629.37401662353466 81.296109502628298 1.0000000180025095e-35 47.736172751610802 0.32242932479907177 0.12858018487483494 146.71394698111678 -2.9880217000049636 -0.0034423509894537237 16.500000000000004 1337.1750026094032 -0.81965648854961815 0.72353976995991165 -37.931000107663742 -0.40479959296738083 1.0000000180025095e-35 0.055327558657808432 16.233684577692028 -0.40479959296738083 27.466729457953662 -0.0037275990728701442 0.002675586481397985 2330.5830006822612 -11.699974573151847 -0.6453026910504096 3.8132460152458718e-13 0.052295771402235285 -1.0000000180025095e-35 -0.27671755725190833 -0.84064885496183195 0.60260655459330958 -0.0012277475467659669 0.1260686883449032 -5000.2499999999991 0.026741425110144032 0.25000000000000006 2327.4670883562289 -0.1610251309206869 -23.678714777177202 14.455555555555557 -1.0000000180025095e-35 0.29035629855341233 41.666666666666252 -0.075381679389312964 10.020000000000001 -0.99401557459929346 -1.0000000180025095e-35 73.822344832405733 -0.58147012267510878 61.363715440341494 0.011560736560736562 16.666666666666305 -0.0046568488891401425 66.666666666666345 -1.2866541353383454 -1.5046992481203001 17.500000000000004 -0.91204556754701527 41.357313735908114 33.047478104378065 0.0039947340892578795 18.500000000000004 0.10981200651785959 0.0038935772398808193
decision_type=2 2 2 2 2 2 10 2 2 2 2 2 2 2 2 2 2 2 2 2 2 2 2 2 2 2 2 2 2 2 2 2 2 2 2 10 2 2 2 2 2 2 2 2 2 2 2 2 2 2 8 2 10 10 2 2 2 10 10 8 2 8 10 2 2 2 2 10 2 2 2 2 2 2 2 2 2 2 2 2 2 8 2 2 2 2 2 2
left_child=1 4 3 8 39 9 30 12 22 26 11 23 70 -9 16 20 21 33 -8 -13 -16 -5 31 25 -25 29 28 -28 87 -7 -4 -2 76 41 51 -27 37 -11 62 40 73 -10 67 55 52 -18 47 -38 -44 78 58 -21 -23 85 -30 -15 59 -24 -14 66 61 65 -12 64 -34 -42 -57 -39 69 -35 -6 -58 -26 -1 -75 -40 -19 -54 79 -33 -67 -82 83 -43 -53 -49 -77 -3
right_child=2 5 6 14 7 10 18 13 17 36 38 19 50 43 15 -17 45 32 -20 34 -22 44 57 24 72 35 27 -29 54 -31 -32 49 63 68 -36 -37 46 42 75 -41 60 82 48 -45 -46 -47 -48 53 -50 -51 -52 84 77 -55 -56 56 71 -59 -60 -61 -62 -63 -64 -65 -66 80 -68 -69 -70 -71 -72 -73 -74 74 -76 86 -78 -79 -80 -81 81 -83 -84 -85 -86 -87 -88 -89
leaf_value=-2.8777822956116819e-05 -1.5805038792191815e-05 -1.8884651592225442e-05 8.1344482571717747e-05 2.5393968293375066e-05 -0.00020572200564318883 -9.0817250250778993e-06 6.1657655016064889e-05 -0.00011610925787470513 2.4743891870887426e-06 -9.1600375658353265e-05 2.378286267839619e-05 -4.5508287067218275e-05 -0.00014847471421750491 -0.00010121860079680142 8.3684700696712763e-06 0.00015616692020012002 1.4197554394813106e-05 4.3696306396710612e-05 1.2461978938731143e-05 -6.5852908347433341e-05 9.2787544591526786e-05 5.6771171218971363e-05 -3.2960257280145359e-05 0.00015765687051435133 -4.4201051251981438e-05 -4.1228517498653317e-05 -0.00013724585387736148 1.2963509536178834e-05 -5.7232335409315065e-05 1.2831275065639955e-05 0.00015789832557029922 4.6170664621398078e-05 2.752222859113844e-07 -2.0884733792506584e-05 5.772771881340461e-05 -8.1911941817665898e-06 -6.7736734539235795e-05 -8.0094847014322083e-06 -8.1385784307924647e-06 3.3917049801756106e-06 -2.5423679717243777e-05 4.2114651781496359e-05 -7.7269887100051831e-05 9.5043948668311856e-06 0.00011529105112823604 -4.7932989907580123e-05 4.0795099763663772e-05 -3.246396874527383e-05 -2.0828453891311317e-05 6.8979931653240989e-06 -2.7805021769200323e-05 2.6274437009256124e-05 8.8022081939996867e-06 2.8614172476712489e-06 -2.5685630209241945e-05 -0.00010885437012609415 -5.9588286744778342e-06 -5.701019218785204e-06 -6.7149326318980413e-05 -1.3904217113278095e-05 -8.0110219134174691e-05 -4.0996924432501568e-05 7.57327679362366e-05 5.9577624328787544e-05 3.2741049958612073e-05 -1.8262042162244439e-05 -5.3336018618248042e-05 3.670110877746843e-05 2.2375089856458816e-05 7.7660448564497668e-06 -0.00012352381333512085 -5.7942834416613687e-05 1.2349929684567259e-05 -0.0001094374490623352 -4.8569373460072927e-05 3.9123296098003753e-05 9.2716046691580166e-05 5.4139289212989974e-05 6.4194402623564712e-05 0 3.4194664460679293e-05 -6.3623082213220878e-06 2.7986407243204778e-05 0.00010704400414605225 -2.2785696597307594e-05 1.7998163726947394e-05 1.0850232308028199e-05 1.5078394566579168e-05
leaf_weight=278 273 1721 60 479 34 561 500 56 124 45 152 276 35 41 87 59 103 147 130 37 55 662 195 41 40 165 48 35 221 1028 78 78 187 154 36 942 34 735 226 151 593 71 50 45 36 53 75 181 284 1174 37 68 124 1254 329 47 133 801 48 61 34 233 61 86 276 250 202 56 402 809 46 55 145 34 233 129 64 81 69 106 91 145 154 41 80 40 931 76
leaf_count=278 273 1721 60 479 34 561 500 56 124 45 152 276 35 41 87 59 103 147 130 37 55 662 195 41 40 165 48 35 221 1028 78 78 187 154 36 942 34 735 226 151 593 71 50 45 36 53 75 181 284 1174 37 68 124 1254 329 47 133 801 48 61 34 233 61 86 276 250 202 56 402 809 46 55 145 34 233 129 64 81 69 106 91 145 154 41 80 40 931 76
internal_value=3.44378e-08 -1.35272e-05 2.28617e-05 1.81891e-05 -3.70812e-05 -6.79787e-06 6.50203e-05 -6.4326e-05 1.00365e-05 -1.49347e-05 1.75936e-06 -3.79876e-06 -0.000112559 -4.9102e-05 4.25631e-05 7.58137e-05 3.81548e-05 2.04755e-05 5.16596e-05 -2.60661e-05 4.17467e-05 4.32418e-05 2.62536e-07 0 2.8702e-05 -2.41831e-06 -2.41499e-05 -7.27401e-05 -2.23903e-05 5.03401e-06 0.000125315 6.99699e-06 3.54678e-05 1.3928e-05 -1.34795e-06 -1.32028e-05 -6.76849e-06 -1.53212e-05 1.45011e-05 -2.58264e-05 -2.82107e-05 3.15017e-05 -1.21841e-05 -4.25111e-05 5.26022e-05 -6.29132e-06 -3.90113e-07 -2.50115e-06 -2.95672e-05 1.1427e-05 -8.03492e-05 -1.33663e-05 4.98877e-05 -9.31878e-07 -3.85374e-05 -4.70331e-05 -4.2378e-05 -1.1135e-05 -0.000102608 -5.46178e-05 -2.23021e-05 -2.07303e-05 3.91144e-05 2.62386e-05 1.98373e-05 -1.62643e-05 -6.42036e-05 -4.72193e-06 8.83609e-06 3.08393e-06 -0.000159667 -2.16811e-05 0 -4.26259e-05 -5.66824e-05 1.03493e-05 5.9023e-05 2.71874e-05 3.20609e-05 1.94855e-05 -4.88957e-06 8.86663e-06 4.46699e-05 6.67465e-05 0 -2.28932e-05 1.43822e-05 -1.73945e-05
internal_weight=20702 12984 7718 6950 2882 10102 768 840 5211 5184 4918 3419 200 640 1739 201 1538 2515 630 497 142 1382 2696 2922 226 2696 2430 83 2347 1589 138 1700 760 1755 221 1107 2754 1170 1499 2042 1891 390 1125 584 903 156 1584 1509 334 1427 120 185 867 1475 550 539 498 996 83 310 1346 1312 213 549 463 1079 249 791 1365 963 80 188 185 545 267 1286 211 205 253 184 486 236 266 112 148 221 1060 1797
internal_count=20702 12984 7718 6950 2882 10102 768 840 5211 5184 4918 3419 200 640 1739 201 1538 2515 630 497 142 1382 2696 2922 226 2696 2430 83 2347 1589 138 1700 760 1755 221 1107 2754 1170 1499 2042 1891 390 1125 584 903 156 1584 1509 334 1427 120 185 867 1475 550 539 498 996 83 310 1346 1312 213 549 463 1079 249 791 1365 963 80 188 185 545 267 1286 211 205 253 184 486 236 266 112 148 221 1060 1797
is_linear=0
shrinkage=0.0337242


Tree=17
num_leaves=89
num_cat=0
split_feature=20 20 31 20 31 31 19 20 19 25 31 20 31 25 20 1 52 30 55 15 19 19 31 28 55 20 20 1 51 54 31 29 1 29 52 55 31 48 31 2 31 31 19 31 31 19 20 18 12 20 44 31 19 52 19 20 20 0 19 52 7 31 52 29 0 52 31 51 19 55 17 0 45 51 20 30 31 45 20 20 51 7 52 0 52 54 19 31
split_gain=0.00526614 0.00168798 0.00134475 0.00105993 0.000727465 0.000590976 0.000578667 0.000524507 0.000501838 0.000406141 0.000389493 0.00032719 0.00032238 0.000317734 0.000307012 0.000285563 0.000282933 0.000281839 0.000264079 0.000374329 0.000250912 0.000241774 0.000236786 0.0002326 0.000228826 0.000214399 0.000212809 0.000188145 0.0001852 0.000184395 0.000180759 0.000399818 0.000177824 0.000177263 0.000182744 0.000186028 0.000171904 0.00017152 0.000226071 0.000238826 0.000184862 0.000160336 0.000237146 0.000202598 0.000182051 0.000159338 0.000159114 0.000157515 0.000151739 0.000150567 0.000160713 0.000149225 0.000150739 0.000148621 0.000135941 0.000134804 0.000132796 0.000132032 0.00026226 0.0001276 0.000122571 0.000122251 0.000142806 0.000119079 0.000114617 0.000118343 0.000113111 0.000112845 0.000111651 0.000109361 0.000116283 0.000108904 0.000104063 0.000103195 0.000101968 0.000100824 0.000100718 0.000100406 0.000100238 9.59767e-05 0.000139341 0.000111564 0.000101747 0.000157102 9.59462e-05 0.000113671 0.000107567 9.59325e-05
threshold=1.5966726003012461 0.19865281683752153 129.50000000000003 21.775000000000006 77.500000000000014 23.500000000000004 0.04361651913038856 0.030816714150047487 0.099585266693964072 -0.49691549251512129 23.500000000000004 6.0555984555984566 225.50000000000003 -1.0000000180025095e-35 0.7743476287724077 145.25426731704283 0.19197956265114224 18.500000000000004 5768.5000000000009 0.067532217109847345 -1.2222105065841615 1.2334461357881568 81.500000000000014 0.99775511321496668 6219.5000000000009 2.0105823068309077 3.584349593495936 254.69325425706458 1.6796440781440151e-13 0.87146255782622817 16.500000000000004 12.500000000000002 631.68192192832782 1.5000000000000002 0.37912215753209877 8755.0000000000018 119.50000000000001 57.54611021768175 47.500000000000007 0.0045912346792235086 67.500000000000014 121.50000000000001 -5.328843120284886 58.500000000000007 47.500000000000007 -9.9523453527353904 0.95626812864565092 -0.24352898140597409 -0.85591603053435106 10.020000000000001 -0.0032388685202960339 118.50000000000001 -0.35824032746162254 0.32242932479907177 4.6002721057025449 2.5448791714614503 2.3204505850136923 22.500000000000004 4.6002721057025449 0.15007141873957944 0.27200534335752974 255.50000000000003 0.21176826070987798 19.500000000000004 132.50000000000003 0.33129198806959337 203.50000000000003 81.48148148148077 -0.017530697576559003 60813.000000000007 -0.41408055644948943 40.500000000000007 0.0018365488397193987 16.666666666666668 13.455555555555557 17.500000000000004 194.50000000000003 0.0025957181599205463 5.2444001991040325 0.15935160457072808 48.148148148147605 0.17719675365825557 0.20851911280123658 52.500000000000007 0.25449742549086435 7.4310420320596178 0.48681553571480413 88.500000000000014
decision_type=2 2 2 2 2 2 2 2 2 2 2 2 2 2 2 2 2 2 2 10 2 2 2 2 2 2 2 2 2 2 2 2 2 2 2 2 2 2 2 2 2 2 2 2 2 2 2 10 10 2 2 2 2 2 2 2 2 2 2 2 10 2 2 2 2 2 2 2 2 2 10 2 2 2 2 2 2 2 2 2 2 8 2 2 2 2 2 2
left_child=1 4 3 5 7 11 13 16 17 74 18 32 36 30 23 67 -1 28 -8 -20 26 -13 49 29 -17 -10 -11 -26 -7 59 31 -3 77 -9 63 -36 -6 78 60 40 47 42 44 48 -15 -43 -46 -40 68 50 -19 53 -53 72 -25 -30 -52 -31 -59 -12 -39 62 -22 79 65 -18 -28 -5 -44 70 -57 -51 -32 -16 -4 -68 -47 -2 -27 81 -81 82 -35 -84 -75 86 -86 -55
right_child=2 6 9 15 12 8 10 33 25 20 14 21 -14 41 73 24 64 22 19 -21 61 -23 -24 54 27 37 66 -29 55 57 51 -33 -34 34 35 -37 -38 38 39 -41 -42 45 43 -45 46 76 -48 -49 -50 71 56 52 -54 87 -56 69 -58 58 -60 -61 -62 -63 -64 -65 -66 -67 75 -69 -70 -71 -72 -73 -74 84 -76 -77 -78 -79 -80 80 -82 -83 83 -85 85 -87 -88 -89
leaf_value=-4.5250345199410359e-05 -2.4528288495435284e-05 6.3803472192450873e-06 -1.0935086118903244e-05 6.0352400768846827e-05 -1.8234420766047969e-05 0.00010591928904558297 0 -0.0001114715322635569 2.6102824741750983e-05 -1.6476198041619948e-05 2.4867514630921177e-06 1.4509476201489788e-05 3.2279431089131419e-06 0.0001095166720455958 -4.7032712339104881e-06 0.0002062927795506277 -0.00013633485063223476 5.3541134700390647e-05 -1.2353106876973919e-05 -0.00016369511540722587 1.8327319978472842e-05 0.00010897757634636115 4.1922135068558554e-05 -3.7319143608512858e-05 0.00016272844539887265 3.8185829702732261e-05 3.3166814151349257e-05 6.1236496579024856e-05 1.5166008979766626e-05 -3.594468016860132e-06 -9.9616336740299439e-06 -0.0001104661863212294 4.608193225858002e-05 -2.9200995444160307e-05 -3.5756781399032333e-05 -0.00014946478477341414 -4.1585606468953022e-05 0.00010404061242595543 0.00011125343073687344 4.5265539363365163e-05 8.8762320295154306e-05 -7.5433994810240702e-05 -2.4472658837033861e-05 8.3735202041448862e-06 -9.7085805592794065e-06 -1.9165326060783036e-05 6.8578919393756269e-05 0.00021359181648822291 -7.9739824774019121e-06 1.6568975395079422e-07 -6.5911299885726995e-05 -4.5193388016146712e-05 -2.0564597165505991e-05 -5.2611095194320974e-05 2.6376134734133558e-05 9.482770925016281e-05 -9.3391696131614759e-06 1.3174203353420721e-05 9.9983441963146793e-05 -1.6736755049610905e-05 2.9527701843821027e-05 -1.0121264649953277e-05 3.8947006200611007e-05 -6.9812127927167776e-05 -0.00017577693098526698 -6.2414679040697792e-05 -8.8822464807630703e-06 0.00012762176694789451 -8.5207583154993803e-05 1.5845111480191552e-05 4.4404776482524055e-05 7.3739850706903366e-05 2.1138122883090008e-05 1.5626156739256444e-05 3.8014910138281661e-05 2.3198227070197037e-05 4.2962753684155369e-06 -8.8100972351763709e-05 0.00010231532956058089 4.2560079468940054e-05 -3.1985138419221207e-05 -5.6321733845593302e-07 -4.5330374789153591e-05 -0.00013238772812528566 3.1763801212828593e-05 -2.0206765947931261e-06 9.0983773540347641e-05 0
leaf_weight=72 242 55 1038 292 697 46 56 45 167 418 753 300 400 34 220 34 72 38 36 42 1278 35 194 292 36 208 233 61 280 543 567 79 36 209 36 35 786 37 38 55 74 50 111 738 75 834 47 43 541 52 58 418 964 133 42 63 290 851 42 804 98 118 568 99 47 47 271 35 55 140 491 45 155 1027 50 187 269 34 35 48 70 86 99 34 100 49 61 59
leaf_count=72 242 55 1038 292 697 46 56 45 167 418 753 300 400 34 220 34 72 38 36 42 1278 35 194 292 36 208 233 61 280 543 567 79 36 209 36 35 786 37 38 55 74 50 111 738 75 834 47 43 541 52 58 418 964 133 42 63 290 851 42 804 98 118 568 99 47 47 271 35 55 140 491 45 155 1027 50 187 269 34 35 48 70 86 99 34 100 49 61 59
internal_value=3.34078e-08 -1.30758e-05 2.20995e-05 3.73335e-05 -3.58488e-05 3.0208e-05 -6.56926e-06 -5.91742e-05 3.77746e-05 9.05355e-06 1.70003e-06 1.3829e-06 -2.34225e-05 -1.44329e-05 3.30747e-06 8.53362e-05 -0.00010319 2.74939e-05 -5.49666e-05 -9.50843e-05 1.53341e-05 2.46678e-05 1.04281e-05 -2.32075e-06 0.000128252 6.07543e-05 2.41221e-06 9.99002e-05 3.87261e-05 6.26442e-07 -2.33368e-05 -6.17855e-05 -2.33088e-05 -4.52815e-05 -4.09865e-05 -9.31716e-05 -3.06759e-05 7.04314e-05 8.60773e-05 0.000108381 0.000130154 -6.54142e-06 3.04919e-07 -3.89884e-06 3.98631e-05 -1.61317e-05 1.96591e-05 0.000166775 -1.6846e-05 -2.02157e-06 -1.16494e-05 -2.10507e-05 -2.80838e-05 -1.03108e-05 -2.90202e-05 3.54535e-05 -1.90456e-05 9.3724e-06 1.73653e-05 -7.37776e-06 5.06658e-05 2.25814e-05 2.47242e-05 -3.50922e-05 -0.000127738 -0.000107952 1.39781e-05 6.78481e-05 -4.5178e-05 4.34993e-05 5.03133e-05 3.52946e-05 -3.15122e-06 1.62256e-05 -8.5967e-06 4.00507e-06 -1.33559e-05 -3.271e-05 4.78204e-05 -2.86198e-05 -8.42513e-07 -3.60522e-05 -4.46937e-05 -6.83125e-05 2.0026e-05 4.10828e-05 5.48016e-05 -3.67302e-05
internal_weight=20702 12984 7718 3557 2882 3099 10102 999 2452 4161 4918 647 1883 5184 4784 458 238 1697 134 78 3073 335 677 3327 131 755 1109 97 1020 2993 2430 134 312 761 716 71 1483 588 345 210 155 2754 1601 1445 156 1153 122 81 707 483 386 2296 1382 914 334 974 348 1436 893 1557 135 1964 1846 645 166 119 691 327 166 694 554 97 722 1457 1088 458 1103 276 243 546 118 428 342 133 1237 210 161 192
internal_count=20702 12984 7718 3557 2882 3099 10102 999 2452 4161 4918 647 1883 5184 4784 458 238 1697 134 78 3073 335 677 3327 131 755 1109 97 1020 2993 2430 134 312 761 716 71 1483 588 345 210 155 2754 1601 1445 156 1153 122 81 707 483 386 2296 1382 914 334 974 348 1436 893 1557 135 1964 1846 645 166 119 691 327 166 694 554 97 722 1457 1088 458 1103 276 243 546 118 428 342 133 1237 210 161 192
is_linear=0
shrinkage=0.0337242


Tree=18
num_leaves=89
num_cat=0
split_feature=20 20 19 20 31 52 31 20 25 19 20 52 31 31 20 31 30 30 4 31 5 54 31 20 48 17 31 0 21 31 18 47 19 9 4 17 18 17 52 19 0 54 31 19 0 50 53 0 4 20 30 54 19 30 4 31 20 19 19 43 4 37 30 19 52 30 31 9 53 31 20 16 31 19 25 19 22 19 16 31 31 19 52 22 31 52 20 18
split_gain=0.00443618 0.00164734 0.00110748 0.00108482 0.000596028 0.000504831 0.0004891 0.000514382 0.000435758 0.000423933 0.000432463 0.00038831 0.000306986 0.000301247 0.000290392 0.000314821 0.000259822 0.000244748 0.000237027 0.000232006 0.000251369 0.000214339 0.000212446 0.000208501 0.000205199 0.000201698 0.000200221 0.000192942 0.000178839 0.000171923 0.000165581 0.000198269 0.000159542 0.000155595 0.00015276 0.000148035 0.000143483 0.000141355 0.000140946 0.000139804 0.000133141 0.00013278 0.000131548 0.000119675 0.000119472 0.000119213 0.000118244 0.000117255 0.000113241 0.000205307 0.000237684 0.000141289 0.000112561 0.000112422 0.00010871 0.00019978 0.000127499 0.000138099 0.000107877 0.00010778 0.000107603 0.000105016 0.000104719 0.000102528 9.88071e-05 9.81762e-05 9.58464e-05 9.35271e-05 9.32576e-05 9.23089e-05 0.000117177 9.0318e-05 9.00245e-05 8.93278e-05 8.8143e-05 8.57045e-05 8.46433e-05 8.34239e-05 8.82156e-05 8.3157e-05 0.000229019 0.000158878 9.52037e-05 8.53099e-05 8.14086e-05 7.96252e-05 7.94663e-05 8.08261e-05
threshold=0.7743476287724077 7.6545092838196309 0.027249287750612087 0.060213074520303438 155.50000000000003 0.210029832092993 25.500000000000004 2.0706476530005946 -1.0000000180025095e-35 1.8694798051233479 24.422222222222224 0.33668246350243608 198.50000000000003 16.500000000000004 0.18526500638569607 126.50000000000001 18.500000000000004 17.500000000000004 -0.0071195375657188064 152.50000000000003 -0.035321125163392093 18.167379754748787 24.500000000000004 0.011560736560736562 82.189741331406324 -0.16646675053392232 10.500000000000002 61.500000000000007 1.0000000180025095e-35 120.50000000000001 0.090851510034599889 -37.037037037008083 -0.26719045325551954 -0.16316793893129769 -0.23152806829102826 -0.085751221438811018 0.61430302251546742 -0.35342551417454138 0.19331308454115989 -2.3025547077918271 21.500000000000004 -0.88703458641453437 47.500000000000007 -14.557406289399067 86.500000000000014 33.333333333333371 31.139102441845104 15.500000000000002 -0.40479959296738083 0.46652661064425777 17.500000000000004 12.988490204971983 3.617881993781737 18.500000000000004 -0.39509723557012827 86.500000000000014 1.147923253808566 0.19508506581659549 -1.6758041570233073 -0.0031529173183468813 -0.27170840635423138 -0.0032493928835392589 16.500000000000004 0.19508506581659549 0.20039329487206228 18.500000000000004 79.500000000000014 -0.75381679389312961 25.514997669110858 255.50000000000003 42.708333333333343 0.5234962406015039 83.500000000000014 2.7592461426914388 -0.50489712694621125 -0.66359670848038721 -0.98852768272352365 1.4854535854793485 0.5441729323308272 113.50000000000001 85.500000000000014 -0.20640268518456037 0.15149129662572272 -0.95559386029713533 139.50000000000003 0.21350029365703074 52.300000000000011 -0.6570637198039263
decision_type=2 2 2 2 2 2 2 2 2 2 2 2 2 2 2 2 2 2 2 2 2 2 2 2 2 10 2 2 2 2 10 2 2 10 2 10 8 8 2 2 2 2 2 2 2 2 2 2 2 2 2 2 2 2 2 2 2 2 2 2 2 2 2 2 2 2 2 10 2 2 2 2 2 2 2 2 10 2 2 2 2 2 2 10 2 2 2 10
left_child=3 2 8 5 9 72 26 54 13 10 37 12 14 34 25 22 -14 36 35 20 27 28 24 -22 46 47 -4 -7 30 42 31 74 59 44 -2 79 62 -3 -27 -39 -28 -30 65 -37 52 75 -16 -5 49 68 51 -51 -9 -47 77 -56 -57 -58 -19 -24 -48 -20 71 -18 -26 -15 -52 -25 -34 70 -6 -17 -1 76 -13 -31 -70 78 -8 80 81 82 -10 -83 -64 -59 -12 -88
right_child=1 4 6 11 69 19 7 33 18 -11 86 21 16 29 15 17 63 58 61 -21 23 -23 32 67 64 38 40 -29 41 45 -32 -33 48 -35 -36 43 -38 39 -40 -41 -42 -43 -44 -45 -46 53 60 -49 -50 50 66 -53 -54 -55 55 56 57 85 -60 -61 -62 -63 84 -65 -66 -67 -68 -69 73 -71 -72 -73 -74 -75 -76 -77 -78 -79 -80 -81 -82 83 -84 -85 -86 -87 87 -89
leaf_value=-5.335583696086437e-05 0 8.6607966481452994e-05 2.2757675429030267e-05 -3.5364081465366763e-05 2.0417194318817677e-05 -9.9341805754589132e-05 8.9899912031512162e-05 4.3246565460325962e-05 -7.3164296567043146e-06 0.00016603413226522299 6.7850859248193602e-05 -2.8885216209463817e-05 -9.7888251502291997e-06 0 -5.9119768343098117e-05 -4.2539697413489515e-05 4.8160177026690997e-07 -6.6290364042815103e-05 7.0999111201106959e-05 0 -0.00013142033666603377 3.5901963752706127e-05 -5.4283036447200579e-05 -9.1066897487077537e-06 -3.7248834058695508e-05 -4.0009096104894756e-05 -1.356580458735835e-05 -0.00020031389717234518 -0.0001380391591039604 -4.289831897718094e-05 -9.9457465875439822e-05 -3.7602296529875202e-05 -1.7021372675224074e-05 1.3869046159679669e-05 -7.9645038406957804e-05 -3.7938906599205893e-05 -1.3139570918586923e-05 9.695136504985814e-05 -0.00010207040347164244 2.9053129150096055e-05 -8.3293394877503258e-05 -4.5724301967136196e-05 1.8105762029679839e-05 1.4274215683061481e-05 8.098139488428959e-05 -1.3638439298919368e-05 2.0134312724628593e-05 -1.1330631702992802e-05 -9.5508177385927061e-06 3.9234534920156324e-05 -3.0026364918292842e-05 0.00010966197300553326 0.00010534504566148166 1.8946904136641462e-05 -1.6425413233851051e-05 9.599476589163102e-06 1.4913379048984311e-05 3.3954450653041889e-05 -9.4054558352371785e-06 -9.5096394825514594e-06 -4.7652463966094409e-05 2.2816909994422975e-05 -3.3105295503928004e-05 2.8136854136244886e-05 -0.00011505771503422731 -4.4844348423077939e-05 2.1427515718987487e-05 -6.8134370412856226e-05 4.1297273530491105e-05 -4.0665475304881216e-06 6.5603913375818218e-05 1.5718721116023314e-06 -2.4714376605885289e-05 5.8099148416720314e-05 2.9249293426726107e-05 -9.7545575708744876e-06 2.3123423613635325e-07 1.0399825418194547e-05 3.5096653718246768e-05 -6.5644395413574076e-06 4.5451470052636377e-05 -4.0205797324545335e-05 4.1747657383797129e-05 -3.9594248063035344e-06 -7.5058224238385685e-05 7.1096507470408751e-05 0.00012987175182422559 7.7146319671799905e-05
leaf_weight=187 34 64 59 466 688 66 53 556 69 40 223 45 887 184 45 179 250 40 64 35 51 45 71 48 44 138 63 38 35 259 42 598 234 130 108 51 219 38 66 640 70 45 381 1288 166 933 109 489 438 191 71 42 38 136 200 814 404 276 1102 528 35 345 89 422 40 77 98 109 64 142 75 69 456 38 83 148 575 87 120 1476 144 112 115 238 178 97 73 89
leaf_count=187 34 64 59 466 688 66 53 556 69 40 223 45 887 184 45 179 250 40 64 35 51 45 71 48 44 138 63 38 35 259 42 598 234 130 108 51 219 38 66 640 70 45 381 1288 166 933 109 489 438 191 71 42 38 136 200 814 404 276 1102 528 35 345 89 422 40 77 98 109 64 142 75 69 456 38 83 148 575 87 120 1476 144 112 115 238 178 97 73 89
internal_value=-2.19859e-07 1.38234e-05 7.74909e-06 -1.77722e-05 4.10263e-05 -5.11346e-05 2.40752e-05 2.74964e-05 -5.36059e-07 5.70007e-05 5.30451e-05 -1.36877e-05 -1.10723e-05 -1.23345e-05 -1.47255e-05 -1.08139e-05 2.1241e-06 -2.13718e-05 6.2727e-06 -8.40999e-05 -9.33377e-05 -3.4717e-05 -3.22592e-06 -7.09593e-05 -3.13853e-05 -2.98259e-05 -2.78254e-05 -0.000137165 -3.85784e-05 -9.09258e-06 -3.33753e-05 -2.94192e-05 4.23392e-09 4.89709e-05 -6.00084e-05 3.39736e-06 -3.66264e-05 3.77553e-05 -6.05616e-05 3.30012e-05 -5.09913e-05 -8.73204e-05 5.36472e-06 1.22133e-05 5.4848e-05 -1.54464e-05 -1.12889e-05 -2.31592e-05 5.18473e-06 1.01739e-05 3.02594e-05 5.23445e-05 4.73819e-05 -9.40246e-06 1.81307e-05 1.50838e-05 1.91054e-05 2.89397e-05 -1.14826e-05 -1.4978e-05 2.9871e-06 3.05928e-05 -4.64263e-05 1.79923e-05 -7.54515e-05 -1.28639e-05 0 -5.07034e-05 1.20463e-06 2.03203e-05 2.49856e-05 -2.9877e-05 -3.31943e-05 7.64709e-06 8.05623e-06 -3.10835e-05 4.49554e-06 3.87477e-05 5.24449e-05 -2.03807e-06 7.67324e-06 -2.33315e-06 2.28233e-05 -1.58344e-05 -6.1436e-05 4.38725e-05 8.22617e-05 0.000101502
internal_weight=20467 11367 9295 9100 2072 990 3133 2941 6162 1167 1127 8110 7217 2260 5658 4499 1559 1876 3902 347 312 893 2623 208 273 1159 192 104 848 2118 768 726 2350 890 142 3493 734 742 204 678 133 80 642 1339 760 1476 189 955 1751 1313 402 233 594 1069 2051 1791 1591 777 1142 599 144 409 515 672 84 261 169 157 911 905 763 248 643 677 128 407 639 260 173 2154 678 534 184 350 267 373 385 162
internal_count=20467 11367 9295 9100 2072 990 3133 2941 6162 1167 1127 8110 7217 2260 5658 4499 1559 1876 3902 347 312 893 2623 208 273 1159 192 104 848 2118 768 726 2350 890 142 3493 734 742 204 678 133 80 642 1339 760 1476 189 955 1751 1313 402 233 594 1069 2051 1791 1591 777 1142 599 144 409 515 672 84 261 169 157 911 905 763 248 643 677 128 407 639 260 173 2154 678 534 184 350 267 373 385 162
is_linear=0
shrinkage=0.0337242


Tree=19
num_leaves=89
num_cat=0
split_feature=4 4 16 16 39 4 31 16 31 31 45 4 30 27 8 2 31 38 17 11 39 4 31 27 22 50 11 1 1 29 37 27 1 53 31 43 1 1 31 18 44 4 31 1 1 48 36 31 53 54 37 1 48 37 47 50 31 51 30 51 16 2 51 4 39 31 16 26 11 31 5 16 31 31 16 16 31 31 0 5 31 54 31 17 5 44 31 27
split_gain=0.00198108 0.001186 0.000837404 0.000770542 0.000337786 0.000324716 0.000295453 0.000295438 0.000191477 0.000308304 0.000171276 0.000166077 0.00016321 0.000160973 0.000158621 0.000153553 0.000169605 0.000153137 0.000143869 0.000151119 0.000141749 0.000134636 0.000136173 0.00012706 0.000123498 0.000123345 0.000197172 0.000115597 0.000210713 0.000110146 0.00010823 0.000104387 0.000221725 0.000181887 0.000182704 0.000175386 0.00015922 0.000123259 0.000122022 0.000103774 0.000120046 0.000106372 0.000102357 0.000109062 0.000100995 0.000122001 9.85677e-05 9.72592e-05 9.36837e-05 0.000123401 9.3471e-05 9.15537e-05 8.99178e-05 8.90975e-05 8.79824e-05 8.48698e-05 8.37789e-05 9.35764e-05 8.27164e-05 0.000134697 0.000138212 0.000105954 8.25595e-05 0.000101314 8.14762e-05 8.0494e-05 8.04767e-05 7.90553e-05 7.85059e-05 7.80784e-05 0.000103927 9.46141e-05 9.33461e-05 9.20943e-05 0.000106573 7.56042e-05 0.000113462 7.82568e-05 9.3963e-05 0.000128812 7.60811e-05 7.55099e-05 7.16408e-05 7.15406e-05 7.08716e-05 6.98229e-05 6.93597e-05 7.5291e-05
threshold=-0.1121247668042286 -0.83785120696478022 0.4953007518796993 0.53101503759398505 0.0031662277946346022 -0.0037275990728701442 80.500000000000014 0.83552631578947378 125.50000000000001 193.50000000000003 0.0078817810495581692 -0.0071195375657188064 18.500000000000004 0.20684703516625083 2.2500000000000004 -0.094859375210598243 127.50000000000001 0.0032206202676070554 -0.73368976917000672 -0.70133587786259521 -0.0045627402811896358 -0.68146164282887656 18.500000000000004 -86.278579437604193 -0.98953547266741426 63.888888888889348 -0.10591603053435113 255.04151438920454 367.7423003771512 8.5000000000000018 -0.004098368304458754 31.479168344962932 60.945203375550221 20.872859092878262 55.500000000000007 0.0016116045919692958 270.30950162442355 158.35226978493978 42.500000000000007 -0.077593214083690895 -0.0021482301905949015 -0.66849101136299394 44.500000000000007 723.55959587467089 145.16135751127746 61.4715105859459 -0.0034188134087615447 126.50000000000001 28.866885770472262 0.05198729363695688 0.0031771267065384694 145.09562867053276 17.504710024377726 -0.0032493928835392589 111.11111111110223 100.00000000000045 218.50000000000003 44.444444444448614 17.500000000000004 50.000000000000647 0.5234962406015039 -0.072888434290131573 72.222222222222854 -0.054709141274238211 0.0010531861793577903 122.50000000000001 0.51973684210526327 -0.0041388769201505171 -0.84255725190839692 85.500000000000014 0.2686674474723047 0.5413533834586467 99.500000000000014 51.500000000000007 0.53571428571428592 0.50281954887218061 96.500000000000014 74.500000000000014 53.500000000000007 -0.3008904848375123 99.500000000000014 4.302102202321552 134.50000000000003 -0.037749407565606616 0.65624462994402644 0.002437538991711508 249.50000000000003 -2.9801622781703991
decision_type=2 2 2 2 2 2 2 2 2 2 2 2 2 10 8 2 2 2 10 10 2 2 2 8 10 2 8 2 2 2 2 10 2 2 2 2 2 2 2 10 2 2 2 2 2 2 2 2 2 2 2 2 2 2 2 2 2 2 2 2 2 2 2 2 2 2 2 10 10 2 2 2 2 2 2 2 2 2 2 2 2 2 2 8 2 2 2 10
left_child=1 6 4 5 14 15 10 8 21 58 25 20 -11 -13 39 16 42 46 19 -6 -5 22 -4 24 -23 26 -1 -8 -29 -27 -9 32 33 -22 -35 36 37 -34 -37 50 52 -42 -2 44 62 -46 -17 -32 49 -24 81 -49 -41 -15 -19 84 57 -33 59 61 -61 -10 -44 -64 -18 -43 -14 -31 -52 73 71 72 -71 -26 -75 76 -25 78 79 -77 -79 -3 -62 -38 -48 -60 87 -20
right_child=3 2 7 11 18 -7 27 30 9 12 -12 13 66 53 -16 17 64 54 86 -21 31 23 48 75 69 29 -28 28 -30 67 47 56 35 34 -36 38 83 -39 -40 40 41 65 43 -45 45 -47 55 51 -50 -51 68 -53 -54 -55 -56 -57 -58 -59 85 60 82 -63 63 -65 -66 -67 -68 -69 -70 70 -72 -73 -74 74 -76 77 -78 80 -80 -81 -82 -83 -84 -85 -86 -87 -88 -89
leaf_value=-0.00010242618251940425 7.2349433590755369e-06 -9.1362702848671554e-06 -6.2147097107116103e-05 -2.530986504295829e-05 -3.0273137852048942e-05 2.7838036152054007e-05 -1.5723026651989679e-05 -2.587069703944597e-05 -1.6300109865607073e-05 -5.6427026886849394e-06 -0.0001263169336184509 9.9464389586392303e-05 4.9789425962499648e-05 7.3361208883973491e-05 -6.5926421718589783e-05 3.7146636762937042e-05 7.5513680146068488e-06 -6.1901314355887433e-05 -3.7272155681269103e-05 4.0375255264846647e-05 8.8301260170085488e-05 8.7938360146428736e-05 6.2017514872796195e-06 5.0182363407911404e-05 2.8747975003774709e-05 -6.3270406241671916e-05 -8.2314905464384828e-06 -0.00010411251684346735 -2.3542665747427411e-05 -3.5965539823754323e-06 2.6246757692579196e-05 1.4229396427866178e-05 4.7171373493378545e-05 -1.6985774843090288e-05 2.6308267099411402e-05 5.2780815634949235e-05 2.6888615175342552e-07 0.00011433684722728899 0.00014785128032321625 -2.0184936403084178e-05 -3.4558649245787913e-05 -1.6654139994656522e-07 1.5772859931630668e-05 -9.5113704823435383e-06 3.2368396707703863e-05 0.00012359295984207776 -4.108867443557448e-06 1.8120358201978864e-05 8.0290947427571057e-06 -5.8814918897263865e-05 5.7554636767474356e-06 -3.3537922619301588e-06 -7.7538536857726814e-05 3.281912994365293e-05 0 4.2570571034256468e-05 -6.0892243684695436e-07 4.52151611853871e-05 -7.2277494183014791e-06 -4.628035404823713e-05 4.5866021731398484e-05 -6.235623840473909e-05 1.9058107813907188e-05 9.5318588531546276e-05 -1.7088998025616888e-05 -1.8045308734613325e-05 1.3584377093014298e-05 -4.737537169254988e-05 -4.4057052904406931e-05 7.9504933306482652e-05 -1.0466821918319803e-06 9.8964412262002215e-05 8.2811927951937781e-06 9.8199296519368395e-06 -5.3892146189493614e-05 -4.2369901974080095e-05 -1.632333400323946e-05 2.6620177992875988e-05 -2.7985663747665382e-05 1.2225593667257459e-05 -1.7175494114839333e-08 1.3465052039776538e-06 -6.0368315683217765e-06 5.4696343332122524e-05 3.5964642077907325e-05 -4.3924466619715457e-05 0 -6.6218738596716972e-05
leaf_weight=108 233 2282 49 60 100 668 496 67 97 626 41 60 87 79 59 75 584 76 367 52 40 35 62 92 133 151 36 54 132 109 770 381 238 157 362 36 121 39 34 72 248 537 144 47 37 37 2140 582 288 66 45 358 64 412 41 47 215 166 720 95 36 164 43 44 206 642 443 90 132 34 52 39 64 88 44 59 40 217 166 288 262 1166 183 37 51 66 39 163
leaf_count=108 233 2282 49 60 100 668 496 67 97 626 41 60 87 79 59 75 584 76 367 52 40 35 62 92 133 151 36 54 132 109 770 381 238 157 362 36 121 39 34 72 248 537 144 47 37 37 2140 582 288 66 45 358 64 412 41 47 215 166 720 95 36 164 43 44 206 642 443 90 132 34 52 39 64 88 44 59 40 217 166 288 262 1166 183 37 51 66 39 163
internal_value=-2.13052e-07 -7.70841e-06 -4.56707e-06 1.44784e-05 -1.36484e-05 6.13871e-06 -3.94812e-05 3.92328e-06 -5.72268e-07 -6.84683e-06 -5.83744e-05 2.97459e-05 5.89726e-06 4.624e-05 -1.06479e-05 2.30381e-06 1.13239e-05 -2.7604e-06 -3.53502e-05 -5.46803e-06 2.48758e-05 6.98135e-06 -8.88916e-06 1.16165e-05 2.60175e-05 -5.25398e-05 -7.95488e-05 -2.45186e-05 -4.74536e-05 -4.11513e-05 1.56024e-05 2.65778e-05 3.34945e-05 1.85848e-05 1.30254e-05 4.98071e-05 4.14534e-05 5.69769e-05 0.000100339 -1.00006e-05 -1.73049e-05 -1.43226e-05 2.50953e-05 3.6643e-05 4.40723e-05 7.9287e-05 -8.13652e-07 1.72839e-05 -2.38362e-06 -2.65674e-05 -6.8245e-06 9.83908e-06 -4.78856e-05 3.95391e-05 -4.04199e-05 -2.12897e-06 1.67929e-05 2.38095e-05 -1.77424e-05 -2.7567e-05 -1.22618e-05 -4.56099e-05 3.23729e-05 5.87377e-05 1.00381e-06 -9.98404e-06 1.97099e-05 -2.38818e-05 -3.08468e-05 2.1031e-05 3.77515e-05 5.31833e-05 3.39778e-05 8.74105e-06 -1.06852e-05 5.26524e-06 2.92969e-05 1.97005e-06 -7.06526e-06 2.66422e-06 1.18485e-05 -5.56331e-06 2.0538e-06 1.36263e-05 -3.13196e-06 -1.04321e-05 -4.31629e-05 -4.6357e-05
internal_weight=20467 13557 12340 6910 5968 4473 1217 6372 4595 2517 535 2437 1156 551 5247 3805 1375 2430 721 152 1886 2078 465 1613 489 494 144 682 186 350 1777 1826 1064 559 519 505 435 277 70 5188 1563 1427 585 352 305 74 2313 1710 416 128 3625 940 136 491 117 2238 762 547 1361 575 314 261 231 87 790 1179 530 199 177 454 189 137 98 265 132 1124 132 992 513 347 479 3448 219 158 2191 786 569 530
internal_count=20467 13557 12340 6910 5968 4473 1217 6372 4595 2517 535 2437 1156 551 5247 3805 1375 2430 721 152 1886 2078 465 1613 489 494 144 682 186 350 1777 1826 1064 559 519 505 435 277 70 5188 1563 1427 585 352 305 74 2313 1710 416 128 3625 940 136 491 117 2238 762 547 1361 575 314 261 231 87 790 1179 530 199 177 454 189 137 98 265 132 1124 132 992 513 347 479 3448 219 158 2191 786 569 530
is_linear=0
shrinkage=0.0337242


Tree=20
num_leaves=89
num_cat=0
split_feature=20 20 31 20 31 25 20 52 31 20 27 27 27 30 30 31 48 52 36 27 31 20 31 31 52 31 31 31 29 27 30 30 29 29 31 29 11 52 0 18 39 29 20 52 20 31 31 29 31 16 18 20 54 22 9 20 29 31 31 31 30 39 30 29 31 20 31 27 26 29 20 42 20 20 29 11 29 31 27 52 27 22 2 29 39 52 52 15
split_gain=0.00419944 0.00164795 0.000883979 0.000779588 0.000586288 0.000579557 0.000478398 0.000477495 0.000407361 0.000371262 0.000307372 0.000304275 0.000272717 0.000243249 0.000243809 0.000235408 0.000207746 0.000182143 0.000175968 0.000173127 0.000159106 0.000228492 0.000151195 0.000150962 0.000205255 0.000147232 0.000145025 0.000202823 0.000159334 0.000144002 0.000142111 0.000135896 0.000134477 0.000178212 0.000133827 0.000129222 0.000132239 0.000153966 0.000128076 0.000140676 0.000125315 0.000124425 0.000153045 0.000115658 0.000113596 0.000112327 0.000137188 0.000158634 0.000126614 0.000111911 0.000130186 0.000108845 0.000159845 0.000107443 0.000178608 0.000106101 0.000105241 0.000104731 0.000129936 0.000156985 0.000135828 0.00011123 0.000104245 0.000154712 0.000107596 0.000141749 0.000103639 0.000155599 0.000124473 0.000101153 0.000101066 9.81608e-05 9.80533e-05 9.36072e-05 9.30994e-05 9.29679e-05 9.20291e-05 9.06071e-05 9.05131e-05 9.05042e-05 8.27763e-05 0.000103487 8.17305e-05 8.13067e-05 7.95203e-05 7.889e-05 7.80276e-05 7.76782e-05
threshold=2.4353400222965447 0.18526500638569607 186.50000000000003 21.775000000000006 79.500000000000014 -0.50262329198501032 0.016032128514056228 0.30898654311297541 23.500000000000004 6.0555984555984566 6.0559926350250377 -869.29289306857436 -0.19624494111143756 17.500000000000004 16.500000000000004 231.50000000000003 76.753680108613707 0.19659859071422126 -0.0032336318626450806 -31.579136940931019 114.50000000000001 1.3887119603680118 119.50000000000001 48.500000000000007 0.18991669230733335 58.500000000000007 47.500000000000007 65.500000000000014 10.500000000000002 -135.42836627245114 18.500000000000004 17.500000000000004 12.500000000000002 23.500000000000004 36.500000000000007 2.5000000000000004 -0.95515267175572516 0.20541864465659007 140.50000000000003 0.020894138028774479 0.0038167938931298333 1.5000000000000002 0.66510533539574312 0.20851911280123658 11.846052631578949 155.50000000000003 143.50000000000003 11.500000000000002 133.50000000000003 0.50093984962406024 0.044264567421654931 0.055327558657808432 -11.984106797461552 -0.49902723735408555 -0.40362595419847319 1.5966726003012461 7.5000000000000009 10.500000000000002 99.500000000000014 229.50000000000003 18.500000000000004 0.0018399279601344356 18.500000000000004 23.500000000000004 86.500000000000014 11.846052631578949 126.50000000000001 -4.549614394920809 -0.00058590460069469206 1.0000000180025095e-35 1.147923253808566 0.0020151138615469581 0.1038018018018018 7.9848484848484862 6.5000000000000009 -0.15744274809160302 22.500000000000004 34.500000000000007 88.80875756345965 0.34136355903304122 -124.72509190063546 -0.73260939683904946 0.69446257728149841 18.500000000000004 0.0012055459473598875 0.34886973641768743 0.29462694579954096 0.033233499494945362
decision_type=2 2 2 2 2 2 2 2 2 2 8 10 10 2 2 2 2 2 2 8 2 2 2 2 2 2 2 2 2 8 2 2 2 2 2 2 10 2 2 8 2 2 2 2 2 2 2 2 2 2 8 2 2 8 10 2 2 2 2 2 2 2 2 2 2 2 2 10 10 2 2 2 2 2 2 10 2 2 8 2 8 8 2 2 2 2 2 10
left_child=1 4 3 8 6 7 17 19 9 -2 11 41 16 14 -4 22 49 -1 -14 55 25 -22 -6 80 -25 32 28 -28 -18 30 -11 82 74 34 43 -8 -37 51 39 56 -19 42 -7 -34 -16 46 48 -48 -24 50 -10 -38 -53 -5 -55 -3 -39 -21 61 60 76 -59 63 73 65 75 67 68 -26 -27 -68 -43 87 83 -12 -64 84 -76 -45 -15 -13 -82 -9 -20 -60 -72 -79 -58
right_child=2 5 13 53 15 10 35 31 12 29 20 23 18 79 44 -17 26 40 62 57 21 -23 45 24 66 69 27 -29 -30 -31 -32 -33 33 -35 -36 36 37 38 -40 -41 -42 71 -44 78 -46 -47 47 -49 -50 -51 -52 52 -54 54 -56 -57 72 58 59 -61 -62 -63 64 -65 -66 -67 70 -69 -70 -71 85 -73 -74 -75 77 -77 -78 86 -80 -81 81 -83 -84 -85 -86 -87 -88 -89
leaf_value=-4.526809949019912e-05 -3.1882198764004398e-05 1.2456549152240493e-06 2.4703833429284767e-05 6.4898785916089343e-05 -1.4758602115822347e-05 5.1992146122752419e-06 -9.1902548160486595e-05 -5.2776006836196252e-05 2.7700291416326427e-07 1.8252802037925644e-05 -9.7170388417645811e-06 3.0066868669724971e-05 6.0490002701277392e-05 1.7530492446280073e-05 -1.9044078171049196e-05 3.7495348190994438e-06 0.0001000235240791738 -0.00010370103336035064 2.2256341581123662e-05 -5.6429795430399808e-05 -2.5548511301209373e-05 -1.0559990998327504e-06 -5.0222290857184388e-05 1.1847114945903405e-05 0.00011479042256668285 -3.0846172668262991e-05 0.00015113879289375403 5.9646135405677201e-05 2.0989470344381954e-05 1.3808898373149315e-05 0.00011895146924015074 -2.233554715411454e-05 -1.8786013426092919e-05 2.6892186858799219e-05 8.1573311874030178e-06 0 -5.7793915921360837e-05 -0.00012232023662144255 -0.00011447848651431585 -2.5586224738510678e-05 -0.00019055618275665953 -2.3082422098186149e-06 8.7630195174731736e-05 -0.00010251790819313376 7.7918163234479056e-06 -2.1604307453363067e-05 -0.00014610863070406603 -4.1701321985746008e-05 -1.9538942425778333e-06 5.3085430420909991e-05 6.3047115520804261e-05 -7.9965741737817893e-05 0 0.0001250822167965426 4.069066517507838e-05 3.9866426658612582e-05 -3.9247925232794479e-05 -5.6527654878612861e-06 -1.5934856676966799e-05 5.7334509519087443e-06 -1.7565266633793876e-06 2.3565605228934578e-05 -2.0848487673842272e-05 -1.7010380633016667e-05 3.5447563991868522e-05 3.9005057960995328e-05 1.3328799053614433e-05 1.570181098762208e-05 4.6838900357875096e-05 1.6904548142301232e-05 2.6901411871990824e-05 -2.8383295246738034e-05 -2.3736696190065813e-05 5.7691767643122944e-05 3.6566462609272492e-05 3.395990983716867e-05 -6.640416030419537e-05 1.6134500456435724e-05 -3.9624627439808387e-05 5.1240492566844636e-05 -5.799217042795065e-06 -7.250971207653697e-05 0 4.963029671970972e-05 -3.3833240185206494e-05 8.3057266828139039e-05 -4.5972255430430435e-05 -0.00011224138255292295
leaf_weight=35 207 966 289 324 650 99 63 379 134 35 268 34 175 665 605 347 50 55 547 58 785 986 289 1663 57 53 60 60 79 267 34 585 93 62 58 86 92 40 46 141 38 1219 36 57 249 327 34 39 84 296 54 34 178 108 44 89 34 645 925 356 433 192 215 69 145 83 311 85 83 708 82 192 64 169 141 41 57 65 61 110 85 41 38 172 434 51 35 46
leaf_count=35 207 966 289 324 650 99 63 379 134 35 268 34 175 665 605 347 50 55 547 58 785 986 289 1663 57 53 60 60 79 267 34 585 93 62 58 86 92 40 46 141 38 1219 36 57 249 327 34 39 84 296 54 34 178 108 44 89 34 645 925 356 433 192 215 69 145 83 311 85 83 708 82 192 64 169 141 41 57 65 61 110 85 41 38 172 434 51 35 46
internal_value=2.67597e-07 -8.68628e-06 2.61837e-05 3.65988e-05 -3.24807e-05 -3.52474e-06 -5.38867e-05 -1.22092e-05 2.99614e-05 3.43873e-06 2.5062e-06 8.79149e-06 3.60513e-05 7.84435e-06 -1.96744e-06 -2.09128e-05 5.32625e-05 -0.000115019 2.81847e-05 -7.14019e-06 -4.99182e-06 -1.19669e-05 -2.69947e-05 1.60891e-05 1.82822e-05 2.66357e-06 7.87006e-05 0.000106198 5.23722e-05 2.54866e-05 6.92734e-05 -3.31326e-05 -6.99509e-06 -2.37683e-05 -3.5804e-05 -4.42731e-05 -4.02031e-05 -4.52219e-05 -6.00175e-05 -5.20117e-05 -0.00014023 -2.90897e-06 2.78969e-05 -4.83462e-05 -1.11064e-05 -3.71587e-05 -4.83462e-05 -9.16536e-05 -3.96113e-05 3.99758e-05 1.88209e-05 -2.68476e-05 -1.2962e-05 7.67223e-05 0.000101289 4.59533e-06 -7.17364e-05 -1.11652e-05 -1.02704e-05 -1.45674e-05 -1.85284e-05 9.34177e-07 2.41944e-05 3.07038e-05 1.11238e-05 4.34683e-07 3.41342e-05 5.31496e-05 7.51954e-05 1.34519e-05 2.42802e-05 -5.92488e-06 -5.7014e-05 3.45201e-05 3.72251e-06 -1.1693e-05 -2.35888e-05 1.90688e-05 -7.08245e-05 2.24399e-05 -1.52723e-05 -2.82738e-05 -4.80477e-05 2.89392e-05 -2.17219e-05 4.91617e-05 -4.63631e-06 -8.24275e-05
internal_weight=20575 15289 5286 3368 2722 12567 952 5157 2892 543 7410 4038 2349 1918 1143 1770 733 128 1616 4155 3372 1771 1423 2492 2332 1601 249 120 129 336 69 1002 840 331 269 824 761 675 371 325 93 1546 135 211 854 773 446 73 373 484 188 304 212 476 152 1055 184 3100 3042 2205 1849 837 1441 957 484 339 669 225 140 761 444 1411 144 888 509 256 1416 241 118 775 160 126 417 719 1359 133 100 80
internal_count=20575 15289 5286 3368 2722 12567 952 5157 2892 543 7410 4038 2349 1918 1143 1770 733 128 1616 4155 3372 1771 1423 2492 2332 1601 249 120 129 336 69 1002 840 331 269 824 761 675 371 325 93 1546 135 211 854 773 446 73 373 484 188 304 212 476 152 1055 184 3100 3042 2205 1849 837 1441 957 484 339 669 225 140 761 444 1411 144 888 509 256 1416 241 118 775 160 126 417 719 1359 133 100 80
is_linear=0
shrinkage=0.0337242


Tree=21
num_leaves=89
num_cat=0
split_feature=20 20 20 36 52 27 16 36 20 33 41 1 54 27 1 20 30 30 20 22 27 54 11 7 11 1 1 54 12 44 22 13 54 52 48 10 52 24 47 20 10 7 41 20 52 20 50 4 1 1 30 15 53 7 52 45 42 20 10 4 4 47 1 52 15 24 49 54 6 39 20 45 33 9 3 39 52 20 4 20 45 5 39 48 52 3 23 18
split_gain=0.00392461 0.00154086 0.000687232 0.000525197 0.000501362 0.0004441 0.000423304 0.000341199 0.000337023 0.000299374 0.000266421 0.000234663 0.000225724 0.000219389 0.000199585 0.000192122 0.000183189 0.000201389 0.000172762 0.00016399 0.00014644 0.000145211 0.000164707 0.000143553 0.000142892 0.000133061 0.00012751 0.000138541 0.000126384 0.000123813 0.000113716 0.000185572 0.000113078 0.00011157 0.000152682 0.000133907 0.000107243 0.000108795 0.00010669 0.000107402 0.000121667 0.00010251 0.000102146 9.90894e-05 0.000118771 9.83844e-05 9.74704e-05 9.61129e-05 9.50878e-05 9.46038e-05 9.2034e-05 8.87707e-05 0.000110855 8.78302e-05 8.5487e-05 8.53009e-05 8.302e-05 7.90441e-05 7.89733e-05 7.81187e-05 7.51248e-05 7.39959e-05 7.2007e-05 8.20691e-05 7.11912e-05 7.02481e-05 6.96823e-05 7.00585e-05 6.85964e-05 6.74949e-05 8.73163e-05 7.19788e-05 6.72701e-05 7.06951e-05 6.60649e-05 6.46021e-05 6.45096e-05 6.5457e-05 8.24071e-05 6.39038e-05 6.37557e-05 6.30606e-05 6.29994e-05 8.42113e-05 7.42428e-05 6.22212e-05 6.1993e-05 6.19735e-05
threshold=2.4353400222965447 0.18526500638569607 19.871212121212128 0.002010052281560815 0.22067748338303569 0.090534192197844449 0.52819548872180466 -0.003502637713164058 0.016032128514056228 1.0000000180025095e-35 -0.0031974440894568796 145.25426731704283 4.302102202321552 2.5891654492543243 254.69325425706458 0.74433954203691066 16.500000000000004 17.500000000000004 0.72353976995991165 -0.51829684854605385 -0.77216589609145703 30.419912816673126 -0.92270992366412197 0.35811657449014866 -0.35973282442748084 270.39168624394995 2309.9025351939258 34.340153701993181 -0.54484732824427462 -0.0055401709285115 -0.70171975081161697 -0.060946727835730158 37.527062401327981 0.22508606901608166 85.123386317065339 -1.2058270676691729 0.26523055165051096 0.99999999999989353 -26.643518518505036 0.092628342628342644 -1.6419172932330823 1.225753254983293 0.0037914726007706183 35.928571428571438 0.30551207109196238 1.0018867924528305 77.777777777776336 -0.041862174232573907 1337.1750026094032 146.71394698111678 18.500000000000004 0.037382196481904904 45.25961303299578 0.15055377923723937 0.28719961038599889 -0.0024286590616853228 -0.0016012820512820711 2.7312382739212011 -0.79887218045112784 -0.87927525580869459 -0.23152806829102826 26.97107044932299 61.363715440341494 0.16996797678117428 0.14519991266691551 1.06581410364011e-13 90.970342127064001 2.2055219797162993 -46.249999999999993 -0.0012961768243919811 11.846052631578949 -0.0024676135239225512 1.0000000180025095e-35 -0.8797709923664121 -0.047624566453861435 0.0012618301552728142 0.14267952123517638 0.11434624697336564 -0.7506642546215162 2.6568921232876721 0.0038167938931298333 0.15920742591422973 0.0031662277946346022 45.448774517407493 0.22947859096834008 0.066064993223606816 0.19999999999999932 0.044264567421654931
decision_type=2 2 2 2 2 8 2 2 2 2 2 2 2 8 2 2 2 2 2 8 8 2 10 8 10 2 2 2 10 2 8 10 2 2 2 2 2 10 2 2 2 8 2 2 2 2 2 2 2 2 2 10 2 8 2 2 2 2 2 2 2 2 2 2 10 10 2 2 10 2 2 2 2 8 2 2 2 2 2 2 2 2 2 2 2 2 10 8
left_child=1 4 5 6 26 11 15 -7 14 19 -10 33 28 18 -6 41 57 25 58 43 -17 22 -12 42 49 55 27 50 74 -19 61 -32 36 35 -35 65 -20 -38 -24 40 -40 60 -5 -4 -45 -33 -37 79 -41 -21 56 -14 -53 -29 -25 85 -1 -9 68 62 66 -15 -58 -64 -39 -2 -3 -68 -8 -31 71 -71 73 -22 -13 -75 -61 -78 -79 -27 -70 -77 83 -69 -84 -18 -47 -81
right_child=2 3 9 23 8 7 13 16 10 -11 21 12 51 30 -16 20 17 29 32 24 72 -23 38 54 -26 47 -28 53 -30 69 31 45 -34 34 -36 46 37 64 39 48 -42 -43 -44 44 -46 86 -48 -49 -50 -51 -52 52 -54 -55 -56 -57 59 -59 -60 76 -62 -63 63 -65 -66 -67 67 82 80 70 -72 -73 -74 75 -76 81 77 78 -80 87 -82 -83 84 -85 -86 -87 -88 -89
leaf_value=-7.1331087133737737e-05 1.5783238626701181e-05 -4.0562272647153168e-06 3.7172767875469314e-05 -6.2776064244037997e-05 -6.4709785281827527e-05 5.0823953552428435e-05 -3.284052258976949e-05 -6.4309049788062947e-06 -0.00013672041138505187 1.0500635766584666e-05 6.354711443293184e-06 -2.826442487331318e-05 5.2081549788051997e-05 7.5902541083577596e-06 -0.00015955956900501315 8.1156708712765452e-06 8.0272818744149033e-06 -4.8048812200249098e-05 1.6327921534220641e-05 7.8578975690603417e-05 9.1859988795966895e-06 2.1606766518444213e-05 -9.1501932736237995e-05 -4.0078096309962111e-06 3.36038524278642e-05 -4.2955004304166097e-07 -6.9089899338988862e-05 -3.4774133825296252e-05 6.1133498699781448e-05 2.6158386677760899e-05 -4.7408611323577789e-06 -9.8112010142868857e-05 8.3085584566121036e-05 -1.2916684263323909e-05 6.7027014251599853e-05 3.3130286485599718e-05 1.5852588006763048e-05 0.00011363140690442627 -0.00010333952402772298 -3.6913202676352376e-05 -4.5432399124355563e-05 -6.2172384177085625e-05 -1.0067640343878307e-05 5.7563749100442312e-05 0.00012516122427157941 -6.1557280887299809e-05 0.00010949048629321812 -7.7093341569946876e-06 1.9092955634350162e-05 0.00014037078580763512 -4.2986222539960268e-06 7.8822496435860178e-05 0.00015234303660971186 -0.00010463491797108082 -3.1448250632288098e-05 -2.5488211238092596e-06 -1.8082351828755387e-05 2.9029572314332776e-05 -2.8347327083678201e-05 -2.4013441943205371e-05 -2.2660572097662571e-05 -1.5057956322002528e-05 -2.9999386437974341e-05 -8.1154363254006833e-05 4.01348678882017e-05 4.6235863118452971e-05 -1.9672279087253562e-05 -2.9956355944831538e-05 6.3192086548968697e-06 3.4005660879907573e-05 3.6537856170332919e-05 2.6267422032583739e-06 1.9531148022513209e-05 -6.5552677898205323e-06 3.0279500140360214e-05 -3.4761671724761983e-05 -1.7259011246955714e-05 3.3762018228867912e-05 -1.102134110493316e-05 -8.2456542050099777e-05 4.8130601867510977e-05 -8.5336755612843433e-07 -1.0248148505901816e-06 6.8371241343297726e-06 -6.3302853009969556e-05 5.9685322583181652e-05 0 -2.7572245356249731e-05
leaf_weight=40 259 1636 263 196 60 266 48 75 35 159 63 37 57 795 51 1321 71 35 1166 71 271 39 66 236 42 34 65 69 102 470 332 41 34 133 34 41 68 35 60 205 176 46 59 221 38 34 45 229 39 64 435 71 44 34 311 417 153 683 79 525 550 205 96 67 36 142 977 86 1132 95 127 753 113 1892 52 197 259 84 101 55 44 100 52 398 42 48 35 53
leaf_count=40 259 1636 263 196 60 266 48 75 35 159 63 37 57 795 51 1321 71 35 1166 71 271 39 66 236 42 34 65 69 102 470 332 41 34 133 34 41 68 35 60 205 176 46 59 221 38 34 45 229 39 64 435 71 44 34 311 417 153 683 79 525 550 205 96 67 36 142 977 86 1132 95 127 753 113 1892 52 197 259 84 101 55 44 100 52 398 42 48 35 53
internal_value=2.58514e-07 -8.39726e-06 2.53124e-05 -3.40596e-06 -3.14057e-05 1.99247e-05 -1.59726e-06 1.4049e-05 -5.40435e-05 5.30046e-05 -4.49445e-05 3.95368e-05 6.14945e-05 7.16449e-06 -0.00010916 -6.26848e-06 1.09079e-05 6.26743e-06 1.29467e-05 6.25346e-05 -9.81528e-07 -3.98383e-05 -4.39319e-05 -2.98184e-05 9.1342e-05 -6.17181e-06 -2.20327e-05 -2.0339e-05 3.54156e-05 1.3956e-05 -3.36249e-06 -1.76382e-05 2.14711e-05 2.72015e-05 2.78052e-06 3.53773e-05 1.97918e-05 4.8153e-05 -4.99112e-05 -4.39911e-05 -6.05642e-05 -1.16793e-05 -5.09598e-05 5.25814e-05 6.78548e-05 -5.56859e-05 7.42102e-05 -2.17425e-05 -2.75653e-05 0.000108589 -1.80348e-05 8.98923e-05 0.000107793 -5.87735e-05 -1.97859e-05 4.42534e-06 -2.24715e-05 2.53934e-05 4.11255e-06 -2.08753e-05 -1.10326e-05 2.85071e-06 -3.56874e-05 -5.16193e-05 7.77271e-05 2.6808e-05 -8.99808e-06 -1.41352e-05 6.28656e-06 1.55247e-05 1.02996e-05 6.25606e-06 -5.68967e-06 -6.88748e-06 4.85497e-06 -8.92155e-06 -1.59452e-05 -6.18745e-06 8.79026e-06 -4.36927e-05 7.96578e-06 -2.36702e-05 -4.60856e-06 9.97274e-08 -2.98795e-05 2.96764e-05 -2.90753e-05 -5.64176e-05
internal_weight=20575 15289 5286 12567 2722 4428 11765 3411 794 858 683 1017 363 4084 111 7681 3145 2387 2642 699 3894 648 609 802 177 907 1928 1863 191 1480 1442 442 1339 654 167 487 1305 139 546 480 236 3787 255 522 259 110 86 371 244 135 1760 172 115 103 547 536 1325 758 1303 1285 3741 1000 316 163 71 401 3191 1555 1224 1445 975 848 2573 2460 89 2189 969 444 185 142 1176 297 578 484 94 119 69 108
internal_count=20575 15289 5286 12567 2722 4428 11765 3411 794 858 683 1017 363 4084 111 7681 3145 2387 2642 699 3894 648 609 802 177 907 1928 1863 191 1480 1442 442 1339 654 167 487 1305 139 546 480 236 3787 255 522 259 110 86 371 244 135 1760 172 115 103 547 536 1325 758 1303 1285 3741 1000 316 163 71 401 3191 1555 1224 1445 975 848 2573 2460 89 2189 969 444 185 142 1176 297 578 484 94 119 69 108
is_linear=0
shrinkage=0.0337242


Tree=22
num_leaves=89
num_cat=0
split_feature=4 25 4 52 19 4 19 19 55 28 23 11 52 19 52 17 44 26 4 19 55 4 0 30 12 17 22 52 1 55 55 25 2 52 55 55 22 52 54 27 0 52 1 41 4 17 1 26 22 52 43 27 2 19 4 29 22 35 30 19 29 4 52 54 4 50 22 4 21 0 17 1 17 2 52 24 0 52 24 54 5 47 1 12 1 19 44 42
split_gain=0.00172477 0.000843919 0.000808848 0.000365491 0.000343021 0.000339033 0.000324105 0.000296901 0.000286093 0.000282461 0.000232513 0.000225832 0.000209776 0.000157542 0.000150111 0.000143989 0.000137147 0.000174867 0.000132961 0.00013147 0.000367159 0.000147201 0.000151473 0.000126453 0.000122772 0.0001214 0.000120864 0.000111062 0.000109247 0.000124499 0.000104913 0.000110475 0.000110726 0.00010287 0.000100608 0.00013463 0.000113681 0.000100551 0.000102428 9.85419e-05 9.47495e-05 0.000101139 0.000103964 9.08617e-05 9.51718e-05 9.509e-05 9.07514e-05 8.77904e-05 8.60151e-05 8.56036e-05 8.45959e-05 8.38945e-05 7.82594e-05 7.7509e-05 0.000105973 7.56762e-05 0.000351593 0.000145454 0.000106323 8.8162e-05 7.55116e-05 7.51931e-05 8.77344e-05 7.5176e-05 7.48196e-05 7.36632e-05 7.29549e-05 8.54694e-05 9.62232e-05 7.73627e-05 7.29508e-05 0.000116302 8.06915e-05 7.28272e-05 7.22454e-05 7.14076e-05 7.06899e-05 6.91525e-05 6.74817e-05 6.74512e-05 9.56108e-05 6.69075e-05 6.54871e-05 6.52524e-05 6.46533e-05 8.79808e-05 7.01844e-05 6.41856e-05
threshold=-0.26082593702300855 -0.66210828455976933 -0.84575866357623375 0.210029832092993 -0.26719045325551954 -0.0046568488891401425 0.13473021895631379 0.027249287750612087 55099.000000000007 -0.49751243781097171 -4.4999999999999991 -0.90744274809160286 0.31201143981053708 0.05979885166619426 0.30551207109196238 -0.062973581814458307 0.0031662277946346022 -0.0012262982508964772 -0.94389168409746149 5.3367265831417408 8035.0000000000009 -0.60816043869071168 20.500000000000004 18.500000000000004 -0.27767175572519082 -0.54946095784207583 -0.9809793422813935 0.37535572775153481 254.69325425706458 3221.5000000000005 51430.000000000007 -0.50000000000002653 0.18840786638501791 0.34498385841469054 5226.5000000000009 328.50000000000006 -0.98525740747440382 0.32242932479907177 -37.931000107663742 13.851008062738453 171.50000000000003 0.21176826070987798 714.78068446180566 -0.0020920502092049427 -0.041862174232573907 -0.62495611597086087 158.0034473261687 -0.0023709154844002403 -0.88159798849535098 0.20161792586349139 -0.0015760451079261937 -231.58259394898013 -1.0000000180025095e-35 1.9623125720919463 -0.16163293572276552 11.500000000000002 -0.18511450381679387 1.0000000180025095e-35 17.500000000000004 -9.9523453527353904 22.500000000000004 -0.77343970829328945 0.25145972661420962 14.954087694928479 -0.087215218497371239 13.333333333333046 -0.69407153929396614 -0.0063881508281983142 1.0000000180025095e-35 55.500000000000007 -0.070210789619964298 145.09562867053276 -0.23871814750884993 -0.24515320592249398 0.17520323014966505 9999.5000000000018 33.500000000000007 0.12373019516460788 -500.99999999998926 -1.1001528132439959 0.056069155264062996 41.666666666667169 131.18359692131955 -0.85591603053435106 254.69325425706458 0.38507401473760444 0.0013670546373334427 -1.0000000180025095e-35
decision_type=2 2 2 2 2 2 2 2 2 2 10 10 2 2 2 10 2 10 2 2 2 2 2 2 8 10 10 2 2 2 2 2 2 2 2 2 10 2 2 10 2 2 2 2 2 10 2 10 10 2 2 8 2 2 2 2 8 2 2 2 2 2 2 2 2 2 8 2 2 2 8 2 10 2 2 10 2 2 10 2 2 2 2 10 2 2 2 2
left_child=2 12 3 -1 37 7 -7 15 11 84 -11 18 13 43 19 33 24 -18 -5 21 77 22 60 25 26 -15 47 65 78 -30 31 -16 46 52 35 -23 -37 38 -4 -39 41 42 -17 -2 -45 -46 -33 -9 -41 74 -24 -52 -3 70 -55 57 58 81 59 -57 -12 -40 83 -31 -58 -28 67 68 -14 -68 71 72 -26 -27 -25 82 -43 -21 -13 80 -61 -54 -72 -63 85 -6 -86 -35
right_child=1 5 4 8 9 6 -8 16 -10 10 14 28 66 23 30 40 17 -19 -20 20 -22 34 50 49 53 73 27 -29 29 63 -32 32 -34 87 -36 36 -38 39 61 48 -42 76 -44 44 45 -47 -48 -49 -50 -51 51 -53 55 54 -56 56 64 -59 -60 79 -62 62 -64 -65 -66 -67 69 -69 -70 -71 75 -73 -74 -75 -76 -77 -78 -79 -80 -81 -82 -83 -84 -85 86 -87 -88 -89
leaf_value=-2.2559396650400634e-05 -3.4833091907512108e-05 1.0190625718995407e-05 -6.4155006594245777e-05 -4.2179096146409787e-05 9.8218858527837865e-06 3.0713060512391751e-05 0.00012971990764535483 -5.2976514288760696e-05 -0.00015802439837801546 -6.7503334053275378e-05 -1.9506650548010304e-05 -7.4169943074083819e-05 -2.7413213087079686e-05 5.1866283995623507e-05 -2.6214735859095341e-05 1.8102824651470971e-05 0.00012325190123607503 3.3511355201979624e-05 4.7448983170443215e-05 2.0107006091079141e-05 0.00011502330787495733 -1.6056639278740277e-06 -5.5500421968132535e-05 2.7972457913182835e-05 8.034811705966922e-05 1.7169109087443947e-05 0 7.1730624976959148e-05 -3.7293401250157324e-05 -8.3179661416446201e-05 -7.4608507302233222e-05 1.3468848130330881e-06 -2.8730703256190862e-05 3.5731500300033476e-06 -3.5992556935371926e-06 8.7535277439583441e-05 2.0982829368778936e-05 -8.2097045125802478e-05 -5.7834918258544684e-05 7.6513928739286033e-07 -9.2968216320042887e-06 4.213340864205462e-05 -1.236107469079816e-05 -8.4654567822826505e-06 5.9432425196576058e-05 3.6344967820808015e-06 5.9515789520971443e-05 5.0335176555396434e-06 -4.7445374527881104e-05 6.5757037566007462e-05 2.3478611896318301e-05 -5.7697743148932733e-06 5.9616537307133234e-06 1.6893541962084649e-05 9.0545300716105007e-05 -5.0410101168881717e-05 -0.00010629637233729564 5.1351781262076378e-05 1.1522801140191016e-05 -3.5269374157449283e-05 -5.1113093219377201e-05 -3.999835850152021e-05 1.6082482551179705e-05 -0.00015311797845620742 -3.8374900514123599e-05 2.1445861661385268e-05 -1.3829527311475346e-05 2.1451393714587593e-05 -8.7381918250564069e-05 4.2908075630665335e-05 3.5697227935108438e-05 -6.0205024574546408e-06 2.375021370468218e-05 -1.365750443004252e-05 -2.1840374208259612e-05 0 1.152519194054026e-05 -1.8343443538858179e-05 -2.7508118309529103e-05 6.6750172079032851e-06 1.0740839066979797e-05 -1.9767443246395668e-05 7.8412338793474104e-05 -1.3126461804908825e-05 4.9344712835858453e-06 3.5464560243728299e-05 -3.6488948088067554e-05 4.5509285214987906e-05
leaf_weight=733 109 920 53 42 724 898 40 48 34 71 700 68 398 49 479 764 35 102 34 115 39 328 34 213 35 123 248 43 39 52 39 106 85 77 2520 36 202 57 47 63 138 305 149 1348 37 699 45 71 107 62 132 709 613 42 58 61 43 72 377 150 104 123 100 38 43 651 136 34 35 34 143 139 239 289 37 36 133 98 94 212 74 141 68 836 295 200 55 106
leaf_count=733 109 920 53 42 724 898 40 48 34 71 700 68 398 49 479 764 35 102 34 115 39 328 34 213 35 123 248 43 39 52 39 106 85 77 2520 36 202 57 47 63 138 305 149 1348 37 699 45 71 107 62 132 709 613 42 58 61 43 72 377 150 104 123 100 38 43 651 136 34 35 34 143 139 239 289 37 36 133 98 94 212 74 141 68 836 295 200 55 106
internal_value=2.3019e-07 9.43901e-06 -1.01546e-05 -3.69266e-05 -6.57236e-06 1.60528e-05 3.50382e-05 1.32269e-05 -6.29477e-05 -3.56659e-06 -6.71446e-06 -5.38761e-05 -3.88665e-06 -8.27824e-08 -5.94983e-06 8.31113e-06 2.41691e-05 5.71434e-05 -8.10499e-07 -3.81744e-06 1.98435e-05 -5.08905e-06 -1.31283e-05 1.29753e-05 2.16353e-05 1.53197e-06 1.4061e-05 1.81573e-05 -6.74029e-05 -9.14078e-05 -2.00102e-05 -1.6897e-05 1.6054e-06 3.87682e-06 -6.83834e-07 1.21257e-05 3.14558e-05 -2.19349e-05 -1.77714e-05 -4.27665e-05 1.68498e-05 1.95921e-05 1.30253e-05 -4.72963e-06 -3.10873e-06 6.57089e-06 1.93221e-05 -1.75533e-05 -2.90106e-05 2.95737e-05 -3.28984e-06 -1.06413e-06 2.18319e-06 3.20822e-05 6.05782e-05 -1.88747e-06 -8.36697e-06 5.52617e-06 -1.85136e-06 -1.21908e-05 -2.37153e-05 -1.54613e-05 -1.34894e-05 -0.000113783 -7.34597e-05 1.54874e-05 -2.14465e-05 -2.83501e-05 -3.24838e-05 -1.91341e-06 2.76181e-05 1.8527e-05 3.13327e-05 -4.2198e-06 2.02135e-05 4.24278e-05 3.30598e-05 1.9624e-06 -4.76913e-05 -6.62194e-06 -1.96381e-05 1.02205e-06 4.99214e-05 -1.66738e-05 1.07923e-05 1.54769e-05 -1.29877e-06 2.83922e-05
internal_weight=20513 10877 9636 1134 8502 7274 938 6336 401 7116 5842 367 3603 2966 5771 4378 1958 137 76 5017 252 4765 1679 773 1821 461 1061 942 291 129 754 715 236 2889 3086 566 238 1386 1159 227 1489 1351 913 2193 2084 736 151 119 170 312 875 841 2706 760 100 1786 960 826 874 497 804 1106 1059 90 86 899 637 467 433 170 660 413 274 412 250 247 438 213 162 436 224 754 211 959 1274 924 350 183
internal_count=20513 10877 9636 1134 8502 7274 938 6336 401 7116 5842 367 3603 2966 5771 4378 1958 137 76 5017 252 4765 1679 773 1821 461 1061 942 291 129 754 715 236 2889 3086 566 238 1386 1159 227 1489 1351 913 2193 2084 736 151 119 170 312 875 841 2706 760 100 1786 960 826 874 497 804 1106 1059 90 86 899 637 467 433 170 660 413 274 412 250 247 438 213 162 436 224 754 211 959 1274 924 350 183
is_linear=0
shrinkage=0.0337242


Tree=23
num_leaves=89
num_cat=0
split_feature=20 20 19 20 31 31 26 20 31 20 52 31 31 31 20 1 31 21 30 19 54 30 52 20 30 19 24 31 2 22 44 31 19 1 54 2 19 31 1 50 31 16 29 52 54 52 31 20 22 19 54 27 19 22 19 1 19 31 31 19 43 20 19 1 30 21 8 19 20 30 53 31 31 31 1 18 29 1 27 45 50 0 44 29 19 31 26 53
split_gain=0.00352071 0.00126101 0.000864993 0.000850683 0.000394191 0.000387218 0.000355212 0.000342604 0.000374637 0.000309453 0.000309127 0.000255461 0.00027523 0.000274295 0.000253969 0.000235844 0.000217555 0.000211887 0.000193031 0.000191471 0.0001842 0.000183061 0.000181033 0.00017921 0.000174694 0.000200767 0.000170202 0.000154594 0.000152375 0.00014436 0.000143979 0.000141358 0.000277568 0.000151015 0.000169532 0.000139109 0.00013876 0.000236456 0.000157607 0.000133147 0.000131386 0.000130681 0.000129952 0.000166385 0.000126971 0.000124857 0.000122655 0.000121375 0.000132221 0.000121251 0.000119576 0.000118531 0.000118135 0.000117028 0.000115045 0.00011427 0.000109698 0.000108928 0.000129167 0.000117079 0.000108702 0.000107512 0.000105261 0.000100085 9.93735e-05 9.72978e-05 9.77363e-05 9.52599e-05 9.59298e-05 9.29042e-05 8.94088e-05 9.30762e-05 0.000117014 8.86137e-05 9.47216e-05 8.7803e-05 8.70309e-05 8.76994e-05 8.69157e-05 8.49022e-05 8.68261e-05 8.39618e-05 8.02654e-05 7.9931e-05 7.97803e-05 7.93394e-05 7.93086e-05 7.89233e-05
threshold=0.78156090022215785 14.455555555555557 0.034013612733932781 0.055327558657808432 82.500000000000014 155.50000000000003 -0.0071597399377621189 2.0706476530005946 24.500000000000004 2.6568921232876721 0.32242932479907177 198.50000000000003 122.50000000000001 16.500000000000004 0.46652661064425777 80.17263938827962 26.500000000000004 1.0000000180025095e-35 18.500000000000004 6.6913851333035845 -3.8906498917296797 16.500000000000004 0.27988993496199205 65.708333333333357 17.500000000000004 0.90809561992502819 4000.5000000000214 91.500000000000014 -0.58520894734854567 -0.63339620973208743 0.0058263742729762766 118.50000000000001 -1.4350140563321074 711.4183164165147 4.6464294355923101 -0.70659833330893207 5.3367265831417408 151.50000000000003 81.406772596776932 33.33333333333254 161.50000000000003 0.43045112781954892 10.500000000000002 0.43103014748747753 20.685430672257233 0.18991669230733335 255.50000000000003 1.0018867924528305 -0.90822146178818974 2.2095830421200167 23.719075706919412 -735.18884780404164 0.18332962030734737 -0.38122431004110385 -0.21935500099942115 154.70301905069422 2.7592461426914388 187.50000000000003 43.500000000000007 -0.12680091642533495 0.0010240658086816403 0.36724413779311044 0.19508506581659549 633.74337829107844 16.500000000000004 -0.59816438808023087 0.25000000000000006 0.11833879549232408 0.36724413779311044 17.500000000000004 38.452054058338796 39.500000000000007 75.500000000000014 109.50000000000001 145.16135751127746 0.21987315015484724 7.5000000000000009 33.047478104378065 -0.52562796498953424 -0.0042171862008865682 5.9330318435968376e-13 58.500000000000007 0.0012217475542659619 1.5000000000000002 2.0722347036662545 255.50000000000003 -0.0051145241417978838 60.229274358685714
decision_type=2 2 2 2 2 2 10 2 2 2 2 2 2 2 2 2 2 2 2 2 2 2 2 2 2 2 10 2 2 8 2 2 2 2 2 2 2 2 2 2 2 2 2 2 2 2 2 2 10 2 2 10 2 8 2 2 2 2 2 2 2 2 2 2 2 2 8 2 2 2 2 2 2 2 2 8 2 2 10 2 2 2 2 2 2 2 10 2
left_child=3 2 6 4 28 23 47 16 15 31 11 12 13 41 27 -9 -4 26 -13 -6 -19 70 57 52 25 -16 42 56 -1 -17 79 32 -8 -33 40 -34 38 -38 67 -25 -35 -5 86 54 61 -30 -7 48 76 50 -10 -51 60 78 -44 -24 -15 58 -23 69 -3 81 -20 -26 84 -47 -67 -14 -69 -59 71 -11 -73 75 82 -66 -2 -78 -37 -18 -81 -40 -75 -82 -29 -64 -12 -22
right_child=1 5 7 10 19 46 9 8 49 21 17 18 36 14 24 29 30 20 62 -21 87 22 55 39 63 -27 -28 64 45 -31 -32 33 35 34 -36 53 37 -39 44 -41 -42 -43 43 -45 -46 65 -48 -49 -50 51 -52 -53 -54 -55 -56 -57 -58 59 -60 -61 -62 -63 85 -65 73 66 -68 68 -70 -71 -72 72 -74 74 -76 -77 77 -79 -80 80 83 -83 -84 -85 -86 -87 -88 -89
leaf_value=-1.6530646519993916e-05 -1.6578125344140045e-05 4.3028359158713399e-05 -4.666713765380727e-05 0 -2.0437923298689725e-05 3.2714584132936918e-05 4.1143924851355373e-05 -6.7709206961111306e-05 4.0127858840863428e-05 6.1460395980687135e-05 -2.696066704470212e-05 -7.3708947970485846e-06 -2.4769025677263209e-05 -1.6168677505869622e-05 1.8274614941726038e-05 -8.1139822955190071e-06 4.9030910415216492e-05 -0.00013835849609298423 0 -0.00010208810680027848 -7.5364708007790991e-05 -6.010552766898993e-06 4.7622136554761496e-05 6.8770193628834138e-05 2.7174747457772484e-06 0.00010172856584463593 1.8414968349436187e-05 -2.9662182035615814e-05 -4.9085336467019057e-05 6.2178088387697484e-05 7.8488192274796058e-05 -1.568515294312065e-06 6.3086171622375869e-05 -7.3953783034919906e-05 2.1647893276951569e-06 -3.0304250371316256e-05 7.6003402637616211e-05 -2.1520924096111143e-05 -4.126898196598039e-05 0.00014148483189130551 -2.0183114880805586e-05 -5.5160858419405586e-05 -0.00010107816576664291 7.6545788931389557e-06 -8.5588557738519182e-05 -0.00014630768399746761 -6.0788660316746233e-06 -7.8830464258926041e-06 -1.0850327762909112e-05 5.3554661156115027e-05 9.4176384462731007e-05 0.00013681549191316988 0.00010041151863825852 -6.412612611573041e-05 -4.3354670770173081e-05 8.9290483118288658e-06 -7.5984038231721076e-05 -2.2314523318720006e-05 2.3567680396849969e-05 2.5538994414297968e-05 0.00010791137638130655 -2.2020783528524759e-05 3.4358536009587422e-05 -3.908613390993386e-05 8.9603622955859595e-06 -9.6993246872433911e-05 -3.3978123878852318e-05 -1.8105789436297996e-05 7.9007769949626301e-06 3.7485958133364609e-06 4.1013448053456196e-05 -5.4104679177287614e-05 1.6280053269216403e-05 -3.6417642720588231e-06 -2.7600465191703301e-05 4.9308493034019186e-05 -4.1634619692091141e-05 -0.00012309211166770104 4.2119035846777226e-06 -3.1903448314482103e-06 4.9076779771116251e-05 -0.00010034010907051871 4.8872102655525203e-05 1.5608477684699471e-05 1.7591710785165604e-05 -3.9756701837528919e-06 -4.4450157665710867e-07 -1.723334566449325e-06
leaf_weight=53 36 440 61 65 468 374 240 49 739 36 354 907 754 1150 474 84 88 35 273 36 37 245 210 80 378 36 98 177 110 53 44 1651 37 97 145 97 44 77 216 54 125 182 50 59 56 40 118 1261 131 58 53 35 59 35 275 160 37 341 504 122 34 484 331 78 293 147 41 375 277 276 396 34 127 115 135 81 34 36 568 260 89 35 45 1551 50 70 213 35
leaf_count=53 36 440 61 65 468 374 240 49 739 36 354 907 754 1150 474 84 88 35 273 36 37 245 210 80 378 36 98 177 110 53 44 1651 37 97 145 97 44 77 216 54 125 182 50 59 56 40 118 1261 131 58 53 35 59 35 275 160 37 341 504 122 34 484 331 78 293 147 41 375 277 276 396 34 127 115 135 81 34 36 568 260 89 35 45 1551 50 70 213 35
internal_value=2.22594e-07 1.28838e-05 9.0515e-06 -1.51956e-05 -4.64794e-05 4.62228e-05 2.37672e-06 2.367e-05 3.92437e-05 6.3887e-06 -1.18313e-05 -9.21047e-06 -1.25858e-05 -6.28225e-06 -3.47853e-06 -3.78434e-06 1.56547e-05 -2.80596e-05 2.71386e-06 -2.64619e-05 -7.36887e-05 1.52772e-05 9.99422e-06 6.30498e-05 1.07656e-05 2.4355e-05 -2.33132e-05 -1.01307e-05 -7.20348e-05 1.83738e-05 1.75731e-05 -8.5308e-07 9.63886e-06 -5.98057e-06 -2.55654e-05 -4.89447e-07 -2.15072e-05 1.31437e-05 -2.34596e-05 9.87945e-05 -4.41129e-05 -4.05004e-05 -2.77149e-05 -4.30334e-05 -3.56094e-05 -8.04521e-05 2.3214e-05 -1.21444e-05 -3.44097e-05 4.83961e-05 4.38668e-05 8.59288e-05 5.3882e-05 -3.98797e-06 -5.25327e-05 3.11512e-05 -1.81146e-05 4.66844e-06 1.37635e-05 -4.4189e-06 4.78864e-05 -3.16699e-05 1.64283e-05 -4.22118e-06 3.38326e-07 -9.51612e-05 -8.37648e-05 -1.65555e-05 -6.90874e-06 -1.04992e-05 3.16671e-05 1.23887e-05 8.15808e-07 6.98619e-06 -6.59532e-06 1.79573e-05 -6.26135e-05 -8.4908e-05 -6.77438e-07 1.61763e-05 1.46037e-05 -4.98911e-05 1.05237e-05 1.74837e-05 -1.8828e-05 2.74257e-05 -1.717e-05 -4.09093e-05
internal_weight=20513 11267 10108 9246 895 1159 6944 3164 1071 5446 8351 7195 5614 3296 3049 186 2093 1156 1581 504 107 2451 1858 667 966 510 1049 2083 391 137 2032 2995 977 2018 367 737 2318 121 2197 134 222 247 951 384 791 338 492 1498 237 885 792 93 533 700 325 370 1187 1488 749 739 474 735 674 456 896 228 188 1406 652 617 593 197 161 669 295 374 106 70 665 1988 1900 251 160 1640 227 401 567 72
internal_count=20513 11267 10108 9246 895 1159 6944 3164 1071 5446 8351 7195 5614 3296 3049 186 2093 1156 1581 504 107 2451 1858 667 966 510 1049 2083 391 137 2032 2995 977 2018 367 737 2318 121 2197 134 222 247 951 384 791 338 492 1498 237 885 792 93 533 700 325 370 1187 1488 749 739 474 735 674 456 896 228 188 1406 652 617 593 197 161 669 295 374 106 70 665 1988 1900 251 160 1640 227 401 567 72
is_linear=0
shrinkage=0.0337242


Tree=24
num_leaves=89
num_cat=0
split_feature=4 4 16 16 36 4 1 1 4 19 4 15 19 55 31 45 31 31 1 31 1 55 15 48 24 4 31 55 29 0 31 19 13 54 19 4 16 1 30 7 47 16 55 50 17 36 17 2 25 54 28 1 31 29 54 42 7 16 19 26 31 0 16 28 31 0 55 19 4 15 15 44 19 19 24 17 31 1 9 31 0 1 55 30 48 4 10 13
split_gain=0.00146649 0.00080526 0.000674591 0.000595481 0.000304271 0.00028259 0.000250486 0.000253944 0.000207889 0.000234168 0.000225903 0.000203652 0.000181918 0.0002789 0.000181338 0.000279974 0.000164035 0.00043707 0.000258224 0.00022051 0.000294582 0.000264665 0.000276989 0.000224159 0.000170624 0.000166543 0.000157287 0.000149059 0.000139405 0.000138419 0.000132024 0.000181793 0.000130108 0.000124556 0.000120712 0.000117106 0.000116302 0.000115811 0.000117533 0.00011351 0.00011225 0.000110124 0.000110115 0.000108977 0.000122248 0.000108592 0.000132393 0.000107397 0.000106732 0.0001041 9.91757e-05 9.67879e-05 0.000118931 0.00010077 9.72999e-05 9.07408e-05 8.52181e-05 8.33771e-05 0.000109924 8.32011e-05 8.27378e-05 7.97877e-05 7.9867e-05 7.93056e-05 7.84751e-05 7.77687e-05 7.72485e-05 7.70426e-05 7.57443e-05 7.48334e-05 7.38931e-05 7.33937e-05 7.24731e-05 7.16274e-05 0.000102747 7.37227e-05 9.21575e-05 7.16087e-05 8.70112e-05 7.06578e-05 6.91758e-05 6.66797e-05 6.6621e-05 6.64934e-05 6.59985e-05 6.54296e-05 8.26295e-05 6.50255e-05
threshold=-0.16758296116230423 -0.83785120696478022 0.53853383458646631 0.85432330827067682 0.002010052281560815 -0.0037275990728701442 254.69325425706458 269.05003004372566 -0.011493724913788228 -1.0000000180025095e-35 -0.0028124823336536822 0.030562494274702187 4.6002721057025449 50877.500000000007 42.500000000000007 0.0031662277946346022 122.50000000000001 197.50000000000003 255.04151438920454 24.500000000000004 256.0709528940418 51841.500000000007 0.073055847693012987 77.617255606927003 12500.500000000002 -0.66849101136299394 83.500000000000014 31248.500000000004 9.5000000000000018 147.50000000000003 143.50000000000003 0.045417991147377997 -0.18982919457001413 -13.824320569049894 -0.26719045325551954 -0.95239272994516355 0.45018796992481208 145.09562867053276 18.500000000000004 0.31546873199677389 55.555555555585876 0.48120300751879702 18597.000000000004 33.333333333333186 -0.10909021093590004 0.0034542417372628313 -0.62495611597086087 0.066822630370705696 -0.50252907995500784 1.7678107151986244 0.99009900990098976 144.37739017413534 57.500000000000007 6.5000000000000009 -25.437399313452804 0.0021390398799392423 0.033489601336559517 0.47368421052631587 0.036748927727460419 -0.0050147903180622127 100.50000000000001 7.5000000000000009 0.48684210526315791 0.99850249550848369 22.500000000000004 23.500000000000004 14965.500000000002 0.0059906400030449456 -0.4591730736615976 0.35974247405586218 0.1018956205386528 -0.0027378520697861615 0.021321289951503179 0.18827335120628066 10000.583333333334 -0.07547321611421548 69.500000000000014 2321.1493067698943 -0.77290076335877844 37.500000000000007 348.50000000000006 143.17690767362961 5833.5000000000009 17.500000000000004 78.452743362243169 -0.33934224659392836 -1.4050751879699244 -0.28205621083176041
decision_type=2 2 2 2 2 2 2 2 2 2 2 8 2 2 2 2 2 2 2 2 2 2 10 2 8 2 2 2 2 2 2 2 10 2 2 2 2 2 2 8 2 2 2 2 10 2 8 2 2 2 2 2 2 2 2 2 8 2 2 8 2 2 2 2 2 2 2 2 2 10 8 2 2 2 10 8 2 2 10 2 2 2 2 2 2 2 2 8
left_child=1 6 5 4 12 11 26 -8 14 64 -11 45 16 49 29 43 19 18 27 20 21 32 -23 24 33 61 41 42 85 -4 31 51 87 -22 71 36 -9 38 -32 63 -37 56 68 44 81 46 -2 84 -36 -14 -29 52 54 -53 -13 -48 -1 -19 -59 -5 70 62 -21 -6 66 -42 -10 69 -18 -56 -55 -27 -7 -61 75 -75 -77 78 -51 -69 -28 -16 -70 -45 -33 86 -20 -3
right_child=2 3 8 59 39 72 7 35 9 10 -12 30 13 -15 15 -17 17 57 28 25 23 22 -24 -25 -26 34 80 50 -30 -31 37 47 -34 -35 48 40 -38 -39 -40 -41 65 -43 -44 83 -46 -47 55 -49 -50 77 -52 53 -54 60 67 -57 -58 58 -60 73 -62 -63 -64 -65 -66 -67 -68 79 82 -71 -72 -73 -74 74 -76 76 -78 -79 -80 -81 -82 -83 -84 -85 -86 -87 -88 -89
leaf_value=-8.8220157407582878e-05 3.5359448160783276e-05 -2.1047920738504676e-05 7.071838499325695e-06 -2.2645824570375258e-05 -3.5369731001745863e-05 2.0258291448955615e-05 -0.00012180049892764786 -3.6703266568039517e-05 4.4877079270286648e-05 5.0293504387378565e-05 0.00015221867769073011 -5.6266149423199684e-05 -1.507496370477624e-05 0.000106616389036268 1.911935652424153e-05 9.1803622737810729e-05 -3.1809623506344448e-05 -8.5457871556665511e-06 -6.0375056483610178e-05 -4.264077616978621e-05 4.5815971803978246e-05 -2.9352196232120406e-05 -0.00016280986094210104 -7.191450035953991e-05 7.3342252539943266e-05 -3.2719330190711744e-05 -1.5002339444458349e-05 -1.3817196911343545e-06 -6.5853192905813212e-05 -4.490263727284317e-05 1.2577626067187415e-06 3.1953793486649634e-05 -5.7712138219428188e-06 -2.0532053029126913e-05 7.3856709265355258e-07 -6.1671935372064823e-05 -0.00012952914373417707 -8.9588605696564932e-06 3.0148438884937473e-05 -1.7477121733007303e-05 -3.3494423293100205e-05 -2.0540124953583396e-05 -5.3961778026157057e-05 1.812347511339465e-05 1.6821496396784355e-05 -5.7562650355372273e-05 -9.4397420655184494e-06 6.866975164067637e-06 1.7245622068631451e-05 -9.7751020083629607e-06 -4.992122384741055e-05 2.7508645626236909e-06 1.1880479132769182e-05 2.3560770344403696e-05 3.9382318262096075e-06 -4.1797393020974862e-05 -2.898719893212085e-05 -6.3661070990112972e-06 1.4695953161630723e-05 1.3320846600334351e-05 5.2569323099509688e-06 -3.7391410605032589e-06 -7.4985142251766526e-06 -8.0603636440401818e-05 3.6687297738279807e-05 9.1953774573104578e-06 -1.5208990367926229e-05 -7.3258543100664913e-06 4.4183308399226953e-06 -4.7685353263378397e-05 7.7807647251991515e-05 -1.6822395942320782e-06 6.4749564101506825e-05 1.5819883042630715e-05 -2.5445104568749895e-06 8.8359686478184301e-05 3.5932126766141279e-05 -1.6105569082303517e-05 4.9847808708321079e-05 -7.4183125094392003e-05 2.317571097805348e-05 -3.2694790903072454e-05 -1.9793817136647092e-05 3.7182767611694379e-05 7.1890368641382602e-05 -1.6752254323110221e-05 -2.2648341867851804e-05 -8.0448025577628855e-05
leaf_weight=78 64 42 268 54 247 668 56 34 36 85 38 51 134 36 37 65 324 666 136 155 49 37 38 34 53 105 428 881 162 74 1045 165 159 93 811 125 35 1179 191 459 161 137 119 425 691 62 622 138 1024 34 51 231 449 62 360 121 52 458 714 757 71 552 155 60 448 65 73 46 198 35 66 544 47 98 73 62 129 37 109 34 60 99 344 470 77 265 151 56
leaf_count=78 64 42 268 54 247 668 56 34 36 85 38 51 134 36 37 65 324 666 136 155 49 37 38 34 53 105 428 881 162 74 1045 165 159 93 811 125 35 1179 191 459 161 137 119 425 691 62 622 138 1024 34 51 231 449 62 360 121 52 458 714 757 71 552 155 60 448 65 73 46 198 35 66 544 47 98 73 62 129 37 109 34 60 99 344 470 77 265 151 56
internal_value=-5.39819e-07 -8.21247e-06 1.00708e-05 -5.22079e-06 -8.0291e-06 3.4663e-06 -3.40529e-05 -5.33533e-05 2.36358e-05 3.99909e-05 8.25685e-05 6.47065e-07 -6.22596e-06 1.75143e-05 1.83665e-05 2.26804e-05 -7.22951e-06 -1.16472e-05 -2.04639e-05 -2.15162e-06 -2.17266e-05 -4.20668e-05 -9.82597e-05 7.34014e-06 2.16546e-05 1.10149e-06 -2.17567e-05 -1.3936e-05 -3.7855e-05 -3.89149e-06 3.74004e-06 1.0701e-05 -2.5292e-05 1.68202e-06 5.56005e-06 -4.39968e-05 -8.51898e-05 -1.365e-06 5.80047e-06 -2.84437e-05 -3.56236e-05 -4.2681e-05 -2.31053e-05 2.00151e-05 1.09967e-05 -1.41905e-05 -1.07385e-05 3.14445e-05 1.00028e-05 6.99087e-06 -4.14157e-06 5.02188e-06 -7.61391e-07 1.83599e-05 -1.17364e-05 -1.48394e-05 -6.52705e-05 9.20796e-07 6.38274e-06 1.74218e-05 3.59932e-05 -1.16345e-05 -2.53815e-05 -4.45251e-05 3.04151e-05 -2.07887e-05 3.74921e-06 -6.75181e-06 -1.87535e-05 -3.91319e-07 5.2287e-05 -6.85259e-06 2.33181e-05 1.94418e-05 3.19746e-05 4.10284e-05 5.34566e-05 2.39546e-05 3.49958e-05 -3.69485e-05 -1.01102e-05 -1.78876e-05 -1.07705e-05 2.82403e-05 4.50603e-05 -2.9463e-05 -4.08626e-05 -5.59772e-05
internal_weight=20489 11896 8593 10665 9492 5784 1231 476 2809 680 123 5069 8726 350 2129 1787 8376 4469 2631 3907 561 332 75 229 195 3346 755 1917 714 342 4200 1785 257 142 2484 420 69 2415 1236 766 351 267 985 1722 827 869 807 380 1835 314 932 1405 975 430 526 743 130 1838 1172 1173 199 862 310 307 557 226 109 475 866 395 128 649 715 1119 362 289 191 180 143 80 488 136 542 895 242 552 287 98
internal_count=20489 11896 8593 10665 9492 5784 1231 476 2809 680 123 5069 8726 350 2129 1787 8376 4469 2631 3907 561 332 75 229 195 3346 755 1917 714 342 4200 1785 257 142 2484 420 69 2415 1236 766 351 267 985 1722 827 869 807 380 1835 314 932 1405 975 430 526 743 130 1838 1172 1173 199 862 310 307 557 226 109 475 866 395 128 649 715 1119 362 289 191 180 143 80 488 136 542 895 242 552 287 98
is_linear=0
shrinkage=0.0337242


Tree=25
num_leaves=89
num_cat=0
split_feature=20 20 20 31 31 29 52 31 52 27 1 31 1 1 20 1 48 42 31 9 10 48 1 27 31 31 30 49 27 26 31 30 31 31 30 31 31 50 51 54 20 51 40 20 24 31 53 20 15 20 29 20 22 53 1 53 20 31 29 27 52 52 50 51 31 20 52 31 31 31 31 22 26 1 53 26 11 52 51 31 49 25 54 52 1 20 31 20
split_gain=0.00307292 0.000969615 0.000828674 0.00049035 0.000524184 0.000375862 0.000354153 0.000348526 0.000335069 0.000327626 0.000268474 0.000593503 0.00023064 0.00041558 0.000226761 0.000226646 0.000224069 0.00021667 0.000211958 0.000183368 0.000199938 0.000185502 0.000182117 0.000181611 0.000202523 0.000175198 0.000182623 0.00016714 0.000162498 0.000159158 0.000156732 0.000155846 0.000154224 0.000219202 0.000258409 0.000147112 0.000141449 0.000139887 0.000173368 0.000138224 0.000167297 0.000183609 0.000134387 0.000132578 0.000131687 0.000126801 0.000229762 0.000122207 0.000147374 0.000120337 0.000116663 0.000115626 0.000113765 0.000112894 0.000112823 0.000111978 0.000109735 0.000142871 0.000130626 0.000129864 0.00010914 0.000124204 0.000102465 0.000102311 9.94802e-05 9.89737e-05 9.75958e-05 0.000150604 9.69202e-05 9.85227e-05 9.22876e-05 8.86329e-05 8.67107e-05 8.59175e-05 8.58316e-05 8.51865e-05 8.45269e-05 8.42099e-05 8.14475e-05 8.11607e-05 8.11182e-05 8.10179e-05 8.04388e-05 8.83245e-05 8.46661e-05 7.93192e-05 7.9261e-05 7.88321e-05
threshold=1.0997237569060776 11.162280701754389 0.060213074520303438 141.50000000000003 23.500000000000004 12.500000000000002 0.20851911280123658 99.500000000000014 0.210029832092993 37.604387529307083 41.690253542635169 25.500000000000004 254.69325425706458 272.22947726086159 0.46652661064425777 40.730826159950361 61.891559061768213 0.0032128534783977263 197.50000000000003 -0.8797709923664121 -0.50845864661654105 85.123386317065339 41.690253542635169 -1.4012410848872903 103.50000000000001 84.500000000000014 17.500000000000004 77.670293913648834 320.96259406060148 -0.0057184898305238105 121.50000000000001 16.500000000000004 69.500000000000014 37.500000000000007 16.500000000000004 91.500000000000014 132.50000000000003 7.9343938826544529e-14 50.000000000000313 1.2760399555366588 35.928571428571438 3.703703703703225 -0.0037842985621813758 5.5557275541795681 -5000.7499999999991 42.500000000000007 61.905972454706834 0.70307765151515167 0.21384281806670655 0.56155740810913235 13.500000000000002 2.0706476530005946 -0.95411073089409482 24.301086082292247 80.616164491822758 39.210985472572133 2.0105823068309077 48.500000000000007 8.5000000000000018 1.5952864462465886 0.20161792586349139 0.13224167901839759 49.999999999999773 33.333333333335958 94.500000000000014 1.5658751205400196 0.25145972661420962 85.500000000000014 28.500000000000004 123.50000000000001 255.50000000000003 -0.95559386029713533 -0.0010916169767281067 714.50371660227631 35.416495501120458 -0.0029907246798573876 -0.43034351145038163 0.23837809668605667 44.444444444448614 69.500000000000014 17.971686284063299 -0.99200643080209294 -21.737870116890324 0.19097994088765699 275.50361504716358 1.3887119603680118 14.500000000000002 2.3864055299539175
decision_type=2 2 2 2 2 2 2 2 2 10 2 2 2 2 2 2 2 2 2 10 2 2 2 8 2 2 2 2 10 10 2 2 2 2 2 2 2 2 2 2 2 2 2 2 10 2 2 2 10 2 2 2 8 2 2 2 2 2 2 10 2 2 2 2 2 2 2 2 2 2 2 10 10 2 2 10 8 2 2 2 2 2 2 2 2 2 2 2
left_child=2 3 6 4 5 74 -1 15 14 42 11 -10 36 -14 18 86 25 19 30 21 37 27 53 68 -25 26 32 75 52 78 35 64 33 -6 54 82 -8 -21 47 40 41 -17 -5 81 -24 46 49 48 55 -40 63 -33 -7 -18 -35 80 -46 58 72 60 61 -59 -47 -19 -27 -36 -52 -68 -16 71 -9 -70 -58 -26 -2 -12 -41 -42 85 -62 -39 -28 -4 -84 -85 -11 -3 -31
right_child=1 7 8 9 16 28 12 70 10 29 17 -13 13 -15 23 39 22 50 -20 20 -22 -23 44 24 73 31 43 -29 -30 87 -32 51 -34 34 65 -37 -38 38 45 76 77 -43 -44 -45 56 62 -48 -49 -50 -51 66 -53 -54 -55 -56 -57 57 59 -60 -61 79 -63 -64 -65 -66 -67 67 -69 69 -71 -72 -73 -74 -75 -76 -77 -78 -79 -80 -81 -82 -83 83 84 -86 -87 -88 -89
leaf_value=-2.6926283126924272e-05 -7.9128246610325678e-06 0 -6.1690888042795387e-05 4.4988184173371314e-05 5.0528877773221236e-05 -9.788369920925931e-05 -5.7765953619525258e-05 2.6312618095435367e-05 -0.0001429277721090345 -6.5883547509256702e-05 7.8400097372446784e-05 -8.2527701971261149e-06 -0.00018790832320284061 -6.4738220346627462e-05 -4.9493490586879729e-05 0.00011080969091712667 5.0990437539980096e-05 -6.0506040779123384e-05 2.8122031697254633e-06 1.6681882154204111e-05 -8.7431554242240505e-05 -5.6998545658670068e-05 0 5.1076971367095739e-06 -1.5413951584591513e-05 5.4666056017541437e-05 -4.3904854772521513e-05 -1.1516145312697891e-06 3.3339793070892066e-05 -9.2397129921348311e-06 -2.6397973777163923e-05 2.3828810889840297e-05 5.8596765016614787e-05 -4.8445105253601185e-05 -3.8807199592547791e-06 1.4172755359374104e-06 1.4651907878981245e-05 -1.3457011798250851e-05 -9.0111205807760772e-05 0.00012169155879612917 6.3215370859967394e-05 2.4212143081195883e-05 9.4615889746043065e-06 1.928217047264918e-05 3.2921165867281395e-05 4.4734086764855997e-05 3.4756717399855034e-05 -8.3045001786409764e-06 -9.4486915933939604e-05 -9.4061849462029441e-06 0 5.3497272169970304e-05 -3.3115516719599187e-05 3.7123974911715578e-06 3.9961198448358091e-06 -1.4624037503420287e-05 2.670223995447684e-05 0.00010174527651871661 3.5565628820393449e-06 3.5115272212030164e-05 0.00015344342531132689 2.1708199603902749e-05 -4.7323288278782801e-06 -1.5557568213654802e-05 -4.6440224723235845e-06 6.0829246322283395e-05 -0.00010877497175994142 -4.2280427065736001e-05 4.655043144985587e-05 3.4305418310645103e-06 -6.7822669545106021e-06 1.2299166727691142e-05 0.00010657122466740624 -4.9266386977801338e-05 3.4513826032608064e-05 1.1377695723820041e-05 7.0627611757551029e-05 0.00013638427632991097 -4.9329105898303032e-06 7.711057322540929e-05 -6.8757947751039831e-05 -6.594857595980952e-06 -1.9690884144225656e-05 -1.3959505225345583e-05 4.7433651576719105e-05 -2.2405369291523454e-05 4.0161956837778928e-05 5.6001980986064339e-06
leaf_weight=633 75 71 48 133 127 37 151 544 63 57 72 95 45 116 34 34 76 71 855 157 43 34 66 675 772 38 83 111 36 720 1081 360 111 111 38 736 36 47 66 76 52 189 1629 200 285 51 36 202 53 35 35 280 283 258 75 192 35 53 80 67 48 44 697 378 199 74 58 145 119 1572 111 359 35 100 169 36 103 36 302 34 117 378 839 54 46 445 234 933
leaf_count=633 75 71 48 133 127 37 151 544 63 57 72 95 45 116 34 34 76 71 855 157 43 34 66 675 772 38 83 111 36 720 1081 360 111 111 38 736 36 47 66 76 52 189 1629 200 285 51 36 202 53 35 35 280 283 258 75 192 35 53 80 67 48 44 697 378 199 74 58 145 119 1572 111 359 35 100 169 36 103 36 302 34 117 378 839 54 46 445 234 933
internal_value=-5.23523e-07 1.36235e-05 -1.25812e-05 8.99485e-06 1.78611e-05 -1.0923e-05 -4.22002e-05 3.9011e-05 -9.69016e-06 1.08081e-06 -1.96348e-05 -6.25641e-05 -6.97051e-05 -9.97651e-05 -5.86547e-06 5.40939e-05 2.33657e-05 -1.7025e-05 -1.17907e-05 -1.12097e-05 -1.52337e-05 1.53833e-05 3.58935e-05 7.88807e-08 -8.64804e-06 1.67894e-05 8.28496e-06 2.7062e-05 -3.31269e-05 -6.85243e-06 -1.6278e-05 2.82867e-05 2.29371e-05 1.33962e-05 -2.1045e-06 -9.87265e-06 -4.33077e-05 -1.32972e-05 -1.6508e-05 6.84637e-05 5.41179e-05 3.78489e-05 1.21981e-05 -3.45012e-06 4.52135e-05 -6.82747e-06 -3.66812e-05 -3.03714e-05 -4.10337e-05 -6.31012e-05 -3.33819e-05 3.69598e-05 -4.09064e-05 1.47597e-05 -2.67798e-05 -3.28042e-05 4.96217e-05 6.13969e-05 3.42828e-05 7.7537e-05 9.28755e-05 6.64363e-05 -1.23039e-06 -2.28805e-05 4.45779e-06 3.80111e-05 -5.27871e-05 -6.17551e-05 6.60345e-06 7.58099e-06 2.05566e-05 2.10284e-05 6.80177e-05 -1.9407e-05 2.10767e-05 5.69543e-05 9.28484e-05 9.42466e-05 -1.91652e-05 0.000122972 -5.34989e-05 -1.3522e-05 -1.83894e-05 -1.6073e-05 1.33148e-05 -2.75347e-05 3.06911e-05 -8.05173e-07
internal_weight=20489 9424 11065 7974 3755 600 981 1450 10084 4219 2794 158 348 161 7290 795 3155 2636 3659 1949 1696 253 1081 3631 1547 2074 1197 219 356 2457 2804 877 536 425 298 1723 187 1653 1496 490 311 223 1762 661 747 885 137 611 409 101 687 640 320 334 186 356 681 396 150 246 179 97 748 449 237 112 238 203 2084 2050 655 478 70 872 244 108 179 88 804 82 164 461 987 939 100 502 305 1653
internal_count=20489 9424 11065 7974 3755 600 981 1450 10084 4219 2794 158 348 161 7290 795 3155 2636 3659 1949 1696 253 1081 3631 1547 2074 1197 219 356 2457 2804 877 536 425 298 1723 187 1653 1496 490 311 223 1762 661 747 885 137 611 409 101 687 640 320 334 186 356 681 396 150 246 179 97 748 449 237 112 238 203 2084 2050 655 478 70 872 244 108 179 88 804 82 164 461 987 939 100 502 305 1653
is_linear=0
shrinkage=0.0337242


Tree=26
num_leaves=89
num_cat=0
split_feature=20 20 19 20 19 52 25 20 37 20 35 19 33 0 19 48 35 29 20 24 1 47 43 22 10 35 1 22 37 48 19 18 7 27 29 26 20 29 20 47 2 19 19 38 3 20 1 52 36 15 12 21 13 48 19 9 15 29 52 53 1 26 19 24 13 52 52 10 19 3 25 20 19 38 52 42 47 2 22 47 12 26 8 48 29 52 26 52
split_gain=0.00308219 0.00114391 0.000715926 0.000679882 0.000372364 0.000355411 0.00034408 0.000339369 0.000289434 0.000218909 0.000230974 0.000216867 0.000205195 0.000186804 0.000197442 0.00024952 0.000178942 0.000188949 0.000200749 0.000164728 0.000153072 0.000150874 0.000145045 0.000232747 0.000141288 0.000140848 0.00036576 0.000139884 0.000134792 0.00013332 0.000132817 0.000131285 0.000127015 0.00011606 0.000113766 0.000110818 0.000107276 0.000126928 0.000105177 0.000103364 9.84874e-05 0.000109373 9.49335e-05 0.000100201 0.000100165 9.4788e-05 0.000102616 0.00010023 9.12845e-05 8.87566e-05 8.48385e-05 8.45379e-05 8.44851e-05 9.13492e-05 8.41363e-05 8.36709e-05 8.15793e-05 8.02657e-05 0.000223844 8.91476e-05 7.85477e-05 8.44291e-05 8.3473e-05 0.000105821 7.82817e-05 0.000109342 0.000161124 7.67255e-05 7.60217e-05 7.32168e-05 7.32165e-05 8.50475e-05 7.57838e-05 7.24214e-05 7.19497e-05 9.78184e-05 7.47295e-05 8.10617e-05 7.18716e-05 9.28695e-05 7.07804e-05 7.03432e-05 6.86564e-05 6.78207e-05 8.87156e-05 6.72203e-05 9.20847e-05 9.02816e-05
threshold=0.7743476287724077 6.575187969924813 0.027249287750612087 0.060213074520303438 1.8694798051233479 0.19197956265114224 -1.0000000180025095e-35 27.133928571428577 0.0031771267065384694 2.0706476530005946 1.0000000180025095e-35 0.03578893547578766 1.0000000180025095e-35 11.500000000000002 4.6002721057025449 58.328290706750565 1.0000000180025095e-35 15.500000000000002 2.2076696888017646 -30000.499999999996 255.04151438920454 47.619047619067651 -0.0027341092746667735 -0.79383372441856992 -1.0084586466165411 1.0000000180025095e-35 251.91811166156495 -0.95793483665292023 -0.003430541825542532 69.36836769117555 6.6913851333035845 -0.087832554724491418 0.28461300265007494 -360.51546794632293 5.5000000000000009 -0.00070697651280841737 0.44208267449740235 1.5000000000000002 0.030816714150047487 -58.025911286781302 -0.40883678438071519 -3.4869657367887039 -11.699974573151847 -0.0018066862078194854 0.35045111820714475 0.13256584685156117 1334.1072246505275 0.17445524158824108 -0.0025268487657867929 0.034421619439761339 -0.50286259541984724 0.15198386660605051 -0.33154199439806009 51.602227493232284 -19.43288958087032 -0.89408396946564872 0.38025798470796396 15.500000000000002 0.26879412932124153 23.892895956641578 630.88568920756143 -0.0017452524094355281 0.37181013041414351 -1000.9999999999962 -0.0084368438375303067 0.26879412932124153 0.36587254762506422 -1.2171052631578942 5.9335644662959348 -0.42217971541077864 -0.98127393855887368 0.21136116000335262 -0.79577957739444105 -0.0021436251849537564 0.17520323014966505 0.0023350854425894245 20.833333333342406 0.43217100591608193 -0.8967491445117135 -16.666666666688069 -0.95706106870228991 0.0057915024684998921 1.0000000180025095e-35 54.560677251873201 1.5000000000000002 0.20541864465659007 0.0030193143419033753 0.11718024868396947
decision_type=2 2 2 2 2 2 2 2 2 2 2 2 2 2 2 2 2 2 2 10 2 2 2 10 2 2 2 8 2 2 2 8 10 10 2 8 2 2 2 2 2 2 2 2 2 2 2 2 2 10 10 2 10 2 2 10 8 2 2 2 2 10 2 8 10 2 2 2 2 2 2 2 2 2 2 2 2 2 8 2 10 8 10 2 2 2 10 2
left_child=3 2 6 5 7 -1 16 34 11 60 21 22 29 19 25 -16 40 -18 -19 -13 33 78 23 73 52 36 -27 -23 56 48 -17 -22 -31 -7 -3 -12 37 -15 -33 -21 82 -42 44 67 -30 55 57 -48 -9 -29 -49 -25 -10 -54 -36 -24 -8 59 -59 -47 62 68 63 -4 65 83 -67 -44 -62 -39 -61 -72 -73 -5 75 -65 77 -76 79 -11 -56 -45 -2 -64 -85 87 -87 -82
right_child=1 4 9 8 -6 20 28 12 24 10 35 13 -14 14 15 30 17 18 -20 39 31 27 45 51 -26 26 -28 49 42 32 -32 38 -34 -35 54 -37 -38 69 -40 -41 41 -43 43 81 -46 46 47 50 -50 -51 -52 -53 53 -55 80 -57 -58 58 -60 70 61 -63 64 74 -66 66 -68 -69 -70 -71 71 72 -74 -75 76 -77 -78 -79 -80 -81 85 -83 -84 84 -86 86 -88 -89
leaf_value=-2.3646486297378688e-05 1.2013050682403381e-05 8.0955381695475031e-06 -3.8608872708628596e-05 1.5667702238969368e-05 0.00013048865063491652 -5.2679782299689226e-06 3.6128061911162785e-05 0.0001048288062280885 -7.760977537838306e-06 2.8971581243384662e-05 -6.7790664299899933e-05 -8.3055251930851963e-05 1.1032153169937681e-05 -5.2379914055296081e-05 -1.6626876308147225e-05 0.00012099463941976948 2.864723277971346e-06 -0.00011790560504716442 -2.3224066580178599e-05 6.3806319848315919e-06 -0.0001278495240094892 4.3887139045203074e-06 5.8433558262126657e-06 -5.3606916092289011e-05 -9.0386376022026828e-05 -0.00012270486948397406 1.4669802519737497e-05 3.012986492111703e-05 -5.5475322755346583e-06 0.00015576028779004143 2.6879710599295123e-05 -9.7038504419992593e-05 5.7188807350913793e-05 -6.1394070307271617e-05 -8.6723600198893339e-06 1.1506167529010763e-05 8.3841749943172289e-06 1.3931348839606328e-05 -2.073443264360631e-05 -1.6498030885374472e-05 -3.5385527228832784e-05 -8.7109412538389763e-06 2.4322666658137553e-05 3.1809742371160208e-06 -6.6636814527321612e-05 -3.262662383152187e-05 -7.1605932430799487e-06 4.2351799924649355e-06 4.9159650392289899e-05 8.1169374372776792e-05 8.2214255274846274e-05 -0.00012124187543027898 -1.620562636323935e-05 -4.9886257532346451e-05 -5.8744424478781804e-06 -5.1031411141300787e-05 -5.9744724538446723e-06 -1.7336392591439089e-05 -8.315049360317308e-05 -1.4763756783590399e-05 1.233838023221942e-06 -2.1668546143306591e-05 9.9322256604213683e-06 1.5945009144010392e-05 1.0150536101129234e-06 9.7335138787403108e-05 3.5638210320368918e-06 -2.5278890955552787e-06 5.1724612131666334e-05 -6.2897133757768478e-06 -4.1964585354540087e-05 -1.3811590230275979e-05 1.0107639993094561e-05 -3.1171551863982528e-05 1.9248113348625949e-05 6.7336689052279272e-05 -1.8293163983731273e-05 -2.8356502009600977e-05 1.8849531962996597e-05 8.1523356782908107e-05 4.7022165544365289e-05 -2.8280394595394317e-05 -2.9211654744782079e-05 8.463848503096156e-05 2.7041968167072799e-05 4.6779636555628243e-05 4.4667449276979602e-06 1.7542952449091763e-05
leaf_weight=563 346 440 47 56 44 60 242 41 171 144 34 39 113 63 48 42 57 54 54 268 70 49 34 65 47 38 50 58 137 34 34 49 34 177 63 45 1039 234 42 1229 205 1360 458 2567 41 190 111 35 371 180 34 39 162 247 55 133 62 503 68 849 167 138 230 597 131 61 35 156 44 1477 52 215 493 103 255 47 139 47 381 58 161 83 52 38 224 456 73 532
leaf_count=563 346 440 47 56 44 60 242 41 171 144 34 39 113 63 48 42 57 54 54 268 70 49 34 65 47 38 50 58 137 34 34 49 34 177 63 45 1039 234 42 1229 205 1360 458 2567 41 190 111 35 371 180 34 39 162 247 55 133 62 503 68 849 167 138 230 597 131 61 35 156 44 1477 52 215 493 103 255 47 139 47 381 58 161 83 52 38 224 456 73 532
internal_value=3.18174e-07 1.19845e-05 6.4518e-06 -1.42909e-05 3.25989e-05 -4.11595e-05 -4.87505e-07 3.07431e-05 -1.11179e-05 1.94268e-05 3.3036e-05 -9.26953e-06 5.29676e-05 -4.6172e-06 2.14727e-07 4.19162e-05 -1.1332e-05 -4.51983e-05 -7.14599e-05 -1.41961e-05 -6.56902e-05 3.809e-05 -1.63577e-05 -4.04671e-05 -3.31938e-05 -1.53444e-06 -4.35528e-05 5.84195e-05 5.64714e-06 6.26385e-05 8.01625e-05 -9.173e-05 0.000107896 -4.75928e-05 2.32848e-05 -2.13981e-05 -1.856e-07 -5.25925e-06 -6.28835e-05 -1.23376e-05 -8.4361e-06 -1.22668e-05 3.71343e-06 5.04506e-06 -2.01617e-05 -1.39883e-05 -1.23207e-05 1.19372e-05 5.49342e-05 6.91373e-05 4.40606e-05 -7.98995e-05 -2.83925e-05 -3.67821e-05 2.82002e-05 -3.88733e-05 2.72234e-05 -1.42039e-05 -2.53434e-05 -1.06145e-05 1.35123e-05 -9.02595e-07 1.62824e-05 1.04289e-05 2.53638e-05 3.0624e-05 6.41546e-05 1.73433e-05 1.22208e-05 -3.46775e-06 -7.95505e-06 -2.21828e-07 2.70751e-06 -1.40668e-05 1.26422e-05 1.98457e-05 1.9035e-06 1.15194e-05 2.79164e-05 4.45392e-05 3.00949e-05 2.1591e-06 6.38404e-06 2.3885e-05 3.57646e-05 3.1793e-05 4.11233e-05 2.45311e-05
internal_weight=20569 11440 9023 9129 2417 961 5874 2373 8168 3149 949 7541 593 4561 3025 124 2128 165 108 1536 398 870 2980 263 627 2901 88 287 3746 480 76 161 68 237 1780 79 2813 1774 91 1497 1963 1565 3442 3264 178 2717 2550 180 412 238 69 104 580 409 1340 167 304 2370 571 1799 2200 349 1851 1132 719 588 96 614 211 1711 1609 760 708 159 1085 644 441 302 583 202 1277 2650 398 492 262 1222 529 693
internal_count=20569 11440 9023 9129 2417 961 5874 2373 8168 3149 949 7541 593 4561 3025 124 2128 165 108 1536 398 870 2980 263 627 2901 88 287 3746 480 76 161 68 237 1780 79 2813 1774 91 1497 1963 1565 3442 3264 178 2717 2550 180 412 238 69 104 580 409 1340 167 304 2370 571 1799 2200 349 1851 1132 719 588 96 614 211 1711 1609 760 708 159 1085 644 441 302 583 202 1277 2650 398 492 262 1222 529 693
is_linear=0
shrinkage=0.0337242


Tree=27
num_leaves=89
num_cat=0
split_feature=4 4 16 25 52 52 4 7 52 4 31 45 31 7 31 19 22 48 17 19 54 52 30 51 17 55 18 36 19 52 4 31 42 31 31 16 38 22 55 55 28 29 17 31 22 39 4 19 51 55 27 28 45 30 31 51 48 4 16 26 29 29 55 31 17 4 52 18 9 16 27 41 18 7 45 31 31 30 4 55 52 2 25 2 9 48 39 52
split_gain=0.00128786 0.000712137 0.000643892 0.000500732 0.00031738 0.000250476 0.000228487 0.000207578 0.000191432 0.000194541 0.000205895 0.000222113 0.000212015 0.000183784 0.0001783 0.000172969 0.00016377 0.000178027 0.000168158 0.000158138 0.00015779 0.000332252 0.000148699 0.000146446 0.000163081 0.000135839 0.000130723 0.000128429 0.000142571 0.000126245 0.000124094 0.00012936 0.000120796 0.000112253 0.000160918 0.000131393 0.000115392 0.000155473 0.000111873 0.000110255 0.000109253 0.0001062 0.000103378 0.000102599 0.000143683 0.000101301 9.52175e-05 9.15792e-05 8.98908e-05 8.73802e-05 0.000100895 8.43992e-05 8.43411e-05 8.29254e-05 0.000123344 0.00010859 0.000101253 8.10497e-05 8.04879e-05 0.000110509 7.89263e-05 7.85593e-05 7.69907e-05 0.000103707 0.000105904 9.61618e-05 7.65002e-05 7.62615e-05 8.11744e-05 7.82418e-05 7.50487e-05 7.41116e-05 7.33284e-05 7.27892e-05 7.192e-05 7.30429e-05 8.25682e-05 0.000134077 8.45989e-05 7.661e-05 7.03336e-05 7.02713e-05 7.00962e-05 8.2852e-05 6.92353e-05 6.86149e-05 6.72898e-05 6.72511e-05
threshold=-0.12703516309570917 -0.83785120696478022 0.53101503759398505 -0.50262329198501032 0.30898654311297541 0.210029832092993 -0.0037275990728701442 0.33214692072819457 0.43103014748747753 -0.68146164282887656 125.50000000000001 0.0056617155038045661 197.50000000000003 1.4288008411107274 184.50000000000003 0.085494636929944093 -0.53345909742329845 78.048880405013648 -0.14357757233550802 0.3434908456261781 -2.9409703796229771 0.18621922877603661 17.500000000000004 30.55555555555711 -0.56800927415815794 53860.000000000007 -0.17764285988048864 0.0031974440894568805 -2.7968375802241776 0.21523617205139431 -0.02038343038046243 22.500000000000004 0.0027303766987974991 86.500000000000014 101.50000000000001 0.54605263157894746 -0.0038253111952238346 -0.82810063202823592 52079.500000000007 48132.000000000007 0.999708420112566 15.500000000000002 -0.15110368333284568 25.500000000000004 -0.95411073089409482 -0.0010075569307734786 -0.34751116513087221 -0.17675851824797381 33.333333333333059 -6330.4999999999991 73.682007363831161 0.98039215686274483 -0.0043057100482016821 17.500000000000004 68.500000000000014 27.777777777776318 34.530315159018507 -0.033050200689694144 0.087406015037594001 -0.0055579072577354978 12.500000000000002 11.500000000000002 14965.500000000002 127.50000000000001 -0.15491976536672419 -0.00066425462151619634 0.058319157782976756 0.16809140345410153 -0.18893129770992365 0.97086466165413543 12.434867809085608 0.0037914726007706183 -0.061080501225974367 0.74846612512962329 -0.003259985865423864 168.50000000000003 58.500000000000007 18.500000000000004 -0.038943693821018706 8313.5000000000018 0.34702139794647907 -0.22358145835213006 -0.99092561999901219 -0.48979276822837658 -0.33874045801526714 34.530315159018507 0.0043243293783250545 0.13294718806652958
decision_type=2 2 2 2 2 2 2 8 2 2 2 2 2 8 2 2 8 2 8 2 2 2 2 2 8 2 10 2 2 2 2 2 2 2 2 2 2 10 2 2 2 2 10 2 8 2 2 2 2 2 10 2 2 2 2 2 2 2 2 8 2 2 2 2 10 2 2 8 10 2 10 2 8 8 2 2 2 2 2 2 2 2 2 2 8 2 2 2
left_child=1 5 6 4 19 -1 27 23 9 20 11 13 22 33 15 25 17 39 -18 48 21 -5 26 -7 -25 30 42 28 52 -27 31 61 -6 36 72 60 37 -11 -26 -17 73 -15 87 44 -30 -14 47 -24 -3 -22 66 74 -2 55 56 84 -55 -29 59 -46 -36 -4 63 64 -8 -66 -51 69 -69 -32 -60 80 -35 82 -45 76 77 79 -79 -76 -53 -54 -21 -84 -38 -37 -34 -12
right_child=2 3 14 8 32 7 62 -9 -10 10 12 -13 45 41 -16 16 18 -19 -20 40 49 -23 46 24 38 29 -28 57 43 -31 67 -33 86 34 35 85 53 -39 -40 -41 -42 -43 -44 51 58 -47 -48 -49 -50 50 -52 71 81 54 -56 -57 -58 -59 70 -61 -62 -63 -64 -65 65 -67 -68 68 -70 -71 -72 -73 -74 -75 75 -77 -78 78 -80 -81 -82 -83 83 -85 -86 -87 -88 -89
leaf_value=-1.9323363154421937e-05 3.0730912460675938e-05 -2.494847235978253e-05 2.0319152917757009e-05 -9.2979348163179648e-06 -1.8236752225774572e-05 -0.00012354638061227272 0.00010362491736137704 5.0587753049103444e-06 7.0259160736980291e-05 7.0331273960574766e-06 -7.7200709318807717e-06 8.7237790160655905e-05 2.3554568894427011e-05 -2.2812854940894566e-06 1.2668508382325594e-05 1.187636393738486e-05 4.13342058825585e-05 7.9215605934909717e-05 0.00015173407441614373 6.2423163554016212e-06 4.3793676515286789e-05 -0.00010275607968429142 -5.6987219338465639e-05 -0.00012261639376299869 -3.4080358004884275e-05 1.2877723507429747e-05 -3.1311427855429605e-05 -4.0088832882362355e-05 -6.3885587260946214e-05 -5.447712129406114e-05 2.3526342769704332e-05 2.7093586701235713e-05 -3.6843921770304893e-05 5.5019777302998845e-05 -1.63820193868948e-05 3.4135040422080932e-06 -1.5327491293852325e-05 -8.8582814409976117e-05 -9.2443777993840136e-05 6.5546169750899222e-05 -5.1673453061119327e-05 -8.6533397186915579e-05 1.0565442828288851e-05 2.8236998386497775e-05 -1.2775871806317845e-05 2.6619810743757924e-06 9.8535102600705554e-06 -5.8435240664866508e-06 -9.0699633905969481e-06 -5.1525750565682982e-05 -5.4604278834553341e-05 -2.5207907288275147e-06 4.695495819923423e-06 3.1913997592116557e-05 -2.52509388300782e-05 2.176437106398959e-05 -2.6048797597190422e-06 4.0094382788805325e-06 -3.8181466403616465e-05 6.7883786883051353e-05 1.3128200250083334e-05 -4.3048767359407047e-05 9.4277408752680475e-06 1.2799546401758295e-05 1.4820815420943523e-05 7.031286354431307e-05 -5.5348422014305361e-07 8.0806470090858938e-05 1.7642165902642333e-05 6.5473859020018802e-05 2.5218628818900595e-06 4.0783540848515542e-05 2.2988177291300362e-05 3.2753373986983461e-05 -7.8691784289157198e-06 1.1198595400976699e-06 2.0325055620644618e-05 -5.9750365796112424e-05 -1.046594766642817e-06 3.2292686686508621e-05 -4.5665065328221705e-05 -2.2116837346603242e-05 1.7734765581092374e-05 -3.2465075971045354e-05 2.1425250314041832e-05 4.3888461997034261e-05 -7.5566493179400152e-05 -4.7217839465159894e-05
leaf_weight=768 47 496 36 142 495 41 36 59 47 41 153 43 378 39 931 193 34 99 35 847 39 64 45 36 235 250 462 136 52 36 221 516 339 168 205 78 185 34 48 59 40 34 223 238 36 919 536 418 2521 36 49 597 140 137 181 639 314 67 84 38 206 53 307 169 97 62 545 106 35 72 123 41 187 98 86 897 766 54 65 132 47 453 51 123 84 149 68 78
leaf_count=768 47 496 36 142 495 41 36 59 47 41 153 43 378 39 931 193 34 99 35 847 39 64 45 36 235 250 462 136 52 36 221 516 339 168 205 78 185 34 48 59 40 34 223 238 36 919 536 418 2521 36 49 597 140 137 181 639 314 67 84 38 206 53 307 169 97 62 545 106 35 72 123 41 187 98 86 897 766 54 65 132 47 453 51 123 84 149 68 78
internal_value=3.07444e-07 -6.04416e-06 1.15146e-05 -3.55757e-06 -1.15881e-05 -3.09669e-05 4.06241e-06 -5.2078e-05 2.37451e-06 1.89187e-06 4.0925e-06 1.09175e-05 -1.66548e-06 9.65735e-06 2.47622e-05 3.11591e-05 5.02486e-05 4.04417e-05 9.87351e-05 -7.63851e-06 -1.29268e-05 -3.88027e-05 -8.82131e-06 -6.17105e-05 -5.34599e-05 2.50351e-05 -1.8636e-05 1.05134e-06 2.43657e-06 4.06151e-06 3.07153e-05 2.05458e-05 -2.97662e-05 1.1164e-05 2.01247e-05 9.79372e-06 5.59462e-06 -3.50241e-05 -4.4321e-05 2.48255e-05 2.883e-06 -4.28462e-05 -5.52439e-06 5.31739e-06 -1.23107e-05 8.82548e-06 8.12225e-08 -1.10231e-05 -1.17125e-05 -4.81449e-06 -7.97701e-06 7.35872e-06 -1.20686e-05 7.63557e-06 -1.60781e-06 1.41757e-05 7.66659e-06 -2.50581e-05 -2.42257e-06 2.73378e-05 -1.35583e-06 -1.63308e-05 2.23124e-05 3.29138e-05 4.98505e-05 3.70672e-05 -3.87821e-06 4.46691e-05 6.58129e-05 3.41642e-05 -1.35285e-05 -2.88912e-06 3.84191e-05 4.91957e-06 1.05385e-05 8.38409e-06 1.4204e-05 4.03152e-09 -2.84976e-05 1.60056e-05 -5.81962e-06 -1.56238e-05 2.15329e-06 -1.71958e-05 -3.49147e-06 3.04066e-05 -4.3551e-05 -2.14754e-05
internal_weight=20569 13123 7446 11936 5078 1187 4770 419 6858 6811 5936 2724 3212 2681 2676 1745 420 351 69 4176 875 206 1915 360 319 1325 916 4099 3896 286 1039 605 902 2608 993 638 1615 75 283 252 1159 73 454 3256 333 1297 999 463 3017 669 630 2923 640 1540 632 908 451 203 281 74 411 89 671 364 195 159 581 434 141 293 207 685 355 1119 2238 2000 1103 337 119 218 644 593 1021 174 269 227 407 231
internal_count=20569 13123 7446 11936 5078 1187 4770 419 6858 6811 5936 2724 3212 2681 2676 1745 420 351 69 4176 875 206 1915 360 319 1325 916 4099 3896 286 1039 605 902 2608 993 638 1615 75 283 252 1159 73 454 3256 333 1297 999 463 3017 669 630 2923 640 1540 632 908 451 203 281 74 411 89 671 364 195 159 581 434 141 293 207 685 355 1119 2238 2000 1103 337 119 218 644 593 1021 174 269 227 407 231
is_linear=0
shrinkage=0.0337242


Tree=28
num_leaves=89
num_cat=0
split_feature=20 20 20 24 31 27 22 37 30 31 20 31 1 48 31 20 31 31 31 4 52 31 31 15 30 53 29 1 1 0 29 16 53 1 1 18 52 31 0 53 52 1 29 9 30 52 17 30 22 1 31 29 22 30 27 4 20 31 31 1 52 17 1 31 48 4 52 50 16 4 4 48 52 41 3 20 1 50 53 53 30 31 26 16 31 18 12 21
split_gain=0.00272899 0.0010029 0.000736668 0.000423708 0.000416799 0.000331267 0.000316163 0.00029393 0.000246858 0.000202617 0.000196204 0.000196259 0.000195451 0.000184211 0.000182638 0.000166465 0.000196396 0.000190232 0.000164178 0.000198254 0.000153264 0.000149629 0.000188364 0.00017816 0.000171294 0.000150634 0.000189197 0.000133252 0.000340176 0.000131685 0.00012708 0.000190982 0.000143222 0.000129231 0.0001802 0.000218425 0.000156869 0.000156675 0.000150683 0.000126686 0.00012615 0.000125994 0.000241734 0.000125627 0.000125452 0.000124737 0.00012418 0.000123669 0.000119686 0.000119274 0.000117876 0.000108194 0.000127548 0.000105219 0.000104157 9.99237e-05 0.000186059 9.96248e-05 9.78363e-05 0.000282575 0.000502011 0.000167282 0.00012564 0.000112061 0.00011099 9.7602e-05 9.59913e-05 0.000107475 9.23942e-05 9.5735e-05 9.23297e-05 9.1707e-05 9.62578e-05 9.08194e-05 9.06936e-05 9.3836e-05 8.8405e-05 8.78592e-05 8.76689e-05 0.000113253 8.633e-05 8.35091e-05 8.29895e-05 8.27891e-05 8.23091e-05 9.4003e-05 8.06006e-05 7.96297e-05
threshold=0.78156090022215785 13.455555555555557 0.060213074520303438 1.0000000000001068 16.500000000000004 -0.40495599870946236 -0.99904214559386961 0.0031771267065384694 17.500000000000004 225.50000000000003 2.0105823068309077 23.500000000000004 372.31641329646357 76.753680108613707 235.50000000000003 2.4921855921855927 188.50000000000003 60.500000000000007 88.500000000000014 -0.26816807055232056 0.39864065729211123 123.50000000000001 86.500000000000014 0.21850566942581337 18.500000000000004 47.355931547273876 14.500000000000002 255.04151438920454 251.91811166156495 28.500000000000004 6.5000000000000009 0.87124060150375948 29.670278310145928 2335.7034383793448 256.43352483275322 -0.49396283544917857 0.24123666125773477 27.500000000000004 67.500000000000014 37.949684588337 0.10603107453663951 254.69325425706458 10.500000000000002 -0.74332061068702282 17.500000000000004 0.34886973641768743 -0.11274904186536379 18.500000000000004 -0.96175894241174575 41.690253542635169 140.50000000000003 9.5000000000000018 -0.98525740747440382 16.500000000000004 -326.71719570627687 -0.14802984905873703 52.300000000000011 84.500000000000014 117.50000000000001 41.690253542635169 0.20851911280123658 -0.34405444545215175 33.012391890439368 233.50000000000003 3.5088970520221124e-11 -0.15579597489965513 0.14691847117708065 55.555555555558044 0.46334586466165417 -0.16163293572276552 -0.23964398778902138 28.587263126904883 0.31757643066056684 -0.0013670546373333867 0.43747764601676303 21.775000000000006 61.84906993932352 74.999999999999716 26.877418749863374 40.51253410542845 17.500000000000004 96.500000000000014 -0.0085694578354035111 0.51597744360902265 24.500000000000004 -0.085901321906913089 -0.57156488549618312 -0.78613216013307274
decision_type=2 2 2 10 2 8 10 2 2 2 2 2 2 2 2 2 2 2 2 2 2 2 2 10 2 2 2 2 2 2 2 2 2 2 2 10 2 2 2 2 2 2 2 8 2 2 10 2 8 2 2 2 10 2 10 2 2 2 2 2 2 10 2 2 2 2 2 2 2 2 2 2 2 2 2 2 2 2 2 2 2 2 10 2 2 8 10 2
left_child=2 3 4 5 8 10 55 9 82 21 18 12 70 87 74 58 17 43 19 48 50 22 23 30 27 -25 -27 28 -23 -24 32 33 73 34 36 37 80 -36 -38 -19 -29 57 -43 49 53 -26 66 -11 -2 -17 84 -9 -53 -18 -10 -3 -57 -6 59 60 -7 -61 -62 68 -63 -45 -37 86 69 -60 -12 -20 81 -4 75 -8 -54 -72 -15 -80 -32 -73 -1 -31 85 -5 -68 -13
right_child=1 6 7 20 41 15 14 51 54 47 11 13 -14 78 -16 16 44 39 71 -21 -22 24 29 25 45 26 -28 40 -30 83 31 -33 -34 -35 35 46 38 -39 -40 -41 -42 42 -44 65 -46 -47 -48 -49 -50 -51 -52 52 76 -55 -56 56 -58 -59 63 61 62 64 -64 -65 -66 -67 67 -69 -70 -71 77 72 -74 -75 -76 -77 -78 -79 79 -81 -82 -83 -84 -85 -86 -87 -88 -89
leaf_value=-9.8657269861940141e-05 6.2824610896068358e-05 0.00012171050192111583 -9.6364004320276573e-05 -2.5150145190097414e-05 -4.5323008965507149e-05 1.8287872349598952e-06 2.1883460531812775e-05 -1.500452665512046e-05 0 -4.9258795766236409e-06 1.5715316721639557e-05 -2.4475606471967273e-05 6.583609399702533e-05 0.00011104342835276061 9.7262737171852086e-06 0 1.0831893213498598e-05 1.0338956495268735e-05 -3.4618516905228003e-06 -4.1436414552979775e-05 6.454736002399612e-05 -2.0165595953380545e-05 -4.2606191153684393e-06 -1.7639225815494899e-05 -1.8715284432601708e-06 -0.00011770997617093238 -1.9202738517986755e-05 -1.7775919154861586e-05 8.2943245943513258e-05 5.07395156361954e-06 7.5667177924666288e-06 5.8989511630218254e-05 -8.7969651070454844e-06 -5.2476133572243026e-05 0.00010149025153227639 -2.1418899397372961e-05 -2.5178256732321314e-05 1.443730384267452e-05 -0.00010458615806748315 4.1972239504887044e-05 -5.624155467385627e-05 -3.3770096330035017e-05 -0.00011613430747284948 2.8225378828969897e-05 1.0117699621171836e-05 -4.7174025212620063e-05 -4.0497027068069881e-05 1.821338999336142e-05 -2.8645488101123404e-06 7.2621744208797447e-05 1.0811053220447613e-05 -0.00010481993882285043 7.4739823514963011e-06 -2.2384710395623699e-05 -7.8567321358907104e-05 2.3652227532371497e-05 0.00011313289556701833 -1.2307506469924027e-05 -5.2865201676822733e-05 5.0637861702597938e-05 -4.9069905457687439e-05 -3.9667001645575316e-05 -0.00014098971742314146 6.6059552756296492e-06 1.1515287997708264e-05 -1.6732954117827451e-05 1.3710069565881902e-05 0 -8.8652396972361678e-06 -1.796792204462887e-05 -1.8802309746107948e-06 5.7975344776678053e-05 6.235403206530475e-05 -3.3752257419250979e-05 7.1422181480351913e-05 4.815384121629964e-05 -4.338106506436035e-05 -6.5119422305376986e-05 6.816118357011464e-06 6.8530580321160629e-05 -2.0308339326782787e-05 1.2352710809317781e-05 -0.00017262290656167118 3.2548023310077827e-05 2.8893187812763049e-05 2.990395813577504e-05 7.563055203027111e-05 2.7091129833130661e-05
leaf_weight=60 37 56 34 73 147 197 298 262 36 589 54 35 38 37 293 61 137 266 289 159 84 1438 928 150 969 51 44 183 37 308 305 54 357 64 48 79 171 52 34 341 231 217 52 65 373 75 67 468 200 47 1347 37 41 466 43 65 49 403 121 120 36 53 41 343 479 321 51 127 1151 412 49 50 54 177 106 369 302 59 52 121 213 793 34 222 1037 68 54 432
leaf_count=60 37 56 34 73 147 197 298 262 36 589 54 35 38 37 293 61 137 266 289 159 84 1438 928 150 969 51 44 183 37 308 305 54 357 64 48 79 171 52 34 341 231 217 52 65 373 75 67 468 200 47 1347 37 41 466 43 65 49 403 121 120 36 53 41 343 479 321 51 127 1151 412 49 50 54 177 106 369 302 59 52 121 213 793 34 222 1037 68 54 432
internal_value=1.72122e-08 1.11032e-05 -1.3609e-05 7.58167e-06 -4.10943e-05 3.48852e-06 3.97955e-05 -1.02811e-05 -8.89561e-05 -8.40812e-06 1.36367e-05 2.6467e-05 -2.43559e-06 3.51482e-05 3.28336e-05 -1.45335e-06 5.83727e-06 1.56229e-05 6.46292e-06 -1.22141e-05 1.92938e-05 -1.06325e-05 -5.97323e-06 -1.23711e-05 -1.63026e-05 -3.95402e-05 -7.31031e-05 -2.23773e-05 -1.75136e-05 3.3159e-06 -8.79233e-06 -2.96444e-06 -2.21556e-05 -5.68553e-06 -3.11162e-06 1.28498e-05 -1.37979e-05 5.71894e-05 -3.88199e-05 2.82691e-05 -3.94721e-05 -3.08663e-05 -5.00512e-05 0 -5.10255e-06 -5.21861e-06 8.64023e-07 5.22788e-06 6.98291e-06 3.22349e-05 1.77501e-05 -3.22443e-05 -4.38763e-05 -1.46777e-05 -4.31324e-05 8.28825e-05 6.29612e-05 -2.13074e-05 -6.61396e-06 2.38284e-06 -2.62294e-05 1.45552e-05 -9.92697e-05 -1.07717e-05 6.2346e-06 -8.91183e-06 1.00854e-05 2.12298e-05 -1.43686e-05 -2.60716e-05 -1.90466e-05 1.27806e-05 1.81214e-05 -4.42995e-05 4.14672e-05 3.65618e-05 -3.70204e-05 -3.73226e-05 6.16599e-05 5.05393e-05 -3.70882e-06 1.51733e-05 -0.000126439 1.67643e-05 2.56025e-05 7.15256e-07 4.64755e-05 2.30194e-05
internal_weight=20548 11334 9214 10098 992 7489 1236 8222 173 7580 2459 877 200 677 1066 5030 2077 1101 1582 396 2609 6523 3590 2132 2933 245 95 1889 1475 1458 1887 1319 568 1265 1201 478 723 100 205 607 414 819 269 494 976 1044 378 1057 237 108 2525 642 380 603 79 170 114 550 2953 926 274 652 77 2027 532 386 311 232 1684 533 162 1186 897 211 773 667 343 108 210 173 518 843 94 530 1178 141 105 467
internal_count=20548 11334 9214 10098 992 7489 1236 8222 173 7580 2459 877 200 677 1066 5030 2077 1101 1582 396 2609 6523 3590 2132 2933 245 95 1889 1475 1458 1887 1319 568 1265 1201 478 723 100 205 607 414 819 269 494 976 1044 378 1057 237 108 2525 642 380 603 79 170 114 550 2953 926 274 652 77 2027 532 386 311 232 1684 533 162 1186 897 211 773 667 343 108 210 173 518 843 94 530 1178 141 105 467
is_linear=0
shrinkage=0.0337242


Tree=29
num_leaves=89
num_cat=0
split_feature=20 20 20 26 52 27 1 38 20 55 27 55 52 38 20 20 29 26 1 1 36 27 55 51 54 15 55 4 27 22 42 52 4 29 53 52 22 43 22 18 20 53 1 55 27 54 20 4 27 20 54 22 18 53 3 52 22 9 55 1 1 50 40 0 9 46 15 21 0 26 54 55 17 3 20 52 38 9 22 26 1 15 12 51 18 44 17 6
split_gain=0.00255634 0.000988459 0.000642817 0.000379466 0.000347955 0.000295361 0.000361386 0.000290166 0.00022706 0.000224346 0.000185231 0.000147765 0.000327103 0.000137978 0.000135152 0.000134518 0.000131458 0.000130088 0.000329383 0.000132036 0.00012981 0.000142461 0.000128738 0.000125984 0.000114032 0.000109153 0.000104651 0.000114158 0.000102673 0.000100764 9.53044e-05 9.28027e-05 0.000109431 9.16695e-05 0.000107919 0.000137066 8.73283e-05 0.000110682 9.79666e-05 8.42985e-05 8.07899e-05 7.56987e-05 0.000145932 0.000134292 0.00013836 0.000123196 0.000117231 0.000109884 0.000107906 8.37753e-05 8.17267e-05 0.000155077 7.79647e-05 7.50287e-05 7.43424e-05 0.0001854 7.90474e-05 7.32837e-05 7.31189e-05 7.27755e-05 7.25493e-05 7.10166e-05 7.08453e-05 6.95563e-05 6.85581e-05 9.05716e-05 6.82777e-05 6.6192e-05 6.47626e-05 9.939e-05 6.52295e-05 6.45304e-05 8.42808e-05 6.60634e-05 6.40112e-05 6.37433e-05 6.35072e-05 7.31104e-05 7.06509e-05 6.28004e-05 6.74729e-05 6.2442e-05 6.21644e-05 6.42726e-05 0.000114323 6.90945e-05 7.97546e-05 7.52072e-05
threshold=0.72353976995991165 6.3042929292929299 0.060213074520303438 -0.002924269864892613 0.20851911280123658 -0.40495599870946236 624.12980367585646 0.0032206202676070554 24.422222222222224 54791.000000000007 -7.0683542059900821 31479.000000000004 0.39050931425888508 -0.0031331601232976176 0.016032128514056228 2.0105823068309077 5.5000000000000009 -0.0029907246798573876 79.012095259468339 32.7853820339731 -0.003502637713164058 4.1131535823322602 8706.5000000000018 44.444444444442858 25.925028275124287 0.5316413944752395 49287.500000000007 -0.0046568488891401425 -18.839118343178335 -0.99904214559386961 -0.0037094284842828502 0.30898654311297541 -0.054709141274238211 1.5000000000000002 31.53991627168033 0.21698582197887198 -0.93529918739226769 0.0063331247693764201 -0.95559386029713533 -0.56520295543717436 0.10874113152628707 30.734788699122209 2335.7034383793448 5226.5000000000009 -3.3884387005213106 3.3451953055315231 0.26080727544537191 -0.43804059019729769 -1.2930258199145361 0.18526500638569607 1.5327573952715563 -0.98470357696469824 -0.028759690420888964 25.946137689060031 -0.23179205898505903 0.19902458633837386 -0.93499020209996775 -0.8797709923664121 15222.000000000002 38.533031947125501 41.438372016719619 55.555555555555763 0.0020040080160320666 59.500000000000007 -0.31202290076335876 0.49999999999999117 0.10293491970869291 0.17240107244372191 12.500000000000002 -0.0062782287556265677 18.167379754748787 13213.000000000002 -0.17449021386150199 0.016003914221655268 3.7860195360195363 0.19789757648351206 0.0013504395083342449 -0.76622137404580137 -0.76339981942050394 -0.0059278770293949038 2321.1493067698943 0.14127206564488523 -0.93606870229007622 80.529100529099722 -0.0069892016263059346 -0.0025723483307031332 -0.015984757613879051 55.750000000000007
decision_type=2 2 2 10 2 10 2 2 2 2 8 2 2 2 2 2 2 8 2 2 2 10 2 2 2 10 2 2 10 10 2 2 2 2 2 2 10 2 8 8 2 2 2 2 10 2 2 2 8 2 2 10 8 2 2 2 8 10 2 2 2 2 2 2 8 2 10 2 2 10 2 2 10 2 2 2 2 10 10 10 2 10 10 2 8 2 8 8
left_child=2 3 4 10 68 6 24 11 16 14 15 25 28 67 -6 31 -7 76 19 -19 -5 30 -17 64 26 41 27 -3 54 -10 -22 -2 -33 81 35 60 38 -38 -25 -30 -41 43 47 45 71 46 53 49 -49 62 59 75 66 -4 55 63 -56 -24 -36 -51 -35 -16 -43 -13 -9 -66 -48 -12 69 -1 -71 73 -73 -45 -62 -52 77 -15 -78 80 -79 -32 -18 85 -85 87 -87 -84
right_child=1 5 7 20 9 8 -8 23 29 -11 13 12 -14 17 61 22 82 18 -20 -21 21 -23 57 36 -26 -27 -28 -29 39 -31 33 32 -34 34 58 -37 37 -39 -40 40 -42 42 -44 44 -46 -47 52 48 -50 50 51 -53 -54 -55 56 -57 -58 -59 -60 -61 74 -63 -64 -65 65 -67 -68 -69 -70 70 -72 72 -74 -75 -76 -77 78 79 -80 -81 -82 -83 83 84 -86 86 -88 -89
leaf_value=-8.9533731217593634e-05 6.9819025384210716e-06 1.5052457601085494e-05 0 3.3491276841578126e-05 -8.9619235794194456e-05 -1.2796186783852562e-06 0.00014130656726137717 -3.7602918723200418e-05 8.5401551880266832e-05 -0.00013910613087649926 3.6894384500765472e-05 -1.2306900937137928e-05 -9.6738215739997001e-05 8.7205465628355073e-06 -7.5097011706124096e-05 0 -1.2077150289362379e-05 -2.5575366201304772e-05 1.8379454137594431e-05 -0.00010630040432642634 5.0847724224525033e-05 4.7296081462311275e-06 0 -1.926082036546103e-05 8.8739396492431232e-05 -6.8491933202279861e-05 8.9108841195078778e-05 7.5345024571476436e-05 3.5382092542669662e-05 3.6637721274371896e-05 2.1047165315646135e-05 -3.3136136512359287e-05 3.0980929439029909e-05 3.5747433252420439e-05 -4.1924720407727137e-06 7.7795398786941941e-05 -2.2216680441014079e-05 -8.3349003202813141e-05 4.5391967589921468e-05 -3.3932246555355748e-05 -6.1683512528994396e-06 -1.9307226023975774e-05 -7.6952875715548665e-05 6.7834085525723561e-06 -4.9997722050999343e-05 -2.7487430020037234e-05 8.0270470571676381e-05 -1.0498195917257894e-05 -3.8149708192056095e-05 1.9071243598296229e-05 2.5502538802396265e-05 2.6262366144745544e-06 5.0235849672725776e-06 -5.7063222523001638e-05 -1.7093938379706303e-05 8.2975071562632445e-05 6.266759067783606e-06 4.9180209759540426e-05 1.3703068453577219e-05 -1.4710522551103955e-05 1.9227570786424279e-06 -2.8484335896357021e-05 1.2109256606084345e-05 2.118250604323603e-05 -3.9524101171615576e-05 -0.00011498624275456141 1.1740346472500002e-05 -7.222105630971973e-06 -1.6137019988575409e-05 -8.9386782741496447e-06 -5.170480268365162e-05 -1.9113680766469623e-05 -7.6603658287538898e-05 -2.4862749540734801e-05 4.8979924729713389e-05 8.4051893520862333e-05 -2.3281484262004723e-05 -1.0174199882687524e-05 4.1745155935598324e-07 -3.9725528520334365e-07 -5.9252344310388788e-05 7.6316100532820911e-05 4.3772709792825915e-05 9.4280028526766681e-05 2.161914274617034e-05 1.8695408046747883e-05 -2.3135449317100993e-05 -7.8567635487355967e-06
leaf_weight=39 986 211 86 311 98 347 50 138 57 44 126 107 42 492 54 142 54 43 74 61 95 2165 37 75 55 41 36 45 51 540 59 142 37 204 380 54 253 41 41 131 1633 466 36 152 244 193 41 592 229 87 64 533 113 39 220 45 654 202 775 389 244 166 95 194 41 42 34 51 414 100 77 112 43 142 39 38 405 943 209 1209 34 47 219 41 74 696 54 34
leaf_count=39 986 211 86 311 98 347 50 138 57 44 126 107 42 492 54 142 54 43 74 61 95 2165 37 75 55 41 36 45 51 540 59 142 37 204 380 54 253 41 41 131 1633 466 36 152 244 193 41 592 229 87 64 533 113 39 220 45 654 202 775 389 244 166 95 194 41 42 34 51 414 100 77 112 43 142 39 38 405 943 209 1209 34 47 219 41 74 696 54 34
internal_value=1.62945e-08 9.98115e-06 -1.41848e-05 5.02425e-06 -3.97292e-05 2.88117e-05 5.56856e-05 -1.07828e-05 2.37239e-05 -6.62348e-05 -1.12242e-06 -8.74654e-06 -3.22142e-06 -5.28581e-06 -5.5848e-05 8.63643e-06 1.66914e-05 -6.78896e-06 -3.49663e-05 -7.38532e-05 1.23456e-05 1.07028e-05 2.60634e-05 -3.27217e-05 4.30697e-05 -1.32316e-05 3.41365e-05 2.60284e-05 -1.89544e-06 4.14555e-05 1.7469e-05 2.85418e-06 -1.93429e-05 1.56557e-05 1.36731e-05 2.61789e-05 -2.12641e-05 -3.10707e-05 2.75736e-06 -7.00471e-06 -8.28498e-06 -1.25979e-05 -9.21666e-06 -1.96492e-05 -2.93317e-05 -6.19732e-06 6.62164e-06 -8.19974e-06 -1.83287e-05 -3.16831e-06 2.12066e-06 1.0109e-05 2.36769e-05 -1.82562e-05 5.62643e-06 1.88626e-05 2.75898e-07 4.11767e-05 7.73167e-06 -8.33306e-06 2.0257e-05 -4.0365e-05 -1.38148e-05 8.95651e-06 -5.35405e-05 -7.88744e-05 5.04923e-05 2.36368e-05 -2.43455e-05 -3.96309e-05 -2.80893e-05 -1.78859e-05 -3.56862e-05 -8.17271e-06 8.74923e-06 4.82627e-05 -5.23604e-06 -2.9482e-06 -1.50572e-05 -5.61869e-06 -1.19811e-05 4.64651e-05 2.20946e-05 2.38316e-05 4.83649e-05 2.09224e-05 1.55547e-05 3.64523e-05
internal_weight=20548 12079 8469 9566 992 2513 397 7477 2116 362 5193 6846 3077 3647 318 1546 1519 3470 178 104 4373 4062 381 631 347 3769 292 256 3035 597 1897 1165 179 1802 1696 541 410 294 116 1815 1764 3728 2529 1199 693 506 313 2493 821 1672 1111 635 188 125 1220 346 874 239 1155 476 487 220 561 301 221 83 75 177 630 216 177 449 155 294 283 102 3292 2678 614 2186 977 106 1172 1118 115 1003 750 253
internal_count=20548 12079 8469 9566 992 2513 397 7477 2116 362 5193 6846 3077 3647 318 1546 1519 3470 178 104 4373 4062 381 631 347 3769 292 256 3035 597 1897 1165 179 1802 1696 541 410 294 116 1815 1764 3728 2529 1199 693 506 313 2493 821 1672 1111 635 188 125 1220 346 874 239 1155 476 487 220 561 301 221 83 75 177 630 216 177 449 155 294 283 102 3292 2678 614 2186 977 106 1172 1118 115 1003 750 253
is_linear=0
shrinkage=0.0337242


Tree=30
num_leaves=89
num_cat=0
split_feature=20 20 31 20 52 55 19 31 19 20 31 1 25 19 30 30 50 55 20 31 30 55 51 20 52 26 31 16 52 20 27 52 27 10 55 1 19 31 55 27 55 17 17 53 3 53 1 19 45 52 43 19 0 31 1 10 26 12 53 52 1 9 53 19 20 1 1 18 43 11 0 17 3 53 54 54 19 47 31 55 54 54 45 31 18 20 54 18
split_gain=0.00224131 0.00105048 0.000566252 0.000497221 0.000494122 0.000444697 0.000422294 0.000334668 0.000337683 0.00030732 0.000270249 0.000265701 0.000243319 0.000216735 0.000165725 0.00016278 0.000156295 0.00015509 0.000154414 0.000149983 0.000141533 0.000141007 0.00014124 0.000136667 0.00013617 0.000138203 0.000133596 0.000130612 0.000156186 0.000128019 0.000126759 0.000123874 0.000192038 0.000161818 0.000122939 0.000175165 0.000142511 0.000125286 0.000118927 0.000117519 0.000117067 0.000113225 0.000109135 0.000108139 0.000105064 0.000103981 0.000103696 0.000216068 0.000119228 9.92686e-05 0.000117864 9.92239e-05 9.8907e-05 9.6625e-05 0.000120916 9.43057e-05 0.000127453 9.15895e-05 9.07007e-05 9.06875e-05 8.76793e-05 8.58634e-05 8.37903e-05 8.36817e-05 8.81568e-05 8.36287e-05 0.000131639 8.28592e-05 8.27168e-05 8.14486e-05 8.03785e-05 8.53567e-05 7.96838e-05 7.92302e-05 7.79961e-05 0.000101343 9.85258e-05 0.000113546 7.6981e-05 7.69235e-05 8.04212e-05 7.47099e-05 7.4096e-05 7.28798e-05 7.26142e-05 7.22064e-05 7.14563e-05 7.91734e-05
threshold=2.6568921232876721 0.20446941323345821 188.50000000000003 21.775000000000006 0.210029832092993 52079.500000000007 0.04361651913038856 23.500000000000004 1.8694798051233479 0.78156090022215785 27.500000000000004 255.04151438920454 -1.0000000180025095e-35 0.034013612733932781 17.500000000000004 18.500000000000004 16.666666666666305 50152.500000000007 0.021475127590235506 237.50000000000003 16.500000000000004 7713.0000000000009 37.03703703703659 5.6957070707070718 0.32070817585934719 0.0026523489119305169 80.500000000000014 0.52537593984962416 0.21350029365703074 10.020000000000001 12.434867809085608 0.26148092408849305 2.0787475072900619 -1.4050751879699244 8755.0000000000018 61.184102212231345 3.617881993781737 44.500000000000007 6219.5000000000009 8.6272330700626298 9000.5000000000018 -0.25945335127702523 -0.35342551417454138 25.307415074207864 -1.0000000180025095e-35 31.139102441845104 254.69325425706458 0.98897092141542953 0.0019436364323222046 0.11640186237492151 0.0024615393937190704 0.031664368741388678 3.5000000000000004 102.50000000000001 1331.1059373172386 -1.2058270676691729 -0.0038351141498604514 -0.70324427480916019 32.600908980186659 0.34136355903304122 156.34276651146243 -0.74999999999999989 45.57018122587791 -1.0006049028527426 3.6880122950819678 145.16135751127746 269.43454673687347 -0.038664911890060584 0.0040342925034992936 -0.83110687022900753 24.500000000000004 -0.25151582750650942 -0.21832193806687145 97.253250074111534 27.466729457953662 13.61592026155658 1.0000000180025095e-35 -1.2789769243661142e-10 86.500000000000014 86472.000000000015 3.0480213417973494 29.249697998362951 0.0048820211329149163 90.500000000000014 0.083042552335998249 2.0706476530005946 -35.19907294118331 0.10490897073813986
decision_type=2 2 2 2 2 2 2 2 2 2 2 2 2 2 2 2 2 2 2 2 2 2 2 2 2 8 2 2 2 2 8 2 10 2 2 2 2 2 2 10 2 10 10 2 2 2 2 2 2 2 2 2 2 2 2 2 10 8 2 2 2 10 2 2 2 2 2 8 2 10 2 10 2 2 2 2 2 2 2 2 2 2 2 2 8 2 2 10
left_child=1 4 3 7 19 18 12 8 23 27 44 -7 24 15 20 17 -12 38 60 52 -4 22 57 -2 25 53 29 28 68 -17 -27 49 33 69 36 79 83 58 43 -31 -26 51 -40 -9 -11 -39 47 -29 -48 50 62 -14 81 65 -55 56 -30 -5 -37 -16 -6 -58 -18 64 -22 78 -67 -68 -8 -33 71 -51 -50 -61 75 76 77 -20 -3 80 -36 -1 -72 -15 -43 -42 87 -86
right_child=2 6 14 21 5 11 9 13 -10 10 16 -13 41 34 59 26 31 -19 74 -21 63 -23 -24 -25 40 30 -28 46 55 39 -32 32 -34 -35 35 37 -38 45 42 -41 85 84 -44 -45 -46 -47 48 -49 72 70 -52 -53 -54 54 -56 -57 61 -59 -60 73 -62 -63 -64 -65 -66 66 67 -69 -70 -71 82 -73 -74 -75 -76 -77 -78 -79 -80 -81 -82 -83 -84 -85 86 -87 -88 -89
leaf_value=-2.678364815136348e-05 -3.2012548342942129e-05 -1.278488668950484e-05 1.8448043582804161e-05 0.000111424796574574 -3.4112998800593253e-05 -5.6439052331237589e-05 -2.1247404416105509e-06 -9.8558060678816891e-06 9.8929522680282832e-05 -9.2146649535017347e-05 -1.5507709811901702e-06 -0.00015910391139821844 -8.1917177965630139e-06 6.9452780857182156e-06 1.2315598849152993e-05 -1.7036330716788489e-05 1.2591781409235349e-05 5.8066230240149291e-06 -8.5658104779524262e-05 8.8789445454791461e-06 -5.2326733408197868e-05 4.7408251960543505e-05 0.00013918324233670767 4.6210580518244876e-06 -4.3016430555573212e-05 -9.8296321072814069e-05 2.9268832306076607e-05 1.0152931030315806e-05 -2.6891664108319417e-05 7.6288873348530266e-05 -1.088256627496701e-05 0 0 0.00012147345587663166 4.4828399550482379e-05 1.4377818959850017e-05 8.4391269332319887e-05 0.00016843224569072874 0.00010924065707881871 0 -6.9049025248865386e-06 -1.8740570809625802e-06 4.5098613208347355e-05 3.3363989861772348e-05 -8.4681777751769537e-06 7.6998659084946678e-05 2.0965019056661543e-06 9.49647781965859e-05 0 -1.9475956108631875e-05 8.7625301398653704e-05 -5.9133582554385724e-05 -1.3981008240869933e-05 -1.1889320019590069e-05 -6.6158591010971959e-05 -5.6329064891185425e-05 4.9826940917407675e-05 3.9895870376156107e-05 9.5612022930942144e-05 7.9964622391177071e-05 -9.6655736205781818e-05 -4.8687959229464967e-06 5.5253723723372383e-05 1.9185671946309251e-06 -1.2745480979520839e-05 6.8829531568897828e-05 2.3350243243192266e-05 -2.0791384067094078e-05 3.7992046275723337e-05 5.8109599068078539e-05 1.696837425606052e-05 1.2123234104832551e-05 -6.954611781942906e-05 1.7144161239456012e-05 9.1720549593758628e-06 -6.6799499306683817e-05 -1.8253740661987277e-05 -1.5403743413360241e-05 2.4296651820978844e-05 8.3744845097769694e-05 -8.5495949004442434e-06 -6.9587495814850436e-05 6.571715705681255e-05 4.8983586558841085e-05 2.0621685988453685e-05 -5.61154281127535e-05 1.255001889462993e-05 -4.193048062136853e-05
leaf_weight=324 176 410 252 34 50 66 1375 80 36 34 410 57 1159 175 619 264 182 232 62 261 80 339 46 329 314 39 209 846 369 36 42 34 81 42 83 35 47 34 36 68 278 1772 343 304 40 34 351 36 34 147 43 46 1395 1641 49 76 42 69 34 47 69 137 79 347 391 46 117 81 61 107 739 285 50 54 53 86 413 52 74 34 48 59 39 68 35 40 890 60
leaf_count=324 176 410 252 34 50 66 1375 80 36 34 410 57 1159 175 619 264 182 232 62 261 80 339 46 329 314 39 209 846 369 36 42 34 81 42 83 35 47 34 36 68 278 1772 343 304 40 34 351 36 34 147 43 46 1395 1641 49 76 42 69 34 47 69 137 79 347 391 46 117 81 61 107 739 285 50 54 53 86 413 52 74 34 48 59 39 68 35 40 890 60
internal_value=3.71891e-07 -5.88504e-06 2.00787e-05 2.85968e-05 -2.40316e-05 -4.47776e-05 -1.67718e-06 2.28865e-05 -6.63758e-07 5.20124e-06 1.48241e-05 -0.000104801 -7.15921e-06 2.88187e-05 4.83007e-06 2.2151e-05 1.70005e-05 3.04484e-05 -3.52494e-05 -1.47456e-05 -3.51245e-06 6.00514e-05 8.8168e-05 -7.9549e-06 -1.41895e-05 -1.05906e-05 7.67502e-06 -1.21575e-06 -6.5432e-06 -4.32621e-06 -5.41641e-05 2.13327e-05 4.29047e-05 6.2041e-05 4.63611e-05 6.1732e-05 3.00208e-05 9.04284e-05 3.78144e-05 2.70085e-05 -2.82669e-05 -1.5791e-06 5.14463e-05 2.41082e-05 -4.82213e-05 0.000124137 7.04384e-06 1.37242e-05 -6.27903e-06 1.75073e-05 3.49275e-05 -1.02166e-05 -1.82679e-05 -9.09097e-06 -1.352e-05 -2.0633e-05 -1.5506e-05 6.44459e-05 5.58072e-05 1.73622e-05 -7.11896e-05 7.42488e-06 2.58751e-05 -1.03959e-05 -1.96736e-05 1.05796e-06 1.72707e-05 4.80413e-06 -3.53302e-07 4.36521e-05 1.30508e-05 1.14698e-06 -4.24275e-05 4.73345e-05 -2.86825e-05 -3.21131e-05 -2.62693e-05 -5.44602e-05 -6.91568e-06 3.73195e-05 2.45322e-05 -3.36298e-05 1.95363e-05 1.91069e-05 2.16103e-06 -1.33989e-05 9.51822e-06 -1.78675e-05
internal_weight=20662 15679 4983 3193 2947 908 12732 2705 541 5639 2262 123 7093 2164 1790 1572 2188 995 785 2039 1070 488 149 505 3131 2499 577 3377 2060 368 81 1778 264 183 592 302 290 137 763 104 632 3962 379 384 74 68 1317 882 435 1514 304 1205 1778 2418 1690 624 548 103 69 720 119 179 261 818 471 728 244 198 1436 141 1210 432 84 101 666 613 527 114 484 165 131 383 778 243 2757 318 985 95
internal_count=20662 15679 4983 3193 2947 908 12732 2705 541 5639 2262 123 7093 2164 1790 1572 2188 995 785 2039 1070 488 149 505 3131 2499 577 3377 2060 368 81 1778 264 183 592 302 290 137 763 104 632 3962 379 384 74 68 1317 882 435 1514 304 1205 1778 2418 1690 624 548 103 69 720 119 179 261 818 471 728 244 198 1436 141 1210 432 84 101 666 613 527 114 484 165 131 383 778 243 2757 318 985 95
is_linear=0
shrinkage=0.0337242


Tree=31
num_leaves=89
num_cat=0
split_feature=20 20 20 31 31 29 52 31 49 55 1 48 31 31 31 1 0 0 30 1 1 53 55 55 1 1 1 31 4 31 20 55 20 29 38 0 16 11 20 20 2 1 31 53 30 30 31 42 4 29 16 52 30 1 31 20 55 30 20 1 18 1 17 13 53 31 20 12 4 1 1 55 16 55 0 40 40 18 0 52 20 1 16 31 20 1 55 20
split_gain=0.00209661 0.000913533 0.000524244 0.000414705 0.000564562 0.000450623 0.000342555 0.000317978 0.000290157 0.000219041 0.00034217 0.000213016 0.000207428 0.000198914 0.00020868 0.000196684 0.000210106 0.000185655 0.000180755 0.000179898 0.000188151 0.00024289 0.000181724 0.000168072 0.000211632 0.000226265 0.000155074 0.000156253 0.000150501 0.000146021 0.000148259 0.000142572 0.000136823 0.000182959 0.000141691 0.000134595 0.000133038 0.000146575 0.000134418 0.000126129 0.000124999 0.000120261 0.000115292 0.000111264 0.000107812 0.000192077 0.000107772 0.000107413 0.000104274 0.000109428 0.000106028 0.000137361 0.000110273 0.00013764 0.000231116 0.000111046 0.000107152 0.000103201 0.000162661 0.000129585 0.000120376 0.00010061 0.000188981 9.87918e-05 9.77355e-05 9.69969e-05 9.36964e-05 0.00010847 0.000105927 9.29131e-05 8.96395e-05 0.000128584 8.8987e-05 8.87931e-05 8.84524e-05 8.74769e-05 8.74602e-05 8.68835e-05 8.16682e-05 8.15549e-05 8.14815e-05 0.000109265 9.27012e-05 8.05423e-05 7.82766e-05 7.75174e-05 7.60888e-05 7.53039e-05
threshold=0.72353976995991165 11.846052631578949 0.060213074520303438 23.500000000000004 124.50000000000001 12.500000000000002 0.20851911280123658 100.50000000000001 82.296203072212919 8706.5000000000018 615.58555431131037 56.440193182536987 202.50000000000003 125.50000000000001 86.500000000000014 254.69325425706458 61.500000000000007 44.500000000000007 18.500000000000004 32.878688779353517 723.55959587467089 80.112001668069212 60813.000000000007 31479.000000000004 255.04151438920454 251.91811166156495 2323.622188918242 159.50000000000003 -0.0021340946350839498 87.500000000000014 2.1036721898790867 163657.00000000003 0.18526500638569607 2.5000000000000004 -0.0039151717055075355 43.500000000000007 0.53101503759398505 -0.63645038167938928 2.4353400222965447 31.267857142857149 -0.23923641410275634 1342.4722731248132 82.500000000000014 65.883207914981497 17.500000000000004 16.500000000000004 88.500000000000014 -0.0037094284842828502 -0.35588501328509237 6.5000000000000009 0.87124060150375948 0.37842168428473383 17.500000000000004 256.0709528940418 54.500000000000007 0.46652661064425777 2948.5000000000005 17.500000000000004 1.5658751205400196 158.38370984399054 0.026348604180001997 145.16135751127746 -0.46712537667125004 -0.035391155114624817 44.679932647624682 23.500000000000004 5.3976744186046526 -0.80629770992366401 -0.27897280795974894 115.29248493150162 115.29248493150162 51642.000000000007 0.50469924812030087 -6412.4999999999991 50.500000000000007 0.0031071991761336686 -0.0018639345173573905 -0.32584083583278001 16.500000000000004 0.23185749465095642 0.13256584685156117 715.01110054778405 0.51409774436090239 255.50000000000003 1.112399732620321 80.616164491822758 5493.5000000000009 0.89603203439610024
decision_type=2 2 2 2 2 2 2 2 2 2 2 2 2 2 2 2 2 2 2 2 2 2 2 2 2 2 2 2 2 2 2 2 2 2 2 2 2 10 2 2 2 2 2 2 2 2 2 2 2 2 2 2 2 2 2 2 2 2 2 2 8 2 10 8 2 2 2 8 2 2 2 2 2 2 2 2 2 10 2 2 2 2 2 2 2 2 2 2
left_child=2 3 6 5 11 66 -1 9 26 10 39 28 13 14 32 42 -17 -7 79 46 21 22 36 -15 25 75 44 -28 29 57 69 -24 33 -4 -34 -26 40 -38 -39 -3 86 -22 -8 65 45 -6 -13 -46 49 -36 51 52 55 63 56 -51 -55 58 87 60 -60 62 -50 -54 -40 -11 67 -2 -69 -31 -10 -72 -30 -59 -67 -25 -35 -63 -41 -14 -16 82 -82 -9 -71 -19 -21 -5
right_child=1 7 12 4 8 17 15 83 70 43 -12 19 18 23 80 16 -18 85 -20 20 41 -23 31 24 35 -27 27 -29 72 30 -32 -33 34 76 48 -37 37 38 64 78 -42 -43 -44 -45 47 -47 -48 -49 61 50 -52 -53 53 54 -56 -57 -58 73 59 -61 -62 77 -64 -65 -66 74 -68 68 -70 84 71 -73 -74 -75 -76 -77 -78 -79 -80 -81 81 -83 -84 -85 -86 -87 -88 -89
leaf_value=-2.0107538168425584e-05 -3.7858826014631148e-05 2.2412831470609322e-05 -0.00010134504990758668 2.1940682607731214e-05 1.442791969430794e-05 -1.5752071279850895e-05 -6.0824295042332172e-05 2.2536887137711503e-05 -5.3182080039410082e-07 1.2271474263951089e-05 0.00014881348078268688 -6.2459122611206769e-06 -3.9211985471900655e-06 -2.8527453394405244e-05 -1.3153663003848728e-05 -6.2263908625491901e-05 -0.00014637202822434926 -6.6140925701297043e-05 1.440005061665154e-05 2.487018362430653e-05 -2.1755898865253572e-05 -2.2000522822340413e-05 -4.8020535687345574e-06 -4.2445534061311569e-06 -2.8386519262611569e-05 8.0684562020357786e-05 -6.6703790144551108e-05 0 2.2396572289689169e-05 -2.9105670309229247e-06 4.3653252271358199e-05 6.3613617402739626e-05 -6.6698316811387377e-05 -6.7610661271776579e-05 -1.8274905704061203e-05 -0.00010424752748424521 3.6358865608120948e-05 5.9706743195036024e-05 8.0655084016011575e-05 4.7355140447960712e-05 2.3656271105230582e-05 4.3958920889280326e-05 -7.0730430755298271e-06 7.9848149015993269e-05 3.989819898735842e-05 -5.7681552511338021e-06 5.1252299665400014e-05 1.1653001978416276e-05 -0.00010441362185997103 4.8580954475606276e-06 4.7360445255052149e-05 -5.5341566733088949e-05 -1.674022527254882e-05 4.1641710190197101e-07 -3.5611557464002248e-05 4.4314058064068374e-05 7.7088172041211441e-05 -5.8193551597246012e-05 0 7.2685099301273557e-05 5.0356779703618344e-05 2.8897485149621599e-05 -2.1763335633349219e-05 -8.216242468709413e-05 0.00016233084010301187 2.5904370896315296e-05 3.8514855784144413e-05 5.803786332979997e-05 -5.4585280943572387e-07 1.8261204966882289e-06 -1.9087952721121455e-05 1.4834082961109317e-05 8.3210122841016125e-05 -2.8944739258577866e-06 6.5519600622432643e-05 -5.691597778365048e-05 -1.8431589333158043e-05 -2.0893061242834861e-05 0.00011498575462701654 -3.1880415911482961e-05 2.2574928453306844e-06 -2.2201127100288441e-05 2.3190017804655953e-05 -8.3666983250038655e-06 4.4612335078995108e-05 -9.9938193291023013e-06 6.9956009546086909e-05 -1.5341054622789274e-05
leaf_weight=623 62 88 37 86 963 235 108 510 898 196 58 229 748 1237 300 119 52 213 693 68 106 70 142 823 159 35 63 104 74 256 235 45 47 47 334 34 127 117 44 50 317 45 86 64 174 1199 44 1570 40 282 61 46 146 37 63 118 56 35 144 67 84 62 174 34 37 155 107 46 135 89 1016 142 50 718 126 38 498 110 45 144 654 132 392 113 122 37 163 210
leaf_count=623 62 88 37 86 963 235 108 510 898 196 58 229 748 1237 300 119 52 213 693 68 106 70 142 823 159 35 63 104 74 256 235 45 47 47 334 34 127 117 44 50 317 45 86 64 174 1199 44 1570 40 282 61 46 146 37 63 118 56 35 144 67 84 62 174 34 37 155 107 46 135 89 1016 142 50 718 126 38 498 110 45 144 654 132 392 113 122 37 163 210
internal_value=3.60111e-07 9.40764e-06 -1.23969e-05 6.03603e-06 7.97653e-06 -1.6746e-05 -3.55382e-05 3.4987e-05 1.66667e-06 4.93714e-05 7.64964e-05 1.83354e-05 -9.36828e-06 -1.22381e-05 -7.30642e-06 -6.16111e-05 -8.8406e-05 -3.78409e-05 1.42718e-06 2.79101e-05 3.32142e-05 3.79428e-05 4.19925e-05 -1.99778e-05 -1.01775e-05 -3.16084e-06 6.89324e-06 -2.47868e-05 1.14342e-05 9.18913e-06 2.16742e-05 1.11448e-05 -1.39164e-05 -2.80064e-05 -8.76298e-06 -4.22515e-05 4.84895e-05 6.59949e-05 8.45156e-05 5.3048e-05 3.79313e-05 -1.53187e-06 -3.74947e-05 3.71093e-05 8.27246e-06 3.18289e-06 2.66716e-06 1.45265e-05 -6.959e-06 -1.88074e-06 4.50004e-06 1.0331e-06 4.68786e-06 -9.37138e-06 1.33899e-05 1.67393e-05 4.76237e-05 2.59598e-06 1.31935e-05 3.09561e-05 1.82697e-05 -2.21933e-05 -3.76637e-05 -2.96348e-05 0.000119157 3.11723e-05 1.22093e-05 2.28357e-07 1.38088e-05 1.04071e-05 -8.64032e-06 -1.48448e-05 4.76977e-05 -5.59319e-06 4.40118e-05 -6.68146e-06 -2.28501e-05 -2.38333e-06 8.04082e-05 -8.54316e-06 2.43138e-06 6.48246e-06 1.01946e-05 1.67764e-05 2.70232e-05 -5.82178e-05 5.71024e-05 -4.18265e-06
internal_weight=20662 12093 8569 10688 9853 835 988 1405 6129 782 241 3724 7581 5996 3670 365 171 485 1585 1554 1281 1130 1060 2326 1089 896 4073 167 2170 2046 702 187 2192 582 1610 193 873 325 198 183 548 151 194 541 3906 2162 273 1744 1563 1177 843 782 736 336 156 400 93 1344 591 295 228 386 214 180 81 477 350 243 181 467 2056 1158 124 753 281 861 545 172 95 892 1478 1178 1046 623 211 250 231 296
internal_count=20662 12093 8569 10688 9853 835 988 1405 6129 782 241 3724 7581 5996 3670 365 171 485 1585 1554 1281 1130 1060 2326 1089 896 4073 167 2170 2046 702 187 2192 582 1610 193 873 325 198 183 548 151 194 541 3906 2162 273 1744 1563 1177 843 782 736 336 156 400 93 1344 591 295 228 386 214 180 81 477 350 243 181 467 2056 1158 124 753 281 861 545 172 95 892 1478 1178 1046 623 211 250 231 296
is_linear=0
shrinkage=0.0337242


Tree=32
num_leaves=89
num_cat=0
split_feature=25 4 4 52 4 16 55 52 38 31 4 8 19 31 31 29 4 50 19 51 52 19 0 19 27 55 40 12 55 51 13 12 31 18 13 31 4 12 54 38 31 29 31 31 19 54 7 17 19 50 39 12 16 48 2 18 31 36 18 19 55 25 27 16 13 52 16 53 31 43 54 4 6 12 29 55 53 16 29 48 27 19 19 38 19 4 3 55
split_gain=0.000901304 0.000548423 0.000394968 0.000335579 0.00026508 0.000261632 0.000236868 0.000216765 0.000206561 0.000198642 0.000228454 0.000177932 0.00017415 0.000156301 0.000332181 0.000147976 0.000144669 0.000144624 0.000144799 0.000142652 0.000141968 0.000138997 0.000137747 0.000136219 0.000151175 0.000128555 0.000127994 0.000127477 0.000126299 0.000126233 0.000117649 0.000117168 0.000115704 0.000171044 0.000112434 0.000113975 0.000102597 0.000101876 9.8777e-05 9.80417e-05 9.80283e-05 9.60585e-05 0.000102796 9.28483e-05 9.33173e-05 9.17815e-05 8.90737e-05 8.87805e-05 8.87745e-05 8.81786e-05 8.81752e-05 8.58764e-05 9.46908e-05 9.40894e-05 8.35231e-05 8.23856e-05 8.16517e-05 8.177e-05 7.97356e-05 0.000148022 0.000118989 0.00013798 0.000113811 9.68672e-05 8.61449e-05 8.16139e-05 7.39606e-05 7.36188e-05 7.27049e-05 7.21222e-05 8.64112e-05 8.15851e-05 7.21049e-05 7.22186e-05 7.09158e-05 7.05372e-05 7.02804e-05 7.00376e-05 0.00013729 6.84718e-05 6.79898e-05 6.66955e-05 6.35663e-05 7.09078e-05 6.32109e-05 6.22653e-05 7.2167e-05 7.9346e-05
threshold=-0.50262329198501032 -0.6947467352592005 -0.0077025269941771706 0.31201143981053708 -0.91173893380066695 0.54605263157894746 54266.500000000007 0.19197956265114224 -0.0016012820512820711 121.50000000000001 -0.19832947029227199 -0.47500000000000137 0.16575097684603082 104.50000000000001 86.500000000000014 18.500000000000004 -0.91173893380066695 33.333333333333229 0.68244869694314414 38.888888888888964 0.20672081706403328 -1.0698122138540211 15.500000000000002 0.76610532265769404 -109.35535058509505 115608.00000000001 0.0010509724394489608 -0.92461832061068694 50667.000000000007 -2.2885397280939885e-13 -0.056832680669277318 -0.87118320610687017 125.50000000000001 0.01093739289464 -0.060946727835730158 60.500000000000007 -0.58745548080728127 -0.91507633587786252 0.14111901064123164 0.0014255174740195333 255.50000000000003 11.500000000000002 18.500000000000004 230.50000000000003 5.3367265831417408 6.0731606921107248 0.39995967277336103 -0.056358064421754762 -0.51099527014429202 63.888888888889348 0.0038046939839029297 -0.60209923664122134 0.53853383458646631 79.863434531076322 -0.18498179105752408 -0.36471448008298685 255.50000000000003 -0.0021344741493995452 -0.46242575163736482 -0.12680091642533495 8892.0000000000018 -0.99104749900791733 -18.839118343178335 0.091165413533834602 -0.037426338521061003 0.11278349796444946 0.85996240601503771 42.039486686621224 86.500000000000014 -0.003430541825542532 -9.8032026341548484 -0.034414042625360387 57.250000000000007 -0.32919847328244273 6.5000000000000009 5653.5000000000009 29.067410594898163 0.50469924812030087 13.500000000000002 75.404149767998362 84.354329684727062 0.048838737076273737 -9.9523453527353904 0.0013995808113455024 3.2243351769609778 -0.25729973429815128 -0.52181554747104875 2909.5000000000005
decision_type=2 2 2 2 2 2 2 2 2 2 2 10 2 2 2 2 2 2 2 2 2 2 2 2 8 2 2 10 2 2 10 8 2 10 10 2 2 10 2 2 2 2 2 2 2 2 10 8 2 2 2 10 2 2 2 10 2 2 10 2 2 2 8 2 10 2 2 2 2 2 2 2 8 8 2 2 2 2 2 2 8 2 2 2 2 2 2 2
left_child=3 8 5 4 7 13 23 -1 15 10 25 31 56 14 29 20 50 34 38 82 -2 85 66 24 -5 58 68 -24 40 -3 -23 -12 33 84 47 48 -25 41 81 -9 69 -31 -43 44 67 -29 -34 -7 -36 -22 -10 53 -53 -39 76 -55 57 72 59 -6 61 65 -61 64 -62 -60 -18 74 80 -26 -71 -72 73 -4 -21 -67 -28 -16 -79 -27 -13 -19 -11 -84 -20 -15 -87 -88
right_child=1 2 12 6 9 17 -8 39 16 19 11 26 -14 21 77 -17 22 18 32 43 49 30 27 36 28 79 54 45 -30 37 -32 -33 46 -35 35 -37 -38 51 -40 -41 -42 42 -44 -45 -46 -47 -48 -49 -50 -51 -52 52 -54 55 -56 -57 -58 -59 60 62 63 -63 -64 -65 -66 75 -68 -69 -70 70 71 -73 -74 -75 -76 -77 -78 78 -80 -81 -82 -83 83 -85 -86 86 87 -89
leaf_value=-1.6217938635031487e-05 -2.4458849799607347e-05 6.3195369181341307e-05 3.7717004523685129e-05 -8.6058124273920088e-05 6.1136045695980452e-05 4.4864315809337124e-07 -0.00010228486916533135 -4.317066215683849e-05 -2.2448642186877327e-05 -6.4561532899627211e-05 1.8019061601031362e-05 -1.2408626181807333e-05 8.2114614352480123e-05 -3.2975978682609579e-05 2.3389696800924265e-05 2.6238858164748138e-06 -1.7593498758608387e-05 1.487269393692131e-05 5.6992998603085055e-05 -6.0114984622455689e-06 -0.00014295774646920408 -5.5585572581826019e-06 6.9748984234764609e-05 -1.6545256130661014e-05 -7.21303897708547e-05 -1.8640102217570015e-05 6.8979527005868664e-05 -1.5853422800797359e-05 3.80939737166984e-05 8.3070483484289594e-06 8.3822671958963395e-06 0.00010060875023313294 -5.5391269425403237e-06 -5.7775137747199716e-06 0 0 4.352229775485786e-05 6.4353933313873167e-06 5.5187245752282763e-06 -0.00012392166116108029 1.8743576209601385e-05 -7.513763840191462e-05 -1.0237585067224569e-05 3.8772020386834674e-06 3.4014931089577417e-05 1.8886326672021182e-05 4.1230338410048082e-05 1.7606626398316718e-05 -7.0290092623153145e-05 -5.8961022858199566e-05 -7.6478608712581651e-05 -8.6250679670887995e-07 -5.1833516677989574e-05 0 9.9380195739362257e-06 6.1707150347429328e-05 -1.3734541980076918e-05 2.1150249932536438e-05 3.4810002413403957e-05 2.1259378651795788e-05 7.4884841253170501e-05 -6.1974809748498763e-05 -1.3813108129295009e-05 -5.105110221652894e-06 1.0635552680438911e-06 -1.0239580079915647e-05 3.2712184229499306e-05 -5.7170618265491875e-06 2.0645003062984704e-05 -6.5501739168240828e-06 -3.2763930434300079e-05 5.3078118238193905e-06 6.0251055385919834e-06 9.5178248353305764e-05 -2.7650976484432103e-05 -6.0938304625450683e-05 2.4692841600473956e-05 1.8937661377155809e-05 8.2310279978374906e-05 -8.1912827945269226e-05 2.178076236231715e-05 3.3249091185733937e-05 -1.2405665186619647e-05 -3.3521409300359623e-05 0.00011059339776341704 -4.9058928817614513e-05 8.6453587136465681e-06 -1.6050878859540567e-05
leaf_weight=139 50 37 72 45 53 715 43 37 147 39 42 392 61 179 254 40 579 730 104 297 34 1588 38 66 40 54 67 146 37 65 1214 43 89 37 34 224 61 490 881 42 55 56 63 784 53 208 90 681 58 34 49 804 44 36 246 74 62 953 35 185 34 87 243 699 44 179 34 1228 147 247 787 65 40 47 458 40 134 79 87 36 78 350 588 279 42 51 230 398
leaf_count=139 50 37 72 45 53 715 43 37 147 39 42 392 61 179 254 40 579 730 104 297 34 1588 38 66 40 54 67 146 37 65 1214 43 89 37 34 224 61 490 881 42 55 56 63 784 53 208 90 681 58 34 49 804 44 36 246 74 62 953 35 185 34 87 243 699 44 179 34 1228 147 247 787 65 40 47 458 40 134 79 87 36 78 350 588 279 42 51 230 398
internal_value=-2.99134e-07 5.44647e-06 7.94511e-06 -8.95442e-06 -5.79073e-06 5.66403e-06 -2.37259e-05 -4.24296e-05 -1.47418e-05 -4.55917e-06 2.13511e-06 1.37607e-05 2.59382e-05 1.02553e-06 8.39854e-06 -5.11386e-05 -9.87311e-06 1.22489e-05 1.77453e-05 -9.68397e-06 -7.01823e-05 -3.15631e-06 -4.59391e-06 -2.12492e-05 -2.4589e-05 -5.71637e-06 9.90108e-06 1.08781e-05 -2.22634e-05 1.59168e-06 4.46976e-07 6.0937e-05 3.75033e-05 5.66035e-05 4.73444e-06 -1.33087e-05 1.1545e-05 1.35798e-07 1.40487e-05 -8.73252e-05 -2.42148e-05 -2.34387e-05 -4.15911e-05 -5.89631e-06 -9.70726e-06 4.28559e-06 1.74363e-05 8.88793e-06 -4.49149e-05 -0.000102381 -3.64493e-05 3.19821e-06 -3.62122e-06 1.29974e-05 2.36433e-05 4.13496e-05 2.2937e-05 2.50685e-05 -3.44352e-06 7.93476e-06 -8.42529e-06 -2.50456e-05 1.12089e-06 -1.00678e-06 3.44813e-05 -1.2016e-05 -1.46456e-05 -1.09246e-05 0 -2.6374e-05 -2.46207e-05 -2.97459e-05 4.79455e-05 6.12241e-05 -1.92665e-05 -1.9941e-05 3.9936e-05 3.52176e-05 5.27333e-05 -4.50232e-05 -6.52898e-06 2.09175e-05 -2.13667e-05 -1.93122e-05 7.30744e-05 -1.50364e-05 -1.01647e-05 -6.85216e-06
internal_weight=20606 12378 11019 8228 6782 9784 1446 218 1359 6564 2838 1149 1235 5749 2089 158 1201 4035 2323 3726 118 3660 1005 1403 1276 1689 1064 392 1231 1669 2802 85 362 183 1712 316 127 1632 1961 79 1194 184 119 2820 2036 354 179 1396 92 68 196 1448 848 600 447 110 1174 1112 1599 481 1118 341 428 777 78 254 613 1983 617 1139 1099 852 159 119 755 219 201 420 166 90 470 1080 906 867 146 858 679 628
internal_count=20606 12378 11019 8228 6782 9784 1446 218 1359 6564 2838 1149 1235 5749 2089 158 1201 4035 2323 3726 118 3660 1005 1403 1276 1689 1064 392 1231 1669 2802 85 362 183 1712 316 127 1632 1961 79 1194 184 119 2820 2036 354 179 1396 92 68 196 1448 848 600 447 110 1174 1112 1599 481 1118 341 428 777 78 254 613 1983 617 1139 1099 852 159 119 755 219 201 420 166 90 470 1080 906 867 146 858 679 628
is_linear=0
shrinkage=0.0337242


Tree=33
num_leaves=89
num_cat=0
split_feature=20 20 31 20 52 55 31 31 27 29 16 52 31 7 55 30 30 53 20 20 27 31 31 10 27 7 31 30 55 51 17 31 30 31 51 54 7 51 4 4 27 42 55 31 26 50 31 29 20 31 30 29 20 29 29 55 16 45 55 23 54 47 54 31 27 31 42 12 12 24 17 22 10 31 55 29 30 31 20 4 20 4 31 52 4 20 40 27
split_gain=0.00209084 0.000825232 0.000532848 0.000369226 0.000344308 0.000321123 0.00031595 0.000288947 0.000313847 0.000338059 0.000303007 0.000269192 0.000236304 0.000231917 0.000199297 0.000197273 0.000185697 0.000185011 0.000181809 0.000169773 0.000163528 0.000149219 0.000148595 0.000178689 0.000150528 0.000145244 0.000134566 0.000131085 0.000127213 0.000122266 0.000117505 0.000123776 0.000171619 0.000152536 0.000116986 0.00011476 0.000114421 0.000112329 0.000106901 0.000104347 0.000121853 0.000102834 9.96231e-05 9.66583e-05 9.64332e-05 9.56957e-05 0.000132461 0.000113645 9.40548e-05 9.37681e-05 9.2596e-05 9.59715e-05 9.15157e-05 9.14562e-05 0.000139931 8.75636e-05 8.74985e-05 8.53669e-05 8.44755e-05 8.15654e-05 8.13539e-05 8.88584e-05 8.02839e-05 9.40343e-05 0.000143729 9.11237e-05 8.32636e-05 8.00405e-05 7.90425e-05 7.83201e-05 7.78081e-05 7.77032e-05 7.74018e-05 7.70344e-05 7.45626e-05 9.52838e-05 0.000146837 9.86113e-05 8.85824e-05 7.45175e-05 8.19884e-05 8.5159e-05 8.15849e-05 7.34735e-05 0.000111561 8.4862e-05 7.25817e-05 6.67161e-05
threshold=2.4353400222965447 0.21860135837702707 188.50000000000003 21.775000000000006 0.210029832092993 56065.500000000007 24.500000000000004 24.500000000000004 223.00245300065689 12.500000000000002 0.5234962406015039 0.20161792586349139 123.50000000000001 0.15318225025924651 3820.5000000000005 17.500000000000004 17.500000000000004 48.972559334082298 0.011560736560736562 6.0555984555984566 -0.64628367572589607 234.50000000000003 14.500000000000002 -1.3355263157894732 -15.097731477274687 0.21301057149441183 226.50000000000003 16.500000000000004 52079.500000000007 49.999999999997463 -0.81358795822240415 86.500000000000014 17.500000000000004 99.500000000000014 99.999999999999645 -24.698124448081629 0.01484906095172255 22.222222222224897 -0.031693425292554686 -0.1169441460794844 40.838045235949714 0.003510826245942678 56254.500000000007 171.50000000000003 -0.0055579072577354978 77.777777777776336 50.500000000000007 6.5000000000000009 0.76831622563329893 125.50000000000001 18.500000000000004 13.500000000000002 11.846052631578949 11.500000000000002 5.5000000000000009 3475.5000000000005 0.4953007518796993 -0.0019398660344697725 41828.500000000007 -1.2499999999999998 -20.11292372820196 -72.916666666663914 22.419183507279318 55.500000000000007 6.0559926350250377 42.500000000000007 0.0026720118803681418 -0.22805343511450379 -0.69370229007633577 -12500.499999999998 -0.015984757613879051 -0.70171975081161697 -0.98778195488721765 14.500000000000002 50152.500000000007 23.500000000000004 18.500000000000004 35.500000000000007 10.577380952380954 -0.063210187121940167 0.75695771157122949 -0.33514472270902818 40.500000000000007 0.25449742549086435 -0.56658799253773517 0.74946808510638319 0.0014214648260700848 -5.5788056631022185
decision_type=2 2 2 2 2 2 2 2 10 2 2 2 2 8 2 2 2 2 2 2 10 2 2 2 10 10 2 2 2 2 10 2 2 2 2 2 10 2 2 2 10 2 2 2 10 2 2 2 2 2 2 2 2 2 2 2 2 2 2 10 2 2 2 2 10 2 2 10 10 10 10 8 2 2 2 2 2 2 2 2 2 2 2 2 2 2 2 10
left_child=1 4 3 6 21 13 19 8 9 22 12 -11 30 18 -13 38 27 20 -6 -2 67 59 23 -3 -24 58 43 -4 45 39 -9 32 72 48 41 -10 -5 -16 44 40 -12 42 70 -17 57 46 47 -20 -33 -42 -35 -52 -29 54 73 -38 -50 60 -15 -1 -14 -62 63 64 -34 -66 87 68 -8 -31 -19 -70 79 -21 75 76 77 -22 -76 80 81 -32 -82 -71 -85 -86 -46 -65
right_child=2 7 16 36 5 -7 17 10 35 11 29 14 15 25 37 26 -18 34 28 53 74 -23 24 -25 -26 -27 -28 52 -30 69 31 33 62 50 -36 -37 55 -39 -40 -41 49 -43 -44 -45 86 -47 -48 -49 56 -51 51 -53 -54 -55 -56 -57 -58 -59 -60 -61 61 -63 -64 66 65 -67 -68 -69 71 83 -72 -73 -74 -75 78 -77 -78 -79 -80 -81 82 -83 -84 84 85 -87 -88 -89
leaf_value=-6.6030749848035501e-05 -2.3196545873722102e-05 5.0076477164802231e-05 1.4842104201314596e-05 0.00010048554023225339 -0.00010472499941888533 -0.00011327224315784702 4.5618170958899451e-05 5.2549438140175285e-05 6.8480078360206827e-05 -1.545412028531387e-05 9.436104926092636e-07 -1.5408743691020505e-05 -9.8175616286187299e-05 0 -6.3606433852735124e-05 0 1.6568006383804914e-05 4.2147593631158209e-05 -0.00012048933947726007 -2.1528164074897245e-05 7.5589066214751331e-05 7.1917390600632428e-06 -8.9928503659817368e-05 -2.3368429534404238e-05 -1.1031440216532926e-05 -2.7823729792146715e-05 1.1271917298444618e-05 -1.9153524757511354e-05 -9.5057639094987619e-05 -3.8925118181498568e-05 1.3469641736908223e-05 1.0353000187326899e-05 -2.1107818171146677e-05 -5.6371465221046448e-06 -1.7572012319330161e-05 4.989868149664659e-07 8.2650503631063004e-05 -0.00013388094366605254 6.2415500457085884e-06 1.4419900222697216e-05 -4.3231182533051404e-06 9.9440018734400651e-05 1.0194723038268114e-05 -1.536315984926738e-05 -7.0799246818541927e-06 -1.879541669913985e-05 -2.3943869782335559e-05 -4.8668003445677116e-05 2.9624278169516216e-05 -3.8798992589729929e-05 4.4503288194694087e-06 6.0546157029904914e-05 5.0017604844636001e-06 -1.2439452811970106e-07 7.4078195169577973e-05 3.9760058950356822e-05 8.4485040070720899e-05 -2.3601559670943809e-05 6.4157113668705202e-05 -1.7025824449306839e-05 3.3902931215496425e-06 -7.1222862254179356e-05 -6.2589693735091176e-05 9.1414918028898533e-09 0 5.1612432205998936e-05 -6.9363983929718537e-05 6.7137393129223244e-05 2.413490703509022e-06 9.6094383555671844e-06 9.0093961143446359e-05 4.9982890298661349e-05 -2.2421745935962935e-05 4.1835481653995688e-05 -1.1417281472500453e-05 -2.1072935951506325e-05 6.0456951354516645e-07 2.6868688906913541e-05 3.3062024190384785e-05 -1.8344396326671943e-05 6.7343272697129576e-05 -2.2936911976339832e-05 1.847697760305704e-05 7.0485109634032904e-05 -2.3927704152320202e-05 2.7357893574399305e-05 -2.9411537948845958e-05 -2.9279683387051882e-05
leaf_weight=41 231 73 276 56 56 63 194 52 36 87 1091 35 37 79 47 913 745 536 43 48 57 302 42 76 90 181 545 588 45 34 295 207 175 574 35 145 71 84 192 419 192 38 112 937 776 247 126 79 142 181 113 53 248 204 60 352 48 915 35 1804 34 34 41 131 88 71 43 85 159 1954 46 54 94 39 232 62 250 403 65 90 53 96 186 58 44 182 218 236
leaf_count=41 231 73 276 56 56 63 194 52 36 87 1091 35 37 79 47 913 745 536 43 48 57 302 42 76 90 181 545 588 45 34 295 207 175 574 35 145 71 84 192 419 192 38 112 937 776 247 126 79 142 181 113 53 248 204 60 352 48 915 35 1804 34 34 41 131 88 71 43 85 159 1954 46 54 94 39 232 62 250 403 65 90 53 96 186 58 44 182 218 236
internal_value=-2.88811e-07 -6.57146e-06 1.8088e-05 2.60486e-05 -2.21178e-05 -3.90364e-05 2.14769e-05 -2.63102e-06 -2.34433e-05 -3.65035e-05 -1.3336e-06 -6.48589e-05 -5.43758e-06 -3.36789e-05 -9.01695e-05 -1.01361e-05 3.50803e-06 2.7034e-05 -4.58234e-05 -5.85647e-07 2.02462e-05 -1.45552e-05 -1.06296e-05 1.19659e-05 -3.68674e-05 -8.81513e-06 -3.38402e-06 -5.15476e-06 -3.9536e-05 5.94142e-06 2.2817e-06 1.29099e-06 -4.71689e-06 9.82507e-06 4.07227e-05 1.45541e-05 5.36206e-05 -0.000109406 -1.74229e-05 -3.6356e-07 -4.66064e-06 4.3642e-05 4.04475e-05 -7.75383e-06 -1.97269e-05 -3.42933e-05 -4.9339e-05 -7.47745e-05 2.6696e-05 -2.13118e-05 6.43403e-07 2.29427e-05 -1.18722e-05 1.40197e-05 3.43057e-05 4.71877e-05 4.39926e-05 -2.70891e-05 2.05173e-05 -1.81672e-05 -5.65602e-05 -3.24949e-05 -1.60015e-05 -1.33042e-05 0 2.31886e-05 -2.41255e-05 3.64419e-05 2.97938e-05 1.12094e-05 4.61033e-05 1.49272e-05 6.04695e-06 5.76524e-06 1.27017e-05 1.82357e-05 2.18044e-05 3.31159e-05 -1.3573e-06 9.89795e-06 1.4086e-05 4.28374e-06 2.97179e-05 1.20143e-05 2.82199e-05 1.69454e-05 -1.20748e-05 -1.85617e-05
internal_weight=20606 15360 5246 3389 3101 954 2910 12259 715 534 11544 253 7389 891 166 4601 1857 2328 596 582 1561 2147 281 149 132 295 2395 1112 540 4155 2788 2736 1599 1137 767 181 479 131 2206 1883 1464 732 694 1850 2014 495 248 122 397 373 740 166 836 351 147 423 190 1020 114 1845 105 68 785 744 334 159 410 492 407 2272 582 213 814 87 1069 772 710 460 297 720 630 391 239 2238 284 226 994 367
internal_count=20606 15360 5246 3389 3101 954 2910 12259 715 534 11544 253 7389 891 166 4601 1857 2328 596 582 1561 2147 281 149 132 295 2395 1112 540 4155 2788 2736 1599 1137 767 181 479 131 2206 1883 1464 732 694 1850 2014 495 248 122 397 373 740 166 836 351 147 423 190 1020 114 1845 105 68 785 744 334 159 410 492 407 2272 582 213 814 87 1069 772 710 460 297 720 630 391 239 2238 284 226 994 367
is_linear=0
shrinkage=0.0337242


Tree=34
num_leaves=89
num_cat=0
split_feature=20 20 19 19 20 52 55 20 53 55 7 35 19 23 20 52 32 19 28 0 20 20 55 55 4 26 55 54 29 21 20 19 52 18 41 52 53 30 25 23 51 38 17 4 29 47 9 51 29 44 17 54 35 52 52 20 13 26 30 54 44 20 4 52 53 47 20 53 52 29 53 49 52 7 19 29 52 20 54 55 0 19 52 54 44 16 55 21
split_gain=0.00206623 0.000760568 0.000419172 0.000368337 0.000393766 0.00033211 0.000238025 0.000226764 0.000215767 0.000323125 0.000202122 0.000171935 0.000257811 0.000147398 0.000137535 0.000125672 0.000123815 0.000122492 0.00011854 0.000118184 0.000117777 0.000112145 0.000109804 0.000108433 0.000103907 0.000110416 9.40086e-05 8.783e-05 0.000146059 9.10555e-05 8.78152e-05 8.7762e-05 8.50062e-05 0.000169246 0.000100107 8.47886e-05 8.46897e-05 9.82488e-05 8.37607e-05 8.36696e-05 0.000137804 7.92825e-05 7.89825e-05 0.000169635 0.000155131 8.56287e-05 7.8523e-05 7.53079e-05 7.80982e-05 0.00011564 7.43917e-05 7.36317e-05 7.33625e-05 7.28586e-05 7.26779e-05 7.23331e-05 7.17477e-05 7.17173e-05 7.03356e-05 7.01583e-05 7.9215e-05 0.00011597 6.94774e-05 6.79199e-05 6.75887e-05 6.45205e-05 6.40974e-05 6.40735e-05 6.3427e-05 6.32728e-05 7.80094e-05 0.000139221 0.000132527 6.22223e-05 6.12483e-05 5.92169e-05 5.91485e-05 5.89491e-05 6.09035e-05 5.75739e-05 5.73454e-05 8.58446e-05 5.72718e-05 5.64292e-05 5.62956e-05 5.61741e-05 7.35556e-05 5.61085e-05
threshold=2.3864055299539175 0.21860135837702707 0.04361651913038856 0.58566108782892468 27.133928571428577 0.210029832092993 56065.500000000007 0.74946808510638319 46.168886886148151 293.50000000000006 0.15318225025924651 1.0000000180025095e-35 -0.0079486717189123351 -0.05000000000000248 6.0555984555984566 0.24559512179120904 1.0000000180025095e-35 -1.7438347988777279 0.99775511321496668 3.5000000000000004 1.3887119603680118 0.016032128514056228 48132.000000000007 -7074.9999999999991 -0.0077025269941771706 -0.0043780514406033706 49008.500000000007 0.87146255782622817 1.0000000180025095e-35 0.077304156920427705 3.3964740602671641 -14.557406289399067 0.32365440609561741 -0.13184953800891727 -0.0037037037037037086 0.15007141873957944 62.794577594336957 16.500000000000004 -0.50000000000000877 -0.12500000000000352 72.222222222222001 0.0020335541605670531 -0.50644729528100396 -0.32201509412629314 15.500000000000002 55.555555555585876 -0.80248091603053429 9.9382716049379471 1.5000000000000002 -0.0041987424340365611 -0.087974678915186788 19.588417509817074 1.0000000180025095e-35 0.13650453522230596 0.18541711703685326 65.708333333333357 -0.20158486871712886 -0.010035444708479105 18.500000000000004 -12.717591435189133 0.0026972365601958263 3.7860195360195363 -0.0098719543218949591 0.22067748338303569 64.601167639099813 55.555555555544558 0.2813176406926407 84.366355580663907 0.210029832092993 7.5000000000000009 55.254631100360605 88.150674891590384 0.25449742549086435 0.1987844221684526 -0.31520203538118702 9.5000000000000018 0.32070817585934719 1.5413188935641859 0.0061980100935974548 52198.500000000007 8.5000000000000018 0.12858018487483494 0.11948701768433732 -6.4470825542553651 -1.0000000180025095e-35 0.48120300751879702 6931.0000000000009 -0.68534950635964709
decision_type=2 2 2 2 2 2 2 2 2 2 8 2 2 10 2 2 2 2 2 2 2 2 2 2 2 10 2 2 2 2 2 2 2 10 2 2 2 2 2 10 2 2 10 2 2 2 8 2 2 2 8 2 2 2 2 2 10 10 2 2 2 2 2 2 2 2 2 2 2 2 2 2 2 10 2 2 2 2 2 2 2 2 2 2 2 2 2 2
left_child=1 5 13 4 11 19 10 18 59 -10 21 12 15 52 -13 17 55 30 27 41 31 -7 64 -14 25 84 54 28 -4 -29 -2 -15 42 50 -35 66 37 -23 56 -39 -41 -1 43 45 -45 -33 -22 -9 68 -50 75 -38 62 -32 58 -6 -16 -17 -19 -5 61 -61 76 -20 85 -66 -30 -59 -49 82 71 87 -73 -44 -28 -34 -3 78 -72 80 -37 83 -51 -82 -25 86 -12 -71
right_child=3 2 7 8 16 6 -8 47 9 -11 22 14 23 20 38 57 -18 26 63 -21 46 36 -24 24 -26 -27 74 29 35 -31 53 32 33 34 -36 79 51 39 -40 40 -42 -43 73 44 -46 -47 -48 48 49 69 -52 -53 -54 -55 -56 -57 -58 67 -60 60 -62 -63 -64 -65 65 -67 -68 -69 -70 70 77 72 -74 -75 -76 -77 -78 -79 -80 -81 81 -83 -84 -85 -86 -87 -88 -89
leaf_value=-2.3434454725930395e-05 -2.5571194421910425e-05 -1.4591206255510406e-05 -7.3647073581062069e-05 -6.131031890166185e-06 3.5907506389113734e-05 -8.3896928451918345e-05 -0.00010151189372451045 -5.4463343499969009e-06 3.6437832818010251e-05 0.00016797652623065247 1.3223842711107433e-05 -3.4030456798965005e-05 -1.7198262580713443e-05 -5.3250346517118236e-05 0 -2.3704940638649896e-05 -8.2405781320730602e-06 1.8073565229333446e-05 -3.1990880800711812e-06 -1.0169545661826782e-05 1.5862236363092769e-05 -1.3791647549213314e-05 3.8513639870514872e-05 1.3933443668725799e-05 7.9056752008992346e-05 2.3193912099587095e-05 -1.8914145924202537e-05 9.7393429024641097e-06 -2.565116828175923e-05 -1.5622572480763289e-05 1.0834531692671088e-05 3.6274551161596816e-05 -4.8581586102736669e-06 -0.00010722080301520173 -3.6360404221669413e-05 -2.4525261669514605e-05 -3.0911291360521914e-05 -2.0218780803361029e-05 -7.0419911496044949e-06 -9.8687854025930296e-05 -4.0773526396554483e-05 -6.4705081424450947e-05 2.0071151583142644e-06 -1.7947838790965331e-05 -9.8983628593562263e-05 -2.263297640880571e-05 -2.6174257299860406e-06 6.162004859472309e-05 5.3425330307902589e-05 1.5362005814272132e-05 2.046248251213053e-05 1.9956574148374341e-05 -5.6046905669919538e-05 -1.0947443463066694e-05 3.7952764447707621e-05 6.2676922553698156e-05 6.1634587042866669e-05 3.0897903672004142e-05 -6.8777516249509176e-06 1.5992320509604919e-05 8.9623457407084948e-06 8.0941896564188569e-05 2.619942183620714e-05 -3.6891702493521046e-05 3.3955335149603419e-05 -1.9018841267338913e-05 8.1554464527157956e-06 3.0877169462453485e-06 1.3933992353855898e-05 4.2520821285440751e-05 1.0184703246223353e-05 3.1087210704859623e-05 9.9691010426513607e-05 -8.6139198103909856e-06 6.7472356036898465e-06 -3.6240949817617507e-05 -3.6031857532372925e-05 2.5234953533655669e-05 -1.558230779713278e-05 -4.7462178669790823e-05 -6.679247658963042e-06 4.2708545905738689e-06 -6.7146973488163995e-06 -5.8808334934492715e-05 6.7253749817936732e-05 -6.4646976639667959e-05 -4.2337714747069471e-05 6.6024661730384086e-06
leaf_weight=331 177 562 35 36 358 77 64 242 49 41 44 155 51 53 34 34 50 664 129 1752 316 76 43 34 53 693 140 1217 70 183 387 49 177 34 92 196 148 56 164 99 104 68 832 63 52 65 1506 71 76 209 69 39 67 317 171 197 47 482 153 55 62 88 36 162 42 69 629 127 69 58 236 216 40 2392 431 121 214 125 186 49 60 395 367 45 116 48 63 430
leaf_count=331 177 562 35 36 358 77 64 242 49 41 44 155 51 53 34 34 50 664 129 1752 316 76 43 34 53 693 140 1217 70 183 387 49 177 34 92 196 148 56 164 99 104 68 832 63 52 65 1506 71 76 209 69 39 67 317 171 197 47 482 153 55 62 88 36 162 42 69 629 127 69 58 236 216 40 2392 431 121 214 125 186 49 60 395 367 45 116 48 63 430
internal_value=-3.21441e-07 -6.63469e-06 -2.82276e-06 1.76826e-05 1.53899e-05 -2.1489e-05 -3.79077e-05 4.06935e-06 5.22656e-05 9.74351e-05 -3.33181e-05 1.18739e-05 1.39765e-05 -8.48974e-06 -9.06843e-06 9.20339e-06 4.09756e-05 5.65509e-06 -1.77123e-06 -1.40247e-05 -6.52206e-06 -4.47984e-05 -1.07505e-05 2.94137e-05 3.21747e-05 2.91125e-05 1.13525e-05 2.68961e-07 -5.42677e-06 6.35514e-06 -4.31723e-06 -9.76132e-06 -9.15271e-06 -2.23471e-05 -5.62487e-05 -3.70629e-06 -3.88458e-05 -4.91969e-05 6.32937e-06 -5.92128e-05 -6.94936e-05 -3.07103e-05 -7.24089e-06 -2.64988e-05 -5.54307e-05 1.83906e-06 5.34559e-07 1.20742e-05 1.41561e-05 1.23301e-05 -1.04445e-05 -1.97856e-05 -2.14104e-05 8.89156e-07 1.76503e-05 4.55836e-05 3.45955e-05 2.25178e-05 1.32826e-05 3.49962e-05 4.269e-05 5.66373e-05 -1.84334e-05 -2.2288e-05 -1.90777e-05 1.54665e-07 4.63166e-06 2.52571e-05 3.88081e-05 1.06055e-05 1.47591e-05 2.19056e-05 4.21842e-05 -5.84303e-06 2.86197e-07 -1.79252e-05 -2.06285e-05 4.86225e-06 -9.43275e-07 -1.16592e-05 -8.99966e-06 -2.7203e-06 1.12797e-06 -2.99409e-05 5.58122e-05 -3.34741e-05 -1.85866e-05 1.10695e-05
internal_weight=20684 15318 12195 5366 5035 3123 972 5495 331 90 908 4430 4030 6700 400 3083 605 2440 3170 2151 5821 599 309 947 896 843 1559 2879 1479 1400 881 3999 3946 493 126 1444 522 335 245 259 203 399 3453 229 115 114 1822 2325 2083 1943 367 187 879 704 988 555 81 643 817 241 205 143 812 291 266 111 699 609 140 1867 1291 744 256 3224 571 298 776 547 422 745 696 500 576 105 150 155 107 488
internal_count=20684 15318 12195 5366 5035 3123 972 5495 331 90 908 4430 4030 6700 400 3083 605 2440 3170 2151 5821 599 309 947 896 843 1559 2879 1479 1400 881 3999 3946 493 126 1444 522 335 245 259 203 399 3453 229 115 114 1822 2325 2083 1943 367 187 879 704 988 555 81 643 817 241 205 143 812 291 266 111 699 609 140 1867 1291 744 256 3224 571 298 776 547 422 745 696 500 576 105 150 155 107 488
is_linear=0
shrinkage=0.0337242


Tree=35
num_leaves=89
num_cat=0
split_feature=4 4 16 25 52 52 31 19 52 9 13 52 51 53 4 31 29 31 13 36 51 19 31 27 4 47 0 31 48 2 22 31 21 52 48 54 22 52 52 52 27 49 25 4 27 55 48 31 22 4 25 55 48 4 55 55 53 54 52 19 31 19 21 52 50 16 37 19 31 12 22 3 30 31 44 31 19 16 31 49 29 51 29 11 9 16 52 55
split_gain=0.00078919 0.000495155 0.000345959 0.000316673 0.000227883 0.000201356 0.000193077 0.000170886 0.000164237 0.000215727 0.000210673 0.00017725 0.000178251 0.000175725 0.000155195 0.000127025 0.000266412 0.000159783 0.000145049 0.00011837 0.000115938 0.00011569 0.000189287 0.000156918 0.000162456 0.000146706 0.000321439 0.000146263 0.00010764 9.77859e-05 9.45016e-05 0.000108932 9.38097e-05 0.000157586 9.3734e-05 9.27373e-05 9.18628e-05 8.97134e-05 0.000132612 0.000114893 0.000105644 9.93521e-05 8.55964e-05 8.32895e-05 8.31585e-05 9.83393e-05 0.000132847 8.25291e-05 7.84344e-05 7.85737e-05 7.83454e-05 7.63317e-05 7.62098e-05 7.44759e-05 9.65896e-05 8.58615e-05 9.32918e-05 0.000244909 7.38981e-05 7.28966e-05 7.28348e-05 7.20701e-05 7.12697e-05 6.80832e-05 6.76e-05 6.75404e-05 6.52502e-05 7.02886e-05 7.26835e-05 0.000120852 7.54489e-05 6.45621e-05 6.36382e-05 7.29865e-05 6.30226e-05 0.000100145 0.000178531 6.27686e-05 7.76207e-05 6.26413e-05 6.15779e-05 7.00886e-05 6.01634e-05 6.01586e-05 6.71164e-05 5.84523e-05 5.84259e-05 5.6821e-05
threshold=-0.1121247668042286 -0.83785120696478022 0.53101503759398505 -0.50262329198501032 0.31201143981053708 0.43103014748747753 152.50000000000003 1.8694798051233479 0.210029832092993 -0.23473282442748089 -0.034982703842769525 0.33668246350243608 71.635802469135641 49.883083972507286 -0.0037275990728701442 22.500000000000004 11.500000000000002 101.50000000000001 -0.22665709612633242 0.0032206202676070554 29.629629629629743 -0.2342089048048592 23.500000000000004 -1.7976931348623157e+308 -0.62618011193397016 -2.8421709430402592e-11 123.50000000000001 126.50000000000001 93.633638716196643 -0.58520894734854567 -0.67877511625866449 43.500000000000007 1.0000000180025095e-35 0.36330294326254681 26.397808073821846 -7.667666933843539 -0.96568157033805879 0.26523055165051096 0.22947859096834008 0.20039329487206228 -71.707106361805174 7.8031302142863188 -0.33072688229913355 -0.0057592288993159576 -326.71719570627687 15313.500000000002 90.667621933573017 196.50000000000003 -0.8432116638881576 -0.64708999943467682 -0.99193552599956447 11587.000000000002 82.189741331406324 -0.0032435411837865333 41333.500000000007 -6194.9999999999991 76.775263690954475 22.419183507279318 0.24870785137133392 0.63767261098178107 39.500000000000007 2.3906006209800528 -0.097985466923234579 0.15067058889282475 100.00000000000051 0.87687969924812037 -0.001409443969884183 -2.3025547077918271 31.500000000000004 -0.87118320610687017 -0.93881430785879316 1.0000000180025095e-35 18.500000000000004 121.50000000000001 -0.0058309092969665013 57.500000000000007 -0.54022653477796456 0.86748120300751885 106.50000000000001 41.107451441208873 1.5000000000000002 66.666666666666771 6.5000000000000009 -0.80248091603053429 -0.43416030534351141 0.52161654135338364 0.18621922877603661 9133.0000000000018
decision_type=2 2 2 2 2 2 2 2 2 8 8 2 2 2 2 2 2 2 8 2 2 2 2 8 2 2 2 2 2 2 10 2 2 2 2 2 10 2 2 2 10 2 2 2 10 2 2 2 8 2 2 2 2 2 2 2 2 2 2 2 2 2 2 2 2 2 2 2 2 8 8 2 2 2 2 2 2 2 2 2 2 2 2 10 10 2 2 2
left_child=1 6 7 4 20 21 8 14 29 11 36 12 -10 -13 19 16 18 53 -4 64 -3 30 25 24 86 26 -23 28 37 -1 77 -32 35 -34 43 85 -11 38 39 -25 -39 -41 -14 -18 45 48 -47 65 49 -22 -46 -30 -27 55 -55 -17 57 -57 79 87 -26 72 -15 80 66 -29 -2 -68 69 -69 -71 -42 73 -31 -16 76 -76 -5 82 -19 81 -62 -79 -36 -85 -6 -24 -37
right_child=2 3 15 5 32 -7 -8 -9 9 10 -12 13 42 62 74 17 34 58 -20 -21 44 22 23 27 60 52 -28 47 51 61 31 -33 33 -35 83 59 -38 40 -40 41 71 -43 -44 -45 50 46 -48 -49 -50 -51 -52 -53 -54 54 -56 56 -58 -59 -60 -61 63 -63 -64 -65 -66 -67 67 68 -70 70 -72 -73 -74 -75 75 -77 -78 78 -80 -81 -82 -83 -84 84 -86 -87 -88 -89
leaf_value=5.6463667733000567e-06 1.2166238030222232e-05 -1.9836456085875421e-05 -4.8342760651623935e-06 -6.5783945355435111e-06 -1.1775642516364494e-05 6.477150498455132e-05 7.7330015443670753e-07 6.3051411667588666e-05 -0.00013410421772690442 -7.4114457812718916e-05 5.8219237843351431e-05 -9.5388646290977348e-05 -8.6703033225076349e-05 3.3153400738461877e-05 -2.1300362965456898e-05 -2.0910144051964409e-05 -8.7008957366565951e-05 1.4016518512453208e-05 7.2055052458236635e-05 -2.6836911919841511e-05 -5.981309825216124e-05 -1.7317798427634551e-05 -1.4593480207697236e-05 9.3989974216500529e-06 3.7591626115822308e-05 1.3575931979954192e-05 -0.0001311471841694837 -8.0628023209830987e-06 8.5339750142681876e-05 -2.1527665037878288e-05 -8.1127496582517075e-05 -1.6298168603981022e-05 -9.1507239969626696e-06 -0.00011218354084407807 -3.3511747719807604e-05 -4.1148416152820544e-05 0 8.1997531703313479e-05 -3.7527796291587527e-05 1.9494092376051151e-05 4.0676910527711844e-05 9.3448074414617254e-05 -2.0560660339570831e-05 -1.4082577011793638e-05 -2.3783665086405873e-06 6.8491046477287953e-05 -7.1758287553593666e-06 1.0244470713163862e-05 2.6565689395501942e-05 1.7663794439918458e-07 -1.4348212037634225e-05 2.1334701169431367e-05 -2.6998702630900011e-05 7.8549142487904162e-05 1.9740386909231569e-05 2.995336439100873e-05 -9.1727463397019878e-06 0.00012316443503767699 2.8617060830768415e-05 -6.423803518897504e-08 0 -6.538254374532011e-05 -3.1982104694445353e-05 -1.3846507032901216e-05 3.0647581003213198e-05 1.5100320688857472e-05 -1.1998848188025006e-05 -5.4210074324954168e-05 3.4179284046840715e-06 -3.6836121643174399e-05 7.3454567813729046e-06 6.9570441063208944e-06 3.2988754392971631e-06 -6.5937287610092212e-05 0.00010915424123707214 9.7162757707410848e-06 2.4952072468734228e-05 4.6455159862676895e-06 -1.7519970500386723e-07 -7.6782161147643204e-06 2.4116619218707109e-06 5.9991870712134157e-05 6.7782580395662502e-05 4.9195379928937356e-05 -1.602144672149405e-05 2.8995183326530114e-05 -4.7714354759319798e-05 -1.7758361731921687e-05
leaf_weight=121 473 596 44 1073 169 57 245 54 63 43 35 34 57 34 42 35 41 829 67 179 37 131 384 1022 66 143 37 806 44 268 35 244 36 36 50 338 37 41 62 59 125 36 44 38 2709 67 40 894 66 66 819 51 83 90 57 536 54 35 337 100 46 54 43 266 87 172 568 67 2126 57 187 151 80 54 35 395 195 35 163 179 812 48 42 34 35 52 77 210
leaf_count=121 473 596 44 1073 169 57 245 54 63 43 35 34 57 34 42 35 41 829 67 179 37 131 384 1022 66 143 37 806 44 268 35 244 36 36 50 338 37 41 62 59 125 36 44 38 2709 67 40 894 66 66 819 51 83 90 57 536 54 35 337 100 46 54 43 266 87 172 568 67 2126 57 187 151 80 54 35 395 195 35 163 179 812 48 42 34 35 52 77 210
internal_value=-3.11858e-07 -4.99026e-06 8.9675e-06 -2.993e-06 -9.21871e-06 1.60864e-06 -2.55851e-05 3.3455e-06 -3.23633e-05 -4.94488e-05 -9.66811e-06 -6.57329e-05 -8.83454e-05 -3.14526e-05 2.59266e-06 1.91282e-05 -7.91391e-07 2.20334e-05 4.07056e-05 -5.15897e-08 -5.96809e-06 1.09144e-06 3.39972e-06 5.13421e-06 -3.21823e-06 -1.90794e-05 -4.29628e-05 9.25995e-06 1.67903e-05 -2.06475e-05 -6.90364e-06 -2.47774e-05 -2.43155e-05 -6.20097e-05 -2.45431e-05 -2.10811e-05 -4.05771e-05 1.449e-05 1.00848e-05 1.28141e-05 3.05689e-05 4.85363e-05 -5.88456e-05 -5.3154e-05 -3.76982e-06 1.3963e-05 3.9301e-05 2.80833e-06 -1.50757e-06 -2.04347e-05 -5.18448e-06 5.19967e-05 -8.97688e-07 3.39899e-05 5.64033e-05 2.88514e-05 3.17927e-05 3.58361e-05 1.47875e-05 -2.75265e-05 3.07766e-06 -2.78365e-05 -1.96567e-06 1.05156e-06 1.2662e-06 -3.89029e-06 5.0345e-07 -1.30016e-06 1.15376e-06 -1.40133e-05 -2.57952e-06 2.25789e-05 -2.25525e-05 -2.92754e-05 1.75803e-05 2.03477e-05 3.81857e-05 -3.03202e-06 1.24205e-05 1.00681e-05 5.53229e-06 3.14609e-05 4.03393e-05 -4.73693e-06 1.47136e-05 -1.74513e-06 -2.03353e-05 -3.23615e-05
internal_weight=20684 13758 6926 12546 5341 7205 1212 4465 967 390 115 275 164 111 4411 2461 309 2152 111 3744 4400 7148 5556 5162 1699 394 168 3463 1591 577 1592 279 941 72 198 869 80 1496 1179 1117 317 95 101 79 3804 276 107 1872 169 103 3528 95 226 807 147 660 625 571 1345 648 1238 456 77 1172 3565 978 3478 3005 2437 311 244 276 402 322 667 625 230 1313 240 1008 906 94 77 119 69 221 461 548
internal_count=20684 13758 6926 12546 5341 7205 1212 4465 967 390 115 275 164 111 4411 2461 309 2152 111 3744 4400 7148 5556 5162 1699 394 168 3463 1591 577 1592 279 941 72 198 869 80 1496 1179 1117 317 95 101 79 3804 276 107 1872 169 103 3528 95 226 807 147 660 625 571 1345 648 1238 456 77 1172 3565 978 3478 3005 2437 311 244 276 402 322 667 625 230 1313 240 1008 906 94 77 119 69 221 461 548
is_linear=0
shrinkage=0.0337242


Tree=36
num_leaves=89
num_cat=0
split_feature=4 4 16 31 40 37 16 31 39 31 1 54 31 17 31 31 38 45 31 30 31 30 52 17 12 8 16 50 50 4 1 31 4 31 29 49 4 1 31 30 53 42 30 52 52 52 28 50 15 31 31 29 16 53 4 40 4 10 5 31 29 54 53 51 29 5 29 22 53 18 17 12 27 41 16 3 41 29 52 18 31 7 52 22 30 18 40 4
split_gain=0.000707002 0.000445322 0.000462485 0.000237247 0.000229076 0.000220273 0.000172454 0.000150483 0.000149134 0.000142401 0.000370082 0.000224375 0.000158354 0.000144116 0.000139105 0.000136099 0.000135282 0.000123716 0.000123462 0.000272608 0.000199979 0.00013678 0.0001208 0.000117795 0.000115395 0.000111759 0.000109195 0.000106934 9.98746e-05 0.000111012 9.95779e-05 0.000198951 0.000101248 9.79211e-05 9.61587e-05 9.60691e-05 9.58735e-05 9.42317e-05 9.37768e-05 0.000104324 9.34378e-05 9.3566e-05 9.0617e-05 8.96589e-05 0.000118561 8.91082e-05 8.70751e-05 9.17184e-05 8.60798e-05 0.000111182 0.000100844 8.10251e-05 8.03759e-05 8.5438e-05 7.98295e-05 9.13422e-05 7.97463e-05 8.0602e-05 7.93833e-05 7.92791e-05 8.1106e-05 7.96692e-05 7.90212e-05 7.88742e-05 7.84855e-05 7.73486e-05 7.47497e-05 0.00043477 9.95295e-05 0.000106576 7.44326e-05 7.41524e-05 8.06536e-05 7.38523e-05 7.26535e-05 7.22758e-05 7.20458e-05 7.20014e-05 7.0659e-05 6.8467e-05 6.82255e-05 6.76654e-05 6.70332e-05 7.46103e-05 6.67539e-05 6.65271e-05 6.57917e-05 6.56965e-05
threshold=-0.034414042625360387 -0.83093306574707437 0.53101503759398505 123.50000000000001 -0.0015961702105976581 0.0013504395083342449 0.53853383458646631 231.50000000000003 0.0065735459338001076 23.500000000000004 115.09243017925108 -19.243297331131341 127.50000000000001 -0.1610251309206869 83.500000000000014 199.50000000000003 0.0038722204729132463 0.0056617155038045661 86.500000000000014 17.500000000000004 97.500000000000014 18.500000000000004 0.25145972661420962 -0.69970890260671126 -0.87881679389312961 0.25000000000000006 0.91259398496240618 2.4276876805136765e-13 61.111111111113949 -0.00033212731075809817 1337.1750026094032 161.50000000000003 -0.34363870201820335 255.50000000000003 15.500000000000002 39.90220698746149 -0.59364576855673012 992.36205787174151 84.500000000000014 17.500000000000004 34.808028655835457 0.0032599858654239759 17.500000000000004 0.26523055165051096 0.30898654311297541 0.22715278170647726 0.99009900990098976 33.333333333333371 0.0701823784068933 255.50000000000003 253.50000000000003 8.5000000000000018 0.51409774436090239 31.334469218798798 -0.00066425462151619634 -0.0041870222762441225 -0.32201509412629314 -1.0949248120300747 -0.2205144566874582 52.500000000000007 16.500000000000004 2.8883310689565174 46.168886886148151 96.296296296296035 9.5000000000000018 0.10829379590890159 11.500000000000002 -0.25812348278786806 35.627008044590511 -0.36471448008298685 -0.42634431409262458 -0.1097328244274809 -44.857092998679256 0.0015117166611058332 0.50469924812030087 -0.514077482285762 -0.0010106116779524108 6.5000000000000009 0.22508606901608166 0.3142911533971387 197.50000000000003 0.74062031916119375 0.20541864465659007 -0.89292503875288809 17.500000000000004 -0.42661162489279847 0.0037453183520600457 -0.017199954774153422
decision_type=2 2 2 2 2 2 2 2 2 2 2 2 2 10 2 2 2 2 2 2 2 2 2 8 10 8 2 2 2 2 2 2 2 2 2 2 2 2 2 2 2 2 2 2 2 2 2 2 10 2 2 2 2 2 2 2 2 2 2 2 2 2 2 2 2 2 2 8 2 8 10 10 10 2 2 2 2 2 2 8 2 10 2 10 2 8 2 2
left_child=1 4 3 8 -1 7 54 30 18 10 22 -12 17 64 16 37 25 26 19 23 36 52 -4 -3 86 63 38 -21 29 -8 32 -32 80 46 -23 87 -20 56 39 85 59 -42 -9 45 -45 -40 81 62 -17 50 -50 -27 -22 -54 55 -2 57 -14 -39 60 76 -62 -48 -6 -13 -15 67 75 -68 -70 -57 72 -28 -34 -38 -29 -26 -77 -56 82 -5 -7 -41 -84 -58 -11 -25 -30
right_child=6 2 9 5 14 33 28 42 -10 12 11 13 15 65 -16 48 -18 -19 20 27 21 34 -24 24 40 51 71 66 35 -31 31 -33 73 -35 -36 -37 74 58 43 79 41 -43 -44 44 -46 -47 47 -49 49 -51 -52 -53 53 -55 78 70 84 -59 -60 -61 61 -63 -64 -65 -66 -67 68 -69 69 -71 -72 -73 -74 -75 -76 77 -78 -79 -80 -81 -82 -83 83 -85 -86 -87 -88 -89
leaf_value=-8.6272246040012816e-05 -3.4403970709580218e-05 4.6739968185242937e-05 -2.7950563025840924e-05 -2.0758301621053895e-05 -3.8556250416165629e-05 -2.5113019950220659e-05 1.5688774755815187e-05 -5.2159036073387187e-06 -5.8061915824111932e-05 5.8405366390758046e-05 8.0644305746860808e-05 -4.1441012197901557e-06 -5.2572925071988017e-06 -4.9187402518358966e-06 -8.2637742696227887e-06 -6.861482596782308e-06 -7.2873745036178617e-05 5.7368959707634418e-05 1.4501065911767229e-07 3.3823586031912509e-05 -8.8750739774173356e-06 7.8954810898424576e-06 -8.9131394010168063e-05 -7.1349616431853267e-06 -3.5715605000256991e-05 -1.8176587394685504e-05 6.4490563991624196e-05 -4.9508591456805889e-05 1.1888340986535334e-05 5.8987285405480238e-05 -8.8313119605558306e-05 -2.7443346178230588e-06 -1.7331842865157517e-06 1.1417766255031979e-05 5.495371696366403e-05 9.7832503803524284e-05 2.7189200457342762e-05 -7.2569333696983419e-05 1.6928204246018981e-05 -5.995622579970774e-06 2.3394326976695814e-05 -1.9582605862305437e-05 1.5409128629246263e-05 9.9211679342612081e-05 2.1734178627467881e-05 -3.4956081595810385e-05 -3.0049394395977868e-05 -2.6647734237282415e-05 1.7717465224279815e-05 -9.900615701510748e-06 7.6262955337550749e-05 4.8694079071275154e-05 -4.5564895134260591e-06 6.0665383570633009e-05 1.5728080528720498e-05 2.7243625308753633e-05 -1.9342196641282664e-06 -4.4814658242143302e-05 -1.3861909663743735e-05 1.2676714746411125e-05 -8.676788102107042e-06 -7.1657787317755325e-05 -8.9318434325274694e-05 3.7650141525722227e-08 5.6527572403667992e-05 -7.0958197140031005e-05 -8.2100872876521202e-06 8.5362497198326117e-05 1.6155098762550176e-06 -4.2123578077345232e-05 5.4462987079499724e-06 5.0448159001973923e-05 9.196800875768987e-06 -2.0828474227441205e-05 6.6616676934956725e-05 -2.2602176515517407e-05 1.3275104637221872e-05 1.3762594510795288e-06 5.9296641884345321e-05 1.4871746336444554e-05 -1.2790271201985257e-06 -2.8798507204128063e-06 -1.0387106715311858e-06 -6.2503952163987773e-05 1.7042820769462849e-05 9.1347343569893257e-06 -5.6119587162223501e-05 5.1506527005803578e-05
leaf_weight=60 60 80 117 918 321 536 913 459 49 35 48 41 498 56 711 231 78 80 126 51 795 159 59 304 46 44 37 64 93 75 54 78 1948 86 76 34 302 36 611 183 542 62 502 35 76 39 52 249 885 161 36 37 46 41 181 200 479 68 121 267 56 44 66 68 51 35 311 53 73 334 1931 140 197 264 71 291 132 265 60 86 277 234 39 66 366 405 36 117
leaf_count=60 60 80 117 918 321 536 913 459 49 35 48 41 498 56 711 231 78 80 126 51 795 159 59 304 46 44 37 64 93 75 54 78 1948 86 76 34 302 36 611 183 542 62 502 35 76 39 52 249 885 161 36 37 46 41 181 200 479 68 121 267 56 44 66 68 51 35 311 53 73 334 1931 140 197 264 71 291 132 265 60 86 277 234 39 66 366 405 36 117
internal_value=2.54402e-07 -2.63141e-06 -1.0453e-06 -5.18738e-06 -2.14567e-05 -9.79249e-06 1.36978e-05 -6.31341e-06 4.28185e-07 7.03761e-06 -1.20328e-05 1.57213e-05 8.63808e-06 -7.79503e-07 -1.82911e-05 3.51232e-06 -3.11245e-05 1.58686e-05 1.06849e-06 -2.94338e-06 8.60337e-06 5.85385e-07 -4.90093e-05 6.74361e-06 4.52979e-06 -2.39903e-05 1.41155e-05 -1.35505e-05 2.40201e-05 1.90734e-05 -9.53706e-06 -3.84821e-05 -8.38725e-06 -2.25146e-05 2.35256e-05 4.36537e-05 2.63578e-05 -3.14676e-06 1.01336e-05 2.04312e-06 9.68452e-06 1.88228e-05 5.45747e-06 1.86606e-05 4.70349e-05 1.36664e-05 -2.51662e-05 -3.8927e-05 1.15383e-05 1.55559e-05 2.01108e-05 1.1176e-05 -5.41723e-06 2.50693e-05 8.42895e-06 6.34472e-06 -3.19638e-07 -1.01805e-05 -2.79392e-05 -2.65642e-07 -1.30436e-05 -3.73551e-05 -6.40191e-05 -3.15613e-05 2.84385e-05 -3.13808e-05 -1.5357e-05 -7.07311e-06 -2.2987e-05 -3.4041e-05 7.5374e-06 3.06256e-05 1.83529e-05 -4.05589e-06 3.49533e-05 -1.51308e-05 7.15468e-08 -1.09998e-05 2.69761e-05 -1.09109e-05 -1.63239e-05 -1.8482e-05 -1.89455e-05 -4.05946e-05 6.17103e-06 1.32737e-05 -1.26059e-05 3.44216e-05
internal_weight=20699 17035 15716 10399 1319 5723 3664 4500 4676 5317 407 231 4910 183 1259 2881 548 2029 4627 3011 1616 1117 176 1569 1489 470 1949 1442 1232 988 3539 132 3407 1223 235 244 499 1568 1575 814 1149 604 961 761 111 650 1137 367 1313 1082 921 81 882 87 2432 2191 1411 566 157 545 278 100 118 389 92 91 1391 673 718 407 2131 374 234 2212 373 620 178 556 241 374 1195 770 288 105 845 440 340 210
internal_count=20699 17035 15716 10399 1319 5723 3664 4500 4676 5317 407 231 4910 183 1259 2881 548 2029 4627 3011 1616 1117 176 1569 1489 470 1949 1442 1232 988 3539 132 3407 1223 235 244 499 1568 1575 814 1149 604 961 761 111 650 1137 367 1313 1082 921 81 882 87 2432 2191 1411 566 157 545 278 100 118 389 92 91 1391 673 718 407 2131 374 234 2212 373 620 178 556 241 374 1195 770 288 105 845 440 340 210
is_linear=0
shrinkage=0.0337242


Tree=37
num_leaves=89
num_cat=0
split_feature=20 20 19 20 19 52 41 0 55 11 36 20 20 10 19 55 33 28 48 55 20 1 20 0 47 43 36 0 48 52 48 30 19 0 30 19 55 29 41 17 38 11 25 41 3 36 18 11 21 19 18 51 51 29 19 30 48 52 9 19 52 19 27 15 11 20 23 54 17 9 54 11 52 48 9 47 27 19 4 49 42 2 1 51 20 51 42 29
split_gain=0.00159516 0.000520595 0.000499748 0.00039331 0.000326579 0.000227768 0.000227753 0.000229205 0.000190241 0.000170562 0.000165012 0.000154386 0.00014806 0.000144674 0.000140069 0.000136699 0.000130385 0.000113345 0.000111256 0.000110614 0.000109772 0.000136782 0.00010194 9.451e-05 0.000110247 9.3946e-05 9.37847e-05 8.70909e-05 8.66008e-05 0.000120338 8.48891e-05 8.2396e-05 8.23787e-05 8.23264e-05 8.12941e-05 7.93922e-05 9.38821e-05 7.74954e-05 9.31312e-05 7.55793e-05 7.50297e-05 7.47408e-05 7.34921e-05 7.17188e-05 7.41077e-05 7.17172e-05 7.14179e-05 7.02628e-05 8.0915e-05 7.00563e-05 8.36771e-05 9.35492e-05 7.53144e-05 6.98389e-05 6.98009e-05 6.93536e-05 0.000108149 0.000146548 8.34737e-05 6.82239e-05 6.78973e-05 6.62007e-05 8.45604e-05 7.96602e-05 7.85705e-05 6.79291e-05 6.87355e-05 7.74147e-05 6.6336e-05 6.53866e-05 6.1422e-05 6.11526e-05 6.09937e-05 6.07239e-05 6.00481e-05 6.00241e-05 5.96666e-05 0.000168104 5.87093e-05 5.86943e-05 5.86226e-05 5.82807e-05 6.1232e-05 5.79791e-05 6.46531e-05 5.76231e-05 5.61163e-05 7.0773e-05
threshold=1.112399732620321 19.871212121212128 0.099585266693964072 0.21860135837702707 0.04361651913038856 0.22067748338303569 -0.0033841044434264607 425.50000000000006 52079.500000000007 -0.70896946564885488 -0.0027266543003817696 0.011560736560736562 7.6545092838196309 -1.4031954887218039 -2.7968375802241776 25823.500000000004 1.0000000180025095e-35 0.99775511321496668 66.580529515308271 39710.000000000007 65.708333333333357 145.25426731704283 2.6568921232876721 70.500000000000014 25.641025641008302 0.0037453183520600457 0.0034188134087614901 15.500000000000002 89.214577400680653 0.20039329487206228 36.02946272182789 17.500000000000004 3.2243351769609778 80.500000000000014 16.500000000000004 -0.2342089048048592 5571.5000000000009 2.5000000000000004 -0.0010277503147684273 -0.069002150317427804 -0.0030287741185823776 -0.37118320610687017 -0.99357741103480224 -0.0021041562897780026 0.29571747862578462 0.0020429030507909123 -0.14450908345177185 -0.43416030534351141 -0.46883416556864771 -0.2342089048048592 0.053397938797991339 44.444444444443178 14.814814814814449 10.500000000000002 -5.328843120284886 17.500000000000004 6.1112963175316715 0.075415435254798976 -0.60019083969465636 4.0465208089923985 0.18716310343696127 0.35593497249219302 -97.323144826611312 0.12731019339366426 -0.32156488549618317 5.5557275541795681 0.074999999999999303 6.0731606921107248 -0.32160593604634152 -0.86164122137404575 12.171662127085174 -0.04103053435114503 0.34291527713266534 95.237023826576902 -0.10877862595419846 -46.153846153838266 -1449.2399695552124 5.3367265831417408 -0.7506642546215162 1.0000000180025095e-35 0.0012026462556696817 0.0045912346792235086 61.184102212231345 11.111111111111093 0.35961717813207805 16.666666666666007 0.0043057100482017949 22.500000000000004
decision_type=2 2 2 2 2 2 2 2 2 8 2 2 2 2 2 2 2 2 2 2 2 2 2 2 2 2 2 2 2 2 2 2 2 2 2 2 2 2 2 10 2 10 2 2 2 2 8 8 2 2 10 2 2 2 2 2 2 2 10 2 2 2 10 10 10 2 10 2 8 10 2 10 2 2 10 2 8 2 2 2 2 2 2 2 2 2 2 2
left_child=3 2 10 5 15 27 -7 8 11 59 33 -8 14 18 55 23 20 30 72 22 39 -22 25 24 43 71 -19 45 -17 -30 40 79 -29 -2 -14 36 -13 38 -32 47 -6 -20 80 44 54 -1 -10 48 -3 50 51 53 -52 -21 -5 56 57 -12 -57 81 -42 -15 65 64 -64 66 68 -68 -63 -40 75 -16 -11 86 -73 -58 -39 78 -78 -25 -36 -4 -83 -62 -85 -24 87 -26
right_child=1 16 9 4 17 6 7 -9 46 13 12 35 34 61 19 28 -18 26 41 49 21 -23 85 31 73 -27 -28 32 29 -31 37 -33 -34 -35 42 -37 -38 76 69 -41 60 -43 -44 -45 -46 -47 -48 -49 -50 -51 52 -53 -54 -55 -56 58 70 -59 -60 -61 83 62 63 -65 -66 -67 67 -69 -70 -71 -72 74 -74 -75 -76 -77 77 -79 -80 -81 -82 82 -84 84 -86 -87 -88 -89
leaf_value=-1.8557666856609529e-05 2.8020370285536485e-05 2.975540773802192e-05 2.2288979557762988e-05 2.4370705699986659e-05 2.9868591352290472e-05 -0.00011465944472034794 -8.3713407378030116e-05 3.4067800796659626e-05 -4.8384675037065216e-05 2.1011765671715029e-05 -5.5944478196826612e-06 -1.1664855220485467e-05 3.1716116484607014e-05 1.161798709638296e-05 1.8517220637897823e-06 -2.6996519485061479e-06 5.7314778134643638e-06 -7.0828963648722156e-06 8.755059845084861e-05 -2.1238501924123814e-05 4.4847068375192138e-05 0.00011210100111452984 3.0202318132864934e-05 -9.6484812575476205e-05 -2.872878116692809e-05 -4.9568584708564454e-05 -5.1387064322834502e-05 -9.3096278327919097e-06 -1.0735741470200939e-05 -8.5146043489797512e-05 -1.8382829349134616e-05 -1.2800827736549842e-05 2.6123513264447071e-05 -6.20289020984021e-06 1.513926942388327e-05 -1.9543757326157964e-05 -9.0381122998826579e-05 -5.1959901629873935e-06 -9.463911266498035e-07 1.9470550255160367e-05 -1.421616954575951e-06 2.7789963006926346e-05 4.8342976367481087e-06 -2.8382390894444179e-06 -5.5653414053779805e-05 -6.3306924595180292e-05 -0.00012269426797511461 2.7559300627488125e-05 8.542072730361644e-05 9.9578315665740212e-07 -1.9881947650743367e-05 -1.7781569533481805e-06 3.6962683444183554e-05 -6.0549919086903737e-05 -2.3572799883303677e-05 1.6344419754005786e-05 -4.6251870196310851e-06 -0.00010438827611296237 -1.264160693764013e-05 -3.2430177414538369e-05 1.3969602624507985e-05 -2.0371681467854156e-06 3.7679729367340602e-05 2.4274876875260599e-05 0.00010220571035408345 5.369860655042775e-05 1.2124467734795048e-05 -4.753521460900911e-05 5.441718751271446e-05 3.8076423567625845e-05 1.8842110341498244e-05 6.6315611560252802e-05 6.3661635654064188e-05 4.7936553955987172e-06 5.7428255856874183e-06 -3.2422618718533996e-05 3.785602774801926e-05 6.4470935878838318e-05 4.6900333594705306e-06 -4.0460986320694229e-05 7.1153554623029931e-05 -4.3392505127090601e-05 6.7459395102491247e-06 -6.8027994154451325e-05 -1.9012009372407012e-05 1.0725494703067109e-05 -6.6830824964507794e-05 6.7203036863087688e-06
leaf_weight=853 447 57 261 43 68 38 55 59 35 148 35 34 237 319 1824 1774 147 312 111 187 130 52 236 35 593 39 68 1277 98 35 51 87 78 92 67 589 43 504 56 257 734 37 700 829 63 45 36 139 82 934 44 191 62 79 151 177 192 38 309 42 38 36 49 84 50 52 67 38 55 229 56 34 58 67 50 180 64 58 1746 85 36 34 144 42 154 769 42 67
leaf_count=853 447 57 261 43 68 38 55 59 35 148 35 34 237 319 1824 1774 147 312 111 187 130 52 236 35 593 39 68 1277 98 35 51 87 78 92 67 589 43 504 56 257 734 37 700 829 63 45 36 139 82 934 44 191 62 79 151 177 192 38 309 42 38 36 49 84 50 52 67 38 55 229 56 34 58 67 50 180 64 58 1746 85 36 34 144 42 154 769 42 67
internal_value=2.44878e-07 1.04498e-05 7.92829e-06 -8.34283e-06 -4.39554e-06 -1.84793e-05 -3.30027e-05 -2.92428e-05 -3.40812e-05 2.50429e-05 4.04757e-06 -2.86942e-05 2.53849e-06 3.23746e-05 2.89924e-07 -1.13051e-05 3.54365e-05 2.23093e-06 5.03911e-05 2.85701e-06 4.13918e-05 6.45936e-05 6.65714e-06 -1.73418e-05 -1.48458e-05 2.09702e-06 -1.52654e-05 -1.27057e-05 -4.72718e-06 -3.10442e-05 4.03255e-06 -3.92423e-05 -7.1986e-06 2.19996e-05 1.41986e-05 -2.40054e-05 -5.68787e-05 7.18653e-06 2.24276e-05 3.33182e-05 -4.11833e-06 7.32636e-05 8.90809e-06 -7.79676e-06 -2.34153e-05 -2.09078e-05 -8.74243e-05 4.5772e-05 6.32894e-05 -4.57207e-06 -1.39807e-05 -2.03238e-05 1.24549e-05 -3.32771e-05 -1.24479e-05 -1.11835e-05 -2.00097e-05 -5.83455e-05 -1.88608e-06 8.01406e-06 -6.6057e-06 2.37419e-05 3.2491e-05 5.02132e-05 7.1245e-05 1.9024e-05 9.33138e-06 -8.54613e-06 3.10214e-05 3.00696e-05 -1.32452e-05 3.20374e-06 3.34892e-05 -2.46749e-05 3.14111e-05 -1.83354e-05 4.98684e-06 7.78599e-06 5.91616e-06 -5.76068e-05 3.56556e-05 1.21036e-05 -2.28807e-06 -2.24538e-05 -3.00086e-05 1.53953e-05 -2.76251e-05 -2.49837e-05
internal_weight=20699 9464 8600 11235 8093 3142 889 851 792 1585 7015 721 6476 1104 5436 3969 864 4124 354 4449 717 182 2952 2062 1855 1947 380 2253 1907 133 3744 207 1355 539 1040 666 77 2708 336 535 1036 148 803 1086 257 898 71 278 139 1497 563 457 106 266 194 987 501 73 486 481 968 750 431 183 99 248 196 105 91 285 428 1908 206 769 84 372 2372 1868 1810 120 103 439 178 234 196 1005 702 660
internal_count=20699 9464 8600 11235 8093 3142 889 851 792 1585 7015 721 6476 1104 5436 3969 864 4124 354 4449 717 182 2952 2062 1855 1947 380 2253 1907 133 3744 207 1355 539 1040 666 77 2708 336 535 1036 148 803 1086 257 898 71 278 139 1497 563 457 106 266 194 987 501 73 486 481 968 750 431 183 99 248 196 105 91 285 428 1908 206 769 84 372 2372 1868 1810 120 103 439 178 234 196 1005 702 660
is_linear=0
shrinkage=0.0337242


Tree=38
num_leaves=89
num_cat=0
split_feature=4 19 52 4 36 49 4 31 0 36 21 26 22 2 42 7 50 19 31 52 31 36 13 18 31 12 48 4 52 22 31 31 31 12 2 10 39 1 27 19 31 43 2 30 48 1 52 38 43 31 12 49 0 43 23 12 48 49 52 31 31 19 1 2 3 0 31 31 12 47 0 27 8 36 31 1 1 3 30 39 1 50 19 50 10 38 15 52
split_gain=0.000563505 0.000295267 0.000274681 0.000268677 0.000263034 0.000213883 0.00020269 0.000177842 0.000168975 0.000163046 0.000158369 0.0001567 0.000154625 0.000224388 0.000146501 0.000132586 0.000183593 0.000131674 0.00012591 0.00011513 0.000113843 9.58137e-05 9.47582e-05 0.000123697 8.72332e-05 0.000119252 0.000113122 0.000113876 8.96364e-05 8.63294e-05 8.38996e-05 0.000118405 0.000154462 9.95371e-05 8.24953e-05 9.95252e-05 8.37945e-05 8.11024e-05 7.87108e-05 7.80951e-05 7.80007e-05 7.68601e-05 0.000156602 7.66275e-05 7.31982e-05 9.15349e-05 9.76264e-05 7.28493e-05 7.061e-05 7.91506e-05 6.93057e-05 6.83534e-05 6.82745e-05 6.45574e-05 6.42966e-05 7.88281e-05 6.41084e-05 6.2516e-05 6.18432e-05 6.17399e-05 7.39182e-05 6.08897e-05 6.5446e-05 9.82696e-05 6.08593e-05 5.95511e-05 5.87987e-05 8.79921e-05 5.86045e-05 6.3514e-05 5.82028e-05 7.30718e-05 5.86377e-05 0.000101182 5.73992e-05 7.3935e-05 5.72445e-05 5.57809e-05 5.46468e-05 5.40354e-05 5.40019e-05 5.29365e-05 6.52416e-05 5.23447e-05 6.79134e-05 5.2147e-05 5.19297e-05 5.18918e-05
threshold=-0.16163293572276552 0.98897092141542953 0.24342507069695665 -0.80723189552829433 -0.0032336318626450806 55.735493808674711 -0.0011235796257561194 163.50000000000003 126.50000000000001 0.002010052281560815 0.013569421749353225 -0.0020445902099726749 -0.90061864621395737 -0.15141291039988922 -0.0041819143680347217 0.047733753888696863 66.666666666666558 -1.0000000180025095e-35 122.50000000000001 0.43103014748747753 197.50000000000003 0.0031974440894568805 -0.19723682637344919 -0.057226417333908618 171.50000000000003 -0.95133587786259521 17.504710024377726 -0.056087116286957985 0.13594058942613049 -0.56720828789531075 24.500000000000004 105.50000000000001 84.500000000000014 -0.80057251908396931 -0.072888434290131573 -1.0479323308270674 -0.0031250076294132008 145.09562867053276 -480.18937629105625 -0.86858127919614947 229.50000000000003 0.0010487679863434576 0.032615414392844912 17.500000000000004 99.486737467780785 255.04151438920454 0.20672081706403328 -0.0034071649137470956 0.0016313213703099685 49.500000000000007 -0.26622137404580148 99.885259763333792 47.500000000000007 0.003192340421195317 1.0000000180025095e-35 -0.59446564885496167 57.17319964461462 77.670293913648834 0.1692036045110657 125.50000000000001 22.500000000000004 0.099585266693964072 158.35226978493978 0.010373046042077394 -0.40507948105137026 37.500000000000007 22.500000000000004 236.50000000000003 -0.93606870229007622 30.303030303029431 4.5000000000000009 -31.579136940931019 -1.7499999999999998 0.0019323689536455693 193.50000000000003 254.69325425706458 131.74414484993991 -0.24534106297901151 18.500000000000004 -0.0031529173183468813 620.24002739256991 66.666666666666458 1.5619776006284385 66.666666666666345 -1.1795112781954884 0.0027137092023094005 0.035035426249850427 0.20541864465659007
decision_type=2 2 2 2 2 2 2 2 2 2 2 10 10 2 2 8 2 2 2 2 2 2 10 8 2 10 2 2 2 8 2 2 2 10 2 2 2 2 8 2 2 2 2 2 2 2 2 2 2 2 10 2 2 2 8 10 2 2 2 2 2 2 2 2 2 2 2 2 10 2 2 10 10 2 2 2 2 2 2 2 2 2 2 2 2 2 10 2
left_child=3 4 29 7 52 10 11 15 9 18 19 21 -4 -14 -12 16 22 66 54 34 39 24 -1 -24 25 26 -6 -28 64 77 33 32 41 -13 36 47 -5 -33 -10 -20 -30 -32 48 -42 45 -18 -47 50 -43 -50 -36 -48 -2 78 57 86 65 -7 -41 60 -38 -27 63 -63 -26 -37 -8 -68 -40 -70 80 72 -72 -74 75 -61 -34 -3 -49 -16 -17 -59 87 -62 -85 -22 -56 -83
right_child=1 2 12 5 6 8 17 -9 38 -11 14 30 13 -15 79 70 44 -19 20 -21 85 -23 23 -25 28 61 27 -29 40 -31 31 37 76 -35 35 56 59 -39 68 58 43 42 -44 -45 -46 46 51 53 49 -51 -52 -53 -54 -55 55 -57 -58 81 -60 74 83 62 -64 -65 -66 -67 67 -69 69 -71 71 -73 73 -75 -76 -77 -78 -79 -80 -81 -82 82 -84 84 -86 -87 -88 -89
leaf_value=-3.2846040138601383e-05 3.6232675611549393e-05 3.5321363923383436e-05 1.7239695290094717e-05 3.5477417841316159e-05 -5.195636921728547e-05 -1.7054750266768071e-05 -7.596340106254115e-06 4.7579437425336912e-06 5.0425660202082191e-05 -2.6257743719419836e-05 -5.9462169942036932e-05 -5.2629108847358068e-05 0.00015417309019229099 3.5490714347816747e-05 -3.2577123720302439e-05 -8.5989321124498249e-06 -7.5174941622844381e-06 8.7005250663584559e-05 -4.0143530365218992e-05 6.5935226928623975e-05 -7.2092976843222179e-07 -2.2706839872825474e-05 -0.00013049127950046059 -4.5721635082178413e-05 -2.1542422423738443e-05 3.8563233683485294e-06 -2.9053711006511745e-05 3.1142235673902053e-05 -1.9753842350906389e-05 5.678090139747309e-05 5.5108681008818891e-06 1.2245574121069684e-05 3.500641742630592e-05 1.0467545064721773e-06 1.5725609854980128e-06 -1.7823813187878497e-05 -2.5686951065076382e-05 -2.5778607864165257e-06 -1.8581790241355419e-05 -9.7809010442195812e-06 -1.3313950556162589e-05 9.4392315844298646e-05 -2.3923804037646356e-05 1.5802019478695033e-05 -6.5321181127722067e-05 -1.5226318742057929e-05 -3.0901941086824735e-05 -9.7260944624761883e-07 0 6.6051189628423947e-05 4.9141783958622157e-05 -0.00010056265165607107 6.6049757319066577e-06 -3.0902863685161398e-05 -5.5560745854543061e-05 4.2701732554584374e-06 -2.1351111870942499e-06 1.3012969127368111e-05 -2.6006457670002754e-05 4.0011753769833284e-07 9.1862207165176384e-06 5.2886494121797293e-05 -5.9525563230768026e-06 3.9146655481963193e-06 7.7912775909800778e-06 -8.1767939177140875e-05 3.3919762938975354e-05 -5.937638125284259e-06 -1.4814640134359115e-05 1.4773020859975481e-05 -2.9560107948163668e-05 -2.032706392614744e-05 7.5887208903253488e-07 5.951097205046397e-05 1.1446647138302208e-05 -3.3516413154037819e-05 7.9964585431419402e-05 0 1.0758069966218014e-05 -3.6741236645634687e-06 -6.4082938352957592e-05 2.0817409931873995e-06 2.7917865239936892e-05 2.1832086040222619e-05 7.0428855096019556e-05 -2.7944074125172799e-05 -9.9972443218795318e-06 -1.7156522301890492e-05
leaf_weight=63 374 67 36 142 80 168 70 315 47 595 66 51 46 34 84 45 289 37 171 35 886 234 45 43 93 1945 79 65 645 53 430 903 113 157 76 42 45 768 100 822 244 35 39 177 46 95 36 1801 43 44 72 39 127 70 67 102 74 528 421 284 354 108 69 90 555 34 283 76 98 449 45 248 179 42 320 96 55 194 598 712 44 489 81 243 41 89 60 232
leaf_count=63 374 67 36 142 80 168 70 315 47 595 66 51 46 34 84 45 289 37 171 35 886 234 45 43 93 1945 79 65 645 53 430 903 113 157 76 42 45 768 100 822 244 35 39 177 46 95 36 1801 43 44 72 39 127 70 67 102 74 528 421 284 354 108 69 90 555 34 283 76 98 449 45 248 179 42 320 96 55 194 598 712 44 489 81 243 41 89 60 232
internal_value=0 6.70964e-06 3.39733e-05 -4.63909e-06 5.2301e-06 -2.69671e-06 3.63249e-06 -1.76511e-05 -7.39588e-06 -9.69386e-06 2.17945e-06 2.18807e-06 7.8557e-05 0.000104941 -1.09864e-05 -2.33346e-05 -3.3906e-05 2.51906e-05 -7.27594e-06 4.82461e-06 -1.2292e-05 -1.70146e-06 -6.68925e-05 -9.01683e-05 -4.93766e-07 3.58226e-06 -1.97657e-05 -1.21069e-06 -6.34315e-06 1.71951e-05 8.68857e-06 1.04692e-05 2.15576e-05 -1.16495e-05 4.30375e-06 7.949e-07 1.06069e-05 5.3748e-06 8.06401e-06 -1.84204e-05 -1.23761e-05 1.32236e-05 3.32223e-05 -8.43202e-07 -2.38513e-05 -1.94847e-05 -3.92602e-05 2.36002e-06 5.22826e-05 3.42308e-05 2.53675e-05 -6.84144e-05 2.89152e-05 9.41732e-07 -2.81147e-07 -1.69732e-05 -2.58669e-05 2.20605e-06 -1.53542e-05 7.98344e-06 1.52056e-05 5.9903e-06 2.11736e-05 3.11148e-05 3.43218e-06 -4.77023e-05 1.9634e-05 2.52127e-05 4.83733e-06 9.29542e-06 -1.16738e-05 -7.08046e-06 4.90638e-06 1.23618e-05 7.98546e-07 -7.91391e-06 5.03003e-05 8.7862e-06 1.91121e-06 -6.84562e-06 -3.71153e-05 4.71166e-06 -6.33014e-07 1.82414e-05 2.91882e-05 -3.30505e-06 -3.47958e-05 -3.9746e-06
internal_weight=20587 8419 430 12168 7989 10594 7488 1574 5405 4711 5189 7022 116 80 862 1259 656 466 4116 4327 2389 4384 151 88 4150 2436 224 144 1714 314 2638 2430 759 208 4292 2767 1525 1671 694 1414 1066 591 161 421 505 459 170 2617 122 87 148 75 501 2469 1727 229 150 1498 1243 1383 683 2212 267 198 648 76 429 359 647 547 603 514 266 221 700 380 168 261 2399 796 89 1330 802 638 284 975 127 721
internal_count=20587 8419 430 12168 7989 10594 7488 1574 5405 4711 5189 7022 116 80 862 1259 656 466 4116 4327 2389 4384 151 88 4150 2436 224 144 1714 314 2638 2430 759 208 4292 2767 1525 1671 694 1414 1066 591 161 421 505 459 170 2617 122 87 148 75 501 2469 1727 229 150 1498 1243 1383 683 2212 267 198 648 76 429 359 647 547 603 514 266 221 700 380 168 261 2399 796 89 1330 802 638 284 975 127 721
is_linear=0
shrinkage=0.0337242


Tree=39
num_leaves=89
num_cat=0
split_feature=20 20 19 35 20 1 48 52 7 11 37 19 19 22 19 1 1 54 40 27 24 20 4 2 1 20 19 11 52 19 52 50 1 5 19 20 15 52 48 6 40 6 0 20 1 20 32 15 42 20 10 2 40 45 4 52 9 15 42 22 19 17 1 18 17 20 54 45 4 16 24 10 19 37 49 52 22 48 18 37 1 1 10 20 15 18 37 0
split_gain=0.00141924 0.000487735 0.000461715 0.000365852 0.000269274 0.000258981 0.000354922 0.000318672 0.000271985 0.000213897 0.000210903 0.000193338 0.00017811 0.000176966 0.000200931 0.000174688 0.000162567 0.000156927 0.000145937 0.000138816 0.000136218 0.000129931 0.000172856 0.000111374 0.000110023 0.000109611 0.000112631 0.000109599 9.85021e-05 0.000116365 9.38018e-05 0.000112539 9.9051e-05 9.37228e-05 0.000110373 8.76288e-05 8.53233e-05 8.4545e-05 8.38556e-05 8.224e-05 9.37748e-05 8.09425e-05 7.98041e-05 7.88986e-05 7.82611e-05 7.77925e-05 0.000112713 9.07018e-05 7.95623e-05 7.56442e-05 0.000117482 7.33934e-05 7.11606e-05 7.64559e-05 7.09236e-05 7.07135e-05 7.01376e-05 6.95218e-05 6.9073e-05 6.84966e-05 6.77289e-05 6.67206e-05 6.49382e-05 6.42032e-05 7.3551e-05 6.79451e-05 6.37636e-05 7.67465e-05 6.29568e-05 6.22461e-05 6.20742e-05 7.84648e-05 6.18657e-05 6.17301e-05 6.16465e-05 6.62451e-05 6.4807e-05 6.0499e-05 5.93812e-05 5.8536e-05 5.84999e-05 7.04648e-05 5.84197e-05 5.70735e-05 7.5609e-05 5.65366e-05 5.59443e-05 5.55869e-05
threshold=1.112399732620321 14.455555555555557 0.24047916453992005 1.0000000180025095e-35 0.12055224790211432 131.19744600068279 83.085541850418949 0.23837809668605667 0.54856190229289103 -0.61545801526717547 -0.0032493928835392589 -0.039762375044041669 0.1498881560388661 -0.85850808692345926 0.13984918096694446 630.88568920756143 79.012095259468339 -18.482492439208695 -0.0015163010990021928 3.8269739105399476 -5000.2499999999991 0.48586238140923149 -0.40479959296738083 0.14612192752040218 1336.7604308772313 2.4921855921855927 0.0014741874814081515 -0.16507633587786255 0.32242932479907177 -9.9523453527353904 0.14620052415815857 49.999999999999716 60.945203375550221 -0.42966569665215454 5.9335644662959348 9.5879629629629655 0.026741425110144032 0.2725487618351583 61.4715105859459 -56.249999999999993 0.0034188134087614901 57.250000000000007 11.500000000000002 1.5658751205400196 251.91811166156495 42.708333333333343 1.0000000180025095e-35 0.029880499728408488 0.0012026462556696817 0.030816714150047487 -1.4859022556390979 -0.65578718341666786 -0.0030287741185823776 0.0048820211329149163 -0.45402510034484705 0.31201143981053708 -0.54484732824427462 0.035570054492828004 0.0020151138615469581 -0.98087947120587271 -0.039762375044041669 -0.41724569205113943 41.260131546932193 -0.57720347158770779 -0.27269535706971704 0.68214487396683621 1.0000000180025095e-35 0.0012099217979160139 -0.13220433602803999 0.89755639097744366 1001.0000000000499 -1.3242481203007512 0.76610532265769404 0.0024081887115248173 91.949449647262156 0.13341986583790297 -0.90822146178818974 49.118718762256115 0.090851510034599889 -0.0025300452879706277 1366.596529440327 987.89984635257895 -1.3919172932330823 2.6568921232876721 0.039423194921237373 -0.19019678814937027 0.001857011814526355 161.50000000000003
decision_type=2 2 2 2 2 2 2 2 8 8 2 2 2 10 2 2 2 2 2 10 10 2 2 2 2 2 2 10 2 2 2 2 2 2 2 2 10 2 2 8 2 8 2 2 2 2 2 8 2 2 2 2 2 2 2 2 10 8 2 8 2 10 2 10 10 2 2 2 2 2 8 2 2 2 2 2 10 2 8 2 2 2 2 2 10 8 2 2
left_child=3 2 10 4 18 7 8 23 13 30 41 28 45 49 -15 -8 19 -11 -1 -9 57 33 52 -5 39 51 68 44 29 -6 31 -4 -32 34 -13 66 -24 -29 80 -20 60 69 -40 72 70 47 79 -3 -49 -7 77 58 -23 82 -44 -42 -14 -12 -22 -38 -41 -26 -59 64 -30 -65 67 -28 -27 -2 71 -19 -34 -56 75 -64 -77 -51 -68 -47 81 -35 -54 -46 -85 -84 87 -70
right_child=1 12 9 5 11 6 15 16 -10 17 20 21 56 14 -16 -17 -18 27 24 -21 25 22 36 -25 61 26 35 37 63 -31 32 -33 43 38 -36 -37 59 -39 42 40 55 -43 54 -45 83 46 -48 48 -50 50 -52 -53 53 -55 73 -57 -58 62 -60 -61 -62 -63 74 65 -66 -67 78 -69 86 -71 -72 -73 -74 -75 -76 76 -78 -79 -80 -81 -82 -83 85 84 -86 -87 -88 -89
leaf_value=-8.8817638725389555e-05 1.9556792283052922e-05 6.5050554649295916e-05 -1.7311079200524523e-06 -1.6167618206635189e-05 -5.9149639871012545e-05 -3.9159817767096805e-05 -0.00013559576226207669 -0.00018226621028586871 5.2442612363801895e-05 -3.160649728725113e-06 -2.9078509690093769e-05 3.0857876129623481e-06 0.00011948653034878556 -1.0057698819557492e-05 -0.00010143007801600122 -2.6440485020208754e-05 -4.56924964966416e-05 9.2074249182547317e-05 1.6035684614993861e-05 -7.913708671440131e-05 8.9357061389625817e-06 5.5817138970605224e-05 -1.7353388127691012e-05 -8.284739018102955e-05 -2.417430836406985e-05 2.1564537446174904e-05 2.2508810621774385e-05 5.3437895079780094e-06 -4.0083264391025622e-05 -8.1490636485663566e-06 -4.459596450043586e-05 5.2886073103801056e-05 5.4924982014338741e-06 -1.3840256019878037e-05 6.1338545280019354e-05 7.0526243766242443e-05 -1.6683812945612746e-05 6.2841951691194835e-05 -1.425471831186797e-05 -5.2166474339591336e-05 -2.5400569580409243e-05 -1.009377167660617e-05 7.9526117507356459e-06 2.0205993186549141e-05 2.4015722160279269e-05 8.5107310751914323e-05 -8.8973136808707219e-06 1.2921239859620798e-05 5.564855046952293e-05 1.3804371148729809e-05 -1.4890307464312677e-05 -2.3483746453873101e-06 1.8430384120719652e-06 5.5530359378668174e-05 -4.4407463593499684e-06 -7.1256395971236103e-05 4.6514491902127262e-05 -3.4809994014363975e-05 6.2500890512739952e-05 3.5541975798270815e-06 -1.1412464651062201e-05 -8.2105227159880926e-05 -1.3774676968134831e-05 -6.3892770667308904e-05 2.9758069373436993e-06 -1.3860678350907943e-05 1.5865627871110502e-05 7.932716566281541e-05 6.377521626143206e-06 4.646575769054498e-05 0.00011656484929903419 3.9837530054791188e-05 -5.4358801810090704e-05 -5.046843892623291e-05 -1.4064336868571406e-05 4.6647427898988482e-05 3.6252024840971841e-06 7.9090137721834184e-05 -2.0552831496360943e-05 4.0411066889645701e-05 -4.9712035931416182e-05 2.3559572002639623e-05 -3.4899560459238035e-06 1.9890322734214412e-05 8.4659195176471139e-05 2.8484641344494982e-05 -1.7160932977873426e-05 -1.4626103779380551e-05
leaf_weight=34 306 49 71 170 53 34 36 35 85 81 195 299 34 70 48 36 44 62 88 34 158 52 311 36 56 240 193 116 77 1938 52 97 39 1344 43 41 210 41 430 50 163 65 784 162 123 44 44 614 56 38 66 2721 377 49 188 56 38 73 35 1938 1146 47 81 95 100 54 205 34 1836 161 34 92 35 42 210 74 98 35 66 271 51 58 75 38 60 273 141 153
leaf_count=34 306 49 71 170 53 34 36 35 85 81 195 299 34 70 48 36 44 62 88 34 158 52 311 36 56 240 193 116 77 1938 52 97 39 1344 43 41 210 41 430 50 163 65 784 162 123 44 44 614 56 38 66 2721 377 49 188 56 38 73 35 1938 1146 47 81 95 100 54 205 34 1836 161 34 92 35 42 210 74 98 35 66 271 51 58 75 38 60 273 141 153
internal_value=0 9.71871e-06 6.81534e-06 -8.06727e-06 -6.41027e-06 -3.0584e-05 -1.37571e-05 -5.39126e-05 -3.63128e-07 2.71257e-05 3.64021e-06 -4.06821e-06 3.03091e-05 -1.61197e-05 -4.80453e-05 -8.23607e-05 -9.9768e-05 3.96392e-05 -1.8977e-05 -0.00013285 1.96653e-06 -1.07993e-06 3.62772e-06 -2.82896e-05 -1.74383e-05 3.70178e-06 8.33597e-06 4.5935e-05 -1.24406e-05 -9.55524e-06 9.15879e-06 2.92285e-05 -2.21292e-06 -5.88428e-06 1.06926e-05 2.23046e-05 -8.18411e-07 2.09749e-05 -7.8746e-06 -1.50365e-05 -1.70372e-05 2.40776e-05 -2.04008e-06 6.71617e-06 5.528e-05 2.67459e-05 3.98458e-05 2.00706e-05 1.66368e-05 5.09753e-06 1.66185e-05 -8.91294e-07 1.69809e-05 1.42468e-05 3.04437e-06 -3.75677e-05 8.23161e-05 -1.17239e-05 1.91505e-05 1.53062e-06 -1.31971e-05 -5.15473e-05 -5.22987e-06 -2.97662e-05 -1.521e-05 -4.64091e-05 1.81405e-05 3.14449e-05 5.11834e-06 2.90407e-05 7.19691e-05 6.14956e-05 -2.15094e-05 -1.32661e-05 -3.57277e-07 1.06381e-05 2.26967e-05 4.64299e-05 6.63951e-06 4.69612e-05 -1.36064e-05 -1.22241e-05 1.13233e-05 4.06454e-05 6.05311e-05 2.13158e-05 3.21987e-06 4.71326e-06
internal_weight=20587 9339 8189 11248 10481 767 448 319 376 1103 7086 8841 1150 291 118 72 113 647 1640 69 6554 6524 3285 206 1606 5823 2909 566 2317 1991 456 168 288 3239 342 539 2459 157 2897 1503 1415 532 1444 236 409 1078 359 719 670 173 139 2914 826 774 1014 219 72 731 193 2148 1196 103 536 326 177 149 498 227 2370 467 188 154 74 230 463 253 172 73 271 315 1453 1402 725 221 98 348 2130 1989
internal_count=20587 9339 8189 11248 10481 767 448 319 376 1103 7086 8841 1150 291 118 72 113 647 1640 69 6554 6524 3285 206 1606 5823 2909 566 2317 1991 456 168 288 3239 342 539 2459 157 2897 1503 1415 532 1444 236 409 1078 359 719 670 173 139 2914 826 774 1014 219 72 731 193 2148 1196 103 536 326 177 149 498 227 2370 467 188 154 74 230 463 253 172 73 271 315 1453 1402 725 221 98 348 2130 1989
is_linear=0
shrinkage=0.0337242


Tree=40
num_leaves=89
num_cat=0
split_feature=25 4 52 16 31 4 31 31 4 30 31 13 19 51 13 49 55 55 19 15 22 4 31 31 7 51 52 53 19 19 54 19 22 55 0 53 7 15 19 48 54 29 4 55 13 52 31 52 22 55 10 54 7 0 48 50 4 43 22 29 5 51 7 16 16 48 31 4 54 16 4 19 48 19 10 19 50 0 52 10 5 0 55 22 30 31 5 55
split_gain=0.000666956 0.000389511 0.000242097 0.000182504 0.000152092 0.000144579 0.000139712 0.000160984 0.000134389 0.000121478 0.000120461 0.000119806 0.000114548 0.000128347 0.000110406 0.000105772 0.000104945 0.000159596 0.000103136 0.000100954 0.000118407 0.000136335 9.98614e-05 0.00026051 9.75147e-05 9.38237e-05 8.85396e-05 8.46485e-05 8.36195e-05 8.26663e-05 9.12568e-05 9.3539e-05 8.4316e-05 8.21677e-05 0.00010952 8.16104e-05 8.90498e-05 7.6475e-05 7.6451e-05 7.52335e-05 7.88444e-05 7.88254e-05 7.40685e-05 0.000133056 7.56104e-05 7.28334e-05 7.20047e-05 7.16387e-05 7.1491e-05 7.09165e-05 6.88715e-05 6.87745e-05 9.0197e-05 8.77903e-05 6.84733e-05 6.80881e-05 6.74994e-05 6.57201e-05 6.55938e-05 6.31406e-05 6.62922e-05 6.18068e-05 6.04562e-05 6.03183e-05 6.00109e-05 5.95853e-05 5.79161e-05 5.78598e-05 6.43463e-05 5.73125e-05 6.08138e-05 5.73826e-05 5.712e-05 0.000159976 5.85616e-05 5.6981e-05 9.29965e-05 8.53338e-05 9.80652e-05 7.95971e-05 6.74648e-05 8.9609e-05 7.37113e-05 6.57367e-05 5.65144e-05 8.90654e-05 6.10485e-05 5.59461e-05
threshold=-0.50262329198501032 -0.6947467352592005 0.30213559502178183 0.54605263157894746 50.500000000000007 -0.93329894284583614 123.50000000000001 228.50000000000003 -0.0077025269941771706 17.500000000000004 255.50000000000003 -0.20200343236362903 0.18827335120628066 18.994107744107044 -0.2418772946795005 6.9483139116450312 54266.500000000007 51176.000000000007 5.9335644662959348 0.030562494274702187 -0.55298214869159701 -0.15064446831364123 102.50000000000001 86.500000000000014 0.21951873775780623 -2.2885397280939885e-13 0.20541864465659007 70.68397550395504 -1.0698122138540211 0.76610532265769404 -10.228800252628558 0.31227700437951361 -0.95559386029713533 60813.000000000007 8.5000000000000018 78.096807648060249 1.6429384145638901 0.026741425110144032 -9.9523453527353904 70.426707356171974 12.988490204971983 18.500000000000004 -0.015058793600542708 110200.50000000001 -0.0015510925126110812 0.17072890755403744 22.500000000000004 0.21698582197887198 -0.90842382539511868 168083.00000000003 -1.3543233082706763 -21.737870116890324 0.29240839958520576 23.500000000000004 84.699061125988905 80.952380952381873 -0.49669992650799927 0.0012158059204204765 -0.99235178848234906 6.5000000000000009 -0.18957549747067098 77.777777777780571 0.43256351538195653 0.50469924812030087 0.46710526315789475 29.803162647129344 255.50000000000003 -0.00033212731075809817 -11.715113685475972 0.52537593984962416 -0.33934224659392836 -0.073883647029994379 75.02057868898963 4.6002721057025449 -1.7058270676691725 -0.2535610834522472 63.888888888889348 138.50000000000003 0.20541864465659007 -1.2866541353383454 0.014179300379511728 17.500000000000004 41333.500000000007 -0.77543546818355968 17.500000000000004 209.50000000000003 0.27608614288700939 13946.500000000002
decision_type=2 2 2 2 2 2 2 2 2 2 2 8 2 2 10 2 2 2 2 8 8 2 2 2 8 2 2 2 2 2 2 2 10 2 2 2 8 10 2 2 2 2 2 2 8 2 2 2 10 2 2 2 10 2 2 2 2 2 8 2 2 2 8 2 2 2 2 2 2 2 2 2 2 2 2 2 2 2 2 2 2 2 2 8 2 2 2 2
left_child=2 4 5 8 11 26 33 18 14 -9 16 24 42 -14 51 55 17 29 38 -15 66 -22 23 25 -2 -16 -1 39 84 30 -4 -32 -33 34 -7 36 58 -30 -8 40 41 59 44 67 -5 69 54 -46 -29 -48 -17 52 -3 -53 -35 -13 -31 -55 -36 -27 -61 63 -43 64 -25 -38 -21 68 -44 70 71 -40 73 -6 -74 80 -77 78 -78 83 81 -60 -82 -80 86 -86 -24 -41
right_child=1 3 10 12 72 6 7 9 -10 -11 -12 15 13 19 22 50 -18 -19 -20 20 21 -23 28 61 -26 27 -28 48 37 56 31 32 -34 46 35 -37 65 -39 45 87 -42 62 43 -45 47 -47 49 -49 -50 -51 -52 53 -54 57 -56 -57 -58 -59 75 60 -62 -63 -64 -65 -66 -67 -68 -69 -70 -71 -72 -73 74 -75 -76 76 77 -79 79 -81 82 -83 -84 -85 85 -87 -88 -89
leaf_value=-1.5353236008580954e-05 -2.2222862606288423e-05 -7.4511907730250455e-05 -7.7204507934562633e-06 7.6490301379979246e-06 -7.4032259998770244e-06 -1.0504445547549731e-05 -6.1805515817659563e-05 -8.2171678433506422e-06 1.684074494447803e-05 1.492183108501182e-05 2.0431572199773723e-05 -4.3439866010285329e-05 -9.3403785470114843e-07 -1.6509212035932497e-05 5.7182485621143025e-05 -0.0001122037963026549 -6.8349453818421487e-05 3.603914774418698e-05 3.4742228307232624e-05 2.7160951645643982e-05 3.1656831618404419e-05 0.00011854827722069326 -2.797690780024846e-05 5.7249131240212525e-05 4.17874774374084e-05 -5.1045477246048653e-06 -7.1653849946489085e-05 5.8329832673059589e-05 -1.6977037428538066e-05 -1.4999937485589968e-05 -2.5155980578360754e-05 -0.00010297649360509092 -3.9081440832204325e-05 -1.2611649403317232e-05 4.0207561186116291e-05 -1.6052427187770507e-05 9.8277129152354678e-06 4.8151654811601694e-06 -4.7528954574065778e-05 2.7710022540914994e-05 -2.9527659902000835e-05 0 5.6797230389751356e-06 -2.6735509179353229e-05 3.5434425434636515e-06 -2.0584462146271763e-05 -8.1503943612143011e-06 -6.1920957533052363e-05 0 3.7441760828639845e-05 -4.7169509895250353e-05 -1.4458836185468143e-05 -8.3941292837573223e-06 -1.902074342848235e-06 -7.5551448513829736e-05 9.8249773899569592e-06 3.4822816406358478e-05 3.8706972030310658e-05 8.6164567256035585e-05 -5.4904167479704506e-06 2.6801470705065403e-05 5.9841980377322335e-07 -3.4552727001620007e-05 6.5871132905699975e-05 1.3777945606296077e-05 7.3682217918614161e-05 -1.437749872624607e-05 6.3314556709013724e-05 3.1725756937514457e-05 5.9687966917903676e-06 -5.3826858791422645e-06 -1.5283192696685969e-05 1.6880860197877376e-05 -8.2516788697589694e-05 -7.2657181755983205e-06 -8.0208746537928347e-06 1.2524413900574542e-05 3.2668687812938833e-05 -1.4085882870456879e-05 2.1745070415613864e-05 -1.5527384280583532e-05 1.9249918456819027e-05 3.8409595044496266e-05 -7.0850002239193383e-05 -1.1040714542639881e-05 2.2816750756307419e-05 4.3366571053949461e-06 3.9842608346886792e-07
leaf_weight=87 124 42 293 2558 492 429 38 523 776 505 80 78 228 55 37 38 54 55 50 791 58 36 258 63 34 309 56 55 197 82 812 35 103 58 73 141 34 2369 79 170 124 121 186 60 36 903 450 35 40 42 52 430 62 114 34 38 49 71 36 102 216 48 117 100 104 42 37 45 295 256 811 423 209 35 246 449 545 166 88 42 75 77 46 35 311 123 83 186
leaf_count=87 124 42 293 2558 492 429 38 523 776 505 80 78 228 55 37 38 54 55 50 791 58 36 258 63 34 309 56 55 197 82 812 35 103 58 73 141 34 2369 79 170 124 121 186 60 36 903 450 35 40 42 52 430 62 114 34 38 49 71 36 102 216 48 117 100 104 42 37 45 295 256 811 423 209 35 246 449 545 166 88 42 75 77 46 35 311 123 83 186
internal_value=1.72673e-07 5.10579e-06 -7.31193e-06 7.19804e-06 -1.19956e-05 -4.46381e-06 -3.7036e-06 -8.14146e-06 3.63785e-06 3.05573e-06 -1.92639e-05 -3.06677e-05 1.25149e-05 2.14428e-05 1.87057e-06 -4.77097e-05 -2.14705e-05 -1.96313e-05 -1.26756e-05 2.67638e-05 2.94499e-05 6.59628e-05 3.61824e-06 1.00419e-05 -7.83671e-06 4.03046e-06 -3.8077e-05 2.59762e-06 1.43876e-07 -2.19301e-05 -2.46245e-05 -2.97364e-05 -5.59872e-05 1.82624e-06 4.74774e-06 8.33879e-06 1.04089e-05 3.10444e-06 -1.36587e-05 3.51855e-07 -4.35952e-06 -6.39859e-07 9.13854e-06 2.00635e-05 6.66662e-06 -1.28795e-05 -9.40413e-06 -2.73664e-05 3.33754e-05 -4.06191e-06 -7.57025e-05 -1.04718e-05 -3.6025e-05 -5.99339e-06 -3.69227e-05 -2.51578e-05 2.89822e-06 1.31606e-05 8.67424e-06 5.51591e-06 1.61397e-05 3.7922e-05 -1.72631e-05 4.42698e-05 3.07561e-05 4.63876e-05 2.5188e-05 2.55856e-05 2.18549e-05 -8.38342e-06 -1.12553e-05 -2.05503e-05 -4.97598e-06 -1.25752e-05 3.61335e-06 7.13569e-06 4.33567e-06 1.07794e-05 5.52553e-06 -1.70062e-05 2.25775e-05 4.14233e-05 4.17878e-06 -3.10242e-05 -9.53373e-06 -1.22245e-06 -1.98283e-05 1.3712e-05
internal_weight=20550 12394 8156 11048 1346 6593 6450 3588 6628 1028 1563 364 4420 1205 5852 206 1483 1429 2560 977 922 94 5133 1792 158 1477 143 1440 3341 1374 1243 950 138 2862 2278 1849 1708 2566 2510 1345 989 865 3215 586 2629 2472 584 71 95 492 90 719 104 615 92 116 131 185 1632 627 318 315 238 267 167 76 828 526 481 1569 1313 502 982 527 455 1559 1325 876 710 165 234 113 121 123 775 434 341 356
internal_count=20550 12394 8156 11048 1346 6593 6450 3588 6628 1028 1563 364 4420 1205 5852 206 1483 1429 2560 977 922 94 5133 1792 158 1477 143 1440 3341 1374 1243 950 138 2862 2278 1849 1708 2566 2510 1345 989 865 3215 586 2629 2472 584 71 95 492 90 719 104 615 92 116 131 185 1632 627 318 315 238 267 167 76 828 526 481 1569 1313 502 982 527 455 1559 1325 876 710 165 234 113 121 123 775 434 341 356
is_linear=0
shrinkage=0.0337242


Tree=41
num_leaves=89
num_cat=0
split_feature=20 20 19 20 31 20 31 20 19 19 31 31 40 4 31 31 5 9 52 31 20 18 52 31 17 53 15 53 18 52 21 5 15 20 54 31 19 0 31 31 4 15 53 54 44 49 31 5 53 31 0 42 54 51 2 40 24 20 52 4 24 2 31 20 23 19 4 0 54 43 17 20 50 19 31 51 0 31 52 54 42 22 52 2 53 18 50 18
split_gain=0.00135414 0.000482167 0.000406012 0.000344472 0.000251917 0.000243323 0.000205349 0.000195406 0.000184628 0.000177463 0.000174576 0.000143109 0.000142035 0.000124331 0.000136792 0.000123781 0.000117707 0.000116399 0.000113964 0.000166516 0.000113371 0.000112729 0.000104898 0.000136628 0.000114623 0.000104863 0.000104568 0.000202063 0.000140209 0.00011491 0.000103773 0.000102016 0.000101385 9.70513e-05 0.000114206 0.000180678 0.000112204 0.000178237 0.00011133 0.000102599 9.79275e-05 9.46266e-05 9.45826e-05 9.18799e-05 9.10207e-05 8.94686e-05 8.91199e-05 8.79694e-05 8.53308e-05 8.61902e-05 8.49677e-05 9.259e-05 8.33339e-05 8.16033e-05 8.0268e-05 9.46442e-05 9.24555e-05 7.9638e-05 8.36644e-05 7.94104e-05 9.90883e-05 7.7073e-05 7.60699e-05 7.5099e-05 7.25796e-05 7.23813e-05 7.13449e-05 7.11866e-05 8.40175e-05 7.01819e-05 6.97743e-05 7.89714e-05 6.87714e-05 6.84056e-05 6.66252e-05 7.01359e-05 6.59785e-05 6.35016e-05 7.64034e-05 6.19504e-05 7.19935e-05 6.14487e-05 6.13471e-05 6.08469e-05 6.05273e-05 0.000117298 5.98714e-05 5.88944e-05
threshold=0.72353976995991165 19.871212121212128 0.031664368741388678 0.055327558657808432 24.500000000000004 2.6568921232876721 4.5000000000000009 2.7312382739212011 1.9623125720919463 -0.26719045325551954 79.500000000000014 255.50000000000003 0.0040187559891038402 -0.41399315959070609 86.500000000000014 218.50000000000003 0.026874244107012561 -0.16316793893129769 0.2982229502139378 28.500000000000004 0.0075901601567000812 -0.017098475990093079 0.23185749465095642 44.500000000000007 -0.48189783798016433 61.022862947873357 0.41451460891717246 64.114040282841799 0.24881398516752251 0.21523617205139431 0.28298866060694616 -0.61821987536956724 0.029300073577979448 0.495432932932933 0.87146255782622817 16.500000000000004 3.617881993781737 22.500000000000004 120.50000000000001 195.50000000000003 -0.41985132002939679 0.01648742989833658 38.570486005919271 22.419183507279318 -0.0025723483307031332 73.719348240768667 18.500000000000004 -0.12343773782136137 39.419573222572247 65.500000000000014 20.500000000000004 -0.0057526419132085107 -3.1935991859234227 3.7037037037045599 -0.402942311071881 0.0027991616226910048 -1250.5000000000352 5.6957070707070718 0.16771774418257981 -0.86929730340889799 -30000.499999999996 0.044006637015555246 198.50000000000003 1.112399732620321 0.099999999999999659 -9.9523453527353904 -0.0014062411668268411 124.50000000000001 0.14111901064123164 -0.0021668497807326155 -0.17870125215763141 42.708333333333343 2.4276876805136765e-13 -1.1348786630817498 113.50000000000001 22.222222222221376 31.500000000000004 206.50000000000003 0.34886973641768743 0.0061980100935974548 -0.0016194342601480447 -0.96568157033805879 0.28301800993058407 -0.4329296338489001 28.293101118280216 -0.0093232743723493713 33.333333333333371 -0.20817405983718604
decision_type=2 2 2 2 2 2 2 2 2 2 2 2 2 2 2 2 2 10 2 2 2 10 2 2 8 2 8 2 10 2 2 2 10 2 2 2 2 2 2 2 2 10 2 2 2 2 2 2 2 2 2 2 2 2 2 2 10 2 2 2 10 2 2 2 10 2 2 2 2 2 8 2 2 2 2 2 2 2 2 2 2 10 2 2 2 8 2 8
left_child=3 2 7 10 8 13 -3 26 12 18 20 70 16 82 67 22 87 41 21 -20 -1 74 24 25 -9 76 28 42 45 -30 47 -16 59 34 35 -34 44 -38 79 -40 -35 -7 -28 72 -36 50 -44 -22 49 -21 51 -2 73 -23 55 56 -47 58 65 -11 -61 -49 -46 81 -12 -26 -25 68 -15 -55 86 -72 -43 -17 75 -5 -24 78 -42 80 -37 -33 -6 -70 85 -74 -8 -4
right_child=1 6 4 9 5 17 11 15 -10 32 64 -13 -14 14 31 52 -18 -19 19 48 30 53 23 66 57 -27 27 -29 29 -31 -32 63 33 40 36 38 37 -39 39 -41 77 43 46 -45 62 54 -48 61 -50 -51 -52 -53 -54 69 -56 -57 -58 -59 -60 60 -62 -63 -64 -65 -66 -67 -68 -69 83 -71 71 -73 84 -75 -76 -77 -78 -79 -80 -81 -82 -83 -84 -85 -86 -87 -88 -89
leaf_value=-9.4939364731428755e-05 6.1721660165898795e-05 8.1183969849525246e-05 -2.8719558629579908e-05 -2.3683047813521839e-05 2.8019811905216944e-05 -5.561258450997789e-06 2.7779371956787259e-05 5.3548797656010053e-05 5.0952871536923647e-05 2.5837076992580721e-05 -1.2172719104777547e-05 -1.0200521891190194e-05 -8.9299418645508478e-05 6.3139980184336964e-06 5.5033874400879339e-05 -2.735367450081538e-05 -4.7008985821471738e-05 2.9565852152109532e-06 2.1477509474405571e-06 -0.00011965690736607527 -6.099836556922857e-05 9.6029074051649779e-06 1.2817538562506175e-05 2.8761059594712938e-05 -3.7395440974227732e-05 4.0537472612291345e-05 -1.7009514200509045e-05 1.6707968477609762e-05 3.1250252533072936e-06 5.7879530846554369e-05 -8.1020637292256991e-05 -1.4087383128065085e-05 -8.2718243352499654e-05 1.5215149733699419e-05 4.510637783024414e-05 -2.3137649684127889e-05 0 7.0998317010646466e-05 -2.8322458113260167e-05 -6.1399603338754938e-06 -4.9595546512096693e-06 3.8699094806160908e-06 -9.2141406979847783e-05 8.7267637893737116e-05 -9.13576293207231e-06 -5.0108636848997822e-05 -1.9984863788251864e-05 -7.5945822557395553e-06 -3.344008833829167e-05 -4.5931827770499001e-05 -6.5638268647581188e-06 5.0170939328970733e-06 6.7147404907080141e-06 -7.8961588571411706e-05 -1.2798553872301071e-05 3.8228939915858341e-05 4.0307590620298185e-06 1.3213178558458638e-05 -1.6967333239596259e-05 -5.5461016645804719e-05 -1.3542636338889175e-05 -6.0675490025433531e-05 6.5282264169482141e-06 1.9119767963926339e-05 -5.6973791332757295e-05 8.700691302399146e-06 7.5352587707310219e-05 2.2311724746179839e-05 -4.9382553089603269e-06 -3.0130559434828507e-05 1.5780861838827085e-05 4.2074235630869543e-05 9.7728226226164277e-05 6.083436611112681e-07 -2.1918843444424637e-05 9.6349037286324387e-06 -3.3927436426455605e-05 1.0954235600297486e-05 -5.4382894226185709e-05 -3.5324597219071183e-05 9.8856812701473474e-06 9.3769584606073741e-06 7.747410851874462e-05 -4.8074819140398626e-05 3.6552127234910113e-05 2.4673610311073881e-05 8.4215442573370793e-05 1.9041900360723378e-05
leaf_weight=51 34 88 42 93 238 38 47 59 41 52 467 103 35 104 68 221 82 102 68 42 80 42 53 393 41 52 86 91 108 78 59 148 42 532 42 90 121 61 533 451 747 54 62 62 1319 42 34 169 86 42 969 1310 409 45 1379 77 234 797 274 70 1125 40 474 978 47 568 45 64 67 198 329 236 66 169 200 310 87 289 38 50 428 802 36 102 249 47 53 94
leaf_count=51 34 88 42 93 238 38 47 59 41 52 467 103 35 104 68 221 82 102 68 42 80 42 53 393 41 52 86 91 108 78 59 148 42 532 42 90 121 61 533 451 747 54 62 62 1319 42 34 169 86 42 969 1310 409 45 1379 77 234 797 274 70 1125 40 474 978 47 568 45 64 67 198 329 236 66 169 200 310 87 289 38 50 428 802 36 102 249 47 53 94
internal_value=1.65728e-07 7.44336e-06 5.56693e-06 -1.01338e-05 1.5054e-05 1.7792e-05 3.18622e-05 1.20281e-06 -1.46512e-05 -7.76235e-06 -2.97425e-05 2.60848e-05 -2.56647e-05 1.32239e-05 1.06402e-05 7.62948e-06 -1.50047e-05 3.69056e-05 -2.01508e-05 -4.10975e-05 -4.66144e-05 -1.44279e-05 1.1511e-05 2.33697e-05 7.1593e-06 0 -3.29609e-06 -2.35579e-05 -1.96587e-06 2.66063e-05 -3.92546e-05 1.40148e-05 -5.58939e-06 -3.49989e-06 -6.57652e-06 -1.33292e-05 -1.19209e-06 2.39933e-05 -1.13891e-05 -1.82537e-05 3.35756e-06 4.34291e-05 -4.4222e-05 4.7526e-05 -3.74273e-06 -3.30359e-06 -6.75929e-05 -3.03934e-05 -5.89642e-05 -8.39452e-05 9.98957e-07 6.52351e-06 -3.75808e-06 -3.19853e-05 -9.10525e-06 5.0489e-06 -3.85765e-06 5.4726e-06 -1.40461e-06 -1.42536e-05 -1.6079e-05 -1.82161e-05 -4.9409e-06 1.25179e-05 -1.64574e-05 5.43862e-06 3.37686e-05 -9.06004e-06 -1.67687e-05 -3.95711e-05 3.18503e-05 2.69347e-05 4.13706e-05 -1.4989e-05 -5.96928e-06 1.70629e-06 -1.55407e-05 -2.42604e-06 -7.47516e-06 3.32978e-07 3.96143e-06 5.61971e-06 3.48703e-05 -3.15453e-05 4.66976e-05 6.81981e-05 5.86571e-05 3.58131e-06
internal_weight=20550 12047 11191 8503 3519 3225 856 7672 294 7590 913 768 253 2607 2333 3168 218 618 1126 238 399 888 2369 630 1739 192 4504 273 4231 186 348 1996 6464 5217 3611 1594 2017 182 1552 984 1606 516 182 478 1835 4045 96 289 170 84 2313 1344 799 285 1732 353 276 1680 883 1247 1195 209 1793 1928 514 609 438 337 273 243 665 565 416 390 603 403 140 1074 785 568 518 950 274 169 362 113 100 136
internal_count=20550 12047 11191 8503 3519 3225 856 7672 294 7590 913 768 253 2607 2333 3168 218 618 1126 238 399 888 2369 630 1739 192 4504 273 4231 186 348 1996 6464 5217 3611 1594 2017 182 1552 984 1606 516 182 478 1835 4045 96 289 170 84 2313 1344 799 285 1732 353 276 1680 883 1247 1195 209 1793 1928 514 609 438 337 273 243 665 565 416 390 603 403 140 1074 785 568 518 950 274 169 362 113 100 136
is_linear=0
shrinkage=0.0337242


Tree=42
num_leaves=89
num_cat=0
split_feature=20 20 19 20 17 19 1 35 37 29 48 45 1 19 11 29 50 20 10 9 35 29 1 18 19 9 17 40 30 53 0 19 20 18 29 20 52 19 20 53 19 40 1 48 16 1 9 20 19 1 41 35 12 41 44 19 2 9 27 10 52 52 50 0 53 18 4 1 19 3 53 19 4 3 52 29 22 3 48 53 22 2 1 42 42 17 52 1
split_gain=0.00113998 0.000547866 0.000361698 0.000351331 0.000223539 0.000183043 0.00016113 0.000148334 0.00014785 0.000141321 0.000142129 0.000131365 0.000126221 0.000125839 0.000117623 0.000176182 0.000202886 0.000193081 0.000118563 0.00011667 0.000111165 0.000228363 0.000176204 0.00010786 0.000110419 0.00010692 0.000104548 0.000102657 0.000101463 0.000113301 0.000100231 9.80866e-05 9.72962e-05 9.64087e-05 9.55056e-05 9.44841e-05 0.000103866 9.35987e-05 0.000136308 0.000110175 9.28482e-05 0.000117318 9.08498e-05 9.0612e-05 9.03321e-05 8.98804e-05 8.60684e-05 8.56652e-05 0.000121148 8.54118e-05 8.64835e-05 8.37065e-05 0.000137625 9.7526e-05 8.21789e-05 8.17309e-05 7.92181e-05 7.80406e-05 7.7769e-05 7.60591e-05 9.13055e-05 7.4601e-05 7.37974e-05 7.16317e-05 7.14042e-05 7.12068e-05 7.08318e-05 6.87056e-05 7.98544e-05 6.74106e-05 6.69827e-05 6.67185e-05 7.19955e-05 6.66975e-05 0.000101889 6.63384e-05 6.60272e-05 8.05684e-05 6.71913e-05 7.11399e-05 6.45235e-05 6.37193e-05 6.27018e-05 0.000105399 6.37804e-05 6.10558e-05 6.07951e-05 5.84277e-05
threshold=0.72353976995991165 13.455555555555557 0.019665043742746139 0.030816714150047487 -0.26893595857347646 0.11833879549232408 61.458900269820383 1.0000000180025095e-35 -0.003430541825542532 1.5000000000000002 39.522265792770433 -0.003925420855965144 630.88568920756143 0.3434908456261781 -0.70133587786259521 10.500000000000002 50.000000000000277 0.2813176406926407 -1.1719924812030071 -0.75381679389312961 1.0000000180025095e-35 12.500000000000002 32.663509160881958 -0.051223403906986646 4.0465208089923985 -0.08206106870229006 -0.56800927415815794 0.0043149996276160571 16.500000000000004 49.594424311031567 102.50000000000001 0.50607482713051521 0.23891518019657812 -0.15762292909768946 22.500000000000004 2.0706476530005946 0.18015889627939699 -0.79577957739444105 2.3864055299539175 99.488671599218307 1.1037102318066874 0.0019550360812132799 114.42232017728261 70.808379304414004 0.47368421052631587 269.05003004372566 -0.16603053435114501 0.13256584685156117 -0.79577957739444105 82.318141283958823 0.0024345718087550598 1.0000000180025095e-35 -0.75667938931297696 -0.0020060200722730177 0.0020335541605670531 2.2095830421200167 -0.4329296338489001 -0.45706106870229002 97.821606864806895 -1.0028195488721801 0.19659859071422126 0.37535572775153481 100.0000000000004 159.50000000000003 60.631287642909534 0.3142911533971387 -0.26816807055232056 1336.7604308772313 -0.57818794733429957 0.02314935320475053 34.259594968236414 -33.960337751369018 -0.0032435411837865333 -0.33838439903660744 0.27988993496199205 13.500000000000002 -0.95099729130755961 -0.53142410218628899 56.440193182536987 18.683977052673402 -0.84749224713740445 0.43950810088274167 42.538543221903957 0.0024405134161230584 0.001028277906775066 -0.43876166583774606 0.18621922877603661 633.74337829107844
decision_type=2 2 2 2 10 2 2 2 2 2 2 2 2 2 10 2 2 2 2 8 2 2 2 10 2 8 8 2 2 2 2 2 2 10 2 2 2 2 2 2 2 2 2 2 2 2 10 2 2 2 2 2 8 2 2 2 2 10 8 2 2 2 2 2 2 10 2 2 2 2 2 2 2 2 2 2 10 2 2 2 10 2 2 2 2 10 2 2
left_child=3 2 8 7 28 27 13 -1 25 10 -4 33 31 32 18 26 17 -17 73 -12 37 44 -23 24 54 -2 -16 47 29 -3 58 -9 62 -11 -34 36 82 39 56 71 41 -38 -29 -6 -22 -42 51 48 -5 50 -40 53 -53 -37 -18 -55 -39 -21 -24 67 -61 -56 -7 -50 69 -58 -54 68 81 -15 -46 -10 76 74 -8 -66 -73 80 79 -79 -78 85 83 -13 -84 -49 -25 -83
right_child=1 4 9 5 43 6 14 12 20 11 19 35 -14 64 15 16 23 -19 -20 57 21 22 30 86 -26 -27 -28 42 -30 -31 -32 -33 34 -35 -36 46 40 38 49 -41 45 -43 -44 -45 70 -47 -48 59 63 -51 -52 52 66 55 61 -57 65 -59 -60 60 -62 -63 -64 -65 75 -67 -68 -69 -70 -71 -72 72 -74 -75 -76 -77 77 78 -80 -81 -82 87 84 -85 -86 -87 -88 -89
leaf_value=-2.6519859517698316e-05 2.97490102672794e-05 3.9484176004180079e-05 -1.1867967904875414e-06 -8.3156881070518899e-05 1.7174536662242293e-05 -4.6623004464208724e-06 3.8298243087425597e-06 -5.7847306567493115e-05 -3.8937625468002894e-05 5.5078335304089165e-05 1.0883019020898637e-05 1.5145014025171656e-05 -2.0649012616313201e-05 2.5542469659640023e-05 4.8866707586627796e-05 -0.00010882528690240815 -1.1511665278654173e-06 -2.7284645280349931e-05 6.2808708380076249e-05 0.00010083978405485341 -2.3651036091709727e-05 0 -5.1461310031313123e-05 -2.3977728734145138e-05 5.0389141126985459e-05 -9.7173035669318393e-06 -6.3771827487822241e-06 -9.710355777472089e-06 4.0915658273002484e-05 0.00012600495686656481 -8.2368403829617351e-05 -0.00014206335588777191 4.6364935234450835e-06 0 4.5487132274209686e-05 -2.019619218814416e-06 -3.2241028204855818e-06 1.2024882991550554e-05 8.3385567614743692e-06 -4.9648660698523896e-05 5.078572266673795e-05 -4.3042285491603305e-05 -8.5541371324951567e-05 5.4672055869276972e-05 0 -5.8647642607359002e-06 -5.3800537499917445e-06 0 -2.4527037630997481e-05 2.6349699678421353e-05 -3.5752441909059407e-05 -4.9800603408393887e-05 5.7720899901748005e-05 2.7868696551612991e-05 -6.6058539108982144e-05 7.5602338601843164e-05 -6.511013308264677e-06 4.3694428682598458e-05 8.6970153922146736e-06 -1.1705726394620785e-05 -4.5440590436811292e-05 -1.1773382399869891e-06 -4.5049524836018607e-05 2.059255992123626e-05 3.8100068652447725e-05 3.4433938009160519e-05 -1.2151606169311009e-06 1.3149833658062695e-05 -6.8808215195985745e-06 7.4918852810269455e-05 5.8238328738348975e-05 4.9381614919973141e-06 1.8927753423762953e-05 -5.133663856985997e-06 6.1943619961804549e-05 -7.5539572443159445e-06 -6.3193380303827482e-05 2.7334272049066461e-05 3.344908428261701e-06 -1.3774613748010158e-05 -6.2208666044010883e-06 2.2917365513371138e-05 9.7993163156255503e-06 7.0322500978442184e-05 -1.1877702047919891e-05 -3.5440168598758489e-05 -7.5714616435666049e-05 -2.9420392753457584e-05
leaf_weight=379 301 35 74 39 914 353 163 40 62 127 57 527 41 109 40 60 226 83 36 59 41 107 69 84 35 101 1168 37 179 44 85 34 444 54 78 110 579 354 1263 63 63 100 42 83 41 59 148 63 410 312 52 46 37 579 52 47 1777 67 34 274 146 38 62 42 56 49 54 159 2412 51 58 559 153 634 45 96 54 49 512 928 46 59 721 44 193 296 44 41
leaf_count=379 301 35 74 39 914 353 163 40 62 127 57 527 41 109 40 60 226 83 36 59 41 107 69 84 35 101 1168 37 179 44 85 34 444 54 78 110 579 354 1263 63 63 100 42 83 41 59 148 63 410 312 52 46 37 579 52 47 1777 67 34 274 146 38 62 42 56 49 54 159 2412 51 58 559 153 634 45 96 54 49 512 928 46 59 721 44 193 296 44 41
internal_value=2.03477e-08 6.68072e-06 4.22262e-06 -9.45836e-06 2.77865e-05 -7.73391e-06 -2.55429e-06 -3.71087e-05 -2.52648e-07 1.26971e-05 3.69893e-05 1.08795e-05 -7.11651e-05 7.4282e-06 -7.19417e-06 -1.20728e-05 -2.66871e-05 -6.21735e-05 2.8642e-06 5.29548e-05 -1.46359e-06 -1.79503e-05 -3.4892e-05 -1.58912e-05 -5.90594e-06 1.95929e-05 -4.4679e-06 -1.28083e-05 5.59822e-05 8.88966e-05 -5.45556e-05 -9.78475e-05 1.14309e-06 3.90228e-05 1.09258e-05 9.3099e-06 5.43936e-06 -2.97482e-07 2.98509e-06 -5.4885e-06 -4.26237e-06 -9.2307e-06 -5.12492e-05 2.03932e-05 1.70579e-05 2.25969e-05 1.78813e-05 -1.20132e-05 -2.53245e-05 1.03833e-05 6.52153e-06 2.19355e-05 -1.61148e-06 2.64499e-05 -1.24471e-05 3.1607e-05 -2.49205e-06 7.12202e-05 -3.06648e-05 -1.00907e-05 -2.36628e-05 -3.97383e-05 -1.0929e-05 -2.01207e-05 2.59939e-05 -5.35934e-06 2.16857e-05 -8.17757e-06 -9.39238e-06 4.18853e-05 3.48935e-05 -4.27024e-06 -3.29412e-06 1.86447e-07 1.68673e-05 8.63006e-06 -4.92197e-06 -8.45153e-06 -6.40534e-06 -1.16139e-05 -3.79526e-05 -2.23798e-05 1.07375e-05 1.95662e-05 5.11625e-06 -2.90201e-05 -4.25175e-05 4.92297e-07
internal_weight=20541 12070 10815 8471 1255 7977 3957 494 7070 3745 257 3488 115 1249 2708 1830 622 143 878 183 6668 435 295 479 351 402 1208 4020 258 79 188 74 937 181 522 3307 2286 6233 3807 2426 801 679 79 997 140 122 1021 3941 491 1627 1315 873 137 736 316 626 2180 126 103 3450 420 90 415 452 312 1826 91 3030 2871 160 99 2363 2301 842 208 152 2148 1589 1489 977 100 459 1485 571 914 359 128 100
internal_count=20541 12070 10815 8471 1255 7977 3957 494 7070 3745 257 3488 115 1249 2708 1830 622 143 878 183 6668 435 295 479 351 402 1208 4020 258 79 188 74 937 181 522 3307 2286 6233 3807 2426 801 679 79 997 140 122 1021 3941 491 1627 1315 873 137 736 316 626 2180 126 103 3450 420 90 415 452 312 1826 91 3030 2871 160 99 2363 2301 842 208 152 2148 1589 1489 977 100 459 1485 571 914 359 128 100
is_linear=0
shrinkage=0.0337242


Tree=43
num_leaves=89
num_cat=0
split_feature=16 39 16 31 13 5 2 31 51 31 16 52 13 31 52 7 45 53 22 21 30 6 54 13 23 11 31 31 55 31 16 55 51 40 6 24 13 22 5 55 7 26 17 52 31 2 51 21 24 17 31 55 27 39 51 53 16 13 45 42 27 55 16 9 16 53 11 9 31 24 13 12 31 16 38 24 7 31 30 31 31 52 55 55 45 23 16 30
split_gain=0.00042294 0.00018652 0.000170347 0.000160926 0.000148651 0.000130518 0.000134461 0.00011566 0.000123813 0.000136832 0.000130443 0.000129579 0.000116438 0.000112702 0.000110834 0.000107277 9.79826e-05 9.55398e-05 9.49838e-05 9.4729e-05 9.35791e-05 9.16744e-05 9.08815e-05 8.42457e-05 0.000111463 8.027e-05 8.01479e-05 7.71089e-05 7.56409e-05 0.000267412 7.5464e-05 7.09929e-05 6.93051e-05 6.82899e-05 8.28682e-05 6.83288e-05 6.81004e-05 6.76721e-05 7.16408e-05 6.6093e-05 6.45101e-05 8.55958e-05 6.94179e-05 7.60195e-05 0.000119395 6.38159e-05 7.91219e-05 6.36637e-05 6.15078e-05 6.07653e-05 6.02731e-05 7.85255e-05 7.35177e-05 5.90077e-05 5.63626e-05 5.63144e-05 5.63056e-05 5.2854e-05 6.3784e-05 5.27671e-05 5.19671e-05 5.00654e-05 6.81795e-05 6.99225e-05 5.10149e-05 5.69474e-05 9.25731e-05 6.48914e-05 4.85764e-05 4.85637e-05 4.84608e-05 5.50993e-05 4.81419e-05 7.44294e-05 6.64245e-05 4.78177e-05 4.76383e-05 6.688e-05 6.25372e-05 8.61587e-05 7.62661e-05 7.33095e-05 5.49814e-05 5.98458e-05 4.7064e-05 4.69049e-05 4.64841e-05 4.60778e-05
threshold=0.4953007518796993 0.0031662277946346022 0.87124060150375948 26.500000000000004 -0.42532476473867681 -0.39737006415777093 0.2108733833113158 125.50000000000001 6.7698932879365107e-13 62.500000000000007 0.61748120300751885 0.20851911280123658 -0.22665709612633242 197.50000000000003 0.24870785137133392 0.050012962322848263 -0.0037854904658183304 41.150790272187628 -0.42326063249727369 -0.91976522870837496 18.500000000000004 54.750000000000007 -30.593597602763296 -0.069352989380495292 0.30000000000000077 -0.025763358778625952 199.50000000000003 100.50000000000001 6668.0000000000009 32.500000000000007 0.51973684210526327 2860.0000000000005 88.888888888887365 0.0034782713898567912 -49.749999999999993 -5000.2499999999991 -0.060549876743889237 -0.95559386029713533 0.035427051848329852 56065.500000000007 0.83760549890540392 -0.0095925323746675218 -0.17870125215763141 0.19789757648351206 33.500000000000007 -0.10057507173619488 72.222222222221475 -0.82939832532648594 499.99999999993611 -0.0018248442116965563 125.50000000000001 5324.5000000000009 507.60101640405543 0.0032388685202960903 59.259259259257547 38.206690331664106 0.42293233082706772 -0.28346273769621894 0.0056617155038045661 -0.0034423509894537237 0.090534192197844449 5571.5000000000009 0.042293233082706772 -0.020992366412213737 0.46898496240601512 43.591332525695712 -0.23950381679389313 -0.28912213740458009 216.50000000000003 5500.5000000000082 -0.10035323119084881 -0.50286259541984724 24.500000000000004 0.50469924812030087 -0.0013708025630907448 499.99999999998948 0.21618994123746976 100.50000000000001 17.500000000000004 84.500000000000014 68.500000000000014 0.18621922877603661 50533.000000000007 57401.000000000007 0.0038697198477569699 -0.74999999999999989 0.54605263157894746 17.500000000000004
decision_type=2 2 2 2 10 2 2 2 2 2 2 2 10 2 2 10 2 2 8 2 2 8 2 8 10 8 2 2 2 2 2 2 2 2 10 10 10 10 2 2 8 10 10 2 2 2 2 2 10 8 2 2 10 2 2 2 2 10 2 2 10 2 2 8 2 2 8 10 2 10 10 8 2 2 2 10 10 2 2 2 2 2 2 2 2 10 2 2
left_child=1 40 4 15 26 6 32 8 27 10 22 -12 -13 16 48 -3 -9 -14 57 -18 -15 23 -10 49 -25 28 59 70 29 31 54 -24 -5 34 -7 53 -23 -31 -39 75 41 -1 43 55 56 46 85 -30 -4 60 51 -50 -52 -36 -22 -43 -45 -11 76 -2 -16 62 -47 -64 65 66 -63 -68 -41 -53 -6 -72 73 -49 -75 -32 82 78 81 80 -80 -78 -59 -84 -61 -42 -76 -74
right_child=2 3 14 5 7 33 -8 13 9 18 11 12 17 20 21 -17 19 -19 -20 -21 30 36 25 24 -26 -27 -28 -29 47 37 39 -33 -34 -35 35 -37 -38 38 -40 68 45 42 -44 44 -46 61 -48 72 50 -51 52 69 -54 -55 -56 -57 -58 58 -60 84 -62 64 63 -65 -66 -67 67 -69 -70 -71 71 -73 87 74 86 -77 77 -79 79 -81 -82 -83 83 -85 -86 -87 -88 -89
leaf_value=-1.4289781014883732e-05 -5.2400820295330366e-05 -9.4451114821833554e-05 -7.7745695717352116e-07 1.3786971016217074e-05 6.9284771151528833e-05 3.6293599931311341e-05 -3.8901438509896308e-05 2.4452338706203078e-05 -3.9874698166939854e-05 -2.1256386956945072e-06 3.0356854186532355e-06 0 -2.8737152562201e-05 5.1102958929240555e-07 6.4613018355265197e-05 -2.9552743458682849e-05 3.9510074493923535e-05 -0.00010452669584941704 5.9182988905163666e-05 -8.6803133482190438e-06 7.4348906142419034e-05 1.5031961876623866e-05 5.0666454854938253e-05 1.0678583499684536e-05 8.5586691899876345e-05 4.6700411262692104e-05 5.2952904006139962e-06 -2.4622289673948535e-07 -1.9892625267755075e-05 -7.8160838531495295e-05 -2.6033625489021685e-06 0 7.0249777523309474e-05 -2.8561419224964391e-05 -6.8506072153965065e-05 -2.4926522401049057e-06 -4.269997292144029e-05 -5.8505339547900033e-05 -1.8776068573190831e-06 6.6921673910915074e-05 3.678098286643815e-05 -8.8766543318660756e-06 1.6244185236313964e-06 -2.2476040493323023e-05 -1.033505436155178e-05 2.7358456800172003e-05 3.19803857374014e-05 4.064444293361726e-05 4.5001502300432054e-05 -1.6968823747621998e-05 1.0984209401985225e-05 1.7918668198465346e-05 -1.51056666601468e-05 -1.6788829856422772e-05 2.3659826096530302e-05 2.7840996941094964e-07 -7.8227850112672147e-05 4.0493535034843917e-07 5.4623283333387671e-05 -9.2164688913849084e-06 2.1981300123704977e-05 -5.9547402642418646e-06 -1.1828707465352681e-05 -6.357665073540442e-05 1.5164516481506063e-05 -1.4658100712802988e-05 6.099958238534579e-05 2.0185309221155636e-06 1.6858109143992218e-05 -1.5521622332459003e-05 5.6198732528409438e-05 0 3.0549041903460514e-05 2.6037182128303546e-05 -3.0804045413894682e-05 3.0860460865314836e-05 2.8419112239354868e-05 4.8642367698791438e-06 4.0088916978943616e-05 4.0339090682659178e-05 -1.7647070993408403e-05 7.9664876816630561e-05 4.5767184450653879e-05 0 -3.9387229990993014e-05 9.4764983779662261e-07 9.064506495128382e-06 8.1550050626201795e-06
leaf_weight=946 39 47 631 94 67 41 41 116 50 222 109 43 41 1042 38 94 47 44 53 1758 41 57 64 41 61 54 357 48 72 42 280 57 37 406 40 232 38 45 67 35 46 1309 2076 48 696 43 151 44 120 39 599 366 152 88 88 1789 47 431 47 848 478 192 339 34 247 263 50 43 82 54 40 43 224 48 110 58 112 219 36 99 93 51 73 52 66 504 43 224
leaf_count=946 39 47 631 94 67 41 41 116 50 222 109 43 41 1042 38 94 47 44 53 1758 41 57 64 41 61 54 357 48 72 42 280 57 37 406 40 232 38 45 67 35 46 1309 2076 48 696 43 151 44 120 39 599 366 152 88 88 1789 47 431 47 848 478 192 339 34 247 263 50 43 82 54 40 43 224 48 110 58 112 219 36 99 93 51 73 52 66 504 43 224
internal_value=1.90052e-08 -4.97228e-06 4.71093e-06 -1.7956e-05 2.21225e-06 -1.29727e-05 1.33736e-05 4.27752e-06 9.07389e-06 7.25128e-06 -3.25395e-07 -2.31617e-05 -4.62255e-05 1.02968e-07 1.20792e-05 -5.18711e-05 -5.39991e-06 -6.91066e-05 1.43481e-05 -7.37194e-06 6.66366e-06 2.31207e-05 4.32106e-06 2.76294e-05 5.64242e-05 6.42933e-06 -8.14122e-06 3.49951e-05 4.24538e-06 -1.07577e-05 1.7476e-05 2.62776e-05 3.04724e-05 -1.87078e-05 -8.49023e-06 -1.38591e-05 -7.04339e-06 -4.04846e-05 -2.54929e-05 1.07302e-05 -3.31315e-06 -4.83423e-06 -3.31846e-06 -5.98189e-06 -1.53503e-05 2.13431e-06 1.02595e-05 9.76501e-06 7.70889e-06 2.21632e-05 1.19316e-05 2.05931e-05 5.57499e-06 -3.37057e-05 4.05196e-05 -3.55869e-06 -5.1076e-05 1.26248e-05 1.54041e-05 -1.32761e-05 2.53082e-05 -2.48922e-06 -1.20075e-05 -1.68048e-05 2.36985e-06 -3.22071e-06 6.99464e-06 3.47681e-05 3.26606e-05 1.33891e-05 4.69167e-05 2.7696e-05 1.29858e-05 5.55642e-07 -7.73915e-06 2.85299e-06 1.37403e-05 2.03225e-05 2.87334e-05 1.66474e-05 -7.85394e-07 4.50461e-05 6.34498e-06 2.6053e-05 -1.15009e-05 4.12037e-06 -1.89674e-05 1.95678e-05
internal_weight=20541 9943 10598 1120 7924 979 172 6614 3067 2869 1381 237 128 3547 2674 141 1921 85 1488 1805 1626 752 1144 657 102 1094 1310 198 1040 275 584 121 131 807 401 360 95 154 112 455 8823 6911 5965 3889 791 1912 701 765 1922 555 1291 540 751 128 129 3098 95 1435 1213 953 516 1211 416 373 795 548 285 93 117 420 150 83 693 245 201 338 1166 610 391 228 129 163 556 125 914 550 153 448
internal_count=20541 9943 10598 1120 7924 979 172 6614 3067 2869 1381 237 128 3547 2674 141 1921 85 1488 1805 1626 752 1144 657 102 1094 1310 198 1040 275 584 121 131 807 401 360 95 154 112 455 8823 6911 5965 3889 791 1912 701 765 1922 555 1291 540 751 128 129 3098 95 1435 1213 953 516 1211 416 373 795 548 285 93 117 420 150 83 693 245 201 338 1166 610 391 228 129 163 556 125 914 550 153 448
is_linear=0
shrinkage=0.0337242


Tree=44
num_leaves=89
num_cat=0
split_feature=25 4 52 4 19 4 36 27 52 31 1 22 19 54 31 31 19 0 52 5 38 38 5 52 45 12 26 31 27 31 39 1 15 4 51 47 19 27 31 31 52 4 36 0 31 31 54 31 52 54 44 13 22 27 11 51 4 19 31 31 44 31 1 22 27 38 52 19 31 1 19 4 5 52 15 53 53 50 52 4 55 18 31 19 1 11 22 27
split_gain=0.000482146 0.000320032 0.000271436 0.000216522 0.000212773 0.000162934 0.000136342 0.000117509 0.000118383 0.000143814 0.000133781 0.000143306 0.000119812 0.000114763 0.000106058 0.000150342 0.000109916 0.000102874 0.000140923 0.000114579 9.9148e-05 9.84679e-05 0.000108758 0.000111644 0.000100703 0.000100692 9.64201e-05 9.41793e-05 9.37462e-05 9.3515e-05 9.15523e-05 9.55261e-05 0.000141026 9.02546e-05 8.86942e-05 8.73947e-05 0.000104377 0.000231292 8.22576e-05 8.11538e-05 7.83715e-05 7.6834e-05 7.77826e-05 7.49223e-05 7.3479e-05 7.29157e-05 7.26024e-05 7.19337e-05 7.63418e-05 6.97261e-05 7.16627e-05 7.21586e-05 6.94665e-05 6.92793e-05 8.66429e-05 6.86899e-05 6.86376e-05 7.8364e-05 6.81903e-05 6.74883e-05 6.65382e-05 6.56627e-05 6.44543e-05 7.1219e-05 6.40936e-05 6.38458e-05 6.23385e-05 7.28297e-05 6.89601e-05 8.23234e-05 6.18684e-05 5.86282e-05 5.854e-05 6.07155e-05 5.8006e-05 5.72689e-05 7.82512e-05 7.06984e-05 5.7158e-05 5.66631e-05 6.81472e-05 5.58016e-05 0.000132326 6.93516e-05 5.45957e-05 0.000108408 5.34338e-05 5.33162e-05
threshold=-0.50262329198501032 -0.0046568488891401425 0.30898654311297541 -0.83093306574707437 0.16575097684603082 -0.90435440104019438 0.0013614710189253645 125.2513025037055 0.43103014748747753 23.500000000000004 256.0709528940418 -0.90061864621395737 0.17071109458582259 -24.698124448081629 103.50000000000001 86.500000000000014 -7.3400299025776112 308.50000000000006 0.22280337633828864 -0.13848556128398418 0.0031562344346670605 -0.0041768191624845232 -0.22517642424712128 0.15067058889282475 -0.0010147136046786962 -0.39790076335877861 0.0010187610537763887 82.500000000000014 -869.29289306857436 255.50000000000003 0.0015961702105976585 60.945203375550221 0.11383675521935856 -0.63268839391712339 49.999999999997463 99.999999999995865 0.80565758792624831 -143.59003631677754 255.50000000000003 232.50000000000003 0.29080485207018447 -0.32632568262762163 -0.0037209334524032074 77.500000000000014 253.50000000000003 6.5000000000000009 -14.955778198554929 97.500000000000014 0.17211640216081511 37.527062401327981 0.0064585650723024699 -0.11830263909133042 -0.85085987540580843 22.168827435028586 -0.76622137404580137 22.222222222222271 -0.093603369325569549 0.1498881560388661 91.500000000000014 69.500000000000014 -0.0020130855627217277 224.50000000000003 255.04151438920454 -0.90842382539511868 -360.51546794632293 0.0012292567643121812 0.15226271070228442 0.019665043742746139 126.50000000000001 714.78068446180566 -1.7438347988777279 -0.037304256882808515 0.26500977652457475 0.33129198806959337 0.035035426249850427 67.892113807807675 37.084232666547713 79.166666666666359 0.17520323014966505 -0.0011235796257561194 13946.500000000002 -0.17000686927961953 49.500000000000007 -1.6758041570233073 154.70301905069422 -0.45706106870229002 -0.8204615935114502 48.780420825058648
decision_type=2 2 2 2 2 2 2 10 2 2 2 10 2 2 2 2 2 2 2 2 2 2 2 2 2 10 10 2 8 2 2 2 10 2 2 2 2 10 2 2 2 2 2 2 2 2 2 2 2 2 2 8 10 8 10 2 2 2 2 2 2 2 2 10 10 2 2 2 2 2 2 2 2 2 10 2 2 2 2 2 2 10 2 2 2 10 10 10
left_child=2 3 5 27 39 20 7 8 9 10 12 -12 13 -5 15 16 -9 34 -19 -20 -1 -18 24 52 -23 46 -10 75 33 35 38 -32 -33 -11 47 36 37 -4 44 40 79 61 -43 -8 56 -39 -25 53 -49 50 51 71 -24 58 78 -42 57 -30 60 -54 -7 -16 -29 -64 -38 72 67 -35 69 -69 -44 87 73 -15 -37 76 -2 -78 -55 -3 -81 83 -83 -47 -85 86 -86 -36
right_child=1 4 29 6 -6 17 43 14 26 28 11 -13 -14 65 41 -17 21 18 19 -21 -22 22 23 25 -26 -27 -28 62 30 -31 31 32 -34 66 49 74 64 45 -40 -41 55 42 70 -45 -46 81 -48 48 -50 -51 -52 -53 59 54 -56 -57 -58 -59 -60 -61 -62 -63 63 -65 -66 -67 -68 68 -70 -71 -72 -73 -74 -75 -76 -77 77 -79 -80 80 -82 82 -84 84 85 -87 -88 -89
leaf_value=-2.0618444032169338e-05 -1.9003452747840304e-05 8.4101099408812338e-06 -9.7070908586401785e-05 -7.143194150149855e-05 0.00010041871178503967 -3.866553112344098e-05 -1.8826495159070487e-05 5.7614148947212068e-05 7.1356809768308003e-05 -1.4029563943365973e-05 4.1261819364830857e-05 -2.3186062176063703e-05 -7.5619072908449943e-05 -3.642610098834538e-06 -3.2609827959962911e-05 3.3661736226585686e-05 -4.7429741324038407e-05 2.4223563628765594e-06 9.5804242478321215e-05 1.7486609480519031e-05 -8.0349993321879055e-05 -3.9502275607344796e-05 -2.1069431310048367e-05 7.9499298659998241e-05 7.357666609069235e-06 1.3905031763696127e-06 0 6.8519193882515773e-06 2.0085165164464843e-06 2.0282647925266076e-05 1.0121181864912166e-06 8.584427539220466e-05 3.7772489780508936e-06 -8.5506999280232137e-06 3.9575532550931266e-06 -5.6560978399464345e-05 4.7097686905746984e-05 2.7282798175842421e-05 -1.3980716267696508e-05 -1.6191029715604632e-06 2.2221769923354058e-05 3.3703198773389586e-05 -1.0735574881715745e-05 1.7295213116395167e-05 5.2829531705430063e-05 1.3361500048915586e-05 2.6627456608510968e-05 -7.900910315363834e-06 -2.4769441170104225e-05 3.3414544306069498e-05 -4.2683209213644955e-05 -5.817781624612148e-06 -2.3691787304464641e-06 1.2673722236603038e-05 3.2905898670428686e-07 7.1785819730685909e-05 1.5906903707311908e-05 1.2775435099633167e-05 3.5508933695486974e-05 4.3020877521611255e-05 -5.1343440296403455e-06 2.0827254582380254e-06 8.2461226809832365e-06 -4.7404127464880883e-05 -8.1598915573622601e-06 -4.9204620146232155e-05 -9.6619963110455558e-06 3.2769155183696498e-05 4.9117514986786802e-06 -9.3455090214529408e-06 1.9908738511429283e-06 2.5240949230322964e-05 -4.2867327222503191e-05 3.9264859609469356e-05 -1.8071249645849258e-05 0 -8.4961934718247182e-05 -2.5133916471201109e-05 7.8099936843267783e-05 4.6835293492157018e-05 1.3354185865870745e-05 -7.9307875395903652e-05 -1.8912650709462758e-05 -1.3225572256075327e-05 -4.0350312820285e-05 -7.9086800741640971e-05 9.7980133452792816e-06 -1.4182004418361189e-05
leaf_weight=198 113 327 44 36 39 83 438 38 58 366 99 63 41 212 198 202 49 306 38 57 40 120 154 45 87 131 34 192 1789 61 66 64 42 217 1715 128 42 38 166 165 73 63 860 74 46 85 116 919 478 67 47 1729 133 35 157 69 1355 1383 38 50 415 83 39 66 50 37 262 279 498 61 857 133 35 45 82 50 62 44 34 139 159 57 176 542 47 48 45 205
leaf_count=198 113 327 44 36 39 83 438 38 58 366 99 63 41 212 198 202 49 306 38 57 40 120 154 45 87 131 34 192 1789 61 66 64 42 217 1715 128 42 38 166 165 73 63 860 74 46 85 116 919 478 67 47 1729 133 35 157 69 1355 1383 38 50 415 83 39 66 50 37 262 279 498 61 857 133 35 45 82 50 62 44 34 139 159 57 176 542 47 48 45 205
internal_value=-1.11136e-07 4.0463e-06 -6.50245e-06 2.46942e-06 2.26517e-05 -3.62335e-06 3.52795e-06 4.36822e-06 6.74112e-06 6.23716e-06 -9.97178e-06 1.56021e-05 -2.04142e-05 -1.39483e-05 -1.00415e-06 7.28692e-06 1.41003e-06 -2.59679e-06 1.38949e-05 4.98312e-05 -3.10635e-05 -8.94047e-07 1.71791e-06 8.8018e-06 -1.93406e-05 2.41155e-05 4.49231e-05 -1.7842e-05 7.64804e-06 -1.97731e-05 1.00036e-05 3.43767e-05 5.42391e-05 7.17071e-07 -3.70494e-06 -2.16084e-05 -1.78799e-05 -2.08513e-05 9.09859e-06 1.92938e-05 2.39186e-05 -5.57675e-06 -2.92685e-06 -1.3417e-05 9.9575e-06 -1.75273e-05 4.20057e-05 -9.19133e-06 -1.37419e-05 -6.39806e-07 -1.26093e-06 -7.2061e-07 -4.18026e-06 -7.21822e-07 1.47963e-05 4.69864e-05 9.50052e-06 6.73339e-06 -7.44525e-06 9.50431e-06 -1.0917e-05 -2.20186e-05 -4.37102e-06 -2.58135e-05 1.60158e-05 -7.36446e-06 4.88862e-06 8.59376e-06 1.31487e-05 2.4929e-05 -4.32717e-06 3.52506e-06 -1.73175e-06 3.49428e-06 -4.1992e-05 -3.23559e-05 -3.97911e-05 -6.10396e-05 4.63136e-05 1.8523e-05 2.92956e-05 -1.93268e-05 -3.41023e-05 -1.47122e-05 -1.83529e-05 -3.75124e-05 -1.47706e-05 1.97043e-06
internal_weight=20628 12489 8139 11518 971 6694 10952 10440 7254 7162 568 162 406 365 3186 1125 923 6456 401 95 238 885 836 629 207 292 92 566 6594 1445 4911 172 106 1683 6055 1384 1174 1082 4739 932 767 2061 1780 512 4573 1038 161 2159 1397 3896 3829 3782 337 762 226 142 4527 3172 536 183 498 281 297 105 92 329 1317 1055 838 340 1717 2053 292 257 210 269 219 106 69 625 298 1000 233 767 682 140 92 1920
internal_count=20628 12489 8139 11518 971 6694 10952 10440 7254 7162 568 162 406 365 3186 1125 923 6456 401 95 238 885 836 629 207 292 92 566 6594 1445 4911 172 106 1683 6055 1384 1174 1082 4739 932 767 2061 1780 512 4573 1038 161 2159 1397 3896 3829 3782 337 762 226 142 4527 3172 536 183 498 281 297 105 92 329 1317 1055 838 340 1717 2053 292 257 210 269 219 106 69 625 298 1000 233 767 682 140 92 1920
is_linear=0
shrinkage=0.0337242


Tree=45
num_leaves=89
num_cat=0
split_feature=20 20 19 31 31 31 20 55 20 31 25 43 29 48 17 29 52 48 45 36 55 11 19 19 20 4 29 19 22 52 55 17 18 55 29 19 19 29 11 20 29 31 19 4 21 54 20 19 17 7 55 52 15 31 48 4 29 18 3 19 11 31 52 4 22 17 31 22 47 41 17 55 19 20 20 43 19 52 17 29 19 31 31 52 2 31 20 17
split_gain=0.00100637 0.000528276 0.000309416 0.000327375 0.000301147 0.000232677 0.000218022 0.000185596 0.000179145 0.000178444 0.0001606 0.000138628 0.000133695 0.000195284 0.000132644 0.000119845 0.000134875 0.000112268 0.000122212 0.000111915 0.000110733 0.000107814 0.000105597 0.000127584 0.00010175 0.000101509 9.72272e-05 0.000104275 9.621e-05 9.40675e-05 0.000202875 9.24982e-05 9.21844e-05 9.14835e-05 8.71174e-05 0.000134182 9.69234e-05 8.88741e-05 8.49445e-05 8.175e-05 8.82526e-05 8.40292e-05 0.000147198 0.000132352 8.16793e-05 7.84122e-05 7.69916e-05 0.000118455 7.69432e-05 7.07472e-05 6.83685e-05 0.000133039 9.60455e-05 6.76689e-05 6.76606e-05 6.69576e-05 6.68283e-05 6.86489e-05 9.11823e-05 6.63174e-05 6.54448e-05 6.65964e-05 6.29387e-05 6.26262e-05 6.5425e-05 7.36043e-05 6.24901e-05 6.22201e-05 6.21378e-05 6.42965e-05 7.56297e-05 6.21328e-05 6.21153e-05 6.12665e-05 6.53257e-05 6.85302e-05 6.46643e-05 6.08534e-05 6.05618e-05 6.02045e-05 5.99747e-05 6.68753e-05 5.84533e-05 6.81801e-05 6.90141e-05 5.60993e-05 5.62273e-05 5.58022e-05
threshold=6.8193473193473206 0.26080727544537191 0.04361651913038856 23.500000000000004 146.50000000000003 12.500000000000002 0.030816714150047487 6931.0000000000009 1.5966726003012461 79.500000000000014 -1.0000000180025095e-35 -0.0015760451079261937 12.500000000000002 66.978608485718027 -0.21827733243614872 19.500000000000004 0.39050931425888508 30.221406696916251 -0.0042171862008865682 -0.0019588657380760761 13761.500000000002 -0.79675572519083959 -11.699974573151847 -19.43288958087032 10.020000000000001 -0.14540816326530612 21.500000000000004 0.50607482713051521 -0.72848849112339498 0.20672081706403328 45159.500000000007 -0.19057736754337201 -0.24054264241409687 9104.5000000000018 23.500000000000004 5.9335644662959348 7.6615655315366107 22.500000000000004 -0.044847328244274801 35.928571428571438 14.500000000000002 23.500000000000004 0.0014741874814081515 -0.14540816326530612 -0.61237243569518862 1.0000000180025095e-35 0.70307765151515167 0.027249287750612087 -0.28832721394927002 0.90186441410300744 48132.000000000007 0.26148092408849305 0.41451460891717246 128.50000000000003 5.5634270862114539 -0.0028124823336536822 21.500000000000004 0.14272839920150535 -0.035472917128017672 -1.0698122138540211 -0.8482824427480915 254.50000000000003 0.19197956265114224 -0.63268839391712339 -0.74770171550521203 -0.25151582750650942 185.50000000000003 -0.71701617384691863 68.627450980391941 -0.0016353240696169167 -0.0958555191480647 3010.5000000000005 0.17671508224334967 0.7743476287724077 1.3002890173410406 0.0036652426627976635 2.7592461426914388 0.26879412932124153 -0.53956510927123247 10.500000000000002 -7.3400299025776112 76.500000000000014 226.50000000000003 0.21350029365703074 0.31861781979238119 224.50000000000003 0.11434624697336564 -0.066442248617653063
decision_type=2 2 2 2 2 2 2 2 2 2 2 2 2 2 10 2 2 2 2 2 2 10 2 2 2 2 2 2 8 2 2 10 10 2 2 2 2 2 10 2 2 2 2 2 2 2 2 2 10 10 2 2 8 2 2 2 2 8 2 2 8 2 2 2 10 8 2 8 2 2 10 2 2 2 2 2 2 2 8 2 2 2 2 2 2 2 2 10
left_child=1 6 10 5 7 -4 9 12 17 62 19 44 13 -2 38 16 50 53 -19 -3 -7 -14 23 -16 -23 34 27 28 -17 -10 87 -26 -28 45 35 37 -37 73 46 41 -41 43 48 -9 -8 -27 47 59 -43 -44 52 85 63 -5 -6 56 57 58 -24 71 -21 68 -1 64 -13 -66 -34 -46 69 70 -62 -12 -39 76 75 -75 -20 -32 -70 -53 -58 -82 83 -55 -85 86 -52 -31
right_child=4 2 3 8 54 20 11 39 29 -11 14 15 21 -15 22 26 -18 18 25 60 -22 24 55 -25 31 33 32 -29 -30 30 77 -33 66 -35 -36 36 -38 72 -40 40 -42 42 49 -45 67 -47 -48 -49 -50 -51 51 79 -54 82 -56 -57 80 -59 -60 -61 61 -63 -64 -65 65 -67 -68 -69 78 -71 -72 -73 -74 74 -76 -77 -78 -79 -80 -81 81 -83 -84 84 -86 -87 -88 -89
leaf_value=-2.8852627340629105e-05 5.3272263811457598e-05 -7.0641619878238695e-05 6.9982641113995873e-06 8.7164375243437771e-06 -1.724996266672467e-05 -3.1621015699526376e-05 4.1217214346087807e-06 4.4017042598315116e-05 1.2060553612286739e-05 -1.5578343068086155e-05 -7.3606345436108225e-05 8.6279954082212017e-07 -1.0062880543233957e-05 0.00014795669626634626 0 -8.2010052870665497e-05 -6.4807904453984572e-05 6.62195334848342e-05 5.0302747692064018e-06 1.5056789964211849e-06 -9.8468142598417076e-05 1.7640069014169292e-06 -1.0274263612678759e-05 -7.4901308686866765e-05 0.00010933254248447989 -8.6088682229977396e-06 5.3174284241184608e-06 -9.6907554582189364e-06 -2.1265773513035014e-05 1.1124990339588819e-05 4.6968208935113522e-05 4.3995234726578121e-05 -3.7245833461188059e-05 3.0100884378643578e-06 -3.0285706336965505e-05 7.4956599437928215e-05 1.2554380005017323e-05 2.0116426320515638e-05 3.3060835246010944e-05 6.2769984762297228e-05 1.6277869846581469e-05 5.9587765153783944e-05 3.5439637926145608e-05 -1.0904681736708123e-05 -3.5795708103337134e-05 -5.9092546277924496e-05 -4.7755853600345605e-06 -8.2557752446256645e-05 8.9298622949778128e-06 9.4915510996977149e-05 -2.0113460884897919e-05 1.5341747779216153e-05 -6.4941956977292183e-05 -1.0591958379150688e-05 1.0208367368181266e-05 2.3327525887417752e-05 5.1736513413607419e-05 8.1448722556608259e-06 5.4335546957774878e-06 -8.0529514139000662e-06 -5.0002646910154548e-05 1.224645511486548e-05 -6.9280085108984721e-05 -2.0627506359349759e-05 -5.5271208081758611e-06 -4.4906053068247028e-05 1.0092909513115942e-05 -8.8592815489407808e-05 -1.4880590705970707e-06 -7.2468137952815613e-06 -9.6992934542379517e-06 -1.5392994391539171e-05 7.6090997261640792e-05 1.6109629790733393e-05 -1.0009571258921203e-05 6.2831211631824934e-05 -2.2590838375806446e-05 0.0001120438881896141 -2.7595230643157346e-05 8.0637563138489013e-05 -1.2568137303678007e-05 1.8120117261731571e-05 5.0181736373686275e-06 -2.0573979001985373e-05 -8.2196743188583588e-05 1.5257946990608567e-05 2.3309446099056082e-06 4.1268227959970011e-05
leaf_weight=74 100 34 84 263 112 64 40 66 823 261 40 883 44 36 73 83 43 40 1757 579 60 48 888 42 36 93 179 85 54 247 40 114 157 261 62 61 61 91 55 112 91 40 62 202 140 62 1230 34 296 45 207 39 34 419 951 208 47 1053 790 309 93 133 159 312 179 82 36 36 140 2053 141 55 34 577 96 40 101 40 457 34 102 341 179 69 34 183 312 106
leaf_count=74 100 34 84 263 112 64 40 66 823 261 40 883 44 36 73 83 43 40 1757 579 60 48 888 42 36 93 179 85 54 247 40 114 157 261 62 61 61 91 55 112 91 40 62 202 140 62 1230 34 296 45 207 39 34 419 951 208 47 1053 790 309 93 133 159 312 179 82 36 36 140 2053 141 55 34 577 96 40 101 40 457 34 102 341 179 69 34 183 312 106
internal_value=-1.06432e-07 -2.78523e-06 5.43672e-08 6.14769e-06 2.06379e-05 -3.53076e-05 -1.43378e-05 3.15992e-05 7.71705e-06 -3.52427e-05 -3.88238e-06 -1.09947e-05 5.16852e-05 7.90466e-05 -1.02284e-07 -9.0107e-06 -5.4785e-06 4.41488e-06 7.3568e-06 -9.34054e-06 -6.4746e-05 3.59091e-05 3.61073e-06 -2.80566e-05 4.66133e-05 6.61312e-06 -2.25724e-05 -4.04154e-05 -5.87726e-05 1.89453e-05 3.18078e-05 6.03206e-05 -1.16643e-05 -8.84312e-06 8.87925e-06 9.77524e-06 4.45478e-05 8.16585e-06 -7.79559e-06 2.31865e-05 4.24049e-05 1.75634e-05 2.66032e-05 2.26017e-06 -3.72032e-05 -2.9426e-05 -9.20073e-06 -2.14068e-05 1.52483e-05 6.13563e-05 -4.30948e-06 3.72813e-06 -8.55499e-06 -5.66562e-06 7.22437e-06 4.70096e-06 3.46812e-06 1.37148e-06 -2.82144e-06 -1.60212e-05 -8.73406e-06 -1.07312e-05 -5.68553e-05 -7.17187e-06 -3.41766e-06 -1.82694e-05 -2.7915e-05 -4.71444e-05 -1.18244e-05 -9.2212e-06 -2.61304e-05 -4.09214e-05 3.61148e-05 6.76939e-06 1.5214e-05 1.92953e-05 3.47678e-06 8.07144e-05 -2.16349e-05 4.70777e-05 1.49564e-05 1.0836e-05 -1.11993e-05 -1.69457e-05 -4.1854e-05 -6.42039e-07 -6.43463e-06 2.04503e-05
internal_weight=20628 18273 14661 5764 2355 208 3612 1292 5556 494 8897 3118 378 136 5267 2902 2308 4300 3336 3630 124 242 3544 115 198 3296 594 222 137 1256 433 150 372 416 2880 2818 122 2696 1723 914 203 711 443 268 216 155 1668 438 336 107 2265 775 1490 964 1063 3429 3221 2731 1678 404 3596 3017 233 1456 1144 261 193 176 2884 2287 234 95 125 2571 713 617 1858 80 597 73 490 443 701 522 103 702 519 353
internal_count=20628 18273 14661 5764 2355 208 3612 1292 5556 494 8897 3118 378 136 5267 2902 2308 4300 3336 3630 124 242 3544 115 198 3296 594 222 137 1256 433 150 372 416 2880 2818 122 2696 1723 914 203 711 443 268 216 155 1668 438 336 107 2265 775 1490 964 1063 3429 3221 2731 1678 404 3596 3017 233 1456 1144 261 193 176 2884 2287 234 95 125 2571 713 617 1858 80 597 73 490 443 701 522 103 702 519 353
is_linear=0
shrinkage=0.0337242


Tree=46
num_leaves=89
num_cat=0
split_feature=20 20 19 20 19 53 7 40 39 9 38 33 11 19 1 20 1 20 42 26 35 33 30 3 9 39 29 45 11 53 45 29 16 1 48 11 28 2 1 45 2 7 29 53 22 27 53 44 40 1 20 48 48 10 39 29 11 45 27 19 29 30 28 53 9 18 16 54 36 27 9 49 8 30 25 51 21 12 30 19 48 44 19 49 11 33 7 25
split_gain=0.000986871 0.000435543 0.000256937 0.000237696 0.000236674 0.000213766 0.00017508 0.000140793 0.00015844 0.000138769 0.000137086 0.000122022 0.000104621 0.000101197 0.000102252 8.97542e-05 8.92742e-05 8.9124e-05 0.000161587 0.000126875 8.58978e-05 8.55637e-05 8.41837e-05 7.95819e-05 7.88296e-05 7.81026e-05 7.70092e-05 0.000155631 7.68852e-05 7.68751e-05 7.59762e-05 6.9991e-05 6.91176e-05 6.66298e-05 0.000131788 0.00010519 6.6613e-05 6.53303e-05 6.50968e-05 6.31095e-05 7.44922e-05 6.24675e-05 0.000116108 6.95002e-05 6.45708e-05 6.21062e-05 6.17934e-05 6.17819e-05 6.11665e-05 6.00158e-05 0.000106348 5.9964e-05 5.91269e-05 5.8773e-05 7.62731e-05 5.82408e-05 5.81931e-05 6.49434e-05 5.81277e-05 5.79395e-05 5.68844e-05 5.68742e-05 6.05301e-05 7.04184e-05 5.70412e-05 6.18063e-05 5.67805e-05 5.58177e-05 5.56359e-05 5.45092e-05 5.64252e-05 7.97915e-05 7.36474e-05 6.22983e-05 6.10519e-05 6.1785e-05 5.75472e-05 5.4129e-05 6.28968e-05 5.4011e-05 7.72556e-05 5.35876e-05 5.35501e-05 5.34666e-05 5.32208e-05 5.23029e-05 5.12102e-05 5.04467e-05
threshold=2.4353400222965447 0.21860135837702707 0.04361651913038856 52.300000000000011 0.58566108782892468 43.341718408564176 0.29995535199907825 -0.0015961702105976581 0.0040376923745761859 -0.71660305343511432 0.0037476591760299276 1.0000000180025095e-35 -0.25477099236641215 -1.2841802090486565 82.318141283958823 0.504902431990772 47.520548088065375 9.5879629629629655 0.0012383905676812692 -0.010366589288432272 1.0000000180025095e-35 1.0000000180025095e-35 18.500000000000004 -0.42217971541077864 -0.8797709923664121 -0.0013633271501908848 1.5000000000000002 0.0012099217979160139 -0.42843511450381672 65.435297535992149 -0.0063796015547099008 15.500000000000002 0.5084586466165415 40.636439813180807 78.958182423615213 -0.68416030534351135 -0.74719916626344574 0.57555356605991748 986.98362746914165 0.0030557695450195159 -0.23923641410275634 1.4288008411107274 8.5000000000000018 55.254631100360605 -0.4799216167997426 34.55324707291981 17.18705875349966 0.0015278847725096469 -0.0019436364323221487 1336.7604308772313 0.75695771157122949 49.444635024868681 78.048880405013648 -2.096804511278195 0.0047365321517709455 6.5000000000000009 -0.021946564885496182 -0.0064637763912873672 -64.357991984036516 0.46809575244236618 3.5000000000000004 18.500000000000004 -0.99866855274509181 24.516082034291866 -0.71660305343511432 -0.20074964662940634 0.94078947368421062 1.2760399555366588 0.0012618301552728142 26.538484436121021 -0.7127862595419846 12.425280139118042 0.25000000000000006 17.500000000000004 -0.99099915121886617 63.888888888891053 -0.60310866548198805 -0.69370229007633577 18.500000000000004 -2.1115025959050508 32.646698968666804 -0.001309758256537674 0.034013612733932781 32.977021482945432 -0.45706106870229002 1.0000000180025095e-35 0.33214692072819457 -0.99383858697970406
decision_type=2 2 2 2 2 2 10 2 2 10 2 2 10 2 2 2 2 2 2 10 2 2 2 2 8 2 2 2 10 2 2 2 2 2 2 10 2 2 2 2 2 8 2 2 8 8 2 2 2 2 2 2 2 2 2 2 8 2 10 2 2 2 2 2 10 8 2 2 2 10 10 2 8 2 2 2 2 10 2 2 2 2 2 2 10 2 10 2
left_child=1 7 10 4 13 12 -7 28 22 53 21 16 25 32 17 23 -5 19 -19 87 26 24 29 39 48 -6 27 -17 67 69 -16 -11 -2 47 58 -36 56 81 46 40 -4 68 -43 44 -44 52 -32 82 -3 61 -51 -12 -31 -10 -55 -27 57 -26 -35 -29 -24 -28 -63 64 -64 -66 -59 -1 -38 70 72 -72 -9 76 -75 -76 -73 -60 -79 -18 -81 -25 -21 -65 -20 -48 -70 -15
right_child=3 2 15 11 5 6 -8 8 9 31 51 -13 -14 14 30 20 79 18 84 33 -22 -23 60 37 36 55 49 59 -30 45 38 -33 -34 34 35 -37 41 -39 -40 -41 -42 42 43 -45 -46 -47 85 -49 -50 50 -52 -53 -54 54 -56 -57 -58 66 77 -61 -62 62 63 83 65 -67 -68 -69 86 -71 71 73 -74 74 75 -77 -78 78 -80 80 -82 -83 -84 -85 -86 -87 -88 -89
leaf_value=-4.8515354623242574e-05 -6.0551954887911938e-06 2.9538771781534972e-05 6.7245251758864689e-05 2.6322564318442429e-05 -3.6044881578017269e-06 0.00013685122250729233 4.1585970622977889e-05 -1.1648757448074019e-05 -4.6595748999561738e-05 -0.00010232392473208754 -1.4083371034519121e-05 0 -1.3880655192186261e-05 -3.6513728250020446e-06 -2.6554498767931243e-05 3.0425199854837114e-06 3.2275744262567671e-05 1.157094654662436e-05 3.3543979173604524e-05 1.3685612720928868e-05 -3.0932493630366198e-05 1.305677251451753e-05 2.121943436413826e-05 -2.0113151458234448e-05 -3.8786990203149827e-05 1.7876356030581969e-05 3.6769020984098209e-06 2.1687831862151182e-05 -7.4250495743741795e-05 -1.7378448752090865e-05 -1.7765052352196519e-05 -3.8758966373321328e-05 1.04183715847067e-05 -4.940298402850952e-05 -5.6942282714558132e-06 4.9281249817434817e-05 -6.5284505674448289e-06 -2.6280074029134621e-05 -1.7145301993698189e-05 -2.5507678765390456e-05 1.2884783410955017e-05 1.755583685728454e-05 -3.2754610769017913e-05 -1.6630586196073051e-05 -0.0001015692279339083 3.7410067752932628e-05 2.7639937448407666e-05 -8.7830173661764837e-06 2.9460780648277892e-07 -6.4195323840167808e-05 0 -5.2050642559735676e-05 7.9467922926189883e-06 -3.8388672314099804e-05 2.5398203771869905e-05 7.0234680219899523e-05 3.9520070366070685e-05 -1.3910471450435692e-06 9.690992472510549e-06 8.1825303311417889e-05 -5.6885426788619101e-06 -3.0159076475640467e-05 0 1.8907832495753378e-05 8.8639736784091802e-05 2.9857653657969585e-05 2.9321014523542887e-05 7.0207919029295918e-08 -3.1087780236879123e-05 -4.2421730449407895e-05 -5.7943127680870219e-06 -5.8181760044651562e-05 3.5006313246267111e-05 -2.5400292977749534e-05 -9.9619869057323551e-05 -3.9631234219453871e-05 -1.6880462598284827e-05 -5.3228715316022756e-06 -3.9946282137229534e-05 4.920804316021338e-05 0.00011346116737426968 -3.2679252405486426e-07 4.9000441529994761e-05 3.0081169562723835e-06 9.3160099252430584e-05 -7.3129011333728822e-06 -1.0910534034783784e-05 -4.5781989989707414e-05
leaf_weight=55 762 94 36 99 39 39 60 481 54 49 105 63 69 65 36 136 39 632 44 628 66 274 105 178 48 47 1858 34 69 253 36 44 467 39 65 91 3842 149 43 35 184 44 38 65 35 39 876 123 658 36 150 102 173 37 50 67 43 656 161 58 582 34 36 517 34 72 76 45 210 109 265 45 41 110 38 58 430 262 81 48 53 1331 56 481 38 47 537 77
leaf_count=55 762 94 36 99 39 39 60 481 54 49 105 63 69 65 36 136 39 632 44 628 66 274 105 178 48 47 1858 34 69 253 36 44 467 39 65 91 3842 149 43 35 184 44 38 65 35 39 876 123 658 36 150 102 173 37 50 67 43 656 161 58 582 34 36 517 34 72 76 45 210 109 265 45 41 110 38 58 430 262 81 48 53 1331 56 481 38 47 537 77
internal_value=-3.5079e-07 -4.66444e-06 -1.78656e-06 1.22662e-05 1.0468e-05 3.85564e-05 8.00912e-05 -1.58915e-05 -1.41367e-05 -4.09369e-05 -6.14534e-06 4.1421e-05 1.95987e-05 8.49928e-06 1.14976e-05 3.68086e-06 5.24272e-05 7.55533e-06 1.75381e-05 3.17163e-06 6.88894e-06 -5.28293e-06 -1.18033e-05 -2.1582e-06 -6.09001e-06 3.5329e-05 7.64137e-06 2.67121e-05 -4.60857e-05 -1.52441e-05 2.03752e-05 -7.32896e-05 1.25845e-07 6.09743e-06 -1.40043e-06 2.57552e-05 -7.47426e-06 -4.89997e-06 2.21578e-05 1.52897e-05 2.22195e-05 -9.00534e-06 -2.85978e-05 -4.40139e-05 -6.70721e-05 -2.94546e-06 2.40209e-05 1.27116e-05 4.07867e-06 6.26015e-06 -1.21385e-05 -3.32588e-05 -6.86689e-06 -1.89124e-05 -6.18554e-07 4.94963e-05 1.28409e-06 -6.9988e-07 -9.38006e-06 6.06513e-05 -1.43527e-06 7.4207e-06 1.32634e-05 1.46432e-05 3.71671e-05 4.96242e-05 1.66559e-06 -2.56853e-05 -8.20724e-06 -1.88093e-05 -1.69902e-05 -2.19596e-05 -7.7991e-06 -2.81081e-05 -4.40365e-05 -6.43837e-05 -2.09967e-05 -6.09126e-06 -1.37811e-05 7.01965e-05 8.38821e-05 -2.72483e-06 1.67182e-05 1.13416e-05 6.23498e-05 2.57554e-05 -1.67123e-05 -2.71776e-05
internal_weight=20636 15384 12252 5252 4950 321 99 3132 2963 234 6827 302 222 4629 3400 5425 239 2362 714 1648 3512 6620 2729 1913 6346 153 3446 228 169 2042 1038 93 1229 1506 699 156 5594 1658 1002 255 220 4771 182 138 73 465 959 807 752 3218 186 207 426 141 87 114 823 780 543 92 687 3032 1174 1140 142 106 732 100 4589 1577 1468 946 522 681 206 96 475 504 343 140 101 1509 684 998 82 923 747 142
internal_count=20636 15384 12252 5252 4950 321 99 3132 2963 234 6827 302 222 4629 3400 5425 239 2362 714 1648 3512 6620 2729 1913 6346 153 3446 228 169 2042 1038 93 1229 1506 699 156 5594 1658 1002 255 220 4771 182 138 73 465 959 807 752 3218 186 207 426 141 87 114 823 780 543 92 687 3032 1174 1140 142 106 732 100 4589 1577 1468 946 522 681 206 96 475 504 343 140 101 1509 684 998 82 923 747 142
is_linear=0
shrinkage=0.0337242


Tree=47
num_leaves=89
num_cat=0
split_feature=20 20 19 4 20 19 4 20 40 38 33 9 55 1 39 1 20 50 1 19 29 55 30 20 55 33 19 4 45 9 6 49 0 22 29 11 19 43 55 16 11 45 43 19 1 0 43 5 16 0 19 4 10 50 55 29 15 37 37 0 12 54 23 46 16 29 55 54 1 1 19 15 7 54 16 2 55 7 3 55 4 16 15 42 20 55 12 7
split_gain=0.000921779 0.000407208 0.000240064 0.000230142 0.000229426 0.000152993 0.000156756 0.000137008 0.000138356 0.000128107 0.000113611 0.000112543 0.00012004 9.8494e-05 0.00019065 8.89134e-05 8.4606e-05 8.80783e-05 8.75201e-05 8.60734e-05 0.000106588 8.16895e-05 8.12015e-05 9.22484e-05 8.55577e-05 7.99281e-05 7.72311e-05 9.08621e-05 8.4998e-05 7.4888e-05 7.41092e-05 7.27599e-05 8.87431e-05 8.00671e-05 0.000119012 7.04004e-05 6.97956e-05 7.97235e-05 6.87042e-05 6.8385e-05 9.72904e-05 7.7852e-05 8.34924e-05 6.73975e-05 0.000114032 6.66467e-05 8.31187e-05 6.5393e-05 0.000100049 6.50326e-05 6.4006e-05 0.000190168 6.16045e-05 6.10361e-05 5.94957e-05 5.90728e-05 5.85992e-05 5.82004e-05 6.23376e-05 6.77495e-05 5.93781e-05 5.80618e-05 5.72208e-05 5.62375e-05 6.47008e-05 5.58714e-05 5.561e-05 5.79174e-05 5.48365e-05 5.42802e-05 5.40137e-05 5.27696e-05 5.26075e-05 5.22888e-05 5.06849e-05 5.02645e-05 7.47379e-05 4.80936e-05 4.76163e-05 5.13987e-05 4.7573e-05 5.37164e-05 4.7254e-05 4.705e-05 4.62118e-05 4.56312e-05 4.47729e-05 6.35672e-05
threshold=2.4353400222965447 0.21860135837702707 0.04361651913038856 -0.55519673243258516 52.300000000000011 0.0014741874814081515 -0.0028124823336536822 0.016032128514056228 -0.0015961702105976581 0.0037476591760299276 1.0000000180025095e-35 -0.16316793893129769 -7074.9999999999991 254.69325425706458 0.0037771516210721727 47.811516531101525 0.7743476287724077 13.333333333333046 81.296109502628298 0.1498881560388661 12.500000000000002 114921.50000000001 16.500000000000004 12.589473684210528 60813.000000000007 1.0000000180025095e-35 1.8694798051233479 -0.041862174232573907 0.0062422069825436308 -0.92938931297709915 -55.749999999999993 72.1628207823304 121.50000000000001 -0.66730279898218814 11.500000000000002 -0.42843511450381672 -14.557406289399067 -0.0074488154025412192 9133.0000000000018 0.48402255639097752 -0.0066793893129770982 -0.0018348623853211008 0.0036866390763354855 4.6002721057025449 629.37401662353466 22.500000000000004 -0.0016142060555526803 0.28517413681657677 0.54981203007518809 319.50000000000006 0.010449544553562619 -0.77343970829328945 -2.2791353383458639 4.7619047619050905 42172.000000000007 1.5000000000000002 0.2768635207098285 -0.0038095376309755231 -0.0018365488397193983 8.5000000000000018 -0.10209923664122136 1.2760399555366588 -0.049999999999998927 0.33333333333335707 0.20958646616541357 7.5000000000000009 7713.0000000000009 -7.667666933843539 40.730826159950361 26.772780385453789 -2.1115025959050508 0.04653422844989457 0.087142815992625897 -25.437399313452804 0.94830827067669177 -0.25020259535990469 8706.5000000000018 0.97236864846180449 -0.023288947387069693 7935.0000000000009 -0.13498855220758663 0.11372180451127821 0.058335296777585595 -1.0000000180025095e-35 0.26080727544537191 40260.000000000007 -0.84446564885496167 0.37967363751584288
decision_type=2 2 2 2 2 2 2 2 2 2 2 8 2 2 2 2 2 2 2 2 2 2 2 2 2 2 2 2 2 8 8 2 2 8 2 10 2 2 2 2 8 2 2 2 2 2 2 2 2 2 2 2 2 2 2 2 10 2 2 2 10 2 8 2 2 2 2 2 2 2 2 10 10 2 2 2 2 8 2 2 2 2 10 2 2 2 10 10
left_child=1 7 9 -2 5 22 11 13 35 25 15 12 -7 72 -15 -6 18 53 19 84 -21 26 24 45 52 29 28 -28 49 -3 85 32 36 -34 -35 61 -31 -38 -11 40 41 -32 -43 63 -45 46 -24 48 -13 -14 51 -41 -5 54 -18 83 68 -39 59 -59 -61 -9 -25 -20 80 66 -57 -68 71 -67 -17 -22 -1 -48 -60 76 -44 82 79 -46 -65 -82 -64 -19 -4 -10 87 -33
right_child=3 2 16 4 10 6 -8 8 30 38 -12 47 21 14 -16 70 17 55 43 20 56 -23 23 62 -26 -27 27 -29 -30 31 39 86 33 34 -36 -37 37 57 -40 50 -42 42 75 44 78 -47 73 -49 -50 -51 -52 -53 -54 -55 -56 65 -58 58 74 60 -62 -63 77 64 -66 69 67 -69 -70 -71 -72 -73 -74 -75 -76 -77 -78 -79 -80 -81 81 -83 -84 -85 -86 -87 -88 -89
leaf_value=-3.3654624063047956e-05 8.9874027972206054e-05 7.9452376029003516e-06 -3.113013782628683e-05 4.9365635330793989e-05 2.5115227689192833e-05 -2.3372497368675497e-05 7.332379303810799e-05 -4.6879217158945566e-05 0 -4.7540816285156739e-05 0 -5.1522228567405934e-05 1.8075877359205021e-05 -2.9201566595375453e-05 -0.00013209678082380755 3.1187275023068621e-05 -8.4512790906110877e-06 0 -4.0885384402049384e-06 5.0124700511441141e-05 6.7293731196082883e-05 6.7686171402354551e-05 1.8109327978105414e-05 5.4092030969007391e-05 -1.3276194168252409e-05 1.2616443605467256e-05 7.3944862355411549e-05 7.1667637212152333e-06 -2.770488114265154e-05 -3.4978362406220772e-05 -6.6635300745809809e-05 -3.3590429565712789e-05 -8.0813583306364365e-06 4.4685704454920419e-07 -7.2593619982342714e-05 -7.0456312436502483e-05 5.0183077300669755e-05 -3.7462920479879847e-05 -5.9972085939684781e-06 -6.9084677584264472e-05 3.4405329058292055e-05 -1.3312208473928559e-05 1.1140912575991623e-05 5.5927308054159345e-05 -3.4293681973824057e-05 -6.4210535129352186e-06 -3.1918646639739417e-05 3.0544075961516941e-05 4.871458366628223e-06 6.2425747645719504e-05 -3.6690990192385246e-06 2.8058360296697552e-05 1.6090544146934004e-05 -4.3661795002324261e-05 2.4902779351467167e-05 -1.9936524235683306e-05 -2.2505075174270209e-05 2.7696502723122212e-05 -3.8256141906605513e-06 -6.4555733727133458e-06 3.1727357461335518e-05 3.2272785731736762e-06 4.8225695286993961e-05 -2.969852552666617e-06 -5.1819381000110943e-05 -7.6478828324958315e-06 3.1447294496112493e-05 0 6.5665914497358859e-06 1.6471713086525614e-05 8.2999540150899428e-05 1.8143897286513058e-05 1.1087282909638606e-05 1.5247960135759882e-06 3.4715526802196574e-05 -4.6352831523280549e-05 -4.9381175867097137e-05 0 1.7718111082985863e-05 1.1692764904369557e-05 -7.3072301211342323e-06 -6.1993801893664265e-05 1.3727250211588181e-05 4.8269178583549012e-05 0 4.9083741495829206e-05 -8.8121029618143687e-06 -9.4389689148259726e-06
leaf_weight=111 43 410 60 75 101 62 60 55 56 128 63 60 703 60 34 39 273 35 1123 82 35 49 391 40 98 274 66 41 42 71 39 230 202 37 66 68 34 51 79 61 39 1144 53 51 67 1012 57 39 82 42 1058 35 606 43 78 114 59 164 2455 245 57 44 57 201 61 112 85 326 522 1073 97 122 37 764 39 165 39 248 89 43 50 41 315 86 594 34 1983 302
leaf_count=111 43 410 60 75 101 62 60 55 56 128 63 60 703 60 34 39 273 35 1123 82 35 49 391 40 98 274 66 41 42 71 39 230 202 37 66 68 34 51 79 61 39 1144 53 51 67 1012 57 39 82 42 1058 35 606 43 78 114 59 164 2455 245 57 44 57 201 61 112 85 326 522 1073 97 122 37 764 39 165 39 248 89 43 50 41 315 86 594 34 1983 302
internal_value=-3.39984e-07 -4.5091e-06 -1.72611e-06 1.18537e-05 1.11911e-05 9.41562e-06 1.96571e-05 -1.5365e-05 -1.32737e-05 -5.93953e-06 3.99208e-05 1.68606e-05 2.12942e-05 -3.99401e-05 -6.74474e-05 5.06212e-05 3.55837e-06 8.60924e-06 1.62345e-08 6.08146e-06 1.33809e-05 2.43334e-05 5.90551e-06 3.25346e-06 1.55998e-05 -5.10526e-06 2.18492e-05 4.92604e-05 1.79995e-05 -5.88566e-06 -1.1398e-05 -6.85724e-06 -3.6141e-06 -2.10068e-05 -4.54174e-05 -4.32778e-05 -1.88064e-06 -1.07716e-06 -3.2153e-05 -1.24486e-05 -1.72863e-05 -1.87534e-05 -1.73515e-05 -5.10745e-06 1.09239e-05 0 5.30225e-06 -7.22287e-06 -1.82762e-05 2.07059e-05 -6.16467e-06 -3.26611e-05 1.98971e-05 -5.69097e-06 -7.63881e-07 1.17392e-05 9.16729e-06 -1.68809e-06 -1.03905e-06 1.02341e-05 4.31089e-07 -2.36333e-05 1.43254e-05 -7.88828e-06 -1.97026e-05 1.00481e-05 6.9471e-07 6.65242e-06 1.20617e-05 1.41105e-05 6.88524e-05 2.97166e-05 -2.18161e-05 -6.79372e-07 -3.18417e-06 -3.49557e-05 -1.34646e-05 1.16039e-05 -1.23922e-07 -1.54385e-05 -1.26622e-05 -3.30085e-05 1.92731e-05 3.48387e-05 -2.92297e-06 1.82624e-05 -1.12303e-05 -2.00621e-05
internal_weight=20636 15384 12252 5252 5209 4909 1246 3132 2890 6827 300 1186 1005 242 94 237 5425 2225 3200 1474 820 943 3663 2884 779 6620 894 107 787 6346 2723 5936 3421 305 103 167 3116 3045 207 2633 1479 1440 1401 1726 250 2224 1212 181 142 745 1154 96 681 394 351 1831 738 3011 2960 466 302 99 660 1476 353 1710 525 411 679 1185 136 157 148 821 2494 257 92 620 199 110 292 91 372 121 654 90 2515 532
internal_count=20636 15384 12252 5252 5209 4909 1246 3132 2890 6827 300 1186 1005 242 94 237 5425 2225 3200 1474 820 943 3663 2884 779 6620 894 107 787 6346 2723 5936 3421 305 103 167 3116 3045 207 2633 1479 1440 1401 1726 250 2224 1212 181 142 745 1154 96 681 394 351 1831 738 3011 2960 466 302 99 660 1476 353 1710 525 411 679 1185 136 157 148 821 2494 257 92 620 199 110 292 91 372 121 654 90 2515 532
is_linear=0
shrinkage=0.0337242


Tree=48
num_leaves=89
num_cat=0
split_feature=25 52 15 16 7 55 1 31 17 7 54 19 31 31 19 31 19 22 38 12 24 55 19 31 31 52 52 45 1 52 53 49 42 19 6 21 13 52 31 12 7 22 55 50 18 45 11 31 53 1 17 1 17 18 42 31 11 53 51 3 39 15 39 26 16 13 31 52 53 8 15 54 11 26 16 12 31 53 17 41 31 1 53 17 17 19 3 8
split_gain=0.00037428 0.000236507 0.000182217 0.00012352 0.000111226 9.56093e-05 9.10061e-05 0.000136157 8.84051e-05 8.70202e-05 0.000101899 0.000102024 8.91572e-05 0.000171684 0.000132643 0.000113759 8.66606e-05 8.73453e-05 0.00010531 9.06312e-05 8.4402e-05 8.15627e-05 0.000103575 9.01038e-05 8.14872e-05 8.71243e-05 8.02613e-05 9.3972e-05 8.42206e-05 9.27279e-05 0.000139535 9.99454e-05 9.5095e-05 7.92602e-05 7.76485e-05 7.89143e-05 7.69892e-05 7.06737e-05 7.49289e-05 7.46388e-05 6.95915e-05 6.87402e-05 0.000107106 6.62133e-05 6.60078e-05 6.73238e-05 6.45625e-05 6.38725e-05 6.37332e-05 0.000113117 6.05238e-05 6.03403e-05 6.01122e-05 6.46513e-05 6.04466e-05 6.64422e-05 5.93725e-05 5.86052e-05 5.78921e-05 5.77401e-05 5.691e-05 5.36916e-05 5.31101e-05 5.28723e-05 5.37169e-05 5.27327e-05 5.24433e-05 5.23964e-05 5.16841e-05 5.1201e-05 5.07723e-05 6.14569e-05 5.06506e-05 4.96695e-05 4.92543e-05 4.85965e-05 7.86829e-05 6.77796e-05 6.76976e-05 4.85411e-05 4.83929e-05 5.53864e-05 4.80029e-05 4.68289e-05 4.65171e-05 4.63305e-05 5.94341e-05 4.62842e-05
threshold=-0.50252907995500784 0.30551207109196238 0.028687949702850067 0.9163533834586467 0.68135009793755053 54266.500000000007 1334.1072246505275 55.500000000000007 -0.27269535706971704 0.069189998847793546 -23.461516552485445 6.6913851333035845 120.50000000000001 85.500000000000014 -1.2222105065841615 101.50000000000001 5.3367265831417408 -0.63623783510003251 -0.0035820908289920235 -0.91507633587786252 -500.25000000000711 50667.000000000007 0.32724357595405001 255.50000000000003 130.50000000000003 0.10307372973298214 0.14691847117708065 0.0021436251849537018 41.138047040596781 0.2725487618351583 33.643761058724166 26.243467709479649 0.0019512213693957394 -2.2193119230179543 -42.249999999999993 0.05670459976496648 -0.26292343679681879 0.29080485207018447 20.500000000000004 -0.65553435114503811 0.32420569766102092 -0.70554385657044238 45887.500000000007 44.444444444448074 0.21987315015484724 -0.0012666249538753058 -0.70896946564885488 154.50000000000003 42.287847023286552 156.45785940986323 -0.39632580966033754 1337.1750026094032 -0.10744638834440184 -0.11918689238084886 -0.0034071649137470956 230.50000000000003 -0.37499999999999994 43.341718408564176 55.555555555554321 0.1275680844816558 -0.0012383905676813243 0.038711502502915295 0.0041688481248872708 0.0021798722250677685 0.5084586466165415 -0.22365934294753384 103.50000000000001 0.16006200980754209 53.365518855590558 0.099999999999999659 0.45248818887114345 35.972847228832279 -0.3463740458015267 -0.0026509180910170324 0.53101503759398505 -0.88263358778625933 29.500000000000004 40.092650739888136 -0.15360507299376844 0.0013726842430545896 255.50000000000003 32.663509160881958 28.089412590299975 -0.13289912524501915 -0.046175141160293719 0.045417991147377997 -1.0000000180025095e-35 0.074999999999999303
decision_type=2 2 8 2 8 2 2 2 10 10 2 2 2 2 2 2 2 10 2 10 10 2 2 2 2 2 2 2 2 2 2 2 2 2 8 2 8 2 2 10 10 8 2 2 10 2 10 2 2 2 10 2 10 10 2 2 10 2 2 2 2 10 2 10 2 10 2 2 2 10 10 2 8 10 2 10 2 2 10 2 2 2 2 10 10 2 2 8
left_child=1 4 8 9 6 21 43 -8 62 10 20 70 13 16 47 44 17 19 -19 -11 -4 23 -23 34 25 -6 27 61 50 32 -31 58 33 -30 56 41 82 38 57 67 -35 42 69 72 45 84 87 51 -39 -50 -28 -14 54 -54 -16 79 -3 -5 -32 -33 -45 -21 -2 64 -20 -66 -10 -40 74 -36 71 75 -1 -67 -42 77 78 -12 -77 -56 81 -57 -27 -76 -15 -63 -87 -43
right_child=2 5 3 37 24 -7 7 -9 66 12 11 -13 14 15 52 -17 -18 18 63 26 -22 22 -24 -25 -26 36 28 -29 29 30 31 59 -34 40 35 -37 -38 48 39 -41 68 46 -44 60 -46 -47 -48 -49 49 -51 -52 -53 53 -55 55 80 -58 -59 -60 -61 -62 85 -64 -65 65 73 -68 -69 -70 -71 -72 -73 -74 -75 83 76 -78 -79 -80 -81 -82 -83 -84 -85 -86 86 -88 -89
leaf_value=-8.2117278328504107e-06 -1.4127564452435161e-05 -6.7365089265984513e-05 -7.9999528515445442e-05 9.2767282287984344e-06 5.0306566092746324e-05 -6.6038523645455183e-05 1.5055377854635959e-05 -6.3218204683175767e-05 1.2459571152683383e-05 -1.6270403692801405e-05 4.7759745453516232e-05 -4.2569482435667151e-05 -1.4140417510939783e-05 5.7223452985510265e-05 2.6452357187968348e-05 9.512865900256875e-06 -4.7372062590956926e-05 -6.0013147648923865e-05 -1.13288363751535e-05 3.517532038623155e-05 -1.0496497125365081e-05 6.1344653712226062e-05 -1.6291405508355827e-05 1.9378531565860021e-05 -2.5489751154567808e-06 4.8149737507916441e-05 -3.4434370666722951e-05 4.9524231417554968e-05 6.539875245858375e-05 -3.7984337213695329e-05 4.0567703135016458e-05 -3.624588365750933e-05 7.615413576009959e-05 2.6362683030722002e-06 -1.2199596001514966e-05 -4.893794511418547e-05 1.0395340530780856e-06 7.8733069790314322e-06 1.5293582178405616e-05 8.8899290982647669e-06 1.914856232697647e-05 -4.0449532480145966e-05 -6.4788807108028052e-05 -2.771954964132947e-05 7.7353755854467872e-05 1.8339773411951346e-05 6.5821607709869993e-06 -4.8940523395877039e-06 2.0216833121102773e-05 7.2656027807918664e-05 6.2957170006112702e-06 -5.7933721507977654e-05 1.512105045831743e-05 2.4181044861018449e-07 -9.1256125475381984e-07 -7.2311741565987449e-06 -1.1861210858803613e-05 -3.2775876191200063e-05 4.7751288947331782e-07 1.7784579133318132e-05 -2.3008108889805344e-06 -1.1078445101157516e-05 -4.9668009310735572e-05 -3.5301375772049043e-05 -1.4709127149283135e-05 5.9805527048192694e-05 -8.1003699400579864e-06 5.6992278181897432e-05 -2.3077563999809527e-06 -3.6016876997628282e-05 2.5013080845695087e-05 -3.4089937341236535e-05 -2.6028387185741976e-05 8.2483524960353138e-06 8.7354305319069158e-05 -9.2230405449072258e-06 9.0717924508460415e-07 0 -6.9084099874655968e-05 -1.7840189538053125e-05 -4.808633289279952e-06 2.3844506578654862e-05 1.385778313701611e-05 3.5324709278514518e-05 1.1298809367891085e-05 -1.2223119053191352e-05 3.5496053852127625e-05 2.3736892187497511e-06
leaf_weight=727 609 69 36 67 62 47 36 73 250 165 55 67 140 118 103 579 37 43 156 38 53 34 43 66 1026 70 52 41 50 64 151 52 47 176 551 88 544 138 85 927 94 72 60 104 36 307 248 839 149 74 200 53 954 530 1537 78 39 79 63 37 3602 445 55 51 37 41 322 69 38 135 87 63 256 55 37 68 721 93 35 223 156 297 179 65 39 53 62 41
leaf_count=727 609 69 36 67 62 47 36 73 250 165 55 67 140 118 103 579 37 43 156 38 53 34 43 66 1026 70 52 41 50 64 151 52 47 176 551 88 544 138 85 927 94 72 60 104 36 307 248 839 149 74 200 53 954 530 1537 78 39 79 63 37 3602 445 55 51 37 41 322 69 38 135 87 63 256 55 37 68 721 93 35 223 156 297 179 65 39 53 62 41
internal_value=-2.56302e-07 -5.86769e-06 3.42182e-06 4.78296e-06 -3.13762e-06 -1.8016e-05 -5.87046e-06 -3.64796e-05 -8.83942e-06 3.33078e-06 -4.82694e-06 -2.13558e-06 4.59259e-06 8.77193e-06 1.65418e-06 1.99283e-05 3.60834e-06 4.46565e-06 -1.01396e-05 7.41407e-06 -3.96962e-05 -1.63882e-05 1.67342e-05 -1.83218e-05 3.78183e-06 1.14918e-05 9.68296e-06 0 1.51009e-05 2.0063e-05 6.80668e-06 1.65865e-05 2.94681e-05 2.44878e-05 -2.03056e-05 -1.77022e-05 8.33525e-06 1.35166e-05 9.5346e-06 1.26427e-05 1.92629e-05 -1.51318e-05 -2.09985e-05 -5.13831e-06 3.17961e-05 2.80531e-05 -2.7406e-06 -9.05967e-06 2.67831e-05 3.80517e-05 -1.72535e-06 -2.66674e-05 4.53023e-06 9.87217e-06 1.17848e-06 1.67759e-11 -4.8217e-05 -1.28157e-05 2.92171e-05 -1.26977e-05 -3.04021e-06 -3.25025e-06 -1.7217e-05 -3.5477e-06 1.72144e-06 1.77553e-05 7.16637e-07 3.46044e-05 3.13554e-05 -1.70276e-05 1.92778e-07 -1.80018e-06 -1.295e-05 3.12745e-05 3.8375e-05 1.93236e-07 -2.90175e-06 1.80779e-05 -3.05027e-05 -3.11229e-06 1.04978e-05 1.7123e-05 2.38863e-05 5.51459e-05 4.64311e-05 -6.03031e-06 1.26632e-05 -2.40565e-05
internal_weight=20613 8172 12441 11205 6679 1493 4798 109 1236 9617 1278 1189 8339 3429 4910 1079 2350 2313 383 1930 89 1446 77 1369 1881 855 1765 639 1126 874 367 303 507 460 1303 1195 793 1588 1227 1081 410 1107 746 4689 500 464 361 1032 361 223 252 193 3878 1484 2394 2291 108 146 214 89 3706 598 664 340 289 133 572 154 234 686 1122 1035 983 96 196 972 824 148 103 1760 531 375 249 102 157 560 115 113
internal_count=20613 8172 12441 11205 6679 1493 4798 109 1236 9617 1278 1189 8339 3429 4910 1079 2350 2313 383 1930 89 1446 77 1369 1881 855 1765 639 1126 874 367 303 507 460 1303 1195 793 1588 1227 1081 410 1107 746 4689 500 464 361 1032 361 223 252 193 3878 1484 2394 2291 108 146 214 89 3706 598 664 340 289 133 572 154 234 686 1122 1035 983 96 196 972 824 148 103 1760 531 375 249 102 157 560 115 113
is_linear=0
shrinkage=0.0337242


Tree=49
num_leaves=89
num_cat=0
split_feature=20 20 20 19 31 41 31 4 55 1 11 20 29 31 10 55 31 1 29 52 12 31 54 26 20 1 4 3 0 31 31 52 52 55 19 31 55 19 19 1 1 53 31 15 20 55 1 31 55 1 31 12 19 1 2 20 55 4 1 30 30 4 31 6 20 20 4 19 54 19 31 55 31 12 4 1 19 52 19 29 31 31 19 30 31 31 4 52
split_gain=0.000918146 0.000428164 0.000278305 0.0002443 0.000242689 0.000219041 0.000200547 0.000169905 0.000155689 0.000195569 0.000169548 0.000154385 0.000145204 0.000144954 0.000145474 0.000134005 0.000146092 0.000322728 0.00015354 0.000145716 0.000183211 0.000137269 0.000213628 0.000135906 0.000127753 0.000126662 0.000122287 0.000113003 0.000111756 0.000107111 9.76552e-05 9.5783e-05 9.52469e-05 0.00025922 0.000174528 0.000104428 0.00014277 0.000125798 0.000147698 0.000120421 0.000126378 0.000113047 0.000105909 0.00011156 0.000110439 9.477e-05 0.00019282 9.25806e-05 9.10973e-05 0.000104284 0.000133851 8.89732e-05 8.84358e-05 0.000135057 0.000110029 9.26475e-05 9.01791e-05 8.80866e-05 8.46015e-05 8.24072e-05 8.19316e-05 8.16073e-05 7.85905e-05 7.53969e-05 7.42196e-05 7.41889e-05 7.54739e-05 8.7965e-05 9.98957e-05 7.31292e-05 7.26677e-05 7.20604e-05 7.18195e-05 7.1791e-05 7.15545e-05 7.05957e-05 6.97546e-05 0.000144476 6.96107e-05 0.000260276 6.76362e-05 6.73742e-05 9.58833e-05 8.51625e-05 6.72736e-05 9.73011e-05 8.43099e-05 7.41781e-05
threshold=0.72353976995991165 10.020000000000001 0.011560736560736562 0.031664368741388678 24.500000000000004 -0.003430541825542532 96.500000000000014 -0.76674062976991342 6931.0000000000009 615.58555431131037 -0.79675572519083959 2.6568921232876721 12.500000000000002 225.50000000000003 -0.58176691729323282 150653.00000000003 118.50000000000001 115.22047529595132 5.5000000000000009 0.31407658132525668 -0.37309160305343508 20.500000000000004 -17.008819250833191 -0.0054888507185451392 0.44208267449740235 258.2966297456349 -0.26816807055232056 0.17493429093024768 65.500000000000014 84.500000000000014 45.500000000000007 0.21176826070987798 0.32242932479907177 51841.500000000007 -0.19708317084393909 122.50000000000001 60813.000000000007 5.3367265831417408 8.3340457500463589 714.78068446180566 990.27593738862709 40.51253410542845 56.500000000000007 0.18691234349980934 0.48586238140923149 41828.500000000007 61.184102212231345 63.500000000000007 4974.5000000000009 256.0709528940418 20.500000000000004 -0.77767175572519076 -0.095293485085852211 38.858145575598421 -0.066341252338439308 2.2076696888017646 48348.500000000007 -0.034414042625360387 633.27524664140572 16.500000000000004 18.500000000000004 -0.83093306574707437 22.500000000000004 -42.749999999999993 0.39646273753356104 6.0555984555984566 -0.048094861213183321 0.50607482713051521 6.6310285013361172 1.4067708197185882 80.500000000000014 51841.500000000007 34.500000000000007 -0.21278625954198468 -0.40479959296738083 2335.7034383793448 6.6913851333035845 0.13159582631800901 0.58566108782892468 20.500000000000004 51.500000000000007 229.50000000000003 -9.9523453527353904 17.500000000000004 86.500000000000014 137.50000000000003 -0.28676013341624734 0.28719961038599889
decision_type=2 2 2 2 2 2 2 2 2 2 10 2 2 2 2 2 2 2 2 2 8 2 2 10 2 2 2 2 2 2 2 2 2 2 2 2 2 2 2 2 2 2 2 10 2 2 2 2 2 2 2 8 2 2 2 2 2 2 2 2 2 2 2 8 2 2 2 2 2 2 2 2 2 8 2 2 2 2 2 2 2 2 2 2 2 2 2 2
left_child=2 3 25 15 12 7 8 -4 9 10 -3 84 51 14 32 16 17 21 29 62 30 22 -2 81 73 -1 -23 -9 -10 -19 -21 -26 35 34 -34 39 37 41 -39 42 -41 71 43 48 -44 65 59 -46 -7 64 -51 -5 55 -54 -55 56 -28 -25 -43 -47 -15 -52 -20 -36 -50 66 67 -13 -69 -42 -56 -37 -17 -16 -49 -71 77 -62 -65 -80 -68 82 -18 -83 86 -86 87 -6
right_child=1 6 5 4 11 13 -8 27 28 -11 -12 45 -14 60 24 72 23 18 19 20 -22 26 -24 57 31 -27 52 -29 -30 -31 -32 -33 33 -35 63 36 -38 38 -40 40 69 58 44 -45 47 46 -48 74 49 50 61 -53 53 54 70 -57 -58 -59 -60 -61 76 -63 -64 78 -66 -67 80 68 -70 75 -72 -73 -74 -75 -76 -77 -78 -79 79 -81 -82 83 -84 -85 85 -87 -88 -89
leaf_value=-2.8979944678522678e-05 -6.1426090791062742e-05 -3.0170309404784573e-05 -0.00010815980339954251 -3.7641149039497467e-05 3.5578402273785284e-06 -3.9655299335185151e-05 8.5585509845725728e-06 -9.3544859028341774e-06 1.0745481042296692e-05 0.00010407781886360091 5.1079311759637058e-05 1.1987064877160741e-05 -5.1841558931750737e-05 -3.5889805961936658e-06 -2.6820140340854834e-05 -8.1397031920270552e-05 -4.2988744684314968e-05 -6.8337464123967186e-06 9.1035906446572287e-05 -5.3032252674143134e-05 4.8266839730936352e-05 3.283305162401429e-05 -3.4459170649378056e-06 -2.6324871592019499e-06 -3.4731072143395157e-05 -9.1446136003145098e-05 -1.707920427875783e-05 -6.4531886952826732e-05 4.0048979717090936e-05 3.8981958690527211e-05 5.1429669934805546e-06 -0.00011038008081496255 -4.6559871000806235e-05 -0.00010355422288487189 -4.7389791171523176e-05 -2.4255757112969169e-05 4.7057893839554574e-06 7.100671054542277e-05 -4.5520345575760321e-06 -5.663884563848174e-05 0 -8.5564371415641789e-06 9.3332074322519619e-07 -4.0883881712173279e-05 6.9019013035014499e-05 -1.3594424711210224e-05 0.00011681638000001599 2.7260822914716445e-05 -2.4322993246635199e-05 5.5254032192629391e-05 -4.3601704776751666e-05 2.3598794299262943e-05 2.3703558828067828e-06 -1.495508853477486e-06 -6.2292705908065284e-05 3.5618978431884392e-05 3.1280673768074677e-05 1.0836745481624806e-05 -5.1836662213111335e-05 5.2944959762716818e-05 6.1476105111550668e-05 1.2856978099384921e-05 3.8379722379751326e-05 -9.2626418039344139e-06 8.5709586147763554e-06 5.5470148575704124e-05 -3.9814233485998793e-05 1.2546768826888211e-05 8.5708357641559773e-05 -1.5111173379884785e-05 -6.450610192215427e-06 -6.4577147501760387e-05 -9.4462753220266948e-06 2.5753579902666484e-05 -3.1938598249810653e-06 -7.2552866040935274e-05 -2.0572761707087882e-05 9.9697886608309154e-06 -8.6967945874413824e-06 9.7382152897686764e-05 1.1199500036837946e-05 -1.3342358226015851e-05 -1.2054578717008558e-05 1.5598192835179769e-05 2.3740371131870105e-05 7.3672632240780034e-06 -1.6861432955323797e-05 5.5326046602180047e-05
leaf_weight=115 107 34 36 41 250 73 736 140 367 69 163 192 106 633 150 35 132 263 39 47 89 133 235 2104 52 60 134 64 263 74 101 36 154 39 48 717 513 39 112 78 300 1136 1500 112 42 34 40 216 209 73 37 78 480 110 104 127 65 747 55 49 77 136 369 491 119 65 43 43 50 111 41 58 35 35 139 34 54 357 101 35 91 260 1038 208 589 1482 228 37
leaf_count=115 107 34 36 41 250 73 736 140 367 69 163 192 106 633 150 35 132 263 39 47 89 133 235 2104 52 60 134 64 263 74 101 36 154 39 48 717 513 39 112 78 300 1136 1500 112 42 34 40 216 209 73 37 78 480 110 104 127 65 747 55 49 77 136 369 491 119 65 43 43 50 111 41 58 35 35 139 34 54 357 101 35 91 260 1038 208 589 1482 228 37
internal_value=-2.47421e-07 5.70165e-06 -8.76039e-06 3.19202e-06 1.05967e-05 -7.86041e-06 2.17813e-05 -3.96948e-05 3.25349e-05 5.44418e-05 3.65659e-05 1.30016e-05 -2.31013e-05 -6.9018e-06 -8.72152e-06 -3.70597e-07 7.94655e-08 6.59476e-06 2.17066e-05 3.1362e-05 9.8003e-06 -3.00369e-06 -2.18686e-05 -3.5536e-06 -3.29598e-05 -5.09493e-05 2.31887e-06 -2.71389e-05 2.3132e-05 2.93987e-06 -1.26785e-05 -6.67769e-05 -7.71603e-06 -1.8193e-05 -1.40606e-05 -6.13389e-06 -1.11132e-05 -1.49922e-05 1.43231e-05 -1.98405e-06 -1.6785e-05 -1.7293e-05 8.94055e-07 -9.70826e-06 5.18705e-06 2.83864e-05 5.53233e-05 2.10156e-05 -4.16215e-06 1.83397e-07 1.69465e-05 1.68705e-06 -1.41509e-06 -7.98138e-06 -2.78461e-05 1.30928e-05 -7.97537e-07 8.62728e-07 -1.06363e-05 2.45233e-05 4.29391e-06 2.23262e-07 4.365e-05 -6.5027e-06 -1.20942e-05 2.13412e-05 1.5816e-05 2.56834e-05 5.29203e-05 -9.58218e-06 -4.71695e-05 -2.73981e-05 -4.68026e-05 -1.63513e-05 1.5064e-05 -2.92469e-05 1.47171e-05 1.93307e-05 -3.21842e-06 1.78923e-05 -4.44927e-06 -1.12994e-05 -1.56272e-05 -2.73356e-07 9.35298e-06 1.20705e-05 -1.3875e-06 1.05686e-05
internal_weight=20613 12127 8486 10495 3418 8311 1632 240 896 266 197 3193 225 8071 6950 7077 7007 2518 982 645 237 1536 342 4489 273 175 1194 204 630 337 148 88 6677 868 829 5809 2630 2117 151 3179 523 1966 2656 759 1897 607 123 397 647 574 246 119 1061 735 255 326 199 2851 1191 83 1121 173 408 675 328 484 419 285 93 445 145 775 70 185 355 145 488 434 627 136 134 1638 1170 468 2586 2071 515 287
internal_count=20613 12127 8486 10495 3418 8311 1632 240 896 266 197 3193 225 8071 6950 7077 7007 2518 982 645 237 1536 342 4489 273 175 1194 204 630 337 148 88 6677 868 829 5809 2630 2117 151 3179 523 1966 2656 759 1897 607 123 397 647 574 246 119 1061 735 255 326 199 2851 1191 83 1121 173 408 675 328 484 419 285 93 445 145 775 70 185 355 145 488 434 627 136 134 1638 1170 468 2586 2071 515 287
is_linear=0
shrinkage=0.0337242


Tree=50
num_leaves=89
num_cat=0
split_feature=20 31 20 20 31 4 54 31 52 19 4 19 31 31 0 30 51 19 47 54 40 31 15 54 30 19 31 20 54 45 11 44 48 19 54 50 17 31 0 31 22 48 5 19 19 47 53 20 3 38 20 53 48 15 0 52 53 48 20 45 0 4 52 52 52 8 52 48 4 20 31 20 31 31 53 0 2 17 50 54 24 31 31 31 50 53 19 54
split_gain=0.000872739 0.000392685 0.000326054 0.000195227 0.000200509 0.000209695 0.000188939 0.000188936 0.000159901 0.000242243 0.000167767 0.000158359 0.000142444 0.000142987 0.000136301 0.0001661 0.000136171 0.000135555 0.000117872 0.000118555 0.000117825 0.000117023 0.000162963 0.000151578 0.000140524 0.000120499 0.00022408 0.00012448 0.000117638 0.000116031 0.000116026 0.000103761 9.94413e-05 0.000121328 0.000114666 9.42987e-05 9.36236e-05 0.000133665 9.0461e-05 9.01359e-05 0.000213725 8.80976e-05 8.86178e-05 0.000105156 8.79484e-05 8.13216e-05 9.20519e-05 7.9764e-05 9.52999e-05 7.97593e-05 8.41905e-05 0.000108762 0.000153824 7.96565e-05 7.72719e-05 0.000107013 8.65395e-05 7.63435e-05 7.55921e-05 7.43596e-05 8.16859e-05 0.000127815 0.000110576 7.33336e-05 7.31975e-05 7.06353e-05 7.53696e-05 6.96974e-05 6.93085e-05 7.83621e-05 6.86483e-05 8.37198e-05 6.83147e-05 0.000106983 6.67211e-05 6.55596e-05 6.43817e-05 7.66762e-05 6.78503e-05 6.06577e-05 6.00171e-05 5.87552e-05 6.39804e-05 5.86509e-05 5.85141e-05 5.80468e-05 7.48065e-05 5.79475e-05
threshold=1.5966726003012461 145.50000000000003 0.21860135837702707 9.5879629629629655 45.500000000000007 -0.083268556730171292 25.925028275124287 87.500000000000014 0.24342507069695665 0.80565758792624831 -0.0071195375657188064 -0.10780283283332891 85.500000000000014 100.50000000000001 197.50000000000003 17.500000000000004 74.074074074075142 0.11833879549232408 -115.38461538459508 -22.905014081634466 -0.001008573125874823 117.50000000000001 0.27210623104986381 -37.931000107663742 18.500000000000004 -5.328843120284886 46.500000000000007 1.1949635730123538 14.630431465594949 0.0086353141070539836 -0.58492366412213725 -0.0024676135239225512 81.422509980216986 0.21815115769067009 -10.228800252628558 50.000000000000227 -0.26743658757789407 16.500000000000004 1.0000000180025095e-35 23.500000000000004 -0.9235178848234914 57.938647294994304 -0.42274603288767942 3.617881993781737 -9.9523453527353904 47.619047619067651 26.150614459977636 12.589473684210528 -0.53142410218628899 -0.0012961768243919811 0.11434624697336564 51.145807489798401 62.596342293932274 0.38025798470796396 30.500000000000004 0.23360244510311348 94.524481478808099 85.988189002516819 88.500000000000014 0.0063643636142699531 21.500000000000004 -0.56065916671377669 0.19902458633837386 0.13531170450081673 0.11054757797299157 0.10000000000000499 0.21911030697893061 80.97073446853814 -0.14256034823901856 0.24619250096637033 255.50000000000003 3.2160256410256416 4.5000000000000009 37.500000000000007 59.755824731549872 553.50000000000011 -0.33751230200851634 -0.4901297504461542 66.666666666666345 -2.6663506911327186 -7.1111116994870814e-11 108.50000000000001 122.50000000000001 22.500000000000004 75.000000000002402 23.64646387144197 -1.6758041570233073 5.5235485219892579
decision_type=2 2 2 2 2 2 2 2 2 2 2 2 2 2 2 2 2 2 2 2 2 2 8 2 2 2 2 2 2 2 10 2 2 2 2 2 8 2 2 2 10 2 2 2 2 2 2 2 2 2 2 2 2 8 2 2 2 2 2 2 2 2 2 2 2 10 2 2 2 2 2 2 2 2 2 2 2 10 2 2 10 2 2 2 2 2 2 2
left_child=2 3 7 4 5 32 8 18 12 10 67 47 45 79 15 16 83 21 -1 -20 30 22 25 -24 44 26 -4 -28 72 38 -21 -27 34 -34 -2 -9 37 -5 -22 40 -19 53 43 -43 -23 74 -47 48 64 -40 65 -52 -53 -41 55 85 -57 -26 -38 60 68 62 -62 -48 -3 66 -51 -10 69 -44 71 -13 -25 -74 -6 -37 -33 78 -78 -14 -16 -63 -83 -7 -17 86 -50 -68
right_child=1 11 17 36 6 14 -8 35 9 -11 -12 70 13 -15 80 84 -18 39 19 20 29 24 23 28 57 31 27 -29 -30 -31 -32 76 33 -35 -36 75 58 -39 49 41 -42 42 59 -45 -46 46 63 -49 54 50 51 52 -54 -55 -56 56 -58 -59 -60 -61 61 81 -64 -65 -66 -67 87 -69 -70 -71 -72 -73 73 -75 -76 -77 77 -79 -80 -81 -82 82 -84 -85 -86 -87 -88 -89
leaf_value=3.3593478798134144e-05 7.4068117997251425e-05 -7.6983332903490193e-05 0.00010282657826979455 4.0718893983092397e-06 -1.2067750460922428e-05 9.9466500689534666e-06 7.0433403199418292e-05 -2.2385738536038562e-05 1.1608734397474191e-05 0.0001232348126776711 9.9230341573581225e-05 7.9754658376600307e-06 6.6960505743354486e-05 9.702300155880307e-06 -1.2906749602367078e-05 -1.1433463529882904e-05 -2.7418553517780782e-05 3.7064202029223235e-05 -8.6855161017568237e-05 -1.7376968826862479e-05 -6.5398538782447232e-05 -4.5847664548222586e-05 -8.6519758763009904e-05 2.4215605624565662e-05 2.7791848042942444e-06 -1.5824843256854924e-05 -1.0106247634289006e-05 6.4519882886059316e-05 -6.1844187553136731e-05 -7.859418767097258e-05 -9.5184499169159568e-05 1.5246966972972601e-05 -2.3265982199742652e-05 4.7143487571252618e-05 1.9189902142090549e-05 -5.6389672709885575e-06 2.2910279520087868e-05 8.9299390795921218e-05 -5.6925211677970109e-05 9.1347247710856056e-08 -6.6903847044497131e-05 1.6938766378650919e-05 -4.3254911186065398e-05 7.8184150828206447e-05 -1.1191148509267001e-05 5.9793407753839653e-05 4.2082727358820548e-05 9.590698732400979e-06 -3.7425669127174677e-05 -1.4021336968966666e-05 -1.2576379414639229e-05 8.4336850851587767e-05 -4.0085955309271162e-06 -3.9362465974076978e-05 -1.336347330236698e-05 3.3429789873549401e-05 -2.0963523959460172e-05 4.9308281493569654e-05 5.7164573275728921e-05 -2.8077982445481297e-05 2.1116002037946894e-05 -1.2616516660128879e-05 7.4874894489803992e-05 -7.6044087411954933e-06 -1.7628131925517427e-05 4.4665039861690468e-06 -1.8814636549499116e-05 5.734954872723674e-05 -3.5355393400311042e-05 6.2210566486502908e-06 -1.457653366021202e-05 2.8159906635209839e-05 -4.995624482144575e-05 1.6292141917684293e-06 2.6492457357477665e-05 2.8785138719810646e-05 5.2276244576611294e-06 3.0580880649327754e-06 -4.1830946145138288e-05 2.9519111221485058e-05 -7.2720888103843608e-05 5.5484422737733768e-05 8.7260343729830035e-06 5.7612407056168689e-05 -4.6788136703474231e-05 0 8.1920448190635983e-06 -5.6878641187292049e-05
leaf_weight=36 57 34 38 34 413 56 80 414 253 34 34 837 87 373 36 269 47 34 38 43 47 88 37 68 432 355 96 34 49 40 53 446 102 38 220 1468 795 67 54 1792 62 151 39 43 2736 47 46 465 114 250 219 37 52 60 656 171 39 45 86 66 163 133 64 121 101 91 85 47 61 505 102 337 66 138 57 65 53 1391 86 151 55 37 481 78 71 961 59 128
leaf_count=36 57 34 38 34 413 56 80 414 253 34 34 837 87 373 36 269 47 34 38 43 47 88 37 68 432 355 96 34 49 40 53 446 102 38 220 1468 795 67 54 1792 62 151 39 43 2736 47 46 465 114 250 219 37 52 60 656 171 39 45 86 66 163 133 64 121 101 91 85 47 61 505 102 337 66 138 57 65 53 1391 86 151 55 37 481 78 71 961 59 128
internal_value=2.60053e-07 9.31458e-06 -5.05951e-06 1.70916e-05 1.24545e-05 5.52892e-07 1.94253e-05 -1.45652e-05 1.69133e-05 3.66474e-05 2.75437e-05 1.75743e-06 1.12309e-05 2.30691e-05 -1.19168e-05 -5.05845e-06 2.07851e-05 -2.03845e-06 -2.52958e-05 -2.72454e-05 -2.50964e-05 -5.1074e-06 -7.60547e-08 -2.13889e-05 -9.43273e-06 2.93849e-06 3.05411e-05 8.66787e-06 -1.35805e-05 -2.1531e-05 -6.13401e-05 9.07648e-07 1.90855e-05 -3.4644e-06 3.08315e-05 -8.05068e-06 3.00828e-05 6.1566e-05 -1.90604e-05 3.05554e-06 -2.9075e-05 3.94043e-06 9.38837e-06 3.10121e-05 -1.23053e-05 5.14714e-07 1.78784e-05 -2.9885e-06 -5.77351e-06 -1.65772e-05 -1.39375e-05 0 3.16333e-05 -1.13467e-06 -3.86762e-06 6.95343e-07 2.28679e-05 7.37137e-06 2.63638e-05 6.61777e-06 8.22706e-06 1.48057e-05 3.66985e-05 5.5031e-06 -3.32929e-05 -2.17965e-05 -2.71671e-05 1.9097e-05 -1.16032e-06 2.49638e-06 1.15036e-05 1.38518e-05 -4.53054e-06 -1.45864e-05 -7.18564e-06 -4.11631e-06 3.96265e-06 6.10065e-07 -2.31924e-05 4.36118e-05 -5.01204e-05 7.02328e-06 1.22525e-05 3.84137e-05 -1.91007e-05 -3.32545e-06 -2.13095e-05 -4.21426e-05
internal_weight=20599 7630 12969 3754 2772 1029 1743 3120 1663 368 334 3876 1295 611 612 521 181 9849 1173 1137 1099 6158 2857 358 3301 2499 168 130 321 1003 96 2331 417 140 277 1947 982 101 963 3691 96 3595 1743 194 2824 684 214 2600 2135 916 862 308 89 1852 2000 1344 210 477 881 1549 1483 878 227 167 135 554 463 300 605 544 1276 1174 272 204 470 1533 1976 1530 139 238 91 651 518 134 340 1134 173 213
internal_count=20599 7630 12969 3754 2772 1029 1743 3120 1663 368 334 3876 1295 611 612 521 181 9849 1173 1137 1099 6158 2857 358 3301 2499 168 130 321 1003 96 2331 417 140 277 1947 982 101 963 3691 96 3595 1743 194 2824 684 214 2600 2135 916 862 308 89 1852 2000 1344 210 477 881 1549 1483 878 227 167 135 554 463 300 605 544 1276 1174 272 204 470 1533 1976 1530 139 238 91 651 518 134 340 1134 173 213
is_linear=0
shrinkage=0.0337242


Tree=51
num_leaves=89
num_cat=0
split_feature=20 31 20 1 19 52 20 4 4 31 31 20 51 35 1 52 29 55 10 20 1 31 29 55 31 30 31 20 38 20 36 0 24 52 36 22 0 21 52 18 51 2 7 24 27 19 31 19 5 1 19 31 29 19 55 20 4 51 18 54 29 31 7 12 31 5 52 4 31 10 18 31 20 31 11 18 1 27 54 27 47 1 51 19 10 42 21 20
split_gain=0.000815444 0.000367286 0.000307913 0.000181941 0.000151527 0.000149642 0.000151481 0.000167225 0.0001552 0.000148085 0.000143085 0.000208875 0.000155392 0.00014231 0.000348782 0.000478167 0.000236322 0.000242047 0.000192651 0.0001538 0.00014456 0.000126221 0.000210766 0.000197371 0.000183296 0.00013739 0.000123451 0.000120034 0.000119011 0.000117246 0.000111654 9.95275e-05 9.80266e-05 0.000125907 9.17139e-05 9.10152e-05 8.65902e-05 8.63796e-05 0.00014747 8.35569e-05 8.00747e-05 7.56179e-05 7.50784e-05 8.81721e-05 7.47699e-05 7.39545e-05 0.000105316 8.57211e-05 8.13828e-05 8.9548e-05 0.000111883 0.000131443 0.000109277 7.79116e-05 7.58374e-05 7.45169e-05 7.30898e-05 7.2979e-05 7.28461e-05 7.21105e-05 7.40982e-05 6.93533e-05 6.76077e-05 6.75897e-05 8.65731e-05 6.68791e-05 9.06317e-05 6.68262e-05 6.56119e-05 6.49533e-05 6.45273e-05 6.43872e-05 7.47455e-05 6.27848e-05 6.25065e-05 6.2248e-05 6.18601e-05 6.13616e-05 6.09837e-05 6.19695e-05 6.02704e-05 5.87143e-05 5.81433e-05 6.6217e-05 5.75054e-05 5.74484e-05 5.6155e-05 5.56365e-05
threshold=1.5966726003012461 141.50000000000003 0.092628342628342644 61.264654930972277 -0.10780283283332891 0.081505695557793911 52.300000000000011 -0.00048759115834699518 -0.095730397422126731 238.50000000000003 85.500000000000014 9.5879629629629655 86.666666666667837 1.0000000180025095e-35 79.012095259468339 0.24123666125773477 6.5000000000000009 2909.5000000000005 -1.5197368421052626 0.53972763347763364 33.047478104378065 39.500000000000007 9.5000000000000018 8395.0000000000018 76.500000000000014 17.500000000000004 22.500000000000004 6.0555984555984566 -0.0013063362856020608 0.0075901601567000812 0.0013614710189253645 36.500000000000007 -501.00000000002484 0.23837809668605667 -0.0032336318626450806 -0.88910093299406256 304.50000000000006 1.0000000180025095e-35 0.36330294326254681 0.0081275385089140621 67.499999999999304 -0.20662145024949172 0.45733235395782934 1.0000000180025095e-35 -12.103356864364928 0.034013612733932781 117.50000000000001 -6.7361877645009818 -0.45872949558592652 255.22743394534169 0.41792454814800811 65.500000000000014 10.500000000000002 2.0722347036662545 48132.000000000007 0.46652661064425777 -0.14256034823901856 59.2592592592598 -0.44156893288712368 -36.432775596507803 1.0000000180025095e-35 248.50000000000003 0.30421491531282413 -0.12881679389312975 85.500000000000014 -0.63595289092444285 0.13159582631800901 -0.012345242806263777 116.50000000000001 -2.2998120300751874 -0.27362188138308502 255.50000000000003 3.2160256410256416 14.500000000000002 -0.65553435114503811 0.25950581875925194 631.68192192832782 -2.39281543117615 -4.6369159738656558 22.168827435028586 201.57163742696827 24.909677252944039 64.814814814817197 1.9623125720919463 -1.3768796992481198 0.0013522656621439701 -0.71964701211845694 7.3358974358974374
decision_type=2 2 2 2 2 2 2 2 2 2 2 2 2 2 2 2 2 2 2 2 2 2 2 2 2 2 2 2 2 2 2 2 10 2 2 10 2 2 2 8 2 2 8 8 10 2 2 2 2 2 2 2 2 2 2 2 2 2 10 2 2 2 10 10 2 2 2 2 2 2 10 2 2 2 10 10 2 10 2 10 2 2 2 2 2 2 2 2
left_child=2 3 9 10 34 39 7 8 35 28 11 32 73 30 15 40 19 -18 -19 31 -17 25 57 67 -25 26 -10 78 -1 -30 37 -16 -2 41 84 42 -32 45 59 -5 -15 86 43 -7 -28 46 47 -4 53 50 -50 -52 56 -47 55 -53 69 -23 -44 -39 -61 -48 -54 64 -49 66 -36 70 75 -51 -24 72 81 -13 -45 -62 -37 -70 -27 -80 -38 -6 83 -31 -3 -55 -34 -41
right_child=1 4 13 5 71 6 -8 -9 21 -11 -12 12 -14 14 16 20 17 18 -20 -21 -22 22 23 24 -26 27 44 -29 29 82 36 -33 33 -35 65 76 80 38 -40 87 -42 -43 58 74 -46 48 61 63 49 52 51 54 62 85 -56 -57 -58 -59 -60 60 68 -63 -64 -65 -66 -67 -68 -69 77 -71 -72 -73 -74 -75 -76 -77 -78 -79 79 -81 -82 -83 -84 -85 -86 -87 -88 -89
leaf_value=-6.9062901028942535e-05 -3.163051177220001e-05 4.4203651117062282e-05 3.7390985549789097e-05 0.00010247629944559011 -3.4233709731385616e-05 2.1234833421881032e-05 6.4382269419985299e-05 8.2235178259177223e-05 -9.6133040086289779e-06 1.3269448632317527e-05 2.9235358586074307e-05 -5.6574347286045672e-06 8.7857457116689183e-05 1.5612416835434979e-06 -9.6901508306151469e-05 -5.1046425893679934e-05 -1.7862587456307472e-05 0.00010010923997401347 1.7152227932496429e-05 1.0087657732613002e-05 -0.00014413087804904096 -5.3800304801190477e-06 2.6852092777143271e-05 0.00011733894345887365 3.0074939483836979e-05 -8.8072625027662378e-05 1.5775238254333046e-06 9.9378101762265665e-07 -6.2815846131805952e-05 -2.282776587375131e-05 -1.1947139804708066e-05 -2.0680451289122546e-05 5.2608134437259815e-05 -4.3358489281916544e-05 -7.6686405333068166e-05 1.1604756971381237e-05 3.9749791664804412e-05 -4.8331261197605193e-05 -7.808687297201897e-05 1.3345596513862262e-05 -4.9810414833672715e-05 -5.0957039788598706e-06 8.9340890968617544e-06 5.1809412025129603e-05 6.8036606839746907e-05 1.011982951138068e-05 -1.086101522493136e-05 -7.3770349312663737e-06 1.2358914005257934e-06 -3.0454565323411991e-05 8.0520492930589272e-05 -1.8797963059181454e-05 -6.1333942190774013e-05 7.313330878535714e-05 2.3338247719850284e-05 1.31191660004293e-05 -2.9137965333039506e-05 2.9973792380537543e-05 6.2367389914560364e-05 -3.7876734195656326e-05 4.3062461701698528e-07 1.3086196376199984e-05 -6.8264238764059162e-06 2.2224022771865264e-05 1.1365590996278748e-05 -3.2956627457593306e-06 -6.5752672241015068e-06 5.2109778990476452e-05 -1.7277725396821688e-06 3.3277270319047792e-06 -1.9924372117231435e-05 -1.40849525096488e-05 2.6767008062262459e-05 2.4007402514721541e-05 0.00011909976811415482 3.2097521622465742e-05 5.1362797782650916e-05 -2.3643848617290206e-05 -6.3418763711165158e-05 0 -1.0635948066990586e-05 9.8368978573106611e-06 -1.2707215263619246e-05 -6.4615424293418912e-05 2.6173405495278124e-06 1.2899963422687136e-05 1.0191855239518547e-05 7.0869826443568557e-05
leaf_weight=62 132 72 80 39 35 37 90 47 102 140 319 102 39 111 44 34 95 56 82 55 58 310 70 58 59 34 34 102 72 326 1618 42 43 71 34 262 65 46 34 49 48 457 87 37 56 324 1592 849 2212 70 35 128 62 46 389 235 104 84 48 74 485 147 52 158 417 2369 64 46 381 840 63 102 346 322 41 84 57 246 34 40 42 831 838 54 91 37 277 38
leaf_count=62 132 72 80 39 35 37 90 47 102 140 319 102 39 111 44 34 95 56 82 55 58 310 70 58 59 34 34 102 72 326 1618 42 43 71 34 262 65 46 34 49 48 457 87 37 56 324 1592 849 2212 70 35 128 62 46 389 235 104 84 48 74 485 147 52 158 417 2369 64 46 381 840 63 102 346 322 41 84 57 246 34 40 42 831 838 54 91 37 277 38
internal_value=2.51936e-07 9.00435e-06 -4.88988e-06 1.66613e-05 1.82377e-06 2.38608e-05 2.12873e-05 1.89599e-05 1.71113e-05 -1.93141e-05 8.74503e-06 4.1483e-06 2.28505e-05 -3.00633e-06 -1.8674e-05 -4.94401e-05 1.71543e-06 2.2814e-05 5.15164e-05 -3.24641e-05 -0.000110781 9.54253e-06 1.83259e-05 3.98476e-05 7.41602e-05 -5.29296e-06 1.50163e-05 -2.43217e-05 -2.27596e-05 -2.04593e-05 -2.09507e-06 -6.08013e-05 -4.5889e-06 -2.65609e-07 -2.81929e-06 3.1467e-05 -9.96721e-06 -5.96649e-07 -8.47706e-06 5.98166e-05 -1.33393e-05 3.5477e-06 4.69731e-05 6.7644e-05 4.40039e-05 7.58873e-07 -3.1138e-06 3.37479e-06 3.55017e-06 2.10473e-06 5.16865e-06 1.60995e-05 -5.95557e-06 1.79695e-05 1.29727e-05 1.59836e-06 -2.3342e-06 1.91201e-06 2.86486e-05 -6.60517e-06 -5.01772e-06 -8.78114e-06 -3.73188e-05 1.39589e-06 -1.12717e-06 -4.47057e-06 -3.18859e-05 1.68797e-05 -2.90382e-06 6.22868e-07 3.96807e-06 1.11905e-05 1.33974e-05 1.66431e-05 8.84193e-05 5.27541e-06 1.90119e-05 -1.04806e-05 -4.91258e-05 -2.99249e-05 1.90689e-05 7.94413e-06 -1.78761e-05 -2.90204e-05 2.15798e-05 4.74469e-05 1.61936e-05 3.95822e-05
internal_weight=20599 7630 12969 3686 3944 1924 1798 1708 1661 1492 1762 1443 463 11477 625 251 374 233 138 141 92 1092 690 296 117 402 192 210 1352 1290 10852 86 980 848 2630 569 1725 9127 1350 126 159 777 250 115 90 7777 3243 1504 4534 4127 2999 787 1128 407 752 363 1014 394 135 1316 1270 1739 114 1424 1266 2467 98 179 1196 910 133 1314 1212 424 78 569 319 627 108 74 107 866 1218 380 163 83 320 87
internal_count=20599 7630 12969 3686 3944 1924 1798 1708 1661 1492 1762 1443 463 11477 625 251 374 233 138 141 92 1092 690 296 117 402 192 210 1352 1290 10852 86 980 848 2630 569 1725 9127 1350 126 159 777 250 115 90 7777 3243 1504 4534 4127 2999 787 1128 407 752 363 1014 394 135 1316 1270 1739 114 1424 1266 2467 98 179 1196 910 133 1314 1212 424 78 569 319 627 108 74 107 866 1218 380 163 83 320 87
is_linear=0
shrinkage=0.0337242


Tree=52
num_leaves=89
num_cat=0
split_feature=20 20 20 19 40 2 22 19 20 15 51 51 52 55 5 32 19 39 19 5 1 21 1 42 35 19 55 28 27 21 52 22 1 19 1 19 42 48 55 44 45 53 50 53 29 0 48 47 0 0 1 17 9 4 19 53 42 20 11 13 16 22 52 5 52 1 19 1 4 39 55 15 4 19 20 4 55 16 11 52 15 13 5 54 53 9 10 48
split_gain=0.000792046 0.000271386 0.000226498 0.000232189 0.000143819 0.000127483 0.000152927 0.000122457 0.000145661 0.000119651 0.000129135 0.000116292 0.000135103 0.000110392 0.000110024 9.34636e-05 9.24792e-05 9.09205e-05 8.51684e-05 7.76348e-05 7.68979e-05 9.52192e-05 7.64518e-05 9.33559e-05 7.92545e-05 7.32672e-05 9.02045e-05 7.236e-05 7.7759e-05 7.12133e-05 7.06547e-05 8.14697e-05 6.91714e-05 6.67306e-05 9.94112e-05 7.6681e-05 6.69174e-05 6.63396e-05 6.55899e-05 6.89601e-05 6.28333e-05 6.21654e-05 6.21189e-05 6.18945e-05 6.86093e-05 6.14388e-05 6.13192e-05 6.01229e-05 0.000111259 8.49882e-05 0.000105611 0.000137418 0.000178456 6.35419e-05 5.9335e-05 5.69607e-05 0.000109804 5.57274e-05 0.000109689 0.00010962 7.36589e-05 8.40782e-05 6.9868e-05 5.94892e-05 5.55069e-05 6.16968e-05 6.57469e-05 7.16868e-05 5.53108e-05 5.5232e-05 5.48619e-05 5.45237e-05 6.29333e-05 5.44778e-05 7.47907e-05 6.12742e-05 5.58908e-05 5.42063e-05 5.808e-05 7.03738e-05 5.17497e-05 5.15394e-05 6.85422e-05 5.10316e-05 6.28806e-05 5.02984e-05 5.0047e-05 5.00378e-05
threshold=2.0706476530005946 0.060213074520303438 35.928571428571438 0.099585266693964072 -1.0000000180025095e-35 0.0045912346792235086 -0.49902723735408555 0.04361651913038856 0.495432932932933 0.034421619439761339 63.888888888891053 55.555555555554321 0.13052325505090942 30598.500000000004 -0.4676604361365963 1.0000000180025095e-35 -33.960337751369018 0.0033361157484697039 4.6002721057025449 -0.4676604361365963 154.70301905069422 -0.75643207679515523 633.27524664140572 0.0015278847725096469 1.0000000180025095e-35 -14.557406289399067 2937.5000000000005 -0.99958351380790766 inf -0.24571854712757732 0.20161792586349139 -0.9235178848234914 2330.5830006822612 0.1498881560388661 40.730826159950361 0.18827335120628066 -0.0040066782430013262 71.503786543339615 57401.000000000007 0.0051380881823971389 -0.0019398660344697725 40.940739626354677 100.00000000000028 28.674676027359023 9.5000000000000018 10.500000000000002 95.237023826576902 9.5238095238042142 21.500000000000004 37.500000000000007 61.552546248755512 -0.16282071911295745 -0.28530534351145032 -0.72822799479902744 3.0111664906233391 51.145807489798401 0.0030690545114315797 0.72353976995991165 -0.014312977099236639 -0.10678840250676734 0.46898496240601512 -0.67877511625866449 0.18370058826235849 -0.21747758670880549 0.075415435254798976 81.296109502628298 0.68244869694314414 61.264654930972277 -0.15064446831364123 -0.0031720876411843175 51642.000000000007 0.32335698253928263 -0.022605856747130979 -0.0079486717189123351 2.4353400222965447 -0.15313542314432696 51548.000000000007 0.51409774436090239 -0.03721374045801526 0.34136355903304122 0.17931933726119229 -0.033173156363978315 0.017898419448725795 -13.27275071638033 40.30879444780367 -0.033396946564885489 -0.78383458646616511 77.168273064035063
decision_type=2 2 2 2 2 2 10 2 2 8 2 2 2 2 2 2 2 2 2 2 2 2 2 2 2 2 2 2 8 2 2 8 2 2 2 2 2 2 2 2 2 2 2 2 2 2 2 2 2 2 2 8 8 2 2 2 2 2 8 10 2 8 2 2 2 2 2 2 2 2 2 8 2 2 2 2 2 2 10 2 10 10 2 2 2 8 2 2
left_child=1 4 3 13 -1 6 9 17 14 10 -5 29 -13 16 18 37 -2 25 -9 -19 86 -22 24 68 33 26 -3 -27 57 -11 41 -32 47 46 35 -35 -36 -4 39 55 -18 -14 85 -21 -45 -25 -10 49 -49 -16 -51 -52 -53 54 70 -23 -57 58 59 83 -61 -62 -63 -59 -38 66 -66 -68 -24 -7 -50 77 81 74 -15 76 -76 -65 79 -79 -71 -73 -83 -29 -85 -42 -6 -75
right_child=2 7 15 5 20 69 -8 8 22 11 -12 12 30 73 32 -17 40 19 -20 43 21 38 23 45 -26 27 -28 28 -30 -31 31 -33 -34 34 36 -37 64 -39 -40 -41 42 -43 -44 44 -46 -47 -48 48 53 50 51 52 -54 -55 -56 56 -58 63 -60 60 61 62 -64 71 65 -67 67 -69 -70 80 -72 72 -74 87 75 -77 -78 78 -80 -81 -82 82 -84 84 -86 -87 -88 -89
leaf_value=-9.0175413144882641e-05 -2.6847261841234061e-05 -6.2544547368688891e-06 3.3337275265846232e-05 3.9146698905356523e-05 -7.4091018055008663e-06 -2.827466317758281e-05 0.00010030617830176269 7.1285451440131399e-06 -8.9441273836699217e-07 4.0298986247522404e-05 -3.7573017047672818e-05 0.00011081687507227493 -1.1611803536628558e-05 -2.2824379535698341e-05 -5.8861909066496687e-06 -9.8799471233509063e-06 1.9224244186715506e-05 -7.0626771666145382e-05 5.9445611273043174e-05 7.5583257414333999e-06 -7.9739429342856599e-05 -9.3423995882594584e-06 8.6614155032989821e-06 -6.4658568032143501e-05 -3.5755133350847609e-05 3.4693304326943923e-05 -7.1788768733676864e-05 9.3091842998549574e-06 -4.2201617130467908e-05 -4.5625001207082792e-06 9.2693486443559853e-06 7.2715673259961247e-05 -4.6908883665029305e-05 2.136161815822541e-05 4.1710911566183274e-05 8.7262364696665424e-05 4.7213582840476738e-05 7.8052715196980541e-05 1.2069267275806013e-05 -6.1435444943201746e-05 7.6846228292080362e-06 4.0776040109513981e-05 4.6681029753584629e-05 1.1589333127666819e-06 -3.4615615562620299e-05 -3.3176605786017618e-06 3.3647835762894355e-05 -1.1100669577941831e-05 2.1339847011495247e-05 -1.0239403168577334e-05 1.6318855172440292e-06 -0.00013016974944623819 -3.0725393067286769e-05 -9.937813456957373e-07 5.8133509971779853e-05 -8.1901480859810724e-05 -1.6824915928499459e-06 -9.575905098948193e-06 5.0611657054443508e-05 -1.0616963405416098e-05 -2.0258601700006624e-05 -3.0124183587106683e-05 -9.6274428365194302e-05 -1.0028717992777155e-06 1.0793879388875043e-05 2.0384574331137638e-06 9.9616049913568775e-06 7.0711174375522168e-05 -1.8665671116687012e-05 4.7001081178949511e-06 -6.0106900310043206e-06 4.3187361508313034e-06 -5.4419158592545836e-05 1.920037927787505e-05 5.6132325793945042e-05 -2.2365244686477112e-06 2.7774891822713335e-06 1.121499947048439e-05 5.2939979919494685e-05 -2.5769595257742074e-05 5.0303881555135079e-05 -5.8583624264339194e-05 0 -1.4079812840603987e-05 1.2774072481537624e-06 -2.263332394854791e-05 -5.0370515277654157e-05 -1.0259288087679905e-05
leaf_weight=34 74 64 353 44 517 45 38 240 967 66 57 38 43 191 672 47 770 35 43 85 41 172 258 48 47 52 42 300 64 95 35 97 48 63 74 34 42 47 46 65 1777 57 46 79 208 36 62 968 220 178 36 38 52 803 35 43 40 831 35 756 305 49 36 1533 520 976 48 49 125 185 127 162 37 260 40 1383 60 646 35 63 35 42 47 585 608 63 34 83
leaf_count=34 74 64 353 44 517 45 38 240 967 66 57 38 43 191 672 47 770 35 43 85 41 172 258 48 47 52 42 300 64 95 35 97 48 63 74 34 42 47 46 65 1777 57 46 79 208 36 62 968 220 178 36 38 52 803 35 43 40 831 35 756 305 49 36 1533 520 976 48 49 125 185 127 162 37 260 40 1383 60 646 35 63 35 42 47 585 608 63 34 83
internal_value=4.51012e-08 -4.22158e-06 1.03227e-05 8.44977e-06 -2.12625e-05 2.48826e-05 3.38992e-05 -2.96297e-06 2.08244e-07 2.89741e-05 -3.19355e-06 3.67366e-05 5.03969e-05 5.53885e-06 -4.62973e-06 3.34948e-05 9.9608e-06 -6.20069e-06 1.54194e-05 -2.17232e-05 -1.87159e-05 -2.99592e-05 5.23543e-06 -7.31965e-06 7.3034e-06 -5.18125e-06 -3.31328e-05 -4.68666e-06 -5.03625e-06 1.32276e-05 4.00838e-05 5.66251e-05 -6.44608e-06 8.05134e-06 1.19625e-05 4.54574e-05 1.00048e-05 3.8833e-05 -2.41186e-05 -2.96227e-05 1.10227e-05 1.72827e-05 7.62301e-06 -1.68621e-05 -2.44315e-05 -3.95203e-05 1.09292e-06 -5.79448e-06 -2.59051e-06 -1.27632e-05 -2.76471e-05 -5.14717e-05 -7.37871e-05 4.27968e-06 1.5618e-05 -2.11344e-05 -4.44063e-05 -4.62847e-06 -8.27965e-06 -9.09734e-06 -1.6961e-05 -2.90107e-05 -5.9278e-05 -1.72508e-06 8.51069e-06 7.42959e-06 1.58009e-05 4.16461e-05 -4.97887e-09 5.12377e-06 1.10512e-05 7.80725e-07 -1.29897e-05 -3.98308e-07 -2.95338e-06 -3.2896e-07 2.5086e-05 2.56489e-06 1.00461e-05 7.79231e-06 1.23946e-05 -6.49744e-06 -2.72713e-05 -2.99662e-06 -6.17215e-06 6.59403e-06 -1.02355e-05 1.17899e-05
internal_weight=20529 14500 6029 5582 992 835 570 13508 6809 532 101 431 270 4747 3460 447 2730 6699 283 407 958 407 3349 467 2882 6292 106 6186 6134 161 232 132 3177 2835 1806 97 1709 400 366 320 2656 100 1886 372 287 84 1029 3129 2153 976 304 126 90 1185 382 255 83 6070 2674 2639 1146 390 85 3396 1635 1593 617 97 383 265 347 2565 288 2017 1674 1483 100 2277 744 709 220 251 89 1493 1193 1840 551 343
internal_count=20529 14500 6029 5582 992 835 570 13508 6809 532 101 431 270 4747 3460 447 2730 6699 283 407 958 407 3349 467 2882 6292 106 6186 6134 161 232 132 3177 2835 1806 97 1709 400 366 320 2656 100 1886 372 287 84 1029 3129 2153 976 304 126 90 1185 382 255 83 6070 2674 2639 1146 390 85 3396 1635 1593 617 97 383 265 347 2565 288 2017 1674 1483 100 2277 744 709 220 251 89 1493 1193 1840 551 343
is_linear=0
shrinkage=0.0337242


Tree=53
num_leaves=89
num_cat=0
split_feature=16 4 38 4 38 52 1 54 31 31 31 31 30 4 30 31 1 52 1 54 22 4 22 15 4 31 17 29 31 40 52 1 29 48 1 54 21 27 1 0 31 24 17 4 52 54 29 55 55 0 2 27 16 30 30 1 1 31 22 52 51 55 0 16 1 6 13 12 55 31 15 52 0 27 52 4 4 31 52 30 30 4 1 0 52 1 52 31
split_gain=0.000268455 0.00017978 0.000157653 0.00013542 0.0001118 0.000105291 0.000187375 0.000119844 0.000104973 0.000176122 0.000157784 0.00015657 0.000156073 0.000151674 0.000141271 0.000281865 0.000257584 0.000199894 0.000176263 0.00012723 0.000124224 0.000144533 0.000126451 0.000122187 0.000117074 9.54483e-05 9.53993e-05 9.31677e-05 0.000111069 0.000107896 9.38735e-05 9.19928e-05 9.20725e-05 0.000133698 9.15167e-05 0.000126641 8.30665e-05 8.11187e-05 7.85978e-05 7.80334e-05 7.66927e-05 7.58111e-05 7.81255e-05 7.23266e-05 7.28692e-05 7.03346e-05 6.91528e-05 6.87861e-05 8.04231e-05 6.84976e-05 6.74488e-05 6.57057e-05 6.24589e-05 6.13738e-05 0.000101378 7.54156e-05 7.32006e-05 0.000121962 0.000114505 6.13516e-05 6.09113e-05 7.1728e-05 6.03691e-05 5.9926e-05 5.86676e-05 5.81753e-05 6.8269e-05 5.6772e-05 7.14035e-05 5.63534e-05 6.06939e-05 9.56428e-05 7.03976e-05 5.58688e-05 8.06524e-05 5.63985e-05 5.55937e-05 5.54332e-05 6.31507e-05 6.84579e-05 5.50058e-05 8.77875e-05 8.15503e-05 6.21394e-05 5.47033e-05 5.34222e-05 5.32695e-05 5.21309e-05
threshold=0.87124060150375948 -0.0077025269941771706 0.0033643643360402602 -0.87927525580869459 -0.0048406623447628796 0.24870785137133392 60.945203375550221 -21.737870116890324 123.50000000000001 197.50000000000003 85.500000000000014 100.50000000000001 18.500000000000004 -0.33934224659392836 17.500000000000004 68.500000000000014 1336.7604308772313 0.37221846521512597 41.690253542635169 22.419183507279318 -0.91313812022900753 -0.68829498558426139 -0.96940715392939647 0.10914438070055597 -0.39509723557012827 42.500000000000007 -0.022377197858459371 17.500000000000004 51.500000000000007 0.0015026304499988765 0.098870369548376191 255.04151438920454 5.5000000000000009 45.032008472168542 1336.7604308772313 3.6759416144856596 -0.64028975694997348 -143.59003631677754 365.52359294905051 288.50000000000006 184.50000000000003 -1000.8750000000141 -0.13775928147216288 -0.653209621798858 0.33668246350243608 34.340153701993181 1.0000000180025095e-35 30598.500000000004 18734.500000000004 14.500000000000002 -0.17934304255777375 -869.29289306857436 0.53101503759398505 16.500000000000004 17.500000000000004 2309.9025351939258 155.73442750757491 220.50000000000003 -0.85085987540580843 0.20672081706403328 44.44444444444494 -5751.4999999999991 3.5000000000000004 0.50469924812030087 715.01110054778405 54.750000000000007 -0.25752742196578376 -0.91889312977099225 9414.5000000000018 169.50000000000003 0.2349615021435095 0.20672081706403328 32.500000000000007 88.80875756345965 0.24342507069695665 -0.13498855220758663 -0.93329894284583614 22.500000000000004 0.202809008490792 16.500000000000004 17.500000000000004 -0.059281191701057147 156.15824222968175 16.500000000000004 0.15374375328739945 633.34955842946385 0.11278349796444946 79.500000000000014
decision_type=2 2 2 2 2 2 2 2 2 2 2 2 2 2 2 2 2 2 2 2 10 2 8 10 2 2 8 2 2 2 2 2 2 2 2 2 2 10 2 2 2 8 10 2 2 2 2 2 2 2 2 10 2 2 2 2 2 2 8 2 2 2 2 2 2 8 10 8 2 2 8 2 2 10 2 2 2 2 2 2 2 2 2 2 2 2 2 2
left_child=1 2 3 69 -5 51 -7 26 10 13 14 43 53 31 17 18 -17 27 19 59 22 63 -20 25 -19 -24 -8 29 50 67 -30 47 -33 49 40 -36 -9 -3 87 45 80 -23 52 -12 46 62 -45 48 -10 -34 -29 -2 -43 -11 56 -56 -55 -58 -59 86 61 -4 -13 -22 -64 66 -38 68 -6 70 71 -1 -73 74 75 -52 -72 -39 -79 -80 81 82 -15 85 -75 -84 -16 -31
right_child=5 37 60 4 8 6 7 36 9 12 11 39 -14 34 15 16 -18 24 20 -21 21 41 23 -25 -26 -27 -28 28 30 38 -32 32 33 -35 35 -37 65 77 -40 -41 -42 42 -44 44 -46 -47 -48 -49 -50 -51 73 -53 -54 54 55 -57 57 58 -60 -61 -62 -63 64 -65 -66 -67 -68 -69 -70 -71 76 72 -74 84 -76 -77 -78 78 79 -81 -82 -83 83 -85 -86 -87 -88 -89
leaf_value=-1.5310993653682065e-05 -3.9562006552547491e-05 5.5350963558673745e-05 -5.8628400931080946e-05 -5.3898200075022906e-05 -5.1810238300268495e-05 -3.3083405239734159e-05 2.9943297523971247e-05 6.4742115035585073e-05 -1.5094792479700848e-05 4.7540432593029837e-06 0 -1.3891792898142927e-05 1.3533645533240768e-05 -4.9538999947961672e-07 -2.6036317351288321e-05 -2.3003329820754153e-05 -0.00011555247058484054 -7.7165295335693493e-05 -6.4437780058142915e-06 -6.8906576886456283e-05 -1.3128536539045916e-05 -2.022333858772569e-05 -7.960983188582407e-07 5.7085791538735272e-05 -4.5339968835856893e-06 4.8330114708639207e-05 0.0001098489281183226 4.5048194458020425e-06 5.0564596494178262e-05 4.1733243458474709e-05 3.7406764090404306e-07 -8.9507050262803958e-06 4.1325375056358816e-07 -6.4778792257569846e-05 -4.6998259250942152e-05 9.1075773316748793e-06 1.162294228140752e-05 -9.064762834188888e-06 1.870293531656642e-06 4.4203381550397942e-05 -1.2387023522218561e-05 1.2672287368085184e-05 -7.5874639893568994e-06 -1.3987574707726346e-05 -2.0439529050897121e-05 4.4197744200055954e-05 3.0640335749465195e-05 -3.4623273894384238e-06 -6.0044900839221676e-05 -5.2411034388696226e-05 -5.5299612811018176e-06 6.7260959948171949e-06 5.2465151381515518e-05 -6.9208881919538126e-06 -1.0871833345313188e-07 4.3657986253558977e-05 -4.8739166730258793e-06 -8.9061383739337161e-05 -2.477813975983436e-05 -3.5102065392550638e-05 -7.8504147780812672e-06 -1.8507656650330777e-05 6.3592519921985646e-06 -6.1726429365530595e-05 -1.860877476571734e-05 -1.8590216194349247e-05 3.8974288402043285e-05 8.3177614283122355e-06 8.1404001254311622e-06 5.2548960705768978e-06 -2.0927998260916849e-05 -2.7657416689875228e-05 -7.9154638872088473e-05 -3.2717155581009805e-05 -8.0852387474539478e-05 -5.9016579724451148e-05 2.7430322134226263e-05 6.0732492070787334e-06 5.1033146270743277e-05 1.4844711150913521e-05 8.2774263370798725e-06 1.3106007763665671e-05 -1.3858082474595961e-06 -4.508903157394779e-05 2.7604648434531725e-05 -4.4160485978752978e-05 3.2636437659923574e-06 0
leaf_weight=305 35 46 62 45 42 65 43 47 608 992 162 286 1018 552 96 427 38 51 141 50 73 102 139 129 56 64 34 101 57 248 181 172 86 137 117 71 347 158 112 50 525 173 135 39 35 42 643 724 51 39 76 1851 66 573 860 47 138 55 88 99 665 394 964 56 119 45 159 971 44 107 57 81 58 34 41 35 51 692 84 252 906 289 157 97 34 44 252 37
leaf_count=305 35 46 62 45 42 65 43 47 608 992 162 286 1018 552 96 427 38 51 141 50 73 102 139 129 56 64 34 101 57 248 181 172 86 137 117 71 347 158 112 50 525 173 135 39 35 42 643 724 51 39 76 1851 66 573 860 47 138 55 88 99 665 394 964 56 119 45 159 971 44 107 57 81 58 34 41 35 51 692 84 252 906 289 157 97 34 44 252 37
internal_value=4.28411e-08 -1.42942e-06 -2.3529e-06 -1.46545e-06 -7.96562e-07 1.01169e-05 2.09483e-05 2.62945e-05 -6.29093e-07 -3.13693e-06 2.5761e-06 9.58697e-06 2.23935e-06 -7.58953e-06 -1.34427e-06 -7.69774e-06 -3.07744e-05 4.72385e-06 -8.23267e-07 -1.74933e-05 6.77259e-06 -3.21291e-06 1.97491e-05 3.11643e-05 -4.0056e-05 1.42158e-05 6.64817e-05 7.15212e-06 -4.42417e-06 1.16692e-05 1.28006e-05 -1.51657e-05 -2.88465e-05 -4.15389e-05 -2.56324e-06 -2.52952e-05 2.09583e-05 1.09883e-05 2.67295e-05 2.74422e-06 -8.62744e-07 5.19173e-06 1.23816e-05 2.08504e-05 2.54498e-05 1.20657e-06 2.79466e-05 -1.08026e-05 -1.87202e-05 -1.52947e-05 -1.74963e-05 5.81584e-06 2.40656e-05 -1.90193e-06 -5.70623e-06 2.05267e-06 -1.40598e-05 -2.82732e-05 -5.01784e-05 -1.15261e-05 -1.4577e-05 -2.41747e-05 -4.17686e-08 -3.49746e-05 3.52651e-06 1.70481e-05 2.04086e-05 5.92118e-06 -2.00139e-05 -1.64331e-05 -2.08122e-05 -2.63387e-05 -4.98409e-05 -2.80362e-05 -3.94351e-05 -2.32659e-05 1.0129e-06 9.18615e-06 1.20853e-05 2.41795e-05 2.04855e-06 -2.82126e-06 -8.35025e-06 -2.25758e-05 -1.13482e-06 -1.12303e-05 -4.54136e-06 3.61596e-05
internal_weight=20529 17903 16671 15550 14891 2626 740 675 14846 8346 6500 2340 3771 4575 4160 2040 465 2120 1575 497 1078 605 473 332 107 203 77 2013 559 1454 238 1817 434 262 2758 188 598 1232 397 1461 2570 476 374 879 717 1411 682 1383 659 125 321 1886 239 2753 1761 907 854 281 143 447 1121 456 1369 129 1083 551 506 1057 86 659 552 444 139 220 152 111 108 1186 1028 336 2045 1139 850 298 68 201 348 285
internal_count=20529 17903 16671 15550 14891 2626 740 675 14846 8346 6500 2340 3771 4575 4160 2040 465 2120 1575 497 1078 605 473 332 107 203 77 2013 559 1454 238 1817 434 262 2758 188 598 1232 397 1461 2570 476 374 879 717 1411 682 1383 659 125 321 1886 239 2753 1761 907 854 281 143 447 1121 456 1369 129 1083 551 506 1057 86 659 552 444 139 220 152 111 108 1186 1028 336 2045 1139 850 298 68 201 348 285
is_linear=0
shrinkage=0.0337242


Tree=54
num_leaves=89
num_cat=0
split_feature=20 20 19 20 22 41 10 20 52 37 55 55 19 52 19 52 4 49 36 0 48 10 52 11 40 22 3 35 18 11 42 48 18 6 10 37 42 2 19 29 18 52 20 54 12 19 36 55 22 19 55 4 36 54 55 18 37 30 22 55 5 55 46 54 29 53 55 43 52 54 27 29 54 20 52 4 52 19 48 27 55 30 25 37 52 19 2 4
split_gain=0.000724294 0.000312091 0.000211117 0.000206814 0.000133809 0.000130281 0.000136402 0.000115853 0.000114332 9.77145e-05 9.84749e-05 9.51489e-05 0.000134079 0.000122409 9.48632e-05 8.78857e-05 8.92799e-05 8.74901e-05 8.59798e-05 7.829e-05 7.78238e-05 9.69094e-05 9.55514e-05 7.77753e-05 7.87978e-05 9.79667e-05 8.26369e-05 6.99657e-05 6.84531e-05 7.18932e-05 6.20796e-05 9.93982e-05 7.25697e-05 7.10334e-05 7.85457e-05 7.02942e-05 6.19658e-05 6.16622e-05 6.13323e-05 9.01272e-05 6.96087e-05 6.9449e-05 0.00012043 9.07451e-05 6.04684e-05 5.95503e-05 5.72923e-05 5.71897e-05 5.64351e-05 5.52624e-05 7.74958e-05 6.67357e-05 6.62706e-05 5.38392e-05 5.61166e-05 7.93814e-05 5.35323e-05 5.33312e-05 5.81121e-05 5.30978e-05 5.27614e-05 5.13385e-05 4.95472e-05 4.89671e-05 4.83715e-05 5.48308e-05 4.81961e-05 4.74167e-05 4.54592e-05 5.93072e-05 4.41734e-05 4.96789e-05 5.1589e-05 5.82128e-05 9.61262e-05 5.85976e-05 4.38045e-05 4.37718e-05 6.9305e-05 4.33794e-05 4.2721e-05 6.42492e-05 4.4758e-05 4.82392e-05 4.25654e-05 0.000174848 0.000116972 5.34801e-05
threshold=0.74433954203691066 16.606451612903232 0.034013612733932781 0.035087852626459151 -0.99904214559386961 -0.003430541825542532 -1.0291353383458641 2.0706476530005946 0.19197956265114224 -0.003430541825542532 18597.000000000004 15313.500000000002 5.3367265831417408 0.39050931425888508 -0.10094175938591475 0.39864065729211123 -0.0037275990728701442 53.038659948327727 0.0015209134270631754 108.50000000000001 71.96524506278773 -1.5892857142857137 0.34291527713266534 -0.64980916030534341 0.0015026304499988765 -0.73996080839987122 -0.042888253156934376 1.0000000180025095e-35 -0.29686349044068777 -0.7395038167938931 0.0013633271501909407 94.481463546664031 -0.39571174815533228 42.750000000000007 -1.0704887218045109 0.0020975359726869152 -0.0020020040080160335 0.56070690273408752 0.12858018487483494 3.5000000000000004 0.2303119669793641 0.22715278170647726 0.55431677018633552 9.0263471809387514 -0.14790076335877858 0.11833879549232408 -0.0015140054096180464 8395.0000000000018 -0.8435566730581382 -11.699974573151847 3050.0000000000005 -0.022605856747130979 -0.0018034279767131787 -28.566103874311519 11587.000000000002 -0.19019678814937027 -0.0036957194758839291 16.500000000000004 -0.38740458015267171 15789.500000000002 -0.63595289092444285 50987.000000000007 -0.50000000000000877 27.466729457953662 2.5000000000000004 16.436174886900286 -4485.4999999999991 0.001284522045599368 0.14532777004479372 18.639122197674521 26.538484436121021 1.5000000000000002 6.4146903203019603 1.5413188935641859 0.17445524158824108 -0.14540816326530612 0.35312340573747153 3.2243351769609778 43.5796915151262 166.1305240990618 8755.0000000000018 18.500000000000004 -0.4999999999999733 -0.0010075569307734786 0.25449742549086435 0.50607482713051521 0.42573247524176999 -0.22420006783876981
decision_type=2 2 2 2 10 2 2 2 2 2 2 2 2 2 2 2 2 2 2 2 2 2 2 10 2 8 2 2 10 10 2 2 8 8 2 2 2 2 2 2 10 2 2 2 10 2 2 2 10 2 2 2 2 2 2 8 2 2 8 2 2 2 2 2 2 2 2 2 2 2 10 2 2 2 2 2 2 2 2 10 2 2 2 2 2 2 2 2
left_child=3 2 9 8 14 6 28 60 59 10 56 30 13 38 -3 16 23 -16 19 49 21 -10 47 61 44 26 -26 -21 -5 -30 33 32 -32 37 -35 -33 -20 53 46 -40 41 -41 43 -43 80 66 -13 -22 -46 50 51 -11 -51 -7 57 -56 -2 58 76 -1 -4 68 -29 -48 -34 -66 -6 -59 -9 -70 71 -62 77 74 75 -74 -55 84 -79 -58 -25 82 -82 -84 -73 86 87 -86
right_child=1 4 7 5 45 11 -8 15 20 18 -12 12 -14 -15 17 -17 -18 -19 36 27 22 -23 -24 24 25 -27 -28 62 29 -31 31 35 64 34 -36 -37 -38 -39 39 40 -42 42 -44 -45 48 -47 63 -49 -50 52 -52 -53 -54 54 55 -57 79 67 -60 -61 70 -63 -64 -65 65 -67 -68 -69 69 -71 -72 72 73 -75 -76 -77 -78 78 -80 -81 81 -83 83 -85 85 -87 -88 -89
leaf_value=-2.9439275363102712e-05 1.2958296613694598e-05 0.00010298729272204851 3.7202215088619598e-05 1.0452741675171983e-05 4.9354786652996333e-05 -1.9789555569425595e-05 -7.5027184571454351e-05 2.5145440204335085e-05 -0.00010844340940653364 8.9289197383653833e-06 -2.5919821598694857e-05 1.6389781948282053e-05 6.117916405879112e-05 -6.2711770218679962e-05 8.9861804095670615e-06 6.7575296548720356e-05 6.8289092644016803e-05 6.9714141400079285e-05 -4.7430184371893056e-05 -5.2012104577773327e-06 -7.7452589260340517e-05 -3.5858420744535418e-05 1.7850900362762177e-05 -2.7538678815166463e-06 5.3355496337420965e-05 8.578765192656263e-05 -6.8184754132752185e-06 -6.7583976772314162e-05 1.8776002367443565e-06 -4.96651545715939e-05 0 1.6922601102617031e-05 -8.9493503639914399e-07 -1.3064828389325474e-05 -7.57395859787644e-05 -3.0061385167052111e-05 -8.6553808732245295e-06 -2.2144709576735064e-05 2.9072848106579694e-05 2.1512240095460919e-06 3.3229580729053729e-05 -1.6624111939098045e-05 2.2840442319819347e-05 -7.2510746961599408e-05 6.3304005616631647e-05 6.2500924654283494e-05 -6.2062796518113569e-06 -2.6036937407738861e-05 1.2537161999244496e-05 1.3975049773946586e-05 -4.6074902097901295e-05 -3.4147036025133577e-05 1.4605146742578662e-06 -7.3457904941871651e-06 -4.0009852267288592e-05 -3.9192436475240111e-06 2.1724081495342315e-05 7.887644648659531e-06 -3.8986446607201317e-05 -1.261545425591203e-06 2.8259609618412074e-05 3.3149234494534302e-05 -1.6805784699661853e-05 -4.0096208847716495e-05 7.7984390128815176e-06 -2.8184105092382879e-05 1.3558238889123491e-05 -8.5676694318104995e-06 7.3545154349574231e-07 -3.5775289593604375e-05 -2.0577137671829296e-05 6.4663282581569341e-06 8.6251610824138189e-06 1.4454325491554534e-05 -3.6675414334161453e-05 -3.2596166297531576e-05 3.1810394185930725e-05 1.833237033277183e-05 -4.414747027555634e-05 6.6151345232574025e-05 -1.8877747071326113e-05 5.4155107000412788e-05 -8.6117732888395557e-07 4.1417979407249631e-05 -7.1922724388071935e-06 7.0338164517530041e-05 -4.616605954753695e-05 3.4118419959320982e-05
leaf_weight=136 260 35 61 68 48 205 60 58 42 148 54 123 38 38 65 43 39 52 52 598 40 53 36 172 53 47 46 37 44 81 178 159 107 85 34 46 688 218 137 1321 71 145 62 46 54 34 1927 90 57 539 62 56 4804 374 96 277 69 1009 63 190 110 56 72 51 47 764 761 243 207 65 72 1132 196 130 118 49 35 34 45 50 45 48 55 59 51 64 39 97
leaf_count=136 260 35 61 68 48 205 60 58 42 148 54 123 38 38 65 43 39 52 52 598 40 53 36 172 53 47 46 37 44 81 178 159 107 85 34 46 688 218 137 1321 71 145 62 46 54 34 1927 90 57 539 62 56 4804 374 96 277 69 1009 63 190 110 56 72 51 47 764 761 243 207 65 72 1132 196 130 118 49 35 34 45 50 45 48 55 59 51 64 39 97
internal_value=-3.1462e-07 5.1356e-06 3.45867e-06 -7.67621e-06 2.32251e-05 -6.26861e-06 -3.01757e-05 1.05635e-05 -2.70596e-05 3.13162e-07 1.58722e-05 -5.49064e-06 -1.76793e-06 -2.40263e-06 5.26784e-05 1.95161e-05 1.74773e-05 3.68026e-05 -6.27941e-07 6.31812e-07 -4.38592e-05 -6.89662e-05 -2.89084e-05 1.54437e-05 2.27178e-05 4.48371e-05 2.44196e-05 -9.92118e-06 -1.57314e-05 -3.07489e-05 -9.20678e-06 -1.52867e-05 -1.93393e-05 -6.1728e-06 -3.17842e-05 5.90834e-06 -1.15107e-05 -4.92502e-06 -1.78753e-06 2.77824e-06 5.29593e-07 -8.84032e-07 -1.71142e-05 -3.05898e-05 1.59299e-05 1.77998e-05 -5.70608e-06 -4.26007e-05 3.81054e-05 1.97922e-06 -1.29602e-05 -2.42205e-06 2.74107e-06 -3.25232e-06 -1.58956e-06 -1.34671e-05 2.20818e-05 9.24167e-07 -8.66548e-06 -1.33132e-05 6.02278e-06 3.20803e-06 -3.49292e-05 -7.12895e-06 -2.31611e-05 -2.59796e-05 1.58016e-05 4.61664e-06 -1.58001e-06 -7.63419e-06 5.08754e-06 6.0292e-06 4.72894e-06 -4.58147e-06 -1.1665e-05 0 -3.75868e-06 7.93461e-06 -1.60339e-05 4.12033e-05 9.18013e-06 1.95632e-05 8.51247e-06 2.01723e-05 9.37363e-06 2.21004e-05 5.07425e-06 1.92299e-05
internal_weight=20525 11786 10791 8739 995 8152 253 3302 587 7489 433 7899 3959 3921 152 1104 1061 117 7056 6316 261 95 166 1022 636 146 99 707 193 125 3940 1301 1096 2639 119 205 740 2520 3883 1782 1645 1574 253 191 490 843 2101 130 111 5609 266 204 5343 2302 2097 373 379 1724 472 326 2198 386 109 1978 918 811 809 1252 330 272 2137 2065 1955 493 363 245 409 1462 79 119 379 207 159 114 1383 251 187 148
internal_count=20525 11786 10791 8739 995 8152 253 3302 587 7489 433 7899 3959 3921 152 1104 1061 117 7056 6316 261 95 166 1022 636 146 99 707 193 125 3940 1301 1096 2639 119 205 740 2520 3883 1782 1645 1574 253 191 490 843 2101 130 111 5609 266 204 5343 2302 2097 373 379 1724 472 326 2198 386 109 1978 918 811 809 1252 330 272 2137 2065 1955 493 363 245 409 1462 79 119 379 207 159 114 1383 251 187 148
is_linear=0
shrinkage=0.0337242


Tree=55
num_leaves=89
num_cat=0
split_feature=20 19 20 20 52 29 11 4 55 1 1 52 1 35 22 55 48 1 55 52 53 42 51 51 36 52 55 54 20 42 53 20 20 49 48 20 55 6 53 19 4 52 52 18 0 19 55 1 27 17 53 17 1 52 47 50 30 29 42 20 4 50 16 1 20 19 29 15 30 39 48 48 19 22 30 43 54 52 55 0 55 55 53 53 1 54 50 10
split_gain=0.000682511 0.000285757 0.000243388 0.000204754 0.000138475 0.000148892 0.000142321 0.000184296 0.000115758 0.000114424 0.000154651 0.000113787 0.000161572 0.000307039 0.000154027 0.000228892 0.00017894 0.000174241 0.000131617 0.000333558 0.000152977 0.000122247 0.000111582 0.00010889 0.00010786 0.000106604 0.000151074 0.000139837 0.000128176 9.8775e-05 9.65786e-05 8.9918e-05 8.81055e-05 9.52945e-05 8.70077e-05 8.90999e-05 7.9715e-05 8.09555e-05 8.06108e-05 7.91292e-05 7.67005e-05 7.61387e-05 7.41693e-05 7.40574e-05 7.28993e-05 0.000115017 7.27626e-05 7.15651e-05 6.71524e-05 6.68441e-05 6.90292e-05 8.74366e-05 9.31939e-05 7.17032e-05 6.79023e-05 6.67415e-05 6.55257e-05 6.45631e-05 7.26882e-05 6.34548e-05 6.25638e-05 7.07458e-05 6.02282e-05 5.9988e-05 5.98784e-05 7.72071e-05 5.93024e-05 6.97838e-05 5.9171e-05 5.84796e-05 5.55692e-05 6.26008e-05 6.8727e-05 5.53714e-05 5.33318e-05 5.92531e-05 7.09038e-05 5.13583e-05 5.08816e-05 5.06896e-05 5.04027e-05 5.02129e-05 4.99375e-05 4.9628e-05 4.92933e-05 4.83409e-05 4.83145e-05 4.81639e-05
threshold=1.4204253013680077 0.099585266693964072 0.055327558657808432 42.708333333333343 0.20672081706403328 5.5000000000000009 -0.61545801526717547 -0.025340607156990214 39321.000000000007 254.69325425706458 269.85505660928965 0.20401921502516154 41.690253542635169 1.0000000180025095e-35 -0.20038167938931295 423.50000000000006 76.753680108613707 61.552546248755512 53165.500000000007 0.36330294326254681 38.759770005899611 0.0019512213693957394 42.592592592595373 61.11111111111326 -0.0018570118145263546 0.25145972661420962 50533.000000000007 -2.0091394610428934 0.67448740883445724 -0.0041819143680347217 30.734788699122209 0.011560736560736562 3.3964740602671641 41.107451441208873 46.170264943887744 0.81086759027935507 9104.5000000000018 -42.249999999999993 22.899177392107259 0.23009244637333029 -0.17933461473231946 0.10442859523567251 0.30898654311297541 -0.55254151302768706 20.500000000000004 0.27938335641057682 7935.0000000000009 61.552546248755512 -23.678714777177202 -0.86876481085983426 38.980528863137742 -0.42299084286591959 1336.1602026446387 0.26879412932124153 -47.61904761904232 27.77777777777855 18.500000000000004 1.5000000000000002 -0.0015760451079261937 0.12055224790211432 -0.19508592910848546 8.3333333333329609 0.5178571428571429 711.4183164165147 10.020000000000001 -1.5994920898909866 1.5000000000000002 0.038711502502915295 17.500000000000004 0.001857011814526355 99.999999999999886 76.753680108613707 0.14503404644183251 -0.93989575638184342 17.500000000000004 -0.0021436251849537564 2.3440410575576025 0.19902458633837386 11128.500000000002 4.5000000000000009 328.50000000000006 30598.500000000004 40.940739626354677 65.435297535992149 61.363715440341494 -28.566103874311519 66.666666666669911 -1.7359022556390975
decision_type=2 2 2 2 2 2 8 2 2 2 2 2 2 2 8 2 2 2 2 2 2 2 2 2 2 2 2 2 2 2 2 2 2 2 2 2 2 8 2 2 2 2 2 10 2 2 2 2 8 10 2 10 2 2 2 2 2 2 2 2 2 2 2 2 2 2 2 10 2 2 2 2 2 10 2 2 2 2 2 2 2 2 2 2 2 2 2 2
left_child=2 3 9 8 66 -6 43 24 32 70 -11 34 13 -13 17 -16 22 23 21 20 -20 25 -17 -14 -8 27 29 28 30 -27 -19 -12 33 -2 74 44 37 -23 -39 -26 41 78 -28 -7 57 -46 62 -45 -10 -34 53 -52 63 -51 -55 -15 73 80 -59 -31 87 -62 -42 81 69 -66 67 -3 -41 -50 71 72 -1 -29 75 -4 -77 -65 -37 -60 -36 -53 -30 -48 -47 -32 -67 -61
right_child=1 4 11 -5 5 6 7 -9 48 10 31 12 14 55 15 16 -18 18 19 -21 -22 36 -24 -25 39 26 42 56 82 59 85 -33 49 -35 35 40 -38 38 -40 68 46 -43 -44 47 45 84 83 -49 64 50 51 52 -54 54 -56 -57 -58 58 79 60 61 -63 -64 77 65 86 -68 -69 -70 -71 -72 -73 -74 -75 -76 76 -78 -79 -80 -81 -82 -83 -84 -85 -86 -87 -88 -89
leaf_value=-4.4331650357487793e-05 7.6191390541586019e-06 0 -2.6427130496050028e-05 2.9793593135128904e-05 -1.1433093763780051e-05 5.5590517581644822e-05 2.9998355795557299e-06 0.00011312370390552849 3.9880601116575967e-05 -0.00010467532327254369 -6.7529711899967006e-05 -4.6145179535900447e-06 7.5658469858894413e-05 -5.108518317271362e-05 -2.8539255813384536e-05 0.00012667549369974651 -2.6147247714557032e-06 -0.00010771760226417775 1.6706195480847959e-05 -0.00013464311960631811 -7.0327381870975345e-05 -5.5114547529747772e-05 3.6774581105106618e-05 -2.0732015544553846e-06 1.086790804046013e-05 2.8552754318234879e-05 6.9496114648137948e-05 4.2145727860012656e-05 -2.7028433687394017e-05 -3.3913565454723496e-05 -7.2175485553087381e-05 -2.0020148251714763e-05 -1.9786195165937332e-05 -6.3896845901972657e-06 3.5326128855046594e-05 5.5531103028623211e-05 -5.7376588582148412e-06 2.3410335722740106e-05 -2.5916716694658556e-05 0.00010794031624587336 -4.747948792740615e-06 1.1031275427585404e-05 5.2829462611798012e-06 -3.5838219728209225e-05 -2.7749863455126333e-06 2.612795161982955e-05 9.7044415284996424e-07 2.1082222312322128e-05 -5.0584871317936275e-06 2.1581854503162943e-06 6.3949244727491805e-05 1.9762750183518602e-05 6.2577146671511708e-05 1.3334489253272879e-05 7.0932624142825386e-05 -0.00011772983287257338 -3.2142196783996058e-05 1.5583166171895257e-05 -1.9314522333984769e-05 -1.8119497539652212e-05 -5.407782876511659e-05 -8.8237287981626494e-06 -5.3387307316946517e-05 -4.4159789304694353e-05 -1.9076909324420996e-05 1.0014647751153099e-05 9.0428014999584378e-06 5.73392345708078e-05 5.2469284447321181e-05 -2.9442948906763177e-05 -4.306357268633745e-05 9.4488103928694891e-07 -4.544036562504062e-06 -1.2039542397955759e-07 -1.3271814887328361e-06 -3.1200317157671998e-06 -1.9813049917026125e-05 1.0275218978125941e-05 8.231308851187043e-06 -5.7832064162298012e-06 -2.363570892035634e-09 -5.4062248985727951e-07 2.1045382662850198e-05 3.8322415838096626e-05 7.1664501009114267e-06 -2.0359681809623011e-05 5.0686503573542107e-05 4.7859579508948553e-06
leaf_weight=94 1295 35 223 348 62 41 60 57 40 36 59 132 44 39 59 37 39 35 68 34 34 104 34 34 36 107 51 46 58 82 36 252 74 958 67 88 305 40 362 39 96 482 40 37 1334 251 196 77 1574 863 47 764 48 94 34 45 54 124 533 120 47 304 45 36 94 280 663 67 81 123 62 301 117 132 1541 1126 399 39 44 843 129 158 41 53 468 66 40 769
leaf_count=94 1295 35 223 348 62 41 60 57 40 36 59 132 44 39 59 37 39 35 68 34 34 104 34 34 36 107 51 46 58 82 36 252 74 958 67 88 305 40 362 39 96 482 40 37 1334 251 196 77 1574 863 47 764 48 94 34 45 54 124 533 120 47 304 45 36 94 280 663 67 81 123 62 301 117 132 1541 1126 399 39 44 843 129 158 41 53 468 66 40 769
internal_value=-3.03743e-07 7.25837e-06 -5.30607e-06 4.55166e-06 2.20823e-05 3.61904e-05 4.3315e-05 5.81159e-05 3.19808e-06 -2.20072e-05 -3.7438e-05 -3.95306e-06 -9.13406e-06 -3.74658e-05 -7.18047e-06 2.39935e-05 5.30488e-05 -8.9611e-06 -1.03095e-05 -4.28897e-05 -1.13574e-05 -8.69191e-06 8.49859e-05 4.05363e-05 4.31524e-05 -4.12876e-06 1.41568e-07 -1.82048e-05 -3.64843e-05 -2.47757e-06 -5.77044e-05 -2.9344e-05 6.33392e-06 1.61953e-06 -1.7519e-06 1.14907e-06 -1.97583e-05 -2.80185e-05 -2.07681e-05 5.7976e-05 1.0082e-05 1.75233e-05 4.23328e-05 1.66228e-05 -1.21744e-06 3.02493e-06 -1.38534e-06 1.76015e-06 -3.18611e-06 1.12133e-05 1.2361e-05 1.82512e-05 1.61034e-05 5.77295e-06 2.93892e-05 -8.79385e-05 0 -6.4098e-06 -8.82505e-06 -5.06222e-06 -3.07635e-06 -1.51588e-05 -2.09567e-05 1.37689e-05 -4.04794e-06 7.33898e-06 1.29193e-05 3.71689e-05 7.13029e-05 -6.88285e-06 -1.25105e-05 -8.62192e-06 -2.27274e-05 1.02593e-05 -5.97354e-06 -1.00144e-05 -7.55097e-06 -1.45648e-05 4.04968e-05 -1.10949e-05 1.15811e-05 1.61786e-05 -6.14273e-06 9.30906e-06 1.39203e-05 -3.95953e-05 1.54007e-05 1.58538e-06
internal_weight=20525 8164 12361 6909 1255 490 428 273 6561 921 347 11440 3398 216 3182 169 110 3013 2935 136 102 2799 71 78 216 1988 1520 468 236 1429 137 311 4410 2253 8042 4753 811 506 402 156 1004 614 91 155 3749 2053 390 114 2151 2157 2083 1092 1045 991 128 84 232 1696 1500 1322 1240 351 141 997 2111 414 765 102 120 1697 574 512 211 178 3289 1748 1525 75 132 1376 196 922 99 249 719 102 320 889
internal_count=20525 8164 12361 6909 1255 490 428 273 6561 921 347 11440 3398 216 3182 169 110 3013 2935 136 102 2799 71 78 216 1988 1520 468 236 1429 137 311 4410 2253 8042 4753 811 506 402 156 1004 614 91 155 3749 2053 390 114 2151 2157 2083 1092 1045 991 128 84 232 1696 1500 1322 1240 351 141 997 2111 414 765 102 120 1697 574 512 211 178 3289 1748 1525 75 132 1376 196 922 99 249 719 102 320 889
is_linear=0
shrinkage=0.0337242


Tree=56
num_leaves=89
num_cat=0
split_feature=4 49 52 0 51 0 52 4 19 27 7 10 36 38 12 4 11 17 48 43 31 31 30 30 37 44 42 52 45 54 1 43 18 30 10 19 26 48 25 52 26 31 40 52 24 1 31 31 53 18 19 4 19 52 52 51 19 31 25 43 38 13 53 4 19 4 31 31 11 11 42 54 15 19 19 1 12 1 12 31 26 19 11 1 31 31 31 19
split_gain=0.000292203 0.000209921 0.000148484 0.000181872 0.000127316 0.000109707 0.000108306 9.19701e-05 0.000121543 8.90475e-05 8.84924e-05 8.38531e-05 0.000106129 7.80168e-05 7.37523e-05 7.23377e-05 8.34397e-05 8.0312e-05 0.000101131 8.30475e-05 7.06539e-05 7.61791e-05 7.41457e-05 6.97378e-05 6.60833e-05 6.54943e-05 7.04955e-05 6.03899e-05 6.6962e-05 5.85612e-05 8.75281e-05 7.97761e-05 7.16161e-05 6.35503e-05 5.74699e-05 0.000105025 7.61246e-05 5.6436e-05 5.63362e-05 6.76641e-05 5.83543e-05 5.60329e-05 5.57426e-05 5.79149e-05 7.20326e-05 0.000129862 6.95829e-05 6.43878e-05 5.94533e-05 7.6528e-05 5.55293e-05 6.82788e-05 6.02796e-05 5.40465e-05 9.07994e-05 0.000112317 7.87642e-05 0.00011661 5.40419e-05 5.87986e-05 5.81429e-05 5.33106e-05 5.32899e-05 5.12068e-05 5.07814e-05 5.50959e-05 5.05044e-05 5.46171e-05 5.43154e-05 5.98675e-05 5.03014e-05 5.74915e-05 4.98823e-05 6.56194e-05 4.90267e-05 6.44889e-05 4.79206e-05 5.07446e-05 5.03573e-05 4.76043e-05 5.14747e-05 5.8981e-05 4.61772e-05 4.61648e-05 4.55684e-05 0.000106997 5.60564e-05 0.000134018
threshold=-0.031693425292554686 22.170213168251397 0.3685944569654418 169.50000000000003 53.736772486773908 22.500000000000004 0.43290022781961374 -0.0040773927299451625 0.039042834736115146 -44.857092998679256 0.40411121673003808 -0.83646616541353347 -0.0032232091839384798 0.0033643643360402602 -0.99522900763358768 -0.92238114082197964 -0.66889312977099225 -0.59394656388051825 63.817939278629879 0.0063331247693764201 108.50000000000001 90.500000000000014 17.500000000000004 17.500000000000004 0.003407164913747041 0.0048879845177322032 0.003733666660471036 0.39864065729211123 -0.0068847019789074473 1.7678107151986244 61.552546248755512 0.0024464840956089921 -0.16529198279525292 16.500000000000004 -0.8515037593984961 3.0111664906233391 -0.0044670770413939229 40.490431252163951 -0.33072688229913355 0.19197956265114224 0.0041338199938765969 99.500000000000014 0.0055710354435792872 0.35312340573747153 -1250.5000000000352 42.538543221903957 114.50000000000001 200.50000000000003 69.48394016570272 -0.41057858645169637 -3.6981311896230973 -0.16163293572276552 -0.06063697503027931 0.26148092408849305 0.35784695031121333 16.666666666666668 -0.3333491830905046 76.500000000000014 -1.0000000180025095e-35 -0.0063161233184929602 -0.0043573191570153704 -0.049448672393989666 99.24835100615222 -0.60044377861948095 -0.021824401055225092 -0.26082593702300855 67.500000000000014 81.500000000000014 -0.43225190839694655 -0.51622137404580137 0.0015048917474408399 -2.9409703796229771 0.0062114606053775678 -0.3333491830905046 -1.9696181013346459 714.78068446180566 -0.82729007633587781 256.43352483275322 -0.65171755725190827 18.500000000000004 -0.011449639177161927 -0.055114505246352856 -0.60019083969465636 38.189762441392944 255.50000000000003 246.50000000000003 120.50000000000001 -1.0006049028527426
decision_type=2 2 2 2 2 2 2 2 2 8 8 2 2 2 10 2 10 10 2 2 2 2 2 2 2 2 2 2 2 2 2 2 10 2 2 2 10 2 2 2 8 2 2 2 10 2 2 2 2 10 2 2 2 2 2 2 2 2 2 2 2 10 2 2 2 2 2 2 10 10 2 2 10 2 2 2 8 2 10 2 10 2 10 2 2 2 2 2
left_child=1 11 5 6 7 13 10 62 53 15 64 25 -13 14 -3 16 -7 18 -17 34 21 22 74 50 76 26 27 28 -1 31 32 -6 -31 -32 35 -19 -37 -29 39 -14 -40 -23 43 44 45 -11 61 -48 49 82 -22 52 -52 -9 56 -56 57 -55 -30 -60 -61 70 79 -25 65 -4 68 -68 69 -24 -46 -72 73 -62 -16 -76 77 -15 -78 80 -2 -82 -47 -81 85 86 -74 -88
right_child=4 2 3 -5 29 9 -8 8 -10 42 -12 12 38 24 20 17 -18 19 -20 -21 23 41 66 63 -26 -27 -28 37 58 30 33 -33 -34 -35 -36 36 -38 -39 40 -41 -42 -43 -44 -45 46 48 47 -49 -50 -51 51 -53 -54 54 55 -57 -58 -59 59 60 72 -63 -64 -65 -66 -67 67 -69 -70 -71 71 -73 84 -75 75 -77 78 -79 -80 83 81 -83 -84 -85 -86 -87 87 -89
leaf_value=-3.3043350489313938e-05 5.6749872639969975e-06 -4.5023165546865e-05 -8.2186842170883827e-05 -7.6760436116528406e-05 1.6597855888268144e-05 6.1010838175660467e-06 3.139458419215377e-05 5.3768477881542024e-06 6.4426304465675432e-05 -5.9090558330603198e-05 -3.665238163976771e-06 -6.3848110437168541e-05 0 -4.5753905167464542e-05 3.6635370063421432e-05 7.8016808728494783e-05 -4.6874639209412681e-05 5.4345351725329907e-06 1.6430661253553087e-05 -4.2681106660958779e-05 -3.9133061895564594e-05 2.6858388329488584e-05 -8.2440703080980016e-06 -1.8558255529964031e-05 -3.4327728582347786e-05 3.4398483624354036e-05 -2.3085402170970381e-05 0 -3.2071370663650282e-06 -8.7788326208699925e-06 1.5743375666797764e-05 -3.0288898277022571e-05 4.1413681583922912e-05 6.2545131700873858e-05 -3.0426777393458708e-05 1.0779087499950365e-05 7.8534261351051753e-05 3.7094621515930709e-05 4.1999509597175836e-06 -5.5463325413607126e-05 -2.9841422629066313e-05 -3.0500303894440367e-07 -4.4370922192374226e-05 3.0150004369137316e-05 2.7273777602452534e-06 3.5214531455606992e-05 -1.1878425870662281e-05 9.5681347719847397e-07 -3.5396300974118781e-05 -1.9091257208547003e-05 -3.5405792670589029e-05 -4.3392043607503452e-07 -1.2840974491596212e-05 0.00010252497133537137 -4.7318398418850812e-05 3.6073834854222109e-05 7.9379387456541484e-06 1.7348275542607418e-05 3.9959566371867254e-05 -3.196456237030694e-05 1.4058801226215986e-05 -6.6250415028670747e-06 -3.2374238632476117e-05 -5.1857175587124647e-07 -2.2020214754726161e-05 -2.3745360858472644e-05 -4.1865341387067805e-05 -4.6527749140332808e-06 8.7696729015408542e-06 -5.73947028987714e-05 5.7150549197628753e-05 1.4311510793945366e-05 9.0293301720028086e-06 -3.5183136417753801e-05 6.0256557342593567e-06 -2.3984123223766083e-05 2.5648792352053678e-05 0 -1.2705980770970571e-05 1.5419465957175424e-05 -6.1194935020085863e-05 0 -4.2833883008923694e-06 -1.8849306887844045e-07 -1.2893672066234219e-05 3.2313040055184315e-05 -1.5216034499064648e-05 5.0936248434150345e-06
leaf_weight=58 54 56 45 62 594 73 50 712 50 70 215 39 49 63 48 39 59 876 171 39 103 181 187 218 224 77 115 73 1188 80 55 43 52 115 43 42 41 115 389 52 67 152 38 58 418 75 931 826 70 125 186 367 593 42 36 37 53 38 54 49 47 289 57 1070 173 41 115 84 168 35 45 239 2042 79 499 97 65 42 95 265 45 35 54 1093 149 169 448 2087
leaf_count=58 54 56 45 62 594 73 50 712 50 70 215 39 49 63 48 39 59 876 171 39 103 181 187 218 224 77 115 73 1188 80 55 43 52 115 43 42 41 115 389 52 67 152 38 58 418 75 931 826 70 125 186 367 593 42 36 37 53 38 54 49 47 289 57 1070 173 41 115 84 168 35 45 239 2042 79 499 97 65 42 95 265 45 35 54 1093 149 169 448 2087
internal_value=-2.30824e-07 -2.03326e-06 -5.25277e-06 -2.17558e-05 8.71217e-06 -4.19899e-06 -1.50631e-05 4.70777e-06 1.28652e-05 -4.96977e-07 -2.01677e-05 2.27271e-06 -9.81172e-06 -7.85871e-06 -6.32699e-06 6.64191e-06 -1.68452e-05 9.19744e-06 2.83284e-05 5.24531e-06 -5.77528e-06 -8.00224e-08 -4.00675e-06 -9.25266e-06 -2.06885e-05 3.35404e-06 2.98133e-06 3.45317e-06 2.87978e-06 1.93431e-05 3.18094e-05 1.32811e-05 1.02617e-05 4.7972e-05 7.20718e-06 8.99542e-06 4.54131e-05 2.23673e-05 -5.85466e-06 -2.86678e-05 -5.89779e-07 1.41692e-05 -3.57596e-06 -3.06131e-06 -3.70514e-06 -1.72183e-05 -1.73249e-06 -5.78932e-06 -7.87352e-06 0 -1.49561e-05 -1.26987e-05 -1.83528e-05 9.9516e-06 2.52941e-05 -3.72703e-06 4.19498e-05 6.32743e-05 3.22518e-06 4.73538e-06 4.34115e-06 5.36256e-06 -3.27584e-07 -3.64692e-06 -3.34934e-05 -5.54492e-05 -1.26924e-05 -2.66433e-05 -5.32604e-06 -1.64285e-05 1.04353e-05 2.14398e-05 4.71471e-06 -1.6048e-05 3.78702e-06 9.79332e-07 -8.7948e-06 -2.65783e-05 2.27154e-06 8.31937e-07 -1.82505e-05 -3.56084e-05 1.79312e-05 2.78607e-06 5.2689e-06 5.85948e-06 4.86159e-06 1.46625e-06
internal_weight=20657 17201 9855 586 3456 9269 524 2517 968 4621 474 7346 596 4648 4159 1383 132 1251 210 1041 4103 1566 1233 2537 489 6750 6673 6558 6370 939 302 637 132 170 1002 959 83 188 557 101 456 333 3238 3200 3142 394 2748 1757 324 254 1249 1146 779 918 206 73 133 80 6312 5124 5070 991 1549 1288 259 86 589 199 390 222 702 284 5021 126 644 596 265 105 160 1492 134 80 129 1358 4895 4746 4577 2535
internal_count=20657 17201 9855 586 3456 9269 524 2517 968 4621 474 7346 596 4648 4159 1383 132 1251 210 1041 4103 1566 1233 2537 489 6750 6673 6558 6370 939 302 637 132 170 1002 959 83 188 557 101 456 333 3238 3200 3142 394 2748 1757 324 254 1249 1146 779 918 206 73 133 80 6312 5124 5070 991 1549 1288 259 86 589 199 390 222 702 284 5021 126 644 596 265 105 160 1492 134 80 129 1358 4895 4746 4577 2535
is_linear=0
shrinkage=0.0337242


Tree=57
num_leaves=89
num_cat=0
split_feature=20 31 19 20 31 19 31 30 29 2 55 17 29 0 55 48 45 29 29 31 19 31 19 20 19 23 31 55 31 54 55 45 19 31 5 29 20 20 48 4 50 52 21 19 30 45 12 47 20 0 44 11 4 47 51 39 22 55 52 20 31 52 37 31 20 19 10 13 19 55 31 31 45 31 52 31 55 55 20 19 29 31 52 29 5 0 52 11
split_gain=0.000656368 0.000228724 0.000243373 0.000181206 0.0002743 0.000177783 0.0001719 0.000297568 0.000251119 0.000167765 0.000160155 0.000149151 0.000147693 0.000260024 0.000172923 0.000178505 0.000172373 0.000140586 0.000128173 0.000111266 0.000135997 0.000138157 0.000154293 0.000133715 0.000232234 0.000162449 0.000115033 0.000110234 0.000110114 0.000108887 0.000108041 0.00010393 9.91278e-05 9.73335e-05 9.41977e-05 9.3686e-05 8.70813e-05 8.23329e-05 0.000140618 9.34999e-05 8.25852e-05 8.92004e-05 8.22626e-05 8.21205e-05 8.01399e-05 0.000137451 9.81958e-05 9.14533e-05 8.97251e-05 8.20546e-05 0.000116714 7.93683e-05 7.76661e-05 7.63613e-05 7.49109e-05 7.7609e-05 7.61321e-05 7.4362e-05 7.58918e-05 7.29169e-05 7.2566e-05 7.22987e-05 7.26737e-05 7.17376e-05 7.03772e-05 8.88328e-05 0.000135795 0.000119385 6.99311e-05 7.81849e-05 7.16346e-05 6.952e-05 7.09745e-05 6.9273e-05 8.76595e-05 6.85248e-05 6.7774e-05 6.72304e-05 6.67429e-05 7.48977e-05 7.30401e-05 7.18266e-05 6.66956e-05 9.10316e-05 6.60282e-05 6.54182e-05 7.09823e-05 6.4777e-05
threshold=1.112399732620321 125.50000000000001 -3.6981311896230973 10.020000000000001 86.500000000000014 -0.10780283283332891 16.500000000000004 18.500000000000004 23.500000000000004 -0.64687136315963389 15313.500000000002 -0.26220890260671131 12.500000000000002 163.50000000000003 5226.5000000000009 48.769956496231678 0.0013745710960291204 11.500000000000002 20.500000000000004 224.50000000000003 0.54394515662864873 245.50000000000003 2.2095830421200167 0.11434624697336564 4.6002721057025449 0.55000000000000082 115.50000000000001 56254.500000000007 34.500000000000007 -17.008819250833191 60813.000000000007 0.0010116340473957932 -14.557406289399067 41.500000000000007 -0.57051157586153545 1.0000000180025095e-35 11.162280701754389 0.47558265582655829 66.978608485718027 -0.13990332975295378 -8.526512829121201e-14 0.17603552868338787 -0.28783446937682305 3.0111664906233391 17.500000000000004 0.0049535622707251878 -0.60591603053435106 152.77777777779391 2.3204505850136923 203.50000000000003 0.0031974440894568805 -0.44561068702290069 -0.063210187121940167 44.444444444415403 44.444444444444201 0.0013995808113455024 -0.9809793422813935 54266.500000000007 0.20672081706403328 3.2160256410256416 45.500000000000007 0.10603107453663951 -0.0014981281814182565 255.50000000000003 35.928571428571438 0.0014741874814081515 -1.7584586466165413 -0.10281183796019532 -0.046512047743297195 5693.0000000000009 174.50000000000003 252.50000000000003 -0.0037854904658183304 132.50000000000003 0.23185749465095642 70.500000000000014 8395.0000000000018 9104.5000000000018 2.2419017763845352 0.35593497249219302 17.500000000000004 115.50000000000001 0.210029832092993 6.5000000000000009 0.16303325824434925 348.50000000000006 0.18888895222646221 -0.83110687022900753
decision_type=2 2 2 2 2 2 2 2 2 2 2 8 2 2 2 2 2 2 2 2 2 2 2 2 2 10 2 2 2 2 2 2 2 2 2 2 2 2 2 2 2 2 2 2 2 2 10 2 2 2 2 10 2 2 2 2 10 2 2 2 2 2 2 2 2 2 2 10 2 2 2 2 2 2 2 2 2 2 2 2 2 2 2 2 2 2 2 10
left_child=6 2 61 4 9 36 7 8 12 42 32 28 14 53 15 -1 29 31 34 23 -21 22 -22 25 26 85 30 43 -5 -16 33 -9 -8 -25 -6 -11 54 40 68 73 41 -34 87 -28 45 47 49 51 -48 -46 -51 75 -50 76 55 56 59 -35 -59 -3 -54 -2 -63 71 65 -13 -67 -68 69 70 -39 72 -7 74 -40 -37 -14 -71 79 -36 -80 -81 -31 -84 -62 86 -12 -4
right_child=1 5 3 11 18 63 10 17 -10 35 19 64 13 -15 16 -17 -18 -19 -20 20 21 -23 -24 24 -26 -27 27 -29 -30 82 -32 -33 37 57 78 44 -38 38 39 -41 -42 -43 -44 -45 46 -47 48 -49 52 50 -52 -53 60 -55 -56 -57 -58 58 -60 -61 84 62 -64 -65 -66 66 67 -69 -70 77 -72 -73 -74 -75 -76 -77 -78 -79 80 81 -82 -83 83 -85 -86 -87 -88 -89
leaf_value=-1.45520656994817e-05 9.7738956369823997e-05 3.6176613361048801e-05 1.628903545550293e-05 3.5189798643984155e-05 6.9008501008719335e-05 3.0566285465180545e-05 -6.2239975379785415e-05 9.1411066147395486e-05 4.5348458324326462e-05 3.9020534916707916e-05 -8.5748361411570443e-06 2.5640406625065857e-06 -4.8094559050205899e-05 -0.00011942937014850355 4.7405032067412417e-05 -0.00012671401707202857 -8.0334358257573219e-05 -1.9740232491260043e-05 6.0213033562698479e-05 1.2716203033365809e-06 2.6173867528174028e-05 6.2418046115219222e-06 0.00010511374713688111 -1.0046638193235239e-05 8.0388267645839224e-05 -8.257621482092097e-05 -1.0106610877013114e-05 4.4239605271347121e-06 0.00011409350838284127 1.6520822630017932e-05 -7.719272720680359e-06 8.4378135959741398e-06 -7.9349574746331096e-06 1.221190476231763e-05 -3.6463786508123455e-06 -9.4196066949223066e-06 8.9969158796815082e-06 -2.55586087383957e-06 4.1071097316934994e-05 -2.5154638993344877e-05 -1.318034427512093e-05 6.2911252305877303e-05 9.9914903076767222e-06 -6.156423976466771e-05 -3.7673314488822192e-06 -5.8735277689016671e-05 -3.7577405338061079e-05 5.3396301728224994e-05 7.0356281035821674e-06 0 8.0575039126938079e-05 1.7464674072829195e-05 -3.4698010059148778e-05 -6.8745364970185536e-05 6.4949114387397277e-07 -3.2094037893413886e-05 -1.051748732941064e-05 1.7905190616714194e-05 8.097197950522226e-05 -1.3606160927714403e-05 -1.8678160626381922e-05 7.6207208354367299e-05 1.4626189133467555e-05 -1.4037594261513597e-05 3.2968204097166631e-05 9.3262859769026755e-05 -1.4739725281264426e-05 5.0758462203850054e-05 -3.0511437806125025e-06 -7.1958151650336363e-05 -4.6696718827830946e-05 5.6520355128265026e-05 7.9992381281081193e-06 2.7194059473521631e-06 -3.9483788880358971e-06 2.5666812700699311e-05 1.4618548558067939e-05 -2.3452599906051083e-05 2.103210615168759e-05 1.1586149936336242e-05 7.5041975872771659e-05 7.0098285782970319e-05 -5.5944103008210595e-05 1.5303127733572072e-06 3.3003283502478955e-05 2.6217903059902655e-05 -3.7658476499316537e-05 7.2789101869012368e-05
leaf_weight=34 38 82 45 63 41 181 40 40 42 62 406 382 34 64 43 35 36 46 101 587 82 138 47 200 40 41 1490 732 34 57 490 35 45 865 260 410 542 329 184 67 2850 34 147 37 477 37 184 47 189 55 34 331 170 46 1156 173 1239 61 39 53 81 39 61 132 279 34 65 59 1024 46 49 39 1583 219 62 74 43 153 197 100 36 34 61 58 43 44 131 62
leaf_count=34 38 82 45 63 41 181 40 40 42 62 406 382 34 64 43 35 36 46 101 587 82 138 47 200 40 41 1490 732 34 57 490 35 45 865 260 410 542 329 184 67 2850 34 147 37 477 37 184 47 189 55 34 331 170 46 1156 173 1239 61 39 53 81 39 61 132 279 34 65 59 1024 46 49 39 1583 219 62 74 43 153 197 100 36 34 61 58 43 44 131 62
internal_value=-2.24425e-07 6.31658e-06 1.20976e-05 1.05978e-05 6.78768e-06 1.53134e-06 -5.74965e-06 -2.22991e-05 -3.28571e-05 1.22674e-06 -4.68139e-06 2.38734e-05 -3.94741e-05 -6.36848e-05 -2.52023e-05 -7.28468e-05 -1.19312e-05 2.51547e-05 2.43645e-05 -6.31091e-07 1.05204e-05 3.04918e-05 5.56843e-05 -2.73337e-06 -4.21821e-07 -1.72723e-05 -1.27238e-06 -6.24099e-06 6.38433e-05 -2.45451e-07 5.45115e-06 5.39791e-05 -8.97312e-06 1.10736e-05 1.87995e-05 -1.73578e-06 -3.27097e-06 -8.53311e-06 -3.42986e-06 1.15147e-05 -1.22165e-05 2.13323e-05 2.71969e-05 -1.14168e-05 -2.96634e-06 4.62129e-06 -8.57699e-06 7.45291e-06 -1.73568e-05 1.59873e-06 3.14444e-05 4.6848e-06 -9.45354e-06 -3.38936e-05 -5.76666e-06 -1.06236e-05 -7.84993e-06 1.5551e-05 4.34679e-05 1.59163e-05 -2.03825e-05 5.63166e-05 3.96094e-05 9.63477e-06 1.90214e-05 1.16366e-05 3.29596e-05 1.56453e-05 -8.45619e-06 -1.7881e-05 -8.53355e-06 1.14215e-05 1.03696e-05 1.70061e-05 2.93318e-05 -3.85544e-06 -1.18177e-05 -3.51507e-05 1.53622e-05 6.58352e-06 2.97919e-05 2.71539e-05 -1.24365e-05 -2.71191e-05 0 -1.24975e-05 -1.58497e-05 4.99308e-05
internal_weight=20657 9451 4271 4133 3217 5180 11206 674 553 2448 10532 916 511 187 324 69 255 121 769 5430 854 267 129 4576 3954 622 3914 2259 97 219 1655 75 5102 1165 668 2194 3245 5062 2133 532 2929 79 254 1527 2132 899 1233 862 667 566 89 815 483 123 2703 1547 1374 965 100 135 294 138 100 1935 819 540 158 124 1601 577 378 1803 1764 465 246 484 77 199 627 394 233 134 176 119 124 581 537 107
internal_count=20657 9451 4271 4133 3217 5180 11206 674 553 2448 10532 916 511 187 324 69 255 121 769 5430 854 267 129 4576 3954 622 3914 2259 97 219 1655 75 5102 1165 668 2194 3245 5062 2133 532 2929 79 254 1527 2132 899 1233 862 667 566 89 815 483 123 2703 1547 1374 965 100 135 294 138 100 1935 819 540 158 124 1601 577 378 1803 1764 465 246 484 77 199 627 394 233 134 176 119 124 581 537 107
is_linear=0
shrinkage=0.0337242


Tree=58
num_leaves=89
num_cat=0
split_feature=20 31 20 31 30 19 19 31 20 20 31 4 30 31 30 31 31 1 52 20 1 50 31 31 1 1 1 18 4 52 30 18 31 19 30 19 54 48 30 31 31 1 48 1 31 19 19 20 1 31 19 52 19 31 53 52 51 52 53 39 1 29 42 20 47 31 31 18 1 9 45 31 30 1 29 24 29 22 15 22 26 1 5 29 1 4 29 9
split_gain=0.000519226 0.000246964 0.000239076 0.000227774 0.000184344 0.000188869 0.000165543 0.000158104 0.000182372 0.000156679 0.000155548 0.000168734 0.000149444 0.000174249 0.000148399 0.000143069 0.00016195 0.000130599 0.000150112 0.000132542 0.000122677 0.000115369 0.00010928 0.00026027 0.000199067 0.000141145 0.000243399 0.000158349 0.000166675 0.00012449 0.000106904 0.000136758 0.000105158 0.00015623 0.000120281 0.000104027 0.000103666 0.000103261 0.000102299 0.000269545 0.000174923 0.00022362 0.00014142 0.000110624 0.000101664 9.99805e-05 9.87069e-05 9.73344e-05 9.31111e-05 9.02484e-05 8.84058e-05 8.77888e-05 8.17831e-05 8.11893e-05 8.07626e-05 8.05122e-05 9.15847e-05 7.9152e-05 8.52332e-05 7.76806e-05 0.000100541 7.60995e-05 8.70003e-05 7.78486e-05 7.48312e-05 7.43949e-05 9.97146e-05 7.3773e-05 7.35885e-05 7.3056e-05 7.2529e-05 9.0097e-05 9.91484e-05 7.24884e-05 8.11147e-05 0.000109471 6.96183e-05 6.95128e-05 6.77998e-05 7.8026e-05 6.70093e-05 7.46542e-05 6.4467e-05 6.39308e-05 0.000178168 6.39205e-05 6.22485e-05 6.16648e-05
threshold=0.78156090022215785 141.50000000000003 7.9848484848484862 86.500000000000014 17.500000000000004 -3.6981311896230973 -0.12680091642533495 202.50000000000003 0.011560736560736562 1.4561469780219782 69.500000000000014 -0.19508592910848546 16.500000000000004 94.500000000000014 16.500000000000004 125.50000000000001 85.500000000000014 30.115678302619447 0.098870369548376191 88.500000000000014 992.36205787174151 24.999999999999797 69.500000000000014 42.500000000000007 630.88568920756143 708.81327508442689 41.690253542635169 -1.7976931348623157e+308 -0.21747978969981341 0.18541711703685326 17.500000000000004 -0.38397818149147633 141.50000000000003 1.4067708197185882 16.500000000000004 4.6002721057025449 0.87146255782622817 48.343280469856722 17.500000000000004 55.500000000000007 67.500000000000014 620.24002739256991 55.753083842754272 81.406772596776932 78.500000000000014 0.12858018487483494 0.16575097684603082 2.0105823068309077 82.6324042935412 55.500000000000007 1.1569823295540973 0.20672081706403328 -0.66359670848038721 159.50000000000003 99.825038036438229 0.38022810865057005 38.888888888892275 0.22715278170647726 68.939743687842395 0.0018639345173573354 991.59416758144232 20.500000000000004 -0.0013012367251842292 2.0105823068309077 -40.22988505746649 132.50000000000003 175.50000000000003 -0.095627685470285814 145.25426731704283 -0.74332061068702282 0.0032493928835392043 38.500000000000007 16.500000000000004 32.625709950914889 13.500000000000002 2.9999999999998583 17.500000000000004 -0.85490027086924392 0.17766458556489842 -0.47683086832061067 -0.0067294603638411677 80.580123569530215 -1.0000000180025095e-35 5.5000000000000009 711.4183164165147 -0.046434224659392835 13.500000000000002 -0.50667938931297696
decision_type=2 2 2 2 2 2 2 2 2 2 2 2 2 2 2 2 2 2 2 2 2 2 2 2 2 2 2 10 2 2 2 10 2 2 2 2 2 2 2 2 2 2 2 2 2 2 2 2 2 2 2 2 2 2 2 2 2 2 2 2 2 2 2 2 2 2 2 8 2 8 2 2 2 2 2 8 2 8 8 8 10 2 2 2 2 2 2 10
left_child=7 2 3 4 5 -2 9 8 69 53 11 14 13 -5 49 16 38 -4 -19 83 30 -21 23 24 73 26 -25 -28 -29 -26 31 -17 50 34 -34 -18 -24 -16 39 55 42 -42 59 44 45 -41 -9 80 70 -7 -33 -12 -15 -3 57 -10 -57 -11 -59 60 -40 63 -63 -14 -36 -32 -67 -48 -45 -1 71 -49 -73 -6 75 -75 82 -39 79 -44 81 -13 -65 -20 87 -50 -30 -85
right_child=1 6 17 12 22 10 -8 46 15 54 51 47 61 52 37 20 35 18 19 21 -22 -23 36 25 29 -27 27 28 86 -31 65 32 33 -35 64 -37 -38 77 40 43 41 -43 78 68 -46 -47 67 48 85 -51 -52 -53 -54 -55 -56 56 -58 58 -60 -61 -62 62 -64 76 -66 66 -68 -69 -70 -71 -72 72 -74 74 -76 -77 -78 -79 -80 -81 -82 -83 -84 84 -86 -87 -88 -89
leaf_value=-8.8792445373729991e-06 7.5564319362084897e-05 -5.0707930174134827e-05 -1.3904842483266141e-07 5.1603220671700308e-05 -1.0134569936182367e-06 1.5168111275278415e-05 6.3735276803409245e-06 -6.0416672120066265e-06 -1.1171235304993206e-05 -4.331431114746517e-06 1.9154800794056689e-05 -2.9377903765173529e-05 1.3409060568438823e-05 -5.8405402440272215e-05 3.6736772364815633e-06 -4.1508451118869841e-06 2.6172104868407419e-06 7.7533888762000252e-05 4.2734691429871982e-06 2.5996390326091462e-05 -5.0009712618679766e-05 0.00011575145530734225 -5.1189923887708393e-06 -8.6848093997628016e-06 -3.380585577107275e-06 -2.6969911351852232e-05 -5.2446343660528702e-06 4.421755823494365e-06 5.6632216422243187e-05 8.1256495326443472e-05 -2.6249379248632677e-05 -2.1223875432720774e-05 -1.3761395438664101e-05 -0.00010870511366159642 -9.423016519550781e-05 5.2561494207740778e-05 -4.293258101848019e-05 0.00010068371506714265 -1.2081343709273121e-05 3.0373991325269e-05 -2.3433366440666128e-05 -9.8704687463959967e-05 -1.9374665875061342e-05 -2.9655909951430036e-05 -2.0174182809516692e-06 9.2302431709021692e-05 1.9633021727231884e-05 2.5670791209343194e-05 5.598893743749807e-05 -3.4763937220183608e-05 3.6371138621192603e-05 6.6283851366427757e-05 -3.5682983454281756e-06 -1.5310590536947722e-05 -4.0242467821583899e-05 -7.3315976502460105e-06 -8.0295960127059146e-05 2.0209917100522425e-05 -6.4840944140983784e-06 3.7996932494922621e-05 2.8006732212760543e-05 1.8043794987974685e-05 6.9173563475408351e-05 4.6670007016715773e-05 -3.9843029345063053e-05 2.9977436284449066e-06 -1.6015915889198388e-05 1.7497502684736805e-06 1.0232604824029913e-05 -6.2839885095341622e-05 -4.8614518571900664e-05 -4.0524924627418874e-05 2.0803659581119364e-05 -2.8369342795912782e-05 -4.053300152958062e-05 1.9378684705887223e-05 7.5465915519892776e-05 3.9083353721578373e-05 -4.5887588632293627e-05 3.3215139557675542e-05 -3.5440578642874304e-05 3.5787291503558964e-05 8.9835767900868299e-06 3.4981582172548568e-05 9.5334005694315332e-05 5.2381935274286808e-06 0.00010491271455851722 1.1328570370269509e-05
leaf_weight=47 49 105 201 63 172 161 2639 787 792 2046 187 42 668 35 48 364 1849 70 203 38 102 34 178 154 38 69 55 54 99 37 190 192 174 37 44 49 165 42 265 125 214 59 359 64 63 43 473 86 50 55 35 64 317 296 62 41 44 351 215 68 97 79 86 104 122 893 479 619 285 96 44 85 44 166 254 79 44 57 105 34 184 38 118 230 41 76 58 314
leaf_count=47 49 105 201 63 172 161 2639 787 792 2046 187 42 668 35 48 364 1849 70 203 38 102 34 178 154 38 69 55 54 99 37 190 192 174 37 44 49 165 42 265 125 214 59 359 64 63 43 473 86 50 55 35 64 317 296 62 41 44 351 215 68 97 79 86 104 122 893 479 619 285 96 44 85 44 166 254 79 44 57 105 34 184 38 118 230 41 76 58 314
internal_value=2.30283e-07 5.0961e-06 1.01735e-05 6.5913e-06 1.00458e-06 1.03746e-05 1.60884e-07 -5.70228e-06 -7.9429e-06 -5.13944e-06 7.76896e-06 1.77348e-06 1.71917e-05 0 2.0265e-05 -7.1767e-06 -3.53161e-06 2.40365e-05 2.93655e-05 2.53324e-05 -1.34496e-05 6.97233e-05 -6.72473e-06 -1.96214e-06 -1.45666e-05 1.70692e-05 2.45343e-05 4.41298e-05 5.7458e-05 3.7085e-05 -1.19375e-05 -2.07883e-05 -3.06549e-05 -4.16805e-05 -3.41023e-05 3.95753e-06 -2.3591e-05 4.64363e-05 -8.91575e-06 -2.82836e-06 -1.62202e-05 -4.00549e-05 -9.10435e-06 1.49258e-05 3.30678e-05 4.68001e-05 2.98814e-06 -8.42028e-06 2.1652e-06 2.00643e-06 -1.19178e-05 3.15569e-05 -9.29547e-06 -2.48203e-05 -2.15191e-06 -1.46802e-05 -4.62386e-05 -1.21076e-06 9.89919e-06 4.88115e-06 -1.07249e-06 2.37026e-05 4.52791e-05 1.97875e-05 -5.48412e-05 -6.39054e-06 -3.56996e-06 9.58441e-06 2.64084e-06 -4.57805e-05 -9.12724e-06 -5.96525e-07 -1.88574e-05 -2.0484e-05 -2.70016e-05 -1.25785e-05 3.5442e-05 6.61933e-05 -2.13743e-05 -1.4579e-05 -2.42236e-05 3.67348e-07 2.70739e-05 2.11537e-05 2.68461e-05 2.61445e-05 7.5084e-05 2.15066e-05
internal_weight=20459 11249 5535 4404 2890 1312 5714 9210 7331 3075 1263 1012 1514 415 363 7188 4556 1131 930 860 2632 72 1578 1235 746 489 420 266 211 75 2530 968 604 377 340 1898 343 147 2658 1457 1201 273 928 580 231 168 1879 649 385 216 227 251 352 401 2674 877 85 2612 566 430 362 1099 165 934 166 1562 1372 1092 349 143 259 215 129 671 499 245 266 99 498 393 264 80 222 788 585 126 157 544
internal_count=20459 11249 5535 4404 2890 1312 5714 9210 7331 3075 1263 1012 1514 415 363 7188 4556 1131 930 860 2632 72 1578 1235 746 489 420 266 211 75 2530 968 604 377 340 1898 343 147 2658 1457 1201 273 928 580 231 168 1879 649 385 216 227 251 352 401 2674 877 85 2612 566 430 362 1099 165 934 166 1562 1372 1092 349 143 259 215 129 671 499 245 266 99 498 393 264 80 222 788 585 126 157 544
is_linear=0
shrinkage=0.0337242


Tree=59
num_leaves=89
num_cat=0
split_feature=49 37 4 39 17 4 19 36 21 4 9 37 45 48 7 19 0 54 5 39 39 35 2 17 55 48 25 18 39 52 17 19 41 49 41 24 39 11 12 22 52 24 45 21 25 54 0 4 4 2 43 38 48 21 54 19 7 19 5 43 26 4 40 9 53 25 24 53 19 18 22 54 9 19 18 6 22 48 9 19 49 55 54 52 27 7 52 23
split_gain=0.000251999 0.000111971 8.36346e-05 0.000103653 9.47977e-05 7.83591e-05 0.000141292 8.23115e-05 8.04951e-05 7.84859e-05 9.73562e-05 0.000114108 7.49868e-05 8.45415e-05 8.75985e-05 8.74932e-05 7.4158e-05 9.57284e-05 8.2777e-05 7.32763e-05 6.98601e-05 6.81039e-05 6.56418e-05 6.43954e-05 6.41067e-05 6.46564e-05 7.04224e-05 6.23575e-05 6.25452e-05 6.17696e-05 7.08911e-05 5.97754e-05 5.90673e-05 5.77476e-05 5.53287e-05 5.36276e-05 5.29427e-05 7.28398e-05 5.28689e-05 5.26032e-05 6.17016e-05 5.2524e-05 8.14961e-05 5.75343e-05 9.08618e-05 5.50507e-05 5.18252e-05 7.2053e-05 5.17369e-05 5.14629e-05 5.10862e-05 4.9914e-05 4.95587e-05 4.8511e-05 4.82906e-05 5.10207e-05 4.54962e-05 4.90739e-05 8.19402e-05 6.52493e-05 5.06984e-05 4.54707e-05 4.51231e-05 7.19908e-05 5.61872e-05 4.51043e-05 4.31224e-05 5.64428e-05 4.23302e-05 4.0799e-05 4.14059e-05 4.048e-05 4.32269e-05 3.98764e-05 3.90967e-05 4.70981e-05 4.34443e-05 3.88514e-05 3.86919e-05 3.99801e-05 3.837e-05 3.8337e-05 5.50555e-05 3.80866e-05 3.71394e-05 3.64267e-05 3.59802e-05 3.59396e-05
threshold=55.735493808674711 0.0031771267065384694 -0.034414042625360387 -0.0018604667262016037 -0.35342551417454138 -0.0046568488891401425 -0.020495093673067896 -0.0025268487657867929 0.030670380689122988 -0.1121247668042286 -0.093511450381679379 -0.0036957194758839291 0.006584366600190795 71.503786543339615 1.571501613089066 0.76610532265769404 435.50000000000006 20.170084799440215 -0.25965253239347424 0.001339585329701243 -0.003729025679058084 1.0000000180025095e-35 -0.33178151675851325 -0.27819914572423271 18597.000000000004 55.50965577338436 -0.9839102209433922 -0.39985357724106363 0.0036122830672872257 0.11134933322051042 -0.3777610368333284 0.46809575244236618 0.0037914726007706183 5.2024066004179166e-14 -0.0012714563307694158 -0.99999999999996436 -0.0048642083387556148 -0.70896946564885488 -0.32919847328244273 -0.98470357696469824 0.27988993496199205 2.9999999999998583 0.0056617155038045661 -0.59816438808023087 -0.98189546344993806 -41.649512110594458 415.50000000000006 -0.71448357736446366 -0.35588501328509237 1.0000000180025095e-35 0.0043149996276160571 -0.0043010951605741967 49.118718762256115 -0.49463982907244958 -3.461957051558282 -0.14261907978729479 1.2578134001613093 1.6811561245475135 -0.4500981897668746 0.0013522656621439701 -0.0030541834348238933 -0.64091384476228153 -0.0021482301905949015 -0.54484732824427462 38.759770005899611 -0.98185160249668268 1001.0000000000499 40.51253410542845 0.38507401473760444 -0.040774658361098372 -0.50287364791181577 -13.516257567248411 -0.1860687022900763 -0.28604646571811537 0.3142911533971387 -1.0000000180025095e-35 -0.41504651717557245 62.295834867364967 -0.86164122137404575 0.58566108782892468 99.484467003796453 53165.500000000007 6.7940153952713711 0.13531170450081673 3.1541275120851364 0.51054268924991375 0.18370058826235849 -0.74999999999999989
decision_type=2 2 2 2 10 2 2 2 2 2 10 2 2 2 8 2 2 2 2 2 2 2 2 8 2 2 2 10 2 2 8 2 2 2 2 10 2 10 8 8 2 8 2 2 2 2 2 2 2 2 2 2 2 2 2 2 10 2 2 2 10 2 2 10 2 2 8 2 2 8 8 2 10 2 10 10 8 2 8 2 2 2 2 2 10 8 2 10
left_child=5 2 3 -2 29 8 7 38 20 10 11 -10 13 19 15 69 17 22 86 34 36 31 65 80 71 52 81 -14 -29 -4 -31 -6 39 -8 48 -18 37 -1 -7 -24 85 42 56 -43 -45 -46 47 -47 -5 54 -34 -11 -26 -51 55 -38 57 -22 -59 61 -61 -60 64 83 -13 73 -36 -68 -12 70 -15 72 -21 -3 76 -76 77 -53 -42 -80 -17 82 -27 -64 -56 -41 -19 -73
right_child=1 16 4 12 21 6 33 -9 9 51 68 62 27 14 -16 23 35 18 -20 24 41 -23 32 -25 25 26 -28 28 -30 30 -32 -33 50 -35 66 -37 49 -39 -40 40 78 43 -44 44 45 46 -48 -49 -50 53 -52 74 -54 -55 84 -57 -58 58 59 60 -62 -63 63 -65 -66 -67 67 -69 -70 -71 -72 87 -74 -75 75 -77 -78 -79 79 -81 -82 -83 -84 -85 -86 -87 -88 -89
leaf_value=1.9038652840546633e-05 -5.7290096266566626e-05 2.1757790250852846e-05 6.6923208645714458e-05 -3.8114435104977744e-05 1.7530602071105788e-06 1.2577148899181306e-05 6.9228643924782929e-05 4.2930867987748465e-06 -7.1556338463574419e-05 -2.7031168988498192e-05 2.7588607799723288e-07 -6.0031911207798831e-06 7.737066495811694e-06 1.6215217923321385e-06 -4.0616410560955572e-05 -1.1534272151476551e-05 3.6024373077592344e-05 1.6183136354647172e-05 -5.3903041045656507e-05 -1.2117736855862076e-05 2.3686478887170673e-06 -2.8291319722912598e-05 -6.4096007961209441e-05 4.0529379507208433e-05 -6.0253933209398392e-06 -3.0073809712849491e-07 5.0108362040654816e-05 -1.7331942805522679e-05 -7.4127653993840423e-05 7.1518144460384874e-06 6.0499614098321075e-05 4.2910948672862035e-05 1.6126607450611795e-05 1.2105444912748404e-05 -1.9578447944881127e-06 -1.3551115273191884e-05 8.4421607222297289e-05 -4.3892936052302238e-05 6.8525036309132755e-05 -1.1252110603603406e-05 -5.9702165559191829e-05 -3.2062275885117968e-06 3.6916826989956899e-05 5.8805205527068716e-05 -3.0847473732662546e-05 -1.1086116117790757e-05 3.864501958472753e-05 1.0025920183935213e-05 -6.6521457185514839e-06 -2.5987076581172732e-05 -2.7199976039349727e-05 2.7727409446302675e-06 -3.7325717601184569e-05 1.5780416124528181e-05 4.274550773134053e-05 3.1234697117275526e-05 -1.6265985164378509e-05 3.7172299369781653e-05 -2.779173262848148e-05 -4.7459549970050713e-06 -5.9987848519774605e-05 4.5779778406956666e-06 -3.6819404424270001e-06 -1.7690533016320266e-06 -5.6991044565535002e-05 2.3084908100040407e-05 4.9575869381573851e-05 1.0181896493749136e-06 3.3781742289978582e-05 -6.8604910146358367e-06 2.4698857573740078e-05 -2.7871069280601187e-06 2.8476676441074666e-05 -1.8882462625405618e-05 5.9400469667280626e-05 3.3758071810445489e-06 -2.7997156138217488e-05 2.8290149230446344e-05 -2.604383446584049e-05 7.6350852967453466e-06 1.4791674911123829e-05 -2.2522917648272015e-05 4.6430572691068404e-05 -4.0137471669611577e-05 1.8066014929880784e-06 3.1097355353830831e-05 -2.9543406986418791e-05 -2.3886234490757728e-05
leaf_weight=46 41 36 36 89 728 47 68 686 40 48 188 53 36 1185 53 75 56 34 128 115 4302 81 34 99 376 110 42 59 42 163 36 43 97 35 2738 41 34 37 40 58 37 499 72 42 39 198 67 2021 211 37 45 363 71 180 40 79 172 35 73 34 58 142 56 466 55 89 43 86 58 663 97 120 40 101 36 40 41 87 275 42 308 53 37 106 83 37 42 628
leaf_count=46 41 36 36 89 728 47 68 686 40 48 188 53 36 1185 53 75 56 34 128 115 4302 81 34 99 376 110 42 59 42 163 36 43 97 35 2738 41 34 37 40 58 37 499 72 42 39 198 67 2021 211 37 45 363 71 180 40 79 172 35 73 34 58 142 56 466 55 89 43 86 58 663 97 120 40 101 36 40 41 87 275 42 308 53 37 106 83 37 42 628
internal_value=2.22517e-07 -3.73134e-06 -2.38093e-06 -3.66952e-06 6.32269e-06 3.76552e-06 1.34647e-05 8.37065e-06 2.89989e-06 -3.90331e-06 -9.6662e-06 -1.55714e-05 -3.35836e-06 -2.8757e-06 2.14488e-06 3.11851e-06 -1.36161e-05 -1.62536e-05 -3.72068e-05 -5.51232e-06 4.25495e-06 9.73948e-07 -1.11171e-05 1.59817e-05 -1.14318e-05 -3.50746e-06 1.03266e-05 -2.81563e-05 -4.1907e-05 2.53034e-05 1.72884e-05 4.17388e-06 -1.67809e-05 5.07563e-05 -2.50617e-06 1.40733e-05 1.6079e-05 -7.85066e-06 3.94114e-05 -2.24189e-05 -1.90476e-05 3.42515e-06 1.27561e-06 7.05749e-06 9.26207e-06 8.32552e-06 9.03611e-06 8.09855e-06 -1.63082e-05 2.06768e-05 1.71565e-06 5.51623e-06 -1.12133e-05 8.21333e-06 3.17273e-05 4.80933e-05 7.22695e-07 1.37272e-06 -1.08724e-05 -1.66647e-05 -4.0623e-05 -5.96311e-06 -1.23974e-05 -8.72366e-06 -3.28642e-05 4.11819e-06 -1.02823e-06 1.79534e-05 8.56857e-06 -1.94832e-08 3.44302e-06 -1.73711e-05 -1.01815e-06 -7.49773e-06 8.44204e-06 3.11857e-05 4.72477e-06 7.92091e-06 -2.5566e-05 -2.12767e-05 9.38409e-06 1.48911e-06 1.08041e-05 -2.81322e-05 1.59059e-05 4.22446e-06 -7.81499e-06 -2.06306e-05
internal_weight=20459 9656 8504 7417 1087 10803 876 773 9927 1637 1022 776 7376 7239 2480 2427 1152 1055 204 4759 8290 852 851 482 1592 689 242 137 101 235 199 771 625 103 3167 97 536 83 87 483 449 7754 4888 2866 2367 2325 2286 2219 300 453 142 615 447 217 236 113 4816 4644 342 307 92 215 736 628 108 226 2867 129 246 1945 1282 903 155 137 567 76 491 450 354 317 383 200 147 162 123 95 76 748
internal_count=20459 9656 8504 7417 1087 10803 876 773 9927 1637 1022 776 7376 7239 2480 2427 1152 1055 204 4759 8290 852 851 482 1592 689 242 137 101 235 199 771 625 103 3167 97 536 83 87 483 449 7754 4888 2866 2367 2325 2286 2219 300 453 142 615 447 217 236 113 4816 4644 342 307 92 215 736 628 108 226 2867 129 246 1945 1282 903 155 137 567 76 491 450 354 317 383 200 147 162 123 95 76 748
is_linear=0
shrinkage=0.0337242


Tree=60
num_leaves=89
num_cat=0
split_feature=20 31 19 20 19 41 52 0 12 29 29 31 53 45 19 31 30 20 30 19 31 20 31 31 19 31 19 31 30 29 48 36 52 53 29 17 4 5 31 20 31 48 29 19 53 22 39 22 18 22 29 41 16 4 29 53 29 30 9 20 10 22 38 4 27 12 19 5 10 30 52 48 50 19 29 31 17 48 18 19 30 20 4 48 12 52 20 10
split_gain=0.000544707 0.000277166 0.000286954 0.000237534 0.000246195 0.00016638 0.000152266 0.000186372 0.000211379 0.000250219 0.000207321 0.000145777 0.000131422 0.000125418 0.000118066 0.000113051 0.000170332 0.000112507 0.000111807 0.00013219 0.000140584 0.000122869 0.000109701 0.000154619 0.000123425 0.000298346 0.000104469 0.000103941 0.000103695 0.000132707 0.000167405 0.00010329 0.000103081 0.000107953 0.000105775 0.000102419 0.000101383 0.000101089 9.96192e-05 9.90974e-05 9.76862e-05 9.37795e-05 9.60752e-05 8.67692e-05 8.44502e-05 7.92957e-05 8.48819e-05 7.32481e-05 7.22095e-05 7.09452e-05 7.01611e-05 6.99864e-05 6.99389e-05 6.90354e-05 6.68602e-05 6.67436e-05 6.66618e-05 0.00010107 6.58594e-05 6.53135e-05 6.2345e-05 7.04405e-05 9.82378e-05 6.86705e-05 6.52415e-05 6.21908e-05 5.98056e-05 7.88747e-05 5.9383e-05 5.91121e-05 6.17637e-05 5.89406e-05 5.78186e-05 0.000152444 6.85642e-05 5.61222e-05 5.61157e-05 5.60762e-05 5.54229e-05 5.51684e-05 5.42903e-05 5.47354e-05 5.39317e-05 5.22002e-05 6.12051e-05 5.13898e-05 0.000109038 5.09699e-05
threshold=6.8193473193473206 25.500000000000004 -0.60278952562873644 0.45796355925547794 0.076749478042883026 -0.0037558718560001809 0.20851911280123658 48.500000000000007 -0.9627862595419846 11.500000000000002 6.5000000000000009 225.50000000000003 33.865685920379953 -0.003729025679058084 1.8694798051233479 113.50000000000001 18.500000000000004 88.500000000000014 17.500000000000004 -9.9523453527353904 162.50000000000003 0.78156090022215785 195.50000000000003 122.50000000000001 5.9335644662959348 144.50000000000003 6.6913851333035845 85.500000000000014 18.500000000000004 10.500000000000002 64.503444925277492 -0.001833182108411435 0.32242932479907177 51.908908963970497 10.500000000000002 -0.33844826072964507 -0.0046568488891401425 -0.061833800757691577 229.50000000000003 0.93156539046950015 175.50000000000003 63.062344496448333 1.0000000180025095e-35 -0.078488309663629949 39.419573222572247 -0.71290135741230276 0.0024767811353626494 -0.80887702767175562 -0.19529819397605933 -0.96558304817057106 5.5000000000000009 -0.0015026304499987651 0.47650375939849626 -0.0098719543218949591 17.500000000000004 28.674676027359023 11.500000000000002 17.500000000000004 -0.6927480916030534 3.584349593495936 -1.3073308270676687 -0.81660007156488545 -0.0015026304499987651 -0.23964398778902138 811.79456403170491 -0.27958015267175568 -0.40325061447047966 -0.53477535034987322 -1.4981203007518791 17.500000000000004 0.16214729664444807 33.366726036266463 49.999999999997357 0.37181013041414351 13.500000000000002 79.500000000000014 -0.27819914572423271 6.6643195320656838 -0.33014411686968453 -0.19007103192997474 18.500000000000004 0.19160277575689744 -0.057747752840748477 51.978544290185454 -0.60209923664122134 0.20161792586349139 0.79089180781196011 -1.8449248120300747
decision_type=2 2 2 2 2 2 2 2 10 2 2 2 2 2 2 2 2 2 2 2 2 2 2 2 2 2 2 2 2 2 2 2 2 2 2 8 2 2 2 2 2 2 2 2 2 10 2 10 8 8 2 2 2 2 2 2 2 2 10 2 2 10 2 2 10 10 2 2 2 2 2 2 2 2 2 2 10 2 10 2 2 2 2 2 10 2 2 2
left_child=1 2 12 5 15 -3 -4 10 9 -9 -8 14 -1 -14 17 16 27 35 19 20 -17 78 23 26 55 -26 52 32 29 -10 47 -12 60 34 -34 54 68 49 40 58 -20 45 -43 44 -42 46 -6 -31 72 51 -24 -23 75 -46 -2 69 57 -33 -29 66 61 62 79 76 87 -50 67 -51 -18 70 -25 -19 73 -44 -74 80 -62 -13 -21 -5 81 -7 -22 84 -63 -47 -87 -64
right_child=11 3 6 4 41 22 7 8 28 -11 31 77 13 -15 -16 18 36 71 38 21 82 37 50 24 25 -27 -28 39 -30 30 -32 56 33 -35 -36 -37 -38 -39 -40 -41 43 42 48 -45 53 85 -48 -49 65 59 -52 -53 -54 -55 -56 -57 -58 -59 -60 -61 63 83 64 -65 -66 -67 -68 -69 -70 -71 -72 -73 74 -75 -76 -77 -78 -79 -80 -81 -82 -83 -84 -85 -86 86 -88 -89
leaf_value=-2.9434931732875413e-05 2.8897455900049487e-05 -7.3637399508736843e-05 -6.6705153426884022e-06 6.8388283951822745e-05 2.7179504539658804e-06 -2.2974200178050447e-05 -6.8503508048104025e-05 3.7285607806108801e-05 -4.2008052931667873e-05 -5.1358361458102224e-05 5.2677944293013972e-05 -2.6099959618903402e-05 7.9529094326934234e-05 1.2565920481524525e-05 8.0132164728432105e-05 -7.9590909342196366e-05 -2.9788826566508449e-05 3.3870308744896097e-05 5.6687688891963617e-06 -9.5114955180584219e-06 -3.4981977513366397e-05 4.9482272730931817e-05 1.5384578622629001e-05 -3.5202369516637516e-05 9.6046163708084301e-05 -2.8102028199353906e-05 -5.1597433963947528e-05 3.579455699841056e-05 -2.6818522458380679e-05 -4.1031474472653096e-05 -0.00016836574719822126 -2.7709825021018345e-05 -3.7578434930791908e-06 1.4312759163577509e-05 -7.1037581531500395e-05 1.4080919532663136e-05 3.0450134889946162e-05 1.3774500923234759e-06 1.5048564811395086e-05 3.8323925531243014e-05 -1.6879551562778424e-06 6.466436062500752e-05 0 2.0230049289970726e-06 -3.7451389166168933e-05 8.8949227128978587e-06 -4.1403735868443657e-05 -0.00011268232505773578 1.3340762610010796e-06 -8.4141413455989775e-05 -2.2612062391808055e-06 -3.4419538269811981e-06 2.5411353605871815e-06 1.4753621347478801e-06 8.6664537960460896e-05 -1.685533232616953e-05 -2.3041182531836605e-05 3.6266654432944639e-05 -2.4772113438906758e-06 2.3868102874606427e-06 5.134585880596525e-05 3.6840078316012732e-05 -7.1204461884190178e-06 -1.2134453330617988e-05 -2.2704082795836371e-05 2.1781219187698184e-05 -1.3587752265947514e-05 -2.6213793828077302e-05 -6.0731123749231513e-06 -2.023965450733142e-05 -9.6669342934971591e-05 9.1289295453461988e-05 5.8055466440494362e-06 7.469793717392014e-05 3.3458731536815963e-05 -1.4876205194933761e-06 2.8170426230595558e-06 5.0558047301866826e-06 -3.6670529835064921e-05 9.4011114231471696e-06 -4.9601132408738808e-05 -2.4407988870987091e-07 1.7575842302657087e-05 4.5516430180759757e-05 -5.2739446156788463e-06 0 5.7249793531414976e-05 1.9928654413830051e-05
leaf_weight=40 87 42 479 41 1633 275 66 60 72 89 34 75 54 88 38 60 215 75 912 166 49 36 352 59 36 55 51 69 62 43 34 46 55 66 58 1431 58 1548 490 245 208 46 53 384 257 341 51 34 559 34 921 123 1329 59 36 1163 169 69 183 163 39 72 138 270 108 250 459 187 302 110 34 34 256 76 182 610 105 517 206 40 53 230 38 117 79 70 90 175
leaf_count=40 87 42 479 41 1633 275 66 60 72 89 34 75 54 88 38 60 215 75 912 166 49 36 352 59 36 55 51 69 62 43 34 46 55 66 58 1431 58 1548 490 245 208 46 53 384 257 341 51 34 559 34 921 123 1329 59 36 1163 169 69 183 163 39 72 138 270 108 250 459 187 302 110 34 34 256 76 182 610 105 517 206 40 53 230 38 117 79 70 90 175
internal_value=3.72563e-08 -1.91162e-06 -1.61174e-05 -6.84758e-07 2.05048e-06 -6.57494e-06 -2.18875e-05 -3.11321e-05 -4.75324e-05 -1.50141e-05 -1.40531e-05 1.5531e-05 2.32032e-05 3.87115e-05 2.05504e-05 -1.30275e-06 4.70793e-06 1.91308e-05 -4.04167e-06 -8.26489e-06 -3.96034e-05 -6.65523e-06 -6.02297e-06 -8.76955e-06 -1.75503e-05 1.99494e-05 -3.71061e-06 9.69518e-06 -6.69142e-05 -7.99704e-05 -0.000103724 -2.44811e-06 4.79128e-06 -1.88951e-05 -3.91462e-05 1.67163e-05 -1.12566e-05 -3.96872e-06 1.52734e-06 2.29494e-05 -2.05989e-06 9.34151e-06 1.6112e-05 -9.92904e-06 -1.88722e-05 4.89099e-06 1.32432e-06 -7.39249e-05 1.44187e-05 -1.23245e-05 2.54214e-06 7.93301e-06 -2.69384e-06 -2.98775e-05 4.65908e-05 -2.01192e-05 -9.38807e-06 9.83556e-06 7.61841e-06 -1.626e-05 8.45388e-06 1.41438e-05 6.43989e-06 -1.89542e-06 0 7.7722e-06 -2.08719e-05 -3.55631e-05 -1.61225e-05 -3.83418e-05 -5.87136e-05 5.26677e-05 2.37315e-05 4.4083e-05 1.75168e-05 -8.73316e-06 1.66315e-05 9.45428e-07 -2.4811e-05 4.04522e-05 -1.64807e-05 -1.28133e-05 -1.09147e-05 2.82137e-05 1.41668e-05 1.66866e-05 3.26886e-05 7.69404e-06
internal_weight=20473 18180 1439 16741 11421 5320 1257 778 394 149 384 2293 182 142 1701 7814 2435 1663 5379 3069 147 2922 5278 4005 1457 91 2548 1860 245 183 111 318 1363 179 113 1554 575 2550 2310 497 1820 3607 1422 908 524 2185 1684 77 1376 1002 1273 159 2497 316 123 1366 284 115 252 843 1184 770 502 414 421 809 680 221 517 203 93 109 567 129 438 1168 144 592 372 81 558 505 87 268 151 501 160 313
internal_count=20473 18180 1439 16741 11421 5320 1257 778 394 149 384 2293 182 142 1701 7814 2435 1663 5379 3069 147 2922 5278 4005 1457 91 2548 1860 245 183 111 318 1363 179 113 1554 575 2550 2310 497 1820 3607 1422 908 524 2185 1684 77 1376 1002 1273 159 2497 316 123 1366 284 115 252 843 1184 770 502 414 421 809 680 221 517 203 93 109 567 129 438 1168 144 592 372 81 558 505 87 268 151 501 160 313
is_linear=0
shrinkage=0.0337242


end of trees

feature_importances:
time_encoded=661
alpha042=450
alpha041=410
NATR=345
vwap=307
alpha005=259
OBV=198
stock_encoded=169
DI_diff=139
day_encoded=138
alpha033=129
alpha083=123
ADX=122
alpha050=113
volume=111
MFI=105
alpha038=91
alpha040=91
slowD=78
alpha016=61
slowK=61
alpha054=59
alpha013=58
alpha018=58
alpha030=58
past_ret_10=57
alpha011=56
alpha002=55
alpha015=50
alpha053=48
alpha060=48
past_ret_7=48
past_ret_3=43
past_ret_5=43
past_ret_1=39
past_ret_2=39
past_ret_4=39
alpha006=38
alpha020=38
CCI=38
STOCHRSI=35
past_ret_8=34
alpha003=33
alpha044=32
past_ret_9=32
past_ret_6=24
alpha051=20
open_20min=19
alpha101=18
alpha007=16
alpha012=12
close_20min=11
BOP=4
close_10min=3
open_10min=2

parameters:
[boosting: gbdt]
[objective: regression]
[metric: rmse]
[tree_learner: serial]
[device_type: cpu]
[data_sample_strategy: bagging]
[data: ]
[valid: ]
[num_iterations: 200]
[learning_rate: 0.0337242]
[num_leaves: 89]
[num_threads: 0]
[seed: 0]
[deterministic: 0]
[force_col_wise: 0]
[force_row_wise: 0]
[histogram_pool_size: -1]
[max_depth: -1]
[min_data_in_leaf: 34]
[min_sum_hessian_in_leaf: 0.001]
[bagging_fraction: 0.773608]
[pos_bagging_fraction: 1]
[neg_bagging_fraction: 1]
[bagging_freq: 2]
[bagging_seed: 3]
[bagging_by_query: 0]
[feature_fraction: 0.765679]
[feature_fraction_bynode: 1]
[feature_fraction_seed: 2]
[extra_trees: 0]
[extra_seed: 6]
[early_stopping_round: 0]
[early_stopping_min_delta: 0]
[first_metric_only: 0]
[max_delta_step: 0]
[lambda_l1: 0.00286613]
[lambda_l2: 0.000119238]
[linear_lambda: 0]
[min_gain_to_split: 0]
[drop_rate: 0.1]
[max_drop: 50]
[skip_drop: 0.5]
[xgboost_dart_mode: 0]
[uniform_drop: 0]
[drop_seed: 4]
[top_rate: 0.2]
[other_rate: 0.1]
[min_data_per_group: 100]
[max_cat_threshold: 32]
[cat_l2: 10]
[cat_smooth: 10]
[max_cat_to_onehot: 4]
[top_k: 20]
[monotone_constraints: ]
[monotone_constraints_method: basic]
[monotone_penalty: 0]
[feature_contri: ]
[forcedsplits_filename: ]
[refit_decay_rate: 0.9]
[cegb_tradeoff: 1]
[cegb_penalty_split: 0]
[cegb_penalty_feature_lazy: ]
[cegb_penalty_feature_coupled: ]
[path_smooth: 0]
[interaction_constraints: ]
[verbosity: -1]
[saved_feature_importance_type: 0]
[use_quantized_grad: 0]
[num_grad_quant_bins: 4]
[quant_train_renew_leaf: 0]
[stochastic_rounding: 1]
[linear_tree: 0]
[max_bin: 255]
[max_bin_by_feature: ]
[min_data_in_bin: 3]
[bin_construct_sample_cnt: 200000]
[data_random_seed: 1]
[is_enable_sparse: 1]
[enable_bundle: 1]
[use_missing: 1]
[zero_as_missing: 0]
[feature_pre_filter: 1]
[pre_partition: 0]
[two_round: 0]
[header: 0]
[label_column: ]
[weight_column: ]
[group_column: ]
[ignore_column: ]
[categorical_feature: ]
[forcedbins_filename: ]
[precise_float_parser: 0]
[parser_config_file: ]
[objective_seed: 5]
[num_class: 1]
[is_unbalance: 0]
[scale_pos_weight: 1]
[sigmoid: 1]
[boost_from_average: 1]
[reg_sqrt: 0]
[alpha: 0.9]
[fair_c: 1]
[poisson_max_delta_step: 0.7]
[tweedie_variance_power: 1.5]
[lambdarank_truncation_level: 30]
[lambdarank_norm: 1]
[label_gain: ]
[lambdarank_position_bias_regularization: 0]
[eval_at: ]
[multi_error_top_k: 1]
[auc_mu_weights: ]
[num_machines: 1]
[local_listen_port: 12400]
[time_out: 120]
[machine_list_filename: ]
[machines: ]
[gpu_platform_id: -1]
[gpu_device_id: -1]
[gpu_use_dp: 0]
[num_gpu: 1]

end of parameters

pandas_categorical:[]
