tree
version=v4
num_class=1
num_tree_per_iteration=1
label_index=0
max_feature_idx=55
objective=regression
feature_names=volume vwap alpha002 alpha003 alpha005 alpha006 alpha007 alpha011 alpha012 alpha013 alpha015 alpha016 alpha018 alpha020 alpha027 alpha030 alpha033 alpha038 alpha040 alpha041 alpha042 alpha044 alpha050 alpha051 alpha053 alpha054 alpha060 alpha083 alpha101 stock_encoded day_encoded time_encoded close_10min close_20min open_10min open_20min past_ret_1 past_ret_2 past_ret_3 past_ret_4 past_ret_5 past_ret_6 past_ret_7 past_ret_8 past_ret_9 past_ret_10 BOP CCI MFI STOCHRSI slowK slowD NATR ADX DI_diff OBV
feature_infos=[0:12619] [24.874450733369851:2393.3433133732533] [-0.99639490147829601:0.989856786446349] [-1.000000000000191:1.0000000000001041] [-1:-1.4133077053536095e-05] [-1.0000000000221472:1.0000000000077218] [-60:60] [4.320774282751469e-05:2] [-15:20] [-1:-0.0038167938931297708] [-2.988721804511278:-0.037593984962405902] [-1:-0.0038167938931297708] [-1:-0.0038167938931297708] [-1:-5.3735634114067321e-08] none [0:0.99619771863117867] [0.0037593984962406013:1] [-0.9715485211082181:-8.7768058277990686e-05] [-inf:inf] [-49.389956184698349:19.797101449275488] [0.0037593984962406013:266] [-1.0000000000050202:1.0000000000006541] [-1:-0.034351145038167941] [-20:15] [-200000:100001] [-1:0] [-0.013940643600982438:0.0076654542249543671] [-inf:inf] [-0.9999333377774815:0.9999333377774815] [0:24] [16:19] [0:265] none [0:1] [0:1] [0:1] [-0.0095389507154213238:0.0097799511002445438] [-0.012618296529968376:0.011673151750972721] [-0.013513513513513487:0.011811023622047223] [-0.015180265654648917:0.013806706114398493] [-0.016731016731016735:0.013806706114398493] [-0.017142857142857126:0.015810276679841806] [-0.017142857142857126:0.016830294530154388] [-0.018975332068311146:0.018232819074333717] [-0.019047619047619091:0.018232819074333717] [-0.019305019305019266:0.019305019305019266] [-1:1] [-333.33333333428078:333.33333333428078] [-1.2764117881401976e-10:100.00000000007752] [0:100.00000000000001] [-3.8132460152458708e-13:100.00000000000119] [-1.5513516397428855e-12:100.00000000000125] [0.00020922012720942282:0.6040492590192893] [1.9703310345090252:99.999999985006596] [-99.851819385980932:99.703766005408042] [-12206:217655]
tree_sizes=1888 2122 1927 1929 1726 2114 2033 2040 2021 1820 1922 1828 2122 1924 1820 2021 2010 2125 1923 2032 1927 2036 2120 2037 2129 2016 2026 1918 1839 2031 1930 1922 2026 2021 2021 1926 2027 2118 2018 1924 1912 1927 2037 1741 1927 1924 1835 2017 1917 1928 2033 1841 1928 1931 1931 2135 1733 2034 1933 1921 2019 1829 2031 2031 1935 1942 1920 1936 2027 2029 2048 1840 2116 2120 1833 2028 1831 2130 2021 2046 2026 1938 1928 2115 1939 2017 2125 2134 1918 1945 1822 2148 2033 2129 1930 1932 1925 2030 1933 1928 2134 2034 1827 2044 1930 2019 1819 1819 1933 1926 2029 1826 1927 1819 1931 2031 1923 1836 2042 1841 1839 1822 1940 1918 1925 1937 1930 2027 1844 2036 1837 1933 1930 1948 2031 2034 2027 2032 1847 1926 1944 1841 1823 1825 2023 1825 1826 1833 1940 2047 1946 1730 2129 1955 1937 1927 1733 1823 1926 2023 1934 2127 2044 2047 2024 2136 2137 1936 2020 1940 2024 2030 2030 1942 1935 1851 1933 1942 1944 1834 2053 2037 2013 2019 1836 1943 2039 1944 1723 1822 2039 2009 1934 1946 1837 2039 1847 1947 2041

Tree=0
num_leaves=18
num_cat=0
split_feature=20 20 20 19 16 31 20 20 49 36 19 31 19 20 20 31 31
split_gain=0.0152853 0.0045807 0.00425761 0.00336708 0.00136254 0.00126703 0.0010188 0.00091624 0.000583242 0.000539457 0.00049518 0.000434214 0.000353688 0.000384808 0.000271784 0.000177297 0.000157164
threshold=1.112399732620321 0.1260686883449032 14.455555555555557 0.034013612733932781 0.52819548872180466 99.500000000000014 3.8981321342096167 2.1036721898790867 49.384503843330755 0.0018001814764404547 0.034013612733932781 195.50000000000003 0.04361651913038856 0.51382517838939867 0.495432932932933 123.50000000000001 141.50000000000003
decision_type=2 2 2 2 2 2 2 2 2 2 2 2 2 2 2 2 2
left_child=1 5 3 6 9 -1 8 -5 16 12 -6 -8 15 -14 -12 -3 -2
right_child=2 4 -4 7 10 -7 11 -9 -10 -11 14 -13 13 -15 -16 -17 -18
leaf_value=2.4570545131838843e-06 6.743876050242487e-05 4.4706466019181288e-05 0.00010394776272627922 7.5784923913789392e-05 4.6493812585176017e-05 3.064120971251071e-05 7.7156768509284901e-05 9.8192091480609611e-05 4.7850004869290115e-05 3.0375087431770611e-05 5.5406468489922147e-05 6.1226701945177751e-05 4.4075953761535591e-05 5.7711780504332176e-05 6.8366082617397152e-05 3.5901200936612449e-05 5.7906207346545767e-05
leaf_weight=1005 1004 1770 1325 1344 997 1257 1508 1218 1843 1026 1064 994 1774 1225 1212 1462 1526
leaf_count=1005 1004 1770 1325 1344 997 1257 1508 1218 1843 1026 1064 994 1774 1225 1212 1462 1526
internal_value=5.61042e-05 4.22782e-05 7.25382e-05 6.81282e-05 4.74679e-05 1.81191e-05 6.13051e-05 8.64375e-05 5.58566e-05 4.29476e-05 5.74905e-05 7.0828e-05 4.50178e-05 4.96458e-05 6.23076e-05 4.07234e-05 6.16891e-05
internal_weight=23554 12792 10762 9437 10530 2262 6875 2562 4373 7257 3273 2502 6231 2999 2276 3232 2530
internal_count=23554 12792 10762 9437 10530 2262 6875 2562 4373 7257 3273 2502 6231 2999 2276 3232 2530
is_linear=0
shrinkage=1


Tree=1
num_leaves=20
num_cat=0
split_feature=20 20 20 19 16 31 26 52 20 20 19 31 19 20 26 20 31 31 16
split_gain=0.0147186 0.00441088 0.00409977 0.00324225 0.00131278 0.00122006 0.000991827 0.000895644 0.000882272 0.000635042 0.000515657 0.000377515 0.000324602 0.000352888 0.000258053 0.000253017 0.000249364 0.000203114 0.000138917
threshold=1.112399732620321 0.1260686883449032 14.455555555555557 0.034013612733932781 0.52537593984962416 99.500000000000014 -0.0056406164785807334 0.20541864465659007 2.1036721898790867 2.6568921232876721 0.036748927727460419 147.50000000000003 0.04361651913038856 0.44208267449740235 -0.006055257039765667 0.495432932932933 117.50000000000001 188.50000000000003 0.51409774436090239
decision_type=2 2 2 2 2 2 10 2 2 2 2 2 2 2 10 2 2 2 2
left_child=1 5 3 6 7 -1 11 12 -5 18 -6 -2 16 -14 -9 -12 -3 -11 -8
right_child=2 4 -4 8 10 -7 9 14 -10 17 15 -13 13 -15 -16 -17 -18 -19 -20
leaf_value=-5.2689043854846298e-05 4.0619940928446583e-06 -7.3338170689832567e-06 4.6902588789052039e-05 1.926672679361407e-05 -9.6857614770516677e-06 -2.5032265616773781e-05 -1.93204194067914e-06 -2.8905177961862727e-05 4.125461517096939e-05 2.1518649321898509e-05 -3.9478308813277053e-07 -1.1051723606667461e-05 -1.0531042289093347e-05 4.0106962713490912e-06 -1.6013747188257268e-05 1.2016574558062084e-05 -1.8851678318247813e-05 1.0545698546564551e-05 7.7235096434342952e-06
leaf_weight=1005 996 1300 1325 1344 1059 1257 1092 1190 1218 1367 1101 1381 1224 1118 1001 1204 1333 1040 999
leaf_count=1005 996 1300 1325 1344 1059 1257 1092 1190 1218 1367 1101 1381 1224 1118 1001 1204 1333 1040 999
internal_value=-4.57169e-08 -1.36131e-05 1.60808e-05 1.17533e-05 -8.52043e-06 -3.73201e-05 5.05787e-06 -1.30472e-05 2.972e-05 1.02244e-05 1.12249e-06 -4.71884e-06 -8.65714e-06 -3.58925e-06 -2.30155e-05 6.0882e-06 -1.31649e-05 1.67775e-05 2.68101e-06
internal_weight=23554 12792 10762 9437 10530 2262 6875 7166 2562 4498 3364 2377 4975 2342 2191 2305 2633 2407 2091
internal_count=23554 12792 10762 9437 10530 2262 6875 7166 2562 4498 3364 2377 4975 2342 2191 2305 2633 2407 2091
is_linear=0
shrinkage=0.0187118


Tree=2
num_leaves=18
num_cat=0
split_feature=4 4 16 16 31 25 52 4 19 16 19 25 31 31 4 1 52
split_gain=0.00758039 0.00378066 0.00347109 0.00224854 0.00131599 0.000985086 0.000759161 0.000575343 0.000547629 0.000488039 0.000379081 0.000366126 0.000332029 0.000571961 0.00043007 0.000323867 0.000135931
threshold=-0.21747978969981341 -0.83093306574707437 0.53853383458646631 0.52819548872180466 123.50000000000001 -0.66266026223292496 0.30551207109196238 -0.018139804398213572 0.027249287750612087 0.83928571428571441 0.1498881560388661 -0.66210828455976933 120.50000000000001 200.50000000000003 -0.61994742495336075 155.73442750757491 0.16851496608626443
decision_type=2 2 2 2 2 2 2 2 2 2 2 2 2 2 2 2 2
left_child=1 -1 4 6 11 16 12 8 -4 10 -5 -2 14 -14 -3 -7 -6
right_child=2 3 7 9 5 15 -8 -9 -10 -11 -12 -13 13 -15 -16 -17 -18
leaf_value=-3.822510572973071e-05 6.003754709636175e-06 -1.5190671168895619e-05 1.4056451511978183e-05 -7.9195982630407089e-06 -7.7283570767757027e-06 1.1421202875004102e-05 -2.6697423187016929e-05 3.7681864721379652e-05 3.0746139539958798e-05 1.5123778000461639e-05 7.2283931178842308e-06 1.9032020440244674e-05 -2.0271896573478884e-05 -3.5410648510351052e-06 1.1560415469333983e-08 -2.0092064687743905e-06 -1.743468499378105e-05
leaf_weight=1492 1385 1002 1620 1026 1023 1318 1118 998 1197 1241 1326 1661 1956 1128 1863 1202 998
leaf_count=1492 1385 1002 1620 1026 1023 1318 1118 998 1197 1241 1326 1661 1956 1128 1863 1202 998
internal_value=-4.48615e-08 -1.03273e-05 1.09139e-05 -6.42265e-06 3.59293e-06 -2.78966e-06 -1.25504e-05 2.54734e-05 2.11482e-05 5.62982e-06 6.20467e-07 1.31081e-05 -9.89169e-06 -1.41524e-05 -5.30524e-06 5.01511e-06 -1.25215e-05
internal_weight=23554 12152 11402 10660 7587 4541 7067 3815 2817 3593 2352 3046 5949 3084 2865 2520 2021
internal_count=23554 12152 11402 10660 7587 4541 7067 3815 2817 3593 2352 3046 5949 3084 2865 2520 2021
is_linear=0
shrinkage=0.0187118


Tree=3
num_leaves=18
num_cat=0
split_feature=20 20 20 19 31 19 25 20 16 20 25 20 31 17 12 1 20
split_gain=0.0138056 0.00411994 0.00391081 0.00307698 0.00182783 0.00137303 0.00116788 0.000842571 0.000645712 0.000618242 0.000561065 0.000281271 0.000279147 0.000215205 0.000136415 0.000130627 8.48397e-05
threshold=1.112399732620321 0.18526500638569607 14.455555555555557 0.034013612733932781 79.500000000000014 0.04361651913038856 -0.65986974327972403 2.1036721898790867 0.52537593984962416 3.8981321342096167 -1.0000000180025095e-35 0.495432932932933 141.50000000000003 -0.21827733243614872 -0.68606870229007622 80.337638181346662 0.5680236686390534
decision_type=2 2 2 2 2 2 2 2 2 2 2 2 2 10 10 2 2
left_child=1 4 3 6 -1 10 -2 -5 11 12 14 -7 -8 -12 -3 -6 -10
right_child=2 5 -4 7 15 8 9 -9 16 -11 13 -13 -14 -15 -16 -17 -18
leaf_value=-5.1430537567241203e-05 -7.3701734236766387e-06 -2.6174768853077352e-05 4.5677391573348788e-05 1.8635106748337319e-05 -1.6620164418974993e-05 -1.1439943633493795e-05 1.1627503052768601e-05 4.0122588464313099e-05 3.8548577127920148e-06 1.8038515363022344e-05 -1.4375943496938975e-05 8.0566190970013524e-08 -9.4647344980201883e-08 -2.7804305558925132e-06 -1.7066703691144209e-05 -2.6151132864361919e-05 1.141928033631314e-05
leaf_weight=1092 1964 999 1325 1344 1011 1575 1156 1218 1054 1906 1003 1403 1849 1270 1359 1003 1023
leaf_count=1092 1964 999 1325 1344 1011 1575 1156 1218 1054 1906 1003 1403 1849 1270 1359 1003 1023
internal_value=-4.40221e-08 -1.31838e-05 1.55743e-05 1.13476e-05 -3.19365e-05 -7.17039e-06 4.82513e-06 2.88505e-05 -4.27285e-07 9.70226e-06 -1.45309e-05 -6.01238e-06 4.41477e-06 -7.89715e-06 -2.09255e-05 -2.13667e-05 7.58062e-06
internal_weight=23554 12792 10762 9437 3106 9686 6875 2562 5055 4911 4631 2978 3005 2273 2358 2014 2077
internal_count=23554 12792 10762 9437 3106 9686 6875 2562 5055 4911 4631 2978 3005 2273 2358 2014 2077
is_linear=0
shrinkage=0.0187118


Tree=4
num_leaves=16
num_cat=0
split_feature=20 20 20 19 19 25 52 20 20 20 52 20 1 49 17
split_gain=0.0132937 0.0039931 0.00376582 0.00296291 0.00113799 0.00112458 0.00101892 0.000918723 0.000811334 0.000595322 0.000551061 0.000342714 0.000283376 0.000242754 0.000240912
threshold=1.112399732620321 0.1260686883449032 14.455555555555557 0.034013612733932781 0.04361651913038856 -0.65986974327972403 0.1831068975238081 0.27495019920318731 2.1036721898790867 3.8981321342096167 0.20851911280123658 0.74946808510638319 81.296109502628298 55.735493808674711 -0.18469325063631839
decision_type=2 2 2 2 2 2 2 2 2 2 2 2 2 2 10
left_child=1 6 3 5 10 -2 -1 -6 -5 14 13 12 -9 -3 -7
right_child=2 4 -4 8 7 9 -8 11 -10 -11 -12 -13 -14 -15 -16
leaf_value=-2.4314335905068075e-05 -7.2322641446781267e-06 -5.1958152979401627e-06 4.4822684979569104e-05 1.8286410086218998e-05 -1.568965407786406e-05 -2.8655930121322254e-06 -4.9601605884798125e-05 4.6339214057246556e-06 3.9371821603221085e-05 1.7700982171430262e-05 -2.4137084966379648e-05 1.0310940206533074e-05 -6.7623362562428959e-06 -1.5258008235677133e-05 8.2320259834183098e-06
leaf_weight=1262 1964 1588 1325 1344 1375 1056 1000 1434 1218 1906 1504 1213 1635 1781 1949
leaf_count=1262 1964 1588 1325 1344 1375 1056 1000 1434 1218 1906 1504 1213 1635 1781 1949
internal_value=-4.31984e-08 -1.29371e-05 1.52828e-05 1.11353e-05 -8.09166e-06 4.73484e-06 -3.54935e-05 -2.38244e-06 2.83106e-05 9.52071e-06 -1.47194e-05 1.89066e-06 -1.4374e-06 -1.05151e-05 4.33216e-06
internal_weight=23554 12792 10762 9437 10530 6875 2262 5657 2562 4911 4873 4282 3069 3369 3005
internal_count=23554 12792 10762 9437 10530 6875 2262 5657 2562 4911 4873 4282 3069 3369 3005
is_linear=0
shrinkage=0.0187118


Tree=5
num_leaves=20
num_cat=0
split_feature=20 20 20 19 16 25 31 52 20 20 19 31 19 20 31 31 26 20 16
split_gain=0.0128009 0.00384506 0.00362621 0.00285681 0.00115111 0.00115 0.00111727 0.000780578 0.000762717 0.000606197 0.000428147 0.000319062 0.000301326 0.00033445 0.000315685 0.000253494 0.00023058 0.00022501 0.000162129
threshold=1.112399732620321 0.1260686883449032 14.455555555555557 0.045417991147377997 0.5234962406015039 -0.25550919792709337 99.500000000000014 0.20541864465659007 2.1036721898790867 3.3964740602671641 0.036748927727460419 141.50000000000003 0.013010486821890767 0.46652661064425777 117.50000000000001 167.50000000000003 -0.006055257039765667 0.495432932932933 0.53289473684210542
decision_type=2 2 2 2 2 2 2 2 2 2 2 2 2 2 2 2 10 2 2
left_child=1 6 3 5 7 15 -1 12 -5 11 -6 -7 14 -14 -3 -2 -9 -12 -11
right_child=2 4 -4 8 10 9 -8 16 -10 18 17 -13 13 -15 -16 -17 -18 -19 -20
leaf_value=-4.9536699970638731e-05 6.9162848911768832e-07 -6.548706653737747e-06 4.398397111446282e-05 1.8922452765616156e-05 -8.8506869523192187e-06 1.2685307506804955e-05 -2.3070494250286326e-05 -2.7139185657377806e-05 4.0239418049024087e-05 1.2800812683312724e-05 -6.3938872657532494e-07 -5.7227479973205539e-07 -1.0093350483491184e-05 2.9786260307710206e-06 -2.1056284563101937e-05 -1.1638988455144872e-05 -1.4948588825710272e-05 1.0852414473993853e-05 2.3370744382225539e-05
leaf_weight=1005 1116 1106 1325 1278 1090 1025 1257 1188 1088 1034 1154 1673 1479 1277 1000 1224 1001 1235 999
leaf_count=1005 1116 1106 1325 1278 1090 1025 1257 1188 1088 1034 1154 1673 1479 1277 1000 1224 1001 1235 999
internal_value=-4.23901e-08 -1.2695e-05 1.49969e-05 1.09269e-05 -7.94025e-06 4.9716e-06 -3.48294e-05 -1.2286e-05 2.8725e-05 1.02787e-05 8.67382e-07 4.46443e-06 -8.1085e-06 -4.03641e-06 -1.34374e-05 -5.75823e-06 -2.15646e-05 5.30133e-06 1.79948e-05
internal_weight=23554 12792 10762 9437 10530 7071 2262 7051 2366 4731 3479 2698 4862 2756 2106 2340 2189 2389 2033
internal_count=23554 12792 10762 9437 10530 7071 2262 7051 2366 4731 3479 2698 4862 2756 2106 2340 2189 2389 2033
is_linear=0
shrinkage=0.0187118


Tree=6
num_leaves=19
num_cat=0
split_feature=4 16 25 4 4 4 25 19 19 4 19 16 19 13 16 55 1 4
split_gain=0.00653889 0.00457894 0.0017896 0.00146919 0.00126544 0.000924036 0.00089878 0.000565805 0.000564661 0.000444646 0.000385541 0.000359619 0.000303826 0.000200065 0.000197072 0.000129264 9.61529e-05 7.31682e-05
threshold=-0.653209621798858 0.53101503759398505 -0.66210828455976933 -0.12703516309570917 -0.83785120696478022 -0.035940414947142278 -0.98736591853288225 -1.0000000180025095e-35 0.019665043742746139 -0.10487449827576457 -0.79577957739444105 0.5084586466165415 0.062914533438679157 -0.056832680669277318 0.82800751879699253 18597.000000000004 80.565459810548973 -0.30125360393464862
decision_type=2 2 2 2 2 2 2 2 2 2 2 2 2 10 2 2 2 2
left_child=4 2 6 8 -1 10 9 15 -3 12 -4 -6 16 17 -10 -5 -2 -12
right_child=1 3 5 7 11 -7 -8 -9 14 -11 13 -13 -14 -15 -16 -17 -18 -19
leaf_value=-3.6613364228465696e-05 -1.0590605820552092e-05 -4.0908624932082799e-07 -9.1245289044183795e-06 2.5152855669385271e-05 -2.0448865363560542e-05 1.6738379767399295e-05 -2.5176546772433039e-05 3.7274182813659267e-05 9.8225302216970808e-06 1.6363079642303078e-06 -4.0290669960039999e-06 -5.8756412084983515e-06 -3.3670902020748063e-06 8.3940795120751632e-06 2.0789781364113789e-05 1.5629107568622259e-05 -1.854642129517726e-05 2.8454977909886339e-06
leaf_weight=1398 1092 1430 1119 1002 1397 1643 1049 1070 1342 1709 1002 1030 1453 1604 1002 994 1037 1181
leaf_count=1398 1092 1430 1119 1002 1397 1643 1049 1070 1342 1709 1002 1030 1453 1604 1002 994 1037 1181
internal_value=-4.15969e-08 4.29949e-06 -2.26747e-06 1.6674e-05 -2.24325e-05 4.59281e-06 -9.3539e-06 2.62955e-05 8.8575e-06 -6.21688e-06 5.25308e-07 -1.42641e-05 -9.9637e-06 3.37669e-06 1.45108e-05 2.04101e-05 -1.44658e-05 -3.09936e-07
internal_weight=23554 19729 12889 6840 3825 6549 6340 3066 3774 5291 4906 2427 3582 3787 2344 1996 2129 2183
internal_count=23554 19729 12889 6840 3825 6549 6340 3066 3774 5291 4906 2427 3582 3787 2344 1996 2129 2183
is_linear=0
shrinkage=0.0187118


Tree=7
num_leaves=19
num_cat=0
split_feature=4 25 4 4 25 19 19 4 4 19 28 27 0 17 4 55 4 4
split_gain=0.00660532 0.00443851 0.00205702 0.00138504 0.00096086 0.000917744 0.000764183 0.00057171 0.000561298 0.000553359 0.000454639 0.000375955 0.000347152 0.00024265 0.000151128 0.000139524 0.000122692 0.000105308
threshold=-0.66849101136299394 -0.66210828455976933 -0.1121247668042286 -0.83785120696478022 -0.98479114933179546 0.04361651913038856 -1.0000000180025095e-35 -0.057747752840748477 -0.0057592288993159576 0.04361651913038856 -0.906723902490019 -1.7976931348623157e+308 22.500000000000004 -0.081573096164535827 -0.26816807055232056 15789.500000000002 -0.32632568262762163 -0.31773277177907172
decision_type=2 2 2 2 2 2 2 2 2 2 2 8 2 10 2 2 2 2
left_child=3 4 5 -1 7 10 8 9 13 15 -3 -7 -5 -4 -12 -2 -13 -11
right_child=1 2 6 12 -6 11 -8 -9 -10 17 14 16 -14 -15 -16 -17 -18 -19
leaf_value=-3.7763832531884764e-05 -1.8819739455494714e-05 8.3261703367442124e-06 6.1466310028482884e-06 -2.1174973283607375e-05 -2.4662637379588591e-05 2.5549228270893804e-06 3.1208852531784314e-05 6.2617702675978593e-06 2.6793754963166055e-05 -4.5757720164480512e-06 -1.0110988470503444e-05 1.1649763768341305e-05 -6.4481519193339886e-06 1.6792355445232774e-05 -1.3440345735481924e-06 -1.0052236733251581e-05 2.0467489235435965e-05 3.5400068949711023e-06
leaf_weight=1408 1060 1069 1602 1165 994 1122 1423 1286 1091 1259 1483 1160 1080 1409 1285 1587 1055 1008
leaf_count=1408 1060 1069 1602 1165 994 1122 1423 1286 1091 1259 1483 1160 1080 1409 1285 1587 1055 1008
internal_value=-8.74321e-08 4.15954e-06 1.0812e-05 -2.3215e-05 -7.5836e-06 4.20303e-06 1.93936e-05 -4.84544e-06 1.52948e-05 -7.75222e-06 -2.03831e-06 1.13795e-05 -1.40904e-05 1.11283e-05 -6.04107e-06 -1.35632e-05 1.58496e-05 -9.67167e-07
internal_weight=23546 19893 12699 3653 7194 7174 5525 6200 4102 4914 3837 3337 2245 3011 2768 2647 2215 2267
internal_count=23546 19893 12699 3653 7194 7174 5525 6200 4102 4914 3837 3337 2245 3011 2768 2647 2215 2267
is_linear=0
shrinkage=0.0187118


Tree=8
num_leaves=19
num_cat=0
split_feature=20 20 20 16 20 16 20 27 25 27 20 25 1 1 48 54 4 27
split_gain=0.0121461 0.00400387 0.0029167 0.0017236 0.000867466 0.000715253 0.000710229 0.000707249 0.000668574 0.000394396 0.000342717 0.000278407 0.000268303 0.000238356 0.00022666 0.000129368 8.52969e-05 5.31037e-05
threshold=0.7743476287724077 13.455555555555557 0.060213074520303438 0.53853383458646631 0.21860135837702707 0.52537593984962416 2.4353400222965447 -0.40495599870946236 -0.49696786714138735 1.8266872819476949 2.0105823068309077 -0.65986974327972403 79.012095259468339 82.217445856116157 61.4715105859459 0.05198729363695688 -0.065005087907739262 -6.1182951850136531
decision_type=2 2 2 2 2 2 2 8 2 8 2 2 2 2 2 2 2 8
left_child=2 3 -1 7 12 11 9 14 16 -5 -10 13 -4 -6 -2 -7 -9 -13
right_child=1 -3 4 6 5 15 -8 8 10 -11 -12 17 -14 -15 -16 -17 -18 -19
leaf_value=-4.3391181309266346e-05 6.3574982153147097e-06 4.1611437849308729e-05 -1.3838672470547202e-05 1.8610102743747093e-05 -1.024947782724552e-05 -4.2542968286500012e-06 2.6740175921449051e-05 -1.2860632252136697e-05 -2.1939427150186931e-06 3.3566861928825383e-06 1.0176921210920633e-05 -3.9496099431002629e-06 -2.6469528756253354e-05 -2.1245800933820128e-05 1.8411558954324049e-05 4.9173275220293768e-06 -5.2404714378670463e-06 -1.0049316484048693e-05
leaf_weight=1135 1205 1422 1003 1222 1288 1005 1818 1048 1432 1154 1733 1005 1426 1487 999 1160 1010 994
leaf_count=1135 1205 1422 1003 1222 1288 1005 1818 1048 1432 1154 1733 1005 1426 1487 999 1160 1010 994
internal_value=-8.57961e-08 1.19741e-05 -1.50622e-05 8.34754e-06 -1.163e-05 -8.26109e-06 1.79372e-05 2.93227e-06 -8.18676e-07 1.12017e-05 4.57974e-06 -1.23067e-05 -2.12539e-05 -1.61419e-05 1.18212e-05 6.59829e-07 -9.1209e-06 -6.98268e-06
internal_weight=23546 13043 10503 11621 9368 6939 4194 7427 5223 2376 3165 4774 2429 2775 2204 2165 2058 1999
internal_count=23546 13043 10503 11621 9368 6939 4194 7427 5223 2376 3165 4774 2429 2775 2204 2165 2058 1999
is_linear=0
shrinkage=0.0187118


Tree=9
num_leaves=17
num_cat=0
split_feature=20 20 20 19 20 52 20 20 19 25 31 31 31 0 1 48
split_gain=0.0116958 0.00386049 0.00280857 0.00269831 0.00128419 0.00116912 0.00112789 0.000690299 0.000717033 0.000660397 0.00052952 0.000373537 0.00035252 0.000273812 0.000227926 0.000111118
threshold=0.7743476287724077 14.455555555555557 0.060213074520303438 0.031664368741388678 2.7312382739212011 0.32365440609561741 2.0706476530005946 0.21860135837702707 0.11341586095083046 -1.0000000180025095e-35 192.50000000000003 119.50000000000001 120.50000000000001 21.500000000000004 81.296109502628298 56.128452423010103
decision_type=2 2 2 2 2 2 2 2 2 2 2 2 2 2 2 2
left_child=2 3 -1 4 9 7 15 13 12 -2 -6 -11 -9 -4 -10 -5
right_child=1 -3 5 6 10 -7 -8 8 14 11 -12 -13 -14 -15 -16 -17
leaf_value=-4.2579253436255225e-05 -1.2660551272946004e-05 4.1947813877882945e-05 -2.498117610770758e-05 1.0487031551657522e-05 1.7473853123378775e-05 -2.8211655402540695e-05 3.6034943791620174e-05 -5.3639128830617841e-06 7.5993338507440549e-06 1.0419547441432567e-05 2.4028739246627531e-06 -3.547535541009308e-06 -1.736634501600611e-05 -1.140195367959286e-05 -3.4866784498263239e-06 1.8638826033023558e-05
leaf_weight=1135 1861 1331 1027 1314 1948 1256 1259 1754 1241 1068 1405 1801 1675 1053 1362 1056
leaf_count=1135 1861 1331 1027 1314 1948 1256 1259 1754 1241 1068 1405 1801 1675 1053 1362 1056
internal_value=-8.41907e-08 1.175e-05 -1.47804e-05 8.31825e-06 2.30023e-06 -1.14123e-05 2.17224e-05 -8.81126e-06 -5.60594e-06 -3.97935e-06 1.11587e-05 1.65178e-06 -1.12269e-05 -1.81067e-05 1.79866e-06 1.41192e-05
internal_weight=23546 13043 10503 11712 8083 9368 3629 8112 6032 4730 3353 2869 3429 2080 2603 2370
internal_count=23546 13043 10503 11712 8083 9368 3629 8112 6032 4730 3353 2869 3429 2080 2603 2370
is_linear=0
shrinkage=0.0187118


Tree=10
num_leaves=18
num_cat=0
split_feature=4 25 4 52 52 31 16 16 31 4 0 31 31 31 30 16 1
split_gain=0.00587584 0.00402981 0.00172074 0.00144667 0.00130233 0.000973537 0.000907054 0.000757888 0.000512751 0.000484328 0.000389849 0.0003529 0.000278328 0.000207725 0.000206552 0.00019295 0.000168799
threshold=-0.66849101136299394 -0.50262329198501032 -0.1121247668042286 0.21523617205139431 0.30898654311297541 121.50000000000001 0.53853383458646631 0.54605263157894746 120.50000000000001 -0.18903697212957202 18.500000000000004 125.50000000000001 109.50000000000001 225.50000000000003 17.500000000000004 0.86748120300751885 82.217445856116157
decision_type=2 2 2 2 2 2 2 2 2 2 2 2 2 2 2 2 2
left_child=3 4 7 10 5 9 12 8 -3 -2 -1 -8 -4 16 -10 -9 -7
right_child=1 2 6 -5 -6 13 11 15 14 -11 -12 -13 -14 -15 -16 -17 -18
leaf_value=-2.2501758102852619e-05 -2.4983821706875565e-06 6.7057228426492191e-06 1.8861813208493025e-05 -4.0203428826491523e-05 -2.3758984498551884e-05 -8.5556959090027109e-06 3.4494753636090537e-05 7.5173662579202082e-06 -1.2347054066016555e-05 1.3823014087531592e-05 -7.8640093212209086e-06 2.0110560690977048e-05 7.1575053694011319e-06 -2.3280971802379465e-06 -1.2508241618146467e-06 1.7377394283787826e-05 -1.8341061176955496e-05
leaf_weight=1140 1294 1825 1140 1069 1327 1575 1141 1599 1116 1253 1444 1253 1892 994 1240 1229 1015
leaf_count=1140 1294 1825 1140 1069 1327 1575 1141 1599 1116 1253 1444 1253 1892 994 1240 1229 1015
internal_value=-8.26154e-08 3.92298e-06 1.04452e-05 -2.18957e-05 -6.95178e-06 -3.31401e-06 1.83563e-05 4.32083e-06 -7.39629e-07 5.53095e-06 -1.43218e-05 2.69662e-05 1.15582e-05 -9.59976e-06 -6.50693e-06 1.18024e-05 -1.23905e-05
internal_weight=23546 19893 12435 3653 7458 6131 5426 7009 4181 2547 2584 2394 3032 3584 2356 2828 2590
internal_count=23546 19893 12435 3653 7458 6131 5426 7009 4181 2547 2584 2394 3032 3584 2356 2828 2590
is_linear=0
shrinkage=0.0187118


Tree=11
num_leaves=17
num_cat=0
split_feature=20 20 20 19 20 52 20 20 19 25 31 31 31 16 55 48
split_gain=0.0109749 0.00367231 0.00266127 0.0025855 0.00120627 0.00109167 0.00106319 0.000639847 0.000695462 0.000609439 0.000498474 0.000346087 0.000329377 0.000240835 0.000177703 0.000107799
threshold=0.7743476287724077 14.455555555555557 0.060213074520303438 0.031664368741388678 2.7312382739212011 0.32365440609561741 2.0706476530005946 0.21860135837702707 0.11341586095083046 -1.0000000180025095e-35 192.50000000000003 119.50000000000001 120.50000000000001 0.53101503759398505 18080.500000000004 56.128452423010103
decision_type=2 2 2 2 2 2 2 2 2 2 2 2 2 2 2 2
left_child=2 3 -1 4 9 7 15 14 12 -2 -6 -11 -9 -10 -4 -5
right_child=1 -3 5 6 10 -7 -8 8 13 11 -12 -13 -14 -15 -16 -17
leaf_value=-4.1377206933982577e-05 -1.228100388003381e-05 4.0835201489782315e-05 -2.3191235446539996e-05 1.0197049148929852e-05 1.6857385034554104e-05 -2.7271889487460345e-05 3.5052464647978096e-05 -5.3076578365133112e-06 -2.8118789016484111e-06 9.9075189104869184e-06 2.2348907253731973e-06 -3.5365743066538996e-06 -1.6909424282997851e-05 8.7973179762647296e-06 -1.2241915340981573e-05 1.8226173975567396e-05
leaf_weight=1135 1861 1331 994 1314 1948 1256 1259 1754 1557 1068 1405 1801 1675 1046 1086 1056
leaf_count=1135 1861 1331 994 1314 1948 1256 1259 1754 1557 1068 1405 1801 1675 1046 1086 1056
internal_value=-8.10695e-08 1.13826e-05 -1.43171e-05 8.03551e-06 2.14464e-06 -1.10386e-05 2.11565e-05 -8.52513e-06 -5.43916e-06 -3.94146e-06 1.07302e-05 1.46806e-06 -1.09749e-05 1.85321e-06 -1.74744e-05 1.37746e-05
internal_weight=23546 13043 10503 11712 8083 9368 3629 8112 6032 4730 3353 2869 3429 2603 2080 2370
internal_count=23546 13043 10503 11712 8083 9368 3629 8112 6032 4730 3353 2869 3429 2603 2080 2370
is_linear=0
shrinkage=0.0187118


Tree=12
num_leaves=20
num_cat=0
split_feature=20 20 20 24 31 52 20 1 27 20 25 31 27 20 0 25 27 17 49
split_gain=0.010568 0.00353781 0.00256261 0.00131979 0.00135213 0.0010512 0.000815532 0.000848844 0.000704612 0.000616126 0.000487422 0.00040049 0.000397098 0.0003567 0.000252415 0.000185726 0.000288892 0.000161049 0.000108444
threshold=0.7743476287724077 13.455555555555557 0.060213074520303438 -5000.7499999999991 127.50000000000001 0.32365440609561741 2.0105823068309077 61.403197110367721 46.422375338717607 0.21860135837702707 -0.49527406846584709 73.500000000000014 -0.64628367572589607 1.9636834667922753 21.500000000000004 -0.50252907995500784 -1449.2399695552124 -0.085751221438811018 46.40615029470181
decision_type=2 2 2 10 2 2 2 2 10 2 2 2 8 2 2 2 10 10 2
left_child=2 3 -1 -2 6 9 11 -8 10 14 -6 -5 15 -10 -4 -11 -17 -12 -14
right_child=1 -3 5 4 8 -7 7 -9 13 12 17 -13 18 -15 -16 16 -18 -19 -20
leaf_value=-4.0602963710603339e-05 -1.0297892883305564e-05 3.9028711009278858e-05 -2.3747866760895765e-05 5.9380677605944186e-07 -7.6856103713949486e-08 -2.6761582899767591e-05 1.4077671597660167e-05 3.6334115230036594e-05 -1.1713920513179988e-05 -6.0851807647023926e-06 1.0363914627178303e-05 1.7299372044689742e-05 -7.8143928379593007e-06 2.3208500642639543e-06 -1.0710004135442371e-05 -4.791847349035451e-06 9.1910200171273385e-06 2.0663535728587291e-05 -1.6528786774981423e-05
leaf_weight=1135 1263 1422 1027 996 1098 1256 1203 1197 1007 1960 1116 1014 1004 1712 1053 1073 999 1015 996
leaf_count=1135 1263 1422 1027 996 1098 1256 1203 1197 1007 1960 1116 1014 1004 1712 1053 1073 999 1015 996
internal_value=-7.95525e-08 1.11696e-05 -1.40492e-05 7.76067e-06 9.96264e-06 -1.0832e-05 1.78141e-05 2.51781e-05 4.14133e-06 -8.36561e-06 1.00512e-05 9.02139e-06 -5.33738e-06 -2.87702e-06 -1.71475e-05 -1.95605e-06 1.94989e-06 1.52696e-05 -1.21542e-05
internal_weight=23546 13043 10503 11621 10358 9368 4410 2400 5948 8112 3229 2010 6032 2719 2080 4032 2072 2131 2000
internal_count=23546 13043 10503 11621 10358 9368 4410 2400 5948 8112 3229 2010 6032 2719 2080 4032 2072 2131 2000
is_linear=0
shrinkage=0.0187118


Tree=13
num_leaves=18
num_cat=0
split_feature=20 20 20 19 25 31 20 52 20 19 16 31 20 31 31 55 48
split_gain=0.0101762 0.00340975 0.00247845 0.00244377 0.00115617 0.00106277 0.00101934 0.000754782 0.000626201 0.00050877 0.000409904 0.000326137 0.000312158 0.000271428 0.000246574 0.000211478 0.000100541
threshold=0.7743476287724077 14.455555555555557 0.1260686883449032 0.034013612733932781 -1.0000000180025095e-35 99.500000000000014 2.0706476530005946 0.32365440609561741 2.6568921232876721 0.03578893547578766 0.5413533834586467 119.50000000000001 2.4353400222965447 188.50000000000003 120.50000000000001 15313.500000000002 56.128452423010103
decision_type=2 2 2 2 2 2 2 2 2 2 2 2 2 2 2 2 2
left_child=2 3 5 4 12 -1 16 9 11 14 15 -6 -2 -10 -4 -11 -5
right_child=1 -3 7 6 8 -7 -8 -9 13 10 -12 -13 -14 -15 -16 -17 -18
leaf_value=-4.5469724168232393e-05 -1.243656502015093e-05 3.9340802785046541e-05 -8.0124661595605246e-06 9.8957146758969985e-06 9.5354479593540752e-06 -1.9655085036298364e-05 3.4325377916284673e-05 -2.3438949289964752e-05 1.9922359405038215e-05 -1.144799653096736e-05 6.7271729991981775e-06 -3.5336257180931298e-06 1.7071942260695591e-07 7.1887714870843409e-06 -1.8982153784744839e-05 -1.5787532540851191e-06 1.7670022310675475e-05
leaf_weight=1006 1747 1331 1639 1308 1070 1255 1238 1102 1343 1450 1177 1782 1134 1040 1276 1598 1050
leaf_count=1006 1747 1331 1639 1308 1070 1255 1238 1102 1343 1450 1177 1782 1134 1040 1276 1598 1050
internal_value=-7.80639e-08 1.09606e-05 -1.37863e-05 7.73539e-06 2.04596e-06 -3.11409e-05 2.05762e-05 -9.02547e-06 7.28521e-06 -6.80087e-06 -2.65197e-06 1.36957e-06 -7.47417e-06 1.43651e-05 -1.28143e-05 -6.27377e-06 1.33576e-05
internal_weight=23546 13043 10503 11712 8116 2261 3596 8242 5235 7140 4225 2852 2881 2383 2915 3048 2358
internal_count=23546 13043 10503 11712 8116 2261 3596 8242 5235 7140 4225 2852 2881 2383 2915 3048 2358
is_linear=0
shrinkage=0.0187118


Tree=14
num_leaves=17
num_cat=0
split_feature=20 20 20 52 16 16 52 20 51 25 1 0 2 20 51 4
split_gain=0.00969664 0.00281565 0.00268224 0.00163965 0.00139734 0.000895455 0.000741912 0.000391255 0.000368473 0.000447501 0.000241433 0.000224407 0.000185592 9.73322e-05 7.17171e-05 5.24394e-05
threshold=1.112399732620321 0.18526500638569607 14.455555555555557 0.20541864465659007 0.53853383458646631 0.52819548872180466 0.20851911280123658 2.4353400222965447 66.666666666668547 -0.66210828455976933 155.166511270086 23.500000000000004 -0.15141291039988922 0.78156090022215785 55.555555555554612 -0.40479959296738083
decision_type=2 2 2 2 2 2 2 2 2 2 2 2 2 2 2 2
left_child=1 3 4 11 8 6 13 -6 9 -2 -11 -1 -7 15 -14 -3
right_child=2 5 -4 -5 7 12 -8 -9 -10 10 -12 -13 14 -15 -16 -17
leaf_value=-2.3320490716223454e-05 -6.4001866288266664e-06 -5.2125037669674666e-06 3.8446469910239719e-05 -4.6174560470936652e-05 1.2311521819229277e-05 8.7235853710815779e-06 -1.952712450248459e-05 2.5013016552411517e-05 1.2466104606065191e-05 1.0298841157163044e-05 -7.2021838355357223e-07 -1.0994371256350493e-05 -4.5643026075515568e-06 -8.6644759111040664e-07 2.5119343788560446e-06 -9.712355100062266e-06
leaf_weight=1020 1597 1942 1291 1008 1566 1045 1976 1855 1428 1755 1154 1049 996 1058 1010 1701
leaf_count=1020 1597 1942 1291 1008 1566 1045 1976 1855 1428 1755 1154 1049 996 1058 1010 1701
internal_value=-3.26334e-08 -1.10037e-05 1.31634e-05 -2.66051e-05 9.67427e-06 -6.06893e-06 -9.9065e-06 1.91988e-05 4.18332e-06 1.55842e-06 5.92758e-06 -1.7071e-05 2.32945e-06 -5.8626e-06 -1.00149e-06 -7.31359e-06
internal_weight=23451 12805 10646 3077 9355 9728 6677 3421 5934 4506 2909 2069 3051 4701 2006 3643
internal_count=23451 12805 10646 3077 9355 9728 6677 3421 5934 4506 2909 2069 3051 4701 2006 3643
is_linear=0
shrinkage=0.0187118


Tree=15
num_leaves=19
num_cat=0
split_feature=20 31 20 20 52 31 19 19 19 20 16 52 31 19 31 16 0 54
split_gain=0.00933715 0.00277867 0.00271127 0.00209719 0.00157887 0.00123997 0.00107191 0.000971251 0.000762234 0.00071695 0.000449943 0.00041611 0.000376541 0.000478727 0.000421403 0.000343923 0.000216087 9.53486e-05
threshold=1.112399732620321 125.50000000000001 0.18526500638569607 10.020000000000001 0.20541864465659007 34.500000000000007 0.04361651913038856 -0.13721915572822493 0.099585266693964072 3.4935376967688487 0.52537593984962416 0.18370058826235849 120.50000000000001 -0.06063697503027931 50.500000000000007 0.53571428571428592 23.500000000000004 0.87146255782622817
decision_type=2 2 2 2 2 2 2 2 2 2 2 2 2 2 2 2 2 2
left_child=2 3 4 5 16 -2 12 9 -7 -3 11 -8 14 -14 -4 -9 -1 -12
right_child=1 7 6 -5 -6 8 10 15 -10 -11 17 -13 13 -15 -16 -17 -18 -19
leaf_value=-2.2884121965364349e-05 -6.1179013946960364e-08 -1.0015974930011164e-05 -1.7019823033674895e-05 4.6867479383916227e-05 -4.5310550490795856e-05 1.6130598594453701e-05 8.4435652795870299e-07 7.0830724572127589e-06 3.6648216674008629e-05 6.9921890049452058e-06 2.6598050062755221e-06 -1.3512878946018348e-05 -2.7737303720439937e-05 -9.8816445231198732e-06 -1.4160412716194743e-06 2.1622409135007114e-05 -1.0788646506097672e-05 1.0634354261868278e-05
leaf_weight=1020 1079 1857 1003 1043 1008 1735 1834 1273 999 1629 1058 1150 994 1116 1531 1031 1049 1042
leaf_count=1020 1079 1857 1003 1043 1008 1735 1834 1273 999 1629 1058 1150 994 1116 1531 1031 1049 1042
internal_value=-3.20227e-08 1.29171e-05 -1.07978e-05 2.33556e-05 -2.61073e-05 1.69242e-05 -5.95537e-06 4.16236e-06 2.36277e-05 -2.0681e-06 -1.89186e-08 -4.68876e-06 -1.24543e-05 -1.82933e-05 -7.59228e-06 1.35892e-05 -1.67516e-05 6.6167e-06
internal_weight=23451 10646 12805 4856 3077 3813 9728 5790 2734 3486 5084 2984 4644 2110 2534 2304 2069 2100
internal_count=23451 10646 12805 4856 3077 3813 9728 5790 2734 3486 5084 2984 4644 2110 2534 2304 2069 2100
is_linear=0
shrinkage=0.0187118


Tree=16
num_leaves=19
num_cat=0
split_feature=20 31 20 20 31 31 19 19 19 20 20 31 19 31 25 17 0 1
split_gain=0.00899099 0.00267565 0.00261075 0.00201944 0.00147863 0.001194 0.00103217 0.000935244 0.000733975 0.00069037 0.000378976 0.000362581 0.000460979 0.00040578 0.000232541 0.000213677 0.00015249 0.000121435
threshold=1.112399732620321 125.50000000000001 0.18526500638569607 10.020000000000001 77.500000000000014 34.500000000000007 0.04361651913038856 -0.13721915572822493 0.099585266693964072 3.4935376967688487 0.74946808510638319 120.50000000000001 -0.06063697503027931 50.500000000000007 -0.50301931929395438 -0.089190632222579766 15.500000000000002 78.954736547085218
decision_type=2 2 2 2 2 2 2 2 2 2 2 2 2 2 2 10 2 2
left_child=2 3 4 5 -1 -2 11 9 -7 -3 14 13 -13 -4 -8 -9 -16 -6
right_child=1 7 6 -5 17 8 10 15 -10 -11 -12 12 -14 -15 16 -17 -18 -19
leaf_value=-4.3447551226140768e-05 -6.003416130688023e-08 -9.8285578702715639e-06 -1.6701351213972671e-05 4.599050377722504e-05 -1.156625916463224e-05 1.5828765773126084e-05 -7.8241888915302587e-06 8.1795859634649927e-06 3.59624619684316e-05 6.8613523342152414e-06 9.1675351476042026e-06 -2.7218288512483252e-05 -9.6967410349386e-06 -1.3895445886450158e-06 -3.8869224946469287e-06 1.9633618997117055e-05 6.2105531086928687e-06 -2.076033181585157e-05
leaf_weight=1065 1079 1857 1003 1043 1002 1735 1785 1267 999 1629 1201 994 1116 1531 1007 1037 1091 1010
leaf_count=1065 1079 1857 1003 1043 1002 1735 1785 1267 999 1629 1201 994 1116 1531 1007 1037 1091 1010
internal_value=-3.14235e-08 1.26754e-05 -1.05958e-05 2.29186e-05 -2.56188e-05 1.66076e-05 -5.84393e-06 4.08448e-06 2.31856e-05 -2.0294e-06 -1.85646e-08 -1.22212e-05 -1.7951e-05 -7.45022e-06 -2.8598e-06 1.33349e-05 1.36396e-06 -1.61816e-05
internal_weight=23451 10646 12805 4856 3077 3813 9728 5790 2734 3486 5084 4644 2110 2534 3883 2304 2098 2012
internal_count=23451 10646 12805 4856 3077 3813 9728 5790 2734 3486 5084 4644 2110 2534 3883 2304 2098 2012
is_linear=0
shrinkage=0.0187118


Tree=17
num_leaves=20
num_cat=0
split_feature=20 20 20 19 19 49 20 16 20 55 20 20 49 16 0 16 49 16 53
split_gain=0.00865766 0.00251396 0.00246144 0.00217691 0.000993905 0.000784066 0.000774732 0.000427672 0.000391074 0.000314148 0.000288644 0.000230739 0.000201033 0.000200605 0.000182792 0.000108023 9.54154e-05 9.53241e-05 5.572e-05
threshold=1.112399732620321 0.18526500638569607 16.606451612903232 0.099585266693964072 0.04361651913038856 47.463573288847179 0.055327558657808432 0.5413533834586467 2.6568921232876721 22339.000000000004 3.584349593495936 0.55431677018633552 45.803502604507834 0.54981203007518809 21.500000000000004 0.46710526315789475 57.292644884721447 0.51409774436090239 44.412579688946117
decision_type=2 2 2 2 2 2 2 2 2 2 2 2 2 2 2 2 2 2 2
left_child=1 6 3 5 9 8 -1 11 17 12 18 15 -3 -10 -8 -6 -11 -2 -7
right_child=2 4 -4 -5 7 10 14 -9 13 16 -12 -13 -14 -15 -16 -17 -18 -19 -20
leaf_value=-3.8404783161126255e-05 2.2666027224320341e-07 -1.0476801154306386e-05 3.8823181727023584e-05 2.8129641474974658e-05 -1.1953708313216833e-05 -3.3338775949598334e-06 -2.4016235610143946e-05 8.1424418159261864e-06 9.8429972910642145e-06 -2.8888044156991421e-06 5.6944678452816855e-06 2.0494808935784554e-06 -2.1432063225479591e-05 2.0444360581876084e-05 -1.2840462039199981e-05 -3.3839081987144848e-06 -1.0605678234057708e-05 7.9807970513916675e-06 -9.5726212955850519e-06
leaf_weight=1027 1092 1030 1109 1765 1029 1006 1037 1559 1296 1059 1043 1465 1362 1207 1013 1031 1193 1129 999
leaf_count=1027 1092 1030 1109 1765 1029 1006 1037 1559 1296 1059 1043 1465 1362 1207 1013 1031 1193 1129 999
internal_value=-3.08356e-08 -1.03975e-05 1.24382e-05 9.37002e-06 -5.73458e-06 5.10977e-06 -2.51394e-05 -1.82172e-08 9.88372e-06 -1.19925e-05 -2.28924e-06 -3.62743e-06 -1.67147e-05 1.49552e-05 -1.84938e-05 -7.66465e-06 -6.97683e-06 4.16832e-06 -6.44236e-06
internal_weight=23451 12805 10646 9537 9728 7772 3077 5084 4724 4644 3048 3525 2392 2503 2050 2060 2252 2221 2005
internal_count=23451 12805 10646 9537 9728 7772 3077 5084 4724 4644 3048 3525 2392 2503 2050 2060 2252 2221 2005
is_linear=0
shrinkage=0.0187118


Tree=18
num_leaves=18
num_cat=0
split_feature=20 31 20 20 31 31 19 19 19 20 16 26 31 16 20 48 48
split_gain=0.00833669 0.00253657 0.00242076 0.00190178 0.00141825 0.00114434 0.000957058 0.000894472 0.000676779 0.000637236 0.00041257 0.000351773 0.000402254 0.000316259 0.000210059 0.000138459 0.000108671
threshold=1.112399732620321 125.50000000000001 0.18526500638569607 10.020000000000001 77.500000000000014 34.500000000000007 0.04361651913038856 -0.13721915572822493 0.099585266693964072 3.4935376967688487 0.52537593984962416 -0.006055257039765667 122.50000000000001 0.53571428571428592 0.51382517838939867 71.212438219638557 57.17319964461462
decision_type=2 2 2 2 2 2 2 2 2 2 2 10 2 2 2 2 2
left_child=2 3 4 5 -1 -2 11 9 -7 -3 14 -4 -13 -9 -8 -6 -12
right_child=1 7 6 -5 15 8 10 13 -10 -11 16 12 -14 -15 -16 -17 -18
leaf_value=-4.2129936877992797e-05 -2.6280674665477072e-07 -9.6313217597211955e-06 -1.8348482077820847e-05 4.4568572628843361e-05 -2.0276957983950397e-05 1.5429877841209897e-05 -9.0205270938634715e-06 6.6484153827798444e-06 3.4763182482387517e-05 6.4034671245858338e-06 2.2582659583241375e-06 -1.7553760346378569e-06 -1.5912373736160617e-05 2.0590731203900726e-05 9.5024262022561045e-07 -1.0458931603930384e-05 1.0779300238000397e-05
leaf_weight=1065 1079 1857 1764 1043 1018 1735 1628 1273 999 1629 1095 1663 1217 1031 1356 994 1005
leaf_count=1065 1079 1857 1764 1043 1018 1735 1628 1273 999 1629 1095 1663 1217 1031 1356 994 1005
internal_value=-3.02586e-08 1.22054e-05 -1.02029e-05 2.21789e-05 -2.4669e-05 1.60545e-05 -5.62728e-06 3.84082e-06 2.24942e-05 -2.1383e-06 -1.78763e-08 -1.17681e-05 -7.73769e-06 1.28874e-05 -4.48957e-06 -1.54265e-05 6.33619e-06
internal_weight=23451 10646 12805 4856 3077 3813 9728 5790 2734 3486 5084 4644 2880 2304 2984 2012 2100
internal_count=23451 10646 12805 4856 3077 3813 9728 5790 2734 3486 5084 4644 2880 2304 2984 2012 2100
is_linear=0
shrinkage=0.0187118


Tree=19
num_leaves=19
num_cat=0
split_feature=4 4 31 46 19 49 36 4 19 17 31 1 31 31 54 31 19 4
split_gain=0.00408324 0.00234855 0.0013471 0.00110438 0.00108454 0.000878391 0.000654635 0.000556251 0.000454768 0.000286137 0.000262959 0.000390993 0.000339089 0.000245663 0.000188497 0.000185248 0.000101301 7.55895e-05
threshold=-0.17652213239866579 -0.83093306574707437 127.50000000000001 -0.50000000000002653 0.056170471165426512 55.13137535184763 0.001857011814526355 -0.017199954774153422 0.37181013041414351 -0.085751221438811018 117.50000000000001 115.29248493150162 50.500000000000007 56.500000000000007 2.7212485057935476 186.50000000000003 0.085494636929944093 -0.059281191701057147
decision_type=2 2 2 2 2 2 2 2 2 10 2 2 2 2 2 2 2 2
left_child=1 -1 4 16 7 9 8 13 10 -4 12 15 -5 -2 -10 -12 -3 -7
right_child=2 3 5 6 -6 17 -8 -9 14 -11 11 -13 -14 -15 -16 -17 -18 -19
leaf_value=-2.9046352495951959e-05 -7.3251850145147212e-07 4.1044584136044318e-06 3.1906445102530273e-06 -1.2069884798875168e-05 3.3181755218008369e-05 -9.6178832411356993e-06 -2.0215344901598481e-05 2.1158056615761534e-05 -3.1902556890868275e-06 1.3884864783741198e-05 -1.1663163008004703e-05 -2.0587894604060184e-05 1.4797118609347373e-06 1.2171832381399204e-05 7.4748193667752462e-06 -1.3639003111660771e-06 1.2308499251008593e-05 -2.6152993883749049e-06
leaf_weight=1480 1073 1047 1695 1001 1062 1181 1112 1284 1165 1813 1327 1043 1827 996 1156 1134 1061 994
leaf_count=1480 1073 1047 1695 1001 1062 1181 1112 1284 1165 1813 1327 1043 1827 996 1156 1134 1061 994
internal_value=-2.96924e-08 -6.81963e-06 8.94892e-06 -4.04901e-06 1.67029e-05 2.92505e-06 -6.70052e-06 1.14835e-05 -4.96373e-06 8.71762e-06 -7.56086e-06 -1.09865e-05 -3.31631e-06 5.47953e-06 2.1216e-06 -6.91738e-06 8.23372e-06 -6.41762e-06
internal_weight=23451 13353 10098 11873 4415 5683 9765 3353 8653 3508 6332 3504 2828 2069 2321 2461 2108 2175
internal_count=23451 13353 10098 11873 4415 5683 9765 3353 8653 3508 6332 3504 2828 2069 2321 2461 2108 2175
is_linear=0
shrinkage=0.0187118


Tree=20
num_leaves=18
num_cat=0
split_feature=20 31 20 20 31 52 19 19 20 29 20 19 31 25 31 17 49
split_gain=0.00783764 0.00238603 0.00229777 0.00182316 0.00108704 0.00102877 0.000852896 0.000637237 0.000601669 0.000522493 0.000447407 0.000614948 0.000534334 0.000293702 0.000275164 0.000189888 0.000105824
threshold=1.112399732620321 125.50000000000001 0.055327558657808432 10.020000000000001 34.500000000000007 0.210029832092993 -0.13721915572822493 0.099585266693964072 3.4935376967688487 11.500000000000002 0.46652661064425777 0.019665043742746139 197.50000000000003 -0.97919612958553615 121.50000000000001 -0.094006904420584528 53.595091233917657
decision_type=2 2 2 2 2 2 2 2 2 2 2 2 2 2 2 10 2
left_child=2 3 -1 4 -2 10 8 -6 -3 13 12 -12 14 -7 -4 -8 -13
right_child=1 6 5 -5 7 9 15 -9 -10 -11 11 16 -14 -15 -16 -17 -18
leaf_value=-3.6735563137117693e-05 -3.9238114933096448e-07 -9.3973522280204914e-06 -7.7437570141182547e-06 4.3429695589857104e-05 1.4932774464289168e-05 -1.7682250167751868e-05 7.4790175488260431e-06 3.3692798081872306e-05 6.1835195191044014e-06 -2.7511787724055514e-05 -7.553290567834028e-06 1.0294651547990619e-05 3.5885388886224363e-06 -4.1925471101270042e-06 -1.8934456296174969e-05 1.8239856851886288e-05 2.2141362613972079e-06
leaf_weight=1027 1079 1857 1978 1043 1735 1217 1217 999 1629 1025 1948 1287 994 1055 1259 1087 1015
leaf_count=1027 1079 1857 1978 1043 1735 1217 1217 999 1629 1025 1948 1287 994 1055 1259 1087 1015
internal_value=-2.91368e-08 1.18347e-05 -9.89264e-06 2.15077e-05 1.55112e-05 -7.55204e-06 3.72207e-06 2.17877e-05 -2.11644e-06 -1.64216e-05 -4.10398e-06 1.84178e-07 -8.4114e-06 -1.14183e-05 -1.20963e-05 1.25559e-05 6.73178e-06
internal_weight=23451 10646 12805 4856 3813 11778 5790 2734 3486 3297 8481 4250 4231 2272 3237 2304 2302
internal_count=23451 10646 12805 4856 3813 11778 5790 2734 3486 3297 8481 4250 4231 2272 3237 2304 2302
is_linear=0
shrinkage=0.0187118


Tree=21
num_leaves=19
num_cat=0
split_feature=4 4 16 16 31 25 52 31 31 16 19 19 4 25 31 4 27 27
split_gain=0.00389741 0.00215358 0.00186174 0.00140798 0.000802908 0.000580445 0.000487443 0.000330365 0.000498524 0.000325192 0.000309085 0.000298224 0.000234193 0.000222515 0.000216847 0.000190221 0.000164089 9.85817e-05
threshold=-0.17652213239866579 -0.83093306574707437 0.53853383458646631 0.52819548872180466 105.50000000000001 -0.66666666666665864 0.20541864465659007 120.50000000000001 202.50000000000003 0.85432330827067682 0.12858018487483494 0.027249287750612087 -0.54845525467804845 -0.98157295900460717 47.500000000000007 -0.027792696025778729 210.28429979668522 -10.850609119871601
decision_type=2 2 2 2 2 2 2 2 2 2 2 2 2 2 2 2 10 10
left_child=1 -1 4 6 14 -6 7 12 17 10 -5 15 -3 -8 -2 -4 -7 -9
right_child=2 3 11 9 5 16 13 8 -10 -11 -12 -13 -14 -15 -16 -17 -18 -19
leaf_value=-2.7681904085295639e-05 6.2917673502071055e-06 -6.9994454719434775e-06 1.1228227051434701e-05 -5.6982458418668701e-06 -9.6905991807856222e-06 9.6360223272030261e-06 -2.1405981777460622e-05 -1.0927109433676324e-05 3.2248096220559597e-07 1.2974258389161726e-05 6.9781881447271038e-06 2.8062505427370089e-05 4.7089139726060413e-06 -9.4525365157139058e-06 1.7196486943203935e-05 2.2246104884310103e-05 -1.2360007877193216e-07 -1.9205128142536001e-05
leaf_weight=1487 1314 1050 1190 1176 1815 1101 1185 998 1153 1281 1576 1149 1390 1010 1242 1018 1334 1017
leaf_count=1487 1314 1050 1190 1176 1815 1101 1185 998 1153 1281 1576 1149 1390 1010 1242 1018 1334 1017
internal_value=2.00315e-07 -6.45716e-06 8.92781e-06 -3.79061e-06 3.30317e-06 -1.68096e-06 -8.43038e-06 -5.50447e-06 -9.49023e-06 5.18634e-06 1.56122e-06 2.03312e-05 -3.29518e-07 -1.59058e-05 1.15905e-05 1.6308e-05 4.28927e-06 -1.51051e-05
internal_weight=23486 13323 10163 11836 6806 4250 7803 5608 3168 4033 2752 3357 2440 2195 2556 2208 2435 2015
internal_count=23486 13323 10163 11836 6806 4250 7803 5608 3168 4033 2752 3357 2440 2195 2556 2208 2435 2015
is_linear=0
shrinkage=0.0187118


Tree=22
num_leaves=20
num_cat=0
split_feature=20 20 31 20 52 19 19 26 20 31 31 31 1 16 52 52 20 0 19
split_gain=0.00780215 0.00243986 0.00221683 0.00151621 0.00122245 0.00103296 0.000939189 0.000595553 0.000565283 0.000479931 0.00046759 0.000621466 0.000496389 0.000324541 0.000314605 0.000256792 0.00021383 0.000210782 8.8639e-05
threshold=1.5966726003012461 0.18526500638569607 141.50000000000003 10.020000000000001 0.20541864465659007 0.099585266693964072 0.04361651913038856 -0.0053818156310118598 0.7743476287724077 60.500000000000007 120.50000000000001 42.500000000000007 145.09562867053276 0.5413533834586467 0.18370058826235849 0.19902458633837386 0.68214487396683621 23.500000000000004 -0.2535610834522472
decision_type=2 2 2 2 2 2 2 10 2 2 2 2 2 2 2 2 2 2 2
left_child=1 4 3 5 17 9 10 -4 13 -2 11 -3 -12 14 -8 18 -13 -1 -9
right_child=2 6 7 -5 -6 -7 8 15 -10 -11 12 16 -14 -15 -16 -17 -18 -19 -20
leaf_value=-2.0827596553097565e-05 2.0728681671134007e-06 -1.6282781850773337e-05 -5.2844542371551297e-06 4.3209034529993508e-05 -3.9913789364522154e-05 3.3069074354106047e-05 -1.4606296806711549e-06 1.7844652148097231e-06 1.0041018096507842e-05 1.9683638215354976e-05 -8.8221694349412068e-06 -4.3342812319224608e-06 -2.4852177792471123e-05 5.7725300109232833e-06 -1.4401257837326173e-05 1.6933103823619388e-05 7.9026005042734092e-06 -8.925839161060403e-06 9.5762098524562006e-06
leaf_weight=1020 1177 1005 1365 1065 1000 1010 1859 1033 1753 1004 1807 1005 1081 1136 1018 1076 995 1065 1012
leaf_count=1020 1177 1005 1365 1065 1000 1010 1859 1033 1753 1004 1807 1005 1081 1136 1018 1076 995 1065 1012
internal_value=1.96567e-07 -8.10799e-06 1.42028e-05 2.38768e-05 -2.29057e-05 1.74246e-05 -4.19249e-06 5.02479e-06 1.1765e-06 1.01798e-05 -9.44577e-06 -4.27856e-06 -1.48223e-05 -2.69579e-06 -6.03955e-06 9.53364e-06 1.75357e-06 -1.47483e-05 5.64033e-06
internal_weight=23486 14744 8742 4256 3085 3191 11659 4486 5766 2181 5893 3005 2888 4013 2877 3121 2000 2085 2045
internal_count=23486 14744 8742 4256 3085 3191 11659 4486 5766 2181 5893 3005 2888 4013 2877 3121 2000 2085 2045
is_linear=0
shrinkage=0.0187118


Tree=23
num_leaves=19
num_cat=0
split_feature=25 16 7 7 1 31 31 17 31 42 31 31 7 27 18 48 16 17
split_gain=0.00318147 0.00158275 0.000746553 0.000688661 0.000678334 0.000549375 0.000449493 0.000397984 0.000395566 0.000338059 0.000221276 0.000221235 0.000167776 0.000146418 0.000103396 0.000100801 6.86932e-05 4.70614e-05
threshold=-0.50262329198501032 0.86748120300751885 0.045346526097476678 0.72441741560087569 81.296109502628298 131.50000000000003 104.50000000000001 -0.23871814750884993 76.500000000000014 0.0030356693063344768 155.50000000000003 141.50000000000003 0.31546873199677389 -10.850609119871601 -0.3495061400922822 62.596342293932274 0.53571428571428592 -0.27081931482402499
decision_type=2 2 10 8 2 2 2 10 2 2 2 2 10 10 10 2 2 8
left_child=3 2 -2 4 13 -5 8 15 12 14 -9 -3 -4 -1 -6 -8 -12 -15
right_child=1 11 6 5 9 -7 7 10 -10 -11 16 -13 -14 17 -16 -17 -18 -19
leaf_value=-9.2399436641723971e-07 -1.2258822843198204e-05 2.2576923748331153e-05 -3.4686827913340762e-07 1.0104318540346581e-05 -9.0980417472526495e-06 -7.9900938520142286e-06 -8.8731698385249403e-06 -1.4316632161893739e-06 1.8858878512915698e-05 -2.6312051015504594e-05 5.4041359040335674e-06 1.2403231061288785e-05 9.2724639643699449e-06 -5.8929400142654936e-06 -1.6839825041539061e-05 -9.3840672129120571e-07 1.1580713495327254e-05 -1.1545934777531053e-05
leaf_weight=1454 1079 1604 1064 1100 1086 1261 1216 1412 1075 1001 1686 1403 1574 1047 1361 1040 1007 1016
leaf_count=1454 1079 1604 1064 1100 1086 1261 1216 1412 1075 1001 1686 1403 1574 1047 1361 1040 1007 1016
internal_value=1.92889e-07 5.78198e-06 2.53364e-06 -8.29323e-06 -1.12537e-05 4.40169e-07 4.11803e-06 1.09824e-06 9.29143e-06 -1.71513e-05 4.568e-06 1.78301e-05 5.39264e-06 -5.47173e-06 -1.3404e-05 -5.2153e-06 7.71376e-06 -8.67697e-06
internal_weight=23486 14160 11153 9326 6965 2361 10074 6361 3713 3448 4105 3007 2638 3517 2447 2256 2693 2063
internal_count=23486 14160 11153 9326 6965 2361 10074 6361 3713 3448 4105 3007 2638 3517 2447 2256 2693 2063
is_linear=0
shrinkage=0.0187118


Tree=24
num_leaves=20
num_cat=0
split_feature=20 20 31 20 31 16 31 26 52 31 27 27 52 26 20 31 48 16 20
split_gain=0.00740649 0.00231637 0.00210306 0.00145554 0.00119262 0.000794514 0.000753104 0.000556319 0.00054859 0.000293312 0.000356361 0.000262457 0.000245995 0.000206318 0.000191941 0.000189505 0.000134687 8.22133e-05 5.07844e-05
threshold=1.5966726003012461 0.18526500638569607 141.50000000000003 10.020000000000001 78.500000000000014 0.52819548872180466 45.500000000000007 -0.0053818156310118598 0.20851911280123658 120.50000000000001 -1.165201975059156 4.8259497749587386 0.19902458633837386 -0.006055257039765667 0.72353976995991165 71.500000000000014 71.503786543339615 0.5234962406015039 0.56155740810913235
decision_type=2 2 2 2 2 2 2 10 2 2 10 8 2 10 2 2 2 2 2
left_child=1 4 3 6 -1 8 -2 -4 9 15 18 14 17 -10 -7 -3 -6 -9 -11
right_child=2 5 7 -5 16 11 -8 12 13 10 -12 -13 -14 -15 -16 -17 -18 -19 -20
leaf_value=-3.8377707579661925e-05 5.4508437656239133e-06 -4.8592005583913535e-06 -5.0675188823988296e-06 4.2199775554009848e-05 -1.8650194280057221e-05 1.9771894552925921e-06 2.4131033394962742e-05 1.6530389156483244e-06 -2.0505356704178881e-05 -5.9483494905965382e-06 -1.5692066025434535e-05 -4.6078593235465805e-06 1.6496408502109509e-05 -9.2481288340176189e-06 1.2215246333501085e-05 5.9264366958352587e-06 -8.9928870752069451e-06 9.1570510355460562e-06 -6.4307663950879813e-08
leaf_weight=1062 1229 1079 1365 1065 1026 1555 1962 1012 1206 1046 1262 1120 1076 1081 1091 1210 997 1033 1009
leaf_count=1062 1229 1079 1365 1065 1026 1555 1962 1012 1206 1046 1262 1120 1076 1081 1091 1210 997 1033 1009
internal_value=1.89279e-07 -7.90197e-06 1.38357e-05 2.32582e-05 -2.23203e-05 -4.08684e-06 1.69364e-05 4.89636e-06 -7.46092e-06 -4.31009e-06 -7.86562e-06 2.98475e-06 9.25417e-06 -1.51844e-05 6.19855e-06 8.42249e-07 -1.38908e-05 5.44358e-06 -3.0593e-06
internal_weight=23486 14744 8742 4256 3085 11659 3191 4486 7893 5606 3317 3766 3121 2287 2646 2289 2023 2045 2055
internal_count=23486 14744 8742 4256 3085 11659 3191 4486 7893 5606 3317 3766 3121 2287 2646 2289 2023 2045 2055
is_linear=0
shrinkage=0.0187118


Tree=25
num_leaves=19
num_cat=0
split_feature=20 20 31 20 52 19 19 26 20 31 31 31 1 1 52 0 26 19
split_gain=0.00713191 0.0022319 0.00202509 0.00140158 0.00124138 0.000990359 0.000916167 0.000536294 0.000490598 0.000445776 0.000425283 0.000551129 0.0004707 0.000258289 0.00025359 0.000247961 0.000125437 9.35224e-05
threshold=1.5966726003012461 0.19865281683752153 141.50000000000003 10.020000000000001 0.210029832092993 0.099585266693964072 0.04361651913038856 -0.0057893613335532222 0.7743476287724077 60.500000000000007 120.50000000000001 43.500000000000007 145.09562867053276 81.296109502628298 0.20851911280123658 20.500000000000004 -0.0046159416623199898 -0.16296669341080158
decision_type=2 2 2 2 2 2 2 10 2 2 2 2 2 2 2 2 8 2
left_child=1 4 3 5 15 9 10 -4 13 -2 11 -3 -12 -8 17 -1 -15 -9
right_child=2 6 7 -5 -6 -7 8 14 -10 -11 12 -13 -14 16 -16 -17 -18 -19
leaf_value=-2.0609810082971503e-05 1.7125453723733909e-06 -1.5352802110440538e-05 -6.0058506923353927e-06 4.141014120636939e-05 -3.8821486402725809e-05 3.193801829269702e-05 2.9082236401084839e-06 1.9788243158053524e-06 9.7325698354732675e-06 1.8685102557339542e-05 -8.3140637780990201e-06 1.6915773982147893e-06 -2.3949450061874562e-05 -1.1483303179227464e-05 1.6561808361434176e-05 -8.1949465733139599e-06 -2.2197495944505591e-06 9.5853483697195993e-06
leaf_weight=1022 1177 1005 1183 1065 995 1010 1833 1309 1753 1004 1794 1959 1080 1004 997 1255 1044 997
leaf_count=1022 1177 1005 1183 1065 995 1010 1833 1309 1753 1004 1794 1959 1080 1004 997 1255 1044 997
internal_value=1.85738e-07 -7.75411e-06 1.35768e-05 2.2823e-05 -2.13861e-05 1.66195e-05 -3.86605e-06 4.80474e-06 1.51674e-06 9.52568e-06 -9.06074e-06 -4.08764e-06 -1.41896e-05 -2.19425e-06 8.67666e-06 -1.37672e-05 -6.76106e-06 5.26751e-06
internal_weight=23486 14744 8742 4256 3272 3191 11472 4486 5634 2181 5838 2964 2874 3881 3303 2277 2048 2306
internal_count=23486 14744 8742 4256 3272 3191 11472 4486 5634 2181 5838 2964 2874 3881 3303 2277 2048 2306
is_linear=0
shrinkage=0.0187118


Tree=26
num_leaves=19
num_cat=0
split_feature=20 20 31 20 31 16 31 26 52 31 27 52 31 1 20 26 31 16
split_gain=0.0068675 0.00215169 0.00195001 0.00134962 0.000780541 0.000736243 0.000708104 0.000517137 0.000478713 0.000245027 0.000299872 0.000228518 0.000227166 0.000221886 0.000216088 0.000184075 0.000118615 7.84248e-05
threshold=1.5966726003012461 0.1260686883449032 141.50000000000003 10.020000000000001 99.500000000000014 0.52819548872180466 45.500000000000007 -0.0053818156310118598 0.20541864465659007 120.50000000000001 -1.2930258199145361 0.19902458633837386 81.500000000000014 255.22743394534169 0.46652661064425777 -0.0054186895295489116 192.50000000000003 0.5234962406015039
decision_type=2 2 2 2 2 2 2 10 2 2 10 2 2 2 2 10 2 2
left_child=1 4 3 6 -1 8 -2 -4 9 14 16 17 -7 -14 -3 -10 -11 -9
right_child=2 5 7 -5 -6 12 -8 11 15 10 -12 -13 13 -15 -16 -17 -18 -19
leaf_value=-3.6790826240227256e-05 5.1713837777662845e-06 -6.628696934302621e-06 -4.8917601176436387e-06 4.0635282326027919e-05 -1.4652834571328374e-05 -5.5905787388724897e-06 2.3284881494573206e-05 1.541480531814243e-06 -1.8718788454071895e-05 -7.7262875029460196e-06 -1.5193768578293812e-05 1.589660828001709e-05 8.3077372355099585e-06 -2.4895962137190827e-06 4.5213573672012581e-06 -8.3814649696009246e-06 9.7338075847528326e-07 8.8705544889969606e-06
leaf_weight=996 1229 1073 1365 1065 1267 1014 1962 1012 1495 1225 1283 1076 1974 1006 1406 1011 994 1033
leaf_count=996 1229 1073 1365 1065 1267 1014 1962 1012 1495 1225 1283 1076 1974 1006 1406 1011 994 1033
internal_value=1.82262e-07 -7.60901e-06 1.33228e-05 2.23959e-05 -2.43963e-05 -4.56522e-06 1.63085e-05 4.71484e-06 -7.68288e-06 -4.80627e-06 -7.99279e-06 8.91638e-06 2.05961e-06 4.66273e-06 -3.04784e-07 -1.45484e-05 -3.82927e-06 5.24365e-06
internal_weight=23486 14744 8742 4256 2263 12481 3191 4486 8487 5981 3502 3121 3994 2980 2479 2506 2219 2045
internal_count=23486 14744 8742 4256 2263 12481 3191 4486 8487 5981 3502 3121 3994 2980 2479 2506 2219 2045
is_linear=0
shrinkage=0.0187118


Tree=27
num_leaves=18
num_cat=0
split_feature=20 20 31 52 20 16 31 52 16 27 20 31 31 31 0 4 51
split_gain=0.00664655 0.00258459 0.00156286 0.00119674 0.00104236 0.000974913 0.000625846 0.000390925 0.000342811 0.000295396 0.000316413 0.000262638 0.000372401 0.00028052 0.000229982 0.00014938 7.1065e-05
threshold=2.4353400222965447 0.21860135837702707 185.50000000000003 0.210029832092993 11.162280701754389 0.52819548872180466 44.500000000000007 0.30898654311297541 0.50093984962406024 4.4514264531990912 0.93156539046950015 120.50000000000001 86.500000000000014 200.50000000000003 18.500000000000004 -0.16163293572276552 64.814814814817197
decision_type=2 2 2 2 2 2 2 2 2 8 2 2 2 2 2 2 2
left_child=1 3 4 14 6 7 -2 11 -4 10 16 12 -3 15 -1 -13 -7
right_child=2 5 8 -5 -6 9 -8 -9 -10 -11 -12 13 -14 -15 -16 -17 -18
leaf_value=-1.9216188826473555e-05 6.979833292910904e-06 -4.3849452609541737e-06 -2.6143030545876164e-06 -3.6326404126042286e-05 4.0506348220040539e-05 6.0177980242968902e-07 2.5333857933579362e-05 -1.4181919587017381e-05 1.2092784825193067e-05 -1.5944239232842145e-06 1.6685496017547193e-05 -1.3206949920813655e-05 9.3555551121758013e-06 -5.5664351566641946e-07 -7.6985422031815428e-06 -4.3748499752483701e-06 7.5674018537163896e-06
leaf_weight=1077 1041 1968 1123 1082 1028 1045 1734 1538 1097 1613 1041 1921 1064 1686 1391 1030 1007
leaf_count=1077 1041 1968 1123 1082 1028 1045 1734 1538 1097 1613 1041 1921 1064 1686 1391 1030 1007
internal_value=1.78852e-07 -5.66712e-06 1.71286e-05 -1.99182e-05 2.44111e-05 -2.03085e-06 1.84486e-05 -5.57209e-06 4.65312e-06 4.89737e-06 8.28285e-06 -3.84541e-06 4.36918e-07 -6.64549e-06 -1.27247e-05 -1.01242e-05 4.0201e-06
internal_weight=23486 17463 6023 3550 3803 13913 2775 9207 2220 4706 3093 7669 3032 4637 2468 2951 2052
internal_count=23486 17463 6023 3550 3803 13913 2775 9207 2220 4706 3093 7669 3032 4637 2468 2951 2052
is_linear=0
shrinkage=0.0187118


Tree=28
num_leaves=17
num_cat=0
split_feature=4 4 25 25 4 52 19 31 19 27 19 31 46 52 17 1
split_gain=0.00308586 0.00183702 0.00114711 0.00102414 0.000723381 0.000713689 0.000574881 0.000457215 0.000348841 0.000402823 0.000279396 0.000243718 0.000212987 0.000149894 0.000107136 0.000106501
threshold=-0.16758296116230423 -0.81647492792130694 -0.66210828455976933 -0.50262329198501032 -0.0040773927299451625 0.29462694579954096 0.027249287750612087 143.50000000000003 0.04361651913038856 -1.7976931348623157e+308 0.43333333333330876 115.50000000000001 -0.91666666666666663 0.17757860722913418 -0.20659503817910532 61.403197110367721
decision_type=2 2 2 2 2 2 2 2 2 8 2 2 2 2 10 2
left_child=1 -1 7 5 6 10 12 -2 11 -10 15 -5 -4 -11 -14 -3
right_child=2 3 4 8 -6 -7 -8 -9 9 13 -12 -13 14 -15 -16 -17
leaf_value=-2.3754591496581776e-05 6.4274373905409965e-06 -5.88418046484779e-06 1.2812564993918213e-05 2.5330179854307803e-06 2.6931145432410581e-05 -2.3321884557770746e-05 1.9546904291362903e-05 -7.8896353347494745e-06 -2.2636830019904527e-06 6.2031972037458111e-06 2.6287543970677179e-06 -7.8570367980955794e-06 -1.1502329476651345e-06 1.5939656983908297e-05 6.2490763770571825e-06 -1.3002490753838265e-05
leaf_weight=1704 1464 1926 1228 1571 1028 1014 1569 1674 1340 1193 1032 1591 1081 1033 1871 1191
leaf_count=1704 1464 1926 1228 1571 1028 1014 1569 1674 1340 1193 1032 1591 1081 1033 1871 1191
internal_value=2.0496e-07 -5.58446e-06 8.14315e-06 -2.98064e-06 1.24741e-05 -9.24935e-06 9.88895e-06 -1.21016e-06 1.8299e-06 5.84205e-06 -5.81008e-06 -2.69487e-06 6.26374e-06 1.07215e-05 3.5395e-06 -8.60407e-06
internal_weight=23510 13595 9915 11891 6777 5163 5749 3138 6728 3566 4149 3162 4180 2226 2952 3117
internal_count=23510 13595 9915 11891 6777 5163 5749 3138 6728 3566 4149 3162 4180 2226 2952 3117
is_linear=0
shrinkage=0.0187118


Tree=29
num_leaves=19
num_cat=0
split_feature=4 4 16 16 31 42 25 19 1 19 31 31 4 1 54 25 52 19
split_gain=0.00297908 0.0016569 0.00159785 0.000892879 0.000575952 0.000421061 0.000381054 0.000375756 0.000337826 0.000315713 0.000283002 0.000344563 0.000270585 0.000244817 0.000198507 0.000144709 8.38846e-05 7.09696e-05
threshold=-0.21446944428741022 -0.82404319068347542 0.53853383458646631 0.5234962406015039 118.50000000000001 0.0031529173183468821 -0.66266026223292496 0.072977206469138536 115.29248493150162 0.11341586095083046 117.50000000000001 202.50000000000003 -0.027792696025778729 155.73442750757491 1.9178075097000182 -0.67083425804661467 0.13294718806652958 -0.12680091642533495
decision_type=2 2 2 2 2 2 2 2 2 2 2 2 2 2 2 2 2 2
left_child=1 -1 4 5 8 10 17 12 -2 -5 15 16 -4 -8 -11 -3 -12 -6
right_child=2 3 7 9 6 -7 13 -9 -10 14 11 -13 -14 -15 -16 -17 -18 -19
leaf_value=-2.3906316327409478e-05 4.0330265706927965e-06 -5.6600802792504926e-06 8.8694073064777734e-06 -2.111009047627613e-06 -1.1436303887913355e-05 -1.8677032078656244e-05 8.4107299064204566e-06 2.6959705045728299e-05 1.7311801183674041e-05 2.6437185202471164e-06 -1.0033342812094984e-05 -8.9465768670658368e-07 2.0975860760857751e-05 -3.214086410056926e-06 1.4234208608580747e-05 3.184028037536649e-06 -1.7582199763873688e-05 -4.4696730460678918e-06
leaf_weight=1607 1945 1247 1669 1776 1029 1022 1332 1002 1024 1000 1005 1089 1055 1211 1072 1348 1058 1019
leaf_count=1607 1945 1247 1669 1776 1029 1022 1332 1002 1024 1000 1005 1089 1055 1211 1072 1348 1058 1019
internal_value=2.01125e-07 -6.19908e-06 7.13326e-06 -3.51889e-06 2.19045e-06 -7.61024e-06 -1.96291e-06 1.71622e-05 8.61284e-06 3.67818e-06 -5.64222e-06 -9.40982e-06 1.35582e-05 2.87488e-06 8.64034e-06 -1.06591e-06 -1.39047e-05 -7.97e-06
internal_weight=23510 12224 11286 10617 7560 6769 4591 3726 2969 3848 5747 3152 2724 2543 2072 2595 2063 2048
internal_count=23510 12224 11286 10617 7560 6769 4591 3726 2969 3848 5747 3152 2724 2543 2072 2595 2063 2048
is_linear=0
shrinkage=0.0187118


Tree=30
num_leaves=18
num_cat=0
split_feature=4 4 25 25 4 27 31 55 28 27 31 30 28 48 50 55 53
split_gain=0.00287245 0.00170313 0.00107215 0.000960397 0.000694219 0.000530311 0.000422529 0.000420651 0.000308851 0.000236543 0.000218975 0.000160712 0.000154091 9.80737e-05 9.67125e-05 7.96517e-05 5.2566e-05
threshold=-0.16758296116230423 -0.81647492792130694 -0.66210828455976933 -0.50262329198501032 -0.0040773927299451625 67.290244736730884 143.50000000000003 9104.5000000000018 -0.49962531221901535 -1.5484355614436589 121.50000000000001 17.500000000000004 -0.66533717278182991 54.806962477260278 74.999999999999972 13946.500000000002 44.974399924623327
decision_type=2 2 2 2 2 8 2 2 2 10 2 2 2 2 2 2 2
left_child=1 -1 6 7 5 12 -2 -3 16 14 13 -12 -4 -10 -9 -7 -5
right_child=2 3 4 8 -6 15 -8 9 10 -11 11 -13 -14 -15 -16 -17 -18
leaf_value=-2.2883704761946262e-05 6.1557615996486127e-06 -1.6878812902608749e-05 2.0117030457212009e-05 4.8735654803914194e-06 2.6205821002714903e-05 5.9156538964333383e-06 -7.6075269965240488e-06 -6.130929860084253e-06 -4.6108892680502163e-07 -1.2371823313716921e-05 -1.0471000797989355e-05 -6.2788424105192128e-07 1.1500166094233231e-05 7.3870752897594324e-06 1.3962105524772307e-06 -7.554769022324671e-07 1.0760213378195193e-05
leaf_weight=1704 1464 1612 1184 1119 1028 1687 1674 1097 1181 1141 1031 1330 1881 1056 1313 997 1011
leaf_count=1704 1464 1612 1184 1119 1028 1687 1674 1097 1181 1141 1031 1330 1881 1056 1313 997 1011
internal_value=1.97361e-07 -5.38827e-06 7.85613e-06 -2.88114e-06 1.20432e-05 9.51068e-06 -1.18641e-06 -8.95164e-06 1.77729e-06 -5.35304e-06 -9.51389e-07 -4.92617e-06 1.48288e-05 3.24372e-06 -2.03004e-06 3.43759e-06 7.66765e-06
internal_weight=23510 13595 9915 11891 6777 5749 3138 5163 6728 3551 4598 2361 3065 2237 2410 2684 2130
internal_count=23510 13595 9915 11891 6777 5749 3138 5163 6728 3551 4598 2361 3065 2237 2410 2684 2130
is_linear=0
shrinkage=0.0187118


Tree=31
num_leaves=18
num_cat=0
split_feature=20 20 19 20 20 20 52 17 31 31 55 55 31 19 20 53 48
split_gain=0.00578877 0.0022995 0.00165777 0.00148199 0.000749224 0.000742075 0.000564375 0.000402797 0.000397314 0.000402005 0.000368835 0.00032993 0.000196576 0.00030361 0.000186282 0.000181531 5.83212e-05
threshold=0.7743476287724077 18.017241379310349 0.034013612733932781 0.060213074520303438 2.0706476530005946 3.8981321342096167 0.210029832092993 -0.26075158713905383 199.50000000000003 121.50000000000001 21514.500000000004 9104.5000000000018 119.50000000000001 -0.35824032746162254 0.26080727544537191 44.679932647624682 56.128452423010103
decision_type=2 2 2 2 2 2 2 10 2 2 2 2 2 2 2 2 2
left_child=3 2 5 -1 16 7 8 -2 9 14 -7 -8 -9 -14 -5 -11 -4
right_child=1 -3 4 6 -6 10 11 12 -10 15 -12 -13 13 -15 -16 -17 -18
leaf_value=-3.037314160270807e-05 -9.1961987725916817e-06 3.5105746993608357e-05 7.7872243288871466e-06 -8.7356518152567241e-06 2.8045701669457915e-05 1.5950509540584139e-05 -2.1502506403681557e-05 7.2983858298682668e-06 3.700929267694293e-06 -1.8848538344115051e-05 2.1845297590618784e-06 -8.4485532541904223e-06 -9.243156806825836e-06 4.3351766189296637e-06 1.2560368614636797e-06 -8.3561765203144729e-06 1.3674852341863189e-05
leaf_weight=1132 1962 1048 1326 1039 1303 1460 1340 1261 1501 1028 1278 1372 1063 1260 1760 1317 1060
leaf_count=1132 1962 1048 1326 1039 1303 1460 1340 1261 1501 1028 1278 1372 1063 1260 1760 1317 1060
internal_value=1.93668e-07 8.52717e-06 6.20074e-06 -1.01515e-05 1.66345e-05 1.55441e-06 -7.70512e-06 -2.3806e-06 -4.7693e-06 -7.24088e-06 9.52505e-06 -1.48985e-05 1.35048e-06 -1.87824e-06 -2.45292e-06 -1.29558e-05 1.04029e-05
internal_weight=23510 13021 11973 10489 3689 8284 9357 5546 6645 5144 2738 2712 3584 2323 2799 2345 2386
internal_count=23510 13021 11973 10489 3689 8284 9357 5546 6645 5144 2738 2712 3584 2323 2799 2345 2386
is_linear=0
shrinkage=0.0187118


Tree=32
num_leaves=19
num_cat=0
split_feature=4 16 31 31 4 37 31 19 4 19 16 4 31 0 1 27 51 30
split_gain=0.00265802 0.00214789 0.000903806 0.000799881 0.000674647 0.000608265 0.000504781 0.000330469 0.000327803 0.000296861 0.000273555 0.000270267 0.000266394 0.000175053 0.000169676 0.000151794 0.000106152 7.60034e-05
threshold=-0.68146164282887656 0.53853383458646631 117.50000000000001 77.500000000000014 -0.1098705410141896 0.0013651883493988051 24.500000000000004 -0.029325018381417319 -0.054709141274238211 0.040779818288488208 0.48120300751879702 -0.11447085759511559 202.50000000000003 22.500000000000004 155.73442750757491 -0.64628367572589607 62.962962962963239 17.500000000000004
decision_type=2 2 2 2 2 2 2 2 2 2 2 2 2 2 2 10 2 2
left_child=3 2 6 -1 9 11 -2 -6 10 -3 17 12 15 -5 -13 -4 -11 -8
right_child=1 4 5 13 7 -7 8 -9 -10 16 -12 14 -14 -15 -16 -17 -18 -19
leaf_value=-2.671397356809659e-05 -7.1332001306855038e-06 6.5006893560974884e-07 -5.8034971898255779e-06 -1.3845298976228606e-05 1.3544417475060309e-05 -1.6051975398338531e-05 3.6439990904936504e-06 2.7100185279175752e-05 1.583757181506201e-05 7.4005694790618146e-06 1.1391712239627666e-05 6.1355752915040994e-06 4.989290682592557e-07 -3.294427004561401e-06 -3.3298333469818843e-06 -1.5125162477328289e-05 1.5757893874234849e-05 -3.3886043477763907e-06
leaf_weight=1271 1065 1603 1485 1011 1522 1510 1116 1074 1145 1140 1203 1420 1415 1209 1244 1040 998 1039
leaf_count=1271 1065 1603 1485 1011 1522 1510 1116 1074 1145 1140 1203 1420 1415 1209 1244 1040 998 1039
internal_value=1.90045e-07 2.81742e-06 -1.35385e-06 -1.48765e-05 1.18235e-05 -5.33777e-06 4.45175e-06 1.91526e-05 7.19169e-06 6.73753e-06 4.24365e-06 -2.88797e-06 -6.0006e-06 -8.09935e-06 1.71554e-06 -9.64292e-06 1.13017e-05 2.53337e-07
internal_weight=23510 20019 13682 3491 6337 8114 5568 2596 4503 3741 3358 6604 3940 2220 2664 2525 2138 2155
internal_count=23510 20019 13682 3491 6337 8114 5568 2596 4503 3741 3358 6604 3940 2220 2664 2525 2138 2155
is_linear=0
shrinkage=0.0187118


Tree=33
num_leaves=19
num_cat=0
split_feature=20 20 31 19 20 31 31 20 25 16 55 17 16 1 48 31 48 20
split_gain=0.00548294 0.00225098 0.0013535 0.00116864 0.000981052 0.00096909 0.000705746 0.000622404 0.000574663 0.00025845 0.000258155 0.000227715 0.000215367 0.000158892 0.000140891 8.93891e-05 6.80149e-05 2.81328e-05
threshold=2.4353400222965447 0.21860135837702707 186.50000000000003 0.04361651913038856 11.162280701754389 77.500000000000014 42.500000000000007 0.7743476287724077 -1.0000000180025095e-35 0.50093984962406024 9133.0000000000018 -0.21827733243614872 0.5413533834586467 81.296109502628298 71.503786543339615 105.50000000000001 56.128452423010103 0.85164021164021164
decision_type=2 2 2 2 2 2 2 2 2 2 2 10 2 2 2 2 2 2
left_child=1 5 4 8 6 -1 -2 12 10 -4 -3 -10 13 -5 -7 -13 -9 -12
right_child=2 3 9 7 -6 14 -8 16 11 -11 17 15 -14 -15 -16 -17 -18 -19
leaf_value=-3.2214110651290031e-05 3.863083849170831e-06 -2.0151728138245046e-05 -2.508143733915302e-06 1.5130995920947154e-06 3.7660472326006549e-05 -1.5770691013589044e-05 2.3500559442957131e-05 8.6708365395657576e-06 -7.5731914284661574e-06 1.0367424996862854e-05 -1.0771132642947635e-05 5.2150380042106955e-06 6.5202580996200398e-06 -7.7053987419196893e-06 -6.6111689148109366e-06 -1.6961546805692283e-06 1.4830141150199681e-05 -6.7013205390790466e-06
leaf_weight=1187 999 1028 1110 1211 1053 1258 1787 1403 1611 1074 1328 1169 1059 1425 1104 1491 1136 1077
leaf_count=1187 999 1028 1110 1211 1053 1258 1787 1403 1611 1074 1328 1169 1059 1425 1104 1491 1136 1077
internal_value=1.86488e-07 -5.1168e-06 1.55839e-05 -1.72916e-06 2.22743e-05 -1.84211e-05 1.6459e-05 4.29409e-06 -6.60311e-06 3.82352e-06 -1.23033e-05 -2.02131e-06 -6.07002e-07 -3.47034e-06 -1.14895e-05 1.34113e-06 1.14266e-05 -8.9486e-06
internal_weight=23510 17487 6023 13938 3839 3549 2786 6234 7704 2184 3433 4271 3695 2636 2362 2660 2539 2405
internal_count=23510 17487 6023 13938 3839 3549 2786 6234 7704 2184 3433 4271 3695 2636 2362 2660 2539 2405
is_linear=0
shrinkage=0.0187118


Tree=34
num_leaves=19
num_cat=0
split_feature=20 20 31 52 19 20 31 20 23 20 16 4 16 0 26 31 1 48
split_gain=0.00527967 0.00216753 0.00130332 0.00126726 0.00112531 0.000944681 0.000679581 0.000599329 0.000446825 0.000286275 0.000248868 0.000223331 0.000207382 0.000205292 0.000199258 0.000182518 0.000153001 6.54933e-05
threshold=2.4353400222965447 0.21860135837702707 186.50000000000003 0.210029832092993 0.04361651913038856 11.162280701754389 42.500000000000007 0.7743476287724077 -0.05000000000000248 0.72353976995991165 0.50093984962406024 -0.42434563853242124 0.5413533834586467 21.500000000000004 -0.0053818156310118598 118.50000000000001 81.296109502628298 56.128452423010103
decision_type=2 2 2 2 2 2 2 2 10 2 2 2 2 2 10 2 2 2
left_child=1 3 5 13 8 6 -2 12 -3 11 -4 -10 16 -1 -11 -16 -6 -9
right_child=2 4 10 -5 7 -7 -8 17 9 14 -12 -13 -14 -15 15 -17 -18 -19
leaf_value=-1.6470239441082853e-05 3.7907985705669042e-06 -1.8008766355991674e-05 -2.461211739467919e-06 -3.4859561072223946e-05 1.4847867353793441e-06 3.6955776597334984e-05 2.3060821350939521e-05 8.5085895114225118e-06 -4.2782971369618237e-06 -7.0669848401932238e-06 1.0173431649434379e-05 -1.5890008323574135e-05 6.3982522720733538e-06 -5.622405629392713e-06 7.5314699670426369e-06 -2.497025003321201e-06 -7.5612167379855192e-06 1.4552642335477438e-05
leaf_weight=1134 999 1021 1110 1091 1211 1053 1787 1403 1171 1632 1074 1149 1059 1324 1006 1725 1425 1136
leaf_count=1134 999 1021 1110 1091 1211 1053 1787 1403 1171 1632 1074 1149 1059 1324 1006 1725 1425 1136
internal_value=1.82999e-07 -5.02105e-06 1.52923e-05 -1.80764e-05 -1.6968e-06 2.18575e-05 1.6151e-05 4.21374e-06 -6.47956e-06 -4.71817e-06 3.75198e-06 -1.00291e-05 -5.95643e-07 -1.06271e-05 -1.89412e-06 1.1971e-06 -3.40541e-06 1.12128e-05
internal_weight=23510 17487 6023 3549 13938 3839 2786 6234 7704 6683 2184 2320 3695 2458 4363 2731 2636 2539
internal_count=23510 17487 6023 3549 13938 3839 2786 6234 7704 6683 2184 2320 3695 2458 4363 2731 2636 2539
is_linear=0
shrinkage=0.0187118


Tree=35
num_leaves=18
num_cat=0
split_feature=20 20 52 20 19 19 25 20 52 19 55 20 0 1 19 52 20
split_gain=0.00515355 0.00230662 0.00143853 0.00128757 0.00110887 0.00106365 0.000572456 0.000563354 0.000309977 0.000289536 0.000322162 0.000202804 0.00019495 0.00016962 0.000105637 0.000104527 4.42616e-05
threshold=2.4353400222965447 0.21860135837702707 0.210029832092993 18.017241379310349 0.0014741874814081515 0.04361651913038856 -1.0000000180025095e-35 0.74946808510638319 0.24123666125773477 -1.85179643809343 21514.500000000004 0.72353976995991165 18.500000000000004 81.296109502628298 0.20335307317687781 0.15305390395037749 0.95626812864565092
decision_type=2 2 2 2 2 2 2 2 2 2 2 2 2 2 2 2 2
left_child=1 2 12 4 9 6 8 13 16 -2 -11 -8 -1 -7 -9 -13 -3
right_child=3 5 -4 -5 -6 7 11 14 -10 10 -12 15 -14 -15 -16 -17 -18
leaf_value=-1.675377391408615e-05 -2.594131338330986e-06 -1.0606770474338545e-05 -3.649787846946066e-05 3.3751871128041924e-05 2.5375072423580571e-05 3.3033157422047532e-06 -8.2086587471659891e-06 5.6688437531633406e-06 -2.043429070012104e-05 1.6031268075421812e-05 2.6571048135258795e-06 -2.4478599358817528e-06 -6.1360296775547788e-06 -4.9133450143170428e-06 1.3328591200463266e-05 4.5886938221274154e-06 -5.4203797781448324e-06
leaf_weight=1080 1097 1343 1106 1034 1336 1669 1273 1026 1095 1185 1348 1647 1378 1860 1635 1341 1009
leaf_count=1080 1097 1343 1106 1034 1336 1669 1273 1026 1095 1185 1348 1647 1378 1860 1635 1341 1009
internal_value=-2.05315e-07 -5.34593e-06 -1.87756e-05 1.47556e-05 1.08003e-05 -1.90204e-06 -6.54092e-06 3.87446e-06 -1.22105e-05 5.43611e-06 8.91387e-06 -1.95443e-06 -1.08013e-05 -1.02737e-06 1.03752e-05 7.10111e-07 -8.38183e-06
internal_weight=23462 17462 3564 6000 4966 13898 7708 6190 3447 3630 2533 4261 2458 3529 2661 2988 2352
internal_count=23462 17462 3564 6000 4966 13898 7708 6190 3447 3630 2533 4261 2458 3529 2661 2988 2352
is_linear=0
shrinkage=0.0187118


Tree=36
num_leaves=19
num_cat=0
split_feature=20 20 52 31 19 20 31 20 25 52 19 17 52 55 20 19 18 31
split_gain=0.00496249 0.0022235 0.00134699 0.00128653 0.00100381 0.000886753 0.000596329 0.000587123 0.00055877 0.000315112 0.000222392 0.000210565 0.000176872 0.000162688 0.000119652 0.000101721 7.92661e-05 5.71561e-05
threshold=2.4353400222965447 0.19865281683752153 0.210029832092993 185.50000000000003 0.04361651913038856 11.162280701754389 44.500000000000007 0.74946808510638319 -1.0000000180025095e-35 0.24123666125773477 -1.4350140563321074 -0.25945335127702523 0.21176826070987798 15789.500000000002 0.45796355925547794 0.20335307317687781 0.10951036115158759 137.50000000000003
decision_type=2 2 2 2 2 2 2 2 2 2 2 10 2 2 2 2 8 2
left_child=1 2 13 5 8 6 -2 12 9 17 -5 -10 14 -1 -6 -9 -13 -3
right_child=3 4 -4 10 7 -7 -8 15 11 -11 -12 16 -14 -15 -16 -17 -18 -19
leaf_value=-1.6748447438994902e-05 4.2773249741938239e-06 -4.8332926470656926e-06 -3.7076671461411397e-05 -3.2483606148642969e-06 -2.1923230246331485e-06 3.5920200449400956e-05 2.2315506037342877e-05 5.562769371985867e-06 -8.1272155646492558e-06 -2.0284870478739811e-05 8.6225161553006462e-06 -1.3959132132654748e-06 -8.0851129659562369e-06 -6.642268703446402e-06 5.7686299289086523e-06 1.3079189054867078e-05 5.0912335599255825e-06 -1.0687906146200707e-05
leaf_weight=1000 1025 1001 1013 1017 1581 1032 1716 1026 1350 1115 1210 1952 995 1261 1136 1635 996 1401
leaf_count=1000 1025 1001 1013 1017 1581 1032 1716 1026 1350 1115 1210 1952 995 1261 1136 1635 996 1401
internal_value=-2.01473e-07 -5.2459e-06 -1.91457e-05 1.44795e-05 -2.03841e-06 2.11363e-05 1.55701e-05 3.47313e-06 -6.53298e-06 -1.20641e-05 3.20146e-06 -2.00691e-06 -1.33556e-06 -1.11121e-05 1.13622e-06 1.01811e-05 7.95808e-07 -8.24808e-06
internal_weight=23462 17462 3274 6000 14188 3773 2741 6373 7815 3517 2227 4298 3712 2261 2717 2661 2948 2402
internal_count=23462 17462 3274 6000 14188 3773 2741 6373 7815 3517 2227 4298 3712 2261 2717 2661 2948 2402
is_linear=0
shrinkage=0.0187118


Tree=37
num_leaves=20
num_cat=0
split_feature=20 31 20 19 20 19 31 1 1 49 20 19 20 31 55 45 48 55 49
split_gain=0.00478056 0.00200862 0.00161141 0.00123037 0.00118512 0.000649809 0.000538999 0.000427405 0.000426037 0.000355047 0.000320807 0.000284607 0.000273333 0.000210675 0.000206501 0.000176645 0.000156575 0.000147242 0.000135976
threshold=1.5966726003012461 22.500000000000004 18.017241379310349 -0.0023894673174655874 0.21860135837702707 0.040779818288488208 120.50000000000001 145.09562867053276 81.406772596776932 48.220477336137286 0.495432932932933 0.19508506581659549 0.72353976995991165 185.50000000000003 39165.500000000007 -0.0016012820512820711 63.062344496448333 13761.500000000002 15.5521614014728
decision_type=2 2 2 2 2 2 2 2 2 2 2 2 2 2 2 2 2 2 2
left_child=1 -1 3 9 8 6 12 -8 -3 14 17 -5 -6 -11 15 -2 18 -7 -12
right_child=2 4 -4 11 5 10 7 -9 -10 13 16 -13 -14 -15 -16 -17 -18 -19 -20
leaf_value=-3.1332109731157867e-05 1.566512818233257e-05 -7.9311769058954391e-06 3.2678604554691364e-05 1.336992660728645e-05 -5.8703023969119921e-06 -7.521932128709288e-06 -6.3365278686096775e-06 -2.1358182526236178e-05 -2.1749541920939822e-05 2.9319046572834194e-06 8.2930907564716044e-06 2.6334620357536525e-05 6.8264221841614703e-06 -8.9537273309068743e-06 -3.3631217851349597e-07 5.0078954201139342e-06 1.2054766561371593e-05 2.366219903152525e-06 -1.4601746051757779e-06
leaf_weight=1076 1004 1551 1034 1410 1262 1102 1766 1062 1574 1004 1006 1023 1121 1088 1011 1190 1171 1011 996
leaf_count=1076 1004 1551 1034 1410 1262 1102 1766 1062 1574 1004 1006 1023 1121 1088 1011 1190 1171 1011 996
internal_value=-1.97703e-07 -6.71991e-06 1.07406e-05 7.80609e-06 -4.7758e-06 -1.7644e-06 -6.45339e-06 -1.19776e-05 -1.48912e-05 2.74668e-06 2.85806e-06 1.88212e-05 1.02432e-07 -3.24953e-06 6.66058e-06 9.88477e-06 6.61981e-06 -2.79078e-06 3.44082e-06
internal_weight=23462 14698 8764 7730 13622 10497 5211 2828 3125 5297 5286 2433 2383 2092 3205 2194 3173 2113 2002
internal_count=23462 14698 8764 7730 13622 10497 5211 2828 3125 5297 5286 2433 2383 2092 3205 2194 3173 2113 2002
is_linear=0
shrinkage=0.0187118


Tree=38
num_leaves=19
num_cat=0
split_feature=20 35 20 20 19 19 1 20 25 19 55 16 20 4 1 16 5 1
split_gain=0.004628 0.0021127 0.0014186 0.00116681 0.00102722 0.000909553 0.000449939 0.00039842 0.000357564 0.000268689 0.000304954 0.0001861 0.000166802 0.000193077 0.0001544 0.000112638 9.37961e-05 6.34479e-05
threshold=2.4353400222965447 1.0000000180025095e-35 0.47558265582655829 18.017241379310349 0.0014741874814081515 0.04361651913038856 81.406772596776932 0.13256584685156117 -0.50352856925817868 -1.85179643809343 21514.500000000004 0.51597744360902265 1.147923253808566 -0.32201509412629314 114.1780982905983 0.54605263157894746 1.0000000180025095e-35 155.166511270086
decision_type=2 2 2 2 2 2 2 2 2 2 2 2 2 2 2 2 2 2
left_child=1 2 6 4 9 8 11 -8 14 -2 -11 -1 13 -7 -4 17 -9 -10
right_child=3 -3 5 -5 -6 12 7 16 15 10 -12 -13 -14 -15 -16 -17 -18 -19
leaf_value=-8.5221010318406261e-06 -2.6803612035968789e-06 -3.0995121869524045e-05 -4.2535476317714866e-06 3.2067128684947941e-05 2.4246190143330939e-05 1.1093827520705104e-05 -2.4761865107128982e-05 -7.142394269773634e-06 2.8378068845791726e-07 1.5330291319092605e-05 2.3182181172441061e-06 1.141395446447832e-06 1.3170556132659038e-05 9.3631569882761802e-07 -1.3825036667750835e-05 4.9079637237735478e-06 -1.4674870491528361e-05 -5.8286034777496676e-06
leaf_weight=1985 1097 1035 1113 1034 1336 1114 1026 1206 1454 1185 1348 1076 1351 1591 1256 1136 1113 1006
leaf_count=1985 1097 1035 1113 1034 1336 1114 1026 1206 1454 1185 1348 1076 1351 1591 1256 1136 1113 1006
internal_value=-1.94004e-07 -5.06546e-06 -3.43173e-06 1.39836e-05 1.02183e-05 9.64741e-07 -1.03092e-05 -1.50531e-05 -3.68381e-06 5.05537e-06 8.40559e-06 -5.1252e-06 7.80119e-06 5.11948e-06 -9.32818e-06 3.46187e-08 -1.07576e-05 -2.21584e-06
internal_weight=23462 17462 16427 6000 4966 10021 6406 3345 5965 3630 2533 3061 4056 2705 2369 3596 2319 2460
internal_count=23462 17462 16427 6000 4966 10021 6406 3345 5965 3630 2533 3061 4056 2705 2369 3596 2319 2460
is_linear=0
shrinkage=0.0187118


Tree=39
num_leaves=18
num_cat=0
split_feature=20 20 19 52 20 31 25 31 20 20 31 17 52 52 49 27 27
split_gain=0.00445813 0.00201292 0.0013344 0.00132648 0.000997698 0.000891659 0.000619104 0.000531315 0.000428223 0.000358184 0.000341142 0.000255488 0.000177886 0.000146134 0.000106323 0.000105042 5.38284e-05
threshold=0.72353976995991165 6.575187969924813 0.027249287750612087 0.210029832092993 0.20446941323345821 186.50000000000003 -1.0000000180025095e-35 200.50000000000003 2.0706476530005946 0.18526500638569607 125.50000000000001 -0.21827733243614872 0.19444148919142903 0.19563263869960468 60.017429317982611 611.64490330877231 -1.8732253449196627
decision_type=2 2 2 2 2 2 2 2 2 2 2 10 2 2 2 10 8
left_child=3 2 6 7 -5 -3 13 9 14 -1 16 -8 15 -2 -4 -13 -11
right_child=1 5 8 4 -6 -7 11 -9 -10 10 -12 12 -14 -15 -16 -17 -18
leaf_value=-1.5508285718922125e-05 -5.1816542743465769e-06 2.9360663964401475e-05 1.0969889655369632e-05 -3.5188937359290803e-05 -1.2167330570800834e-05 7.2382843365038268e-06 -4.2163944944824197e-06 4.2305785067313473e-06 2.1969644053315589e-05 3.3065981938981844e-06 -1.1154327962791748e-05 6.3834011107294171e-06 1.2062456249070788e-05 -1.4064320068852159e-05 3.4179917254731459e-06 -1.9447954355323094e-06 -2.8421979970932455e-06
leaf_weight=1647 1623 1703 1712 1046 1782 1020 1342 1538 1083 999 1709 1134 998 1080 1055 996 995
leaf_count=1647 1623 1703 1712 1046 1782 1020 1342 1538 1083 999 1709 1134 998 1080 1055 996 995
internal_value=-1.90374e-07 6.66712e-06 3.10822e-06 -9.89222e-06 -2.06824e-05 2.10739e-05 -1.66145e-06 -5.4621e-06 1.19947e-05 -8.24852e-06 -5.01956e-06 2.61335e-06 5.54351e-06 -8.73078e-06 8.09051e-06 2.48909e-06 2.38366e-07
internal_weight=23462 13746 11023 9716 2828 2723 7173 6888 3850 5350 3703 4470 3128 2703 2767 2130 1994
internal_count=23462 13746 11023 9716 2828 2723 7173 6888 3850 5350 3703 4470 3128 2703 2767 2130 1994
is_linear=0
shrinkage=0.0187118


Tree=40
num_leaves=18
num_cat=0
split_feature=20 31 20 31 19 20 31 20 31 31 19 31 16 20 48 31 49
split_gain=0.00430563 0.00196331 0.00132916 0.0011628 0.000872791 0.000791583 0.000658395 0.000607782 0.00058099 0.000439051 0.000430492 0.000366386 0.000246962 0.00016218 0.000159659 0.000158652 0.000132522
threshold=2.4353400222965447 20.500000000000004 0.47558265582655829 185.50000000000003 0.04361651913038856 11.162280701754389 202.50000000000003 0.1260686883449032 44.500000000000007 111.50000000000001 -0.86858127919614947 126.50000000000001 0.50093984962406024 1.4561469780219782 64.89077650753417 86.500000000000014 53.595091233917657
decision_type=2 2 2 2 2 2 2 2 2 2 2 2 2 2 2 2 2
left_child=1 -1 6 5 9 8 7 -3 -2 -4 -11 15 -5 -12 16 -9 -6
right_child=3 2 4 12 14 -7 -8 11 -10 10 13 -13 -14 -15 -16 -17 -18
leaf_value=-2.9225884729944626e-05 3.4110301469131988e-06 -2.2752015997067052e-05 3.9067417262984963e-06 -3.3295107900270195e-06 8.250062223231178e-06 3.378471129714968e-05 1.3388989807261674e-06 -8.7423440906522795e-06 2.1215716855416874e-05 -1.6275274625310464e-05 -6.782790333757134e-06 -1.6630450839595089e-05 9.1358782167537863e-06 2.3077407684517113e-06 1.2770925107643495e-05 1.5000198076913631e-06 -3.9713441802704904e-07
leaf_weight=1088 1025 1574 1879 1138 1638 1032 1412 1128 1716 1230 1659 1272 1089 1173 1412 998 999
leaf_count=1088 1025 1574 1879 1138 1638 1032 1412 1128 1716 1230 1659 1272 1089 1173 1412 998 999
internal_value=-1.86812e-07 -4.88554e-06 -3.2682e-06 1.3488e-05 9.93586e-07 1.98167e-05 -9.93725e-06 -1.31396e-05 1.45576e-05 -3.57238e-06 -7.03207e-06 -8.68696e-06 2.76605e-06 -3.01754e-06 7.69311e-06 -3.93431e-06 4.97416e-06
internal_weight=23462 17462 16374 6000 9990 3773 6384 4972 2741 5941 4062 3398 2227 2832 4049 2126 2637
internal_count=23462 17462 16374 6000 9990 3773 6384 4972 2741 5941 4062 3398 2227 2832 4049 2126 2637
is_linear=0
shrinkage=0.0187118


Tree=41
num_leaves=18
num_cat=0
split_feature=20 20 31 19 20 19 26 31 20 52 31 19 31 52 20 47 20
split_gain=0.00416533 0.00159677 0.00154475 0.00127497 0.000856128 0.0006028 0.000494498 0.00042079 0.000409188 0.000330876 0.00029972 0.000275519 0.00027394 0.000273169 0.00021331 0.000175932 0.000121802
threshold=1.147923253808566 18.017241379310349 24.500000000000004 0.2708462974805706 0.19865281683752153 -0.0098304874629366861 -0.0071597399377621189 117.50000000000001 2.7312382739212011 0.21176826070987798 126.50000000000001 -0.13721915572822493 198.50000000000003 0.1841903444441659 0.55431677018633552 -50.000000000013991 0.47558265582655829
decision_type=2 2 2 2 2 2 10 2 2 2 2 2 2 2 2 2 2
left_child=2 3 -1 6 13 7 -2 -6 15 11 16 -10 14 -4 -12 -8 -7
right_child=1 -3 4 -5 5 10 8 -9 9 -11 12 -13 -14 -15 -16 -17 -18
leaf_value=-2.8885487846630404e-05 -5.790982851731323e-06 3.0635734279703034e-05 -1.0003221306348116e-05 2.4684603508793951e-05 -2.5707992845328591e-06 2.1594137584948394e-06 6.0748932384666511e-06 -1.6621508871963318e-05 -3.8654184197599951e-08 1.9013152947555366e-05 -1.2676725152626359e-05 1.2841602852333987e-05 3.3313562452637317e-06 -2.2124254322253975e-05 -1.067805366651856e-06 -2.5486791690220122e-06 1.1367306131555167e-05
leaf_weight=1065 1586 1034 1825 1143 1531 1008 1465 1456 1156 1070 1038 1170 1804 1012 1189 1906 1004
leaf_count=1065 1586 1034 1825 1143 1531 1008 1465 1456 1156 1070 1038 1170 1804 1012 1189 1906 1004
internal_value=-1.83316e-07 8.55397e-06 -7.29774e-06 6.14954e-06 -5.36035e-06 -2.54326e-06 3.61325e-06 -9.41976e-06 5.81735e-06 1.04017e-05 8.55729e-07 6.44024e-06 -2.08839e-06 -1.4327e-05 -6.4787e-06 1.19903e-06 6.75421e-06
internal_weight=23462 10530 12932 9496 11867 9030 8353 2987 6767 3396 6043 2326 4031 2837 2227 3371 2012
internal_count=23462 10530 12932 9496 11867 9030 8353 2987 6767 3396 6043 2326 4031 2837 2227 3371 2012
is_linear=0
shrinkage=0.0187118


Tree=42
num_leaves=19
num_cat=0
split_feature=20 20 20 19 52 29 20 37 30 20 25 26 20 19 49 17 19 26
split_gain=0.00402087 0.00149852 0.00146623 0.00118134 0.000558776 0.000478074 0.00042685 0.000392488 0.00029698 0.000269368 0.00021198 0.000198972 0.000186821 0.00020785 9.46331e-05 9.1021e-05 6.93811e-05 4.88258e-05
threshold=1.0997237569060776 16.606451612903232 0.060213074520303438 0.034013612733932781 0.210029832092993 11.500000000000002 2.0706476530005946 -0.001244555553490345 18.500000000000004 6.3042929292929299 -0.49696786714138735 -0.0046159416623199898 0.25380867682313829 0.04361651913038856 48.963074175768817 -0.16282071911295745 0.35593497249219302 -0.004066661235408082
decision_type=2 2 2 2 2 2 2 2 2 2 2 8 2 2 2 10 2 10
left_child=2 3 -1 7 8 11 -5 -2 12 10 -9 -6 -4 14 -14 -12 -10 -15
right_child=1 -3 4 6 5 -7 -8 9 16 -11 15 -13 13 17 -16 -17 -18 -19
leaf_value=-2.7621514270063195e-05 9.7638131132133143e-06 2.8633222589068368e-05 -1.032685346005755e-05 9.4660560834389612e-06 -1.2187189425741325e-05 -2.2310625719045362e-05 2.4546638242539638e-05 -7.4423485625141351e-06 9.4861534030352109e-09 8.1155296428339236e-06 -2.8507072100278117e-06 -9.7430287047866972e-07 -2.4719369450487917e-06 -1.2080134354949722e-06 -9.6733971661620718e-06 4.3310998622823318e-06 6.6707913255510596e-06 4.6002336105846172e-06
leaf_weight=1111 1738 1150 1529 1363 1161 1020 1269 1797 1086 1029 1154 1060 1198 1011 1369 1330 1104 1016
leaf_count=1111 1738 1150 1529 1363 1161 1020 1269 1797 1086 1029 1154 1060 1198 1011 1369 1330 1104 1016
internal_value=6.82782e-08 8.43927e-06 -7.08986e-06 6.04019e-06 -5.11559e-06 -1.17059e-05 1.67371e-05 2.04556e-06 -2.54621e-06 -4.80673e-07 -2.54689e-06 -6.8357e-06 -4.66136e-06 -2.77574e-06 -6.31253e-06 9.94623e-07 3.36752e-06 1.70327e-06
internal_weight=23495 10830 12665 9680 11554 3241 2632 7048 8313 5310 4281 2221 6123 4594 2567 2484 2190 2027
internal_count=23495 10830 12665 9680 11554 3241 2632 7048 8313 5310 4281 2221 6123 4594 2567 2484 2190 2027
is_linear=0
shrinkage=0.0187118


Tree=43
num_leaves=16
num_cat=0
split_feature=25 52 17 36 7 1 15 25 19 31 31 19 17 51 18
split_gain=0.00187948 0.000950313 0.000616577 0.000346044 0.000342772 0.00030921 0.000256213 0.000236418 0.000186344 0.000161521 0.000226322 0.000147224 0.000109791 8.50117e-05 8.20708e-05
threshold=-0.50262329198501032 0.30898654311297541 -0.26075158713905383 -0.0025268487657867929 0.72441741560087569 632.22269747279336 0.039423194921237373 -0.99323869650092078 0.04361651913038856 105.50000000000001 62.500000000000007 0.29035629855341233 -0.11110156227143733 72.222222222221475 -0.12750498598507862
decision_type=2 2 10 2 8 2 8 2 2 2 2 2 10 2 10
left_child=1 4 6 -4 7 9 -2 11 -8 10 -5 13 -11 -1 -14
right_child=2 -3 3 5 -6 -7 8 -9 -10 12 -12 -13 14 -15 -16
leaf_value=-8.5547636315320753e-06 -9.6622869087465437e-06 -1.9186465511058919e-05 1.6728917821559551e-05 6.307101399921127e-06 3.0208180339807786e-06 -1.2802036836218708e-06 -3.4728477393598133e-06 -1.1501844503527995e-05 6.0123851510601532e-06 1.8193771891650082e-06 1.7193826679443734e-05 2.6577987433880575e-06 1.0355259122227696e-05 -1.9045813362449234e-06 3.5173057074919693e-06
leaf_weight=1523 1082 1686 1094 1582 1987 1832 1537 1849 1373 1962 1158 1040 1577 1206 1007
leaf_count=1523 1082 1686 1094 1582 1987 1832 1537 1849 1373 1962 1158 1040 1577 1206 1007
internal_value=6.70006e-08 -6.47666e-06 4.34728e-06 6.78478e-06 -3.65894e-06 5.59166e-06 -1.88812e-06 -6.02147e-06 1.00249e-06 7.31953e-06 1.09081e-05 -3.33291e-06 5.15658e-06 -5.61592e-06 7.69047e-06
internal_weight=23495 9291 14204 10212 7605 9118 3992 5618 2910 7286 2740 3769 4546 2729 2584
internal_count=23495 9291 14204 10212 7605 9118 3992 5618 2910 7286 2740 3769 4546 2729 2584
is_linear=0
shrinkage=0.0187118


Tree=44
num_leaves=18
num_cat=0
split_feature=20 31 20 27 20 36 36 1 1 27 31 31 1 31 30 31 20
split_gain=0.00382375 0.00143981 0.00143741 0.000776125 0.000684674 0.000401989 0.00035561 0.000312628 0.000270889 0.000266197 0.000459385 0.000249436 0.000234575 0.000193456 0.000260741 0.000125705 8.96358e-05
threshold=1.0997237569060776 24.500000000000004 16.606451612903232 4.4514264531990912 0.19160277575689744 0.0016515287892425736 -0.0016625115394608423 61.552546248755512 81.406772596776932 -0.64628367572589607 116.50000000000001 119.50000000000001 155.73442750757491 127.50000000000001 17.500000000000004 198.50000000000003 2.4921855921855927
decision_type=2 2 2 8 2 2 2 2 2 10 2 2 2 2 2 2 2
left_child=1 -1 3 7 8 9 -5 -2 -3 13 -11 -8 -13 -6 -15 -16 -14
right_child=2 4 -4 6 5 -7 11 -9 -10 10 -12 12 16 14 15 -17 -18
leaf_value=-2.8052428825254361e-05 7.6813312100044994e-06 -7.3078769896639919e-06 2.8006909519907962e-05 1.1999530256897383e-05 6.8433605111829329e-06 -1.3351053351489161e-05 6.5400350336948105e-06 1.9062457283218332e-05 -1.9083578108658103e-05 7.143775586329458e-07 -1.5218750399516753e-05 2.545938301446751e-06 -1.0795223043357032e-05 -7.1880537767048185e-06 -1.0176168285097904e-06 7.946772133175221e-06 -2.9703940576168313e-06
leaf_weight=1036 1775 1363 1150 1038 1583 1056 1475 1613 1373 1517 1088 1728 1007 1439 1208 1002 1044
leaf_count=1036 1775 1363 1150 1038 1583 1056 1475 1613 1373 1517 1088 1728 1007 1439 1208 1002 1044
internal_value=6.57468e-08 -6.91472e-06 8.22896e-06 5.87931e-06 -5.03161e-06 -2.51323e-06 1.99135e-06 1.30998e-05 -1.32172e-05 -1.05289e-06 -5.94023e-06 1.40939e-08 -2.53308e-06 1.38051e-06 -9.89374e-07 3.04678e-06 -6.81223e-06
internal_weight=23495 12665 10830 9680 11629 8893 6292 3388 2736 7837 2605 5254 3779 5232 3649 2210 2051
internal_count=23495 12665 10830 9680 11629 8893 6292 3388 2736 7837 2605 5254 3779 5232 3649 2210 2051
is_linear=0
shrinkage=0.0187118


Tree=45
num_leaves=18
num_cat=0
split_feature=20 35 31 20 20 19 31 31 20 31 19 31 19 48 49 20 29
split_gain=0.00370056 0.0017211 0.00107694 0.00102923 0.000818675 0.000751191 0.000556921 0.000547633 0.000559324 0.00041951 0.000399569 0.000341963 0.000180205 0.00017933 0.000140412 0.000120979 0.000106752
threshold=2.3864055299539175 1.0000000180025095e-35 185.50000000000003 0.47558265582655829 11.162280701754389 0.04361651913038856 44.500000000000007 202.50000000000003 0.1260686883449032 113.50000000000001 -0.86858127919614947 128.50000000000003 -1.0006049028527426 63.817939278629879 68.841884094140624 0.78156090022215785 9.5000000000000018
decision_type=2 2 2 2 2 2 2 2 2 2 2 2 2 2 2 2 2
left_child=1 3 4 7 6 9 -2 8 -1 -5 -11 16 -4 15 -12 -7 -10
right_child=2 -3 12 5 -6 13 -8 -9 11 10 14 -13 -14 -15 -16 -17 -18
leaf_value=-2.0962217851578689e-05 2.5797995766342562e-06 -2.7678670063561079e-05 -3.2354471127182651e-06 3.8525581505947385e-06 3.2783761851513117e-05 -6.7805091397898188e-07 1.9847706580609484e-05 1.5443024486919816e-06 -7.3770520546745965e-06 -1.5663725748498047e-05 1.2708707803811556e-06 -1.5444418342928976e-05 7.3706784064565053e-06 1.2360404166979939e-05 -7.1916113328943744e-06 7.4893072994664068e-06 8.3081453618608229e-07
leaf_weight=1548 1047 1039 1065 1908 1045 1070 1742 1421 1056 1234 1411 1204 1185 1452 1337 1562 1169
leaf_count=1548 1047 1039 1065 1908 1045 1070 1742 1421 1056 1234 1411 1204 1185 1452 1337 1562 1169
internal_value=6.45166e-08 -4.32528e-06 1.26271e-05 -2.84323e-06 1.8658e-05 9.14352e-07 1.33653e-05 -8.70101e-06 -1.16262e-05 -3.36169e-06 -6.81844e-06 -7.4115e-06 2.35044e-06 7.08131e-06 -2.84643e-06 4.16899e-06 -3.06469e-06
internal_weight=23495 17411 6084 16372 3834 9974 2789 6398 4977 5890 3982 3429 2250 4084 2748 2632 2225
internal_count=23495 17411 6084 16372 3834 9974 2789 6398 4977 5890 3982 3429 2250 4084 2748 2632 2225
is_linear=0
shrinkage=0.0187118


Tree=46
num_leaves=17
num_cat=0
split_feature=20 20 20 19 52 29 37 31 31 20 31 25 27 26 27 52
split_gain=0.00356996 0.0013487 0.00134565 0.00109191 0.000510273 0.000455083 0.000385356 0.000291483 0.000367981 0.000268888 0.000245655 0.000208117 0.000198066 0.000183679 0.000143246 0.000100462
threshold=1.0997237569060776 18.017241379310349 0.060213074520303438 0.099585266693964072 0.210029832092993 11.500000000000002 -0.0012730749906807446 199.50000000000003 121.50000000000001 6.575187969924813 85.500000000000014 -0.49700420168239895 -3.6041597950061495 -0.0046159416623199898 739.2223563590718 0.17132937993605032
decision_type=2 2 2 2 2 2 2 2 2 2 2 2 10 8 8 2
left_child=2 3 -1 6 7 13 -2 8 10 11 -4 15 -10 -6 -13 -8
right_child=1 -3 4 -5 5 -7 9 -9 12 -11 -12 14 -14 -15 -16 -17
leaf_value=-2.635081200391266e-05 1.0092945359121367e-05 2.7966819430920372e-05 -4.3987058502444738e-06 1.8832912326017804e-05 -1.1478041633078921e-05 -2.1434569158438189e-05 -1.8930923094612493e-06 4.1155604783085826e-06 -5.4644124147215476e-06 8.9185524761837354e-06 5.7359230807791571e-06 5.5260325061245055e-06 -1.5517902062749561e-05 -7.0468657225797775e-07 -2.7711063765319349e-06 -1.0260179843339006e-05
leaf_weight=1111 1913 1063 1946 1823 1161 1020 1016 1894 1942 1079 1470 1614 1061 1060 1328 994
leaf_count=1111 1913 1063 1946 1823 1161 1020 1016 1894 1942 1079 1470 1614 1061 1060 1328 994
internal_value=6.33094e-08 7.95097e-06 -6.68153e-06 5.77253e-06 -4.79019e-06 -1.1088e-05 2.77542e-06 -2.33485e-06 -4.23812e-06 4.54336e-07 -3.74918e-08 -1.38995e-06 -9.01645e-06 -6.33632e-06 1.78076e-06 -6.03085e-06
internal_weight=23495 10830 12665 9767 11554 3241 7944 8313 6419 6031 3416 4952 3003 2221 2942 2010
internal_count=23495 10830 12665 9767 11554 3241 7944 8313 6419 6031 3416 4952 3003 2221 2942 2010
is_linear=0
shrinkage=0.0187118


Tree=47
num_leaves=19
num_cat=0
split_feature=20 20 20 31 31 31 1 48 52 31 31 29 16 31 4 31 31 53
split_gain=0.00345878 0.00154139 0.00108234 0.000855696 0.000851635 0.000930611 0.000506425 0.000501313 0.000412136 0.000341927 0.000362044 0.000284755 0.000263001 0.000209239 0.000198935 0.000164663 9.98756e-05 8.72761e-05
threshold=0.72353976995991165 6.575187969924813 0.060213074520303438 186.50000000000003 30.500000000000004 124.50000000000001 270.39168624394995 63.062344496448333 0.21350029365703074 198.50000000000003 123.50000000000001 6.5000000000000009 0.54793233082706772 82.500000000000014 -0.56065916671377669 91.500000000000014 180.50000000000003 51.908908963970497
decision_type=2 2 2 2 2 2 2 2 2 2 2 2 2 2 2 2 2 2
left_child=2 4 -1 -3 -2 7 12 13 9 10 15 -8 16 -6 -10 -4 -7 -12
right_child=1 3 8 -5 5 6 11 -9 14 -11 17 -13 -14 -15 -16 -17 -18 -19
leaf_value=-2.5857740434371954e-05 -1.3389087622278575e-05 2.6645517071964997e-05 -5.5029821649201071e-06 5.153156348378781e-06 2.0398325382396892e-06 5.7139731222320993e-06 1.774508687048102e-07 2.1769832627210259e-05 -6.519799422999745e-06 4.2707815416014041e-06 -1.5821018720082308e-05 -1.3017839550861102e-05 1.1068745922474236e-05 1.3435125493362038e-05 -1.741015791940304e-05 3.8613777989339149e-06 -1.6575490389987289e-06 -8.1153729502975074e-06
leaf_weight=1111 1013 1729 1582 1038 1275 1007 1102 1263 1017 1449 1044 1192 1348 1012 1390 1125 1783 1015
leaf_count=1111 1013 1729 1582 1038 1275 1007 1102 1263 1017 1449 1044 1192 1348 1012 1390 1125 1783 1015
internal_value=6.21247e-08 6.09983e-06 -8.47491e-06 1.8583e-05 2.95833e-06 4.61731e-06 3.72748e-07 1.23077e-05 -6.23502e-06 -3.68907e-06 -6.10909e-06 -6.67904e-06 4.28208e-06 7.08226e-06 -1.28088e-05 -1.61125e-06 1.00307e-06 -1.20225e-05
internal_weight=23495 13762 9733 2767 10995 9982 6432 3550 8622 6215 4766 2294 4138 2287 2407 2707 2790 2059
internal_count=23495 13762 9733 2767 10995 9982 6432 3550 8622 6215 4766 2294 4138 2287 2407 2707 2790 2059
is_linear=0
shrinkage=0.0187118


Tree=48
num_leaves=18
num_cat=0
split_feature=20 31 19 20 19 20 31 20 31 19 4 19 1 54 25 49 51
split_gain=0.00334947 0.00158912 0.00102288 0.000934901 0.000719563 0.000718741 0.000517748 0.000500008 0.000393214 0.000378558 0.00026465 0.000234583 0.000334315 0.000178377 0.000148088 0.000129131 7.76208e-05
threshold=2.3864055299539175 20.500000000000004 0.039042834736115146 0.47558265582655829 0.04361651913038856 16.606451612903232 225.50000000000003 0.1260686883449032 113.50000000000001 -0.86858127919614947 -0.50216236078919085 -1.9696181013346459 81.109690766306144 0.87146255782622817 -0.66266026223292496 68.841884094140624 42.592592592595373
decision_type=2 2 2 2 2 2 2 2 2 2 2 2 2 2 2 2 2
left_child=1 -1 5 6 8 11 7 -3 -5 -10 13 -2 -13 -9 -6 -11 -16
right_child=2 3 -4 4 14 -7 -8 10 9 15 -12 12 -14 -15 16 -17 -18
leaf_value=-2.5990104252058487e-05 -2.8729752447103856e-06 -1.922554237949468e-05 2.8472305990743551e-05 3.7797285660355454e-06 1.84691807546027e-06 2.2363765103641144e-05 4.1256075194371255e-06 -8.7690109046263622e-06 -1.5205381641995022e-05 1.2188093219881534e-06 -1.4226234805892163e-05 2.8742944203765953e-06 1.6097450109311048e-05 1.0656830394364441e-06 5.4985278183033291e-06 -6.8966111762186777e-06 1.195613936823182e-05
leaf_weight=1090 1028 1622 1086 1884 1330 1030 999 1200 1234 1411 1160 1909 1031 1398 1064 1337 1682
leaf_count=1090 1028 1622 1086 1884 1330 1030 999 1200 1234 1411 1160 1909 1031 1398 1064 1337 1682
internal_value=6.09623e-08 -4.11541e-06 1.20128e-05 -2.6545e-06 9.32771e-07 8.43633e-06 -8.24546e-06 -1.05426e-05 -3.26346e-06 -6.5958e-06 -6.79495e-06 4.82109e-06 7.5114e-06 -3.4769e-06 6.9718e-06 -2.72963e-06 9.45399e-06
internal_weight=23495 17411 6084 16321 9942 4998 6379 5380 5866 3982 3758 3968 2940 2598 4076 2748 2746
internal_count=23495 17411 6084 16321 9942 4998 6379 5380 5866 3982 3758 3968 2940 2598 4076 2748 2746
is_linear=0
shrinkage=0.0187118


Tree=49
num_leaves=18
num_cat=0
split_feature=20 35 20 20 16 16 52 36 0 50 1 1 26 30 4 20 50
split_gain=0.00311895 0.00144914 0.000914341 0.000687458 0.000598722 0.00040691 0.00037934 0.000256776 0.000211081 0.000210464 0.00015839 0.00015093 0.00013889 0.0001162 0.000138781 0.000228472 5.00158e-05
threshold=2.3864055299539175 1.0000000180025095e-35 0.26789986329460019 18.017241379310349 0.54605263157894746 0.53853383458646631 0.20541864465659007 0.0018399279601344356 21.500000000000004 33.333333333333229 115.22047529595132 629.37401662353466 -0.0060148481344392503 18.500000000000004 -0.40479959296738083 0.72353976995991165 66.666666666666345
decision_type=2 2 2 2 2 2 2 2 2 2 2 2 10 2 2 2 2
left_child=1 2 6 5 7 12 8 11 -1 -6 -7 13 -2 14 -4 -16 -17
right_child=3 -3 4 -5 9 10 -8 -9 -10 -11 -12 -13 -14 -15 15 16 -18
leaf_value=-1.2803195453985439e-05 -1.2367895900871585e-06 -2.5632021970397301e-05 3.4079052794143175e-06 2.5313963607681424e-05 6.5692222224920328e-07 9.8029513450540534e-06 -2.06010015981781e-05 -1.1768727633308161e-05 -2.4255510774598317e-06 1.0405575629627742e-05 2.0345205049889309e-05 -6.7861563784720602e-06 7.1507927916999923e-06 4.0133129210186584e-06 -1.0813022998484789e-05 1.3088856772255972e-06 -3.8926134936227017e-06
leaf_weight=1291 1062 1039 1313 1029 1289 994 1029 1002 1465 1946 1002 1664 1980 1544 1106 1655 1063
leaf_count=1291 1062 1039 1313 1029 1289 994 1029 1002 1465 1946 1002 1664 1980 1544 1106 1655 1063
internal_value=-1.76261e-07 -4.20318e-06 -2.84285e-06 1.13768e-05 -4.17113e-07 8.5302e-06 -1.09064e-05 -2.81846e-06 -7.28678e-06 6.52118e-06 1.50952e-05 -1.74378e-06 4.22258e-06 -4.87907e-07 -1.84081e-06 -3.643e-06 -7.25401e-07
internal_weight=23473 17406 16367 6067 12582 5038 3785 9347 2756 3235 1996 8345 3042 6681 5137 3824 2718
internal_count=23473 17406 16367 6067 12582 5038 3785 9347 2756 3235 1996 8345 3042 6681 5137 3824 2718
is_linear=0
shrinkage=0.0187118


Tree=50
num_leaves=19
num_cat=0
split_feature=20 35 19 20 19 20 52 31 19 19 1 20 31 31 0 20 20 48
split_gain=0.00300332 0.00139542 0.000974219 0.000880443 0.000653234 0.000580215 0.000365276 0.000304618 0.000469958 0.000274252 0.000307712 0.000245674 0.000245442 0.000245297 0.000203256 0.000198007 0.000159406 8.61475e-05
threshold=2.3864055299539175 1.0000000180025095e-35 0.039042834736115146 0.26789986329460019 0.04361651913038856 16.606451612903232 0.20541864465659007 118.50000000000001 -0.86858127919614947 -1.9696181013346459 81.109690766306144 0.78156090022215785 127.50000000000001 192.50000000000003 21.500000000000004 0.72353976995991165 1.4561469780219782 56.128452423010103
decision_type=2 2 2 2 2 2 2 2 2 2 2 2 2 2 2 2 2 2
left_child=1 3 5 6 7 9 14 15 -9 -2 -11 12 -6 -14 -1 -5 -10 -13
right_child=2 -3 -4 4 11 -7 -8 8 16 10 -12 17 13 -15 -16 -17 -18 -19
leaf_value=-1.2563624535031888e-05 -3.698455064888014e-06 -2.5152400344442861e-05 2.7413981670933287e-05 -4.9880874326011129e-06 8.2130811492552528e-06 2.0358272478478085e-05 -2.0215519566511297e-05 -1.6919960787631361e-05 -6.5824734988140193e-06 2.9774015013540453e-06 1.5667052918464781e-05 5.6386542784579639e-06 -9.3560930688279806e-06 3.3118071016862792e-06 -2.3801646508430764e-06 5.4087009869438772e-06 2.2825429943091285e-06 1.271749329005754e-05
leaf_weight=1291 1053 1039 1065 1152 1075 1012 1029 1261 1947 1906 1031 1352 1025 1120 1465 1447 1118 1085
leaf_count=1291 1053 1039 1065 1152 1075 1012 1029 1261 1947 1906 1031 1352 1025 1120 1465 1447 1118 1085
internal_value=-1.72963e-07 -4.12453e-06 1.11639e-05 -2.78965e-06 -4.09308e-07 7.70407e-06 -1.07023e-05 -4.26284e-06 -7.30473e-06 4.49453e-06 7.43196e-06 4.30798e-06 9.15618e-07 -2.74162e-06 -7.15043e-06 8.00351e-07 -3.34884e-06 8.79029e-06
internal_weight=23473 17406 6067 16367 12582 5002 3785 6925 4326 3990 2937 5657 3220 2145 2756 2599 3065 2437
internal_count=23473 17406 6067 16367 12582 5002 3785 6925 4326 3990 2937 5657 3220 2145 2756 2599 3065 2437
is_linear=0
shrinkage=0.0187118


Tree=51
num_leaves=17
num_cat=0
split_feature=20 20 31 1 24 38 52 31 24 20 48 31 16 20 27 18
split_gain=0.00289197 0.00137066 0.000937095 0.000720174 0.000569384 0.000460239 0.000373755 0.000352397 0.000301103 0.000319459 0.000217357 0.000231307 0.000216737 0.000169286 0.000116245 8.99412e-05
threshold=2.3864055299539175 0.060213074520303438 188.50000000000003 61.403197110367721 2.9999999999998583 0.003192340421195317 0.20401921502516154 228.50000000000003 -5000.2499999999991 0.26789986329460019 47.738454483188612 127.50000000000001 0.50093984962406024 0.72353976995991165 -4.549614394920809 -0.21056429242175725
decision_type=2 2 2 2 10 2 2 2 10 2 2 2 2 2 10 10
left_child=1 -1 3 -2 5 7 -5 8 -3 -10 15 -12 -4 -6 -13 -11
right_child=2 4 12 6 13 -7 -8 -9 9 10 11 14 -14 -15 -16 -17
leaf_value=-2.4041741135707231e-05 7.7674146807292575e-06 -1.2455977153109328e-05 -4.5012065703448636e-06 1.5771297646087629e-05 -6.6787833996692652e-07 -1.6074450734915692e-05 3.1645716705736642e-05 5.0581161540200042e-06 -1.0453076820022602e-05 -1.8276645173901036e-06 6.8192426744373132e-06 1.519248858087983e-06 7.2096277420443282e-06 8.7726276228639585e-06 -7.1518450409351944e-06 -7.5424102470467261e-06
leaf_weight=1123 1773 1426 1126 1002 1100 1063 1078 1564 1748 1899 1661 1183 1088 1682 998 1959
leaf_count=1123 1773 1426 1126 1002 1100 1063 1078 1564 1748 1899 1661 1183 1088 1682 998 1959
internal_value=-1.69726e-07 -4.04736e-06 1.0955e-05 1.65296e-05 -2.66839e-06 -4.25674e-06 2.39985e-05 -3.24675e-06 -4.44124e-06 -3.23156e-06 -1.59218e-06 1.55817e-06 1.25371e-06 5.03986e-06 -2.44854e-06 -4.72948e-06
internal_weight=23473 17406 6067 3853 16283 13501 2080 12438 10874 9448 7700 3842 2214 2782 2181 3858
internal_count=23473 17406 6067 3853 16283 13501 2080 12438 10874 9448 7700 3842 2214 2782 2181 3858
is_linear=0
shrinkage=0.0187118


Tree=52
num_leaves=18
num_cat=0
split_feature=20 31 31 20 19 20 31 52 25 31 31 19 20 55 55 20 31
split_gain=0.00278704 0.00143276 0.000921077 0.000858215 0.000644496 0.000462163 0.000388757 0.000360221 0.000326339 0.000267219 0.000203371 0.000251034 0.000177972 0.000174 0.000137539 9.00533e-05 4.31177e-05
threshold=2.6568921232876721 18.500000000000004 192.50000000000003 0.26789986329460019 0.11833879549232408 11.162280701754389 44.500000000000007 0.20541864465659007 -0.50311137927505223 128.50000000000003 117.50000000000001 -0.40325061447047966 0.74946808510638319 9133.0000000000018 15313.500000000002 1.2302308802308806 139.50000000000003
decision_type=2 2 2 2 2 2 2 2 2 2 2 2 2 2 2 2 2
left_child=1 -1 5 7 8 6 -2 14 13 -6 -10 -12 -11 -5 -3 -13 -15
right_child=2 3 -4 4 9 -7 -8 -9 10 12 11 15 -14 16 -16 -17 -18
leaf_value=-2.5461349901100494e-05 3.5068960809984935e-06 -1.1230551105777356e-05 1.0244789215631994e-06 -1.395256003422572e-05 1.1792672049125708e-05 2.7427333517882067e-05 1.8394122086056082e-05 -1.9695182739839113e-05 4.6570353196506453e-06 -1.9015996178343945e-06 -1.0692163074702322e-05 -3.3200743759709468e-06 7.7973865226435461e-06 -1.9632027864623862e-06 -2.8602742561885438e-06 4.3844191208713333e-06 -6.8493451692644018e-06
leaf_weight=1007 996 1291 1968 1023 1594 1044 1602 1040 1959 1587 1013 1037 1137 1070 1470 1089 1546
leaf_count=1007 996 1291 1968 1023 1594 1044 1602 1040 1959 1587 1013 1037 1137 1070 1470 1089 1546
internal_value=-1.66551e-07 -3.77988e-06 1.13388e-05 -2.4846e-06 -2.06372e-07 1.69122e-05 1.26868e-05 -1.03095e-05 -3.12916e-06 5.70758e-06 -7.38154e-08 -3.02627e-06 2.14676e-06 -7.40951e-06 -6.77408e-06 6.26394e-07 -4.85081e-06
internal_weight=23473 17863 5610 16856 13055 3642 2598 3801 8737 4318 5098 3139 2724 3639 2761 2126 2616
internal_count=23473 17863 5610 16856 13055 3642 2598 3801 8737 4318 5098 3139 2724 3639 2761 2126 2616
is_linear=0
shrinkage=0.0187118


Tree=53
num_leaves=18
num_cat=0
split_feature=16 38 31 31 31 30 30 7 52 1 25 31 31 13 30 1 31
split_gain=0.00134974 0.000760312 0.000374801 0.000551126 0.000501332 0.000495104 0.000352846 0.000300955 0.000387087 0.000230979 0.000179956 0.000175336 0.00013151 0.000116486 0.000113412 0.000103119 6.44266e-05
threshold=0.54605263157894746 0.0033643643360402602 20.500000000000004 105.50000000000001 86.500000000000014 18.500000000000004 17.500000000000004 0.095361288742942751 0.24870785137133392 155.73442750757491 -0.65986974327972403 124.50000000000001 191.50000000000003 -0.057046723133862172 17.500000000000004 81.037091957401444 198.50000000000003
decision_type=2 2 2 2 2 2 2 10 2 2 2 2 2 10 2 2 2
left_child=1 2 -1 4 6 9 -4 -2 11 10 16 -9 -7 -12 -11 -13 -5
right_child=7 -3 3 5 -6 12 -8 8 -10 14 13 15 -14 -15 -16 -17 -18
leaf_value=-1.2546445811609986e-05 -2.0115799260485585e-06 -1.7266108721867244e-05 6.249760041465127e-06 -9.7286213499289018e-06 1.4594569325760272e-05 2.7116038714576431e-08 -5.1314907627886436e-06 1.0596825319977765e-05 1.732420192902706e-05 -1.2653121525570903e-05 -3.6833285337621924e-06 6.3439222218856953e-06 9.0841317753438748e-06 4.89625986640148e-06 -5.0677569503346203e-06 -1.6095180222796136e-06 -3.4001058662545632e-06
leaf_weight=1065 1047 1201 1952 1283 1191 1278 1865 1643 1422 1944 1128 1208 1001 1089 1070 1082 1004
leaf_count=1065 1047 1201 1952 1283 1191 1278 1865 1643 1422 1944 1128 1208 1001 1089 1070 1082 1004
internal_value=-1.63434e-07 -2.91124e-06 -1.8249e-06 -1.05364e-06 3.99589e-06 -3.63485e-06 6.88839e-07 7.16361e-06 8.95753e-06 -5.95085e-06 -3.26783e-06 5.93251e-06 4.00521e-06 5.31001e-07 -9.96024e-06 2.58601e-06 -6.95038e-06
internal_weight=23473 17071 15870 14805 5008 9797 3817 6402 5355 7518 4504 3933 2279 2217 3014 2290 2287
internal_count=23473 17071 15870 14805 5008 9797 3817 6402 5355 7518 4504 3933 2279 2217 3014 2290 2287
is_linear=0
shrinkage=0.0187118


Tree=54
num_leaves=18
num_cat=0
split_feature=4 24 36 4 19 48 52 24 31 31 30 30 30 31 4 50 4
split_gain=0.00138481 0.00097255 0.000635573 0.000505932 0.000351826 0.000326647 0.000280961 0.00027942 0.000277775 0.000215778 0.000212011 0.000200461 0.00018523 0.000174915 0.000139782 0.000103936 8.73629e-05
threshold=-0.83093306574707437 2.9999999999998583 0.0030326021980042754 -0.031693425292554686 0.37181013041414351 61.4715105859459 0.26148092408849305 -5000.2499999999991 119.50000000000001 86.500000000000014 17.500000000000004 16.500000000000004 17.500000000000004 184.50000000000003 -0.34363870201820335 61.111111111113949 -0.15313542314432696
decision_type=2 10 2 2 2 2 2 10 2 2 2 2 2 2 2 2 2
left_child=-1 2 3 4 7 -6 15 -2 9 12 11 -10 -9 -5 -12 16 -3
right_child=1 6 -4 13 5 -7 -8 8 10 -11 14 -13 -14 -15 -16 -17 -18
leaf_value=-1.7642727206222521e-05 -1.1234722116692283e-05 4.3095210521721291e-07 -1.5425514262788338e-05 1.0854845858420526e-05 -2.0471407599346111e-06 1.0380660261422649e-05 1.752704290425839e-05 3.4405062995531062e-06 -2.7622499201692052e-06 8.2179762042328921e-06 -6.0526175270514403e-06 -1.2559644117848525e-05 -6.7600057569289154e-06 1.1289161149303417e-06 2.5778054360840485e-06 1.138750703016314e-05 7.4697334757295014e-06
leaf_weight=1486 1309 1142 1004 1729 1485 1477 1002 1354 1341 1267 1095 1608 1155 1035 1643 997 1344
leaf_count=1486 1309 1142 1004 1729 1485 1477 1002 1354 1341 1267 1095 1608 1155 1035 1643 997 1344
internal_value=-1.60376e-07 1.02118e-06 -9.70994e-07 -9.13512e-08 -1.56135e-06 4.14998e-06 8.7953e-06 -3.13181e-06 -2.01094e-06 1.92341e-06 -4.62324e-06 -8.10447e-06 -1.25522e-06 7.2129e-06 -8.73732e-07 6.28332e-06 4.23631e-06
internal_weight=23473 21987 17502 16498 13734 2962 4485 10772 9463 3776 5687 2949 2509 2764 2738 3483 2486
internal_count=23473 21987 17502 16498 13734 2962 4485 10772 9463 3776 5687 2949 2509 2764 2738 3483 2486
is_linear=0
shrinkage=0.0187118


Tree=55
num_leaves=20
num_cat=0
split_feature=20 20 31 36 31 16 20 31 20 16 31 31 27 55 31 48 18 31 25
split_gain=0.00263409 0.00125899 0.000861965 0.000523538 0.000510179 0.00046207 0.000451328 0.000492987 0.000234077 0.000225655 0.000196539 0.000269039 0.000171894 0.00016911 0.000157002 0.000147412 0.000206475 0.000128761 6.95433e-05
threshold=2.3864055299539175 0.060213074520303438 169.50000000000003 0.0021019448788979216 25.500000000000004 0.54605263157894746 9.5879629629629655 50.500000000000007 0.72353976995991165 0.50093984962406024 211.50000000000003 121.50000000000001 0.60913501120214886 31479.000000000004 141.50000000000003 62.596342293932274 0.017771798805383595 85.500000000000014 -0.66266026223292496
decision_type=2 2 2 2 2 2 2 2 2 2 2 2 10 2 2 2 8 2 2
left_child=1 -1 6 4 -3 8 7 -2 10 -4 11 17 18 -13 -14 16 -7 -6 -10
right_child=2 3 9 -5 5 15 -8 -9 12 -11 -12 13 14 -15 -16 -17 -18 -19 -20
leaf_value=-2.3020680839137174e-05 2.1187537232570901e-06 -1.441115183194421e-05 -3.5121578200248823e-06 -1.5219613985202994e-05 -6.5657495619247289e-06 -3.4581207617604372e-06 2.6067203380177594e-05 1.9261151845101872e-05 9.8483908355251354e-07 7.6647555368545507e-06 1.976576340268418e-06 -1.6538070904850259e-05 3.0433534344775108e-06 -6.183558268639848e-06 -6.1402352511990165e-06 1.0256196746691951e-05 7.6745059439484609e-06 1.9920487977049377e-06 7.8677093029826897e-06
leaf_weight=1123 1041 1023 1255 1065 1348 1128 1148 1348 1022 1275 1076 1165 1044 1050 1735 1252 1208 1133 1034
leaf_count=1123 1041 1023 1255 1065 1348 1128 1148 1348 1022 1275 1076 1165 1044 1050 1735 1252 1208 1133 1034
internal_value=-1.57375e-07 -3.85808e-06 1.04598e-05 -2.53648e-06 -1.64887e-06 -7.29127e-07 1.64249e-05 1.17914e-05 -2.69263e-06 2.12048e-06 -5.23673e-06 -6.88953e-06 3.44503e-07 -1.16296e-05 -2.69019e-06 5.07547e-06 2.29882e-06 -2.65765e-06 4.44636e-06
internal_weight=23473 17406 6067 16283 15218 14195 3537 2389 10607 2530 5772 4696 4835 2215 2779 3588 2336 2481 2056
internal_count=23473 17406 6067 16283 15218 14195 3537 2389 10607 2530 5772 4696 4835 2215 2779 3588 2336 2481 2056
is_linear=0
shrinkage=0.0187118


Tree=56
num_leaves=16
num_cat=0
split_feature=25 4 52 4 16 50 7 19 55 19 13 4 51 31 1
split_gain=0.00140279 0.000892503 0.00078199 0.000556005 0.000438135 0.000311066 0.000228394 0.000201805 0.000200696 0.000173814 0.00016123 0.000109489 9.10752e-05 9.10358e-05 7.08186e-05
threshold=-0.50262329198501032 -0.6947467352592005 0.30898654311297541 -0.0046568488891401425 0.54605263157894746 66.666666666666458 0.72441741560087569 -1.0698122138540211 9133.0000000000018 0.31227700437951361 -0.056832680669277318 -0.12948018542597092 72.222222222222342 103.50000000000001 115.29248493150162
decision_type=2 2 2 2 2 2 8 2 2 2 10 2 2 2 2
left_child=2 -2 6 4 7 11 8 -3 -1 12 13 -6 -10 -9 -12
right_child=1 3 -4 -5 5 -7 -8 10 9 -11 14 -13 -14 -15 -16
leaf_value=-1.1323521461448904e-05 -9.7916998187894844e-06 -5.1083422767609256e-06 -1.7205007938446852e-05 1.8275682598758364e-05 2.7525703358172845e-06 1.6699828526789179e-05 2.4252110699414952e-06 4.0958855504502111e-06 -7.9614443043640187e-06 3.4223502798148146e-06 3.6770002417364579e-06 9.4228193798631714e-06 -1.6482358711890793e-06 -2.6326634166497929e-06 1.0145564204421523e-05
leaf_weight=1337 1526 1428 1674 1068 1937 1219 1959 1127 1831 1093 1424 1552 1421 1876 1015
leaf_count=1337 1526 1428 1674 1068 1937 1219 1959 1127 1831 1093 1424 1552 1421 1876 1015
internal_value=1.86035e-08 3.72605e-06 -5.62197e-06 5.35725e-06 4.1656e-06 8.56267e-06 -3.08434e-06 1.1523e-06 -4.98389e-06 -3.03312e-06 2.79511e-06 5.71968e-06 -5.20281e-06 -1.07496e-07 6.36892e-06
internal_weight=23487 14172 9315 12646 11578 4708 7641 6870 5682 4345 5442 3489 3252 3003 2439
internal_count=23487 14172 9315 12646 11578 4708 7641 6870 5682 4345 5442 3489 3252 3003 2439
is_linear=0
shrinkage=0.0187118


Tree=57
num_leaves=19
num_cat=0
split_feature=20 31 19 20 36 26 20 31 20 44 4 31 55 19 31 39 4 31
split_gain=0.0026799 0.00123448 0.00118519 0.000758729 0.000574521 0.000345882 0.000342978 0.000368976 0.000310262 0.000258157 0.000254051 0.000260522 0.000220562 0.000183056 0.000264352 0.000131171 0.000127348 6.37471e-05
threshold=1.5966726003012461 20.500000000000004 0.099585266693964072 11.846052631578949 0.0013522656621439701 -0.0066034328168717059 0.72353976995991165 225.50000000000003 0.18526500638569607 -0.0024676135239225512 -0.42434563853242124 125.50000000000001 15789.500000000002 0.014625994343511197 127.50000000000001 -0.0012961768243919811 -0.21747978969981341 183.50000000000003
decision_type=2 2 2 2 2 10 2 2 2 2 2 2 2 2 2 2 2 2
left_child=1 -1 3 5 6 -2 7 8 -3 -7 11 -10 -6 14 -8 -11 -15 -17
right_child=2 4 -4 -5 12 9 13 -9 10 15 -12 -13 -14 16 -16 17 -18 -19
leaf_value=-2.4898553085844882e-05 -6.0964062425394509e-06 -1.2776029813492142e-05 2.4292937122512142e-05 1.7353221791061165e-05 -1.7008402686864557e-05 1.314972073550376e-05 5.7508049367437307e-06 6.119618164568609e-06 4.9483528221310945e-06 8.1338879160738282e-06 -8.9505991254608202e-06 -6.6757128386612529e-06 -5.5700658029089397e-06 1.1356195839756569e-05 -7.5467089575104622e-06 2.7409276901300646e-06 1.9475191144657962e-06 -3.1601701690062553e-06
leaf_weight=1003 1333 1655 1356 1460 1286 998 1002 1057 1647 1008 1725 1144 1091 1018 1096 1481 997 1130
leaf_count=1003 1333 1655 1356 1460 1286 998 1002 1057 1647 1008 1725 1144 1091 1018 1096 1481 997 1130
internal_value=1.82554e-08 -4.8592e-06 8.20912e-06 5.26584e-06 -3.39402e-06 2.29986e-06 -1.64089e-06 -4.09557e-06 -5.84528e-06 4.724e-06 -3.30533e-06 1.83776e-07 -1.17584e-05 2.67284e-06 -1.19585e-06 2.40046e-06 6.70089e-06 1.87024e-07
internal_weight=23487 14721 8766 7410 13718 5950 11341 7228 6171 4617 4516 2791 2377 4113 2098 3619 2015 2611
internal_count=23487 14721 8766 7410 13718 5950 11341 7228 6171 4617 4516 2791 2377 4113 2098 3619 2015 2611
is_linear=0
shrinkage=0.0187118


Tree=58
num_leaves=18
num_cat=0
split_feature=20 31 19 20 36 20 19 31 1 25 44 1 20 16 1 26 20
split_gain=0.00258055 0.00118871 0.00114125 0.0007306 0.000555512 0.000400071 0.000368965 0.000416213 0.000349351 0.000339532 0.000220976 0.000193413 0.000191716 0.000177918 0.000113553 0.000112946 0.000105528
threshold=1.5966726003012461 20.500000000000004 0.099585266693964072 11.846052631578949 0.002010052281560815 0.19160277575689744 0.12858018487483494 117.50000000000001 145.09562867053276 -1.0000000180025095e-35 -0.002422774965147811 255.04151438920454 0.72353976995991165 0.53101503759398505 81.406772596776932 -0.0017943233236491344 0.69054196264141032
decision_type=2 2 2 2 2 2 2 2 2 2 2 2 2 2 2 10 2
left_child=1 -1 3 9 5 14 7 12 16 -2 -11 13 -7 -8 -3 -12 -9
right_child=2 4 -4 -5 -6 6 11 8 -10 10 15 -13 -14 -15 -16 -17 -18
leaf_value=-2.4432655853634381e-05 -4.0821350291623501e-06 -5.209036435660987e-06 2.3838372212317033e-05 1.702851161550437e-05 -1.6134300001374466e-05 -2.2740140060962983e-06 2.7346806085928288e-06 -7.67266721678719e-06 -1.6684773076491682e-05 1.3023164110959665e-05 -1.3293238211860608e-06 -1.0975425470462515e-06 7.7797876162705936e-06 1.3161192383340017e-05 -1.3264019347693151e-05 6.031051995371325e-06 8.5147953633591594e-09
leaf_weight=1003 1976 1304 1356 1460 1092 1514 1290 1248 1048 999 1285 1595 1183 1031 1156 1690 1257
leaf_count=1003 1976 1304 1356 1460 1092 1514 1290 1248 1048 999 1285 1595 1183 1031 1156 1690 1257
internal_value=1.79138e-08 -4.76828e-06 8.05551e-06 5.16731e-06 -3.33051e-06 -2.22313e-06 -5.8464e-07 -3.40637e-06 -7.6134e-06 2.25683e-06 5.40877e-06 3.91888e-06 2.13594e-06 7.36619e-06 -8.99422e-06 2.85186e-06 -3.81828e-06
internal_weight=23487 14721 8766 7410 13718 12626 10166 6250 3553 5950 3974 3916 2697 2321 2460 2975 2505
internal_count=23487 14721 8766 7410 13718 12626 10166 6250 3553 5950 3974 3916 2697 2321 2460 2975 2505
is_linear=0
shrinkage=0.0187118


Tree=59
num_leaves=18
num_cat=0
split_feature=20 31 31 1 39 20 53 49 31 30 1 48 20 52 31 53 27
split_gain=0.00248488 0.00114464 0.00095726 0.000981611 0.000497816 0.000360113 0.000323766 0.000301945 0.000299389 0.000497051 0.000272551 0.000201242 0.000191861 0.000189454 0.000118781 0.000117314 7.94672e-05
threshold=1.5966726003012461 20.500000000000004 129.50000000000003 48.771039752975597 0.0033361157484697039 0.19160277575689744 42.039486686621224 39.90220698746149 123.50000000000001 18.500000000000004 257.7343483081637 63.062344496448333 0.78156090022215785 0.20039329487206228 83.500000000000014 41.561207598677939 131.95912495434735
decision_type=2 2 2 2 2 2 2 2 2 2 2 2 2 2 2 2 10
left_child=1 -1 3 -2 5 15 -5 13 11 10 12 14 -10 16 -7 -3 -4
right_child=2 4 7 6 -6 8 -8 -9 9 -11 -12 -13 -14 -15 -16 -17 -18
leaf_value=-2.3975476732056836e-05 4.2301058106528168e-06 -1.2812798316986012e-05 6.2426474693669003e-06 1.6435192167167952e-05 -1.5136775494917406e-05 -3.3160201926962849e-06 3.0720391699388932e-05 -4.0500050693150681e-06 -7.6865304302759731e-06 4.5567432912079817e-06 -1.4654874555491703e-05 8.877840184360371e-06 2.0229957689647318e-06 1.246292694160527e-05 4.7175119471482278e-06 -4.5628188766263013e-06 -1.1660449296768657e-06
leaf_weight=1003 1778 1209 1001 1239 1135 1479 1007 1720 1855 1936 1153 1447 1157 994 1142 1205 1027
leaf_count=1003 1778 1209 1001 1239 1135 1479 1007 1720 1855 1936 1153 1447 1157 994 1142 1205 1027
internal_value=1.75786e-08 -4.67906e-06 7.90478e-06 1.46172e-05 -3.26819e-06 -2.19763e-06 2.284e-05 2.20867e-06 -6.55313e-07 -3.27702e-06 -6.91836e-06 3.27661e-06 -3.95681e-06 5.77085e-06 1.84282e-07 -8.69464e-06 2.49081e-06
internal_weight=23487 14721 8766 4024 13718 12583 2246 4742 10169 6101 4165 4068 3012 3022 2621 2414 2028
internal_count=23487 14721 8766 4024 13718 12583 2246 4742 10169 6101 4165 4068 3012 3022 2621 2414 2028
is_linear=0
shrinkage=0.0187118


Tree=60
num_leaves=19
num_cat=0
split_feature=20 20 31 31 52 19 20 19 31 31 19 16 4 31 49 20 47 55
split_gain=0.00240694 0.00108401 0.00095061 0.00102357 0.000828861 0.000696321 0.000598573 0.000481771 0.000343715 0.000285613 0.000246068 0.00023276 0.000208482 0.000156292 0.000119186 0.000101986 9.192e-05 8.968e-05
threshold=0.7743476287724077 18.017241379310349 23.500000000000004 127.50000000000001 0.210029832092993 -0.12680091642533495 0.20446941323345821 0.096469916950116655 198.50000000000003 121.50000000000001 -0.19708317084393909 0.47650375939849626 -0.034414042625360387 85.500000000000014 53.038659948327727 1.147923253808566 -55.555555555539179 31479.000000000004
decision_type=2 2 2 2 2 2 2 2 2 2 2 2 2 2 2 2 2 2
left_child=4 2 -2 7 8 12 -6 10 9 13 -4 -8 14 -1 -5 -7 -17 -11
right_child=1 -3 3 5 6 15 11 -9 -10 17 -12 -13 -14 -15 -16 16 -18 -19
leaf_value=-5.6311325616604994e-06 -1.3438812545257385e-05 2.3744045606626408e-05 1.573973033624614e-05 -4.3784220890240933e-06 -2.6356656550488885e-05 2.5666079944695791e-06 -1.5461229972793477e-05 2.1953847334418265e-05 4.2692072640474811e-06 -1.371818841223591e-05 4.2619336281559517e-06 -2.885738266029164e-06 1.5144736405826995e-06 2.6174817537690624e-06 -1.2939693466350106e-05 1.3355108091053815e-05 5.6356388952946167e-06 -6.5768745275532075e-06
leaf_weight=1717 1025 1036 1014 1267 1040 1168 995 1335 1651 1259 1842 1069 1156 1513 1034 1062 1099 1205
leaf_count=1717 1025 1036 1014 1267 1040 1168 995 1335 1651 1259 1842 1069 1156 1513 1034 1062 1099 1205
internal_value=1.72497e-08 5.37975e-06 3.79456e-06 5.40376e-06 -6.67394e-06 9.13369e-07 -1.47808e-05 1.26745e-05 -3.24796e-06 -5.4276e-06 8.33703e-06 -8.94805e-06 -4.96858e-06 -1.76731e-06 -8.2256e-06 7.02148e-06 9.42929e-06 -1.02258e-05
internal_weight=23487 13038 12002 10977 10449 6786 3104 4191 7345 5694 2856 2064 3457 3230 2301 3329 2161 2464
internal_count=23487 13038 12002 10977 10449 6786 3104 4191 7345 5694 2856 2064 3457 3230 2301 3329 2161 2464
is_linear=0
shrinkage=0.0187118


Tree=61
num_leaves=17
num_cat=0
split_feature=4 16 36 4 52 31 19 31 1 31 49 31 31 1 52 4
split_gain=0.00104314 0.00105911 0.000500745 0.000392044 0.000309136 0.000305791 0.000307138 0.000283619 0.000244976 0.000240094 0.000224371 0.00016523 0.000145066 9.53918e-05 8.51804e-05 6.39455e-05
threshold=-0.83093306574707437 0.54605263157894746 0.002010052281560815 -0.0077025269941771706 0.24870785137133392 121.50000000000001 -1.0006049028527426 86.500000000000014 156.91751033401189 42.500000000000007 43.9215522594071 122.50000000000001 200.50000000000003 81.185555617285189 0.14331430374239926 -0.16163293572276552
decision_type=2 2 2 2 2 2 2 2 2 2 2 2 2 2 2 2
left_child=-1 2 3 5 11 7 -7 8 9 -2 15 -3 14 -13 -12 -8
right_child=1 4 -4 -5 -6 6 10 -9 -10 -11 12 13 -14 -15 -16 -17
leaf_value=-1.5011342756326455e-05 -1.1455106283339349e-05 9.2725910320075526e-06 -1.2549300283376165e-05 9.7119573810879311e-06 1.4494211091208775e-05 -1.1674486203831618e-05 -4.3146860533690032e-07 7.8438548721752081e-06 5.065276452710305e-06 5.2243235607620461e-07 -4.5401596179564473e-06 5.3039252941237869e-06 -9.0417207864300282e-07 -1.9556004921584947e-06 -1.2172908030523022e-05 5.5992334185235345e-06
leaf_weight=1513 1045 1887 1317 1207 1682 1433 1364 1866 1428 1334 1036 1380 1689 1172 1012 1122
leaf_count=1513 1045 1887 1317 1207 1682 1433 1364 1866 1428 1334 1036 1380 1689 1172 1012 1122
internal_value=1.69269e-08 1.05169e-06 -1.50094e-06 -4.99927e-07 7.66282e-06 -1.42466e-06 -3.86435e-06 1.86783e-06 -1.06132e-06 -4.73882e-06 -2.06587e-06 5.0743e-06 -4.96381e-06 1.97e-06 -8.31181e-06 2.29035e-06
internal_weight=23487 21974 15853 14536 6121 13329 7656 5673 3807 2379 6223 4439 3737 2552 2048 2486
internal_count=23487 21974 15853 14536 6121 13329 7656 5673 3807 2379 6223 4439 3737 2552 2048 2486
is_linear=0
shrinkage=0.0187118


Tree=62
num_leaves=19
num_cat=0
split_feature=20 31 19 20 19 20 19 31 20 55 55 19 54 48 53 31 31 49
split_gain=0.00231744 0.00119767 0.000883319 0.000686635 0.000466305 0.000464606 0.000418198 0.000326325 0.000323182 0.00028726 0.000249675 0.000240141 0.000149469 0.000139715 0.000128387 0.000124192 0.000306657 6.90216e-05
threshold=2.6568921232876721 24.500000000000004 0.034013612733932781 0.72353976995991165 0.04361651913038856 16.606451612903232 -0.26719045325551954 117.50000000000001 0.070194107222709898 39710.000000000007 39710.000000000007 -0.86858127919614947 0.87146255782622817 56.128452423010103 41.335303101057626 123.50000000000001 202.50000000000003 33.692346825137186
decision_type=2 2 2 2 2 2 2 2 2 2 2 2 2 2 2 2 2 2
left_child=1 -1 5 6 7 9 -3 -5 -8 14 15 -9 -12 -6 -2 -10 -17 -13
right_child=2 3 -4 4 13 -7 8 11 10 -11 12 17 -14 -15 -16 16 -18 -19
leaf_value=-2.0580908493815729e-05 3.5501611607615648e-06 -1.6065437931717646e-05 2.6102965019098419e-05 6.1363350994113569e-06 4.4965465034714211e-06 1.8204961209640342e-05 -1.3484195908333979e-05 -1.1297714697036132e-05 -1.3218484268717527e-06 -3.3750122088837337e-06 -1.7729056962473003e-06 2.5023064489255286e-06 7.5448753978443394e-06 1.2845483819418815e-05 1.2376172936968646e-05 -1.3154496706302953e-05 1.4770427910766426e-07 -4.1705191302108441e-06
leaf_weight=1299 1220 1133 1036 1426 1581 1006 1064 1191 1785 1261 1347 1083 1091 1262 1095 1500 1019 1088
leaf_count=1299 1220 1133 1036 1426 1581 1006 1064 1191 1785 1261 1347 1083 1091 1262 1095 1500 1019 1088
internal_value=1.66102e-08 -3.27908e-06 1.04991e-05 -1.92271e-06 2.19989e-06 6.97106e-06 -5.44208e-06 -1.36439e-06 -3.90015e-06 3.81074e-06 -2.38763e-06 -4.54584e-06 2.39678e-06 8.20262e-06 7.72488e-06 -5.09775e-06 -7.77341e-06 -8.41789e-07
internal_weight=23487 17869 5618 16570 7631 4582 8939 4788 7806 3576 6742 3362 2438 2843 2315 4304 2519 2171
internal_count=23487 17869 5618 16570 7631 4582 8939 4788 7806 3576 6742 3362 2438 2843 2315 4304 2519 2171
is_linear=0
shrinkage=0.0187118


Tree=63
num_leaves=19
num_cat=0
split_feature=20 20 31 19 20 20 31 19 19 19 31 20 4 31 20 20 0 49
split_gain=0.00214641 0.00095023 0.000916712 0.000855793 0.000800893 0.000695339 0.00042876 0.000355655 0.000335053 0.000329716 0.000253833 0.000186279 0.000216209 0.000195352 0.000182808 0.000124763 6.91352e-05 5.72894e-05
threshold=0.72353976995991165 18.017241379310349 23.500000000000004 0.031664368741388678 0.055327558657808432 2.0706476530005946 118.50000000000001 -0.26719045325551954 -0.86858127919614947 -0.090361400301832248 225.50000000000003 0.18526500638569607 -0.40479959296738083 129.50000000000003 2.8870581982460806 2.7312382739212011 38.500000000000007 33.692346825137186
decision_type=2 2 2 2 2 2 2 2 2 2 2 2 2 2 2 2 2 2
left_child=4 2 -2 6 -1 16 9 -6 15 -4 11 -9 13 -13 17 -8 -5 -10
right_child=1 -3 3 5 7 -7 8 10 14 -11 -12 12 -14 -15 -16 -17 -18 -19
leaf_value=-2.2345990266116378e-05 -1.3327040462364697e-05 2.1719978386940102e-05 1.3847012819457542e-05 4.4965703115537002e-06 -1.4087502663253627e-05 2.501819939482568e-05 -1.1441886911398181e-05 -1.0468946615604494e-05 2.2381208009122755e-06 3.2044102883027525e-07 4.7012138900044073e-06 3.8995218815814574e-06 -8.4397555260644218e-06 -5.7158502672660826e-06 8.7783511482174587e-06 -2.5664800572025509e-06 1.0618541504329121e-05 -3.8418728441458275e-06
leaf_weight=1039 1071 1055 1375 1537 1277 1057 1174 1565 1069 1166 1146 1796 1667 1258 1013 1051 1114 1102
leaf_count=1039 1071 1055 1375 1537 1277 1057 1174 1565 1069 1166 1146 1796 1667 1258 1013 1051 1114 1102
internal_value=-9.77118e-08 4.65469e-06 3.24029e-06 4.7623e-06 -6.81777e-06 1.21857e-05 1.29993e-06 -4.96522e-06 -1.67847e-06 7.64002e-06 -3.39779e-06 -4.87432e-06 -3.01971e-06 -6.12298e-08 2.2146e-06 -7.2495e-06 7.06914e-06 -8.48084e-07
internal_weight=23532 13784 12729 11658 9748 3708 7950 8709 5409 2541 7432 6286 4721 3054 3184 2225 2651 2171
internal_count=23532 13784 12729 11658 9748 3708 7950 8709 5409 2541 7432 6286 4721 3054 3184 2225 2651 2171
is_linear=0
shrinkage=0.0187118


Tree=64
num_leaves=18
num_cat=0
split_feature=20 20 20 24 52 55 16 55 48 51 48 25 16 12 2 52 18
split_gain=0.00206684 0.000931606 0.000771201 0.00050844 0.000342034 0.000330778 0.00032665 0.000252691 0.000211913 0.000175835 0.000133696 0.000121072 9.50295e-05 9.24974e-05 7.08038e-05 5.30749e-05 4.26462e-05
threshold=0.72353976995991165 6.575187969924813 0.055327558657808432 -5000.7499999999991 0.32242932479907177 11128.500000000002 0.54605263157894746 31479.000000000004 74.657880795004289 49.999999999997463 71.503786543339615 -0.65986974327972403 0.48966165413533841 -0.48950381679389304 -0.016886436570314998 0.16771774418257981 -0.15225015312453413
decision_type=2 2 2 10 2 2 2 2 2 2 2 2 2 8 2 2 10
left_child=2 3 -1 -2 7 -3 8 10 11 -8 13 15 -9 -4 -13 -5 -16
right_child=1 5 4 6 -6 -7 9 12 -10 -11 -12 14 -14 -15 16 -17 -18
leaf_value=-2.1927856130366106e-05 -9.5034546974673649e-06 2.189908020458973e-05 -1.2634413555086558e-05 -1.1378778754731476e-06 -1.4207169167555514e-05 8.7667249082102891e-06 4.3650599654927642e-06 -2.7024320140099696e-06 7.8683331333718893e-06 1.3084399177636157e-05 -1.7990397569711223e-06 5.5730373878165313e-06 3.5210581079911452e-06 -5.7040548920112024e-06 2.3607312415365664e-06 -7.2117907448594441e-06 -2.8735925040819651e-06
leaf_weight=1039 1174 1161 1272 1016 1187 1593 1764 1758 1309 1497 1377 1091 1680 1435 1086 999 1094
leaf_count=1039 1174 1161 1272 1016 1187 1593 1764 1758 1309 1497 1377 1091 1680 1435 1086 999 1094
internal_value=-9.58835e-08 4.56759e-06 -6.6902e-06 2.13685e-06 -4.87231e-06 1.43029e-05 3.52339e-06 -3.39924e-06 1.12801e-06 8.36777e-06 -6.54593e-06 -5.41134e-07 3.38714e-07 -8.96058e-06 1.68151e-06 -4.14921e-06 -2.66034e-07
internal_weight=23532 13784 9748 11030 8709 2754 9856 7522 6595 3261 4084 5286 3438 2707 3271 2015 2180
internal_count=23532 13784 9748 11030 8709 2754 9856 7522 6595 3261 4084 5286 3438 2707 3271 2015 2180
is_linear=0
shrinkage=0.0187118


Tree=65
num_leaves=18
num_cat=0
split_feature=20 20 19 20 19 26 55 20 37 54 0 52 19 24 19 20 0
split_gain=0.00199021 0.000897069 0.000768823 0.00074261 0.000339372 0.000324242 0.000318515 0.000269652 0.000226294 0.000138754 0.000271311 0.000186737 0.000109633 8.90368e-05 7.11951e-05 5.63926e-05 3.61374e-05
threshold=0.72353976995991165 6.575187969924813 0.027249287750612087 0.055327558657808432 -0.26719045325551954 -0.0071597399377621189 11128.500000000002 2.0706476530005946 -0.0016220610831632063 1.4079828007794233 12.500000000000002 0.16771774418257981 0.24047916453992005 5.329070518200752e-11 0.37181013041414351 0.40360671477684523 16.500000000000004
decision_type=2 2 2 2 2 10 2 2 2 2 2 2 2 10 2 2 2
left_child=3 2 5 -1 -5 -2 -3 14 -7 11 -11 15 -12 16 -4 -6 -10
right_child=1 6 7 4 9 8 -8 -9 13 10 12 -13 -14 -15 -16 -17 -18
leaf_value=-2.1517546211733294e-05 -8.7525868889781644e-06 2.1489308650971853e-05 3.0148627496336531e-06 -1.3692158729295016e-05 -4.9403346904477503e-06 8.0986188802573961e-06 8.6026835707673832e-06 1.6713679432505683e-05 -1.5500591693890573e-06 -7.5759675653098869e-06 -7.433856139206587e-07 -9.9878913173886021e-06 7.4663531453192441e-06 2.6252017579846836e-06 9.0295661273293835e-06 1.2612537378739731e-06 -5.8462088881982498e-06
leaf_weight=1039 1671 1161 1528 1277 1012 1136 1593 1088 1883 1247 1162 1852 1117 1391 1255 1042 1078
leaf_count=1039 1671 1161 1528 1277 1012 1136 1593 1088 1883 1247 1162 1852 1117 1391 1255 1042 1078
internal_value=-9.40893e-08 4.48212e-06 2.09687e-06 -6.56501e-06 -4.78114e-06 -1.53581e-06 1.40353e-05 8.81511e-06 6.61572e-07 -3.25001e-06 -5.59027e-07 -5.6792e-06 3.28043e-06 -1.27971e-06 5.72721e-06 -1.79425e-06 -3.11414e-06
internal_weight=23532 13784 11030 9748 8709 7159 2754 3871 5488 7432 3526 3906 2279 4352 2783 2054 2961
internal_count=23532 13784 11030 9748 8709 7159 2754 3871 5488 7432 3526 3906 2279 4352 2783 2054 2961
is_linear=0
shrinkage=0.0187118


Tree=66
num_leaves=18
num_cat=0
split_feature=20 20 31 31 52 19 7 48 31 31 16 45 31 53 19 20 1
split_gain=0.00191643 0.000876467 0.000881781 0.000812507 0.000722048 0.000550978 0.000533144 0.000428774 0.000358474 0.000279792 0.000274171 0.00022344 0.000172422 0.000134257 0.000107203 0.000105118 3.1524e-05
threshold=0.72353976995991165 18.017241379310349 23.500000000000004 125.50000000000001 0.210029832092993 -0.86858127919614947 0.11605599723470446 72.42337695261385 200.50000000000003 121.50000000000001 0.51033834586466176 -0.0018467236428371667 83.500000000000014 44.679932647624682 -0.02650673924359381 2.7312382739212011 62.981191450798946
decision_type=2 2 2 2 2 2 8 2 2 2 2 2 2 2 2 2 2
left_child=4 2 -2 7 8 15 -6 10 9 12 -4 -7 -1 -11 -13 -5 -16
right_child=1 -3 3 5 6 11 -8 -9 -10 13 -12 14 -14 -15 16 -17 -18
leaf_value=-5.9829893040390858e-06 -1.320875406779565e-05 2.078780080537392e-05 2.451040099582434e-06 -1.111474260823315e-05 -2.5184381376287167e-05 1.1505271968312206e-05 -8.3285841331578312e-06 2.1122305433339118e-05 4.7736141297031782e-06 -1.552640564491188e-05 1.3122125581426684e-05 -1.1954085555641193e-06 2.9479506614776351e-06 -6.4123929244221976e-06 7.3533749450536577e-06 -2.9043783702213176e-06 2.6561099750718396e-06
leaf_weight=1587 1071 1055 1766 1141 1021 1103 1843 1073 1547 1001 1613 1914 1447 1302 998 1047 1003
leaf_count=1587 1071 1055 1766 1141 1021 1103 1843 1073 1547 1001 1613 1914 1447 1302 998 1047 1003
internal_value=-9.23287e-08 4.39826e-06 3.03986e-06 4.5326e-06 -6.44217e-06 6.4977e-07 -1.43376e-05 1.08173e-05 -3.15738e-06 -5.45628e-06 7.54499e-06 4.06637e-06 -1.72357e-06 -1.03738e-05 1.97056e-06 -7.18593e-06 4.99888e-06
internal_weight=23532 13784 12729 11658 9748 7206 2864 4452 6884 5337 3379 5018 3034 2303 3915 2188 2001
internal_count=23532 13784 12729 11658 9748 7206 2864 4452 6884 5337 3379 5018 3034 2303 3915 2188 2001
is_linear=0
shrinkage=0.0187118


Tree=67
num_leaves=18
num_cat=0
split_feature=20 20 20 24 52 55 16 55 48 27 30 1 25 27 2 52 18
split_gain=0.00184538 0.000849769 0.000710498 0.000471598 0.000315157 0.000307201 0.000299198 0.000238958 0.000196028 0.000175464 0.000139142 0.000121464 0.000110888 0.000101696 6.72147e-05 5.08084e-05 4.09175e-05
threshold=0.72353976995991165 6.575187969924813 0.055327558657808432 -5000.7499999999991 0.32242932479907177 11128.500000000002 0.54605263157894746 39710.000000000007 74.657880795004289 4.1131535823322602 18.500000000000004 81.406772596776932 -0.65986974327972403 -18.839118343178335 -0.016886436570314998 0.16771774418257981 -0.15225015312453413
decision_type=2 2 2 10 2 2 2 2 2 10 2 2 2 10 2 2 10
left_child=2 3 -1 -2 7 -3 8 10 12 -8 11 -4 15 -9 -14 -5 -16
right_child=1 5 4 6 -6 -7 9 13 -10 -11 -12 -13 14 -15 16 -17 -18
leaf_value=-2.094730077483737e-05 -9.2162065565450949e-06 2.0934281192075836e-05 -3.9260537590298571e-06 -1.0747567755403336e-06 -1.3537335462950927e-05 8.2786139178976205e-06 1.2418511188986926e-05 5.4346382983983624e-06 7.5200606635597977e-06 3.7348056247052886e-06 -4.6100426561623157e-08 -1.0804027187090854e-05 5.3506337968346987e-06 -1.8362571193038206e-06 2.2344577290452568e-06 -7.0175658777262191e-06 -2.8926810938578015e-06
leaf_weight=1039 1174 1161 1722 1016 1187 1593 1589 1159 1309 1672 1152 1881 1091 1608 1086 999 1094
leaf_count=1039 1174 1161 1722 1016 1187 1593 1589 1159 1309 1672 1152 1881 1091 1608 1086 999 1094
internal_value=-9.06011e-08 4.31596e-06 -6.32162e-06 1.99443e-06 -4.57675e-06 1.36138e-05 3.32979e-06 -3.16274e-06 1.03727e-06 7.96615e-06 -5.70687e-06 -7.5168e-06 -5.68092e-07 1.20927e-06 1.55902e-06 -4.02109e-06 -3.38518e-07
internal_weight=23532 13784 9748 11030 8709 2754 9856 7522 6595 3261 4755 3603 5286 2767 3271 2015 2180
internal_count=23532 13784 9748 11030 8709 2754 9856 7522 6595 3261 4755 3603 5286 2767 3271 2015 2180
is_linear=0
shrinkage=0.0187118


Tree=68
num_leaves=19
num_cat=0
split_feature=16 37 4 4 31 31 29 4 31 31 1 1 4 1 28 52 31 16
split_gain=0.000923348 0.0004854 0.000465946 0.000293456 0.000297391 0.000308496 0.000304589 0.000234232 0.000223273 0.000194877 0.000211836 0.000162256 0.000160359 0.000152727 0.000130818 0.000126969 6.97396e-05 5.66517e-05
threshold=0.4953007518796993 0.0031771267065384694 -0.031693425292554686 -0.78555175532817001 129.50000000000003 84.500000000000014 12.500000000000002 -0.71448357736446366 198.50000000000003 122.50000000000001 155.73442750757491 156.34276651146243 -0.32201509412629314 81.406772596776932 0.33112582781459315 0.17072890755403744 197.50000000000003 0.54981203007518809
decision_type=2 2 2 2 2 2 2 2 2 2 2 2 2 2 2 2 2 2
left_child=1 7 3 -2 5 6 -5 -1 12 11 14 15 -6 -4 -11 -9 -12 -10
right_child=2 -3 13 4 8 -7 -8 9 17 10 16 -13 -14 -15 -16 -17 -18 -19
leaf_value=-1.0087213406596424e-05 -7.8040712687423523e-06 -1.6087784725799078e-05 6.2569046482120116e-06 8.2927687559282658e-06 -9.5861179894861481e-06 1.3127219427369373e-05 -4.9344591752563924e-06 2.5887595028494829e-06 1.2578809708048063e-06 2.2604103799445765e-06 -1.2117733072668509e-05 7.0068475939531981e-06 -2.4532951199626836e-07 1.6355561252449787e-05 -5.5420461389177567e-06 -5.7407117622934478e-06 -5.2235519009224179e-06 7.2109112110165366e-06
leaf_weight=1309 998 1042 1007 1401 1030 1575 1079 1433 1128 1846 1024 1280 1715 1094 1270 1159 1031 1111
leaf_count=1309 998 1042 1007 1401 1030 1575 1079 1433 1128 1846 1024 1280 1715 1094 1270 1159 1031 1111
internal_value=-8.89058e-08 -3.91455e-06 3.50225e-06 1.8249e-06 2.88804e-06 6.65087e-06 2.53786e-06 -2.68923e-06 -1.734e-07 -1.61835e-06 -3.99531e-06 1.55604e-06 -3.75025e-06 1.15153e-05 -9.19666e-07 -1.13572e-06 -8.6589e-06 4.2118e-06
internal_weight=23532 11394 12138 10037 9039 4055 2480 10352 4984 9043 5171 3872 2745 2101 3116 2592 2055 2239
internal_count=23532 11394 12138 10037 9039 4055 2480 10352 4984 9043 5171 3872 2745 2101 3116 2592 2055 2239
is_linear=0
shrinkage=0.0187118


Tree=69
num_leaves=19
num_cat=0
split_feature=20 31 31 20 31 52 36 31 20 31 30 30 4 20 30 31 55 31
split_gain=0.00175622 0.000912586 0.000718211 0.000675923 0.000463049 0.000463674 0.000393787 0.000291317 0.000435141 0.000387943 0.000231385 0.000181503 0.000150413 0.000212142 0.000126296 0.00012306 0.000118627 0.000105201
threshold=1.3887119603680118 22.500000000000004 179.50000000000003 11.162280701754389 34.500000000000007 0.21176826070987798 0.0013522656621439701 202.50000000000003 0.18526500638569607 123.50000000000001 17.500000000000004 17.500000000000004 -0.32201509412629314 0.46652661064425777 17.500000000000004 220.50000000000003 18080.500000000004 85.500000000000014
decision_type=2 2 2 2 2 2 2 2 2 2 2 2 2 2 2 2 2 2
left_child=1 -1 3 4 -2 17 7 8 -3 12 -11 15 13 -10 -9 -4 -8 -6
right_child=2 6 11 -5 5 -7 16 14 9 10 -12 -13 -14 -15 -16 -17 -18 -19
leaf_value=-2.1105773677144332e-05 -3.8893911658510517e-06 -1.2084577110110632e-05 7.6773344331823605e-07 2.4071260143631463e-05 1.5749276720539056e-06 2.0569711829009029e-05 -1.3827180289066731e-05 -5.4147539850181031e-07 8.1512998631180741e-07 -1.1186638179873177e-05 -1.1763368061685955e-06 4.4783461689215241e-06 -1.9277823040775316e-06 1.2234579955921054e-05 8.152074603349383e-06 -8.2954898813393524e-06 -5.2106217771838369e-06 9.1616496238767416e-06
leaf_weight=1045 1020 1534 1012 1020 1071 1096 1265 1041 1238 1482 1779 1571 1285 1055 1336 1089 1003 1590
leaf_count=1045 1020 1534 1012 1020 1071 1096 1265 1041 1238 1482 1779 1571 1285 1055 1336 1089 1003 1590
internal_value=-8.72422e-08 -4.28183e-06 6.14239e-06 1.02439e-05 7.2914e-06 1.03269e-05 -2.93131e-06 -1.43648e-06 -3.07771e-06 -1.05745e-06 -5.72564e-06 -3.32613e-07 3.19715e-06 6.06917e-06 4.34476e-06 -3.92996e-06 -1.00166e-05 6.10814e-06
internal_weight=23532 14063 9469 5797 4777 3757 13018 10750 8373 6839 3261 3672 3578 2293 2377 2101 2268 2661
internal_count=23532 14063 9469 5797 4777 3757 13018 10750 8373 6839 3261 3672 3578 2293 2377 2101 2268 2661
is_linear=0
shrinkage=0.0187118


Tree=70
num_leaves=19
num_cat=0
split_feature=16 39 16 13 52 37 7 19 26 27 27 18 10 2 13 15 54 53
split_gain=0.000932648 0.000528282 0.000276302 0.000202957 0.000199444 0.000164357 0.000110627 0.000160878 9.38557e-05 9.22466e-05 7.42392e-05 6.85027e-05 6.48487e-05 6.04191e-05 4.73604e-05 4.0948e-05 3.44792e-05 2.80375e-05
threshold=0.4953007518796993 0.0031662277946346022 0.86748120300751885 -0.49594529712447183 0.23360244510311348 0.0020040080160320666 0.067195241387256618 0.37181013041414351 -0.0056406164785807334 44.236323421316392 8.6272330700626298 -0.024938316575599754 -1.459586466165413 -1.0000000180025095e-35 -0.045845788805524014 0.041531351171445581 -2.3995209823588541 45.57018122587791
decision_type=2 2 2 10 2 2 8 2 10 8 8 10 2 2 10 10 2 2
left_child=1 5 3 -2 10 8 -5 9 11 13 -4 15 14 -8 -10 -1 -17 -14
right_child=2 -3 4 6 -6 -7 7 -9 12 -11 -12 -13 17 -15 -16 16 -18 -19
leaf_value=-5.3446349329991513e-06 -5.9920551373230228e-06 -1.5263607654754117e-05 8.601375163568964e-06 -2.5531085340421784e-06 1.5143175612618837e-05 -9.5927536475329023e-06 2.9016215717967487e-06 8.3390496657783692e-06 -8.6100151631742135e-08 5.4086702555622264e-06 1.5975926304606069e-06 -7.9354042679330328e-06 -3.9512434241109871e-06 -2.3551931070220813e-06 5.277550421500154e-06 -3.1419485244790194e-06 1.404413532242889e-06 1.6981926077637381e-07
leaf_weight=1110 1021 1278 1046 1127 1014 1027 1394 1934 1255 1732 1074 1005 1249 1698 1066 1229 1113 1076
leaf_count=1110 1021 1278 1046 1127 1014 1027 1394 1934 1255 1732 1074 1005 1249 1698 1066 1229 1113 1076
internal_value=-9.31896e-08 -3.927e-06 3.53938e-06 1.85785e-06 8.31782e-06 -2.49677e-06 2.87431e-06 3.77941e-06 -1.6962e-06 1.9514e-06 5.05323e-06 -3.63607e-06 1.64751e-07 1.4793e-08 2.37734e-06 -2.38438e-06 -9.81358e-07 -2.04403e-06
internal_weight=23448 11408 12040 8906 3134 10130 7885 6758 9103 4824 2120 4457 4646 3092 2321 3452 2342 2325
internal_count=23448 11408 12040 8906 3134 10130 7885 6758 9103 4824 2120 4457 4646 3092 2321 3452 2342 2325
is_linear=0
shrinkage=0.0187118


Tree=71
num_leaves=17
num_cat=0
split_feature=25 4 4 25 16 50 31 31 1 50 4 55 13 18 2 16
split_gain=0.000925851 0.000513078 0.000420976 0.000354402 0.000337677 0.000247504 0.00015232 0.000264843 0.00021181 0.000143931 0.00013689 0.000112446 9.99101e-05 9.7749e-05 8.07329e-05 8.34555e-05
threshold=-0.50262329198501032 -0.6947467352592005 -0.0040773927299451625 -0.98736591853288225 0.54605263157894746 66.666666666666458 104.50000000000001 63.500000000000007 269.43454673687347 49.999999999997357 -0.12703516309570917 9133.0000000000018 -0.053619118466922348 -0.19811008480294443 -0.26822482674377596 0.47086466165413537
decision_type=2 2 2 2 2 2 2 2 2 2 2 2 10 10 2 2
left_child=3 -2 4 9 6 13 7 -3 12 -1 11 -11 -8 -6 -13 -16
right_child=1 2 -4 -5 5 -7 8 -9 -10 10 -12 14 -14 -15 15 -17
leaf_value=-7.3702582914438037e-06 -7.2922643240738132e-06 -8.7063664452849606e-07 1.5773544986625645e-05 -1.2765815887554058e-05 7.3654045970597525e-06 1.4329099807883656e-05 -1.7952761907377725e-06 1.1554512648285008e-05 -6.7314241458774341e-06 -8.2492577171180762e-06 3.8328057269530431e-06 2.6971397512998889e-06 5.3819757166415409e-06 1.0955514366110705e-06 -7.3698421606987012e-06 -4.9035937870021183e-08
leaf_weight=1986 1536 1463 1006 1577 1907 1206 1402 1019 1705 1108 1293 1130 1317 1602 1021 1170
leaf_count=1986 1536 1463 1006 1577 1907 1206 1402 1019 1705 1108 1293 1130 1317 1602 1021 1170
internal_value=-9.14458e-08 2.91911e-06 4.16127e-06 -4.68364e-06 3.15602e-06 7.01629e-06 5.20462e-07 4.23058e-06 -1.56103e-06 -3.03009e-06 -1.52369e-06 -3.08747e-06 1.68116e-06 4.50296e-06 -1.36532e-06 -3.46051e-06
internal_weight=23448 14163 12627 9285 11621 4715 6906 2482 4424 7708 5722 4429 2719 3509 3321 2191
internal_count=23448 14163 12627 9285 11621 4715 6906 2482 4424 7708 5722 4429 2719 3509 3321 2191
is_linear=0
shrinkage=0.0187118


Tree=72
num_leaves=20
num_cat=0
split_feature=20 31 31 1 36 20 20 31 31 30 30 31 1 20 16 20 31 27 0
split_gain=0.00173926 0.000938438 0.000739943 0.000573749 0.000487343 0.000370216 0.000313409 0.000297947 0.000367535 0.000345333 0.00027669 0.000236086 0.000225895 0.000220661 0.000127637 0.000108747 9.82074e-05 9.09294e-05 2.77936e-05
threshold=2.4353400222965447 20.500000000000004 192.50000000000003 61.403197110367721 0.002010052281560815 0.26080727544537191 6.575187969924813 126.50000000000001 86.500000000000014 17.500000000000004 18.500000000000004 150.50000000000003 257.7343483081637 0.78156090022215785 0.50093984962406024 0.1260686883449032 191.50000000000003 4.1131535823322602 18.500000000000004
decision_type=2 2 2 2 2 2 2 2 2 2 2 2 2 2 2 2 2 10 2
left_child=1 -1 3 -2 5 11 -5 8 9 -7 12 15 13 -9 -4 -3 -12 -15 -10
right_child=2 4 14 6 -6 7 -8 10 18 -11 16 -13 -14 17 -16 -17 -18 -19 -20
leaf_value=-1.9965205838191265e-05 5.3975365003976543e-06 -1.3931862614882281e-05 -5.1399018239824202e-06 1.3236840774023543e-05 -1.3431927214359687e-05 5.7476083333112011e-06 2.7475806703908098e-05 -6.7637428629610825e-06 8.0563727259804293e-06 -7.9793683912322425e-06 -1.878822825997736e-08 8.5643782972204664e-07 -1.0011287635259123e-05 6.3148548834587211e-06 4.2028716839472064e-06 -5.6339120961683294e-06 8.1940796516398385e-06 -1.4363260652610978e-06 1.2481353415173941e-05
leaf_weight=1080 1750 1190 1030 1177 1201 1427 1002 1633 994 1166 1041 1004 1589 1046 1018 1033 999 1074 994
leaf_count=1080 1750 1190 1030 1177 1201 1427 1002 1633 994 1166 1041 1004 1589 1046 1018 1033 999 1074 994
internal_value=-8.97347e-08 -3.0705e-06 8.62316e-06 1.33765e-05 -1.95731e-06 -1.05007e-06 1.97845e-05 4.67133e-07 4.21576e-06 -4.2503e-07 -1.85913e-06 -6.67458e-06 -4.09779e-06 -1.59405e-06 -4.95885e-07 -1.00759e-05 4.0031e-06 2.38808e-06 1.02689e-05
internal_weight=23448 17471 5977 3929 16391 15190 2179 11963 4581 2593 7382 3227 5342 3753 2048 2223 2040 2120 1988
internal_count=23448 17471 5977 3929 16391 15190 2179 11963 4581 2593 7382 3227 5342 3753 2048 2223 2040 2120 1988
is_linear=0
shrinkage=0.0187118


Tree=73
num_leaves=20
num_cat=0
split_feature=20 31 31 1 36 20 31 31 30 30 31 1 20 20 27 20 31 27 51
split_gain=0.00167478 0.000903646 0.000712511 0.000554896 0.000469276 0.000356491 0.000286901 0.000353909 0.00033253 0.000266432 0.000227333 0.00021752 0.000212481 0.000166144 0.000125507 0.000104715 9.45665e-05 8.75583e-05 4.37184e-05
threshold=2.4353400222965447 20.500000000000004 192.50000000000003 81.406772596776932 0.002010052281560815 0.26080727544537191 126.50000000000001 86.500000000000014 17.500000000000004 18.500000000000004 150.50000000000003 257.7343483081637 0.78156090022215785 6.0555984555984566 257.03020516170153 0.1260686883449032 191.50000000000003 4.1131535823322602 55.555555555554612
decision_type=2 2 2 2 2 2 2 2 2 2 2 2 2 2 10 2 2 10 2
left_child=1 -1 3 13 5 10 7 8 -7 11 15 12 -8 -2 -4 -3 -11 -14 -9
right_child=2 4 14 -5 -6 6 9 18 -10 16 -12 -13 17 -15 -16 -17 -18 -19 -20
leaf_value=-1.9591620577438554e-05 1.4798900056935466e-06 -1.3671172096023267e-05 4.168249220394916e-06 2.0665049979738643e-05 -1.3180591509386271e-05 5.6400600952655044e-06 -6.6371809961597943e-06 7.3018579526838642e-06 -7.8300599201865371e-06 -1.8436602105216501e-08 8.4041228821770444e-07 -9.8239583226473226e-06 6.1966925208201798e-06 1.2009768183458048e-05 -5.0962275677969565e-06 -5.5284914320699073e-06 8.0407535344044544e-06 -1.4094497880220908e-06 1.2851570009272353e-05
leaf_weight=1080 1086 1190 1019 1828 1201 1427 1633 994 1166 1041 1004 1589 1046 1015 1029 1033 999 1074 994
leaf_count=1080 1086 1190 1019 1828 1201 1427 1633 994 1166 1041 1004 1589 1046 1015 1029 1033 999 1074 994
internal_value=-8.80556e-08 -3.01305e-06 8.46181e-06 1.31262e-05 -1.92069e-06 -1.03042e-06 4.58392e-07 4.13688e-06 -4.17077e-07 -1.82434e-06 -6.54969e-06 -4.02112e-06 -1.56422e-06 6.56691e-06 -4.86606e-07 -9.88737e-06 3.92819e-06 2.34339e-06 1.00767e-05
internal_weight=23448 17471 5977 3929 16391 15190 11963 4581 2593 7382 3227 5342 3753 2101 2048 2223 2040 2120 1988
internal_count=23448 17471 5977 3929 16391 15190 11963 4581 2593 7382 3227 5342 3753 2101 2048 2223 2040 2120 1988
is_linear=0
shrinkage=0.0187118


Tree=74
num_leaves=17
num_cat=0
split_feature=25 52 4 4 19 31 17 50 7 0 52 55 47 1 19 3
split_gain=0.000855001 0.00057064 0.000472609 0.000377011 0.000280367 0.000238171 0.000213114 0.000161137 0.000143049 0.000120497 0.000159347 0.000117508 9.29759e-05 7.18288e-05 6.21243e-05 2.99592e-05
threshold=-0.50262329198501032 0.30898654311297541 -0.0040773927299451625 -0.6947467352592005 0.04361651913038856 126.50000000000001 -0.21827733243614872 49.999999999997357 0.74846612512962329 22.500000000000004 0.17603552868338787 15084.000000000002 -47.619047619066713 61.552546248755512 0.12858018487483494 -0.01956889608693314
decision_type=2 2 2 2 2 2 10 2 8 2 2 2 2 2 2 2
left_child=1 7 3 -2 6 -6 13 15 11 10 -8 -9 -7 -5 -13 -1
right_child=2 -3 -4 4 5 12 9 8 -10 -11 -12 14 -14 -15 -16 -17
leaf_value=-4.5986002316471526e-06 -6.8509589681392653e-06 -1.4361863829549826e-05 1.5168094953410944e-05 -7.5332521258172388e-06 1.1802918299880117e-05 7.3542606805936546e-06 2.1688918982822857e-06 -6.7529719028818633e-06 5.0169491408467688e-06 -5.7237698352718638e-07 1.1321458112160678e-05 -2.5520924703321327e-06 -2.8795124040159851e-08 -1.0300435247865108e-06 2.8600614217563336e-06 -9.1927311640355018e-06
leaf_weight=994 1536 1682 1006 1017 1874 1004 1849 1393 1205 1930 1041 1696 1474 1432 1321 994
leaf_count=994 1536 1682 1006 1017 1874 1004 1849 1393 1205 1930 1041 1696 1474 1432 1321 994
internal_value=-8.64079e-08 -4.4994e-06 2.80667e-06 1.8615e-06 3.01306e-06 6.76928e-06 7.64189e-07 -2.31754e-06 -6.96647e-07 3.04797e-06 5.46572e-06 -2.25785e-06 2.96256e-06 -3.73064e-06 -1.82368e-07 -6.89567e-06
internal_weight=23448 9285 14163 13157 11621 4352 7269 7603 5615 4820 2890 4410 2478 2449 3017 1988
internal_count=23448 9285 14163 13157 11621 4352 7269 7603 5615 4820 2890 4410 2478 2449 3017 1988
is_linear=0
shrinkage=0.0187118


Tree=75
num_leaves=19
num_cat=0
split_feature=20 35 31 1 38 20 19 31 20 31 31 19 1 16 19 27 20 19
split_gain=0.001586 0.00092497 0.000683786 0.000530799 0.00045144 0.000306837 0.000405285 0.000372646 0.000300008 0.000240651 0.000236522 0.000305317 0.000221616 0.000165544 0.000130647 0.000115296 8.47399e-05 6.10955e-05
threshold=2.4353400222965447 1.0000000180025095e-35 192.50000000000003 61.403197110367721 0.0033643643360402602 0.46652661064425777 0.14503404644183251 202.50000000000003 6.575187969924813 123.50000000000001 113.50000000000001 -0.86858127919614947 256.43352483275322 0.48684210526315791 -0.95523301517187054 42.400887282568782 1.4561469780219782 0.010449544553562619
decision_type=2 2 2 2 2 2 2 2 2 2 2 2 2 2 2 10 2 2
left_child=1 4 3 -2 5 7 10 9 -5 13 15 -12 -8 -1 -4 -7 17 -13
right_child=2 -3 14 8 -6 6 12 -9 -10 -11 11 16 -14 -15 -16 -17 -18 -19
leaf_value=-8.3093859657931136e-06 5.130277230298311e-06 -2.0123836991730668e-05 -5.3974189043096652e-06 1.2562130107686951e-05 -1.3742221077156991e-05 -2.5040989961157863e-07 1.1653717315885255e-05 4.4825374029868279e-06 2.6493348173634511e-05 -1.2957574988393705e-05 -1.2044127445760876e-05 -6.372830277410195e-06 6.9300990779566762e-07 7.2932583260560341e-07 4.0587779332337179e-06 8.1956751883177978e-06 2.6098565062547907e-06 -1.7965508626923281e-07
leaf_weight=1429 1750 1031 994 1177 1047 1250 1581 1256 1002 1567 1172 1124 1092 1409 1054 1034 1372 1107
leaf_count=1429 1750 1031 994 1177 1047 1250 1581 1256 1002 1567 1172 1124 1092 1409 1054 1034 1372 1107
internal_value=-8.47911e-08 -2.9312e-06 8.23538e-06 1.28048e-05 -1.853e-06 -1.04432e-06 9.70579e-07 -4.5082e-06 1.89683e-05 -7.07174e-06 -1.37918e-06 -3.74805e-06 7.17594e-06 -3.82188e-06 -5.30801e-07 3.57325e-06 -1.04946e-06 -3.29984e-06
internal_weight=23448 17471 5977 3929 16440 15393 9732 5661 2179 4405 7059 4775 2673 2838 2048 2284 3603 2231
internal_count=23448 17471 5977 3929 16440 15393 9732 5661 2179 4405 7059 4775 2673 2838 2048 2284 3603 2231
is_linear=0
shrinkage=0.0187118


Tree=76
num_leaves=17
num_cat=0
split_feature=20 31 31 1 38 20 19 31 1 31 31 19 16 31 30 20
split_gain=0.00152733 0.000933538 0.000674953 0.000568869 0.00046571 0.000307252 0.000422912 0.000355885 0.000240532 0.000235363 0.000227918 0.000306456 0.000160258 0.000114808 0.000105106 8.91342e-05
threshold=2.6568921232876721 18.500000000000004 192.50000000000003 81.406772596776932 0.0033643643360402602 0.46652661064425777 0.1498881560388661 202.50000000000003 256.43352483275322 123.50000000000001 113.50000000000001 -0.86858127919614947 0.48684210526315791 64.500000000000014 17.500000000000004 1.1949635730123538
decision_type=2 2 2 2 2 2 2 2 2 2 2 2 2 2 2 2
left_child=1 -1 3 -2 5 7 10 9 -8 12 13 -12 -3 -7 15 -13
right_child=2 4 -4 -5 -6 6 8 -9 -10 -11 11 14 -14 -15 -16 -17
leaf_value=-2.0317598046430099e-05 6.2583033578138327e-06 -8.08412673277419e-06 -5.3822335110098421e-07 2.1000500380379989e-05 -1.3711849464512921e-05 -7.6936990538859266e-07 1.2010545585828831e-05 4.3986609946816452e-06 6.4078129589383436e-07 -1.2715115253358053e-05 -1.1503839799801907e-05 -7.6260242452265119e-06 7.7962979635478886e-07 7.4811588031065409e-06 2.6576748833874083e-06 9.2266656049535636e-08
leaf_weight=1001 1967 1441 1928 1716 1062 1135 1602 1256 1098 1567 1261 1013 1416 1231 1669 1085
leaf_count=1001 1967 1441 1928 1716 1062 1135 1602 1256 1098 1567 1261 1013 1416 1231 1669 1085
internal_value=-8.32045e-08 -2.76169e-06 8.43152e-06 1.31271e-05 -1.71788e-06 -9.10379e-07 1.04862e-06 -4.39175e-06 7.38684e-06 -6.8874e-06 -1.26585e-06 -3.51944e-06 -3.69103e-06 3.52328e-06 -8.46665e-07 -3.63444e-06
internal_weight=23448 17837 5611 3683 16836 15774 10094 5680 2700 4424 7394 5028 2857 2366 3767 2098
internal_count=23448 17837 5611 3683 16836 15774 10094 5680 2700 4424 7394 5028 2857 2366 3767 2098
is_linear=0
shrinkage=0.0187118


Tree=77
num_leaves=20
num_cat=0
split_feature=20 31 19 20 38 19 31 20 31 4 36 24 31 30 20 31 30 19 20
split_gain=0.00156293 0.000755807 0.000743501 0.000621867 0.000365641 0.000275718 0.000399812 0.000299404 0.000302486 0.000296164 0.00025692 0.000202662 0.000202511 0.000157408 0.000118587 0.000108092 0.000189044 0.000147083 4.10906e-05
threshold=1.3887119603680118 24.500000000000004 0.24047916453992005 18.017241379310349 0.0031562344346670605 -0.065723133600549474 119.50000000000001 0.47558265582655829 202.50000000000003 -0.40479959296738083 -0.0018083182640144522 -999.99999999996066 122.50000000000001 18.500000000000004 0.18526500638569607 172.50000000000003 17.500000000000004 -0.1320711995638035 0.7743476287724077
decision_type=2 2 2 2 2 2 2 2 2 2 2 10 2 2 2 2 2 2 2
left_child=1 -1 3 10 5 6 -3 8 12 -9 -2 -12 14 18 -7 16 -13 -17 -11
right_child=2 4 -4 -5 -6 7 -8 9 -10 13 11 15 -14 -15 -16 17 -18 -19 -20
leaf_value=-1.8906378993152052e-05 1.094421166018323e-05 -8.5791031561486515e-07 2.0926522360745109e-05 1.7839158434395838e-05 -1.2912887857224045e-05 -6.8229738890613745e-06 -1.5396845757817536e-05 1.2255783053852333e-05 4.74097921235008e-06 -4.9792471845353229e-06 -6.9200843140488438e-06 1.0074940432012224e-05 -1.1631323258688654e-05 6.2924855957513147e-06 2.0491863024513384e-06 -4.2707970023547931e-06 4.2095194384764231e-07 4.9760745650639921e-06 8.0060840464961974e-08
leaf_weight=1097 1005 1567 1021 1004 1128 1089 1147 998 1175 1018 1011 1272 1437 1157 1023 1526 1608 995 1255
leaf_count=1097 1005 1567 1021 1004 1128 1089 1147 998 1175 1018 1011 1272 1437 1157 1023 1526 1608 995 1255
internal_value=-4.41653e-08 -3.99154e-06 5.84679e-06 4.01846e-06 -2.73237e-06 -1.7646e-06 -7.00241e-06 -2.11339e-07 -3.48803e-06 3.28439e-06 2.14762e-06 7.68866e-07 -6.21249e-06 6.74055e-07 -2.52552e-06 2.20814e-06 4.6848e-06 -6.21198e-07 -2.18583e-06
internal_weight=23533 14091 9442 8421 12994 11866 2714 9152 4724 4428 7417 6412 3549 3430 2112 5401 2880 2521 2273
internal_count=23533 14091 9442 8421 12994 11866 2714 9152 4724 4428 7417 6412 3549 3430 2112 5401 2880 2521 2273
is_linear=0
shrinkage=0.0187118


Tree=78
num_leaves=19
num_cat=0
split_feature=4 24 31 30 31 30 29 31 15 31 52 30 30 55 4 31 24 31
split_gain=0.000769001 0.000539153 0.000372055 0.000340617 0.000326999 0.000417481 0.000313859 0.000313029 0.000262655 0.000208784 0.000204559 0.000192958 0.000211566 0.000141831 9.68503e-05 8.7977e-05 8.65143e-05 5.07709e-05
threshold=-0.83785120696478022 2.9999999999998583 123.50000000000001 18.500000000000004 86.500000000000014 17.500000000000004 11.500000000000002 101.50000000000001 0.030562494274702187 194.50000000000003 0.24870785137133392 16.500000000000004 17.500000000000004 9133.0000000000018 -0.1169441460794844 112.50000000000001 1000.999999999961 195.50000000000003
decision_type=2 10 2 2 2 2 2 2 8 2 2 2 2 2 2 2 10 2
left_child=-1 2 4 8 5 13 -7 -6 -4 -5 15 -10 14 -2 -13 -3 -17 -14
right_child=1 10 3 9 7 6 -8 -9 11 -11 -12 12 17 -15 -16 16 -18 -19
leaf_value=-1.3451863192677667e-05 4.5753987036343734e-07 8.0084239232883528e-06 -1.2899140029530771e-05 -2.5115595965446297e-06 1.6095565082483845e-05 1.709365380986879e-06 -1.0779942225996093e-05 2.2706938822275717e-06 1.287547552726499e-06 8.589244323831034e-06 1.3618096209668786e-05 -1.4266267559782105e-05 -4.5363333658815443e-06 9.0227847399834349e-06 -6.0795716338221837e-06 5.767387053838458e-06 -1.8023594805030248e-06 1.4144157124278713e-06
leaf_weight=1408 1251 1374 1268 1194 1003 1282 1564 1339 1962 1179 1087 1003 1005 1475 1021 1042 1073 1003
leaf_count=1408 1251 1374 1268 1194 1003 1282 1564 1339 1962 1179 1087 1003 1005 1475 1021 1042 1073 1003
internal_value=-4.33389e-08 8.09958e-07 -6.81623e-07 -3.15088e-06 2.3246e-06 -1.41318e-07 -5.15405e-06 8.19142e-06 -5.16202e-06 3.00376e-06 6.53019e-06 -3.52527e-06 -5.86723e-06 5.09207e-06 -1.01365e-05 4.32194e-06 1.92704e-06 -1.56392e-06
internal_weight=23533 22125 17549 9635 7914 5572 2846 2342 7262 2373 4576 5994 4032 2726 2024 3489 2115 2008
internal_count=23533 22125 17549 9635 7914 5572 2846 2342 7262 2373 4576 5994 4032 2726 2024 3489 2115 2008
is_linear=0
shrinkage=0.0187118


Tree=79
num_leaves=19
num_cat=0
split_feature=20 19 20 20 19 36 20 50 3 25 51 52 4 51 2 49 20 11
split_gain=0.00149947 0.000708961 0.000707772 0.000595989 0.000351504 0.000243592 0.000192969 0.00018122 0.000170575 0.000151745 0.000149562 0.000120597 0.000115481 0.000107368 8.47067e-05 7.74587e-05 6.43673e-05 4.81983e-05
threshold=1.3887119603680118 0.24047916453992005 0.060213074520303438 18.017241379310349 0.013010486821890767 -0.0018083182640144522 0.495432932932933 3.8132460152458718e-13 -0.20044755866365158 -1.0000000180025095e-35 33.333333333333378 0.20541864465659007 -0.19211091638871611 70.072751322751856 -0.20662145024949172 23.392519946749275 0.72353976995991165 -0.43416030534351141
decision_type=2 2 2 2 2 2 2 2 2 2 2 2 2 2 2 2 2 10
left_child=2 3 -1 5 9 -2 8 -7 -6 11 -9 -4 15 -10 -12 -8 -11 -16
right_child=1 -3 4 -5 6 7 12 10 13 16 14 -13 -14 -15 17 -17 -18 -19
leaf_value=-1.8139061498799577e-05 1.0676122211893668e-05 2.0452890013299408e-05 -6.2903942994518681e-06 1.7472316929774459e-05 2.8432238380564052e-06 7.6135275724821241e-06 8.2825658195034907e-06 -5.2583073883226605e-06 -8.4981385199541679e-06 -6.6440474994166901e-06 5.5354767262109098e-06 -1.453292883286847e-05 -2.3132164507294757e-06 -1.5724720411128293e-06 -3.0380203863870737e-06 1.7849690776782532e-06 -4.4461627049248194e-07 2.2811112944437374e-06
leaf_weight=1126 1005 1021 1464 1004 1293 1118 1302 1696 1661 1059 1202 1080 1040 1484 1276 1268 1314 1120
leaf_count=1126 1005 1021 1464 1004 1293 1118 1302 1696 1661 1059 1202 1080 1040 1484 1276 1268 1314 1120
internal_value=-4.25279e-08 5.72759e-06 -3.90893e-06 3.94223e-06 -2.67305e-06 2.11073e-06 -2.64807e-07 7.68217e-07 -2.87802e-06 -6.6148e-06 -6.77392e-07 -9.78958e-06 2.94778e-06 -5.23019e-06 1.48193e-06 5.07675e-06 -3.21124e-06 -5.51614e-07
internal_weight=23533 9442 14091 8421 12965 7417 8048 6412 4438 4917 5294 2544 3610 3145 3598 2570 2373 2396
internal_count=23533 9442 14091 8421 12965 7417 8048 6412 4438 4917 5294 2544 3610 3145 3598 2570 2373 2396
is_linear=0
shrinkage=0.0187118


Tree=80
num_leaves=19
num_cat=0
split_feature=20 31 31 1 38 53 31 31 20 31 27 52 20 31 1 22 55 51
split_gain=0.00144388 0.000716296 0.000607186 0.00069569 0.000341872 0.000291445 0.000275055 0.000254301 0.000391743 0.000370184 0.0003642 0.000210313 0.000146667 0.00013909 0.000134012 0.00011236 9.68765e-05 7.99611e-05
threshold=1.3887119603680118 24.500000000000004 145.50000000000003 61.264654930972277 0.0031562344346670605 42.039486686621224 55.500000000000007 202.50000000000003 0.1260686883449032 123.50000000000001 0.090534192197844449 0.23360244510311348 0.54676350075963365 86.500000000000014 41.088776296715771 -0.87416575790621576 15313.500000000002 44.444444444443178
decision_type=2 2 2 2 2 2 2 2 2 2 10 2 2 2 2 8 2 2
left_child=1 -1 3 6 7 -5 -2 8 -3 13 12 14 -11 15 -4 -10 -9 -16
right_child=2 4 11 5 -6 -7 -8 16 9 10 -12 -13 -14 -15 17 -17 -18 -19
leaf_value=-1.8355541996298624e-05 -3.3252945645923885e-06 -1.2820162205932706e-05 4.4914741450588813e-06 1.1447101146417868e-05 -1.2454031605276261e-05 2.4441061651813831e-05 1.0003589979756944e-05 -5.422322782612048e-07 3.7963328786707688e-06 -7.0625649868302233e-06 -1.5426404504069015e-05 8.2910788646886841e-06 1.5438534297790171e-06 6.1094081378496525e-06 -6.3199180958626069e-06 -4.3961180357559469e-06 6.7448710469333318e-06 1.641678575367773e-07
leaf_weight=1097 1181 1260 1068 1334 1128 1105 1002 1148 1055 1263 1014 1070 1537 1830 1452 1319 1440 1230
leaf_count=1097 1181 1260 1068 1334 1128 1105 1002 1148 1055 1263 1014 1070 1537 1830 1452 1319 1440 1230
internal_value=-4.17322e-08 -3.83579e-06 5.62042e-06 1.04661e-05 -2.60998e-06 1.73341e-05 2.79268e-06 -1.67419e-06 -3.12093e-06 -1.59673e-06 -5.81791e-06 9.73808e-07 -2.33826e-06 2.23284e-06 -1.11405e-06 -7.55411e-07 3.51241e-06 -3.34623e-06
internal_weight=23533 14091 9442 4622 12994 2439 2183 11866 9278 8018 3814 4820 2800 4204 3750 2374 2588 2682
internal_count=23533 14091 9442 4622 12994 2439 2183 11866 9278 8018 3814 4820 2800 4204 3750 2374 2588 2682
is_linear=0
shrinkage=0.0187118


Tree=81
num_leaves=18
num_cat=0
split_feature=4 25 52 52 19 4 1 19 51 4 54 26 28 54 48 47 0
split_gain=0.00069207 0.000616516 0.000490941 0.000478715 0.000228135 0.00021178 0.000161893 0.00030304 0.00011604 0.000116961 9.82107e-05 9.56751e-05 7.76176e-05 6.89906e-05 5.59066e-05 6.52942e-05 3.12386e-05
threshold=-0.83785120696478022 -0.50262329198501032 0.30898654311297541 0.34498385841469054 0.3434908456261781 -0.0063881508281983142 633.06273750012997 0.37181013041414351 77.777777777778056 -0.066920119848493401 2.8883310689565174 0.0034239754687117687 -0.49912680835374101 -0.0045140748797750747 71.503786543339615 -55.555555555567111 7.5000000000000009
decision_type=2 2 2 2 2 2 2 2 2 2 2 8 2 2 2 2 2
left_child=-1 2 4 5 8 6 7 11 9 13 -8 12 -3 -2 15 -14 -17
right_child=1 3 -4 -5 -6 -7 10 -9 -10 -11 -12 -13 14 -15 -16 16 -18
leaf_value=-1.2761110293623098e-05 -4.1384386887300211e-06 5.0436018661262969e-06 -1.2779659845470641e-05 1.4770402630245211e-05 5.3491123323409863e-06 9.9630167416638153e-06 -6.5827403866772692e-06 9.9758376187084975e-06 1.3486351665507393e-06 3.8895132356231302e-07 1.2586552887785945e-06 -4.3952913453114476e-06 2.6724123856593914e-06 -1.0141752514998999e-05 4.2977479542790919e-06 -4.9361079406007976e-06 -4.9319784105250694e-07
leaf_weight=1408 1571 1838 1526 1156 1519 1114 1247 1580 1634 1160 1014 1012 1317 1169 1044 1047 1177
leaf_count=1408 1571 1838 1526 1156 1519 1114 1247 1580 1634 1160 1014 1012 1317 1169 1044 1047 1177
internal_value=-4.09513e-08 7.68539e-07 -3.15641e-06 3.2543e-06 -1.0743e-06 2.17983e-06 1.4109e-06 2.53375e-06 -2.83743e-06 -4.59129e-06 -3.06608e-06 9.52242e-07 1.79479e-06 -6.69971e-06 4.92435e-07 -6.29492e-07 -2.5848e-06
internal_weight=23533 22125 8579 13546 7053 12390 11276 9015 5534 3900 2261 7435 6423 2740 4585 3541 2224
internal_count=23533 22125 8579 13546 7053 12390 11276 9015 5534 3900 2261 7435 6423 2740 4585 3541 2224
is_linear=0
shrinkage=0.0187118


Tree=82
num_leaves=18
num_cat=0
split_feature=25 52 52 1 7 19 51 7 47 48 55 15 27 24 9 11 51
split_gain=0.000611532 0.000568983 0.000371565 0.000186737 0.000197515 0.000225204 0.000164549 0.000156942 9.8171e-05 9.111e-05 8.54508e-05 8.34927e-05 8.34286e-05 6.85639e-05 6.47278e-05 3.06775e-05 8.79736e-06
threshold=-0.50262329198501032 0.31201143981053708 0.34498385841469054 714.78068446180566 0.071721252448438785 0.37181013041414351 49.999999999997463 0.74062031916119375 -65.476190476191888 45.032008472168542 15084.000000000002 0.12627434230808759 -15.097731477274687 1.0000000000001068 -0.58683206106870223 -0.44561068702290069 44.444444444444741
decision_type=2 2 2 2 10 2 2 8 2 2 2 10 10 10 10 10 2
left_child=1 6 3 4 -2 8 14 10 11 -5 -8 -6 -12 15 -1 16 -10
right_child=2 -3 -4 9 5 -7 7 -9 13 -11 12 -13 -14 -15 -16 -17 -18
leaf_value=-2.1461505022063568e-06 -4.1776975323047859e-06 -1.3699038498314356e-05 1.2261086019218283e-05 2.368727523636519e-07 8.9666279277733953e-06 9.9615707743660475e-06 -5.4133276287061953e-06 6.7474378637333906e-06 -3.6249750277701496e-06 -7.730851840425655e-06 4.4612978264970198e-06 2.4555631409723184e-06 -2.1574545492676403e-06 4.0110210484241191e-06 -8.0673676881261509e-06 1.0845770754587779e-06 -1.1354599766941959e-06
leaf_weight=1167 1379 1657 1225 1001 1088 1536 1245 1062 994 1009 1110 1883 1670 1437 1449 1627 994
leaf_count=1167 1379 1657 1225 1001 1088 1536 1245 1062 994 1009 1110 1883 1670 1437 1449 1627 994
internal_value=-4.0185e-08 -3.75195e-06 2.4111e-06 1.4792e-06 2.4425e-06 3.39754e-06 -1.61222e-06 3.48983e-07 2.14086e-06 -3.76284e-06 -1.33926e-06 4.83996e-06 4.85284e-07 5.53557e-07 -5.42591e-06 -8.2082e-07 -2.38022e-06
internal_weight=23533 9360 14173 12948 10938 9559 7703 5087 8023 2010 4025 2971 2780 5052 2616 3615 1988
internal_count=23533 9360 14173 12948 10938 9559 7703 5087 8023 2010 4025 2971 2780 5052 2616 3615 1988
is_linear=0
shrinkage=0.0187118


Tree=83
num_leaves=20
num_cat=0
split_feature=20 31 31 1 1 39 53 31 52 20 16 1 31 30 31 48 30 31 54
split_gain=0.00135467 0.00068364 0.000581655 0.000666159 0.000331625 0.000283205 0.000279083 0.000263303 0.000196236 0.000178919 0.000151986 0.000127176 0.000121531 0.00011983 0.000279818 9.2652e-05 8.89141e-05 8.60617e-05 4.60945e-05
threshold=1.3887119603680118 24.500000000000004 145.50000000000003 61.264654930972277 81.296109502628298 0.0031545741324922054 42.039486686621224 55.500000000000007 0.23360244510311348 0.72353976995991165 0.52819548872180466 41.088776296715771 142.50000000000003 18.500000000000004 115.50000000000001 65.290720300065701 17.500000000000004 153.50000000000003 1.64857437567798
decision_type=2 2 2 2 2 2 2 2 2 2 2 2 2 2 2 2 2 2 2
left_child=1 -1 3 7 10 9 -5 -2 11 13 15 -4 -11 14 -6 17 -13 -3 -12
right_child=2 4 8 6 5 -7 -8 -9 -10 12 18 16 -14 -15 -16 -17 -18 -19 -20
leaf_value=-1.789932997813119e-05 -3.3069195874544841e-06 -7.5113231225606039e-06 4.3410382074232978e-06 1.1147576335601221e-05 -3.3420041035515973e-06 -1.4381334471882845e-05 2.3862974820416316e-05 9.7341052033445459e-06 7.9652761444643346e-06 4.8676245787928718e-06 2.0865989365565608e-06 -6.2527088800723107e-06 -3.9618632818498614e-06 -9.6402248710659586e-07 -1.5654922556501102e-05 1.7505845799526394e-06 6.2924855639346152e-07 -1.2426028443986281e-07 7.7808315420680925e-06
leaf_weight=1097 1181 1148 1068 1334 1598 1024 1105 1002 1070 1112 996 1529 1072 1090 1085 1810 1153 1064 995
leaf_count=1097 1181 1148 1068 1334 1598 1024 1105 1002 1070 1112 996 1529 1072 1090 1085 1810 1153 1064 995
internal_value=-3.94331e-08 -3.71441e-06 5.44501e-06 1.01877e-05 -2.51687e-06 -5.29118e-06 1.69083e-05 2.67893e-06 8.97139e-07 -3.72859e-06 7.04062e-07 -1.11964e-06 5.33736e-07 -6.19584e-06 -8.32133e-06 -1.38902e-06 -3.29413e-06 -3.95805e-06 4.93229e-06
internal_weight=23533 14091 9442 4622 12994 6981 2439 2183 4820 5957 6013 3750 2184 3773 2683 4022 2682 2212 1991
internal_count=23533 14091 9442 4622 12994 6981 2439 2183 4820 5957 6013 3750 2184 3773 2683 4022 2682 2212 1991
is_linear=0
shrinkage=0.0187118


Tree=84
num_leaves=18
num_cat=0
split_feature=25 4 51 4 15 51 55 27 30 2 25 4 18 17 9 18 51
split_gain=0.000678776 0.000410843 0.000306114 0.000292262 0.000221126 0.000232424 0.000192674 0.000142073 0.00013505 0.000141671 0.00013222 0.000129676 9.70685e-05 8.0082e-05 5.47662e-05 4.7454e-05 3.85276e-05
threshold=-0.50262329198501032 -0.0040773927299451625 49.999999999997463 -0.72159251512239242 0.028033215511461016 44.444444444444741 9104.5000000000018 223.00245300065689 18.500000000000004 -0.30253947280866861 -0.9909584385152187 -0.093603369325569549 -0.075382597103353932 -0.078285450981539426 -0.50667938931297696 -0.059365444555209451 29.629629629629743
decision_type=2 2 2 2 10 2 2 10 2 2 2 2 10 8 10 8 2
left_child=2 3 10 -2 -5 12 -4 11 9 -8 16 15 13 14 -6 -7 -1
right_child=1 -3 6 4 5 7 8 -9 -10 -11 -12 -13 -14 -15 -16 -17 -18
leaf_value=-8.5946630295135261e-06 -6.6617620997004752e-06 1.3925408142801592e-05 -6.9853084139634235e-06 -5.038385950780512e-06 3.2673887522479893e-06 8.7456755511660073e-06 4.0943092661719183e-06 3.5185195269192163e-07 5.4697902154976559e-06 -4.5324020060965498e-06 -1.422918369977758e-05 1.3771335801352561e-05 -2.7802095429197958e-06 6.0582747485913158e-06 -2.657481879503941e-06 4.0245987419451998e-06 -3.7713990052811011e-06
leaf_weight=1116 1335 1027 1607 1199 1089 1279 1004 1113 1366 1983 999 994 1830 1376 1096 1787 1207
leaf_count=1116 1335 1027 1607 1199 1089 1279 1004 1113 1366 1983 999 994 1830 1376 1096 1787 1207
internal_value=-5.42785e-08 2.52877e-06 -3.98507e-06 1.63517e-06 2.57681e-06 3.44112e-06 -1.44811e-06 6.2745e-06 5.96064e-07 -1.63276e-06 -8.53663e-06 7.89813e-06 7.22312e-07 2.52226e-06 2.95462e-07 5.99402e-06 -6.08856e-06
internal_weight=23407 14125 9282 13098 11763 10564 5960 5173 4353 2987 3322 4060 5391 3561 2185 3066 2323
internal_count=23407 14125 9282 13098 11763 10564 5960 5173 4353 2987 3322 4060 5391 3561 2185 3066 2323
is_linear=0
shrinkage=0.0187118


Tree=85
num_leaves=19
num_cat=0
split_feature=20 31 31 20 20 31 19 19 52 31 19 31 0 48 20 4 49 27
split_gain=0.00129932 0.000745068 0.000593215 0.000493557 0.000369964 0.000366975 0.000339131 0.000329544 0.000289427 0.000193957 0.000364845 0.00022083 0.000176045 0.000152179 0.000110168 0.000100516 5.60422e-05 5.55715e-05
threshold=2.6568921232876721 18.500000000000004 215.50000000000003 12.589473684210528 0.27495019920318731 44.500000000000007 0.1498881560388661 -0.12168811604698958 0.210029832092993 117.50000000000001 -0.86858127919614947 86.500000000000014 18.500000000000004 57.54611021768175 0.6565036871785338 -0.24971027192040249 68.841884094140624 -55.452875593264174
decision_type=2 2 2 2 2 2 2 2 2 2 2 2 2 2 2 2 2 10
left_child=1 -1 3 5 8 -2 9 -7 12 11 -11 15 -3 17 -12 -6 -16 -8
right_child=2 4 -4 -5 6 7 13 -9 -10 10 14 -13 -14 -15 16 -17 -18 -19
leaf_value=-1.8266395684302893e-05 -1.4947392827480449e-06 -8.8111350871028359e-06 -3.0015568595792148e-06 2.2553050532565449e-05 2.361731031207093e-06 4.4097743426299088e-06 -2.218506865174827e-06 1.8884862169873015e-05 -1.5320766197841714e-05 -1.2595715807562806e-05 -5.9989919396144141e-06 8.637190317874484e-06 5.5534230258863955e-07 8.294816207018538e-06 2.5190935732636157e-06 -5.6847489864035532e-06 -2.5967507034150329e-06 4.0306028401248621e-06
leaf_weight=995 1045 1273 1356 1021 1050 1055 997 1152 1006 1362 1344 1052 1568 1911 1824 1127 1273 996
leaf_count=995 1045 1273 1356 1021 1050 1055 997 1152 1006 1362 1344 1052 1568 1911 1824 1127 1273 996
internal_value=-5.32628e-08 -2.53397e-06 7.78153e-06 1.12034e-05 -1.60126e-06 7.64012e-06 -8.62239e-08 1.19654e-05 -6.69573e-06 -2.0781e-06 -4.12353e-06 1.59784e-06 -3.6416e-06 4.52203e-06 -1.52522e-06 -1.80381e-06 4.16261e-07 9.04479e-07
internal_weight=23407 17778 5629 4273 16783 3252 12936 2207 3847 9032 5803 3229 2841 3904 4441 2177 3097 1993
internal_count=23407 17778 5629 4273 16783 3252 12936 2207 3847 9032 5803 3229 2841 3904 4441 2177 3097 1993
is_linear=0
shrinkage=0.0187118


Tree=86
num_leaves=20
num_cat=0
split_feature=20 31 31 20 38 31 19 20 19 1 31 31 19 48 20 30 30 18 49
split_gain=0.00125115 0.000717446 0.000571223 0.000475259 0.000387535 0.00035337 0.000317326 0.00026587 0.000304106 0.000210839 0.000176142 0.000168228 0.00024158 0.0001494 0.00013274 0.000109913 8.51405e-05 7.40449e-05 4.53379e-05
threshold=2.6568921232876721 18.500000000000004 215.50000000000003 12.589473684210528 0.0033643643360402602 44.500000000000007 -0.12168811604698958 0.27495019920318731 0.1498881560388661 255.04151438920454 154.50000000000003 103.50000000000001 -0.86858127919614947 57.17319964461462 0.1260686883449032 17.500000000000004 17.500000000000004 -0.20817405983718604 45.190029509119647
decision_type=2 2 2 2 2 2 2 2 2 2 2 2 2 2 2 2 2 10 2
left_child=1 -1 3 5 7 -2 -7 10 11 13 14 15 -13 -10 -3 -9 17 -14 -18
right_child=2 4 -4 -5 -6 6 -8 8 9 -11 -12 12 16 -15 -16 -17 18 -19 -20
leaf_value=-1.7924598307681481e-05 -1.4667700638974789e-06 -1.2618661190584117e-05 -2.9453922618891029e-06 2.2131041983936251e-05 -1.2628385820878147e-05 4.3272595091354876e-06 1.853149211185983e-05 5.9066609360264963e-06 3.9366776023398607e-06 -7.1344078456072594e-08 1.0139048297441667e-06 -1.0053306481063986e-05 -6.8976715690347204e-07 1.4008524698634607e-05 -3.8100405615997997e-06 -1.7696652240763829e-06 4.5544292486068561e-06 -7.1629766320381256e-06 -1.0225585284567562e-06
leaf_weight=995 1045 1203 1356 1021 1041 1055 1152 1449 1045 1647 1032 1392 1454 1018 1193 1189 994 1077 1049
leaf_count=995 1045 1203 1356 1021 1041 1055 1152 1449 1045 1647 1032 1392 1454 1018 1193 1189 994 1077 1049
internal_value=-5.22662e-08 -2.48656e-06 7.63592e-06 1.09938e-05 -1.57129e-06 7.49716e-06 1.17415e-05 -8.40101e-07 4.42943e-07 4.92102e-06 -5.44903e-06 -1.48798e-06 -3.22783e-06 8.90669e-06 -8.23273e-06 2.44678e-06 -1.15064e-06 -3.44427e-06 1.69086e-06
internal_weight=23407 17778 5629 4273 16783 3252 2207 15742 12314 3710 3428 8604 5966 2063 2396 2638 4574 2531 2043
internal_count=23407 17778 5629 4273 16783 3252 2207 15742 12314 3710 3428 8604 5966 2063 2396 2638 4574 2531 2043
is_linear=0
shrinkage=0.0187118


Tree=87
num_leaves=20
num_cat=0
split_feature=20 19 20 20 38 24 19 3 20 55 31 31 13 31 19 4 55 16 49
split_gain=0.00121562 0.000596614 0.000581259 0.000477277 0.000254362 0.000229535 0.000220707 0.000165637 0.000159048 0.000147108 0.000148969 0.000165157 0.000143834 0.000215483 0.00014005 9.98588e-05 8.46134e-05 7.18426e-05 3.1281e-05
threshold=1.3887119603680118 0.24047916453992005 0.055327558657808432 18.017241379310349 0.0031562344346670605 -501.00000000002484 0.034013612733932781 -0.37062055223305607 0.309266714761118 52769.000000000007 170.50000000000003 84.500000000000014 -0.10035323119084881 113.50000000000001 -0.82833917911116817 -0.72822799479902744 22339.000000000004 0.54605263157894746 54.617259126825331
decision_type=2 2 2 2 2 10 2 2 2 2 2 2 8 2 2 2 2 2 2
left_child=2 3 -1 5 6 -2 12 -8 15 10 11 -7 13 -4 -12 -9 -14 18 -10
right_child=1 -3 4 -5 -6 9 7 8 17 -11 14 -13 16 -15 -16 -17 -18 -19 -20
leaf_value=-1.7124608853661916e-05 -5.6704786961949446e-06 1.8678323808525217e-05 3.3611156136369468e-06 1.5570504308110088e-05 -1.1516624266029616e-05 3.3764707339308073e-06 7.3792849045587742e-06 -7.2122982320968115e-07 2.1699309876931622e-06 -2.9378897733351294e-06 -4.0295156932128833e-06 1.2885281004045648e-05 -1.152204933479425e-05 -6.8623896467534719e-06 4.9518003553547572e-06 -8.9494021536275412e-06 -4.3715966866817157e-06 5.422747103821124e-06 -2.0803110358284585e-06
leaf_weight=1024 1190 1017 1423 1010 1006 1372 1041 1021 1087 1091 1001 1198 1204 1465 1548 1045 1117 1176 1371
leaf_count=1024 1190 1017 1423 1010 1006 1372 1041 1021 1087 1091 1001 1198 1204 1465 1548 1045 1117 1176 1371
internal_value=-5.12882e-08 5.1416e-06 -3.55296e-06 3.50464e-06 -2.4803e-06 1.85781e-06 -1.71959e-06 5.15812e-07 -7.37674e-07 3.30043e-06 4.62999e-06 7.80898e-06 -4.61243e-06 -1.82498e-06 1.42481e-06 -4.88311e-06 -8.08084e-06 1.61909e-06 -2.00728e-07
internal_weight=23407 9427 13980 8410 12956 7400 11950 6741 5700 6210 5119 2570 5209 2888 2549 2066 2321 3634 2458
internal_count=23407 9427 13980 8410 12956 7400 11950 6741 5700 6210 5119 2570 5209 2888 2549 2066 2321 3634 2458
is_linear=0
shrinkage=0.0187118


Tree=88
num_leaves=18
num_cat=0
split_feature=20 31 20 19 31 20 31 19 20 31 31 19 52 55 52 49 54
split_gain=0.00118272 0.00119573 0.000581055 0.00056498 0.000501175 0.000493567 0.000346458 0.000275239 0.0003613 0.000310249 0.0002233 0.00021615 0.000141036 0.000109623 0.000108176 8.22105e-05 7.37202e-05
threshold=6.3042929292929299 24.500000000000004 0.72353976995991165 0.021321289951503179 197.50000000000003 2.0706476530005946 225.50000000000003 -0.3333491830905046 0.18526500638569607 128.50000000000003 118.50000000000001 -1.4350140563321074 0.14331430374239926 41333.500000000007 0.16621667019300135 13.344091127680032 1.4079828007794233
decision_type=2 2 2 2 2 2 2 2 2 2 2 2 2 2 2 2 2
left_child=1 -1 6 10 -2 15 7 -3 14 16 -4 -12 -11 -13 -9 -5 -10
right_child=4 2 3 5 -6 -7 -8 8 9 12 11 13 -14 -15 -16 -17 -18
leaf_value=-1.7469808987211593e-05 1.6888196197448351e-05 -1.4421001407061084e-05 4.6332029657803465e-06 7.593275647257803e-06 4.5576141577834895e-07 1.9733941702256534e-05 5.1544817688912509e-06 -6.3168511648134158e-06 7.1117986341318762e-07 -7.856781915003947e-07 -8.8433259939452543e-06 2.5712527316930165e-06 -9.8373744532403393e-06 -5.0379859387356586e-06 -1.4850000621115882e-05 1.1760085549386418e-06 7.7681456615310115e-06
leaf_weight=1542 1877 1015 1918 1407 994 998 1285 1090 1007 1152 1480 1911 1264 1015 995 1389 1068
leaf_count=1542 1877 1015 1918 1407 994 998 1285 1090 1007 1152 1480 1911 1264 1015 995 1389 1068
internal_value=-5.03285e-08 -1.62301e-06 -3.36515e-07 2.72882e-06 1.11989e-05 8.43745e-06 -3.83077e-06 -5.35179e-06 -3.95197e-06 -9.63483e-07 -6.96004e-07 -3.01589e-06 -5.52133e-06 -6.83148e-08 -1.0389e-05 4.4053e-06 4.34339e-06
internal_weight=23407 20536 18994 10118 2871 3794 8876 7591 6576 4491 6324 4406 2416 2926 2085 2796 2075
internal_count=23407 20536 18994 10118 2871 3794 8876 7591 6576 4491 6324 4406 2416 2926 2085 2796 2075
is_linear=0
shrinkage=0.0187118


Tree=89
num_leaves=18
num_cat=0
split_feature=20 35 20 27 20 52 27 18 52 30 4 16 0 53 4 26 18
split_gain=0.00113887 0.00114529 0.000521416 0.000276103 0.000264424 0.000263324 0.000253671 0.000186855 0.000173855 0.000124291 0.000108429 0.000115043 8.83889e-05 8.45774e-05 7.37987e-05 6.06155e-05 5.44781e-05
threshold=6.3042929292929299 1.0000000180025095e-35 0.72353976995991165 10.703184315934474 2.3204505850136923 0.210029832092993 257.03020516170153 -0.37380141567177066 0.22508606901608166 18.500000000000004 -0.27606139408672054 0.52819548872180466 3.5000000000000004 30.734788699122209 -0.51927045056249643 -0.0058766235717932326 -0.17000686927961953
decision_type=2 2 2 10 2 2 10 10 2 2 2 2 2 2 2 10 10
left_child=1 2 5 4 10 9 -2 -7 15 12 -4 -12 -1 -14 -15 -5 -17
right_child=6 -3 3 8 -6 7 -8 -9 -10 -11 11 -13 13 14 -16 16 -18
leaf_value=-8.1734392883733431e-06 1.5074412316876325e-05 -1.9099519357261381e-05 8.1491871226127804e-06 -6.3841272032551078e-06 1.2763919592883813e-05 -4.0760416200798729e-06 3.4162690878966157e-06 -1.4590733481819797e-05 4.9518783212840529e-06 2.5206425302690612e-06 -1.9359748424454671e-06 5.8867387418994496e-06 -6.4203892343383008e-06 2.3412312714924876e-06 -3.8129282927390126e-06 1.6811578575704504e-06 -3.7084971381903081e-06
leaf_weight=1049 1865 1230 1041 1126 1301 1234 1006 1137 1411 1694 1713 1069 1110 1583 1199 1229 1410
leaf_count=1049 1865 1230 1041 1126 1301 1234 1006 1137 1411 1694 1713 1069 1110 1583 1199 1229 1410
internal_value=-4.93868e-08 -1.59264e-06 -4.77268e-07 2.3982e-06 5.47732e-06 -3.76589e-06 1.09894e-05 -9.11831e-06 -6.49973e-07 -1.85322e-06 2.99762e-06 1.06995e-06 -3.35278e-06 -2.05349e-06 -3.11118e-07 -2.74937e-06 -1.1985e-06
internal_weight=23407 20536 19306 10300 5124 9006 2871 2371 5176 6635 3823 2782 4941 3892 2782 3765 2639
internal_count=23407 20536 19306 10300 5124 9006 2871 2371 5176 6635 3823 2782 4941 3892 2782 3765 2639
is_linear=0
shrinkage=0.0187118


Tree=90
num_leaves=17
num_cat=0
split_feature=20 31 20 19 31 20 31 20 31 4 31 19 52 52 50 5
split_gain=0.00109665 0.00111424 0.000541192 0.000578159 0.00047847 0.000419034 0.000352573 0.000267315 0.000249954 0.000209171 0.000187172 0.000240639 0.000183025 0.000145215 6.75767e-05 5.34192e-05
threshold=6.3042929292929299 24.500000000000004 0.7743476287724077 0.021321289951503179 197.50000000000003 2.0706476530005946 225.50000000000003 0.18526500638569607 126.50000000000001 -0.41985132002939679 120.50000000000001 -0.60278952562873644 0.16771774418257981 0.17072890755403744 33.333333333333748 -0.005145212063496273
decision_type=2 2 2 2 2 2 2 2 2 2 2 2 2 2 2 2
left_child=1 -1 6 10 -2 14 7 13 9 -9 -4 -12 -10 -3 -5 -13
right_child=4 2 3 5 -6 -7 -8 8 12 -11 11 15 -14 -15 -16 -17
leaf_value=-1.6860068706236932e-05 1.6342649271358967e-05 -6.0845330037017053e-06 4.460719875641257e-06 1.031985712947777e-06 2.8674548576765995e-07 1.9170831231311485e-05 5.2258406709393294e-06 4.6139697317054918e-06 -3.1050110353454813e-06 -5.7605438636257783e-06 -7.5904879400460814e-06 -1.7259151868686046e-06 -1.2661351615976503e-05 -1.5709127043505844e-05 7.3442613324329194e-06 4.0868822343067508e-06
leaf_weight=1542 1877 1198 1752 994 994 998 1400 1930 1865 1051 1967 1032 1125 1013 1475 1194
leaf_count=1542 1877 1198 1752 994 994 998 1400 1930 1865 1051 1967 1032 1125 1013 1475 1194
internal_value=-4.84626e-08 -1.56284e-06 -3.2096e-07 2.86595e-06 1.07838e-05 8.93887e-06 -3.45133e-06 -4.93606e-06 -2.87795e-06 9.56265e-07 -6.75646e-07 -2.82182e-06 -6.70063e-06 -1.04942e-05 4.80299e-06 1.392e-06
internal_weight=23407 20536 18994 9412 2871 3467 9582 8182 5971 2981 5945 4193 2990 2211 2469 2226
internal_count=23407 20536 18994 9412 2871 3467 9582 8182 5971 2981 5945 4193 2990 2211 2469 2226
is_linear=0
shrinkage=0.0187118


Tree=91
num_leaves=20
num_cat=0
split_feature=16 38 35 55 4 19 52 50 4 48 37 4 4 18 50 48 7 19 29
split_gain=0.000572491 0.000408417 0.000238426 0.000187604 0.000249527 0.000184529 0.000181115 0.000138166 0.000130656 0.000108202 0.000110434 9.01466e-05 8.74931e-05 6.16407e-05 4.84002e-05 4.52938e-05 4.31723e-05 4.30935e-05 2.44325e-05
threshold=0.54605263157894746 0.0033643643360402602 1.0000000180025095e-35 55540.500000000007 -0.031693425292554686 -0.79577957739444105 0.26148092408849305 33.333333333333073 -0.02907880603765051 72.42337695261385 0.0013577738776473505 -0.60816043869071168 -0.19508592910848546 -0.040774658361098372 33.333333333333591 37.161791509319393 0.24338561470215467 0.11341586095083046 14.500000000000002
decision_type=2 2 2 2 2 2 2 2 2 2 2 2 2 8 2 2 10 2 2
left_child=1 2 5 4 6 12 7 -2 9 10 11 -7 -1 16 -13 -16 -11 -9 -17
right_child=3 -3 -4 -5 -6 8 -8 17 -10 13 -12 14 -14 -15 15 18 -18 -19 -20
leaf_value=-9.1603844242325341e-06 -3.9289300455644918e-06 -1.2294003719732977e-05 -9.8864419791518669e-06 -2.1908596640734829e-06 1.4505528399559072e-05 -5.1731983238238215e-06 9.9421554152483204e-06 1.7569370774994758e-06 5.7921063046107277e-06 1.9988824771854976e-06 -6.6522545982596068e-06 3.1796697140457807e-06 -2.3478094872229437e-06 -1.0093194446535666e-06 -3.5534640638679256e-06 -1.0399614497931005e-06 7.4029146064706925e-06 7.2448009372854992e-06 3.0536201368583735e-06
leaf_weight=1014 1031 1230 1012 1166 1003 1140 1319 1002 1453 1080 1191 1738 1891 1031 1212 1018 994 1002 1024
leaf_count=1014 1031 1230 1012 1166 1003 1140 1319 1002 1453 1080 1191 1738 1891 1031 1212 1018 994 1002 1024
internal_value=-1.02662e-07 -1.90833e-06 -1.09972e-06 4.61095e-06 6.09143e-06 -4.98331e-07 4.15313e-06 1.63724e-06 5.3531e-07 -1.97152e-07 -1.43829e-06 -4.25596e-07 -4.72576e-06 2.73001e-06 6.58592e-07 -6.87945e-07 4.58886e-06 4.50087e-06 1.01284e-06
internal_weight=23551 17028 15798 6523 5357 14786 4354 3035 11881 10428 7323 6132 2905 3105 4992 3254 2074 2004 2042
internal_count=23551 17028 15798 6523 5357 14786 4354 3035 11881 10428 7323 6132 2905 3105 4992 3254 2074 2004 2042
is_linear=0
shrinkage=0.0187118


Tree=92
num_leaves=19
num_cat=0
split_feature=20 19 31 20 55 31 20 19 20 24 31 36 19 31 4 19 16 55
split_gain=0.00105615 0.000779001 0.000582615 0.000412318 0.000299323 0.000266404 0.00023562 0.000204809 0.000257207 0.000201717 0.000189641 0.000107908 0.000104194 0.000101571 0.00016588 0.000142352 6.08317e-05 2.75337e-05
threshold=1.112399732620321 0.24047916453992005 24.500000000000004 18.017241379310349 15313.500000000002 223.50000000000003 0.19865281683752153 -0.046512047743297195 0.495432932932933 -501.00000000002484 126.50000000000001 -0.0018083182640144522 0.12858018487483494 141.50000000000003 -0.073103341059415447 -1.1348786630817498 0.47368421052631587 25457.000000000004
decision_type=2 2 2 2 2 2 2 2 2 10 2 2 2 2 2 2 2 2
left_child=2 3 -1 9 7 6 -6 -4 16 -2 -8 -11 -12 14 -13 -15 -9 -17
right_child=1 -3 4 -5 5 -7 10 8 -10 11 12 13 -14 15 -16 17 -18 -19
leaf_value=-1.6966663019408341e-05 -5.5587862762076288e-06 1.7701861416208305e-05 -1.1784269023119495e-05 1.3601751923194038e-05 -8.9142421383037328e-06 9.1513462125248329e-06 5.3888542426410566e-06 -1.0089804785341475e-05 2.4300159454118115e-06 7.9555588422512216e-06 -6.8662041307056233e-06 9.560729832186778e-06 1.4432520907007864e-06 -6.2161910646353404e-06 -9.0245347762357525e-08 3.5917815437473331e-06 -4.5008648365101064e-06 -4.9342721242099691e-07
leaf_weight=1067 1380 1318 1406 1016 1125 1012 1743 1244 1588 1001 1119 1118 1001 1128 1410 1364 1509 1002
leaf_count=1067 1380 1318 1406 1016 1125 1012 1743 1244 1588 1001 1119 1118 1001 1128 1410 1364 1509 1002
internal_value=-1.00741e-07 4.22813e-06 -3.72795e-06 2.34275e-06 -2.52545e-06 3.97804e-07 -1.37817e-06 -5.5774e-06 -3.56707e-06 9.81429e-07 8.16512e-07 2.26656e-06 -2.94273e-06 1.32092e-06 4.17787e-06 -7.46161e-07 -7.02634e-06 1.8617e-06
internal_weight=23551 10737 12814 9419 11747 6000 4988 5747 4341 8403 3863 7023 2120 6022 2528 3494 2753 2366
internal_count=23551 10737 12814 9419 11747 6000 4988 5747 4341 8403 3863 7023 2120 6022 2528 3494 2753 2366
is_linear=0
shrinkage=0.0187118


Tree=93
num_leaves=20
num_cat=0
split_feature=20 19 31 20 55 31 31 20 25 37 31 19 20 41 19 19 2 20 55
split_gain=0.00101699 0.00075012 0.000561016 0.000403474 0.000288226 0.000258833 0.000256528 0.000226885 0.000215278 0.000200505 0.00018261 0.000135323 0.000162515 0.000116229 0.000101045 0.000100331 9.97543e-05 6.54937e-05 5.80103e-05
threshold=1.112399732620321 0.24047916453992005 24.500000000000004 7.6545092838196309 15313.500000000002 155.50000000000003 223.50000000000003 0.19865281683752153 -1.0000000180025095e-35 0.001668057874234852 126.50000000000001 -0.039762375044041669 0.495432932932933 -0.0024676135239225512 -1.0006049028527426 0.12858018487483494 -0.072888434290131573 2.5448791714614503 5177.5000000000009
decision_type=2 2 2 2 2 2 2 2 2 2 2 2 2 2 2 2 2 2 2
left_child=2 3 -1 8 9 -5 7 -6 16 11 -9 -4 18 -10 -15 -12 -2 -16 -13
right_child=1 -3 4 5 6 -7 -8 10 13 -11 15 12 -14 14 17 -17 -18 -19 -20
leaf_value=-1.6649186136313115e-05 1.0312116079698231e-07 1.7370627435764502e-05 -9.2928547957324557e-06 1.5149596587316139e-05 -8.7474404008656214e-06 2.4546588569977669e-06 8.980107904770892e-06 5.2880190164316314e-06 8.1110151477677303e-06 -1.3069611042255873e-05 -6.7377250314257151e-06 -1.942686421383959e-06 2.9833234148150281e-06 -4.1472623524855878e-06 3.6637238312159336e-07 1.4162462523449545e-06 -7.6256037762671885e-06 6.2378629706146827e-06 -8.0921483577262181e-06
leaf_weight=1067 997 1318 1201 1199 1125 1059 1012 1743 998 1004 1119 1004 1383 1006 1615 1001 1414 1131 1155
leaf_count=1067 997 1318 1201 1199 1125 1059 1012 1743 998 1004 1119 1004 1383 1006 1615 1001 1414 1131 1155
internal_value=-9.88562e-08 4.14901e-06 -3.65819e-06 2.29891e-06 -2.4782e-06 9.19568e-06 3.90361e-07 -1.35239e-06 1.24225e-07 -5.47304e-06 8.01234e-07 -3.865e-06 -2.02455e-06 2.43566e-06 9.26058e-07 -2.88766e-06 -4.42961e-06 2.78467e-06 -5.23246e-06
internal_weight=23551 10737 12814 9419 11747 2258 6000 4988 7161 5747 3863 4743 3542 4750 3752 2120 2411 2746 2159
internal_count=23551 10737 12814 9419 11747 2258 6000 4988 7161 5747 3863 4743 3542 4750 3752 2120 2411 2746 2159
is_linear=0
shrinkage=0.0187118


Tree=94
num_leaves=18
num_cat=0
split_feature=16 38 31 31 31 19 55 31 1 31 53 18 49 1 22 55 7
split_gain=0.000523585 0.000381381 0.000230309 0.000348383 0.000510246 0.000210588 0.000180045 0.000213672 0.000218532 0.000153455 0.000125855 0.000113459 0.000109339 7.2638e-05 5.71218e-05 3.86521e-05 3.41814e-05
threshold=0.54605263157894746 0.0033643643360402602 23.500000000000004 102.50000000000001 85.500000000000014 -1.2222105065841615 54266.500000000007 125.50000000000001 156.91751033401189 228.50000000000003 41.335303101057626 -0.066734028637968582 87.433127410576176 255.22743394534169 -0.87762861571758644 13761.500000000002 0.34514344970618738
decision_type=2 2 2 2 2 2 2 2 2 2 2 10 2 2 8 2 10
left_child=1 2 -1 4 10 -5 7 8 -2 11 14 12 15 -9 -4 -7 -14
right_child=6 -3 3 5 -6 9 -8 13 -10 -11 -12 -13 16 -15 -16 -17 -18
leaf_value=-8.8074820642591304e-06 4.868677379270399e-06 -1.1859855072314657e-05 1.2465038681208372e-06 -8.1334403353348552e-06 1.5507549498177963e-05 4.7240950473068806e-06 -1.8324139814754974e-06 4.6905181917209316e-06 1.5860537161927566e-05 3.8441527146110121e-06 5.2761128282123831e-06 -6.503468069864917e-06 -6.322263457166577e-06 -1.6575159093029977e-06 -4.6885919932477177e-06 -1.1854295299125151e-07 -1.7548632594746698e-06
leaf_weight=1233 1405 1230 1016 1805 1026 1003 1296 1645 1153 1748 1265 1731 1030 1024 1287 1359 1295
leaf_count=1233 1405 1230 1016 1805 1026 1003 1296 1645 1153 1748 1265 1731 1030 1024 1287 1359 1295
internal_value=-9.70064e-08 -1.82382e-06 -1.04244e-06 -3.8509e-07 3.87838e-06 -2.34942e-06 4.41078e-06 5.95873e-06 9.82318e-06 -1.07093e-06 5.34337e-07 -2.4096e-06 -8.97656e-07 2.255e-06 -2.07024e-06 1.93783e-06 -3.77827e-06
internal_weight=23551 17028 15798 14565 4594 9971 6523 5227 2558 8166 3568 6418 4687 2669 2303 2362 2325
internal_count=23551 17028 15798 14565 4594 9971 6523 5227 2558 8166 3568 6418 4687 2669 2303 2362 2325
is_linear=0
shrinkage=0.0187118


Tree=95
num_leaves=18
num_cat=0
split_feature=20 19 20 20 19 25 52 13 55 49 54 20 51 55 5 42 1
split_gain=0.000977115 0.000715034 0.000520299 0.000388699 0.000247711 0.000204344 0.000164125 0.000149332 0.00016107 0.000139826 0.000121573 0.00016521 0.000108503 0.000104579 8.97243e-05 7.71894e-05 6.91419e-05
threshold=1.112399732620321 0.24047916453992005 0.055327558657808432 7.6545092838196309 0.04361651913038856 -1.0000000180025095e-35 0.202809008490792 -0.10035323119084881 22339.000000000004 55.13137535184763 0.87146255782622817 0.51382517838939867 44.444444444444201 13213.000000000002 -0.16577589034021875 0.0012262420305545476 41.357313735908114
decision_type=2 2 2 2 2 2 2 8 2 2 2 2 2 2 2 2 2
left_child=2 3 -1 5 7 12 16 9 -9 -4 11 -6 -2 -5 -12 -16 -7
right_child=1 -3 4 13 10 6 -8 8 -10 -11 14 -13 -14 -15 15 -17 -18
leaf_value=-1.6330772368681224e-05 -8.9721734996671189e-06 1.6977265067876862e-05 2.282025985808468e-06 1.3560392092972343e-05 -6.5950083508699464e-06 3.2300008441272926e-06 7.6689078612785553e-06 -1.4417435196437169e-05 -4.2734111588006389e-06 -6.0705635249237252e-06 7.0775499022202967e-06 1.7924019679404292e-06 -9.2991276703774424e-07 5.4508804907181179e-06 3.3716008637979358e-06 -3.5048387148938996e-06 -2.234403912648327e-06
leaf_weight=1031 1013 1318 1153 997 1740 1412 1434 1076 1117 1793 1014 1559 1398 1261 1327 1004 1904
leaf_count=1031 1013 1318 1153 997 1740 1412 1434 1076 1117 1793 1014 1559 1398 1261 1327 1004 1904
internal_value=-9.51913e-08 4.06856e-06 -3.58405e-06 2.26225e-06 -2.46872e-06 1.27752e-07 2.37972e-06 -5.55359e-06 -9.2506e-06 -2.80154e-06 -8.26404e-08 -2.63139e-06 -4.30893e-06 9.03157e-06 2.43106e-06 4.09804e-07 9.24166e-08
internal_weight=23551 10737 12814 9419 11783 7161 4750 5139 2193 2946 6644 3299 2411 2258 3345 2331 3316
internal_count=23551 10737 12814 9419 11783 7161 4750 5139 2193 2946 6644 3299 2411 2258 3345 2331 3316
is_linear=0
shrinkage=0.0187118


Tree=96
num_leaves=18
num_cat=0
split_feature=20 31 20 19 31 31 20 31 30 19 20 31 4 30 31 15 20
split_gain=0.000942352 0.00113448 0.00045641 0.000504625 0.00043616 0.000333679 0.000291852 0.000203849 0.000291993 0.000262848 0.00015265 0.000169122 0.000140441 0.000108485 8.3974e-05 8.2704e-05 7.46969e-05
threshold=6.575187969924813 20.500000000000004 0.47558265582655829 0.045417991147377997 186.50000000000003 225.50000000000003 1.9141321044546855 113.50000000000001 17.500000000000004 -0.86858127919614947 0.12055224790211432 126.50000000000001 -0.32201509412629314 17.500000000000004 86.500000000000014 0.10293491970869291 1.0257237386269646
decision_type=2 2 2 2 2 2 2 2 2 2 2 2 2 2 2 10 2
left_child=1 -1 5 7 -2 10 12 8 -4 -9 -3 14 -5 15 -12 -11 -14
right_child=4 2 3 6 -6 -7 -8 9 -10 13 11 -13 16 -15 -16 -17 -18
leaf_value=-1.8190349895255046e-05 1.5927273346362914e-05 -1.1124636850090288e-05 9.5639700111427555e-06 9.0218682057022917e-06 6.7775654136962633e-07 5.5379011308774876e-06 1.5389306015329621e-05 -8.6395420863100408e-06 -2.7087593823967439e-06 -6.8248741395512812e-06 -4.2634968214909286e-06 -8.8092045890347172e-06 -1.6232810671658565e-06 3.4979035688102965e-06 3.100075448800555e-06 6.2264447879517829e-07 5.1052382629663519e-06
leaf_weight=1329 1726 1592 1297 1311 1060 994 1032 1956 1424 1008 1159 1615 1298 1607 1019 1083 1041
leaf_count=1329 1726 1592 1297 1311 1060 994 1032 1956 1424 1008 1159 1615 1298 1607 1019 1083 1041
internal_value=-9.34101e-08 -1.46443e-06 -3.20736e-07 1.68348e-06 1.01252e-05 -4.42311e-06 6.60337e-06 -1.06696e-06 3.1412e-06 -3.09214e-06 -6.26178e-06 -4.22074e-06 4.11923e-06 -1.57927e-07 -8.18372e-07 -2.96755e-06 1.37133e-06
internal_weight=23551 20765 19436 13057 2786 6379 4682 8375 2721 5654 5385 3793 3650 3698 2178 2091 2339
internal_count=23551 20765 19436 13057 2786 6379 4682 8375 2721 5654 5385 3793 3650 3698 2178 2091 2339
is_linear=0
shrinkage=0.0187118


Tree=97
num_leaves=19
num_cat=0
split_feature=20 19 31 20 55 31 20 1 55 24 31 52 51 0 2 55 27 16
split_gain=0.000914385 0.000674149 0.000509001 0.000367236 0.00027127 0.000239635 0.000206233 0.000202089 0.000215718 0.000183708 0.000169834 0.000109165 0.000104144 9.96878e-05 8.51051e-05 8.09891e-05 8.00153e-05 6.70713e-05
threshold=1.112399732620321 0.24047916453992005 24.500000000000004 18.017241379310349 15313.500000000002 223.50000000000003 0.19865281683752153 633.27524664140572 6898.0000000000009 -501.00000000002484 129.50000000000003 0.15007141873957944 49.999999999997463 9.5000000000000018 -1.0000000180025095e-35 360.50000000000006 37.604387529307083 0.50093984962406024
decision_type=2 2 2 2 2 2 2 2 2 10 2 2 2 2 2 2 10 2
left_child=2 3 -1 9 7 6 -6 8 15 -2 -8 -12 13 -11 -14 -4 -15 -10
right_child=1 -3 4 -5 5 -7 10 -9 17 12 11 -13 14 16 -16 -17 -18 -19
leaf_value=-1.5840780599117067e-05 -5.3438673345073652e-06 1.6470431275043377e-05 -2.5004296212766448e-06 1.2807980583799451e-05 -8.2946540638145589e-06 8.7423070435884206e-06 4.9810689655731631e-06 -1.1538041918695967e-05 -1.1058298959346614e-05 3.7358838623896616e-06 1.5181718940401731e-06 -7.1192578106433781e-06 8.2227447609107881e-06 1.1596060747714809e-06 1.8299685321907178e-06 4.5397577765600695e-06 -5.6230672411663171e-06 -4.3153569727807573e-06
leaf_weight=1067 1380 1318 1287 1016 1125 1012 1813 1364 1033 1658 1006 1044 1369 1225 1560 1030 1211 1033
leaf_count=1067 1380 1318 1287 1016 1125 1012 1813 1364 1033 1658 1006 1044 1369 1225 1560 1030 1211 1033
internal_value=-9.16622e-08 3.93622e-06 -3.46667e-06 2.18231e-06 -2.34271e-06 4.40197e-07 -1.24419e-06 -5.24813e-06 -3.29069e-06 8.97564e-07 8.09074e-07 -2.8806e-06 2.12399e-06 1.96648e-07 4.81792e-06 6.29217e-07 -2.21224e-06 -7.68683e-06
internal_weight=23551 10737 12814 9419 11747 6000 4988 5747 4383 8403 3863 2050 7023 4094 2929 2317 2436 2066
internal_count=23551 10737 12814 9419 11747 6000 4988 5747 4383 8403 3863 2050 7023 4094 2929 2317 2436 2066
is_linear=0
shrinkage=0.0187118


Tree=98
num_leaves=18
num_cat=0
split_feature=37 25 52 21 31 31 31 30 19 52 50 30 31 30 15 55 31
split_gain=0.00040236 0.000273662 0.00025401 0.00017897 0.000174612 0.000274796 0.00020949 0.000267031 0.000193817 0.000156094 0.00012423 9.03997e-05 0.000134698 8.59715e-05 6.50516e-05 5.67177e-05 4.78052e-05
threshold=0.0020090411898852083 -0.50262329198501032 0.34886973641768743 -0.16306197672584263 22.500000000000004 120.50000000000001 85.500000000000014 17.500000000000004 -1.4350140563321074 0.30213559502178183 49.999999999997357 18.500000000000004 98.500000000000014 17.500000000000004 0.11583404539607564 48132.000000000007 198.50000000000003
decision_type=2 2 2 2 2 2 2 2 2 2 2 2 2 2 10 2 2
left_child=1 9 4 -2 -3 6 7 -6 -7 10 -1 12 -12 14 -10 -14 -15
right_child=3 2 -4 -5 5 8 -8 -9 13 -11 11 -13 15 16 -16 -17 -18
leaf_value=-5.5367071051055663e-06 -2.4299803406857001e-06 -6.0702772580039468e-06 1.0956984636013045e-05 -1.3320833939005243e-05 8.2149995142784145e-06 -6.3650037321535286e-06 1.0736485071241343e-05 -2.9678276134350813e-06 -4.3840192682881622e-06 -9.1291834387254677e-06 4.0063555765043286e-06 4.284027866898176e-06 -6.2911588740066286e-06 1.5563126948145422e-06 1.4574856008241375e-06 -4.5582699202633708e-07 6.5683078401432823e-06
leaf_weight=1726 1037 1002 1061 1077 1477 1458 1729 1514 1165 1004 1132 1418 1382 1590 1563 1009 1147
leaf_count=1726 1037 1002 1061 1077 1477 1458 1729 1514 1165 1004 1132 1418 1382 1590 1563 1009 1147
internal_value=-1.91026e-07 5.79082e-07 2.16296e-06 -7.97844e-06 1.42508e-06 2.07013e-06 5.55162e-06 2.55442e-06 -3.03498e-07 -2.25087e-06 -1.21505e-06 2.94603e-07 -1.31113e-06 1.31364e-06 -1.03714e-06 -3.82865e-06 3.6567e-06
internal_weight=23491 21377 13706 2114 12645 11643 4720 2991 6923 7671 6667 4941 3523 5465 2728 2391 2737
internal_count=23491 21377 13706 2114 12645 11643 4720 2991 6923 7671 6667 4941 3523 5465 2728 2391 2737
is_linear=0
shrinkage=0.0187118


Tree=99
num_leaves=18
num_cat=0
split_feature=20 31 31 1 19 31 20 31 31 30 19 20 16 30 11 27 51
split_gain=0.000864364 0.000589997 0.000490086 0.000398746 0.000418749 0.000272121 0.000369149 0.00027632 0.00032277 0.000509009 0.000313707 0.000200649 0.000167845 0.000151026 0.000125326 0.000116936 4.34575e-05
threshold=2.6568921232876721 18.500000000000004 219.50000000000003 81.406772596776932 -0.79577957739444105 228.50000000000003 0.1260686883449032 125.50000000000001 86.500000000000014 17.500000000000004 -0.86858127919614947 0.78156090022215785 0.50657894736842113 17.500000000000004 -0.5677480916030534 2.0787475072900619 55.555555555556055
decision_type=2 2 2 2 2 2 2 2 2 2 2 2 2 2 10 10 2
left_child=1 -1 3 14 -5 6 -3 8 9 -8 -9 13 -10 -12 -2 -13 -7
right_child=2 5 -4 4 -6 16 7 10 12 -11 11 15 -14 -15 -16 -17 -18
leaf_value=-1.6076688242465355e-05 -9.4515917059683888e-07 -1.0579302457355763e-05 -4.1507352284031269e-06 5.8517290151919666e-06 2.2287042075733433e-05 1.9036582245810173e-06 4.8002346577896236e-06 -1.265132170150332e-05 2.6187929919397931e-06 -9.547180235141819e-06 -1.0083030787291195e-05 5.5927037314770328e-06 1.2438367917876275e-05 -1.7642673751545315e-06 7.9587661889313234e-06 -2.2742596903859091e-06 7.1407601963790476e-06
leaf_weight=1013 1102 1671 1250 998 1190 1034 1839 1159 1404 1636 1295 1375 1077 1864 1112 1275 1197
leaf_count=1013 1102 1671 1250 998 1190 1034 1839 1159 1404 1636 1295 1375 1077 1864 1112 1275 1197
internal_value=-1.87451e-07 -2.20781e-06 6.18927e-06 9.12544e-06 1.47905e-05 -1.37285e-06 -2.30321e-06 -1.23316e-06 1.72622e-06 -1.9544e-06 -3.76273e-06 -1.9893e-06 6.88146e-06 -5.17446e-06 3.52691e-06 1.80765e-06 4.71353e-06
internal_weight=23491 17839 5652 4402 2188 16826 14595 12924 5956 3475 6968 5809 2481 3159 2214 2650 2231
internal_count=23491 17839 5652 4402 2188 16826 14595 12924 5956 3475 6968 5809 2481 3159 2214 2650 2231
is_linear=0
shrinkage=0.0187118


Tree=100
num_leaves=20
num_cat=0
split_feature=20 31 20 19 31 20 19 31 20 31 30 37 19 54 52 25 20 51 10
split_gain=0.000832585 0.000947635 0.000461193 0.000476284 0.000389325 0.000318881 0.00031335 0.000198762 0.000260938 0.000254437 0.000165457 0.000162408 0.000110849 8.79471e-05 8.46405e-05 6.09025e-05 4.78501e-05 4.19196e-05 3.65581e-05
threshold=7.6545092838196309 24.500000000000004 0.72353976995991165 0.045417991147377997 155.50000000000003 1.9402380952380958 -0.2535610834522472 225.50000000000003 0.18526500638569607 128.50000000000003 17.500000000000004 -0.0018066862078194854 -2.9880217000049636 1.4079828007794233 0.16649917098422476 -0.49130453377399091 2.3864055299539175 50.000000000000455 -1.4163533834586464
decision_type=2 2 2 2 2 2 2 2 2 2 2 2 2 2 2 2 2 2 2
left_child=1 -1 6 11 -2 17 -3 8 14 13 -11 -4 -13 -10 -8 18 -17 -5 -14
right_child=4 2 3 5 -6 -7 7 -9 9 10 -12 12 15 -15 -16 16 -18 -19 -20
leaf_value=-1.5166404889184578e-05 1.6889998692286174e-05 -1.2488528386976727e-05 6.6758489370564078e-06 1.6063361355158165e-06 1.6459421727717648e-06 1.6992162947819096e-05 -5.1726424343451344e-06 4.8374509842603533e-06 1.3822150780625719e-07 -1.0727215702309906e-05 -7.7058184687176619e-07 -6.7172300255093876e-06 -5.2834679000728587e-06 7.8584366461048612e-06 -1.271506351801315e-05 -3.2552052447650888e-07 4.6438264478492499e-06 6.6315722542143693e-06 -3.2955420290550631e-07
leaf_weight=1610 1354 1146 1002 1027 1035 1014 1091 1247 1019 998 1410 1139 996 1048 997 1854 1070 1339 1095
leaf_count=1610 1354 1146 1002 1027 1035 1014 1091 1247 1019 998 1410 1139 996 1048 997 1854 1070 1339 1095
internal_value=-1.83944e-07 -1.36924e-06 -2.29618e-07 2.42406e-06 1.02857e-05 8.21285e-06 -3.35145e-06 -2.01072e-06 -3.31191e-06 -7.63305e-07 -4.89713e-06 -3.10165e-07 -1.44764e-06 4.05249e-06 -8.77408e-06 -2.50811e-07 1.49295e-06 4.45029e-06 -2.68924e-06
internal_weight=23491 21102 19492 10536 2389 3380 8956 7810 6563 4475 2408 7156 6154 2067 2088 5015 2924 2366 2091
internal_count=23491 21102 19492 10536 2389 3380 8956 7810 6563 4475 2408 7156 6154 2067 2088 5015 2924 2366 2091
is_linear=0
shrinkage=0.0187118


Tree=101
num_leaves=19
num_cat=0
split_feature=20 31 31 20 36 31 20 2 31 31 30 19 55 20 16 30 19 54
split_gain=0.0008031 0.000547833 0.000463716 0.000383772 0.000302827 0.000220067 0.000271706 0.000218382 0.000218096 0.000298784 0.000362881 0.000247488 0.000171098 0.000137064 0.000130062 0.000119468 9.27907e-05 2.57038e-05
threshold=2.6568921232876721 18.500000000000004 219.50000000000003 12.589473684210528 0.002010052281560815 228.50000000000003 0.13256584685156117 -0.22912107816718266 123.50000000000001 86.500000000000014 17.500000000000004 -0.86858127919614947 16751.500000000004 0.78156090022215785 0.50657894736842113 17.500000000000004 0.0082555697142758806 0.32812370773969596
decision_type=2 2 2 2 2 2 2 2 2 2 2 2 2 2 2 2 2 2
left_child=1 -1 3 7 5 6 -3 -2 9 10 -8 -10 -9 15 -11 -13 -15 -7
right_child=2 4 -4 -5 -6 17 8 12 11 14 -12 13 -14 16 -16 -17 -18 -19
leaf_value=-1.5492073270710754e-05 1.3000519095414181e-05 -9.0028305895049311e-06 -4.0918883110862841e-06 1.8780922411062675e-05 -1.0246483435884513e-05 3.0479998158332553e-06 4.45578003803553e-06 7.1651932176915938e-06 -1.1051138625060134e-05 3.4190312251142113e-06 -8.1827158569457431e-06 -8.6373694402744461e-06 -2.991241485896846e-06 -1.8277386258902559e-06 1.2551550217654601e-05 -9.3457029552792763e-07 5.2282475118926239e-06 7.2280800831668631e-06
leaf_weight=1013 1017 1497 1250 1036 1234 1061 1713 1298 1073 1210 1485 1173 1051 1242 995 1767 1375 1001
leaf_count=1013 1017 1497 1250 1036 1234 1061 1713 1298 1073 1210 1485 1173 1051 1242 995 1767 1375 1001
internal_value=-1.80502e-07 -2.12795e-06 5.96609e-06 8.82217e-06 -1.32337e-06 -6.17167e-07 -1.485e-06 5.75703e-06 -5.49727e-07 2.24084e-06 -1.41294e-06 -2.82385e-06 2.62096e-06 -1.23524e-06 7.54006e-06 -4.00783e-06 1.87955e-06 5.07723e-06
internal_weight=23491 17839 5652 4402 16826 15592 13530 3366 12033 5403 3198 6630 2349 5557 2205 2940 2617 2062
internal_count=23491 17839 5652 4402 16826 15592 13530 3366 12033 5403 3198 6630 2349 5557 2205 2940 2617 2062
is_linear=0
shrinkage=0.0187118


Tree=102
num_leaves=17
num_cat=0
split_feature=20 31 20 19 55 48 1 29 31 19 19 19 55 55 4 31
split_gain=0.000776354 0.000892092 0.000434091 0.000452038 0.00038231 0.000328327 0.000313567 0.000225703 0.000163561 0.00024813 0.000240683 0.000141285 0.000134019 0.000103408 0.000102137 6.32644e-05
threshold=7.6545092838196309 24.500000000000004 0.72353976995991165 0.076749478042883026 11128.500000000002 56.128452423010103 81.296109502628298 9.5000000000000018 118.50000000000001 -0.16296669341080158 -2.3025547077918271 0.1498881560388661 40856.000000000007 15313.500000000002 -0.14802984905873703 121.50000000000001
decision_type=2 2 2 2 2 2 2 2 2 2 2 2 2 2 2 2
left_child=1 -1 6 8 -2 -5 11 13 9 -4 -10 15 14 -8 -12 -3
right_child=4 2 3 5 -6 -7 7 -9 10 -11 12 -13 -14 -15 -16 -17
leaf_value=-1.4708413853664473e-05 1.8785233403124211e-05 9.2032699231201494e-07 1.1180687374581094e-05 2.6247574927453634e-06 3.6033067943787666e-06 1.533295076845299e-05 -6.1882054202002844e-06 -1.2202717793524879e-05 -8.9725102001621541e-06 -1.0430513332012203e-06 -1.8308432005100054e-06 4.6022292568921595e-06 -4.7400787151073925e-06 1.0958751108677676e-06 5.5073109428345518e-06 -4.8814119816861184e-06
leaf_weight=1610 996 1178 998 1484 1393 1368 1890 1646 1261 1393 1085 1683 1235 1068 1712 1491
leaf_count=1610 996 1178 998 1484 1393 1368 1890 1646 1261 1393 1085 1683 1235 1068 1712 1491
internal_value=-1.77124e-07 -1.32169e-06 -2.15975e-07 2.35855e-06 9.93282e-06 8.72041e-06 -3.24469e-06 -6.64878e-06 -2.72362e-09 4.05912e-06 -1.83757e-06 3.56505e-07 3.93861e-07 -3.55825e-06 2.66073e-06 -2.32073e-06
internal_weight=23491 21102 19492 10536 2389 2852 8956 4604 7684 2391 5293 4352 4032 2958 2797 2669
internal_count=23491 21102 19492 10536 2389 2852 8956 4604 7684 2391 5293 4352 4032 2958 2797 2669
is_linear=0
shrinkage=0.0187118


Tree=103
num_leaves=19
num_cat=0
split_feature=20 35 19 52 38 48 55 20 19 1 55 47 55 7 18 12 51 18
split_gain=0.000753924 0.00047922 0.00043708 0.000253425 0.000234332 0.00015895 0.000154184 0.000145366 0.000221977 0.000226885 0.000104124 0.000150565 7.93918e-05 7.86786e-05 5.83061e-05 6.80462e-05 6.76468e-05 7.52962e-05
threshold=2.6568921232876721 1.0000000180025095e-35 -0.0079486717189123351 0.23185749465095642 0.0033643643360402602 94.481463546664031 31375.000000000004 0.48586238140923149 0.1498881560388661 255.04151438920454 15313.500000000002 34.188034188030464 5177.5000000000009 0.17719675365825557 0.083042552335998249 -0.50667938931297696 25.000000000001886 -0.14006791055495285
decision_type=2 2 2 2 2 2 2 2 2 2 2 2 2 10 8 10 2 10
left_child=1 4 3 6 5 7 -2 10 13 -10 12 -12 -1 -9 16 -16 -15 -18
right_child=2 -3 -4 -5 -6 -7 -8 8 9 -11 11 -13 -14 14 15 -17 17 -19
leaf_value=-2.8664237234104781e-06 3.5670326606270261e-06 -1.423820284069933e-05 1.4257927126602255e-05 1.0472248872879703e-05 -9.8381784873114935e-06 6.1400243729520781e-06 -4.9169404601666979e-06 3.0960192524247879e-06 1.0241793340173482e-05 -1.1260685012369895e-06 -6.8584456420211026e-06 2.3551412144892224e-06 -9.4517752757531902e-06 -7.7950766622659001e-06 -4.2014128695279922e-06 1.9596786473948387e-06 1.4743924408008111e-06 -5.6891488054090366e-06
leaf_weight=1191 1710 1064 1547 1059 1052 1101 1336 1074 1326 1146 998 1644 1388 1132 1010 1658 1030 1025
leaf_count=1191 1710 1064 1547 1059 1052 1101 1336 1074 1326 1146 998 1644 1388 1132 1010 1658 1030 1025
internal_value=-1.7381e-07 -2.06069e-06 5.78162e-06 2.58726e-06 -1.2883e-06 -7.16242e-07 -1.54105e-07 -1.2325e-06 1.57877e-07 4.97174e-06 -3.73604e-06 -1.12524e-06 -6.41062e-06 -1.55952e-06 -2.4135e-06 -3.72668e-07 -4.12199e-06 -2.09866e-06
internal_weight=23491 17839 5652 4105 16775 15723 3046 14622 9401 2472 5221 2642 2579 6929 5855 2668 3187 2055
internal_count=23491 17839 5652 4105 16775 15723 3046 14622 9401 2472 5221 2642 2579 6929 5855 2668 3187 2055
is_linear=0
shrinkage=0.0187118


Tree=104
num_leaves=18
num_cat=0
split_feature=20 31 20 55 31 48 52 27 31 31 18 55 55 31 49 23 18
split_gain=0.000733247 0.000841206 0.000407562 0.000363766 0.000349542 0.000398908 0.000259634 0.000207121 0.00019475 0.000240268 0.000164236 0.000144574 0.000126874 0.000121951 8.85556e-05 8.00488e-05 3.79802e-05
threshold=7.6545092838196309 24.500000000000004 0.72353976995991165 11128.500000000002 141.50000000000003 61.891559061768213 0.22067748338303569 37.604387529307083 198.50000000000003 122.50000000000001 0.10951036115158759 8313.5000000000018 31479.000000000004 91.500000000000014 52.605470277350335 1.0000000180025095e-35 -0.27924199798442323
decision_type=2 2 2 2 2 2 2 10 2 2 8 2 2 2 2 10 10
left_child=1 -1 6 -2 5 11 8 15 9 13 -8 -4 -11 -3 -9 16 -6
right_child=3 2 4 -5 7 -7 10 14 -10 12 -12 -13 -14 -15 -16 -17 -18
leaf_value=-1.4282212810202033e-05 1.8289751955899407e-05 -3.1052416999278917e-06 -3.091577307553745e-06 3.4806070341233268e-06 -1.8824179461029442e-06 1.3844156713335497e-05 -1.4361706808925518e-05 -1.5018002473438466e-06 4.3227896830624368e-06 -1.2340757807462478e-05 -3.9986763331369736e-06 5.3800615987639392e-06 -3.4110541010491958e-06 4.5220925271620281e-06 -8.2400462402141358e-06 6.834432989332531e-06 3.0923629036275862e-06
leaf_weight=1610 996 1607 1131 1393 1121 1564 999 1571 1615 1085 1154 1874 1145 1351 1208 1035 1032
leaf_count=1610 996 1607 1131 1393 1121 1564 999 1571 1615 1085 1154 1874 1145 1351 1208 1035 1032
internal_value=-1.70558e-07 -1.2829e-06 -2.09178e-07 9.6547e-06 2.28544e-06 6.18033e-06 -3.14389e-06 -6.96923e-07 -1.35159e-06 -3.118e-06 -8.80716e-06 2.19157e-06 -7.75578e-06 3.78371e-07 -4.43084e-06 2.55796e-06 5.02148e-07
internal_weight=23491 21102 19492 2389 10536 4569 8956 5967 6803 5188 2153 3005 2230 2958 2779 3188 2153
internal_count=23491 21102 19492 2389 10536 4569 8956 5967 6803 5188 2153 3005 2230 2958 2779 3188 2153
is_linear=0
shrinkage=0.0187118


Tree=105
num_leaves=19
num_cat=0
split_feature=16 39 55 52 30 31 31 31 31 1 30 31 48 54 54 4 18 4
split_gain=0.000394295 0.00029069 0.0001931 0.000228685 0.000142637 0.000313567 0.000388734 0.000230208 0.000160959 0.000141511 0.000143233 0.000133873 0.000107364 9.14691e-05 5.62903e-05 4.02448e-05 3.60414e-05 3.20572e-05
threshold=0.54605263157894746 0.0033361157484697039 54266.500000000007 0.24870785137133392 18.500000000000004 109.50000000000001 24.500000000000004 90.500000000000014 85.500000000000014 155.73442750757491 17.500000000000004 122.50000000000001 61.118371325618448 -0.77988562135808681 5.5235485219892579 -0.10487449827576457 -0.44754543461364793 -0.17933461473231946
decision_type=2 2 2 2 2 2 2 2 2 2 2 2 2 2 2 2 10 2
left_child=1 4 3 11 5 6 -1 -6 12 14 -11 -2 -8 -9 15 16 -7 -13
right_child=2 -3 -4 -5 7 9 8 13 -10 10 -12 17 -14 -15 -16 -17 -18 -19
leaf_value=-8.2768097217977688e-06 7.143642274046256e-06 -9.7331335797782996e-06 -2.4861259884466477e-06 1.1431595802283079e-05 -4.3671368405276464e-06 -2.3469443562752814e-06 -7.2108645067006314e-07 2.30065121836576e-06 1.0885232349378132e-05 -1.0312562317832667e-05 -1.6214356590258351e-06 -2.5818969529490908e-06 6.9137776526268497e-06 9.4801438084637173e-06 1.4582234924112313e-06 -4.0625811519625179e-07 -7.382088313520159e-06 2.1644043605552383e-06
leaf_weight=1000 1534 1338 1262 1648 1137 995 1592 1276 1096 1895 1022 997 1084 1211 1227 1100 996 996
leaf_count=1000 1534 1338 1262 1648 1137 995 1592 1276 1096 1895 1022 997 1084 1211 1227 1100 996 996
internal_value=1.33495e-07 -1.36232e-06 4.0767e-06 5.67714e-06 -6.45782e-07 -1.62779e-06 2.09555e-06 2.6078e-06 4.84538e-06 -4.0836e-06 -7.26754e-06 2.98836e-06 2.37166e-06 5.79658e-06 -1.9327e-06 -3.27876e-06 -4.86578e-06 -2.09936e-07
internal_weight=23406 16969 6437 5175 15631 12007 4772 3624 3772 7235 2917 3527 2676 2487 4318 3091 1991 1993
internal_count=23406 16969 6437 5175 15631 12007 4772 3624 3772 7235 2917 3527 2676 2487 4318 3091 1991 1993
is_linear=0
shrinkage=0.0187118


Tree=106
num_leaves=17
num_cat=0
split_feature=20 31 20 31 48 31 19 52 31 1 31 20 53 49 20 10
split_gain=0.000754286 0.00085884 0.000509368 0.000441174 0.00034186 0.000298636 0.000277023 0.000265384 0.000158344 0.000157314 0.00016639 0.000182576 0.000151315 0.000112915 8.6524e-05 5.6064e-05
threshold=18.017241379310349 23.500000000000004 0.7743476287724077 141.50000000000003 72.42337695261385 230.50000000000003 -0.12680091642533495 0.2982229502139378 85.500000000000014 633.27524664140572 123.50000000000001 0.3273676062353193 40.51253410542845 35.348443710100831 2.7312382739212011 -1.4483082706766914
decision_type=2 2 2 2 2 2 2 2 2 2 2 2 2 2 2 2
left_child=1 -1 5 4 8 7 13 9 14 10 11 -3 -12 -5 -4 -8
right_child=-2 2 3 6 -6 -7 15 -9 -10 -11 12 -13 -14 -15 -16 -17
leaf_value=-1.2908898278628554e-05 1.5638408215932698e-05 -2.1434851800711164e-06 -2.3742940517278368e-06 -3.0555917772796502e-07 1.6703433516498272e-05 5.8520366580398612e-06 7.2147809701482462e-06 -1.1369526348696637e-05 9.5488131835254307e-06 -8.8533342464912007e-06 -1.0133178058359362e-05 7.3839851078622146e-06 -1.264195687647068e-06 -7.3081371688456308e-06 5.1902570494744084e-06 1.9937359720868549e-06
leaf_weight=1822 1049 1608 1025 1614 1105 1261 1208 1394 1455 1120 1020 1253 1983 1611 1095 1783
leaf_count=1822 1049 1608 1025 1614 1105 1261 1208 1394 1455 1120 1020 1253 1983 1611 1095 1783
internal_value=1.30997e-07 -5.96618e-07 4.95809e-07 3.26764e-06 7.60694e-06 -2.63749e-06 5.95641e-10 -3.91528e-06 4.7953e-06 -2.42742e-06 -1.20009e-06 2.02915e-06 -4.27664e-06 -3.80359e-06 1.53287e-06 4.1024e-06
internal_weight=23406 22357 20535 10896 4680 9639 6216 8378 3575 6984 5864 2861 3003 3225 2120 2991
internal_count=23406 22357 20535 10896 4680 9639 6216 8378 3575 6984 5864 2861 3003 3225 2120 2991
is_linear=0
shrinkage=0.0187118


Tree=107
num_leaves=17
num_cat=0
split_feature=20 31 20 19 31 52 20 31 19 31 1 31 20 53 55 49
split_gain=0.000726322 0.000827 0.000490484 0.000425047 0.000287564 0.000255545 0.000206114 0.000196829 0.000213398 0.00019987 0.000151482 0.000160221 0.000175807 0.000145706 0.000125096 0.000106759
threshold=18.017241379310349 23.500000000000004 0.7743476287724077 0.076749478042883026 230.50000000000003 0.2982229502139378 1.5966726003012461 120.50000000000001 -1.4350140563321074 72.500000000000014 633.27524664140572 123.50000000000001 0.3273676062353193 40.51253410542845 41333.500000000007 39.261372777138469
decision_type=2 2 2 2 2 2 2 2 2 2 2 2 2 2 2 2
left_child=1 -1 4 7 5 10 -5 9 -9 -4 11 12 -3 -13 15 -10
right_child=-2 2 3 6 -6 -7 -8 8 14 -11 -12 13 -14 -15 -16 -17
leaf_value=-1.2667349369726983e-05 1.5345785220388449e-05 -2.1033766877322721e-06 1.1873215496227818e-06 4.9500205024291832e-06 5.742534440869836e-06 -1.1156781933513486e-05 1.5448385229107533e-05 -6.0717128759660691e-06 6.9896207173026665e-06 1.1753192790900185e-05 -8.6876722642934834e-06 -9.9435680241342234e-06 7.2458173414547731e-06 -1.2405402846841689e-06 -3.350694769241016e-06 -7.9973748846333621e-07
leaf_weight=1822 1049 1608 1592 1434 1261 1394 1205 1846 1597 1034 1120 1020 1253 1983 1185 1003
leaf_count=1822 1049 1608 1592 1434 1261 1394 1205 1846 1597 1034 1120 1020 1253 1983 1185 1003
internal_value=1.28545e-07 -5.85454e-07 4.86531e-07 3.2065e-06 -2.58814e-06 -3.84202e-06 9.7437e-06 1.11715e-06 -8.5574e-07 5.34768e-06 -2.38199e-06 -1.17764e-06 1.99118e-06 -4.19661e-06 1.68817e-06 3.98472e-06
internal_weight=23406 22357 20535 10896 9639 8378 2639 8257 5631 2626 6984 5864 2861 3003 3785 2600
internal_count=23406 22357 20535 10896 9639 8378 2639 8257 5631 2626 6984 5864 2861 3003 3785 2600
is_linear=0
shrinkage=0.0187118


Tree=108
num_leaves=18
num_cat=0
split_feature=20 31 20 31 48 19 31 20 31 30 4 16 30 30 43 18 27
split_gain=0.000699395 0.000797949 0.000413927 0.000304069 0.000265222 0.000259169 0.000249684 0.000224375 0.000203649 0.000150739 0.000148015 0.000145007 0.000134836 8.66446e-05 6.46222e-05 4.21498e-05 1.78146e-05
threshold=18.017241379310349 18.500000000000004 0.76246546961325989 141.50000000000003 65.290720300065701 -0.12680091642533495 225.50000000000003 0.1260686883449032 126.50000000000001 18.500000000000004 -0.42434563853242124 0.51409774436090239 17.500000000000004 17.500000000000004 -0.0012277475467659669 0.047335488118367089 0.090534192197844449
decision_type=2 2 2 2 2 2 2 2 2 2 2 2 2 2 2 8 10
left_child=1 -1 6 4 11 12 7 -3 10 15 13 -4 -5 -9 -7 -10 -16
right_child=-2 2 3 5 -6 14 -8 8 9 -11 -12 -13 -14 -15 16 -17 -18
leaf_value=-1.4148557237616761e-05 1.5058637755500903e-05 -9.932534249185553e-06 -2.912692487854859e-07 -6.7718919845854116e-06 1.2827146806792613e-05 7.8053219179446385e-06 4.8492069471060773e-06 6.6415735460207621e-06 -1.1432713933575122e-05 -1.6942593691028495e-07 -4.7698735869423423e-06 7.2914455032181853e-06 1.0525328184875555e-06 -6.1306683973341416e-07 3.7037721003298923e-06 -6.0051341410609317e-06 2.4107759735773124e-07
leaf_weight=1420 1049 1644 1808 1949 1489 1005 1381 1359 1009 1121 1091 1726 1276 1001 1075 995 1008
leaf_count=1420 1049 1644 1808 1949 1489 1005 1381 1359 1009 1121 1091 1726 1276 1001 1075 995 1008
internal_value=1.2614e-07 -5.74499e-07 3.46128e-07 2.76743e-06 6.20307e-06 3.38238e-08 -2.51273e-06 -3.74957e-06 -2.20383e-06 -5.66421e-06 9.29667e-07 3.41212e-06 -3.67609e-06 3.5645e-06 3.90833e-06 -8.73788e-06 2.02812e-06
internal_weight=23406 22357 20937 11336 5023 6313 9601 8220 6576 3125 3451 3534 3225 2360 3088 2004 2083
internal_count=23406 22357 20937 11336 5023 6313 9601 8220 6576 3125 3451 3534 3225 2360 3088 2004 2083
is_linear=0
shrinkage=0.0187118


Tree=109
num_leaves=18
num_cat=0
split_feature=20 31 20 19 36 31 20 19 31 31 19 31 55 16 52 49 54
split_gain=0.000673466 0.000772237 0.000458825 0.000661377 0.000243601 0.000200013 0.000264152 0.000253882 0.000150237 0.00014619 0.000143279 0.000140762 0.000139853 6.42783e-05 6.0784e-05 4.17265e-05 3.05002e-05
threshold=18.017241379310349 23.500000000000004 2.3864055299539175 0.0014741874814081515 0.002010052281560815 228.50000000000003 0.19865281683752153 0.1498881560388661 117.50000000000001 85.500000000000014 -0.86858127919614947 129.50000000000003 31375.000000000004 0.48402255639097752 0.12151983485518787 27.663218434196491 0.24120456334897597
decision_type=2 2 2 2 2 2 2 2 2 2 2 2 2 2 2 2 2
left_child=1 -1 4 12 5 6 13 8 9 -8 -10 -9 -4 -3 -12 -16 -7
right_child=-2 2 3 -5 -6 16 7 11 10 -11 14 -13 -14 -15 15 -17 -18
leaf_value=-1.2238766535688053e-05 1.4776863308148827e-05 -1.04616031971773e-05 4.9234722631973386e-06 1.837689030722507e-05 -9.240912519280883e-06 2.8427621973062233e-06 -1.8190353522815478e-06 8.6357567325685409e-06 -1.0365802882953319e-05 6.7143745071381921e-06 1.121623666494601e-06 9.1453177413861731e-07 -2.8102484872418737e-06 -3.8849667858542922e-06 -1.38136129077576e-06 -6.5613239360691634e-06 7.451696861213164e-06
leaf_weight=1822 1049 1086 1939 1100 1165 1012 1986 1445 1013 1088 1163 1932 1417 999 1011 1180 999
leaf_count=1822 1049 1086 1939 1100 1165 1012 1986 1445 1013 1088 1163 1932 1417 999 1011 1180 999
internal_value=1.2378e-07 -5.63749e-07 4.72135e-07 5.78525e-06 -1.0003e-06 -3.56585e-07 -1.21206e-06 -3.66839e-08 -1.9678e-06 1.20125e-06 -4.19854e-06 4.2184e-06 1.65807e-06 -7.3105e-06 -2.33586e-06 -4.17112e-06 5.13233e-06
internal_weight=23406 22357 20535 4456 16079 14914 12903 10818 7441 3074 4367 3377 3356 2085 3354 2191 2011
internal_count=23406 22357 20535 4456 16079 14914 12903 10818 7441 3074 4367 3377 3356 2085 3354 2191 2011
is_linear=0
shrinkage=0.0187118


Tree=110
num_leaves=19
num_cat=0
split_feature=20 35 20 19 20 52 37 1 48 16 2 20 54 30 22 51 12 54
split_gain=0.000648498 0.000741562 0.000399216 0.000296701 0.000279418 0.00023832 0.000173908 0.000120562 0.000115493 0.000121946 0.000101542 7.07541e-05 6.95543e-05 6.43266e-05 6.57265e-05 5.653e-05 2.53065e-05 2.53468e-05
threshold=18.017241379310349 1.0000000180025095e-35 0.7743476287724077 0.031664368741388678 2.2419017763845352 0.2982229502139378 -0.001409443969884183 633.27524664140572 47.738454483188612 0.53571428571428592 -0.402942311071881 0.47558265582655829 6.9778619865122744 17.500000000000004 -0.8320461593511449 61.11111111111105 -0.72041984732824416 2.4655278470312383
decision_type=2 2 2 2 2 2 2 2 2 2 2 2 2 2 8 2 10 2
left_child=1 2 5 6 15 7 -4 8 11 16 -8 -1 13 14 -12 -5 -10 -18
right_child=-2 -3 3 4 -6 -7 10 -9 9 -11 12 -13 -14 -15 -16 -17 17 -19
leaf_value=-6.3261589580697278e-06 1.450036135125047e-05 -1.3251713381599708e-05 6.1891706030913637e-06 1.4214424338094759e-06 1.5678847418820931e-05 -8.9773291490427982e-06 4.5519547123798763e-06 -6.3841915229948912e-06 -2.248022825289507e-06 7.3100553517755002e-06 -8.4347447496401734e-06 2.0766640894733145e-08 2.3895587625532727e-06 -2.2712880455698766e-07 -2.0110082761657019e-06 7.168825927068893e-06 -7.5650953020936625e-07 3.2812709769508161e-06
leaf_weight=1314 1049 1502 1618 1370 1001 1611 1057 1275 1173 1037 1064 1156 1073 1686 1172 1065 1147 1036
leaf_count=1314 1049 1502 1618 1370 1001 1611 1057 1275 1173 1037 1064 1156 1073 1686 1172 1065 1147 1036
internal_value=1.21464e-07 -5.532e-07 3.6136e-07 2.78694e-06 7.35643e-06 -2.40185e-06 7.39906e-07 -1.10016e-06 -1.18503e-07 1.70163e-06 -7.16953e-07 -3.35569e-06 -1.83191e-06 -2.98685e-06 -5.06774e-06 3.93519e-06 -3.13619e-08 1.15972e-06
internal_weight=23406 22357 20855 11106 3436 9749 7670 8138 6863 4393 6052 2470 4995 3922 2236 2435 3356 2183
internal_count=23406 22357 20855 11106 3436 9749 7670 8138 6863 4393 6052 2470 4995 3922 2236 2435 3356 2183
is_linear=0
shrinkage=0.0187118


Tree=111
num_leaves=17
num_cat=0
split_feature=20 35 31 20 19 48 31 31 30 30 31 30 31 31 19 31
split_gain=0.000624457 0.000712345 0.00033688 0.000288231 0.000308514 0.000291673 0.000244502 0.000195342 0.000228298 0.000186337 0.000179714 0.000314375 0.000171719 0.000204426 0.000161381 6.41736e-05
threshold=6.575187969924813 1.0000000180025095e-35 54.500000000000007 0.47558265582655829 0.14503404644183251 63.817939278629879 202.50000000000003 113.50000000000001 17.500000000000004 16.500000000000004 80.500000000000014 17.500000000000004 126.50000000000001 85.500000000000014 -0.31520203538118702 208.50000000000003
decision_type=2 2 2 2 2 2 2 2 2 2 2 2 2 2 2 2
left_child=1 3 -2 6 7 -6 12 10 9 -9 11 -5 13 -1 -11 -10
right_child=2 -3 -4 4 5 -7 -8 8 15 14 -12 -13 -14 -15 -16 -17
leaf_value=-7.5209070155158227e-06 1.6534382671499368e-05 -1.4692696437037359e-05 3.1932478482520284e-06 7.3786415592031274e-06 1.9889943087931392e-06 1.3523673842215522e-05 3.484143470232357e-06 -3.11398243488342e-07 -1.2561794214900748e-07 -1.4074897924424155e-05 1.0108791454717882e-05 -6.5894964694943343e-06 -1.0388465866607662e-05 1.7254543856773657e-06 -3.733493052742225e-06 5.7917035202220116e-06
leaf_weight=1688 1094 1250 1681 1166 1964 1260 1412 1634 1769 1021 1012 1093 1599 1661 1095 1007
leaf_count=1688 1094 1250 1681 1166 1964 1260 1412 1634 1769 1021 1012 1093 1599 1661 1095 1007
internal_value=1.19191e-07 -1.00173e-06 8.45278e-06 -1.18715e-07 1.47608e-06 6.49697e-06 -3.38378e-06 -1.76194e-07 -2.0468e-06 -5.05799e-06 3.55588e-06 6.20263e-07 -5.34367e-06 -2.935e-06 -8.72337e-06 2.0209e-06
internal_weight=23406 20631 2775 19381 13021 3224 6360 9797 6526 3750 3271 2259 4948 3349 2116 2776
internal_count=23406 20631 2775 19381 13021 3224 6360 9797 6526 3750 3271 2259 4948 3349 2116 2776
is_linear=0
shrinkage=0.0187118


Tree=112
num_leaves=18
num_cat=0
split_feature=20 35 31 20 31 31 19 31 31 20 1 52 19 55 51 53 10
split_gain=0.000594802 0.000573622 0.000377082 0.000271712 0.000247076 0.000248851 0.000231069 0.000225513 0.000205153 0.000235311 0.000198693 0.000151255 0.000139467 0.000105772 9.21512e-05 8.02644e-05 5.91347e-05
threshold=6.3042929292929299 1.0000000180025095e-35 197.50000000000003 0.7743476287724077 141.50000000000003 86.500000000000014 -0.12168811604698958 203.50000000000003 125.50000000000001 0.10874113152628707 61.264654930972277 0.1692036045110657 0.19508506581659549 18597.000000000004 38.888888888892275 36.363365382354495 -1.4370300751879694
decision_type=2 2 2 2 2 2 2 2 2 2 2 2 2 2 2 2 2
left_child=1 3 -2 7 5 10 14 8 9 -1 -5 -10 -9 15 -6 -11 -8
right_child=2 -3 -4 4 6 -7 16 12 11 13 -12 -13 -14 -15 -16 -17 -18
leaf_value=-9.1907407480402721e-06 1.3086033604871679e-05 -1.3248318941887219e-05 -1.1734390805208555e-06 -4.4835086803003508e-06 -8.2459248627829785e-06 1.0958815455049476e-05 6.5852616801690375e-06 -1.9611631591591497e-06 -4.4496484313800397e-06 -5.7031079280267167e-06 6.2040972004673263e-06 -1.3106781210426114e-05 7.7226116352779102e-06 4.4351633129280849e-06 -1.1617265141579774e-06 1.7757491327340694e-06 9.7511314295764128e-07
leaf_weight=1054 1862 1256 997 1056 1271 1703 1063 1003 1903 1016 1439 1124 1083 1607 1301 994 1726
leaf_count=1054 1862 1256 997 1056 1271 1703 1063 1003 1903 1016 1439 1124 1083 1607 1301 994 1726
internal_value=1.15585e-07 -9.9446e-07 8.11342e-06 -1.98779e-07 2.0449e-06 5.44449e-06 -6.17197e-07 -2.39086e-06 -3.86967e-06 -1.41062e-06 1.6806e-06 -7.66426e-06 3.06641e-06 8.56523e-07 -4.66251e-06 -2.00461e-06 3.11337e-06
internal_weight=23458 20599 2859 19343 9559 4198 5361 9784 7698 4671 2495 3027 2086 3617 2572 2010 2789
internal_count=23458 20599 2859 19343 9559 4198 5361 9784 7698 4671 2495 3027 2086 3617 2572 2010 2789
is_linear=0
shrinkage=0.0187118


Tree=113
num_leaves=17
num_cat=0
split_feature=20 31 31 20 19 48 19 31 1 16 31 19 55 53 15 49
split_gain=0.00057275 0.000553629 0.000363102 0.000287002 0.000287822 0.000263 0.000230006 0.00016182 0.000196218 0.00021811 0.000125364 0.000131834 9.28001e-05 8.85635e-05 8.32503e-05 6.82306e-05
threshold=6.3042929292929299 24.500000000000004 197.50000000000003 0.78156090022215785 0.076749478042883026 56.128452423010103 -0.26719045325551954 225.50000000000003 255.04151438920454 0.52537593984962416 114.50000000000001 -1.7438347988777279 40856.000000000007 33.222182951957016 0.099128638531232077 86.76492323735026
decision_type=2 2 2 2 2 2 2 2 2 2 2 2 2 2 10 2
left_child=1 -1 -2 6 10 -6 -3 8 9 13 -5 -12 14 -8 -13 -15
right_child=2 3 -4 4 5 -7 7 -9 -10 -11 11 12 -14 15 -16 -17
leaf_value=-1.1677737848619477e-05 1.2841170148174385e-05 -9.7029243919522014e-06 -1.1514818596419064e-06 4.1928976874039558e-06 1.758293385982255e-06 1.3785892359765785e-05 -7.4593387828023623e-06 4.5536313738767012e-06 -7.8869175621714155e-06 5.6833886541807664e-06 -6.4306547924123988e-06 -1.5396208064152714e-06 -4.0313110418217655e-06 2.4279325699038794e-06 5.5556720223537578e-06 -3.5212152446228611e-06
leaf_weight=1564 1862 1290 997 1979 1308 1240 1076 1415 1714 1416 1323 997 1081 1123 1381 1692
leaf_count=1564 1862 1290 997 1979 1308 1240 1076 1415 1714 1416 1323 997 1081 1123 1381 1692
internal_value=1.13422e-07 -9.75851e-07 7.96161e-06 -9.65369e-08 2.252e-06 7.6116e-06 -2.34438e-06 -1.21914e-06 -2.38258e-06 -6.04842e-07 2.32143e-07 -1.40699e-06 5.14463e-07 -2.89323e-06 2.5809e-06 -1.1479e-06
internal_weight=23458 20599 2859 19035 9309 2548 9726 8436 7021 5307 6761 4782 3459 3891 2378 2815
internal_count=23458 20599 2859 19035 9309 2548 9726 8436 7021 5307 6761 4782 3459 3891 2378 2815
is_linear=0
shrinkage=0.0187118


Tree=114
num_leaves=18
num_cat=0
split_feature=20 20 31 37 19 1 25 36 51 29 18 47 31 31 1 31 1
split_gain=0.000558627 0.00046894 0.000349641 0.000229278 0.000185516 0.000347136 0.000173563 0.000145799 0.000119837 0.00011925 0.000122404 0.000100239 8.19313e-05 0.000193079 9.86535e-05 9.06721e-05 7.40222e-05
threshold=0.055327558657808432 6.3042929292929299 197.50000000000003 0.0032077005391611961 0.35593497249219302 255.04151438920454 -0.20076854762755905 -0.0018165319254248578 77.777777777778226 15.500000000000002 -0.36930229772568118 -7.2463768116075169 120.50000000000001 84.500000000000014 81.109690766306144 197.50000000000003 131.18359692131955
decision_type=2 2 2 2 2 2 2 2 2 2 10 2 2 2 2 2 2
left_child=-1 3 -3 4 6 -6 8 -8 9 10 -2 -7 13 14 -9 16 -14
right_child=1 2 -4 -5 5 11 7 12 -10 -11 -12 -13 15 -15 -16 -17 -18
leaf_value=-1.3274943913134743e-05 2.5395234333957941e-06 1.2600888554561726e-05 -1.1299355587373737e-06 -8.7894581601467842e-06 1.0571148641726847e-05 -5.2137379022990003e-06 7.0606258115684763e-06 -4.9597298678056361e-06 7.0072067335103062e-07 -9.1267597222684059e-06 -5.6862243145954648e-06 2.4278481216942128e-06 -1.3130871100206519e-06 8.9125343138635722e-06 3.2089964601099165e-06 1.6488902980641125e-06 -7.9325079355599942e-06
leaf_weight=1043 1016 1862 997 1054 1580 1002 1174 1079 1901 1531 1682 1502 1408 1017 995 1595 1020
leaf_count=1043 1016 1862 997 1054 1580 1002 1174 1079 1901 1531 1682 1502 1408 1017 995 1595 1020
internal_value=1.113e-07 7.3418e-07 7.81263e-06 -3.00658e-07 1.82922e-07 3.70345e-06 -8.14291e-07 9.5133e-07 -3.20148e-06 -4.95558e-06 -2.58861e-06 -6.30006e-07 -5.6867e-08 2.23405e-06 -1.04079e-06 -1.81705e-06 -4.0939e-06
internal_weight=23458 22415 2859 19556 18502 4084 14418 8288 6130 4229 2698 2504 7114 3091 2074 4023 2428
internal_count=23458 22415 2859 19556 18502 4084 14418 8288 6130 4229 2698 2504 7114 3091 2074 4023 2428
is_linear=0
shrinkage=0.0187118


Tree=115
num_leaves=19
num_cat=0
split_feature=20 20 19 20 51 52 19 31 36 31 50 51 12 1 48 52 20 55
split_gain=0.000545609 0.00037537 0.000361384 0.000234207 0.000195303 0.000195443 0.000158671 0.000157451 0.000152845 0.000120001 0.000107939 0.000119188 9.42941e-05 7.48169e-05 9.37968e-05 6.60036e-05 6.55393e-05 3.4572e-05
threshold=1.3887119603680118 0.055327558657808432 0.2708462974805706 18.017241379310349 49.999999999999147 0.30213559502178183 0.90809561992502819 115.50000000000001 -0.0018083182640144522 153.50000000000003 3.8132460152458718e-13 44.444444444444457 -0.60973282442748078 259.55752976097102 38.155814778008512 0.18015889627939699 0.41944753429736753 21874.000000000004
decision_type=2 2 2 2 2 2 2 2 2 2 2 2 8 2 2 2 2 2
left_child=1 -1 3 8 5 7 13 -3 -2 -9 -10 17 -13 14 -6 16 -16 -12
right_child=2 4 -4 -5 6 -7 -8 9 10 -11 11 12 -14 -15 15 -17 -18 -19
leaf_value=-1.3026545681891378e-05 7.9809861819234921e-06 1.8389908882501617e-06 1.4230887334113636e-05 1.0784078659406686e-05 -4.4708075619667079e-06 -1.1442995664569516e-05 6.2265274865525607e-06 -1.0344193542965144e-05 5.4629736373304555e-06 -2.0629370080371837e-06 -2.1803109897219415e-06 6.0508463343496403e-06 -9.7278261698793632e-07 -5.1810998737014628e-06 3.5831390561604814e-07 -1.3902001136613986e-06 6.5611219102473241e-06 -6.736951549920516e-06
leaf_weight=1043 1000 1825 1000 1010 1151 1023 1415 1017 1095 1541 1402 1047 1855 1085 1157 1563 1231 998
leaf_count=1043 1000 1825 1000 1010 1151 1023 1415 1017 1095 1541 1402 1047 1855 1085 1157 1563 1231 998
internal_value=1.09217e-07 -2.22576e-06 3.59692e-06 2.33202e-06 -1.35974e-06 -4.07863e-06 5.7374e-07 -2.35977e-06 1.17796e-06 -5.35537e-06 1.14491e-07 -9.90108e-07 1.56124e-06 -7.19083e-07 2.29817e-07 1.5992e-06 3.55583e-06 -4.07512e-06
internal_weight=23458 14051 9407 8407 13008 5406 7602 4383 7397 2558 6397 5302 2902 6187 5102 3951 2388 2400
internal_count=23458 14051 9407 8407 13008 5406 7602 4383 7397 2558 6397 5302 2902 6187 5102 3951 2388 2400
is_linear=0
shrinkage=0.0187118


Tree=116
num_leaves=18
num_cat=0
split_feature=20 20 31 1 31 52 51 52 31 30 30 48 31 27 16 30 31
split_gain=0.000525381 0.000361454 0.000335257 0.00040292 0.000348914 0.000332334 0.000188063 0.000188197 0.000151613 0.0001477 0.000123432 0.000119448 0.000107537 8.82112e-05 0.000118665 4.60727e-05 5.25347e-05
threshold=1.3887119603680118 0.055327558657808432 179.50000000000003 61.264654930972277 61.500000000000007 0.20039329487206228 49.999999999999147 0.30213559502178183 115.50000000000001 17.500000000000004 17.500000000000004 28.875723179320271 221.50000000000003 -1.5484355614436589 0.54605263157894746 18.500000000000004 118.50000000000001
decision_type=2 2 2 2 2 2 2 2 2 2 2 2 2 8 2 2 2
left_child=1 -1 3 4 -2 -5 7 8 -3 -10 12 -8 -4 14 15 16 -13
right_child=2 6 10 5 -6 -7 11 -9 9 -11 -12 13 -14 -15 -16 -17 -18
leaf_value=-1.2782795345945717e-05 -6.041023396116993e-06 1.8045800158895799e-06 5.0418688275144627e-07 4.5266328709177204e-06 7.9563773265624103e-06 1.6542750055295944e-05 -5.4498529109350801e-06 -1.1228876511451742e-05 -9.7199335697029425e-06 -7.2710429680678555e-07 3.0364918187649879e-06 2.7064591076058291e-06 -8.0006974448411884e-06 -2.0490092122446368e-06 8.3406114384868335e-06 4.0641487022162217e-06 -2.8211890130343853e-06
leaf_weight=1043 1291 1825 1011 1561 1206 1666 1004 1023 1288 1270 1599 1111 1073 1804 1057 1312 1314
leaf_count=1043 1291 1825 1011 1561 1206 1666 1004 1023 1288 1270 1599 1111 1073 1804 1057 1312 1314
internal_value=1.07174e-07 -2.18411e-06 3.52961e-06 6.36316e-06 7.19434e-07 1.07302e-05 -1.3343e-06 -4.00231e-06 -2.31561e-06 -5.25516e-06 -8.74195e-07 5.63004e-07 -3.87477e-06 1.47796e-06 2.80518e-06 1.2395e-06 -2.88727e-07
internal_weight=23458 14051 9407 5724 2497 3227 13008 5406 4383 2558 3683 7602 2084 6598 4794 3737 2425
internal_count=23458 14051 9407 5724 2497 3227 13008 5406 4383 2558 3683 7602 2084 6598 4794 3737 2425
is_linear=0
shrinkage=0.0187118


Tree=117
num_leaves=17
num_cat=0
split_feature=37 4 51 31 31 30 9 4 29 25 2 47 0 11 30 30
split_gain=0.000335946 0.000251753 0.00017597 0.000157935 0.00018548 0.000173063 0.000149004 0.000145313 0.000126388 0.000113826 9.99557e-05 7.56004e-05 6.91566e-05 6.32399e-05 5.65658e-05 0.000151201
threshold=0.0031771267065384694 -0.0037275990728701442 49.999999999997463 51.500000000000007 125.50000000000001 18.500000000000004 -0.77290076335877844 -0.68146164282887656 12.500000000000002 -0.50252907995500784 -0.10057507173619488 -48.245614035080187 32.500000000000007 -0.47041984732824421 16.500000000000004 17.500000000000004
decision_type=2 2 2 2 2 2 10 2 2 2 2 2 2 10 2 2
left_child=1 2 6 8 7 14 -1 -5 -4 -8 -9 12 -11 -13 -6 -16
right_child=-2 -3 3 4 5 -7 9 10 -10 11 -12 13 -14 -15 15 -17
leaf_value=2.8141828962182405e-06 -8.9637341362271874e-06 9.0409969932155563e-06 1.4776869268909057e-06 3.4692162980947489e-07 1.3678173173033552e-06 5.3745886010747826e-06 -7.0314274430301551e-06 1.2667396241116073e-05 -7.6862589185033136e-06 2.7081116164925015e-06 5.1792842567646905e-06 -7.0166183062196314e-06 -3.3363806180012152e-06 -1.0100168673241135e-06 -8.060286836712972e-06 9.7536818965203148e-07
leaf_weight=1944 1348 1187 1089 1093 1589 1910 1845 1125 1021 1774 1402 1237 1058 1218 1183 1435
leaf_count=1944 1348 1187 1089 1093 1589 1910 1845 1125 1021 1774 1402 1237 1058 1218 1183 1435
internal_value=1.05168e-07 6.5808e-07 1.82502e-07 1.68449e-06 2.69022e-06 7.03492e-07 -1.77806e-06 6.04734e-06 -2.95662e-06 -3.02979e-06 8.51293e-06 -1.63334e-06 4.49964e-07 -4.03656e-06 -1.41721e-06 -3.10759e-06
internal_weight=23458 22110 20923 11847 9737 6117 9076 3620 2110 7132 2527 5287 2832 2455 4207 2618
internal_count=23458 22110 20923 11847 9737 6117 9076 3620 2110 7132 2527 5287 2832 2455 4207 2618
is_linear=0
shrinkage=0.0187118


Tree=118
num_leaves=19
num_cat=0
split_feature=37 4 48 18 18 47 0 37 1 2 4 17 36 17 30 9 1 11
split_gain=0.000323492 0.000242419 0.000172376 0.000202491 0.000176729 0.000121897 0.00010029 0.000108915 9.56368e-05 9.23916e-05 0.000183977 6.0291e-05 5.49321e-05 5.15548e-05 4.23576e-05 3.66377e-05 3.88235e-05 4.07923e-05
threshold=0.0031771267065384694 -0.0037275990728701442 63.062344496448333 0.4446873900725174 -0.019427718783286526 -55.555555555567111 104.50000000000001 -0.001409443969884183 42.538543221903957 0.0045912346792235086 -0.24590847419300124 -0.27819914572423271 0.0011983227789026387 -0.18108744624206427 17.500000000000004 -0.19274809160305342 47.811516531101525 -0.5353053435114502
decision_type=2 2 2 8 8 2 2 2 2 2 2 8 2 10 2 10 2 10
left_child=1 2 3 6 9 -5 7 -1 -6 10 14 -7 15 -13 -4 16 -9 -18
right_child=-2 -3 4 5 8 11 -8 12 -10 -11 -12 13 -14 -15 -16 -17 17 -19
leaf_value=2.8094973022786367e-06 -8.7960063880430251e-06 8.8718236123855237e-06 5.6872018388466302e-06 6.44236064018704e-06 -5.9562780868825096e-06 -3.3557525355849292e-06 -8.4216763977148204e-06 -5.6031514374178173e-07 1.2641238258177794e-06 5.3681112186512937e-07 1.2162598208104762e-05 4.7510944092194769e-06 -6.8669049271520391e-06 -1.1217598464472624e-06 5.4602118680587173e-07 8.9605707958391692e-07 -2.1864923177112778e-06 -6.8067957729671991e-06
leaf_weight=1307 1348 1187 1104 1477 1003 1207 995 1394 1786 1405 1195 1076 1129 1019 1141 1005 1390 1290
leaf_count=1307 1348 1187 1104 1477 1003 1207 995 1394 1786 1405 1195 1076 1129 1019 1141 1005 1390 1290
internal_value=1.032e-07 6.45766e-07 1.79087e-07 -1.10819e-06 2.41994e-06 1.97407e-06 -2.83911e-06 -2.09997e-06 -1.33253e-06 4.58002e-06 6.23139e-06 -2.46181e-08 -3.13358e-06 1.89456e-06 3.07425e-06 -2.30371e-06 -3.09305e-06 -4.41045e-06
internal_weight=23458 22110 20923 13289 7634 4779 8510 7515 2789 4845 3440 3302 6208 2095 2245 5079 4074 2680
internal_count=23458 22110 20923 13289 7634 4779 8510 7515 2789 4845 3440 3302 6208 2095 2245 5079 4074 2680
is_linear=0
shrinkage=0.0187118


Tree=119
num_leaves=17
num_cat=0
split_feature=20 35 20 4 55 48 15 45 4 0 48 7 51 55 2 20
split_gain=0.000507498 0.000549291 0.000265762 0.000273901 0.000250306 0.000160022 0.000181273 0.000121269 0.000117844 9.37622e-05 8.4942e-05 8.58907e-05 8.21171e-05 6.74897e-05 6.39814e-05 1.85337e-05
threshold=7.6545092838196309 1.0000000180025095e-35 0.47558265582655829 -0.41985132002939679 11128.500000000002 80.97073446853814 0.035035426249850427 -0.0032336318626450806 -0.48574679179150881 5.5000000000000009 61.118371325618448 0.10106291047355688 38.888888888892275 7713.0000000000009 0.066822630370705696 1.0257237386269646
decision_type=2 2 2 2 2 2 8 2 2 2 2 10 2 2 2 2
left_child=1 2 8 -4 -2 6 -5 -8 9 -1 -11 -12 13 -9 15 -14
right_child=4 -3 3 5 -6 -7 7 12 -10 10 11 -13 14 -15 -16 -17
leaf_value=-6.3860012000281736e-06 1.5324430080755078e-05 -1.2760823770333979e-05 9.1001366051338965e-06 -6.1751970774377103e-06 3.068918500123833e-06 5.9049532169379119e-06 6.018903570627876e-06 -5.8756263825533424e-06 -7.9833734326178867e-06 -3.7822853756220752e-06 -1.8916889513341095e-06 5.5464018290068395e-06 1.4068463892156589e-06 -3.1111139233965741e-07 -1.2663592058045498e-06 4.6950327978242742e-06
leaf_weight=1227 1001 1284 1432 1615 1399 1622 1260 1271 1440 1541 1050 1127 1005 1910 1789 1490
leaf_count=1227 1001 1284 1432 1615 1399 1622 1260 1271 1440 1541 1050 1127 1005 1910 1789 1490
internal_value=2.78963e-08 -9.01042e-07 -1.31136e-07 1.36643e-06 8.18049e-06 4.40606e-07 -4.16567e-07 6.49356e-07 -3.27262e-06 -1.90083e-06 -4.20651e-07 1.9589e-06 -2.56957e-07 -2.53447e-06 1.43417e-06 3.37053e-06
internal_weight=23463 21063 19779 13394 2400 11962 10340 8725 6385 4945 3718 2177 7465 3181 4284 2495
internal_count=23463 21063 19779 13394 2400 11962 10340 8725 6385 4945 3718 2177 7465 3181 4284 2495
is_linear=0
shrinkage=0.0187118


Tree=120
num_leaves=17
num_cat=0
split_feature=20 35 25 52 52 17 20 0 25 27 20 51 51 11 52 27
split_gain=0.000488683 0.000528927 0.000276324 0.000270174 0.000241666 0.000234546 0.000159612 0.000131334 9.99755e-05 8.95876e-05 0.0001058 6.96834e-05 4.90132e-05 4.84688e-05 2.76639e-05 2.29531e-05
threshold=7.6545092838196309 1.0000000180025095e-35 -0.50262329198501032 0.19563263869960468 0.31201143981053708 -0.13149117931014304 1.147923253808566 121.50000000000001 -0.99193552599956447 24.274456302354412 0.47558265582655829 49.999999999997463 42.592592592595373 -0.59446564885496167 0.13341986583790297 -11.214402531352977
decision_type=2 2 2 2 2 10 2 2 2 10 2 2 2 10 2 10
left_child=1 2 4 9 7 -2 -5 8 11 10 -4 -1 -12 -11 -14 -13
right_child=5 -3 3 6 -6 -7 -8 -9 -10 13 12 15 14 -15 -16 -17
leaf_value=-4.3989025729101402e-06 1.4936874513542799e-05 -1.2522045503669448e-05 -2.2026669790069434e-06 1.8640924242795396e-06 -9.8558741285698966e-06 3.0751437646013789e-06 1.0229489490885135e-05 4.5688288178687568e-06 -6.8375095405007486e-06 4.5367288845311917e-07 6.8787240136334331e-07 2.4916650522381472e-06 7.5065991668189978e-06 -4.3576991498932106e-06 3.1127143319661273e-06 -8.419799172720125e-07
leaf_weight=1463 1002 1284 1787 1487 1388 1398 1725 1119 1376 1178 1360 1272 994 1941 1013 1676
leaf_count=1463 1002 1284 1787 1487 1388 1398 1725 1119 1376 1178 1360 1272 994 1941 1013 1676
internal_value=2.73743e-08 -8.84182e-07 -1.28682e-07 1.7508e-06 -2.73128e-06 8.02742e-06 6.35672e-06 -1.29934e-06 -2.43404e-06 -3.74447e-08 1.47732e-06 -1.06038e-06 3.43043e-06 -2.54051e-06 5.28886e-06 5.96417e-07
internal_weight=23463 21063 19779 11485 8294 2400 3212 6906 5787 8273 5154 4411 3367 3119 2007 2948
internal_count=23463 21063 19779 11485 8294 2400 3212 6906 5787 8273 5154 4411 3367 3119 2007 2948
is_linear=0
shrinkage=0.0187118


Tree=121
num_leaves=17
num_cat=0
split_feature=20 31 31 20 19 1 31 31 31 31 19 31 30 30 20 0
split_gain=0.000470566 0.000515128 0.000354125 0.0002816 0.000341165 0.000263725 0.000250898 0.000183807 0.000193276 0.000168649 0.000228621 0.000194763 0.000322699 9.96717e-05 8.0653e-05 4.64975e-05
threshold=7.6545092838196309 23.500000000000004 56.500000000000007 0.47558265582655829 0.14503404644183251 269.05003004372566 202.50000000000003 125.50000000000001 82.500000000000014 116.50000000000001 -0.86858127919614947 82.500000000000014 17.500000000000004 17.500000000000004 1.1949635730123538 6.5000000000000009
decision_type=2 2 2 2 2 2 2 2 2 2 2 2 2 2 2 2
left_child=1 -1 -2 6 9 -6 7 8 -3 11 15 12 -5 14 -12 -11
right_child=2 3 -4 4 5 -7 -8 -9 -10 10 13 -13 -14 -15 -16 -17
leaf_value=-1.1253931422780779e-05 1.641833894971746e-05 -7.5220811034637718e-06 1.8285081444700731e-06 7.0873362966737184e-06 1.1251733299745122e-05 3.8269564444573842e-07 3.6297153122194364e-06 -1.0383853787292685e-05 1.6395043137265097e-06 -4.2617352745402487e-06 -6.0995263475379411e-06 1.0009860093453571e-05 -6.9984567463659864e-06 3.5565515073586358e-06 6.0814202454487398e-07 -9.9096323767900569e-06
leaf_weight=1549 995 1536 1405 1165 1906 1325 1419 1653 1697 1005 1025 1029 1114 1984 1619 1037
leaf_count=1549 995 1536 1405 1165 1906 1325 1419 1653 1697 1005 1025 1029 1114 1984 1619 1037
internal_value=2.68621e-08 -8.67637e-07 7.87721e-06 -4.31841e-08 1.5098e-06 6.79445e-06 -3.29669e-06 -5.30827e-06 -2.71317e-06 -2.01438e-07 -1.91463e-06 3.25291e-06 2.02046e-07 3.86509e-07 -1.99222e-06 -7.12994e-06
internal_weight=23463 21063 2400 19514 13209 3231 6305 4886 3233 9978 6670 3308 2279 4628 2644 2042
internal_count=23463 21063 2400 19514 13209 3231 6305 4886 3233 9978 6670 3308 2279 4628 2644 2042
is_linear=0
shrinkage=0.0187118


Tree=122
num_leaves=18
num_cat=0
split_feature=4 37 48 18 47 19 1 18 29 2 25 52 31 2 0 53 16
split_gain=0.000309189 0.000285505 0.000175458 0.000166266 0.000171116 0.000158996 0.000176371 0.000122384 0.000150537 9.24048e-05 8.76799e-05 9.16258e-05 7.79966e-05 4.36805e-05 6.71377e-05 4.18861e-05 3.98623e-05
threshold=-0.0037275990728701442 0.0032077005391611961 61.891559061768213 0.4446873900725174 -55.555555555547585 0.35593497249219302 255.04151438920454 -0.019427718783286526 13.500000000000002 0.0045912346792235086 -0.33132645705153702 0.17132937993605032 120.50000000000001 -0.010237194273514364 20.500000000000004 32.600908980186659 0.49906015037593993
decision_type=2 2 2 8 2 2 2 8 2 2 2 2 2 2 2 2 2
left_child=1 2 3 10 -5 7 -7 9 -9 12 11 -1 -4 -12 15 -15 -6
right_child=-2 -3 5 4 16 6 -8 8 -10 -11 13 -13 -14 14 -16 -17 -18
leaf_value=-2.2985013111546257e-06 9.2420395583763879e-06 -9.0536498760371561e-06 8.2777452641152611e-06 6.4882501286843227e-06 -2.8357727291135758e-06 1.2194908914108606e-05 1.884946950540223e-06 2.2606711981736859e-06 -7.6527309227744886e-06 -2.0032142500816429e-06 8.5130285945737693e-07 -8.7636611186800347e-06 1.4614380624144864e-06 -3.604883620029106e-06 -6.4026265256513809e-06 1.4965160023712442e-06 1.4891468243268983e-06
leaf_weight=1617 1209 1280 1143 1610 1799 1017 1355 1016 1136 1006 1926 1461 1210 1033 1130 1240 1275
leaf_count=1617 1209 1280 1143 1610 1799 1017 1355 1016 1136 1006 1926 1461 1210 1033 1130 1240 1275
internal_value=2.63594e-08 -4.74304e-07 4.92761e-08 -1.2788e-06 1.54637e-06 2.25476e-06 6.30537e-06 5.11324e-07 -2.97242e-06 2.74325e-06 -2.85285e-06 -5.36725e-06 4.77255e-06 -1.40055e-06 -2.67503e-06 -8.21893e-07 -1.04193e-06
internal_weight=23463 22254 20974 13091 4684 7883 2372 5511 2152 3359 8407 3078 2353 5329 3403 2273 3074
internal_count=23463 22254 20974 13091 4684 7883 2372 5511 2152 3359 8407 3078 2353 5329 3403 2273 3074
is_linear=0
shrinkage=0.0187118


Tree=123
num_leaves=18
num_cat=0
split_feature=20 31 31 20 19 48 31 31 31 31 19 31 4 49 0 55 10
split_gain=0.00044763 0.000494829 0.000342136 0.000271326 0.000325042 0.000290174 0.000242035 0.00017645 0.0001798 0.0001619 0.000220045 0.000187552 0.000106388 8.48568e-05 4.45036e-05 4.28624e-05 3.12206e-05
threshold=7.6545092838196309 23.500000000000004 96.500000000000014 0.47558265582655829 0.14503404644183251 63.817939278629879 202.50000000000003 126.50000000000001 82.500000000000014 116.50000000000001 -0.86858127919614947 82.500000000000014 -0.15064446831364123 37.522962218169909 6.5000000000000009 16751.500000000004 -1.3919172932330823
decision_type=2 2 2 2 2 2 2 2 2 2 2 2 2 2 2 2 2
left_child=1 -1 -2 6 9 -6 7 8 -3 11 14 12 -5 15 -11 -12 -15
right_child=2 3 -4 4 5 -7 -8 -9 -10 10 13 -13 -14 16 -16 -17 -18
leaf_value=-1.1026168287518711e-05 1.425805098035419e-05 -7.3789433461113011e-06 9.1707703492125478e-08 4.746004218515017e-06 2.0578796485331883e-06 1.3500512653560444e-05 3.570838545508092e-06 -1.0277847522612881e-05 1.4066450270654856e-06 -4.17351649960233e-06 5.5088830604640045e-06 9.8307735276158067e-06 -3.3941330554758758e-06 -1.9443499777776074e-07 -9.6989917980128282e-06 5.1291887797938933e-07 -4.6571359289294481e-06
leaf_weight=1549 1286 1536 1114 1008 1936 1295 1419 1611 1739 1005 1115 1029 1271 1187 1037 1305 1021
leaf_count=1549 1286 1536 1114 1008 1936 1295 1419 1611 1739 1005 1115 1029 1271 1187 1037 1305 1021
internal_value=2.58662e-08 -8.46561e-07 7.68251e-06 -3.85149e-08 1.48587e-06 6.64414e-06 -3.23212e-06 -5.20784e-06 -2.71386e-06 -1.84437e-07 -1.863e-06 3.20009e-06 2.06242e-07 3.94562e-07 -6.97955e-06 2.81478e-06 -2.25803e-06
internal_weight=23463 21063 2400 19514 13209 3231 6305 4886 3275 9978 6670 3308 2279 4628 2042 2420 2208
internal_count=23463 21063 2400 19514 13209 3231 6305 4886 3275 9978 6670 3308 2279 4628 2042 2420 2208
is_linear=0
shrinkage=0.0187118


Tree=124
num_leaves=18
num_cat=0
split_feature=20 31 31 36 20 52 31 31 31 48 16 1 31 55 4 20 30
split_gain=0.000432749 0.000474416 0.00036136 0.000241536 0.000168453 0.000294746 0.000174849 0.000201086 0.000172183 0.000159848 0.000123051 0.000107917 0.000105796 0.00010331 7.29464e-05 5.69387e-05 5.37519e-05
threshold=6.3042929292929299 20.500000000000004 189.50000000000003 0.002010052281560815 0.72353976995991165 0.22947859096834008 202.50000000000003 122.50000000000001 84.500000000000014 63.817939278629879 0.51409774436090239 38.533031947125501 137.50000000000003 31479.000000000004 -0.069160212561478876 0.28833019065577209 17.500000000000004
decision_type=2 2 2 2 2 2 2 2 2 2 2 2 2 2 2 2 2
left_child=1 -1 -2 4 6 9 7 8 15 11 -7 -6 -11 -9 16 -3 -13
right_child=2 3 -4 -5 5 10 -8 13 -10 12 -12 14 -14 -15 -16 -17 -18
leaf_value=-1.1812652938972717e-05 1.1960655311290191e-05 -7.1256001893743705e-06 -1.8273414677600471e-06 -7.9375518053652766e-06 3.0034623613555784e-06 3.606804590722538e-06 3.578985564215077e-06 -1.0625015524326466e-05 4.1089804107586212e-06 8.6409374778709337e-06 1.267082109948476e-05 -3.717096918098609e-06 6.3904908110948504e-07 -3.2606553187994719e-06 -6.4321735793896326e-06 -8.0482196759258453e-07 1.6918351569250979e-06
leaf_weight=1311 1797 1000 1057 1310 1424 1023 1783 1343 1718 1106 1076 1345 1213 1325 1403 996 1233
leaf_count=1311 1797 1000 1057 1310 1424 1023 1783 1343 1718 1106 1076 1345 1213 1325 1403 996 1233
internal_value=2.53822e-08 -9.2029e-07 6.85417e-06 -1.80322e-07 3.84608e-07 2.0355e-06 -1.60152e-06 -3.04885e-06 -2.33703e-07 3.45828e-07 8.25325e-06 -1.41737e-06 4.45539e-06 -6.96768e-06 -2.99869e-06 -3.97155e-06 -1.13012e-06
internal_weight=23463 20609 2854 19298 17988 9823 8165 6382 3714 7724 2099 5405 2319 2668 3981 1996 2578
internal_count=23463 20609 2854 19298 17988 9823 8165 6382 3714 7724 2099 5405 2319 2668 3981 1996 2578
is_linear=0
shrinkage=0.0187118


Tree=125
num_leaves=18
num_cat=0
split_feature=20 35 31 25 52 1 52 0 16 48 25 50 31 55 17 26 31
split_gain=0.000416705 0.000465916 0.000347986 0.000228166 0.00022345 0.000206334 0.000156513 0.00013327 0.000122515 0.000100513 9.94051e-05 6.33891e-05 4.79766e-05 4.78163e-05 5.26742e-05 3.90772e-05 3.89089e-05
threshold=6.3042929292929299 1.0000000180025095e-35 188.50000000000003 -0.50311137927505223 0.31201143981053708 624.12980367585646 0.20039329487206228 121.50000000000001 0.51033834586466176 71.212438219638557 -0.99193552599956447 44.444444444448074 87.500000000000014 8035.0000000000009 -0.11775182118720924 -0.0061291844857701344 120.50000000000001
decision_type=2 2 2 2 2 2 2 2 2 2 2 2 2 2 10 10 2
left_child=1 3 -2 4 7 6 9 10 -8 12 11 -1 -5 -14 -15 -13 -7
right_child=2 -3 -4 5 -6 16 8 -9 -10 -11 -12 15 13 14 -16 -17 -18
leaf_value=-5.0167408364381821e-06 1.1759630582993547e-05 -1.1994012180649314e-05 -1.755162375015281e-06 -3.7312888158466034e-06 -9.4438951991275754e-06 -3.6416729774836049e-07 2.449004454389229e-06 4.8700503238752303e-06 1.0873424518551169e-05 5.2769404723538468e-06 -6.834452871206218e-06 2.0499835375105116e-06 4.1925508754886009e-06 -3.5754393423520509e-06 2.110408831485469e-06 -2.0568414368531192e-06 -4.8231480252544255e-06
leaf_weight=1029 1791 1246 1063 995 1379 1214 1120 1073 1313 1670 1313 1903 1079 1085 1203 1414 1573
leaf_count=1029 1791 1246 1063 995 1379 1214 1120 1073 1313 1670 1313 1903 1079 1085 1203 1414 1573
internal_value=2.49073e-08 -9.03069e-07 6.72591e-06 -1.89372e-07 -2.58176e-06 1.53518e-06 2.98911e-06 -1.17611e-06 6.99535e-06 1.37319e-06 -2.32252e-06 -9.59384e-07 -1.21366e-07 9.45421e-07 -5.85895e-07 2.99289e-07 -2.88084e-06
internal_weight=23463 20609 2854 19363 8111 11252 8465 6732 2433 6032 5659 4346 4362 3367 2288 3317 2787
internal_count=23463 20609 2854 19363 8111 11252 8465 6732 2433 6032 5659 4346 4362 3367 2288 3317 2787
is_linear=0
shrinkage=0.0187118


Tree=126
num_leaves=18
num_cat=0
split_feature=20 20 16 52 48 38 27 48 18 36 31 48 20 4 31 30 4
split_gain=0.000474069 0.000356541 0.000226714 0.00016671 0.000125118 0.000119423 9.97955e-05 9.25124e-05 7.60447e-05 7.82607e-05 5.77932e-05 5.5037e-05 5.9258e-05 4.68336e-05 9.65924e-05 0.000120897 4.23831e-05
threshold=0.060213074520303438 18.017241379310349 0.54605263157894746 0.24870785137133392 94.481463546664031 0.003192340421195317 6.8901637478000595 60.6802675801489 -0.021004307827411698 -0.0010565243307563141 101.50000000000001 61.4715105859459 1.0536406341749855 -0.3606690598677143 85.500000000000014 17.500000000000004 -0.44921985414664473
decision_type=2 2 2 2 2 2 8 2 10 2 2 2 2 2 2 2 2
left_child=-1 2 4 6 5 8 7 -4 9 -2 -10 13 16 -11 -15 -16 -13
right_child=1 -3 3 -5 -6 -7 -8 -9 10 11 -12 12 -14 14 15 -17 -18
leaf_value=-1.1716429535851931e-05 4.8450424314729447e-06 1.1408707733064301e-05 7.087251738561496e-07 8.6575194456531393e-06 5.4885974205335552e-06 -7.5833602077887709e-06 -2.4137851815573312e-06 7.7323737716155343e-06 -2.6383878225101868e-07 7.1366840537117735e-07 -5.4841338933189839e-06 1.9129562309790964e-06 4.5472061980914941e-06 -7.7542311618837807e-06 -4.7710255497536789e-06 2.6212987949398337e-06 -3.4289799470855257e-06
leaf_weight=1117 999 1052 1583 1554 995 1008 1486 1122 1212 1890 1917 1087 1222 1047 1595 1506 997
leaf_count=1117 999 1052 1583 1554 995 1008 1486 1122 1212 1890 1917 1087 1222 1047 1595 1506 997
internal_value=1.79107e-07 7.757e-07 2.48559e-07 3.4229e-06 -9.29894e-07 -1.37094e-06 1.48193e-06 3.62205e-06 -9.06119e-07 -1.3288e-07 -3.46208e-06 -6.65087e-07 1.27567e-06 -1.72772e-06 -2.84011e-06 -1.18094e-06 -6.42662e-07
internal_weight=23389 22272 21220 5745 15475 14480 4191 2705 13472 10343 3129 9344 3306 6038 4148 3101 2084
internal_count=23389 22272 21220 5745 15475 14480 4191 2705 13472 10343 3129 9344 3306 6038 4148 3101 2084
is_linear=0
shrinkage=0.0187118


Tree=127
num_leaves=19
num_cat=0
split_feature=20 20 24 51 25 52 18 20 55 0 52 11 48 0 27 29 15 53
split_gain=0.000456494 0.000343323 0.00019973 0.000143081 0.000175986 0.00011773 0.000103918 0.000129662 9.20723e-05 8.16763e-05 8.19933e-05 7.25921e-05 5.53434e-05 6.42127e-05 7.20328e-05 3.99323e-05 3.77867e-05 4.33989e-05
threshold=0.060213074520303438 18.017241379310349 1.0000000000002134 49.999999999997463 -0.50252907995500784 0.21698582197887198 -0.047092411512515857 1.5966726003012461 9104.5000000000018 32.500000000000007 0.1841903444441659 -0.37309160305343508 78.958182423615213 13.500000000000002 -12.103356864364928 11.500000000000002 0.15373459672090692 37.949684588337
decision_type=2 2 10 2 2 2 8 2 2 2 2 10 2 2 10 2 10 2
left_child=-1 2 3 4 11 16 7 8 -5 10 -4 15 13 -8 -15 -2 17 -6
right_child=1 -3 9 6 5 -7 12 -9 -10 -11 -12 -13 -14 14 -16 -17 -18 -19
leaf_value=-1.1497193875932952e-05 -1.5271710969460203e-06 1.1195230114354018e-05 3.2337028736258877e-06 -3.3588085093370693e-06 -3.1733815664256284e-06 4.956441057821881e-06 -2.6268250911363101e-06 8.7272857067524929e-06 3.6812461252164423e-06 9.0334357802066315e-07 1.0239660621858346e-05 -1.0113852655357194e-05 -4.7593517285731778e-06 5.8068799443581394e-06 -5.9150262001547672e-07 -6.6767676994984154e-06 -5.0047154330751438e-06 1.7514913077180432e-06
leaf_weight=1117 1096 1052 1411 1024 1251 1153 1751 1086 1783 1841 999 1005 998 1043 1505 1016 1003 1255
leaf_count=1117 1096 1052 1411 1024 1251 1153 1751 1086 1783 1841 999 1005 998 1043 1505 1016 1003 1255
internal_value=1.75756e-07 7.61185e-07 2.43908e-07 -6.64712e-07 -2.53227e-06 -2.30959e-07 9.16108e-07 3.23711e-06 1.11302e-06 3.87091e-06 6.13783e-06 -5.97427e-06 -7.897e-07 1.31842e-07 2.02761e-06 -4.00444e-06 -1.93545e-06 -7.07014e-07
internal_weight=23389 22272 21220 16969 7779 4662 9190 3893 2807 4251 2410 3117 5297 4299 2548 2112 3509 2506
internal_count=23389 22272 21220 16969 7779 4662 9190 3893 2807 4251 2410 3117 5297 4299 2548 2112 3509 2506
is_linear=0
shrinkage=0.0187118


Tree=128
num_leaves=17
num_cat=0
split_feature=4 15 30 31 9 4 31 13 38 52 48 25 31 18 52 27
split_gain=0.000251042 0.000246506 0.000160033 0.000231682 0.000226631 0.000228033 0.0002199 0.000132809 0.000113061 0.000102333 9.88446e-05 9.27362e-05 5.7797e-05 5.56318e-05 5.03671e-05 5.64545e-05
threshold=-0.0032435411837865333 0.030562494274702187 18.500000000000004 90.500000000000014 -0.80248091603053429 -0.7506642546215162 100.50000000000001 -0.074782740114322552 0.0031562344346670605 0.20161792586349139 62.596342293932274 -0.50000000000000877 106.50000000000001 -0.24352898140597409 0.22508606901608166 5.2106319591065775
decision_type=2 8 2 2 10 2 2 10 2 2 2 2 2 10 2 10
left_child=1 8 4 -4 9 -6 7 -7 12 -3 -5 13 -1 -8 15 -13
right_child=-2 2 3 10 5 6 11 -9 -10 -11 -12 14 -14 -15 -16 -17
leaf_value=4.5834967973198954e-07 8.7524914781243456e-06 1.6791807323108396e-06 -2.6611332705754187e-06 3.6595541551904434e-06 -1.0008002342620101e-05 6.6838236161540079e-06 -3.1517803200203091e-06 -9.8837492082729963e-07 -9.8130257520936769e-06 9.0950044027296899e-06 1.0262461026112134e-05 6.1366120265675221e-07 -5.061486267764028e-06 -9.0805558258150152e-06 2.5803569996397308e-06 -4.2457507722712003e-06
leaf_weight=1199 1136 1849 1446 1969 1030 1779 1246 1421 1061 1006 1330 1448 1489 998 998 1984
leaf_count=1199 1136 1849 1446 1969 1030 1779 1246 1421 1061 1006 1330 1448 1489 998 998 1984
internal_value=1.72467e-07 -2.65537e-07 6.20926e-07 3.58414e-06 -4.00983e-07 -1.62982e-06 -7.5585e-07 3.27689e-06 -4.64087e-06 4.29225e-06 6.32153e-06 -2.68944e-06 -2.59933e-06 -5.78855e-06 -1.11959e-06 -2.19551e-06
internal_weight=23389 22253 18504 4745 13759 10904 9874 3200 3749 2855 3299 6674 2688 2244 4430 3432
internal_count=23389 22253 18504 4745 13759 10904 9874 3200 3749 2855 3299 6674 2688 2244 4430 3432
is_linear=0
shrinkage=0.0187118


Tree=129
num_leaves=19
num_cat=0
split_feature=20 20 19 35 20 52 16 1 19 55 19 42 53 51 53 4 20 53
split_gain=0.000434795 0.000326722 0.000315299 0.000231803 0.000250724 0.00020446 0.000199183 0.000181421 0.000164009 0.00015939 0.000131349 0.000108708 0.000108472 0.000101273 8.34895e-05 3.98124e-05 4.09115e-05 3.91485e-05
threshold=0.060213074520303438 18.017241379310349 2.2095830421200167 1.0000000180025095e-35 1.3887119603680118 0.21176826070987798 0.51033834586466176 81.296109502628298 -2.3025547077918271 50877.500000000007 0.12858018487483494 0.0018885758105361419 48.972559334082298 38.888888888888637 50.461364644993346 -0.41985132002939679 0.76831622563329893 30.130841409776327
decision_type=2 2 2 2 2 2 2 2 2 2 2 2 2 2 2 2 2 2
left_child=-1 2 3 4 7 8 -7 10 -6 12 15 13 17 -9 -15 -2 -17 -10
right_child=1 -3 -4 -5 5 6 -8 11 9 -11 -12 -13 -14 14 -16 16 -18 -19
leaf_value=-1.1222905253230086e-05 1.0098766026702217e-06 1.0919231791184919e-05 9.4231914220976191e-06 -8.2029225493124156e-06 -5.6361866868829155e-06 1.7587512331999318e-06 1.3154198720176189e-05 -5.8706970672462867e-06 4.3790648147336819e-06 -3.9067703138982935e-06 4.6867943891474655e-06 -9.1637046774496338e-06 8.6992970362991497e-06 -2.9873592321639469e-06 3.8845613917657875e-06 -5.5710600684732029e-06 -3.2004369388563002e-07 -8.6469123938958607e-07
leaf_weight=1117 1484 1052 1232 1229 1083 1031 1121 1955 1000 1034 1973 1123 1308 1538 1036 1062 1017 994
leaf_count=1117 1484 1052 1232 1229 1083 1031 1121 1955 1000 1034 1973 1123 1308 1538 1036 1062 1017 994
internal_value=1.6924e-07 7.40586e-07 2.35971e-07 -3.30302e-07 1.85475e-07 2.81519e-06 7.69476e-06 -1.59407e-06 8.77403e-07 2.5043e-06 8.13539e-07 -3.95227e-06 4.51188e-06 -2.66005e-06 -2.21504e-07 -1.33126e-06 -3.00238e-06 1.76507e-06
internal_weight=23389 22272 21220 19988 18759 7571 2152 11188 5419 4336 5536 5652 3302 4529 2574 3563 2079 1994
internal_count=23389 22272 21220 19988 18759 7571 2152 11188 5419 4336 5536 5652 3302 4529 2574 3563 2079 1994
is_linear=0
shrinkage=0.0187118


Tree=130
num_leaves=17
num_cat=0
split_feature=20 20 19 31 31 38 20 1 20 20 16 31 16 52 48 4
split_gain=0.000418676 0.000314609 0.00030361 0.000262919 0.000287077 0.000229426 0.000186351 0.000156638 0.000181229 0.000125179 0.000113535 7.19854e-05 6.36079e-05 6.04214e-05 6.28437e-05 5.23184e-05
threshold=0.060213074520303438 18.017241379310349 2.2095830421200167 24.500000000000004 120.50000000000001 0.0013504395083342449 2.2793453102612151 155.73442750757491 1.3887119603680118 0.78156090022215785 0.49154135338345867 203.50000000000003 0.53571428571428592 0.18621922877603661 36.819705500285203 -0.31347871558595736
decision_type=2 2 2 2 2 2 2 2 2 2 2 2 2 2 2 2
left_child=-1 2 3 -2 6 7 10 9 -9 11 15 -6 -12 14 -11 -5
right_child=1 -3 -4 4 5 -7 -8 8 -10 13 12 -13 -14 -15 -16 -17
leaf_value=-1.1012904312441472e-05 -7.6192462640675779e-06 1.0714913142437135e-05 9.2468663476856744e-06 1.1500715907948774e-06 -3.7314194811950783e-06 -7.6359758632605004e-06 8.3055034098418892e-06 -9.6072599732124738e-06 -3.3537654356311606e-07 -1.2847164397278247e-06 7.7179686986106017e-06 2.3049738664563752e-06 1.6675793656715564e-06 7.6237735615963272e-06 4.8876321961016312e-06 -4.0280395212178653e-06
leaf_weight=1117 1592 1052 1232 1526 1855 1818 1880 1174 1988 1038 1095 1103 1369 1011 1302 1237
leaf_count=1117 1592 1052 1232 1526 1855 1818 1880 1174 1988 1038 1095 1103 1369 1011 1302 1237
internal_value=1.66073e-07 7.26728e-07 2.31555e-07 -3.24121e-07 3.07203e-07 -1.54748e-06 3.25324e-06 -3.78762e-07 -3.77788e-06 1.32484e-06 1.43609e-06 -1.48053e-06 4.35637e-06 3.80119e-06 2.14964e-06 -1.16818e-06
internal_weight=23389 22272 21220 19988 18396 11289 7107 9471 3162 6309 5227 2958 2464 3351 2340 2763
internal_count=23389 22272 21220 19988 18396 11289 7107 9471 3162 6309 5227 2958 2464 3351 2340 2763
is_linear=0
shrinkage=0.0187118


Tree=131
num_leaves=18
num_cat=0
split_feature=20 20 16 52 48 39 27 48 31 30 31 30 20 18 31 52 49
split_gain=0.000403154 0.000302945 0.000200473 0.000152119 0.000118819 0.000108537 9.23408e-05 8.81981e-05 8.09013e-05 0.000243001 0.000223313 0.000251683 8.80689e-05 0.000121062 6.27208e-05 4.78989e-05 3.33014e-05
threshold=0.060213074520303438 18.017241379310349 0.54605263157894746 0.24870785137133392 94.481463546664031 0.0032180229999326797 6.8901637478000595 57.54611021768175 102.50000000000001 18.500000000000004 81.500000000000014 17.500000000000004 1.4204253013680077 -0.082067617083668859 188.50000000000003 0.14691847117708065 81.877280987670147
decision_type=2 2 2 2 2 2 8 2 2 2 2 2 2 10 2 2 2
left_child=-1 2 4 6 5 8 7 -4 10 12 11 -2 13 15 -14 -10 -11
right_child=1 -3 3 -5 -6 -7 -8 -9 9 16 -12 -13 14 -15 -16 -17 -18
leaf_value=-1.0806832914270364e-05 3.8470305375671994e-06 1.0514417687183814e-05 3.2209087904498286e-07 8.2125058496595965e-06 5.3738967552457129e-06 -7.1557084684839452e-06 -2.389263328176839e-06 7.1057720854940244e-06 -8.4655244790616723e-07 6.2049526759347774e-06 8.882667340913853e-06 -5.9722401190747639e-06 2.6671883708158304e-06 -1.0417541168018921e-05 -3.1881361088397181e-06 -5.7213165477618042e-06 1.3855215296679043e-06
leaf_weight=1117 1840 1052 1471 1554 995 1033 1486 1234 1411 1004 1017 1816 1010 1182 1751 1412 1004
leaf_count=1117 1840 1052 1471 1554 995 1033 1486 1234 1411 1004 1017 1816 1010 1182 1751 1412 1004
internal_value=1.62965e-07 7.1313e-07 2.27223e-07 3.2122e-06 -8.80933e-07 -1.31074e-06 1.35812e-06 3.41675e-06 -8.61726e-07 -1.92093e-06 1.12703e-06 -1.03037e-06 -3.61736e-06 -5.38989e-06 -1.0462e-06 -3.2848e-06 3.79524e-06
internal_weight=23389 22272 21220 5745 15475 14480 4191 2705 13447 8774 4673 3656 6766 4005 2761 2823 2008
internal_count=23389 22272 21220 5745 15475 14480 4191 2705 13447 8774 4673 3656 6766 4005 2761 2823 2008
is_linear=0
shrinkage=0.0187118


Tree=132
num_leaves=18
num_cat=0
split_feature=20 19 20 30 4 20 9 55 37 30 20 29 17 16 12 4 19
split_gain=0.000389704 0.000403703 0.000272009 0.00017077 0.000190071 0.000318574 0.000247782 0.000164667 0.000134526 0.000143671 0.00012702 0.000109479 0.00010862 8.38162e-05 7.2798e-05 7.2229e-05 6.18508e-05
threshold=1.4204253013680077 0.24047916453992005 0.055327558657808432 18.500000000000004 -0.40479959296738083 0.495432932932933 -0.77958015267175562 52769.000000000007 -0.0019550360812133345 16.500000000000004 0.72353976995991165 7.5000000000000009 -0.21256692314443695 0.46334586466165417 -0.43225190839694655 -0.20181327378596867 0.25092281746512418
decision_type=2 2 2 2 2 2 10 2 2 2 2 2 8 2 10 2 2
left_child=2 7 -1 4 5 6 -4 8 -2 -10 -6 -5 -8 -11 -15 -12 -13
right_child=1 -3 3 11 10 -7 12 -9 9 13 15 16 -14 14 -16 -17 -18
leaf_value=-1.1072260854610748e-05 8.9089069458124338e-06 1.4292714856972429e-05 5.8800506139243884e-06 7.7937590028631621e-06 -8.6983344382680427e-06 9.7544301229740285e-06 -1.8618489618385935e-06 -3.9284708290483678e-06 7.1605499514594653e-06 -4.0717236796441511e-06 6.4559497494712873e-07 3.1121079523870863e-06 -9.2544706415861703e-06 4.7311273479654402e-06 -9.3458435035049249e-07 -5.182518348498445e-06 -3.0926599977418955e-06
leaf_weight=1028 1123 1011 1004 997 1902 994 1682 1463 1350 1185 1372 1268 1187 1513 1671 1628 1011
leaf_count=1028 1123 1011 1004 997 1902 994 1682 1463 1350 1185 1372 1268 1187 1513 1671 1628 1011
internal_value=1.59916e-07 3.12855e-06 -1.80525e-06 -1.07497e-06 -2.31475e-06 3.04661e-07 -2.12061e-06 1.76949e-06 2.98786e-06 1.82519e-06 -4.91547e-06 2.62205e-06 -4.92042e-06 1.76587e-07 1.7577e-06 -2.51713e-06 3.59575e-07
internal_weight=23389 9316 14073 13045 9769 4867 3873 8305 6842 5719 4902 3276 2869 4369 3184 3000 2279
internal_count=23389 9316 14073 13045 9769 4867 3873 8305 6842 5719 4902 3276 2869 4369 3184 3000 2279
is_linear=0
shrinkage=0.0187118


Tree=133
num_leaves=18
num_cat=0
split_feature=37 36 48 18 29 42 2 4 18 25 50 31 31 19 19 21 47
split_gain=0.000225796 0.000172288 0.000126304 0.000123412 0.00011802 0.000112741 9.58759e-05 0.000146616 9.52018e-05 9.06486e-05 9.73776e-05 8.53168e-05 6.79649e-05 9.17219e-05 7.24727e-05 3.25873e-05 2.04142e-05
threshold=0.0031771267065384694 -0.0027266543003817696 62.596342293932274 -0.034350532384149181 14.500000000000002 0.0013633271501909407 0.0045912346792235086 -0.24971027192040249 0.51956774889350299 -0.50262329198501032 49.999999999996952 113.50000000000001 103.50000000000001 -0.095293485085852211 -0.0494468342962655 -0.25685933222528851 -47.619047619066713
decision_type=2 2 2 8 2 2 2 2 8 2 2 2 2 2 2 2 2
left_child=1 -1 5 6 -5 8 7 15 9 10 -3 -10 13 -11 -14 -4 -13
right_child=-2 2 3 4 -6 -7 -8 -9 11 12 -12 16 14 -15 -16 -17 -18
leaf_value=7.4223273344599104e-06 -7.3538780740327055e-06 -8.0195559752802141e-06 4.8874409655051292e-06 2.1694174509018905e-06 -5.4775293987788694e-06 -5.5980660140935264e-06 -2.6165421775258339e-07 1.0940914366366246e-05 6.3753028689724425e-06 6.3288224895687098e-06 -2.6723586044563088e-07 2.3523600775504944e-06 -4.6698939349520051e-06 -1.3019292114977877e-06 8.6864338115797245e-07 2.4628467849926381e-07 -9.7572423078936826e-07
leaf_weight=1196 1355 1301 1134 1723 1198 1623 1351 1181 1135 1049 1006 1035 1666 1163 1643 994 1714
leaf_count=1196 1355 1301 1134 1723 1198 1623 1351 1181 1135 1049 1006 1035 1666 1163 1643 994 1714
internal_value=6.07478e-08 5.15108e-07 1.20146e-07 2.04864e-06 -9.66851e-07 -9.76209e-07 3.93882e-06 5.65379e-06 -3.35731e-07 -1.52406e-06 -4.63905e-06 2.05929e-06 -2.22436e-07 2.31681e-06 -1.91987e-06 2.71953e-06 2.773e-07
internal_weight=23467 22112 20916 7581 2921 13335 4660 3309 11712 7828 2307 3884 5521 2212 3309 2128 2749
internal_count=23467 22112 20916 7581 2921 13335 4660 3309 11712 7828 2307 3884 5521 2212 3309 2128 2749
is_linear=0
shrinkage=0.0187118


Tree=134
num_leaves=19
num_cat=0
split_feature=20 31 20 27 31 20 31 31 42 16 4 48 52 51 27 55 52 47
split_gain=0.000362287 0.000446337 0.000288375 0.000425489 0.000215097 0.000197631 0.000175212 0.000208117 0.000172861 0.000165537 0.000159384 0.000147885 0.000131558 0.000107875 9.93123e-05 9.45224e-05 4.4952e-05 4.48691e-05
threshold=18.017241379310349 24.500000000000004 2.4353400222965447 1.8266872819476949 228.50000000000003 0.19865281683752153 128.50000000000003 86.500000000000014 0.0013633271501909407 0.50657894736842113 -0.38026457120244211 29.803162647129344 0.20541864465659007 73.793490460156519 -0.19624494111143756 15313.500000000002 0.13594058942613049 15.15151515150235
decision_type=2 2 2 10 2 2 2 2 2 2 2 2 2 2 10 2 2 2
left_child=1 -1 4 -4 5 13 7 10 11 -9 -7 -8 16 -3 17 -6 -5 -13
right_child=-2 2 3 12 15 6 8 9 -10 -11 -12 14 -14 -15 -16 -17 -18 -19
leaf_value=-9.1172254185756337e-06 1.0807520419796806e-05 -1.0741435393762899e-05 1.5316889850818557e-05 1.409560124696756e-06 6.8148639428002405e-07 3.3750473838268413e-06 -5.7691782582977027e-06 1.5244564488331816e-06 -9.1180434382046965e-06 1.1398277916778725e-05 -5.4537560469536729e-06 6.2208510517514076e-06 6.8160525851147553e-06 -2.806775923665017e-06 -2.9815281608445018e-06 8.4863642157539881e-06 -3.927071358031716e-06 7.7506863786585947e-07
leaf_weight=1901 1049 1123 1007 1134 1056 1301 1687 1321 1197 1081 1592 1065 1064 1288 1350 1119 1078 1054
leaf_count=1901 1049 1123 1007 1134 1056 1301 1687 1321 1197 1081 1592 1065 1064 1288 1350 1119 1078 1054
internal_value=5.96111e-08 -4.43313e-07 3.60367e-07 4.6793e-06 -7.79093e-07 -1.62627e-06 -6.16924e-07 1.89687e-06 -2.71208e-06 5.96809e-06 -1.48339e-06 -1.22489e-06 1.40944e-06 -6.5026e-06 9.85029e-07 4.69696e-06 -1.1912e-06 3.5121e-06
internal_weight=23467 22418 20517 4283 16234 14059 11648 5295 6353 2402 2893 5156 3276 2411 3469 2175 2212 2119
internal_count=23467 22418 20517 4283 16234 14059 11648 5295 6353 2402 2893 5156 3276 2411 3469 2175 2212 2119
is_linear=0
shrinkage=0.0187118


Tree=135
num_leaves=19
num_cat=0
split_feature=20 20 31 20 27 31 1 31 31 30 20 27 52 16 47 20 52 51
split_gain=0.000355488 0.000317507 0.000179574 0.000253538 0.000409714 0.00013968 0.00017339 0.000130613 0.000262085 0.000419937 0.000139815 0.000167658 0.000126681 9.64888e-05 9.34959e-05 7.65686e-05 4.32855e-05 2.25324e-05
threshold=0.055327558657808432 18.017241379310349 24.500000000000004 2.4353400222965447 1.8266872819476949 228.50000000000003 992.36205787174151 123.50000000000001 86.500000000000014 17.500000000000004 0.35265507518796996 -0.19624494111143756 0.20541864465659007 0.49154135338345867 -7.2463768116075169 0.78156090022215785 0.13594058942613049 61.111111111111597
decision_type=2 2 2 2 10 2 2 2 2 2 2 10 2 2 2 2 2 2
left_child=-1 2 -2 5 -5 6 7 8 9 -4 -9 15 16 -10 -13 -12 -6 -7
right_child=1 -3 3 4 12 17 -8 10 13 -11 11 14 -14 -15 -16 -17 -18 -19
leaf_value=-1.0636200707954847e-05 -5.7790646388046924e-06 1.0605292107041224e-05 4.2336201877441084e-06 1.5030282940410825e-05 1.3831846946538928e-06 2.069736394336477e-06 -8.3197248889230599e-06 -7.7777836530698821e-06 2.3627388772706416e-06 -9.6770986892620583e-06 -5.2579739798805524e-07 -1.42470028197914e-06 6.6885119201422325e-06 9.8945600437596099e-06 -8.8831906259277401e-06 5.5243862044947142e-06 -3.8535886317414026e-06 5.9830434180285339e-06
leaf_weight=1040 1697 1049 1676 1007 1134 1057 1115 1333 1169 1390 1837 1326 1064 1214 1058 1218 1078 1005
leaf_count=1040 1697 1049 1676 1007 1134 1057 1115 1333 1169 1390 1837 1326 1064 1214 1058 1218 1078 1005
internal_value=5.84957e-08 5.54437e-07 6.12506e-08 5.64834e-07 4.59174e-06 -5.55263e-07 -1.25605e-06 -6.1158e-07 1.54495e-06 -2.07293e-06 -2.3468e-06 -1.01577e-06 1.38307e-06 6.19977e-06 -4.73472e-06 1.88635e-06 -1.16891e-06 3.97705e-06
internal_weight=23467 22427 21378 19681 4283 15398 13336 12221 5449 3066 6772 5439 3276 2383 2384 3055 2212 2062
internal_count=23467 22427 21378 19681 4283 15398 13336 12221 5449 3066 6772 5439 3276 2383 2384 3055 2212 2062
is_linear=0
shrinkage=0.0187118


Tree=136
num_leaves=19
num_cat=0
split_feature=20 20 19 31 31 30 31 30 31 38 55 31 20 31 19 0 30 30
split_gain=0.000342309 0.000305736 0.000281019 0.000301947 0.000284348 0.00020522 0.000203547 0.000482098 0.000318765 0.000196565 0.000172911 0.000165702 0.000128267 0.000112351 9.96224e-05 0.000116585 9.77151e-05 0.000146355
threshold=0.055327558657808432 18.017241379310349 1.9623125720919463 24.500000000000004 120.50000000000001 18.500000000000004 86.500000000000014 17.500000000000004 99.500000000000014 0.0013271405976448272 9133.0000000000018 55.500000000000007 1.3887119603680118 198.50000000000003 -0.13721915572822493 16.500000000000004 16.500000000000004 17.500000000000004
decision_type=2 2 2 2 2 2 2 2 2 2 2 2 2 2 2 2 2 2
left_child=-1 2 3 -2 6 9 7 10 -8 12 -5 -9 16 -7 15 -14 -6 -18
right_child=1 -3 -4 4 5 13 8 11 -10 -11 -12 -13 14 -15 -16 -17 17 -19
leaf_value=-1.0437178107136516e-05 -8.2908108404776383e-06 1.0406847785610995e-05 8.1674405527180396e-06 1.0411059556141808e-06 -4.2045486190867115e-07 -5.1666136709437959e-07 1.5395146588351355e-05 -2.6821654734541175e-07 1.891285378382712e-06 -9.2997143937117034e-06 1.1273497205275265e-05 -1.04030567861424e-05 2.0393769804591709e-06 7.5080896660629385e-06 4.3095539279964111e-06 -6.5464489229851594e-06 -1.2013508811803268e-05 -2.2725599836743888e-06
leaf_weight=1040 1605 1049 1399 1046 1372 1363 1026 1111 1517 1458 1293 1149 1210 1107 1530 1021 1009 1162
leaf_count=1040 1605 1049 1399 1046 1372 1363 1026 1111 1517 1458 1293 1149 1210 1107 1530 1021 1009 1162
internal_value=5.74011e-08 5.44063e-07 6.01045e-08 -5.076e-07 1.72277e-07 -1.6839e-06 3.09144e-06 7.42449e-07 7.33956e-06 -3.0268e-06 6.69758e-06 -5.42084e-06 -1.77463e-06 3.07986e-06 6.32103e-07 -1.88986e-06 -4.32944e-06 -6.79979e-06
internal_weight=23467 22427 21378 19979 18374 11232 7142 4599 2543 8762 2339 2260 7304 2470 3761 2231 3543 2171
internal_count=23467 22427 21378 19979 18374 11232 7142 4599 2543 8762 2339 2260 7304 2470 3761 2231 3543 2171
is_linear=0
shrinkage=0.0187118


Tree=137
num_leaves=19
num_cat=0
split_feature=20 31 1 2 21 31 53 38 31 20 4 22 51 31 1 55 15 48
split_gain=0.000332045 0.000270267 0.000355447 0.000329324 0.000251864 0.000202762 0.000161294 0.00014748 0.000114953 0.000131965 0.000178207 9.76e-05 9.30498e-05 7.90734e-05 0.000103639 7.00686e-05 5.46403e-05 4.06609e-05
threshold=1.3887119603680118 184.50000000000003 61.264654930972277 1.0000000180025095e-35 1.0000000180025095e-35 63.500000000000007 40.30879444780367 0.0031562344346670605 231.50000000000003 0.25380867682313829 -0.53053804624342793 -0.63339620973208743 72.222222222221475 100.50000000000001 145.03137345989367 40260.000000000007 0.1100221300528232 47.738454483188612
decision_type=2 2 2 2 2 2 2 2 2 2 2 8 2 2 2 2 10 2
left_child=4 2 5 -4 7 -2 -6 8 9 12 -11 13 -1 -12 17 16 -3 -15
right_child=1 15 3 -5 6 -7 -8 -9 -10 10 11 -13 -14 14 -16 -17 -18 -19
leaf_value=-8.3441447461964132e-06 -5.0303673145326736e-06 -2.7061700562104663e-06 1.4154970749509698e-05 2.2223058239515788e-06 -2.8540813486468575e-06 5.5177165133102129e-06 -1.3158820706770259e-05 -7.2243291376338794e-06 5.1219524537000825e-06 6.6122115686471573e-06 3.9103175064605753e-06 -6.1364155946986157e-06 -1.0987054357977016e-06 -1.7931755874026213e-06 -6.2480220478268543e-06 -5.2866895879070767e-06 2.9831119567465067e-06 3.3440180533938274e-06
leaf_weight=1156 1345 1069 1966 1377 1136 1214 1000 1102 1326 1369 1426 1025 1340 1013 1038 1089 1322 1154
leaf_count=1156 1345 1069 1966 1377 1136 1214 1000 1102 1326 1369 1426 1025 1340 1013 1038 1089 1322 1154
internal_value=5.6327e-08 2.78352e-06 5.22221e-06 9.23984e-06 -1.76026e-06 -2.63124e-08 -7.6784e-06 -7.02329e-07 -3.97271e-08 -7.586e-07 5.54515e-07 -9.11713e-07 -4.45437e-06 2.44693e-07 -1.38625e-06 -1.35242e-06 4.39471e-07 9.42551e-07
internal_weight=23467 9382 5902 3343 14085 2559 2136 11949 10847 9521 7025 5656 2496 4631 3205 3480 2391 2167
internal_count=23467 9382 5902 3343 14085 2559 2136 11949 10847 9521 7025 5656 2496 4631 3205 3480 2391 2167
is_linear=0
shrinkage=0.0187118


Tree=138
num_leaves=17
num_cat=0
split_feature=20 35 31 20 4 31 20 19 11 52 17 31 30 18 55 11
split_gain=0.000326677 0.000392075 0.000302376 0.000160108 0.000203949 0.000197221 0.000119223 0.000174242 0.000110654 0.00016938 0.000108408 0.000100702 9.5451e-05 9.73588e-05 7.18777e-05 3.92963e-05
threshold=6.3042929292929299 1.0000000180025095e-35 54.500000000000007 0.47558265582655829 -0.40479959296738083 225.50000000000003 1.147923253808566 0.099585266693964072 -0.84541984732824416 0.20541864465659007 -0.062973581814458307 120.50000000000001 18.500000000000004 -0.19019678814937027 40260.000000000007 -0.64980916030534341
decision_type=2 2 2 2 2 2 2 2 10 2 10 2 2 10 2 10
left_child=1 3 -2 5 -5 8 12 10 -1 11 14 -10 13 -6 15 -8
right_child=2 -3 -4 4 6 -7 7 -9 9 -11 -12 -13 -14 -15 -16 -17
leaf_value=1.5431242419419305e-06 1.3497622954820419e-05 -1.0989901993535365e-05 1.0602559032351449e-06 7.3135425236298026e-06 -1.1401331715579766e-06 5.0779944201446258e-06 3.4000419561725434e-06 7.8377951430180261e-06 5.9169623880841412e-09 -1.1376221194825486e-05 4.8067555054437014e-06 -6.6265960353132094e-06 2.3496860285316227e-06 -7.7665024969336775e-06 -4.9565651749239624e-06 -1.1471105030872593e-06
leaf_weight=1042 1132 1235 1731 1611 1863 1007 1001 1320 1747 1159 1397 1481 1168 1331 1257 1985
leaf_count=1042 1132 1235 1731 1611 1863 1007 1001 1320 1747 1159 1397 1481 1168 1331 1257 1985
internal_value=5.5273e-08 -7.67692e-07 5.97786e-06 -1.15906e-07 1.08422e-06 -2.52753e-06 1.97854e-07 1.71795e-06 -3.93825e-06 -5.24019e-06 2.85649e-07 -3.03707e-06 -2.22761e-06 -3.90147e-06 -1.20292e-06 3.77235e-07
internal_weight=23467 20604 2863 19369 12933 6436 11322 6960 5429 4387 5640 3228 4362 3194 4243 2986
internal_count=23467 20604 2863 19369 12933 6436 11322 6960 5429 4387 5640 3228 4362 3194 4243 2986
is_linear=0
shrinkage=0.0187118


Tree=139
num_leaves=18
num_cat=0
split_feature=20 20 19 31 31 31 30 31 30 30 31 20 55 31 20 31 20
split_gain=0.000319345 0.000284914 0.000268682 0.000283211 0.000269435 0.000198004 0.000465617 0.000303817 0.000197697 0.000339024 0.000198548 0.000173687 0.000167236 0.000159916 0.000125401 0.000110085 7.00778e-05
threshold=0.055327558657808432 18.017241379310349 1.9623125720919463 24.500000000000004 120.50000000000001 86.500000000000014 17.500000000000004 99.500000000000014 17.500000000000004 16.500000000000004 229.50000000000003 1.1290051511880528 9133.0000000000018 55.500000000000007 0.45796355925547794 175.50000000000003 1.250730994152047
decision_type=2 2 2 2 2 2 2 2 2 2 2 2 2 2 2 2 2
left_child=-1 2 3 -2 5 6 12 -7 9 16 14 -11 -5 -8 -10 -16 -6
right_child=1 -3 -4 4 8 7 13 -9 10 11 -12 -13 -14 -15 15 -17 -18
leaf_value=-1.0082211955553734e-05 -8.0358600834620571e-06 1.0045298426328492e-05 7.9844899409787092e-06 9.7482060170963473e-07 -1.8365780230179744e-06 1.5056351307321537e-05 -3.0991338535358776e-07 1.8729070454082643e-06 -6.8057922053400157e-06 -1.4582964437873276e-05 7.5379495701788844e-06 -5.1257990032473573e-06 1.1037900939581884e-05 -1.0266246444830334e-05 4.5194062405141753e-06 -2.4588332266951664e-06 4.1525287741071378e-06
leaf_weight=1040 1605 1049 1399 1046 1684 1026 1111 1517 997 1046 1230 1943 1293 1149 1485 1695 1152
leaf_count=1040 1605 1049 1399 1046 1684 1026 1111 1517 997 1046 1230 1943 1293 1149 1485 1695 1152
internal_value=5.42388e-08 5.24293e-07 5.71056e-08 -4.97998e-07 1.60447e-07 3.00202e-06 6.85243e-07 7.19191e-06 -1.6464e-06 -4.03816e-06 9.30256e-07 -8.43533e-06 6.5377e-06 -5.37178e-06 -1.01551e-06 7.99872e-07 5.96232e-07
internal_weight=23467 22427 21378 19979 18374 7142 4599 2543 11232 5825 5407 2989 2339 2260 4177 3180 2836
internal_count=23467 22427 21378 19979 18374 7142 4599 2543 11232 5825 5407 2989 2339 2260 4177 3180 2836
is_linear=0
shrinkage=0.0187118


Tree=140
num_leaves=18
num_cat=0
split_feature=20 35 17 1 25 45 51 55 27 36 1 20 17 4 53 9 20
split_gain=0.000319248 0.000379138 0.000264618 0.000181257 0.000134688 0.000147409 0.000117725 9.64231e-05 0.000119525 9.24824e-05 8.79639e-05 7.72406e-05 6.51011e-05 6.98101e-05 4.8834e-05 4.01714e-05 3.82978e-05
threshold=7.1004464285714297 1.0000000180025095e-35 -0.12740813609900234 1336.7604308772313 -0.50262329198501032 0.0018433195381677427 49.999999999997463 9104.5000000000018 -31.579136940931019 -0.0018501403436708694 624.12980367585646 0.46652661064425777 -0.056358064421754762 -0.27897280795974894 50.795457069715262 -0.43034351145038163 1.5966726003012461
decision_type=2 2 10 2 2 2 2 2 10 2 2 2 10 2 2 10 2
left_child=1 3 -2 4 6 9 15 -8 -9 -6 11 -11 13 -13 -10 -1 -15
right_child=2 -3 -4 -5 5 -7 7 8 14 10 -12 12 -14 16 -16 -17 -18
leaf_value=-2.594417814656687e-06 1.3233232236026737e-05 -1.0676954636323597e-05 1.1280282826306064e-06 -7.0999131852233027e-06 6.0936984455945188e-06 7.5423331103044336e-06 -4.259916686180442e-06 6.8407127370873896e-06 -2.6231321218107934e-06 -2.9605813938452578e-06 -3.7415624334307212e-06 4.5683675013682119e-06 6.3145218640582758e-06 -3.1695618179532187e-06 2.2281512956970845e-06 -7.2231879718494947e-06 1.3149291906307476e-06
leaf_weight=1486 1100 1252 1487 1201 1075 1362 1296 1108 1569 1251 1558 1385 1077 1159 1353 1176 1570
leaf_count=1486 1100 1252 1487 1201 1075 1362 1296 1108 1569 1251 1558 1385 1077 1159 1353 1176 1570
internal_value=7.48542e-08 -6.93432e-07 6.2752e-06 -5.65541e-08 4.02554e-07 1.80216e-06 -1.42615e-06 1.79807e-07 1.60757e-06 9.40664e-07 2.48225e-07 1.21316e-06 2.219e-06 1.14684e-06 -3.76798e-07 -4.63928e-06 -5.89623e-07
internal_weight=23465 20878 2587 19626 18425 10437 7988 5326 4030 9075 8000 6442 5191 4114 2922 2662 2729
internal_count=23465 20878 2587 19626 18425 10437 7988 5326 4030 9075 8000 6442 5191 4114 2922 2662 2729
is_linear=0
shrinkage=0.0187118


Tree=141
num_leaves=17
num_cat=0
split_feature=4 51 31 4 29 38 9 55 42 19 18 2 25 26 31 49
split_gain=0.000213566 0.000167753 0.000196529 0.000167622 0.00016641 0.000147778 0.000159145 8.62602e-05 0.000135835 0.000127029 7.70989e-05 7.089e-05 6.90244e-05 6.9234e-05 3.90271e-05 3.66671e-05
threshold=-0.0037275990728701442 49.999999999997463 49.500000000000007 -0.054709141274238211 12.500000000000002 0.0020060200722731296 -0.80248091603053429 15313.500000000002 0.0013522656621439701 0.3434908456261781 0.61430302251546742 0.039170035878965725 -0.25550919792709337 -0.0038351141498604514 141.50000000000003 4.709954056877284
decision_type=2 2 2 2 2 2 10 2 2 2 8 2 2 10 2 2
left_child=1 5 4 7 -3 6 -1 8 11 14 12 -4 -8 -14 -9 -15
right_child=-2 2 3 -5 -6 -7 10 9 -10 -11 -12 -13 13 15 -16 -17
leaf_value=3.9587327550496364e-06 7.6928535511615404e-06 9.7049412756750259e-07 4.3088581515797253e-06 8.9285788908566745e-06 -9.4015191532567628e-06 -8.8379685079624904e-06 -6.9158188891481996e-06 3.3275764004351781e-06 -5.1637150176502333e-06 8.0187391926166542e-06 7.4428342643692567e-07 -1.9651777337000222e-06 1.0435772543281767e-06 -2.2681366276246694e-06 -5.9139432559557377e-07 -6.9635822649291059e-06
leaf_weight=1602 1221 1129 1636 1149 1041 1039 1622 1642 1491 1307 1844 1026 1377 1400 1942 997
leaf_count=1602 1221 1129 1636 1149 1041 1039 1622 1642 1491 1307 1844 1026 1377 1400 1942 997
internal_value=7.34535e-08 -3.44784e-07 1.10794e-06 2.19648e-06 -4.0052e-06 -2.16242e-06 -1.37799e-06 1.3412e-06 -6.41965e-07 3.02512e-06 -2.55885e-06 1.89069e-06 -3.68765e-06 -2.30023e-06 1.20407e-06 -4.22115e-06
internal_weight=23465 22244 12363 10193 2170 9881 8842 9044 4153 4891 7240 2662 5396 3774 3584 2397
internal_count=23465 22244 12363 10193 2170 9881 8842 9044 4153 4891 7240 2662 5396 3774 3584 2397
is_linear=0
shrinkage=0.0187118


Tree=142
num_leaves=17
num_cat=0
split_feature=20 31 31 1 19 1 20 1 31 19 52 18 31 30 4 20
split_gain=0.000303775 0.000388475 0.000314186 0.000214831 0.000185026 0.000213421 0.000134877 0.000244263 0.000135293 0.00011169 0.000101119 9.86205e-05 0.000137311 0.000164463 4.80126e-05 7.80172e-05
threshold=7.1004464285714297 23.500000000000004 54.500000000000007 1336.7604308772313 0.35593497249219302 255.04151438920454 0.72353976995991165 142.98807776211473 174.50000000000003 -0.12680091642533495 0.13785945518319764 0.026348604180001997 85.500000000000014 17.500000000000004 -0.40479959296738083 0.3273676062353193
decision_type=2 2 2 2 2 2 2 2 2 2 2 10 2 2 2 2
left_child=1 -1 -2 4 6 -6 7 14 11 -10 -7 12 -8 -14 15 -3
right_child=2 3 -4 -5 5 10 8 -9 9 -11 -12 -13 13 -15 -16 -17
leaf_value=-9.8186314398790776e-06 1.4144233720437562e-05 -1.6202072160981752e-06 8.2080627265471976e-07 -7.7086742034142204e-06 8.650069459740875e-06 3.749343491153261e-06 -2.5083968689109349e-06 -9.6252657815036173e-06 -5.2545742114349177e-06 1.3883408156149926e-06 -4.2440935795427087e-06 8.3255745627597566e-06 5.053525251787328e-08 1.0339800117099852e-05 -3.3448331786777522e-06 4.6169798342838563e-06
leaf_weight=1510 1029 1791 1558 1178 1890 1216 1572 1358 1667 1892 1018 999 1194 999 1439 1155
leaf_count=1510 1029 1791 1558 1178 1890 1216 1572 1358 1667 1892 1018 999 1194 999 1439 1155
internal_value=7.20791e-08 -6.77359e-07 6.12031e-06 3.53281e-08 5.36836e-07 4.02215e-06 -4.8502e-07 -2.69084e-06 1.03703e-06 -1.72313e-06 1.06854e-07 3.09905e-06 1.71224e-06 4.73771e-06 -5.43305e-07 8.25125e-07
internal_weight=23465 20878 2587 19368 18190 4124 14066 5743 8323 3559 2234 4764 3765 2193 4385 2946
internal_count=23465 20878 2587 19368 18190 4124 14066 5743 8323 3559 2234 4764 3765 2193 4385 2946
is_linear=0
shrinkage=0.0187118


Tree=143
num_leaves=17
num_cat=0
split_feature=20 31 31 1 19 1 20 1 31 19 29 18 31 20 4 20
split_gain=0.000292513 0.000374072 0.000302538 0.000206866 0.000178166 0.000205509 0.000129877 0.000235207 0.000130277 0.000107549 0.000105024 9.49643e-05 0.00013222 7.12285e-05 4.62326e-05 7.51249e-05
threshold=7.1004464285714297 23.500000000000004 54.500000000000007 1336.7604308772313 0.35593497249219302 255.04151438920454 0.72353976995991165 142.98807776211473 174.50000000000003 -0.12680091642533495 5.5000000000000009 0.026348604180001997 85.500000000000014 1.5413188935641859 -0.40479959296738083 0.3273676062353193
decision_type=2 2 2 2 2 2 2 2 2 2 2 10 2 2 2 2
left_child=1 -1 -2 4 6 -6 7 14 11 -10 -7 12 -8 -14 15 -3
right_child=2 3 -4 -5 5 10 8 -9 9 -11 -12 -13 13 -15 -16 -17
leaf_value=-9.6349070568100024e-06 1.3879569422039069e-05 -1.5898902028549816e-06 8.0544751382973445e-07 -7.5644309092657915e-06 8.4882110572411698e-06 3.9877485912879443e-06 -2.4614602433247189e-06 -9.4451595647950625e-06 -5.156251600337927e-06 1.3623624578966298e-06 -4.134332563490776e-06 8.1697879344444506e-06 1.2412224775360945e-06 7.9861561755278555e-06 -3.2822453102539933e-06 4.5305878085888439e-06
leaf_weight=1510 1029 1791 1558 1178 1890 1166 1572 1358 1667 1892 1068 999 1085 1108 1439 1155
leaf_count=1510 1029 1791 1558 1178 1890 1166 1572 1358 1667 1892 1068 999 1085 1108 1439 1155
internal_value=7.07304e-08 -6.64684e-07 6.00579e-06 3.4667e-08 5.26791e-07 3.94689e-06 -4.75944e-07 -2.64049e-06 1.01763e-06 -1.69089e-06 1.04855e-07 3.04106e-06 1.68021e-06 4.64906e-06 -5.33139e-07 8.09685e-07
internal_weight=23465 20878 2587 19368 18190 4124 14066 5743 8323 3559 2234 4764 3765 2193 4385 2946
internal_count=23465 20878 2587 19368 18190 4124 14066 5743 8323 3559 2234 4764 3765 2193 4385 2946
is_linear=0
shrinkage=0.0187118


Tree=144
num_leaves=19
num_cat=0
split_feature=20 19 52 7 4 31 19 30 19 30 51 31 31 31 52 0 20 18
split_gain=0.000284058 0.000320734 0.000246879 0.000242831 0.000226133 0.000123896 0.000381037 0.000198232 0.000177087 0.000170177 0.00010722 9.77142e-05 0.000176109 9.58593e-05 7.75279e-05 6.02087e-05 5.64825e-05 5.38266e-05
threshold=1.147923253808566 0.24047916453992005 0.210029832092993 0.10407845085839383 -0.43804059019729769 105.50000000000001 -0.15629429387236368 17.500000000000004 -1.2841802090486565 17.500000000000004 44.44444444444494 202.50000000000003 121.50000000000001 85.500000000000014 0.14843814458689189 16.500000000000004 0.43551971326164879 -0.20548674866388839
decision_type=2 2 2 8 2 2 2 2 2 2 2 2 2 2 2 2 2 10
left_child=2 5 11 -4 -5 6 -2 8 -7 -8 -9 12 13 16 17 -10 -1 -14
right_child=1 -3 3 4 -6 7 9 10 15 -11 -12 -13 14 -15 -16 -17 -18 -19
leaf_value=-3.8752331201252775e-06 1.3644050524465073e-05 1.1323656873129876e-05 -1.3475224651873542e-05 3.8289931522952933e-06 -7.2279534464654412e-06 -9.4766995139644229e-06 5.9782552122447931e-06 2.3179695265678567e-07 3.042394461588031e-06 -4.0171933890893703e-06 8.2573836580674981e-06 3.570903925248634e-06 9.5823750846022275e-07 4.8857422614930769e-06 -8.1504059087669186e-06 -3.0819423396269289e-06 2.1665133638157061e-06 -4.9632737143625468e-06
leaf_weight=1153 1009 1232 1048 1069 1643 1127 998 1380 996 1482 1009 1961 1013 1709 1179 1290 1022 1145
leaf_count=1153 1009 1232 1048 1069 1643 1127 998 1380 996 1482 1009 1961 1013 1709 1179 1290 1022 1145
internal_value=6.94069e-08 2.35259e-06 -1.78702e-06 -5.82563e-06 -2.86959e-06 1.16301e-06 3.94946e-06 -5.12605e-07 -3.40631e-06 5.16752e-09 3.62142e-06 -1.33225e-07 -1.13915e-06 1.56946e-06 -4.29175e-06 -4.13595e-07 -1.03631e-06 -2.18362e-06
internal_weight=23465 10523 12942 3760 2712 9291 3489 5802 3413 2480 2389 9182 7221 3884 3337 2286 2175 2158
internal_count=23465 10523 12942 3760 2712 9291 3489 5802 3413 2480 2389 9182 7221 3884 3337 2286 2175 2158
is_linear=0
shrinkage=0.0187118


Tree=145
num_leaves=17
num_cat=0
split_feature=20 31 20 19 1 19 1 53 52 55 52 22 51 2 52 48
split_gain=0.000278777 0.000404523 0.000234535 0.00037054 0.000187868 0.00014093 0.000148873 0.000129023 0.000123403 0.000122734 9.0427e-05 7.81144e-05 0.000112064 5.88227e-05 6.32858e-05 4.19657e-05
threshold=18.017241379310349 22.500000000000004 2.4353400222965447 0.0014741874814081515 992.36205787174151 0.1498881560388661 255.04151438920454 56.462307003177408 0.12944369434866951 25823.500000000004 0.32070817585934719 -0.96175894241174575 16.666666666667165 0.41241543435339029 0.15853486768491806 64.503444925277492
decision_type=2 2 2 2 2 2 2 2 2 2 2 10 2 2 2 2
left_child=1 -1 4 9 5 10 7 -7 -8 -4 11 -3 -13 14 15 -14
right_child=-2 2 3 -5 -6 6 8 -9 -10 -11 -12 12 13 -15 -16 -17
leaf_value=-9.1004513389142093e-06 9.4402562654903627e-06 3.037695043188085e-06 4.2806324048690918e-06 1.376920740944225e-05 -7.3515107707797859e-06 7.7707279077768297e-06 3.0272998650505154e-06 5.3030389137523809e-07 -6.0269843133405303e-06 -2.9681073779524678e-06 -6.2946434186201768e-06 -6.84775205742142e-06 -3.53433681039655e-06 -4.6277277043515393e-06 3.0301366847950866e-06 1.3376730348264616e-06
leaf_weight=1718 1061 1522 1866 1069 1357 1983 1017 1524 1094 1456 1196 1196 1488 995 1863 1060
leaf_count=1718 1061 1522 1866 1069 1357 1983 1017 1524 1094 1456 1196 1196 1488 995 1863 1060
internal_value=6.81081e-08 -3.75734e-07 3.48865e-07 4.18706e-06 -6.8541e-07 -7.98469e-08 2.26109e-06 4.62433e-06 -1.66497e-06 1.10358e-06 -1.49094e-06 -7.83745e-07 -1.66473e-06 -5.18054e-07 4.08974e-07 -1.50752e-06
internal_weight=23465 22404 20686 4391 16295 14938 5618 3507 2111 3322 9320 8124 6602 5406 4411 2548
internal_count=23465 22404 20686 4391 16295 14938 5618 3507 2111 3322 9320 8124 6602 5406 4411 2548
is_linear=0
shrinkage=0.0187118


Tree=146
num_leaves=17
num_cat=0
split_feature=20 31 31 1 19 1 20 1 31 19 29 31 30 19 4 20
split_gain=0.000271288 0.000345015 0.00028766 0.000191808 0.000168105 0.000194627 0.000122122 0.000222531 0.000122848 0.000102456 9.85331e-05 9.29588e-05 0.00023765 0.000114052 4.28787e-05 7.29908e-05
threshold=7.1004464285714297 23.500000000000004 54.500000000000007 1336.7604308772313 0.35593497249219302 255.04151438920454 0.72353976995991165 142.98807776211473 174.50000000000003 -0.12680091642533495 5.5000000000000009 85.500000000000014 17.500000000000004 -0.034581481777960825 -0.40479959296738083 0.3273676062353193
decision_type=2 2 2 2 2 2 2 2 2 2 2 2 2 2 2 2
left_child=1 -1 -2 4 6 -6 7 14 11 -10 -7 13 -13 -8 15 -3
right_child=2 3 -4 -5 5 10 8 -9 9 -11 -12 12 -14 -15 -16 -17
leaf_value=-9.2561855675205842e-06 1.3460245712674298e-05 -1.5910934309038235e-06 7.1163676566342241e-07 -7.2870493603101235e-06 8.2457013396503091e-06 3.8483049335975429e-06 4.3818039952197232e-06 -9.1875830189044389e-06 -5.0340618662050516e-06 1.3283164394146949e-06 -4.0187777762580996e-06 1.2548014802866721e-07 1.1166256526624607e-05 -4.5242274755339497e-06 -3.1665586204238427e-06 4.4418244915041934e-06
leaf_weight=1510 1029 1791 1558 1178 1890 1166 998 1358 1667 1892 1068 1491 1259 1016 1439 1155
leaf_count=1510 1029 1791 1558 1178 1890 1166 998 1358 1667 1892 1068 1491 1259 1016 1439 1155
internal_value=6.68337e-08 -6.41396e-07 5.7825e-06 3.02441e-08 5.04118e-07 3.82625e-06 -4.69894e-07 -2.56882e-06 9.78401e-07 -1.65176e-06 8.7317e-08 2.94329e-06 5.18015e-06 -1.11009e-07 -5.19046e-07 7.74154e-07
internal_weight=23465 20878 2587 19368 18190 4124 14066 5743 8323 3559 2234 4764 2750 2014 4385 2946
internal_count=23465 20878 2587 19368 18190 4124 14066 5743 8323 3559 2234 4764 2750 2014 4385 2946
is_linear=0
shrinkage=0.0187118


Tree=147
num_leaves=17
num_cat=0
split_feature=20 31 20 31 30 31 30 31 29 31 20 19 51 45 5 0
split_gain=0.000327018 0.000249324 0.000300214 0.000351991 0.000351621 0.000347947 0.00029907 0.000256123 0.000255838 0.000205114 0.000141778 0.000137265 0.000101024 6.77149e-05 4.85824e-05 2.7446e-05
threshold=0.055327558657808432 124.50000000000001 5.6957070707070718 86.500000000000014 17.500000000000004 55.500000000000007 18.500000000000004 99.500000000000014 12.500000000000002 202.50000000000003 0.72353976995991165 -2.3025547077918271 50.000000000000107 -0.0018814692097475769 -0.061833800757691577 15.500000000000002
decision_type=2 2 2 2 2 2 2 2 2 2 2 2 2 2 2 2
left_child=-1 2 3 4 5 -2 10 -5 -6 -8 12 -12 -3 -13 -15 -16
right_child=1 6 -4 7 8 -7 9 -9 -10 -11 11 13 -14 14 15 -17
leaf_value=-1.0226758487555886e-05 -2.3739324778615166e-06 -1.0800168044855795e-05 9.8184415474177761e-06 1.3937446453421199e-05 -9.8058130920506333e-07 1.0904452222871986e-05 -5.4043731828031708e-07 2.3876676871669026e-06 -1.2418661581495555e-05 9.3763186479932468e-06 -6.2526752050900227e-06 4.4137573805889098e-06 -3.5753613662804352e-06 -3.6383019986514105e-06 2.9704119986306352e-06 -1.1378315518637135e-06
leaf_weight=1047 1696 1139 1694 1033 1463 1166 1655 1925 1287 1307 1579 1009 1673 1516 1018 1292
leaf_count=1047 1696 1139 1694 1033 1463 1166 1655 1925 1287 1307 1579 1009 1673 1516 1018 1292
internal_value=-4.86187e-09 4.71814e-07 2.62053e-06 1.19774e-06 -1.55542e-06 3.03578e-06 -1.3377e-06 6.42111e-06 -6.3336e-06 3.83539e-06 -2.99852e-06 -1.46264e-06 -6.50177e-06 1.01678e-07 -1.03551e-06 6.7264e-07
internal_weight=23499 22452 10264 8570 5612 2862 12188 2958 2750 2962 9226 6414 2812 4835 3826 2310
internal_count=23499 22452 10264 8570 5612 2862 12188 2958 2750 2962 9226 6414 2812 4835 3826 2310
is_linear=0
shrinkage=0.0187118


Tree=148
num_leaves=18
num_cat=0
split_feature=20 19 20 52 51 10 45 19 1 55 28 48 2 1 20 47 13
split_gain=0.000314895 0.000233723 0.000181422 0.000181124 0.000124961 0.000121031 9.45742e-05 0.000101102 0.000111404 7.93918e-05 6.35564e-05 7.29975e-05 5.69385e-05 4.0501e-05 4.00545e-05 3.40607e-05 2.26283e-05
threshold=0.055327558657808432 1.9623125720919463 1.0997237569060776 0.34498385841469054 66.666666666666188 -1.0592105263157896 -0.0024286590616853228 -1.5336337479901656 79.012095259468339 47739.500000000007 0.98524558338186818 38.155814778008512 -0.059540441211195221 32.963394752006415 0.67448740883445724 47.619047619047898 -0.11830263909133042
decision_type=2 2 2 2 2 2 2 2 2 2 2 2 2 2 2 2 10
left_child=-1 2 5 4 6 9 -4 -8 13 10 11 -2 -6 -9 15 -13 -11
right_child=1 -3 3 -5 12 -7 7 8 -10 16 -12 14 -14 -15 -16 -17 -18
leaf_value=-1.003539727611542e-05 -4.4047441657927038e-06 7.8131720736840619e-06 3.320367462354224e-06 8.8575741968453343e-06 7.5840150587229112e-06 -6.9877423861072397e-06 -6.4380561106445824e-06 -3.3945258643765573e-07 3.4459701449536433e-06 3.1746960058106326e-06 -6.4433554203390348e-06 1.1806954833980189e-06 1.9219396331249033e-06 -5.3361101275838001e-06 3.3308597455146976e-06 -3.1238771474145418e-06 -2.4689220479465281e-07
leaf_weight=1047 1804 1419 1745 1109 1115 1356 1215 1090 1647 1534 1011 1248 1406 1186 1027 1329 1211
leaf_count=1047 1804 1419 1745 1109 1115 1356 1215 1090 1647 1534 1011 1248 1406 1186 1027 1329 1211
internal_value=-4.77091e-09 4.62985e-07 -3.28979e-08 1.70552e-06 8.62092e-07 -1.77016e-06 -4.43312e-07 -1.72156e-06 -2.608e-07 -9.98115e-07 -2.13705e-06 -1.33201e-06 4.42619e-06 -2.94316e-06 2.06068e-07 -1.03924e-06 1.66521e-06
internal_weight=23499 22452 21033 10513 9404 10520 6883 5138 3923 9164 6419 5408 2521 2276 3604 2577 2745
internal_count=23499 22452 21033 10513 9404 10520 6883 5138 3923 9164 6419 5408 2521 2276 3604 2577 2745
is_linear=0
shrinkage=0.0187118


Tree=149
num_leaves=19
num_cat=0
split_feature=20 20 27 52 21 4 40 52 19 20 2 0 29 17 0 21 22 53
split_gain=0.00030322 0.000227465 0.000310275 0.0002558 0.000110141 0.00012071 0.000130992 0.000112546 8.63098e-05 7.51964e-05 6.41744e-05 7.66258e-05 5.98595e-05 6.84687e-05 5.43109e-05 4.95448e-05 3.09567e-05 5.03038e-05
threshold=0.055327558657808432 2.6568921232876721 -0.40495599870946236 0.26523055165051096 1.0000000180025095e-35 -0.75809825315167612 -0.0019436364323221487 0.30213559502178183 -1.85179643809343 0.72353976995991165 -0.083353569114174686 25.500000000000004 15.500000000000002 -0.24113542611392294 20.500000000000004 -0.024434069060125092 -0.82453601533953169 40.729506610778195
decision_type=2 2 10 2 2 2 2 2 2 2 2 2 2 10 2 2 8 2
left_child=-1 4 -3 8 5 -2 -7 10 -4 -6 11 -8 16 -14 -10 -13 17 -12
right_child=1 2 3 -5 9 6 7 -9 14 -11 12 15 13 -15 -16 -17 -18 -19
leaf_value=-9.8476167785374679e-06 5.5553231255695618e-06 1.2413208646060176e-05 -5.3305363949599083e-06 9.6826816795420712e-06 -7.3835282343437711e-06 5.3724131026861889e-06 -1.2749299119944968e-06 -5.3369423391099271e-06 4.3791873861389618e-06 -1.0622386790150886e-06 -4.7143873206362648e-06 7.0119250958489293e-06 -7.4006379618121901e-06 -7.2814537999393306e-07 -1.3261001582106815e-06 1.2001828091954124e-06 1.6338604392435051e-06 1.1858766831311152e-06
leaf_weight=1047 1255 1142 1077 1031 1288 1197 1785 1868 999 1349 1000 999 1067 1087 1407 1057 1820 1024
leaf_count=1047 1255 1142 1077 1031 1288 1197 1785 1868 999 1349 1000 999 1067 1087 1407 1057 1820 1024
internal_value=-4.68163e-09 4.54322e-07 3.69992e-06 1.49553e-06 -6.38621e-07 1.53018e-08 -5.23502e-07 -1.12634e-06 -9.27936e-07 -4.14977e-06 -3.26927e-07 1.56151e-06 -1.53625e-06 -4.03342e-06 1.0428e-06 4.02408e-06 -1.36945e-07 -1.72927e-06
internal_weight=23499 22452 5656 4514 16796 14159 12904 11707 3483 2637 9839 3841 5998 2154 2406 2056 3844 2024
internal_count=23499 22452 5656 4514 16796 14159 12904 11707 3483 2637 9839 3841 5998 2154 2406 2056 3844 2024
is_linear=0
shrinkage=0.0187118


Tree=150
num_leaves=18
num_cat=0
split_feature=20 19 20 24 10 51 2 50 42 22 53 54 1 45 17 12 10
split_gain=0.000291979 0.000224325 0.000169914 0.000155651 0.000113781 0.000110769 7.83943e-05 7.4489e-05 7.27745e-05 7.81276e-05 9.47375e-05 7.007e-05 6.98365e-05 5.61838e-05 5.29707e-05 4.84321e-05 4.16032e-05
threshold=0.055327558657808432 1.9623125720919463 1.0997237569060776 4000.5000000000214 -1.0592105263157896 49.999999999997463 0.0045912346792235086 3.1382304162737767e-13 0.0027303766987974991 -0.62955731085502065 38.980528863137742 1.64857437567798 80.337638181346662 -0.0024286590616853228 -0.25945335127702523 -0.59446564885496167 -1.6419172932330823
decision_type=2 2 2 8 2 2 2 2 2 8 2 2 2 2 10 10 2
left_child=-1 2 4 5 8 7 15 -4 9 10 12 14 -2 -9 -12 -7 -15
right_child=1 -3 3 -5 -6 6 -8 13 -10 -11 11 -13 -14 16 -16 -17 -18
leaf_value=-9.6633499367086898e-06 7.3521710356290174e-07 7.6467135625110055e-06 2.9654977290343569e-06 6.4775976695555786e-06 -6.7801429978215497e-06 8.3566673096203736e-06 -2.8152960325110815e-07 1.0668681019905253e-06 -5.4712709025284454e-06 -4.4201031384857035e-06 -2.8699089885667648e-06 5.7215262781027493e-06 -5.2536392279831165e-06 -8.9319434856525771e-07 2.6420854259310574e-06 2.7172663015036833e-06 -5.6650515137904748e-06
leaf_weight=1047 1390 1419 1145 1908 1356 1001 1450 1119 1107 1373 998 1386 1338 1013 1572 1141 1736
leaf_count=1047 1390 1419 1145 1908 1356 1001 1450 1119 1107 1373 998 1386 1338 1013 1572 1141 1736
internal_value=-4.59404e-09 4.45821e-07 -3.99902e-08 1.64239e-06 -1.72125e-06 5.70272e-07 3.07829e-06 -1.22681e-06 -9.72686e-07 -3.54597e-07 4.80522e-07 2.33044e-06 -2.20213e-06 -2.46782e-06 5.01629e-07 5.35267e-06 -3.90663e-06
internal_weight=23499 22452 21033 10513 10520 8605 3592 5013 9164 8057 6684 3956 2728 3868 2570 2142 2749
internal_count=23499 22452 21033 10513 10520 8605 3592 5013 9164 8057 6684 3956 2728 3868 2570 2142 2749
is_linear=0
shrinkage=0.0187118


Tree=151
num_leaves=16
num_cat=0
split_feature=20 31 30 20 31 30 31 29 31 31 20 19 51 55 19
split_gain=0.000281154 0.000235787 0.000283453 0.000276939 0.000340306 0.000341723 0.000332841 0.000248864 0.000245928 0.000196827 0.000132077 0.000128553 9.62266e-05 6.54729e-05 5.63056e-05
threshold=0.055327558657808432 124.50000000000001 18.500000000000004 5.6957070707070718 86.500000000000014 17.500000000000004 55.500000000000007 12.500000000000002 99.500000000000014 200.50000000000003 0.72353976995991165 -2.3025547077918271 50.000000000000107 11128.500000000002 -0.13721915572822493
decision_type=2 2 2 2 2 2 2 2 2 2 2 2 2 2 2
left_child=-1 3 10 4 5 6 -2 -7 -6 -4 12 -12 -3 -13 -15
right_child=1 2 9 -5 8 7 -8 -9 -10 -11 11 13 -14 14 -16
leaf_value=-9.4825312063095882e-06 -2.3114141238322752e-06 -1.0515472182568426e-05 -7.0318629526769253e-07 9.4403141686009358e-06 1.3661689768299175e-05 -9.7743912449776971e-07 1.0675525894261783e-05 -1.2258555433982245e-05 2.3441080306467904e-06 8.9812588783003215e-06 -6.0922391455133163e-06 2.9940952816699357e-06 -3.4642949342810303e-06 -4.673172273427141e-06 4.7064360623427342e-07
leaf_weight=1047 1696 1139 1611 1694 1033 1463 1166 1287 1925 1351 1579 1715 1673 1230 1890
leaf_count=1047 1696 1139 1611 1694 1033 1463 1166 1287 1925 1351 1579 1715 1673 1230 1890
internal_value=-4.50806e-09 4.37479e-07 -1.32223e-06 2.52704e-06 1.16052e-06 -1.54655e-06 2.97956e-06 -6.257e-06 6.29646e-06 3.71399e-06 -2.9391e-06 -1.4567e-06 -6.32037e-06 5.7164e-08 -1.55721e-06
internal_weight=23499 22452 12188 10264 8570 5612 2862 2750 2958 2962 9226 6414 2812 4835 3120
internal_count=23499 22452 12188 10264 8570 5612 2862 2750 2958 2962 9226 6414 2812 4835 3120
is_linear=0
shrinkage=0.0187118


Tree=152
num_leaves=20
num_cat=0
split_feature=20 27 55 20 31 53 54 4 20 54 52 20 31 47 1 53 18 18 55
split_gain=0.000272448 0.000383742 0.000254579 0.000203099 0.000152986 0.000174225 0.000112062 9.4638e-05 0.000141877 0.000140454 0.000119567 0.000115107 8.93604e-05 7.63367e-05 8.07918e-05 9.14134e-05 7.47252e-05 6.98794e-05 4.40805e-05
threshold=2.0105823068309077 -8.116330460902434 21514.500000000004 0.055327558657808432 211.50000000000003 39.855958068125908 -27.052249514346727 -0.40479959296738083 0.495432932932933 3.8299529734190316 0.16006200980754209 0.72353976995991165 112.50000000000001 -50.000000000013991 270.39168624394995 40.51253410542845 -0.22110343465240459 -0.18261122358572796 53860.000000000007
decision_type=2 10 2 2 2 2 2 2 2 2 2 2 2 2 2 2 10 10 2
left_child=3 -2 4 -1 5 -3 -5 8 9 12 -11 16 -8 17 15 -15 -9 -13 -4
right_child=1 2 18 6 -6 -7 7 11 -10 10 -12 13 -14 14 -16 -17 -18 -19 -20
leaf_value=-9.3050957893733373e-06 1.2804785546200872e-05 2.0120330440345339e-06 -1.3122757714782462e-06 -6.7085015733236444e-06 -1.5596413261491799e-06 1.2290460945459623e-05 6.9532950913424206e-07 -2.3756891195077912e-06 6.5015082510220499e-06 -5.3806213487684401e-07 8.0000175396617833e-06 6.0089348286943069e-06 -6.2787346309067091e-06 4.1103840600133931e-06 -6.1512733675321945e-06 -3.3036523534175416e-06 -9.0465522761351814e-06 -9.0611566990930552e-07 -6.2938780607096599e-06
leaf_weight=1047 1179 1141 1611 1043 996 1169 1164 1433 1443 1326 1013 1050 1438 1056 1084 1298 997 998 1013
leaf_count=1047 1179 1141 1611 1043 996 1169 1164 1433 1443 1326 1013 1050 1438 1056 1084 1298 997 998 1013
internal_value=-4.42371e-09 3.05485e-06 1.11637e-06 -1.33135e-06 4.57044e-06 7.21354e-06 -7.87229e-07 -3.55349e-07 1.33972e-06 -1.67761e-07 3.1597e-06 -1.72237e-06 -3.1589e-06 -2.20648e-07 -1.92425e-06 2.22694e-08 -5.11267e-06 2.6392e-06 -3.23543e-06
internal_weight=23499 7109 5930 16390 3306 2310 15343 14300 6384 4941 2339 7916 2602 5486 3438 2354 2430 2048 2624
internal_count=23499 7109 5930 16390 3306 2310 15343 14300 6384 4941 2339 7916 2602 5486 3438 2354 2430 2048 2624
is_linear=0
shrinkage=0.0187118


Tree=153
num_leaves=18
num_cat=0
split_feature=20 52 20 19 55 21 4 42 39 51 0 19 20 26 22 26 13
split_gain=0.000263221 0.00028556 0.000203901 0.000187951 0.00012482 0.000103529 0.000114869 0.000115517 9.97458e-05 7.66521e-05 7.42737e-05 5.8676e-05 6.00993e-05 6.0642e-05 4.93887e-05 4.77085e-05 3.99772e-05
threshold=2.6568921232876721 0.23185749465095642 0.055327558657808432 -0.0098304874629366861 25823.500000000004 1.0000000180025095e-35 -0.75809825315167612 0.0032128534783977263 -0.0012414654069632378 16.666666666667165 18.500000000000004 0.37181013041414351 0.95626812864565092 -0.0039332725416642246 -0.83938755812933208 -0.0063294987766047981 -0.10131253988191592
decision_type=2 2 2 2 2 2 2 2 2 2 2 2 2 10 8 8 10
left_child=2 3 -1 4 -2 6 -4 8 16 -10 -7 12 13 15 -14 -11 -8
right_child=1 -3 5 -5 -6 10 7 -9 9 11 -12 -13 14 -15 -16 -17 -18
leaf_value=-9.130980591638119e-06 2.0568648151399918e-06 1.0135137504314781e-05 5.4184076932968244e-06 7.8920633670931245e-06 -5.5538275175537553e-06 -1.2130682452830949e-06 6.382408355389697e-06 -6.2235339819346137e-06 -4.2311684489449264e-06 -1.8006333211703557e-06 -7.5323705762792482e-06 3.1013391532610288e-06 4.5082054792006498e-06 1.0613822790055954e-06 -1.1797903883128908e-06 -6.9229407469591653e-06 1.1728215780343024e-06
leaf_weight=1047 1627 1625 1255 997 1407 1464 1030 1131 1809 1644 1173 1715 1093 1364 1046 1039 1033
leaf_count=1047 1627 1625 1255 997 1407 1464 1030 1131 1809 1644 1173 1715 1093 1364 1046 1039 1033
internal_value=-4.34094e-09 3.51313e-06 -1.11933e-06 8.4363e-07 -1.47255e-06 -6.19918e-07 1.4073e-08 -5.11534e-07 3.72016e-08 -7.56687e-07 -4.02404e-06 3.88243e-08 -8.10224e-07 -2.15109e-06 1.7267e-06 -3.78426e-06 3.77383e-06
internal_weight=23499 5656 17843 4031 3034 16796 14159 12904 11773 9710 2637 7901 6186 4047 2139 2683 2063
internal_count=23499 5656 17843 4031 3034 16796 14159 12904 11773 9710 2637 7901 6186 4047 2139 2683 2063
is_linear=0
shrinkage=0.0187118


Tree=154
num_leaves=18
num_cat=0
split_feature=20 35 55 48 55 42 19 48 48 18 0 31 52 11 19 16 31
split_gain=0.000209416 0.000312829 0.000252451 0.000139917 0.000117346 0.000223151 0.000211394 0.000115009 7.97127e-05 0.000101816 7.58474e-05 5.96934e-05 6.51777e-05 5.62206e-05 5.40889e-05 3.8997e-05 2.34818e-05
threshold=6.0555984555984566 1.0000000180025095e-35 8706.5000000000018 94.057768386128998 14436.000000000002 0.00133422340898981 0.13473021895631379 57.54611021768175 71.212438219638557 -0.70723466578812855 10.500000000000002 100.50000000000001 0.15933995774862775 -0.54866412213740456 -0.0052772606477393671 0.42669172932330829 199.50000000000003
decision_type=2 2 2 2 2 2 2 2 2 10 2 2 2 10 2 2 2
left_child=1 3 -2 4 5 8 11 -8 9 -1 14 12 -6 -7 -11 -13 -17
right_child=2 -3 -4 -5 6 13 7 -9 -10 10 -12 15 -14 -15 -16 16 -18
leaf_value=2.4104294420786137e-06 1.1709066698338981e-05 -9.8354510836224911e-06 4.145362855304713e-07 5.4855862535354193e-06 -1.9063937579658229e-06 -4.43982041849234e-06 1.073242135955741e-06 8.5638234645976788e-06 4.4174102509360476e-06 1.3935007550015502e-06 -6.4236788171578646e-06 -5.3325819263139175e-06 4.7028168926948812e-06 -1.0671046661362489e-05 -4.1658063867803834e-06 -2.395063042874349e-06 1.1098397712627375e-06
leaf_weight=1779 1110 1226 1844 1458 995 1022 1327 1563 1003 1413 1429 1100 1100 1006 1082 1984 1010
leaf_count=1779 1110 1226 1844 1458 995 1022 1327 1563 1003 1413 1429 1100 1100 1006 1082 1984 1010
internal_value=7.92954e-10 -6.70482e-07 4.65859e-06 -8.74167e-08 -5.43569e-07 -2.09201e-06 9.46027e-07 5.12438e-06 -4.47212e-07 -1.30276e-06 -2.98619e-06 -1.00508e-06 1.56383e-06 -7.53085e-06 -1.01739e-06 -2.31966e-06 -1.21271e-06
internal_weight=23451 20497 2954 19271 17813 8734 9079 2890 6706 5703 3924 6189 2095 2028 2495 4094 2994
internal_count=23451 20497 2954 19271 17813 8734 9079 2890 6706 5703 3924 6189 2095 2028 2495 4094 2994
is_linear=0
shrinkage=0.0187118


Tree=155
num_leaves=18
num_cat=0
split_feature=20 35 31 1 31 31 1 30 31 20 31 31 30 13 31 31 5
split_gain=0.000201653 0.000301231 0.000224283 0.000154585 0.000164835 0.000166667 0.000251817 0.000185128 0.000161064 0.00011064 0.000110886 0.000102461 9.895e-05 5.43929e-05 5.08412e-05 0.000128133 3.36898e-05
threshold=6.0555984555984566 1.0000000180025095e-35 200.50000000000003 631.34953831382416 39.500000000000007 120.50000000000001 144.73320359364729 18.500000000000004 86.500000000000014 0.78156090022215785 179.50000000000003 198.50000000000003 16.500000000000004 -0.1213837530310256 190.50000000000003 121.50000000000001 -0.005145212063496273
decision_type=2 2 2 2 2 2 2 2 2 2 2 2 2 10 2 2 2
left_child=1 3 -2 4 -1 6 8 9 13 12 -11 -9 -7 -6 15 -5 -12
right_child=2 -3 -4 14 5 7 -8 11 -10 10 16 -13 -14 -15 -16 -17 -18
leaf_value=-6.5838535005323628e-06 8.2738407802328201e-06 -9.6514119391949385e-06 -2.6086999758334979e-06 -1.582665156979065e-06 8.3689926830131575e-07 -4.2129252205307537e-07 1.0265389348652856e-05 7.0020778350331561e-07 5.588178307779667e-06 4.3899256915852399e-06 -4.6842225718566279e-06 8.2665411120561248e-06 -7.2389792990386476e-06 -5.2914077524238003e-06 4.8449073252601324e-08 -1.0002229934697469e-05 -1.6613098843114795e-07
leaf_weight=1011 1949 1226 1005 1600 997 1252 1539 1413 1653 1434 1061 1126 1842 1032 995 1047 1269
leaf_count=1011 1949 1226 1005 1600 997 1252 1539 1413 1653 1434 1061 1126 1842 1032 995 1047 1269
internal_value=7.78122e-10 -6.57936e-07 4.57142e-06 -8.5781e-08 7.23226e-07 1.22859e-06 3.90909e-06 -2.60697e-07 1.25229e-06 -1.85875e-06 2.96059e-07 4.05574e-06 -4.48017e-06 -2.28011e-06 -3.55749e-06 -4.91296e-06 -2.22351e-06
internal_weight=23451 20497 2954 19271 15629 14618 5221 9397 3682 6858 3764 2539 3094 2029 3642 2647 2330
internal_count=23451 20497 2954 19271 15629 14618 5221 9397 3682 6858 3764 2539 3094 2029 3642 2647 2330
is_linear=0
shrinkage=0.0187118


Tree=156
num_leaves=16
num_cat=0
split_feature=4 51 37 30 9 15 54 18 9 1 4 16 0 47 1
split_gain=0.000147359 0.000161493 0.000148373 0.000122644 9.08529e-05 9.16601e-05 8.51853e-05 7.66808e-05 7.56992e-05 0.000131083 0.000140826 6.78154e-05 5.20281e-05 5.01106e-05 4.7069e-05
threshold=-0.0046568488891401425 49.999999999997463 0.0020090411898852083 18.500000000000004 -0.77290076335877844 0.2349615021435095 1.7678107151986244 0.3527105404489313 -0.84637404580152664 254.69325425706458 -0.34363870201820335 0.51409774436090239 17.500000000000004 -55.555555555554712 41.57857110461476
decision_type=2 2 2 2 10 10 2 8 10 2 2 2 2 2 2
left_child=1 2 4 8 -1 7 -5 12 -3 11 -11 14 13 -6 -10
right_child=-2 3 -4 6 5 -7 -8 -9 9 10 -12 -13 -14 -15 -16
leaf_value=2.3642702728137743e-06 5.92355904523985e-06 3.4758376705279547e-06 -8.7099788159402069e-06 1.2908481931269829e-06 2.1620612125720165e-06 -7.5803579404301121e-06 7.0738194541548219e-06 2.1071738222436279e-06 1.2803431590054397e-06 -9.5712937037621677e-06 3.9575561131114849e-08 3.5082298863640428e-06 -5.1224721054870215e-06 -3.2227667703598359e-06 -3.3612920942596396e-06
leaf_weight=1820 1384 1642 1079 1926 1041 998 1661 1561 1544 1088 1048 1864 1834 1445 1516
leaf_count=1820 1384 1642 1079 1926 1041 998 1661 1561 1544 1088 1048 1864 1834 1445 1516
internal_value=7.63541e-10 -3.70703e-07 -2.16525e-06 1.05716e-06 -1.35346e-06 -2.33707e-06 3.96872e-06 -1.44729e-06 -1.42989e-07 -9.84648e-07 -4.85585e-06 6.94653e-07 -2.73167e-06 -9.67896e-07 -1.01924e-06
internal_weight=23451 22067 9778 12289 8699 6879 3587 5881 8702 7060 2136 4924 4320 2486 3060
internal_count=23451 22067 9778 12289 8699 6879 3587 5881 8702 7060 2136 4924 4320 2486 3060
is_linear=0
shrinkage=0.0187118


Tree=157
num_leaves=17
num_cat=0
split_feature=20 19 31 31 29 31 53 30 31 30 30 31 4 20 31 31
split_gain=0.000200404 0.000267043 0.000148744 0.000210885 0.000391063 0.000693423 0.000396635 0.00029231 0.000240872 0.00020736 0.000330918 0.00017061 0.000125595 0.000103909 0.00010148 6.2955e-05
threshold=0.055327558657808432 1.9623125720919463 120.50000000000001 86.500000000000014 12.500000000000002 25.500000000000004 36.581540514232408 17.500000000000004 100.50000000000001 17.500000000000004 16.500000000000004 229.50000000000003 -0.17652213239866579 0.46652661064425777 175.50000000000003 171.50000000000003
decision_type=2 2 2 2 2 2 2 2 2 2 2 2 2 2 2 2
left_child=-1 2 3 4 6 -6 -2 -7 -5 10 15 13 -12 -11 -15 -4
right_child=1 -3 9 8 5 7 -8 -9 -10 11 12 -13 -14 14 -16 -17
leaf_value=-8.1109749162422794e-06 -1.9096712155631422e-06 8.2617164436859845e-06 -3.149959740312589e-06 1.2736958787577115e-05 -1.7446000873253264e-05 7.5826612024394914e-06 1.1056890186464634e-05 -5.5143957558731462e-06 1.157910677185232e-06 -6.0842384739013534e-06 -1.2778031020077185e-05 6.7728111248705456e-06 -5.1472142547042112e-06 4.392952720598376e-06 -2.2017811278653908e-06 2.6159520488214167e-06
leaf_weight=1020 1682 1407 1021 1111 1025 1179 1623 1208 1450 1004 1244 1368 1922 1496 1800 1891
leaf_count=1020 1682 1407 1021 1111 1025 1179 1623 1208 1450 1004 1244 1368 1922 1496 1800 1891
internal_value=7.49259e-10 3.69612e-07 -1.58555e-07 1.61235e-06 -1.29569e-07 -4.57315e-06 4.45787e-06 9.54573e-07 6.18108e-06 -1.55737e-06 -3.95824e-06 1.01716e-06 -8.14555e-06 -8.13936e-07 7.91459e-07 5.94318e-07
internal_weight=23451 22431 21024 9278 6717 3412 3305 2387 2561 11746 6078 5668 3166 4300 3296 2912
internal_count=23451 22431 21024 9278 6717 3412 3305 2387 2561 11746 6078 5668 3166 4300 3296 2912
is_linear=0
shrinkage=0.0187118


Tree=158
num_leaves=18
num_cat=0
split_feature=20 19 21 55 31 1 53 3 42 4 20 0 49 15 47 54 49
split_gain=0.000195722 0.000280269 0.000173018 0.000133112 0.000127977 0.000199327 0.000121002 0.000100533 9.4674e-05 8.30132e-05 8.5113e-05 0.000109591 0.000105767 9.18204e-05 0.00011595 8.0935e-05 5.82891e-05
threshold=1.4204253013680077 0.24047916453992005 1.0000000180025095e-35 52769.000000000007 185.50000000000003 81.109690766306144 40.30879444780367 -0.43515501006096075 0.0026720118803681418 -0.19211091638871611 0.495432932932933 6.5000000000000009 17.971686284063299 0.054572441063179301 37.03703703701126 -2.6663506911327186 47.004214295311492
decision_type=2 2 2 2 2 2 2 2 2 2 2 2 2 10 2 2 2
left_child=2 3 7 4 5 15 -4 -1 9 10 11 -9 -12 -13 -15 -2 -6
right_child=1 -3 6 -5 16 -7 -8 8 -10 -11 12 13 -14 14 -16 -17 -18
leaf_value=3.9898024868612184e-06 3.8826383953806578e-06 1.1431640514780608e-05 -2.1336245836660501e-06 -4.1210968528285476e-06 1.1465663342273648e-06 8.6029109479869834e-06 -1.1033467837226015e-05 -6.7105357725474443e-06 -5.610033558821215e-06 -4.085674090938551e-06 6.1586984258022483e-06 4.863097148702637e-06 -6.5275242718880738e-07 -6.456528672199991e-06 2.5252727650051432e-06 -3.5921071043927715e-06 -4.3545388254704524e-06
leaf_weight=1519 1025 1007 1150 1474 1793 1913 1000 1008 1444 1769 1582 1058 1611 1002 1011 1004 1081
leaf_count=1519 1025 1007 1150 1474 1793 1913 1000 1008 1444 1769 1582 1058 1611 1002 1011 1004 1081
internal_value=7.35242e-10 2.10996e-06 -1.3847e-06 9.7764e-07 2.08027e-06 4.26956e-06 -6.27309e-06 -5.09156e-07 -1.16094e-06 -4.50341e-07 4.33996e-07 -1.35706e-06 2.72204e-06 4.00119e-07 -1.94555e-06 1.83946e-07 -9.22568e-07
internal_weight=23451 9297 14154 8290 6816 3942 2150 12004 10485 9041 7272 4079 3193 3071 2013 2029 2874
internal_count=23451 9297 14154 8290 6816 3942 2150 12004 10485 9041 7272 4079 3193 3071 2013 2029 2874
is_linear=0
shrinkage=0.0187118


Tree=159
num_leaves=19
num_cat=0
split_feature=20 19 20 31 31 1 20 31 30 31 55 31 20 30 31 51 31 49
split_gain=0.000191076 0.000256585 0.000145674 0.000252101 0.000185656 0.000194218 0.000227178 0.000129701 0.000410446 0.00021672 0.000183346 0.000147514 0.000114349 0.000110408 7.86565e-05 7.79139e-05 6.72229e-05 4.6962e-05
threshold=0.055327558657808432 1.9623125720919463 18.017241379310349 24.500000000000004 120.50000000000001 155.73442750757491 1.3887119603680118 86.500000000000014 17.500000000000004 100.50000000000001 9133.0000000000018 55.500000000000007 0.495432932932933 18.500000000000004 195.50000000000003 33.333333333333215 174.50000000000003 39.261372777138469
decision_type=2 2 2 2 2 2 2 2 2 2 2 2 2 2 2 2 2 2
left_child=-1 2 3 -2 7 12 -7 8 10 -9 -5 -10 14 16 -6 -8 -14 -18
right_child=1 -3 -4 4 5 6 15 9 11 -11 -12 -13 13 -15 -16 -17 17 -19
leaf_value=-7.9199548547995698e-06 -7.6208139923065843e-06 8.0969218875220448e-06 6.6881994706632409e-06 2.6536415479000939e-07 -6.480617622570276e-06 -1.0333621192132866e-05 -4.6845704818554135e-06 1.2240992343217178e-05 -1.2692026868645744e-07 1.1532083765195331e-06 1.0899261602500518e-05 -9.7232711719503374e-06 3.7316280967102971e-06 7.0229065110587364e-06 5.2545130340705762e-07 2.1914491557630221e-06 9.7571309008156703e-07 -4.0443428513974957e-06
leaf_weight=1020 1606 1407 1035 1024 1176 1547 1098 1078 1085 1444 1274 1161 1425 1152 1073 1216 1430 1200
leaf_count=1020 1606 1407 1035 1024 1176 1547 1098 1078 1085 1444 1274 1161 1425 1152 1073 1216 1430 1200
internal_value=7.21482e-10 3.60897e-07 -1.56825e-07 -5.1125e-07 1.09865e-07 -1.37601e-06 -4.78243e-06 2.48967e-06 6.01004e-07 5.89256e-06 6.16075e-06 -5.08746e-06 3.87959e-07 1.91089e-06 -3.13801e-06 -1.07124e-06 4.58601e-07 -1.31481e-06
internal_weight=23451 22431 21024 19989 18383 11317 3861 7066 4544 2522 2298 2246 7456 5207 2249 2314 4055 2630
internal_count=23451 22431 21024 19989 18383 11317 3861 7066 4544 2522 2298 2246 7456 5207 2249 2314 4055 2630
is_linear=0
shrinkage=0.0187118


Tree=160
num_leaves=18
num_cat=0
split_feature=20 35 55 1 19 20 48 36 52 31 31 52 1 18 54 1 52
split_gain=0.000187907 0.000273677 0.000240002 0.000148229 0.00014136 0.00016532 0.000179302 9.64122e-05 8.16881e-05 8.46152e-05 0.000128401 8.14881e-05 7.67181e-05 6.80198e-05 6.0978e-05 5.13888e-05 3.26998e-05
threshold=6.0555984555984566 1.0000000180025095e-35 8706.5000000000018 1336.7604308772313 0.1498881560388661 0.495432932932933 63.817939278629879 -0.0016012820512820711 0.32070817585934719 230.50000000000003 104.50000000000001 0.14691847117708065 255.04151438920454 -0.055284576584773308 -15.494598538288971 270.30950162442355 0.12435994648394443
decision_type=2 2 2 2 2 2 2 2 2 2 2 2 2 8 2 2 2
left_child=1 3 -2 4 7 12 -7 -1 9 10 11 -9 13 -6 -12 16 -16
right_child=2 -3 -4 -5 5 6 -8 8 -10 -11 14 -13 -14 -15 15 -17 -18
leaf_value=4.2650447884010261e-06 1.1287261769890741e-05 -9.2074500586096988e-06 2.7473698543099885e-07 -6.5476269673934001e-06 5.1482289143948721e-06 2.0304857768406577e-06 1.1531884332395607e-05 -1.6496835203036122e-06 -5.788290815456834e-06 4.1218680337289462e-06 5.2882525263809579e-07 4.3330220922735975e-06 -4.0126308699884624e-06 -1.5981930646222061e-06 -3.8979215676773757e-07 -7.8857052845319196e-06 -4.5202218703367653e-06
leaf_weight=1159 1110 1226 1844 1169 1094 1708 1173 1512 1313 1080 1153 1686 1199 1003 1028 1061 1933
leaf_count=1159 1110 1226 1844 1169 1094 1708 1173 1512 1313 1080 1153 1686 1199 1003 1028 1061 1933
internal_value=7.07984e-10 -6.3516e-07 4.41282e-06 -8.98e-08 3.27237e-07 2.62474e-06 5.89898e-06 -8.62839e-07 -1.41488e-06 -8.07418e-07 -1.44323e-06 1.50442e-06 -2.37248e-07 1.9214e-06 -3.26479e-06 -4.35232e-06 -3.08622e-06
internal_weight=23451 20497 2954 19271 18102 6177 2881 11925 10766 9453 8373 3198 3296 2097 5175 4022 2961
internal_count=23451 20497 2954 19271 18102 6177 2881 11925 10766 9453 8373 3198 3296 2097 5175 4022 2961
is_linear=0
shrinkage=0.0187118


Tree=161
num_leaves=20
num_cat=0
split_feature=20 20 55 2 52 52 5 29 52 0 53 7 47 0 55 0 4 49 18
split_gain=0.000219938 0.000171159 0.000186983 9.40535e-05 9.96884e-05 9.23978e-05 0.000101412 7.02179e-05 0.000156599 0.00010375 8.39746e-05 6.16831e-05 7.80884e-05 5.62854e-05 4.8296e-05 5.68556e-05 3.89793e-05 3.8898e-05 3.79552e-05
threshold=0.060213074520303438 6.0555984555984566 11128.500000000002 0.19952720582734293 0.30898654311297541 0.34498385841469054 -0.4426751046595368 17.500000000000004 0.1692036045110657 91.500000000000014 24.071461740294385 0.15318225025924651 66.666666666652944 7.5000000000000009 30598.500000000004 10.500000000000002 -0.25363220080275872 58.691775121281509 0.095074104192050826
decision_type=2 2 2 2 2 2 2 2 2 2 2 8 2 2 2 2 2 2 8
left_child=-1 3 -3 5 14 6 -2 9 17 10 -8 -12 13 -13 15 -5 -16 -9 -15
right_child=1 2 -4 4 -6 -7 7 8 -10 -11 11 12 -14 18 16 -17 -18 -19 -20
leaf_value=-8.1057469839754339e-06 5.7683649566883769e-06 1.0012123545125527e-05 5.0774605561750461e-07 8.9410871678596595e-08 -7.5099918405258306e-06 5.5505973622001617e-06 -4.9716269569727774e-06 2.3061454736645286e-06 -8.6464634187907546e-06 5.0638876466098529e-06 3.7971561045015323e-06 4.4253377906452992e-06 -5.099770931053344e-06 -3.3799591023040246e-06 3.4708203003366272e-06 -5.6684626851441803e-06 -1.5425068878045726e-06 -2.6116271120132902e-06 1.6125695561537574e-06
leaf_weight=1124 1016 1265 1697 1143 1047 1191 1184 1241 1056 1454 1476 1022 1039 1080 1064 1265 1109 1031 1053
leaf_count=1124 1016 1265 1697 1143 1047 1191 1184 1241 1056 1454 1476 1022 1039 1080 1064 1265 1109 1031 1053
internal_value=-2.8443e-08 3.76268e-07 4.56684e-06 -2.61217e-07 -2.30083e-06 5.68005e-07 9.89673e-08 -3.96057e-07 -2.69271e-06 5.23929e-07 -4.39172e-07 5.07287e-07 -6.50521e-07 8.14699e-07 -1.11026e-06 -2.93538e-06 9.12246e-07 7.45318e-08 -9.15292e-07
internal_weight=23557 22433 2962 19471 5628 13843 12652 11636 3328 8308 6854 5670 4194 3155 4581 2408 2173 2272 2133
internal_count=23557 22433 2962 19471 5628 13843 12652 11636 3328 8308 6854 5670 4194 3155 4581 2408 2173 2272 2133
is_linear=0
shrinkage=0.0187118


Tree=162
num_leaves=19
num_cat=0
split_feature=20 19 20 35 48 28 20 19 55 19 1 20 22 2 54 19 5 55
split_gain=0.000211784 0.000209629 0.000164161 0.000160804 0.000125131 0.000117547 9.56391e-05 0.00013328 9.49923e-05 6.93922e-05 0.000154244 7.1618e-05 6.92958e-05 5.78304e-05 4.1138e-05 5.49359e-05 2.32175e-05 2.03231e-05
threshold=0.060213074520303438 1.9623125720919463 18.017241379310349 1.0000000180025095e-35 94.057768386128998 0.98524558338186818 2.6568921232876721 -0.020495093673067896 21514.500000000004 0.1498881560388661 158.35226978493978 0.48586238140923149 -0.67112690474101366 0.21626799369893193 -12.717591435189133 -0.15629429387236368 0.026874244107012561 21874.000000000004
decision_type=2 2 2 2 2 2 2 2 2 2 2 2 10 2 2 2 2 2
left_child=-1 2 3 4 5 6 9 8 -8 12 11 -11 13 14 -2 -16 -17 -15
right_child=1 -3 -4 -5 -6 -7 7 -9 -10 10 -12 -13 -14 17 15 16 -18 -19
leaf_value=-7.9540738319296384e-06 3.3474935040014991e-06 7.3563817683977484e-06 7.0766488788671472e-06 -7.0339996991692615e-06 6.1885384163566802e-06 -4.7504110495306281e-06 3.7590795440651966e-06 8.6016533616828914e-06 -3.4068542155008595e-06 1.0675747304056432e-06 -4.1662061617452635e-06 7.5481573429271865e-06 -5.1474228893460523e-06 -5.2455813351947269e-06 2.3809267954464984e-06 -5.1620472808722843e-07 -4.1758290302716464e-06 -1.522494624814426e-06
leaf_weight=1124 1180 1409 1060 1230 1062 1956 1454 998 1168 1227 1131 1163 1569 1056 1343 1221 1207 999
leaf_count=1124 1180 1409 1060 1230 1062 1956 1454 998 1168 1227 1131 1163 1569 1056 1343 1221 1207 999
internal_value=-2.79108e-08 3.69228e-07 -9.90419e-08 -4.80039e-07 -4.97323e-08 -4.24622e-07 1.13762e-07 2.78203e-06 5.66931e-07 -6.84777e-07 1.52696e-06 4.2211e-06 -1.59294e-06 -7.96916e-07 2.98346e-07 -6.55775e-07 -2.33547e-06 -3.43567e-06
internal_weight=23557 22433 21024 19964 18734 17672 15716 3620 2622 12096 3521 2390 8575 7006 4951 3771 2428 2055
internal_count=23557 22433 21024 19964 18734 17672 15716 3620 2622 12096 3521 2390 8575 7006 4951 3771 2428 2055
is_linear=0
shrinkage=0.0187118


Tree=163
num_leaves=19
num_cat=0
split_feature=4 38 48 18 29 18 52 12 22 55 30 31 26 48 55 9 29 26
split_gain=0.00015798 0.000139794 0.000136408 0.000111087 0.000120296 0.000104187 0.000117676 5.95624e-05 7.17298e-05 6.99431e-05 5.35979e-05 8.44723e-05 5.00195e-05 4.24507e-05 4.02793e-05 3.79394e-05 2.6267e-05 2.47371e-05
threshold=-0.0037275990728701442 0.0033643643360402602 62.295834867364967 -0.026668681515849776 14.500000000000002 0.41607111461739726 0.32645121644985692 -0.84064885496183195 -0.96175894241174575 3221.5000000000005 18.500000000000004 98.500000000000014 -0.0003294576637559692 28.170728282754183 42172.000000000007 -0.47232824427480907 10.500000000000002 -0.002924269864892613
decision_type=2 2 2 8 2 8 2 10 8 2 2 2 10 2 2 10 2 10
left_child=1 2 5 10 -5 7 14 -1 -9 -10 11 -4 13 -11 15 -7 -15 -13
right_child=-2 -3 3 4 -6 6 -8 8 9 12 -12 17 -14 16 -16 -17 -18 -19
leaf_value=-6.1650301679378799e-06 6.5407367668726105e-06 -6.2892607351359772e-06 6.1066360343442742e-06 2.2209089722916399e-06 -5.4017612899481697e-06 -4.827702456951384e-06 6.2988108522241136e-06 2.5919307561354121e-06 -6.8793813199164848e-06 -2.9575438125186524e-06 6.9523725648283776e-06 -1.8739941706257727e-06 -4.7661716643644833e-06 -1.0933536244412414e-06 1.6774282766032231e-06 1.9682814647623019e-07 3.0126295132683332e-06 2.2289605780609611e-06
leaf_weight=1263 1216 1321 1372 1797 1215 1040 1135 1120 1080 1482 1315 1062 1311 1003 1566 1065 1196 998
leaf_count=1263 1216 1321 1372 1797 1215 1040 1135 1120 1080 1482 1315 1062 1311 1003 1566 1065 1196 998
internal_value=-2.73885e-08 -3.84886e-07 -1.38256e-08 1.9568e-06 -8.53972e-07 -1.16684e-06 1.03305e-06 -2.4173e-06 -1.75915e-06 -2.56173e-06 3.74026e-06 2.50951e-06 -1.62762e-06 -5.09809e-07 -5.95023e-07 -2.2856e-06 1.13982e-06 1.13747e-07
internal_weight=23557 22341 21020 7759 3012 13261 4806 8455 7192 6072 4747 3432 4992 3681 3671 2105 2199 2060
internal_count=23557 22341 21020 7759 3012 13261 4806 8455 7192 6072 4747 3432 4992 3681 3671 2105 2199 2060
is_linear=0
shrinkage=0.0187118


Tree=164
num_leaves=19
num_cat=0
split_feature=20 19 31 1 31 18 0 1 20 20 4 20 31 51 45 19 31 7
split_gain=0.000203842 0.00020141 0.000157884 0.000366847 0.000590155 0.000338049 0.000206619 0.000205633 0.000191072 0.000186794 0.000247144 9.76683e-05 8.08012e-05 7.30512e-05 7.12629e-05 5.19312e-05 3.90126e-05 1.18621e-05
threshold=0.060213074520303438 1.9623125720919463 120.50000000000001 145.16135751127746 23.500000000000004 -0.42154098544546215 14.500000000000002 155.73442750757491 1.3887119603680118 2.2793453102612151 -0.24971027192040249 0.495432932932933 195.50000000000003 44.444444444444201 -0.0018066862078194854 -0.082370013517266458 171.50000000000003 0.52179830625648138
decision_type=2 2 2 2 2 10 2 2 2 2 2 2 2 2 2 2 2 10
left_child=-1 2 3 4 -2 -5 -7 11 -9 10 -6 12 -4 -10 -13 -16 -17 -18
right_child=1 -3 7 5 9 6 -8 8 13 -11 -12 14 -14 -15 15 16 17 -19
leaf_value=-7.8030035957566267e-06 -1.301876278856728e-05 7.2115436696882797e-06 -6.419942578174777e-06 1.54334690142545e-05 3.0065853794995738e-06 7.452689808346938e-06 -3.61577947586785e-06 -1.0140169596492555e-05 -4.4214042231028352e-06 6.9005961189741541e-06 -8.2146641768658184e-06 5.9406495877647868e-06 7.0300850589283289e-07 2.0257047345022202e-06 -2.9155240124698214e-06 4.637881528004336e-06 1.7648722603951398e-06 -1.0379543924966069e-06
leaf_weight=1124 1170 1409 1168 1047 1961 1375 1035 1537 1505 1652 1058 1076 1067 1041 1117 1094 1003 1118
leaf_count=1124 1170 1409 1168 1047 1961 1375 1035 1537 1505 1652 1058 1076 1067 1041 1117 1094 1003 1118
internal_value=-2.6876e-08 3.62745e-07 -9.62523e-08 1.72474e-06 -1.13463e-06 6.55596e-06 2.69922e-06 -1.54018e-06 -4.93042e-06 1.84213e-06 -9.25869e-07 2.70927e-07 -3.01941e-06 -1.78533e-06 1.63075e-06 5.60234e-07 1.76783e-06 2.87473e-07
internal_weight=23557 22433 21024 9298 5841 3457 2410 11726 4083 4671 3019 7643 2235 2546 5408 4332 3215 2121
internal_count=23557 22433 21024 9298 5841 3457 2410 11726 4083 4671 3019 7643 2235 2546 5408 4332 3215 2121
is_linear=0
shrinkage=0.0187118


Tree=165
num_leaves=20
num_cat=0
split_feature=20 19 20 31 31 19 20 31 30 31 48 31 30 31 20 39 20 52 5
split_gain=0.000196285 0.000193943 0.000156008 0.0001733 0.000170159 0.000163451 0.000126681 0.000121056 0.000378694 0.000198282 0.000144364 9.56925e-05 8.10021e-05 0.00010317 7.64756e-05 5.69214e-05 4.31135e-05 3.22157e-05 2.57969e-05
threshold=0.060213074520303438 1.9623125720919463 18.017241379310349 24.500000000000004 120.50000000000001 -0.86858127919614947 1.1949635730123538 86.500000000000014 17.500000000000004 100.50000000000001 56.440193182536987 55.500000000000007 17.500000000000004 180.50000000000003 1.8884742951907134 -0.0012698417817452732 0.35961717813207805 0.16071706797161414 -1.0000000180025095e-35
decision_type=2 2 2 2 2 2 2 2 2 2 2 2 2 2 2 2 2 2 2
left_child=-1 2 3 -2 7 14 12 8 10 -9 -5 -10 13 -7 -6 -8 -14 -18 -17
right_child=1 -3 -4 4 5 6 15 9 11 -11 -12 -13 16 -15 -16 18 17 -19 -20
leaf_value=-7.6569952754918937e-06 -6.386251337809446e-06 7.0766025336814286e-06 6.9007909918518315e-06 1.4091250635308236e-06 -9.6210833845363937e-06 -8.3455228526115657e-06 6.4099679096011977e-06 1.1729830534802404e-05 -9.5121891105079719e-07 1.0717547226650508e-06 1.0728274785587587e-05 -8.6641035236961687e-06 -3.0593068045785652e-06 -7.8326588982360308e-07 -2.8527609726269906e-06 -1.0591788184401543e-06 3.9828111323764506e-06 -7.2006449871242794e-07 2.9026721919419491e-06
leaf_weight=1124 1593 1409 1060 1236 1014 1213 1002 1069 1086 1427 1100 1170 1000 1318 1380 1070 1043 998 1245
leaf_count=1124 1593 1409 1060 1236 1014 1213 1002 1069 1086 1427 1100 1170 1000 1318 1380 1070 1043 998 1245
internal_value=-2.63731e-08 3.55957e-07 -9.44512e-08 -4.65868e-07 4.75049e-08 -1.37983e-06 -2.11051e-07 2.3196e-06 5.16715e-07 5.63645e-06 5.79742e-06 -4.95125e-06 -1.93455e-06 -4.40753e-06 -5.71955e-06 2.68414e-06 1.23688e-07 1.68322e-06 1.07149e-06
internal_weight=23557 22433 21024 19964 18371 11283 8889 7088 4592 2496 2336 2256 5572 2531 2394 3317 3041 2041 2315
internal_count=23557 22433 21024 19964 18371 11283 8889 7088 4592 2496 2336 2256 5572 2531 2394 3317 3041 2041 2315
is_linear=0
shrinkage=0.0187118


Tree=166
num_leaves=20
num_cat=0
split_feature=20 20 55 2 40 0 1 52 26 51 20 54 22 48 18 4 54 18 1
split_gain=0.000189008 0.000155793 0.000178059 8.73643e-05 0.000185987 0.000116738 8.68675e-05 0.000182681 0.000106364 7.33256e-05 8.56481e-05 6.19107e-05 7.00039e-05 5.17947e-05 4.43895e-05 4.4378e-05 3.8471e-05 3.32815e-05 3.25106e-05
threshold=0.060213074520303438 6.0555984555984566 11128.500000000002 -0.11672425630551518 0.0018674152601478868 88.500000000000014 114.1780982905983 0.18015889627939699 0.00046610042394064241 27.777777777777853 0.78156090022215785 3.8299529734190316 -0.88910093299406256 45.032008472168542 -0.33375359950758782 -0.19832947029227199 0.52812751011271009 -0.22579031265906233 38.858145575598421
decision_type=2 2 2 2 2 2 2 2 8 2 2 2 8 2 10 2 2 10 2
left_child=-1 3 -3 5 6 9 7 13 11 -2 14 12 -8 18 -11 -14 -15 -12 -5
right_child=1 2 -4 4 -6 -7 8 -9 -10 10 17 -13 15 16 -16 -17 -18 -19 -20
leaf_value=-7.5137189175555736e-06 -3.9637150673923054e-06 9.6610837244504593e-06 3.8629735850556364e-07 -9.1784350647527633e-08 -7.8978009178094796e-06 5.9324830487103454e-06 -4.7910811341914143e-06 -8.5314696145879142e-06 6.5089593657032234e-06 1.7510340221589976e-06 1.7237788986919484e-06 4.0478395518681533e-06 -1.6990512982365845e-06 4.4259926818885813e-06 -3.4797722620304285e-06 3.6295557564563593e-06 -5.393454509820378e-07 6.4751597023024348e-06 -4.7431414328523548e-06
leaf_weight=1124 1203 1265 1697 1068 1303 1550 1240 1203 1078 1000 1068 1003 1182 1003 1315 1019 1200 999 1037
leaf_count=1124 1203 1265 1697 1068 1303 1550 1240 1203 1078 1000 1068 1003 1182 1003 1315 1019 1200 999 1037
internal_value=-2.58796e-08 3.49297e-07 4.34734e-06 -2.589e-07 -1.21213e-06 1.38918e-06 -4.22553e-07 -2.08455e-06 1.23614e-06 1.28284e-07 1.25167e-06 -4.29154e-08 -1.23531e-06 -2.84264e-07 -1.22024e-06 7.6794e-07 1.72131e-06 4.02017e-06 -2.38321e-06
internal_weight=23557 22433 2962 19471 12336 7135 11033 5511 5522 5585 4382 4444 3441 4308 2315 2201 2203 2067 2105
internal_count=23557 22433 2962 19471 12336 7135 11033 5511 5522 5585 4382 4444 3441 4308 2315 2201 2203 2067 2105
is_linear=0
shrinkage=0.0187118


Tree=167
num_leaves=18
num_cat=0
split_feature=20 19 31 1 31 18 1 20 20 22 20 30 20 51 31 19 22
split_gain=0.000182001 0.000186455 0.000148546 0.000352137 0.000599002 0.000275818 0.000196094 0.000189257 0.000178368 0.000137078 0.000128821 9.27683e-05 0.000104061 7.0431e-05 6.68012e-05 3.80212e-05 3.28684e-05
threshold=0.060213074520303438 1.9623125720919463 120.50000000000001 156.34276651146243 23.500000000000004 -0.36930229772568118 155.73442750757491 2.2793453102612151 1.3887119603680118 -0.88159798849535098 0.66510533539574312 18.500000000000004 0.78156090022215785 44.444444444444201 185.50000000000003 -0.056792204021103736 -0.82432311545801518
decision_type=2 2 2 2 2 10 2 2 2 8 2 2 2 2 2 2 10
left_child=-1 2 3 4 -2 -5 11 9 -8 -6 -7 12 16 -10 -14 -16 -4
right_child=1 -3 6 5 7 10 8 -9 13 -11 -12 -13 14 -15 15 -17 -18
leaf_value=-7.373123649159539e-06 -1.2616793496002192e-05 6.9324040117893722e-06 -5.7607995910268406e-06 1.4901884962386258e-05 3.4581192511259572e-06 -1.8904214634259085e-06 -9.8436916038396955e-06 6.9571298899504558e-06 -4.3597511526161021e-06 -4.3421636453920804e-06 7.2539154099461888e-06 3.7806632031148883e-06 4.7188084708058248e-06 1.9706819575851826e-06 -3.384424069160454e-06 1.7012579052418978e-06 -1.3410746462496429e-06
leaf_weight=1124 1231 1409 1391 994 1468 1009 1537 1732 1505 1705 1159 1959 1212 1041 1020 1039 1022
leaf_count=1124 1231 1409 1391 994 1468 1009 1537 1732 1505 1705 1159 1959 1212 1041 1020 1039 1022
internal_value=-2.53954e-08 3.42761e-07 -9.88682e-08 1.66745e-06 -9.46609e-07 6.74014e-06 -1.49945e-06 1.98224e-06 -4.81012e-06 -7.33334e-07 2.99809e-06 2.69156e-07 -9.41091e-07 -1.77138e-06 1.23347e-06 -8.18117e-07 -3.88887e-06
internal_weight=23557 22433 21024 9298 6136 3162 11726 4905 4083 3173 2168 7643 5684 2546 3271 2059 2413
internal_count=23557 22433 21024 9298 6136 3162 11726 4905 4083 3173 2168 7643 5684 2546 3271 2059 2413
is_linear=0
shrinkage=0.0187118


Tree=168
num_leaves=19
num_cat=0
split_feature=20 31 20 19 31 31 31 30 31 19 31 16 47 55 18 20 10 55
split_gain=0.000178616 0.000253259 0.000159164 0.00043578 0.000162 0.00011807 0.000187611 0.00048854 0.00019161 0.000181545 0.000167988 0.000123618 8.49515e-05 8.158e-05 7.25321e-05 7.17274e-05 5.52349e-05 5.46726e-05
threshold=18.017241379310349 24.500000000000004 2.4921855921855927 0.0014741874814081515 228.50000000000003 141.50000000000003 85.500000000000014 17.500000000000004 100.50000000000001 -0.12680091642533495 56.500000000000007 0.51409774436090239 18.518518518473567 40260.000000000007 -0.12955396541269884 0.45796355925547794 -1.3975563909774433 15313.500000000002
decision_type=2 2 2 2 2 2 2 2 2 2 2 2 2 2 10 2 2 2
left_child=1 -1 4 13 5 6 7 10 -8 -7 -3 12 -10 14 -4 -11 -17 -6
right_child=-2 2 3 -5 17 9 8 -9 11 15 -12 -13 -14 -15 -16 16 -18 -19
leaf_value=-6.7796988889280972e-06 7.670214976812806e-06 -2.1382549081937302e-06 5.7860648818365149e-06 1.4332263182235302e-05 1.1943455096655639e-06 -8.7455261313715785e-06 9.7453560537598525e-06 -1.0488650814899895e-05 -6.1283783818193484e-06 -4.7434834569226854e-06 8.6834869392051676e-06 5.1819539984470402e-06 1.4538547986844036e-06 -3.7971480077039689e-06 -1.1799764881229851e-06 2.8929918501599693e-06 -2.1324520711219556e-06 7.1188796659399389e-06
leaf_weight=1904 1043 1001 1085 1007 1055 1539 1069 1633 994 1442 1008 1298 1079 1138 1011 1494 1571 1129
leaf_count=1904 1043 1001 1085 1007 1055 1539 1069 1633 994 1442 1008 1298 1079 1138 1011 1494 1571 1129
internal_value=1.00567e-07 -2.51e-07 3.53809e-07 3.5832e-06 -4.85808e-07 -1.21898e-06 2.60537e-07 -2.88726e-06 2.84258e-06 -3.19673e-06 3.29147e-06 6.53598e-07 -2.18181e-06 2.36167e-07 2.42601e-06 -1.30199e-06 3.17144e-07 4.25698e-06
internal_weight=23500 22457 20553 4241 16312 14128 8082 3642 4440 6046 2009 3371 2073 3234 2096 4507 3065 2184
internal_count=23500 22457 20553 4241 16312 14128 8082 3642 4440 6046 2009 3371 2073 3234 2096 4507 3065 2184
is_linear=0
shrinkage=0.0187118


Tree=169
num_leaves=18
num_cat=0
split_feature=4 2 20 27 31 20 4 31 31 12 18 19 31 16 12 47 1
split_gain=0.000173899 0.000128476 0.000119186 0.000250903 0.000145876 0.0001415 0.000116505 0.000138886 0.00010837 0.000105711 9.98699e-05 9.8204e-05 6.52859e-05 4.46616e-05 4.38218e-05 4.03373e-05 3.64181e-05
threshold=-0.0037275990728701442 0.19952720582734293 2.0105823068309077 -0.30797301828856133 228.50000000000003 0.092628342628342644 -0.40479959296738083 125.50000000000001 59.500000000000007 -0.69751908396946549 -0.35345608430030234 0.13473021895631379 185.50000000000003 0.51409774436090239 -0.44942748091603046 -25.501672240774081 80.989938845272832
decision_type=2 2 2 10 2 2 2 2 2 10 10 2 2 2 10 2 2
left_child=1 2 4 -4 5 -1 7 10 -3 -8 -7 13 -5 16 -11 -16 -10
right_child=-2 8 3 12 -6 6 9 -9 11 14 -12 -13 -14 -15 15 -17 -18
leaf_value=-7.2050009038995084e-06 7.0528942109436657e-06 -7.7086415421490366e-06 1.0704335921005494e-05 3.1288552403589769e-06 5.2857254599201058e-06 9.31774895820117e-06 -6.1333517047744394e-06 -2.6118333422611264e-06 -2.347844090094879e-06 2.5310992041994482e-06 1.7060144603382834e-06 2.4199670579850353e-06 -2.2436820114679729e-06 -5.5883873222608638e-07 9.3073851990350803e-07 -4.0567874253202482e-06 -7.2868384084406679e-06
leaf_weight=1191 1195 1159 1162 1644 1406 995 1634 1420 1022 1199 1534 1630 1528 1403 1008 1300 1070
leaf_count=1191 1195 1159 1162 1644 1406 995 1634 1420 1022 1199 1534 1630 1528 1403 1008 1300 1070
internal_value=9.86856e-08 -2.73889e-07 6.15514e-07 3.26579e-06 -3.67313e-07 -1.14041e-06 -3.45804e-07 2.07125e-06 -2.54141e-06 -2.20244e-06 4.70075e-06 -1.37286e-06 5.40823e-07 -3.14177e-06 -3.70928e-07 -1.87853e-06 -4.874e-06
internal_weight=23500 22305 16021 4334 11687 10281 9090 3949 6284 5141 2529 5125 3172 3495 3507 2308 2092
internal_count=23500 22305 16021 4334 11687 10281 9090 3949 6284 5141 2529 5125 3172 3495 3507 2308 2092
is_linear=0
shrinkage=0.0187118


Tree=170
num_leaves=19
num_cat=0
split_feature=20 37 2 20 1 52 17 48 30 1 50 5 19 52 1 19 1 52
split_gain=0.000169206 0.00013606 0.000100053 0.000111646 0.000111028 0.000417936 0.000202199 0.000112514 0.000107164 0.000101772 8.38025e-05 7.19127e-05 6.67509e-05 5.63585e-05 5.19881e-05 3.95944e-05 3.78636e-05 2.91882e-05
threshold=18.017241379310349 0.0031771267065384694 -0.10608847849408189 0.7743476287724077 114.1780982905983 0.19444148919142903 -0.054805666890962806 38.155814778008512 18.500000000000004 254.69325425706458 33.333333333333073 -0.15773187941885888 0.16083715757926956 0.141281537066485 61.403197110367721 0.11833879549232408 38.858145575598421 0.13224167901839759
decision_type=2 2 2 2 2 2 8 2 2 2 2 2 2 2 2 2 2 2
left_child=1 2 3 9 5 7 8 16 11 12 -5 -6 -1 -13 -12 17 -4 -9
right_child=-2 -3 4 10 6 -7 -8 15 -10 -11 14 13 -14 -15 -16 -17 -18 -19
leaf_value=-1.0903761308089018e-06 7.4643965311243811e-06 -6.054940994901086e-06 -1.5844184934250692e-06 -1.0520180170176649e-07 1.1231558320672965e-06 -1.3653678184013397e-05 7.1128449757632327e-06 2.4192689598820188e-06 3.8475915669140446e-06 -5.1292083908082601e-06 2.7274083439583579e-06 -1.0460749257132674e-06 5.0704731625616191e-06 -6.5724351595842225e-06 7.8235900709862196e-06 4.676380483805006e-06 -6.4606641934483606e-06 -1.7584071422396261e-06
leaf_weight=1436 1043 1328 1210 1265 1363 1012 1415 1126 1285 1170 1212 1142 1078 1488 1662 1011 1034 1220
leaf_count=1436 1043 1328 1210 1265 1363 1012 1415 1126 1285 1170 1212 1142 1078 1488 1662 1011 1034 1220
internal_value=9.6839e-08 -2.45342e-07 1.19803e-07 1.7991e-06 -8.67507e-07 -2.58708e-06 8.31509e-07 -5.8754e-07 -8.52479e-07 -5.703e-07 3.90803e-06 -2.36502e-06 1.55139e-06 -4.17278e-06 5.67447e-06 1.58077e-06 -3.83132e-06 2.46734e-07
internal_weight=23500 22457 21129 7823 13306 6613 6693 5601 5278 3684 4139 3993 2514 2630 2874 3357 2244 2346
internal_count=23500 22457 21129 7823 13306 6613 6693 5601 5278 3684 4139 3993 2514 2630 2874 3357 2244 2346
is_linear=0
shrinkage=0.0187118


Tree=171
num_leaves=19
num_cat=0
split_feature=4 37 48 0 52 47 31 31 7 30 31 31 31 30 31 30 52 51
split_gain=0.000165798 0.000125502 0.000114899 9.69007e-05 0.000147877 0.000161393 9.26874e-05 0.000114868 0.000122909 9.52348e-05 5.75901e-05 0.000142995 0.000192811 0.000188494 0.000119254 5.69149e-05 4.57701e-05 3.92521e-05
threshold=-0.0037275990728701442 0.0031771267065384694 61.891559061768213 147.50000000000003 0.24342507069695665 -55.555555555554712 49.500000000000007 126.50000000000001 0.26816345489111654 18.500000000000004 47.500000000000007 83.500000000000014 113.50000000000001 17.500000000000004 157.50000000000003 16.500000000000004 0.13463849531047917 33.333333333333563
decision_type=2 2 2 2 2 2 2 2 10 2 2 2 2 2 2 2 2 2
left_child=1 2 3 4 10 -6 -4 8 -8 15 -1 -12 -13 14 -14 -9 -16 -15
right_child=-2 -3 6 -5 5 -7 7 9 -10 -11 11 12 13 17 16 -17 -18 -19
leaf_value=2.4988154921571669e-06 6.8853311248328204e-06 -5.85840235102461e-06 -2.3136604420070654e-06 -6.3764103622808005e-06 9.0737528737523371e-06 -2.8007506700657907e-07 2.5628194046389876e-06 2.4131383370136172e-06 1.0875645093724188e-05 5.4616859712819177e-06 -8.1866463160960937e-06 6.4162302751195599e-06 -1.0961379917544565e-05 -1.79780353037959e-06 -3.9019666501357456e-07 -3.1952339999757461e-06 -5.9752009479143248e-06 2.6145589486200617e-06
leaf_weight=1047 1195 1323 1503 1074 1050 1678 1559 1011 1037 1084 1181 1010 1005 1143 1060 1697 997 1846
leaf_count=1047 1195 1323 1503 1074 1050 1678 1559 1011 1037 1084 1181 1010 1005 1143 1060 1697 997 1846
internal_value=9.5027e-08 -2.68766e-07 8.36827e-08 -9.91372e-07 -5.10093e-07 3.32019e-06 1.86718e-06 2.85086e-06 5.88347e-06 7.74746e-07 -1.63497e-06 -2.1601e-06 -1.15212e-06 -2.41538e-06 -5.67834e-06 -1.10141e-06 -3.09717e-06 9.27261e-07
internal_weight=23500 22305 20982 13091 12017 2728 7891 6388 2596 3792 9289 8242 7061 6051 3062 2708 2057 2989
internal_count=23500 22305 20982 13091 12017 2728 7891 6388 2596 3792 9289 8242 7061 6051 3062 2708 2057 2989
is_linear=0
shrinkage=0.0187118


Tree=172
num_leaves=19
num_cat=0
split_feature=20 31 20 19 31 31 31 30 31 31 19 29 16 55 53 55 48 10
split_gain=0.00016108 0.000241455 0.000147371 0.000418511 0.000157321 0.000114289 0.000181795 0.000478416 0.000217448 0.000171937 0.00016429 0.000129326 0.000115201 9.20136e-05 7.60632e-05 5.28963e-05 5.28495e-05 4.76915e-05
threshold=18.017241379310349 24.500000000000004 2.6568921232876721 -0.0079486717189123351 228.50000000000003 141.50000000000003 86.500000000000014 17.500000000000004 100.50000000000001 56.500000000000007 -0.12680091642533495 6.5000000000000009 0.51409774436090239 25823.500000000004 47.670106025697628 15313.500000000002 49.118718762256115 -1.3975563909774433
decision_type=2 2 2 2 2 2 2 2 2 2 2 2 2 2 2 2 2 2
left_child=1 -1 4 13 5 6 7 9 -8 -3 -7 -12 16 -4 -13 -6 -10 -16
right_child=-2 2 3 -5 15 10 8 -9 12 -11 11 14 -14 -15 17 -17 -18 -19
leaf_value=-6.6153495593144871e-06 7.2817177409013486e-06 -2.2414672147865268e-06 2.8764606119826284e-06 1.375866786961918e-05 1.1998028801383306e-06 -8.1841934507111605e-06 1.0465074412281272e-05 -1.0088584652461746e-05 -5.2172989499055268e-06 8.5205434629867234e-06 4.4148961447178183e-06 -6.5575062974938174e-06 4.9691407534898539e-06 -3.8027884817348526e-06 1.8421916345859307e-06 6.9666663298635728e-06 7.4914506849261674e-07 -3.7356102704517608e-06
leaf_weight=1904 1043 1009 1657 1044 1072 1621 1019 1695 1003 1072 1078 1312 1303 1280 1116 1159 1079 1034
leaf_count=1904 1043 1009 1657 1044 1072 1621 1019 1695 1003 1072 1078 1312 1303 1280 1116 1159 1079 1034
internal_value=9.32488e-08 -2.40615e-07 3.49931e-07 3.58271e-06 -4.26661e-07 -1.14575e-06 3.0395e-07 -2.70863e-06 2.88694e-06 3.30244e-06 -3.07052e-06 -1.2447e-06 6.05662e-07 -3.44812e-08 -3.00699e-06 4.19568e-06 -2.12518e-06 -8.40341e-07
internal_weight=23500 22457 20553 3981 16572 14341 8180 3776 4404 2081 6161 4540 3385 2937 3462 2231 2082 2150
internal_count=23500 22457 20553 3981 16572 14341 8180 3776 4404 2081 6161 4540 3385 2937 3462 2231 2082 2150
is_linear=0
shrinkage=0.0187118


Tree=173
num_leaves=18
num_cat=0
split_feature=4 2 20 16 52 48 4 20 20 4 52 15 4 26 20 50 1
split_gain=0.000158155 0.000121058 0.000109785 0.000106021 9.76411e-05 8.1605e-05 7.11415e-05 8.52795e-05 6.61346e-05 7.68743e-05 0.000107459 9.06924e-05 5.14104e-05 5.04704e-05 4.22168e-05 5.16764e-05 4.33748e-05
threshold=-0.0037275990728701442 0.19952720582734293 6.3042929292929299 0.87124060150375948 0.30898654311297541 94.057768386128998 -0.065005087907739262 0.45796355925547794 0.087046725599855684 -0.40479959296738083 0.18807726410477638 0.030562494274702187 -0.25363220080275872 -0.0054888507185451392 1.112399732620321 49.999999999999744 143.17690767362961
decision_type=2 2 2 2 2 2 2 2 2 2 2 10 2 8 2 2 2
left_child=1 2 3 5 6 8 7 -3 -1 10 13 -11 -9 -10 16 -16 -13
right_child=-2 4 -4 -5 -6 -7 -8 12 9 11 -12 14 -14 -15 15 -17 -18
leaf_value=-5.4791141701855825e-06 6.7234496765271536e-06 -3.8559963636777209e-06 5.4912612312466407e-06 5.1660119065237238e-06 -7.3234729815521075e-06 4.1789526465681707e-06 -5.46027850825476e-06 4.9824099390996057e-06 2.7938119838960861e-06 -6.1120303949777623e-06 6.2181050842826329e-06 -4.0137572530699827e-07 -3.906407822729761e-07 -2.5404838291747291e-06 -1.0968354603592442e-06 3.7704313692265183e-06 -5.2567722871138431e-06
leaf_weight=998 1195 1409 1460 1320 1177 1238 1142 1079 1015 1279 1240 1612 1477 1600 1916 1270 1073
leaf_count=998 1195 1409 1460 1320 1177 1238 1142 1079 1015 1279 1240 1612 1477 1600 1916 1270 1073
internal_value=9.1504e-08 -2.63805e-07 5.99541e-07 1.09059e-07 -2.4649e-06 -3.95071e-07 -1.34515e-06 -1.59913e-07 -8.6684e-07 -4.4857e-07 1.6813e-06 -1.59691e-06 1.87756e-06 -4.70001e-07 -6.1329e-07 8.43349e-07 -2.34173e-06
internal_weight=23500 22305 16021 14561 6284 13241 5107 3965 12003 11005 3855 7150 2556 2615 5871 3186 2685
internal_count=23500 22305 16021 14561 6284 13241 5107 3965 12003 11005 3855 7150 2556 2615 5871 3186 2685
is_linear=0
shrinkage=0.0187118


Tree=174
num_leaves=18
num_cat=0
split_feature=4 2 39 51 31 54 0 41 53 31 22 31 30 16 55 4 53
split_gain=0.000152292 0.000119517 0.000132025 0.000105829 0.000137876 9.26953e-05 7.50362e-05 0.000108856 9.45813e-05 0.000102417 7.31293e-05 7.26323e-05 0.000111857 8.67518e-05 5.10966e-05 4.80185e-05 4.54196e-05
threshold=-0.0037275990728701442 -0.67122299646581196 0.003733666660471036 49.999999999997463 49.500000000000007 5.6999974688385988 16.500000000000004 -0.0012247402020783558 37.949684588337 156.50000000000003 -0.8320461593511449 126.50000000000001 17.500000000000004 0.49342105263157904 5693.0000000000009 -0.24971027192040249 48.289933105943227
decision_type=2 2 2 2 2 2 2 2 2 2 8 2 2 2 2 2 2
left_child=1 -1 3 6 -5 11 8 -8 14 -10 -9 13 -13 -6 -3 -14 -7
right_child=-2 2 -4 4 5 16 7 10 9 -11 -12 12 15 -15 -16 -17 -18
leaf_value=4.8422858643289577e-06 6.5976417228091033e-06 -5.5595282399552909e-06 -7.232519217959853e-06 -3.7367668936700814e-06 -3.3372279197076356e-07 2.6848413942685879e-06 -7.4924758955201224e-06 -4.3433311465227808e-06 6.2158918720832432e-06 -1.6438831172159624e-06 1.5520600952101041e-06 -4.0021294233896545e-06 -2.5850704766553283e-07 7.3287889587987453e-06 2.6009410844910064e-08 5.1442010965638414e-06 7.7349292188358023e-06
leaf_weight=1500 1195 1158 1008 1806 1006 1375 1556 1463 1247 1086 1484 1928 1330 1065 1136 1016 1141
leaf_count=1500 1195 1158 1008 1806 1006 1375 1556 1463 1247 1086 1484 1928 1330 1065 1136 1016 1141
internal_value=8.97918e-08 -2.58869e-07 -6.26652e-07 -2.90303e-07 9.75404e-07 1.93581e-06 -1.76909e-06 -3.48864e-06 -9.5618e-08 2.5572e-06 -1.37463e-06 7.30657e-07 -6.62941e-07 3.60668e-06 -2.79354e-06 2.08128e-06 4.97505e-06
internal_weight=23500 22305 20805 19797 10667 8861 9130 4503 4627 2333 2947 6345 4274 2071 2294 2346 2516
internal_count=23500 22305 20805 19797 10667 8861 9130 4503 4627 2333 2947 6345 4274 2071 2294 2346 2516
is_linear=0
shrinkage=0.0187118


Tree=175
num_leaves=17
num_cat=0
split_feature=4 39 51 9 37 15 25 11 10 30 7 52 16 12 51 13
split_gain=0.000134116 0.000123702 0.000118002 0.000147412 0.00012213 8.816e-05 6.04181e-05 5.89194e-05 0.000123588 5.86285e-05 5.61094e-05 5.01183e-05 4.80966e-05 3.99607e-05 3.29821e-05 2.11691e-05
threshold=-0.0037275990728701442 0.003733666660471036 72.222222222222342 -0.93320610687022887 0.0020090411898852083 0.27210623104986381 -0.50252907995500784 -0.7853053435114502 -1.4370300751879694 17.500000000000004 0.78745031109574837 0.19563263869960468 0.49342105263157904 -0.32538167938931289 99.999999999999133 -0.12061381543153071
decision_type=2 2 2 10 2 10 2 8 2 2 10 2 2 10 2 10
left_child=1 2 3 -1 5 6 9 -4 -9 -5 11 12 -8 -14 15 -10
right_child=-2 -3 7 4 -6 -7 10 8 14 -11 -12 -13 13 -15 -16 -17
leaf_value=5.4146048247593798e-06 6.1180250808679437e-06 -6.3153183945108447e-06 -1.9571536951590909e-06 -4.8989656754578223e-06 -7.6895820526748097e-06 -5.6545683382061993e-06 2.8606306998105452e-06 7.2759485681481377e-06 3.6004702604283676e-06 1.806714624040937e-08 -2.3169039835693103e-06 4.0772821639792782e-06 -3.5927841851113715e-06 1.1070524589951986e-06 -1.734857890714776e-06 3.6753927762671194e-07
leaf_weight=1188 1207 1131 1043 1738 1019 1253 1562 1599 1572 1660 1875 1728 1306 1230 1050 1292
leaf_count=1188 1207 1131 1043 1738 1019 1253 1562 1599 1572 1660 1875 1728 1306 1230 1050 1292
internal_value=4.32522e-08 -2.86346e-07 3.65884e-08 -9.02092e-07 -1.46332e-06 -9.49679e-07 -4.18529e-07 2.12113e-06 2.8927e-06 -2.49688e-06 4.98526e-07 1.40463e-06 2.77648e-07 -1.31329e-06 1.10199e-06 2.14204e-06
internal_weight=23453 22246 21115 14559 13371 12352 11099 6556 5513 3398 7701 5826 4098 2536 3914 2864
internal_count=23453 22246 21115 14559 13371 12352 11099 6556 5513 3398 7701 5826 4098 2536 3914 2864
is_linear=0
shrinkage=0.0187118


Tree=176
num_leaves=18
num_cat=0
split_feature=4 39 51 15 54 42 22 0 41 31 47 48 17 1 47 55 49
split_gain=0.000129144 0.000119116 0.000113627 9.04648e-05 9.0325e-05 8.80894e-05 6.08975e-05 6.31761e-05 0.000122029 8.90107e-05 7.6699e-05 6.77648e-05 4.26483e-05 5.68759e-05 6.20217e-05 4.17341e-05 1.56599e-05
threshold=-0.0037275990728701442 0.003733666660471036 72.222222222222342 0.27210623104986381 14.954087694928479 0.0020151138615469581 -0.97705536544704741 16.500000000000004 -0.0016181229773462589 102.50000000000001 -48.245614035080187 59.222709097593501 -0.11683025657529035 42.263885706632529 58.017765310893957 51430.000000000007 90.340661734142415
decision_type=2 2 2 10 2 2 10 2 2 2 2 2 8 2 2 2 2
left_child=1 2 3 5 12 6 -1 9 -9 -8 -11 15 13 -4 -15 -10 -12
right_child=-2 -3 4 -5 -6 -7 7 8 11 10 16 -13 -14 14 -16 -17 -18
leaf_value=3.1476235570868886e-06 6.003545714631883e-06 -6.1971473151101492e-06 3.0474385311245858e-06 -5.3321150146438524e-06 7.0546463819576722e-06 -5.7365926623414798e-06 4.56250266100617e-06 -7.4563221199597378e-06 -3.7607887842592091e-06 2.7614832446344937e-06 -1.4219381450404362e-06 2.9845708465853697e-06 4.378026404626324e-06 1.201301474742632e-06 -4.4506260144174372e-06 9.8328214696731692e-07 -4.7425893586576193e-06
leaf_weight=1872 1207 1131 1629 1443 1070 999 1641 1110 1865 1300 994 1344 1115 1496 1246 996 995
leaf_count=1872 1207 1131 1629 1443 1070 999 1641 1110 1865 1300 994 1344 1115 1496 1246 996 995
internal_value=4.24429e-08 -2.80988e-07 3.59037e-08 -8.85213e-07 2.08144e-06 -3.95972e-07 4.43416e-08 -5.227e-07 -1.93787e-06 1.00298e-06 -7.72987e-07 -4.81154e-07 1.11146e-06 2.78184e-07 -1.36701e-06 -2.10923e-06 -3.0831e-06
internal_weight=23453 22246 21115 14559 6556 13116 12117 10245 5315 4930 3289 4205 5486 4371 2742 2861 1989
internal_count=23453 22246 21115 14559 6556 13116 12117 10245 5315 4930 3289 4205 5486 4371 2742 2861 1989
is_linear=0
shrinkage=0.0187118


Tree=177
num_leaves=18
num_cat=0
split_feature=20 19 20 25 42 55 0 52 38 4 52 51 1 15 7 1 7
split_gain=0.000200764 0.000193797 0.000134881 8.88263e-05 0.000131892 9.77411e-05 9.00535e-05 0.000109354 6.17116e-05 6.00432e-05 9.23182e-05 6.32381e-05 5.99424e-05 5.58806e-05 5.04666e-05 4.32112e-05 3.88813e-05
threshold=0.055327558657808432 1.9623125720919463 18.017241379310349 -0.20076854762755905 -0.0010498690557020349 3221.5000000000005 115.50000000000001 0.33668246350243608 -0.0012414654069632378 -0.63268839391712339 0.18370058826235849 72.222222222222342 131.63628753022297 0.22665899791729921 0.16348369627837309 624.12980367585646 0.48871557783154745
decision_type=2 2 2 2 2 2 2 2 2 2 2 2 2 10 8 2 8
left_child=-1 2 3 4 -2 -6 7 8 13 -7 11 -11 -12 -5 -10 16 -16
right_child=1 -3 -4 6 5 9 -8 -9 14 10 12 -13 -14 -15 15 -17 -18
leaf_value=-8.0196932742457001e-06 -7.8188132175452685e-06 7.1187422481121447e-06 6.5451415591165034e-06 5.1354899153353583e-06 -6.3603118428337484e-06 3.7821380248194616e-06 -4.4543725526641234e-06 7.0863401779427203e-06 2.585753737435893e-06 -9.9978479256277e-07 -7.1400522676303774e-06 4.3999220072498196e-06 -1.0522911582908201e-06 -4.5158753521566135e-07 1.5730333910745687e-06 -4.4411036518977231e-06 -2.2174733111318574e-06
leaf_weight=1034 1111 1414 1036 1652 1003 1156 1066 1016 1545 1900 1024 1265 1267 1010 1898 1164 1892
leaf_count=1034 1111 1414 1036 1652 1003 1156 1066 1016 1545 1900 1024 1265 1267 1010 1898 1164 1892
internal_value=4.16487e-08 4.13451e-07 -3.79312e-08 -3.79464e-07 -1.79605e-06 -9.17347e-07 7.19985e-07 1.26198e-06 6.16027e-07 -9.16825e-08 -9.12456e-07 1.15839e-06 -3.77332e-06 3.01567e-06 -3.66871e-07 -1.2877e-06 -3.19219e-07
internal_weight=23453 22419 21005 19969 8726 7615 11243 10177 9161 6612 5456 3165 2291 2662 6499 4954 3790
internal_count=23453 22419 21005 19969 8726 7615 11243 10177 9161 6612 5456 3165 2291 2662 6499 4954 3790
is_linear=0
shrinkage=0.0187118


Tree=178
num_leaves=18
num_cat=0
split_feature=20 17 36 19 39 31 19 41 19 20 30 30 31 31 55 48 55
split_gain=0.000193321 0.000188467 0.000112051 0.000110264 0.000120058 0.000104738 0.000172755 0.000197636 0.0001353 9.18629e-05 7.10747e-05 8.86639e-05 7.24645e-05 8.14068e-05 6.81323e-05 6.9821e-05 1.82434e-05
threshold=0.055327558657808432 -0.66070514320821494 -0.0025268487657867929 1.9623125720919463 0.0032180229999326797 120.50000000000001 -0.60278952562873644 -0.0010085731258747674 -1.4350140563321074 0.25380867682313829 17.500000000000004 16.500000000000004 176.50000000000003 222.50000000000003 6219.5000000000009 63.062344496448333 17043.500000000004
decision_type=2 10 2 2 2 2 2 2 2 2 2 2 2 2 2 2 2
left_child=-1 -2 -3 4 5 6 -4 -8 -7 -10 11 16 -12 -14 -9 -16 -11
right_child=1 2 3 -5 -6 8 7 14 9 10 12 -13 13 -15 15 -17 -18
leaf_value=-7.8696302406751001e-06 7.8803253442847659e-06 5.7138632776380057e-06 7.4851304972788167e-06 5.0666413995552562e-06 -6.9407003494186458e-06 -5.9579464785601721e-06 -5.105430419104477e-06 -1.9783053566198699e-06 -5.7603832380958489e-06 -6.312104792550433e-07 5.5600402305253296e-06 -4.6390348126039985e-06 -3.1563154391309881e-06 4.0159088861146478e-06 1.1860859591036806e-06 6.7024547749669985e-06 2.8474571797403043e-06
leaf_weight=1034 1122 1142 1333 1252 1011 1957 1826 1021 1022 1094 1342 1759 1235 1005 1869 1409 1020
leaf_count=1034 1122 1142 1333 1252 1011 1957 1826 1021 1022 1094 1342 1759 1235 1005 1869 1409 1020
internal_value=4.08694e-08 4.05714e-07 1.19257e-08 -3.11151e-07 -6.67338e-07 -3.12857e-07 1.38051e-06 5.19486e-08 -1.52324e-06 -4.99445e-07 2.21772e-07 -1.5353e-06 2.12158e-06 6.15787e-08 2.24255e-06 3.55722e-06 1.04724e-06
internal_weight=23453 22419 21297 20155 18903 17892 7458 6125 10434 8477 7455 3873 3582 2240 4299 3278 2114
internal_count=23453 22419 21297 20155 18903 17892 7458 6125 10434 8477 7455 3873 3582 2240 4299 3278 2114
is_linear=0
shrinkage=0.0187118


Tree=179
num_leaves=17
num_cat=0
split_feature=4 2 38 31 31 29 53 31 30 30 31 31 31 19 53 12
split_gain=0.000124109 0.000111936 0.000136447 8.22525e-05 0.000358075 0.000259831 0.00031202 0.000283869 0.000256966 0.000203107 0.000165975 0.00012995 0.000143069 8.64777e-05 7.81865e-05 3.3202e-05
threshold=-0.0037275990728701442 -0.6630572340649511 0.0034188134087614901 84.500000000000014 99.500000000000014 12.500000000000002 35.627008044590511 34.500000000000007 17.500000000000004 16.500000000000004 170.50000000000003 229.50000000000003 176.50000000000003 -0.40325061447047966 51.908908963970497 -0.43797709923664113
decision_type=2 2 2 2 2 2 2 2 2 2 2 2 2 2 2 10
left_child=1 -1 3 5 -5 7 -7 -3 9 10 -6 12 14 -11 -10 -14
right_child=-2 2 -4 4 8 6 -8 -9 11 13 -12 -13 15 -15 -16 -17
leaf_value=4.5283244567694906e-06 5.8838320307019733e-06 8.3137627014203054e-06 -6.88700958929733e-06 1.0621762499652853e-05 -4.8079612870600074e-06 1.5854292592609091e-06 -1.1452158581970158e-05 -3.1841300614060369e-06 1.0081988843271653e-06 -1.0655496285480892e-05 3.8627146752339398e-06 7.3590598290796773e-06 -6.0552743205405473e-07 -4.12431876186966e-06 7.1939983449519507e-06 -5.4310221219019032e-06
leaf_weight=1577 1207 1279 1157 1127 1334 1052 1652 1824 1822 1130 1838 1370 995 1909 1178 1002
leaf_count=1577 1207 1279 1157 1127 1334 1052 1652 1824 1822 1130 1838 1370 995 1909 1178 1002
internal_value=4.01047e-08 -2.76958e-07 -6.43591e-07 -2.73376e-07 5.17441e-07 -2.13977e-06 -6.37984e-06 1.55509e-06 -3.87915e-07 -3.09583e-06 2.16219e-07 2.25365e-06 8.53929e-07 -6.55283e-06 3.43716e-06 -3.02673e-06
internal_weight=23453 22246 20669 19512 13705 5807 2704 3103 12578 6211 3172 6367 4997 3039 3000 1997
internal_count=23453 22246 20669 19512 13705 5807 2704 3103 12578 6211 3172 6367 4997 3039 3000 1997
is_linear=0
shrinkage=0.0187118


Tree=180
num_leaves=19
num_cat=0
split_feature=20 17 4 48 12 43 7 55 36 20 4 45 48 53 18 30 30 18
split_gain=0.000186343 0.000182903 0.000116596 0.000116158 0.000105061 8.88327e-05 6.14284e-05 6.23162e-05 8.10342e-05 6.72119e-05 7.49464e-05 5.55056e-05 7.37419e-05 5.41636e-05 5.65575e-05 3.919e-05 2.57012e-05 2.26636e-05
threshold=0.055327558657808432 -0.66070514320821494 -0.0037275990728701442 94.057768386128998 -0.26049618320610685 0.0032128534783977263 1.1510542689249916 47739.500000000007 0.0013614710189253645 0.72353976995991165 -0.056087116286957985 -0.0016652800887410055 64.89077650753417 35.627008044590511 -0.26181938017475753 17.500000000000004 17.500000000000004 0.017771798805383595
decision_type=2 10 2 2 10 2 10 2 2 2 2 2 2 2 10 2 2 8
left_child=-1 -2 3 4 5 6 7 8 9 16 15 -6 17 -9 -15 -11 -3 -13
right_child=1 2 -4 -5 11 -7 -8 13 -10 10 -12 12 -14 14 -16 -17 -18 -19
leaf_value=-7.7270737864225209e-06 7.7610044990527187e-06 -4.7502742411293658e-06 5.6730854069659197e-06 5.5240955002482911e-06 5.3613293329040763e-06 -6.2800912167307384e-06 -5.3498582218794847e-06 4.9330337819935117e-06 -6.0589851708538051e-06 3.8340392501881419e-07 -2.9775250235461293e-06 -3.1601642579669805e-06 4.420447746801711e-06 2.9147313041391911e-06 -3.3864192784768818e-06 4.6957977177910882e-06 -1.2129479761295188e-06 2.5361441164819092e-07
leaf_weight=1034 1122 1424 1201 1121 1081 1254 1067 1105 1172 1591 1319 1093 1239 999 996 1376 1453 1806
leaf_count=1034 1122 1424 1201 1121 1081 1254 1067 1105 1172 1591 1319 1093 1239 999 996 1376 1453 1806
internal_value=3.93542e-08 3.97554e-07 9.6221e-09 -3.28844e-07 -6.74623e-07 -1.53224e-06 -1.05601e-06 -6.5535e-07 -1.49777e-06 -7.51465e-07 7.33565e-07 1.58584e-06 5.99542e-07 1.60966e-06 -2.31105e-07 2.38336e-06 -2.96378e-06 -1.03347e-06
internal_weight=23453 22419 21297 20096 18975 13756 12502 11435 8335 7163 4286 5219 4138 3100 1995 2967 2877 2899
internal_count=23453 22419 21297 20096 18975 13756 12502 11435 8335 7163 4286 5219 4138 3100 1995 2967 2877 2899
is_linear=0
shrinkage=0.0187118


Tree=181
num_leaves=19
num_cat=0
split_feature=20 19 20 35 20 4 20 50 16 55 30 53 54 29 20 48 19 42
split_gain=0.000179435 0.000180303 0.000126597 0.000125895 0.000106077 0.000170477 8.64832e-05 0.000141314 7.01197e-05 5.9303e-05 7.9011e-05 4.99267e-05 4.92422e-05 4.52788e-05 4.35086e-05 0.000100123 4.18913e-05 2.68008e-05
threshold=0.055327558657808432 1.9623125720919463 18.017241379310349 1.0000000180025095e-35 0.46652661064425777 -0.41985132002939679 2.4921855921855927 66.666666666665904 0.47368421052631587 -2299.9999999999995 17.500000000000004 48.289933105943227 -12.717591435189133 14.500000000000002 1.4204253013680077 44.24338420604446 0.11341586095083046 0.0010509724394489608
decision_type=2 2 2 2 2 2 2 2 2 2 2 2 2 2 2 2 2 2
left_child=-1 2 3 4 8 -6 9 11 17 -7 14 -8 -12 -14 15 -11 -10 -2
right_child=1 -3 -4 -5 5 6 7 -9 16 10 12 -13 13 -15 -16 -17 -18 -19
leaf_value=-7.5824862871524657e-06 -2.7388835526321299e-06 6.8577574181466834e-06 6.3324395273592263e-06 -6.1379345185851975e-06 7.1408889953709467e-06 -5.2021605608670162e-06 -1.8524829816605365e-06 7.447213031509176e-06 -2.847142549253001e-06 -8.0017586950995145e-06 5.0012069222535712e-06 3.2166665178343656e-06 -1.753238501821695e-06 3.2699674642044786e-06 2.9702481429436294e-07 -1.228356655114281e-07 1.9355825440794868e-06 -6.8382172404692756e-06
leaf_weight=1034 1103 1414 1036 1245 1355 1009 1821 1308 1197 1089 1047 1086 1611 1030 1383 1173 1381 1131
leaf_count=1034 1103 1414 1036 1245 1355 1009 1821 1308 1197 1089 1047 1086 1611 1030 1383 1173 1381 1131
internal_value=3.86178e-08 3.90115e-07 -4.52687e-08 -3.76147e-07 6.96681e-09 8.35283e-07 1.54858e-07 2.33947e-06 -2.38778e-06 -9.48973e-07 -3.63746e-07 4.12541e-08 1.56721e-06 2.0583e-07 -2.31748e-06 -3.91601e-06 -2.851e-07 -4.81424e-06
internal_weight=23453 22419 21005 19969 18724 13912 12557 4215 4812 8342 7333 2907 3688 2641 3645 2262 2578 2234
internal_count=23453 22419 21005 19969 18724 13912 12557 4215 4812 8342 7333 2907 3688 2641 3645 2262 2578 2234
is_linear=0
shrinkage=0.0187118


Tree=182
num_leaves=19
num_cat=0
split_feature=20 52 7 31 1 52 17 1 2 30 30 31 50 31 31 53 0 31
split_gain=0.000168074 0.000207098 0.000269032 0.000133495 0.000281768 0.000343267 0.000262353 0.000227581 0.000110028 9.7879e-05 0.000263414 0.000112511 9.66965e-05 8.67971e-05 0.000143175 6.47523e-05 4.75362e-05 3.45063e-05
threshold=0.72353976995991165 0.210029832092993 0.12684353036064067 179.50000000000003 61.264654930972277 0.1831068975238081 -0.33844826072964507 713.51215104698565 1.0000000180025095e-35 17.500000000000004 16.500000000000004 224.50000000000003 66.666666666665023 198.50000000000003 122.50000000000001 46.448377945028334 6.5000000000000009 84.500000000000014
decision_type=2 2 8 2 2 2 10 2 2 2 2 2 2 2 2 2 2 2
left_child=1 13 -3 4 5 12 -6 8 -8 10 -5 -11 -2 14 16 -16 -1 -18
right_child=3 2 -4 9 6 -7 7 -9 -10 11 -12 -13 -14 -15 15 -17 17 -19
leaf_value=-2.1308580299781239e-06 -9.195008993996992e-07 -1.3685416713649895e-05 -1.847965012382827e-06 3.7032427506245663e-06 1.3908675112845495e-05 -1.075285399158481e-05 8.8446088943037031e-06 -4.3466920271838115e-06 1.8817451014494494e-06 -2.131787326009832e-06 -8.1661134802100458e-06 6.249089655149333e-06 6.6128928053550625e-06 3.5922084914663578e-06 -8.594443225533257e-06 -2.1870376357127632e-06 4.658226809501472e-07 5.2898278411592645e-06
leaf_weight=1022 1444 1074 1797 1060 1001 1012 1773 1040 1440 1255 1712 1014 1017 1557 995 1241 1074 1005
leaf_count=1022 1444 1074 1797 1060 1001 1012 1773 1040 1440 1255 1712 1014 1017 1557 995 1241 1074 1005
internal_value=-1.75816e-07 -2.05352e-06 -6.27619e-06 1.15595e-06 2.55631e-06 -1.57913e-06 5.28992e-06 3.26138e-06 5.724e-06 -1.26835e-06 -3.62733e-06 1.61357e-06 2.19323e-06 -2.94993e-07 -1.42903e-06 -5.03828e-06 1.17344e-06 2.79777e-06
internal_weight=23533 9765 2871 13768 8727 3473 5254 4253 3213 5041 2772 2269 2461 6894 5337 2236 3101 2079
internal_count=23533 9765 2871 13768 8727 3473 5254 4253 3213 5041 2772 2269 2461 6894 5337 2236 3101 2079
is_linear=0
shrinkage=0.0187118


Tree=183
num_leaves=19
num_cat=0
split_feature=20 21 19 31 31 1 52 31 1 1 30 31 31 50 20 31 55 1
split_gain=0.000161843 0.0002096 0.000130625 0.000111063 0.000109618 0.000220835 0.000330819 0.000219849 0.000158073 0.000122072 9.31868e-05 0.000153509 9.22988e-05 8.76942e-05 7.85503e-05 0.000121314 9.68478e-05 9.19808e-05
threshold=0.72353976995991165 1.0000000180025095e-35 0.94300645948214179 230.50000000000003 179.50000000000003 61.264654930972277 0.1792947096199495 102.50000000000001 144.73320359364729 271.4809287207209 17.500000000000004 222.50000000000003 223.50000000000003 49.99999999999855 0.092628342628342644 126.50000000000001 31479.000000000004 145.16135751127746
decision_type=2 2 2 2 2 2 2 2 2 2 2 2 2 2 2 2 2 2
left_child=1 3 4 14 5 6 13 8 -7 -9 11 -6 -12 -2 -1 17 -17 -16
right_child=2 -3 -4 -5 10 7 -8 9 -10 -11 12 -13 -14 -15 15 16 -18 -19
leaf_value=-5.9370381368020948e-06 -1.4333360150292169e-06 -8.4961454874586177e-06 7.4807822055136943e-06 4.9134325008872187e-06 4.3974673261043807e-07 3.5196418125194626e-06 -1.0094310469595603e-05 4.8480635107058692e-06 1.3185054419477122e-05 -4.3678625979870245e-06 -2.2718679777019472e-06 -8.5410390093677406e-06 5.439722358966306e-06 5.7546126238082698e-06 -1.4162997025923368e-06 -6.9262020272036908e-06 -4.8704580097040479e-08 4.9890737492547466e-06
leaf_weight=1250 1128 1482 1049 1024 1364 1123 1089 1001 1254 1012 1186 1303 1003 1256 1583 1466 1403 1557
leaf_count=1250 1128 1482 1049 1024 1364 1123 1089 1001 1254 1012 1186 1303 1003 1256 1583 1466 1403 1557
internal_value=-1.72526e-07 -2.01509e-06 1.13432e-06 -8.555e-07 6.10896e-07 1.97603e-06 -1.54959e-06 4.76521e-06 8.61869e-06 2.14919e-07 -1.59958e-06 -3.94794e-06 1.26158e-06 2.3536e-06 -1.6693e-06 -7.81521e-07 -3.56297e-06 1.75987e-06
internal_weight=23533 9765 13768 8283 12719 7863 3473 4390 2377 2013 4856 2667 2189 2384 7259 6009 2869 3140
internal_count=23533 9765 13768 8283 12719 7863 3473 4390 2377 2013 4856 2667 2189 2384 7259 6009 2869 3140
is_linear=0
shrinkage=0.0187118


Tree=184
num_leaves=17
num_cat=0
split_feature=20 21 17 31 45 0 1 31 1 2 31 42 31 20 53 53
split_gain=0.000155843 0.000202343 0.000128164 0.00011699 9.62408e-05 0.000116143 0.000105972 0.000128005 0.000161207 0.000104056 0.000157998 7.77732e-05 8.85286e-05 6.93416e-05 6.3914e-05 6.06744e-05
threshold=0.72353976995991165 0.086252080152989463 -0.4901297504461542 226.50000000000003 -0.0027155477552946445 20.500000000000004 715.18577214023014 179.50000000000003 115.29248493150162 -0.11672425630551518 86.500000000000014 0.0020151138615469581 122.50000000000001 0.35265507518796996 53.031073518952269 34.058121766048721
decision_type=2 2 10 2 2 2 2 2 2 2 2 2 2 2 2 2
left_child=1 3 -2 11 5 -4 7 8 9 -6 -11 12 15 -14 -9 -1
right_child=2 -3 4 -5 6 -7 -8 14 -10 10 -12 -13 13 -15 -16 -17
leaf_value=-1.6866084088754209e-06 7.4519721494834945e-06 -8.9374152767587265e-06 7.8044766043210507e-06 4.6481734158907776e-06 4.0518773877444788e-06 -3.6153409083640755e-07 -5.0131780373172532e-06 2.5488315412236786e-07 7.0455494809219061e-06 -7.4715842078978835e-06 2.5553608273362217e-06 -5.4923615208339678e-06 -6.9227081516007143e-06 -8.2687348810094128e-07 -4.7831404786331077e-06 3.6506961075309084e-06
leaf_weight=1293 1033 1272 1287 1138 1432 1159 1383 1798 1745 1094 1107 1570 1083 1647 1730 1762
leaf_count=1293 1033 1272 1287 1138 1432 1159 1383 1798 1745 1094 1107 1570 1083 1647 1730 1762
internal_value=-1.69298e-07 -1.97739e-06 1.1131e-06 -9.34982e-07 5.98917e-07 3.93514e-06 -1.94201e-07 5.54131e-07 2.37108e-06 1.25835e-07 -2.4285e-06 -1.79883e-06 -7.96442e-07 -3.24511e-06 -2.21558e-06 1.39173e-06
internal_weight=23533 9765 13768 8493 12735 2446 10289 8906 5378 3633 2201 7355 5785 2730 3528 3055
internal_count=23533 9765 13768 8493 12735 2446 10289 8906 5378 3633 2201 7355 5785 2730 3528 3055
is_linear=0
shrinkage=0.0187118


Tree=185
num_leaves=18
num_cat=0
split_feature=4 37 50 4 0 29 11 31 1 19 31 31 26 4 4 53 19
split_gain=0.000112026 0.000114865 8.99935e-05 7.58942e-05 0.000126622 7.0354e-05 7.48534e-05 0.000118864 0.00012682 0.000101778 8.99587e-05 8.21962e-05 5.37977e-05 4.92801e-05 3.87817e-05 3.57185e-05 3.55692e-05
threshold=-0.0032435411837865333 0.0031771267065384694 33.333333333333073 -0.063210187121940167 13.500000000000002 1.5000000000000002 -0.91889312977099225 27.500000000000004 275.69676011263374 0.35593497249219302 175.50000000000003 174.50000000000003 -0.00078738342431201088 -0.25363220080275872 -0.17933461473231946 40.092650739888136 -0.032580591024997212
decision_type=2 2 2 2 2 2 10 2 2 2 2 2 10 2 2 2 2
left_child=1 2 3 4 13 -4 -7 -8 9 11 -10 12 14 -1 15 -9 -13
right_child=-2 -3 5 -5 -6 6 7 8 10 -11 -12 16 -14 -15 -16 -17 -18
leaf_value=-2.91973139875026e-07 5.590337446099042e-06 -5.8125528675968011e-06 5.3179987395680215e-06 -5.166127882767503e-06 -4.0517640390848096e-06 4.6948614604086545e-06 -6.2961517791435954e-06 -3.0603390734392534e-06 -5.9945978482574285e-06 5.8916289540231869e-06 9.8890620305049875e-07 -4.3036187867962363e-06 5.4754810109799636e-06 5.4125869173105091e-06 3.7630275834484641e-06 1.6466206619566237e-06 -1.5008559128469003e-07
leaf_weight=1068 1127 1319 1051 1889 1966 1237 1007 1032 1600 1509 1083 1221 1236 1053 1123 1246 1766
leaf_count=1068 1127 1319 1051 1889 1966 1237 1007 1032 1600 1509 1083 1221 1236 1053 1123 1246 1766
internal_value=-1.6613e-07 -4.55675e-07 -1.206e-07 -2.06442e-06 -6.30815e-07 6.48128e-07 2.9905e-07 -1.25002e-07 4.00924e-07 1.45163e-06 -3.17569e-06 5.72825e-07 2.1322e-06 2.54013e-06 9.17171e-07 -4.85767e-07 -1.84793e-06
internal_weight=23533 22406 21087 5976 4087 15111 14060 12823 11816 9133 2683 7624 4637 2121 3401 2278 2987
internal_count=23533 22406 21087 5976 4087 15111 14060 12823 11816 9133 2683 7624 4637 2121 3401 2278 2987
is_linear=0
shrinkage=0.0187118


Tree=186
num_leaves=19
num_cat=0
split_feature=20 21 19 2 4 20 24 0 27 21 24 28 48 48 0 45 2 11
split_gain=0.000149669 0.000193825 0.000125469 8.94288e-05 7.76384e-05 8.43219e-05 0.000198547 7.3995e-05 9.62044e-05 6.1381e-05 5.92475e-05 4.34428e-05 4.60856e-05 3.78434e-05 3.86114e-05 3.04917e-05 3.03636e-05 4.15945e-05
threshold=0.72353976995991165 1.0000000180025095e-35 0.94300645948214179 -0.61914793562797443 -0.2976002035163095 13.455555555555557 -1000.0000000000495 5.5000000000000009 -326.71719570627687 -0.38688066440186719 499.99999999993611 0.33112582781454608 57.938647294994304 34.530315159018507 20.500000000000004 -0.0016625115394608423 -0.10608847849408189 -0.51622137404580137
decision_type=2 2 2 2 2 2 10 2 10 2 10 2 2 2 2 2 2 10
left_child=1 7 3 -2 -5 6 -6 -1 -9 -10 13 12 -11 14 -8 -12 -15 -18
right_child=2 -3 -4 4 5 -7 10 8 9 11 15 -13 -14 16 -16 -17 17 -19
leaf_value=-4.2783420507589907e-06 5.9345366006888321e-06 -8.1673184755651132e-06 7.3136737706755853e-06 4.4010607402399183e-06 -7.7994484417218272e-06 4.1350133802105419e-06 -7.0596022726920595e-07 5.2641706231551987e-06 -4.018109714487365e-06 -6.0523099025666964e-07 5.0494719504399665e-06 -2.7118776323992066e-06 4.2297781109814581e-06 2.8108886089719489e-06 -5.5329453511435093e-06 6.2430599021806961e-07 -3.739977510582586e-06 1.5274021904469451e-06
leaf_weight=1717 1006 1482 1049 1317 1306 1251 1388 1054 1582 1505 1024 1150 1275 1158 997 1166 995 1111
leaf_count=1717 1006 1482 1049 1317 1306 1251 1388 1054 1582 1505 1024 1150 1275 1158 997 1166 995 1111
internal_value=-1.63022e-07 -1.93494e-06 1.09372e-06 5.80724e-07 1.20898e-07 -4.21327e-07 -1.04462e-06 -8.19835e-07 8.45593e-08 -9.05881e-07 8.07572e-08 3.46929e-07 1.61226e-06 -9.3212e-07 -2.72378e-06 2.69343e-06 3.77045e-07 -9.61221e-07
internal_weight=23533 9765 13768 12719 11713 10396 9145 8283 6566 5512 7839 3930 2780 5649 2385 2190 3264 2106
internal_count=23533 9765 13768 12719 11713 10396 9145 8283 6566 5512 7839 3930 2780 5649 2385 2190 3264 2106
is_linear=0
shrinkage=0.0187118


Tree=187
num_leaves=18
num_cat=0
split_feature=20 52 7 19 2 7 24 4 24 18 20 4 22 22 4 22 54
split_gain=0.000144121 0.000197449 0.000256974 0.000120817 8.61134e-05 7.74001e-05 9.64215e-05 7.70744e-05 5.122e-05 5.82441e-05 4.2717e-05 5.00462e-05 3.70239e-05 6.50232e-05 6.80006e-05 3.56824e-05 3.12021e-05
threshold=0.72353976995991165 0.210029832092993 0.12684353036064067 0.94300645948214179 -0.61914793562797443 0.11048579905519071 -5000.2499999999991 -0.7506642546215162 499.99999999998948 0.16809140345410153 0.28833019065577209 -0.43804059019729769 -0.66730279898218814 -0.76339981942050394 -0.087215218497371239 -0.91586967330584057 -2.9409703796229771
decision_type=2 2 8 2 2 10 10 2 10 8 2 2 10 8 2 10 2
left_child=1 7 -3 4 -2 -6 -7 -1 12 -10 -9 -12 13 14 15 -8 -16
right_child=3 2 -4 -5 5 6 8 10 9 -11 11 -13 -14 -15 16 -17 -18
leaf_value=3.2379230246343053e-06 5.8234905917810479e-06 -1.3263146965184043e-05 -1.6940045598669585e-06 7.1768216618943314e-06 4.8081420561019606e-06 -5.85888139721114e-06 3.9570292743789901e-06 -4.0488795760304499e-06 1.1153356099748534e-07 5.8018897896093314e-06 2.0111722884271508e-06 -2.3375916500858106e-06 -3.3354865401986584e-06 3.9334328026412112e-06 -5.3475597495302747e-06 -8.6912390394859533e-07 -8.9715388876470683e-07
leaf_weight=1729 1006 1074 1797 1049 1115 1015 1000 1451 1535 1068 1772 1942 1412 1191 1197 1157 1023
leaf_count=1729 1006 1074 1797 1049 1115 1015 1000 1451 1535 1068 1772 1942 1412 1191 1197 1157 1023
internal_value=-1.59971e-07 -1.89873e-06 -6.02186e-06 1.07325e-06 5.69857e-07 1.18636e-07 -3.7474e-07 -1.81659e-07 2.06122e-07 2.44626e-06 -1.32638e-06 -2.62736e-07 -6.29277e-07 5.69951e-08 -9.97799e-07 1.36831e-06 -3.29677e-06
internal_weight=23533 9765 2871 13768 12719 11713 10598 6894 9583 2603 5165 3714 6980 5568 4377 2157 2220
internal_count=23533 9765 2871 13768 12719 11713 10598 6894 9583 2603 5165 3714 6980 5568 4377 2157 2220
is_linear=0
shrinkage=0.0187118


Tree=188
num_leaves=16
num_cat=0
split_feature=20 52 7 17 45 0 1 31 1 31 31 31 55 51 16
split_gain=0.000138778 0.000190129 0.000247447 0.000124527 9.23848e-05 0.000110307 0.000101525 0.00011983 0.000154786 9.79739e-05 7.85681e-05 0.000135206 8.49129e-05 6.07494e-05 4.84113e-05
threshold=0.72353976995991165 0.210029832092993 0.12684353036064067 -0.4901297504461542 -0.0027155477552946445 20.500000000000004 715.18577214023014 179.50000000000003 115.29248493150162 85.500000000000014 198.50000000000003 122.50000000000001 31479.000000000004 44.44444444444494 0.47650375939849626
decision_type=2 2 8 10 2 2 2 2 2 2 2 2 2 2 2
left_child=1 10 -3 -2 5 -5 7 8 9 -6 11 14 -13 -9 -1
right_child=3 2 -4 4 6 -7 -8 13 -10 -11 -12 12 -14 -15 -16
leaf_value=-1.2968900345795542e-06 7.3014583802538978e-06 -1.3014969475183878e-05 -1.6623066561929255e-06 7.5858997177361989e-06 -2.834818405614467e-06 -3.7227801928445951e-07 -4.9475040236587218e-06 -4.6320909699950365e-06 6.8401274551537984e-06 3.3218316423601714e-06 3.5200869453416664e-06 -8.5642426479812702e-06 -1.265214114357552e-06 2.787136820856686e-07 3.399768828637084e-06
leaf_weight=1405 1033 1074 1797 1287 1925 1159 1383 1765 1745 1708 1557 1072 1164 1763 1696
leaf_count=1405 1033 1074 1797 1287 1925 1159 1383 1765 1745 1708 1557 1072 1164 1763 1696
internal_value=-1.56978e-07 -1.8632e-06 -5.90918e-06 1.05317e-06 5.46337e-07 3.81504e-06 -2.3073e-07 5.01731e-07 2.2597e-06 5.96368e-08 -1.7826e-07 -1.2572e-06 -4.76457e-06 -2.17808e-06 1.27181e-06
internal_weight=23533 9765 2871 13768 12735 2446 10289 8906 5378 3633 6894 5337 2236 3528 3101
internal_count=23533 9765 2871 13768 12735 2446 10289 8906 5378 3633 6894 5337 2236 3528 3101
is_linear=0
shrinkage=0.0187118


Tree=189
num_leaves=17
num_cat=0
split_feature=20 19 52 0 18 48 31 1 52 31 20 31 31 1 2 18
split_gain=0.000165848 0.000189015 0.000149605 0.00025678 0.000127318 0.000126675 0.000100002 0.000140139 0.000193824 0.000135491 0.000109665 5.02723e-05 0.0001286 8.77886e-05 7.65556e-05 3.70717e-05
threshold=1.4204253013680077 0.24047916453992005 0.210029832092993 60.500000000000007 0.028899349599834732 39.910770656462667 218.50000000000003 131.19231325436186 0.20851911280123658 86.500000000000014 5.0893882646691644 205.50000000000003 121.50000000000001 61.363715440341494 -0.066341252338439308 -0.090011252321324273
decision_type=2 2 2 2 8 2 2 2 2 2 2 2 2 2 2 10
left_child=2 6 5 4 -4 15 7 9 -9 10 -2 12 14 -14 -7 -1
right_child=1 -3 3 -5 -6 11 -8 8 -10 -11 -12 -13 13 -15 -16 -17
leaf_value=-1.4971790867430876e-06 -7.7002574769376512e-06 9.6325196316463601e-06 -6.1046646908580077e-06 -1.2102054588096977e-05 1.6935002588878162e-06 6.3560794084082265e-06 -2.7230915440531022e-06 9.0940497470093868e-07 1.1209347410775677e-05 3.803023933588536e-06 8.6152002644398549e-07 4.4139567406045856e-06 5.719959627313156e-07 -6.6142255188407833e-06 2.8363852026404526e-07 -5.5879033915955578e-06
leaf_weight=1983 1028 995 1241 1086 1791 1389 1935 1440 1151 1673 1068 1500 1320 1084 1525 1274
leaf_count=1983 1028 995 1241 1086 1791 1389 1935 1440 1151 1673 1068 1500 1320 1084 1525 1274
internal_value=-1.7582e-08 1.92609e-06 -1.28981e-06 -4.29472e-06 -1.49829e-06 -6.15978e-08 1.00169e-06 2.13494e-06 5.48495e-06 -1.68028e-07 -3.33767e-06 1.38857e-06 5.35231e-07 -2.66838e-06 3.17816e-06 -3.0973e-06
internal_weight=23483 9290 14193 4118 3032 10075 8295 6360 2591 3769 2096 6818 5318 2404 2914 3257
internal_count=23483 9290 14193 4118 3032 10075 8295 6360 2591 3769 2096 6818 5318 2404 2914 3257
is_linear=0
shrinkage=0.0187118


Tree=190
num_leaves=19
num_cat=0
split_feature=20 17 4 2 16 50 42 52 53 53 20 52 4 22 27 7 49 31
split_gain=0.000161018 0.00012796 0.000102188 8.86441e-05 8.57269e-05 0.000134899 7.88362e-05 7.80902e-05 5.19443e-05 5.01751e-05 0.000105787 6.17359e-05 4.72956e-05 4.65789e-05 4.22477e-05 3.98352e-05 3.71883e-05 2.07295e-05
threshold=0.055327558657808432 -0.66070514320821494 -0.0037275990728701442 0.0045912346792235086 0.5413533834586467 33.333333333336363 0.0021019448788979216 0.30898654311297541 42.039486686621224 55.647945388844001 0.43551971326164879 0.1816949338721143 -0.21122590310362369 -0.9235178848234914 1.1498150969360046 0.48025406152782579 55.735493808674711 177.50000000000003
decision_type=2 10 2 2 2 2 2 2 2 2 2 2 2 10 10 10 2 2
left_child=-1 -2 3 4 6 -6 8 9 15 10 -5 14 -11 -10 -12 16 -3 -15
right_child=1 2 -4 7 5 -7 -8 -9 13 12 11 -13 -14 17 -16 -17 -18 -19
leaf_value=-7.1648716750865791e-06 6.4834615131134638e-06 3.1375588511113714e-06 5.2873671994522551e-06 -4.6734124584688913e-06 -1.0313458695181678e-06 6.4894425417692771e-06 -4.4566895301309479e-06 -5.6598395849262466e-06 5.2603479407844822e-06 -5.7428859802719768e-07 3.0803678974280198e-06 5.6856615845501183e-06 -6.3278892582230541e-06 2.1388358551828684e-06 -1.8319738224740315e-06 -3.3142947922887607e-06 -1.911931749309384e-06 -1.3978400414691202e-06
leaf_weight=1054 1120 1034 1205 1211 1476 1923 1341 1509 1121 1006 1040 995 995 1362 1493 1578 1009 1011
leaf_count=1054 1120 1034 1205 1211 1476 1923 1341 1509 1121 1006 1040 995 995 1362 1493 1578 1009 1011
internal_value=-1.7253e-08 3.18633e-07 -5.38997e-09 -3.22629e-07 7.13823e-07 3.22357e-06 -2.95004e-07 -1.81216e-06 4.8937e-07 -9.50714e-07 9.83697e-08 1.7363e-06 -3.43528e-06 2.11698e-06 1.84936e-07 -1.08115e-06 6.43707e-07 6.32059e-07
internal_weight=23483 22429 21309 20104 11855 3399 8456 8249 7115 6740 4739 3528 2001 3494 2533 3621 2043 2373
internal_count=23483 22429 21309 20104 11855 3399 8456 8249 7115 6740 4739 3528 2001 3494 2533 3621 2043 2373
is_linear=0
shrinkage=0.0187118


Tree=191
num_leaves=19
num_cat=0
split_feature=20 19 52 0 42 48 55 31 1 31 31 4 20 31 27 19 55 52
split_gain=0.00015757 0.00018075 0.00014275 0.000247945 0.00016274 0.000122318 9.5431e-05 0.00011972 0.000157893 0.000209223 0.000178968 5.77837e-05 7.02892e-05 8.18654e-05 6.6131e-05 5.0436e-05 4.66628e-05 2.07062e-05
threshold=1.4204253013680077 0.24047916453992005 0.210029832092993 60.500000000000007 0.0012172859043774189 39.910770656462667 52769.000000000007 218.50000000000003 131.19231325436186 155.50000000000003 86.500000000000014 -0.7362591158346995 0.42793776309060155 122.50000000000001 -10.850609119871601 0.051609861714570833 40856.000000000007 0.12833079107392645
decision_type=2 2 2 2 2 2 2 2 2 2 2 2 2 2 10 2 2 2
left_child=2 6 5 4 15 16 7 8 10 -10 -2 -7 -13 -14 -15 -4 17 -1
right_child=1 -3 3 -5 -6 11 -8 -9 9 -11 -12 12 13 14 -16 -17 -18 -19
leaf_value=-2.7514589587059404e-06 -3.8361200398814927e-06 9.4136595641724564e-06 -1.3919268194026102e-06 -1.1864101478027347e-05 -7.6009868310630793e-06 4.486264735432613e-06 -3.3491480119654194e-06 -2.483365425859096e-06 1.3258608106736411e-05 1.9050066334307984e-06 5.5532504628962006e-06 -2.404295659511414e-06 5.9916258383974849e-06 3.0310754212836215e-06 -3.6393201206013004e-06 4.5120773328533051e-06 3.0516741279858733e-07 -6.342377514689019e-06
leaf_weight=1129 1583 995 997 1086 1005 1594 1471 1650 1024 1277 1290 1943 1195 1091 995 1030 1008 1120
leaf_count=1129 1583 995 997 1086 1005 1594 1471 1650 1024 1277 1290 1943 1195 1091 995 1030 1008 1120
internal_value=-1.69302e-08 1.87762e-06 -1.257e-06 -4.19226e-06 -1.44436e-06 -5.72622e-08 9.73655e-07 1.90549e-06 3.30511e-06 6.95763e-06 3.79782e-07 1.36775e-06 4.16199e-07 2.08649e-06 -1.50632e-07 1.60813e-06 -3.0403e-06 -4.53973e-06
internal_weight=23483 9290 14193 4118 3032 10075 8295 6824 5174 2301 2873 6818 5224 3281 2086 2027 3257 2249
internal_count=23483 9290 14193 4118 3032 10075 8295 6824 5174 2301 2873 6818 5224 3281 2086 2027 3257 2249
is_linear=0
shrinkage=0.0187118


Tree=192
num_leaves=18
num_cat=0
split_feature=20 19 20 31 20 19 19 4 55 20 4 20 47 16 48 20 4
split_gain=0.000154542 0.000132978 0.000102909 0.000209636 0.000128402 0.00012973 0.000114692 0.000110684 0.000100247 9.92708e-05 9.10656e-05 7.91987e-05 7.67364e-05 5.80728e-05 3.9086e-05 3.86221e-05 3.47392e-05
threshold=0.055327558657808432 1.9623125720919463 18.017241379310349 24.500000000000004 1.3887119603680118 0.062914533438679157 -0.26719045325551954 -0.15064446831364123 40260.000000000007 0.495432932932933 -0.40017807677087452 0.72353976995991165 -55.555555555554712 0.47368421052631587 42.081653892302803 2.8034084809447131 -0.70202526994177161
decision_type=2 2 2 2 2 2 2 2 2 2 2 2 2 2 2 2 2
left_child=-1 2 3 -2 6 8 11 9 12 13 -11 -5 -6 -8 -12 -14 -15
right_child=1 -3 -4 4 5 -7 7 -9 -10 10 14 -13 15 16 -16 -17 -18
leaf_value=-7.0190114231354995e-06 -6.8106221090078792e-06 5.9178504043803227e-06 5.6039558360443129e-06 -8.5215622042303629e-06 5.5442084671824929e-06 7.8437316223377786e-06 -3.7833185373636114e-06 -5.324663203442798e-06 -2.4621357245510501e-06 7.768028776251026e-06 -1.5952680113257326e-06 -1.242893179088399e-06 -1.8262823924545296e-06 3.2108869287409493e-06 3.1205936114309369e-06 2.9737171617095594e-06 -1.3435818722753124e-06
leaf_weight=1054 1621 1390 1067 1083 1835 1170 1806 1242 1948 1006 1074 1013 1243 1050 1441 1112 1328
leaf_count=1054 1621 1390 1067 1083 1835 1170 1806 1242 1948 1006 1074 1013 1243 1050 1441 1112 1328
internal_value=-1.66134e-08 3.12448e-07 -5.7888e-08 -3.60371e-07 2.09399e-07 2.13345e-06 -1.06389e-06 -1.40903e-07 1.04498e-06 6.94688e-07 3.00997e-06 -5.00377e-06 2.6755e-06 -1.25371e-06 1.10674e-06 4.40213e-07 6.67431e-07
internal_weight=23483 22429 21039 19972 18351 7308 11043 8947 6138 7705 3521 2096 4190 4184 2515 2355 2378
internal_count=23483 22429 21039 19972 18351 7308 11043 8947 6138 7705 3521 2096 4190 4184 2515 2355 2378
is_linear=0
shrinkage=0.0187118


Tree=193
num_leaves=18
num_cat=0
split_feature=39 2 52 29 16 52 51 55 29 9 52 45 40 22 7 7 12
split_gain=0.000119376 0.000107891 0.000106963 0.000114176 8.30861e-05 0.000100438 6.89132e-05 8.76622e-05 8.1364e-05 0.000182524 0.000163194 6.23573e-05 6.63063e-05 4.48505e-05 4.00787e-05 3.42445e-05 1.37211e-05
threshold=0.003733666660471036 0.0045912346792235086 0.34702139794647907 1.5000000000000002 0.42293233082706772 0.17368958711969598 74.074074074075142 35986.500000000007 14.500000000000002 -0.82538167938931284 0.17679622921601862 -0.0027155477552946445 -0.0010147136046786962 -0.8204615935114502 0.47215621039290256 0.17719675365825557 -0.31965648854961826
decision_type=2 2 2 2 2 2 2 2 2 10 2 2 2 10 10 10 10
left_child=1 2 3 -1 5 -3 8 -8 9 -5 13 -6 -13 -10 -11 -14 -17
right_child=-2 4 -4 6 11 -7 7 -9 10 14 -12 12 15 -15 -16 16 -18
leaf_value=5.9657093689379463e-06 -6.0030910248459968e-06 -4.0326709358236138e-07 7.1436492730096333e-06 7.8964288699061532e-06 3.1574643408643366e-06 -8.7430686155131304e-06 -3.0864774234321957e-07 5.6052929690791609e-06 -2.4798512171647057e-06 7.6958029890908183e-07 -9.2758589974831652e-06 -4.115279922063148e-06 3.1200885165761703e-06 2.6331140081475123e-06 -3.5858180596235437e-06 -2.0178796141639417e-06 7.0713378983596618e-07
leaf_weight=1366 1111 995 1029 1011 1425 1028 1932 1608 1411 1549 998 1857 1028 1046 1416 1575 1098
leaf_count=1366 1111 995 1029 1011 1425 1028 1932 1608 1411 1549 998 1857 1028 1046 1416 1575 1098
internal_value=-1.63025e-08 2.81003e-07 1.34765e-06 8.64219e-07 -1.30203e-06 -4.64119e-06 2.29032e-07 2.37768e-06 -7.94548e-07 1.03065e-06 -2.89498e-06 -3.34664e-07 -1.23e-06 -3.03146e-07 -1.31043e-06 2.17704e-07 -8.98513e-07
internal_weight=23483 22372 13366 12337 9006 2023 10971 3540 7431 3976 3455 6983 5558 2457 2965 3701 2673
internal_count=23483 22372 13366 12337 9006 2023 10971 3540 7431 3976 3455 6983 5558 2457 2965 3701 2673
is_linear=0
shrinkage=0.0187118


Tree=194
num_leaves=17
num_cat=0
split_feature=20 19 20 31 20 19 19 55 44 20 48 55 29 29 31 19
split_gain=0.000148944 0.000127689 9.92228e-05 0.000201425 0.000123853 0.000124739 0.000110919 9.61418e-05 7.4754e-05 6.16895e-05 6.63237e-05 7.14763e-05 5.31032e-05 5.25674e-05 5.65432e-05 3.87304e-05
threshold=0.055327558657808432 1.9623125720919463 18.017241379310349 24.500000000000004 1.3887119603680118 0.062914533438679157 -0.57818794733429957 40260.000000000007 -0.0013689260348931363 0.26080727544537191 42.872663204039256 25823.500000000004 14.500000000000002 17.500000000000004 123.50000000000001 -0.26719045325551954
decision_type=2 2 2 2 2 2 2 2 2 2 2 2 2 2 2 2
left_child=-1 2 3 -2 6 7 -5 8 -6 12 11 -11 -8 14 -12 -10
right_child=1 -3 -4 4 5 -7 9 -9 15 10 13 -13 -14 -15 -16 -17
leaf_value=-6.8903947119008281e-06 -6.6755249983289073e-06 5.7998392972737302e-06 5.5036773956840322e-06 -5.4658852244864995e-06 5.8191865831689393e-06 7.694656181621305e-06 -3.1314639238275461e-07 -2.4065909117279208e-06 3.3211014524056068e-06 -4.261526559281608e-06 4.1197275593339472e-06 1.6768650510960516e-06 -6.0839423206921848e-06 5.2406460507081147e-06 -1.2567708573318127e-06 -1.2983083178451978e-06
leaf_weight=1054 1621 1390 1067 1684 1591 1170 1222 1948 1107 1579 1081 1289 1028 1291 1869 1492
leaf_count=1054 1621 1390 1067 1684 1591 1170 1222 1948 1107 1579 1081 1289 1028 1291 1869 1492
internal_value=-1.59975e-08 3.07049e-07 -5.58472e-08 -3.52864e-07 2.05636e-07 2.0953e-06 -1.0449e-06 1.02797e-06 2.62475e-06 -2.49411e-07 6.0525e-07 -1.59256e-06 -2.94976e-06 2.09153e-06 7.13396e-07 6.6925e-07
internal_weight=23483 22429 21039 19972 18351 7308 11043 6138 4190 9359 7109 2868 2250 4241 2950 2599
internal_count=23483 22429 21039 19972 18351 7308 11043 6138 4190 9359 7109 2868 2250 4241 2950 2599
is_linear=0
shrinkage=0.0187118


Tree=195
num_leaves=19
num_cat=0
split_feature=20 17 15 31 20 31 52 51 31 31 31 30 31 4 42 16 30 18
split_gain=0.000143422 0.000126978 9.75183e-05 8.26617e-05 0.000138454 0.000310606 0.000214912 0.000111136 0.000103102 0.000127014 9.99789e-05 0.000248232 9.64219e-05 0.000122528 7.85248e-05 6.75243e-05 5.46652e-05 1.9415e-05
threshold=0.055327558657808432 -0.66070514320821494 0.030562494274702187 24.500000000000004 2.4921855921855927 218.50000000000003 0.21176826070987798 44.444444444443178 198.50000000000003 179.50000000000003 84.500000000000014 17.500000000000004 125.50000000000001 -0.32632568262762163 0.0012698417817452736 0.50657894736842113 18.500000000000004 -0.35683500814265673
decision_type=2 10 8 2 2 2 2 2 2 2 2 2 2 2 2 2 2 10
left_child=-1 -2 14 -4 8 6 7 -6 9 10 11 -5 15 -14 -3 -12 17 -10
right_child=1 2 3 4 5 -7 -8 -9 16 -11 12 -13 13 -15 -16 -17 -18 -19
leaf_value=-6.7614628960221275e-06 6.4424161192373539e-06 -7.0734524520311458e-07 -4.6510178578225604e-06 1.8990539088480073e-06 -4.6726606589152022e-07 -4.3557590161176057e-06 1.3776460077689462e-05 8.0092222880428538e-06 -9.6934997864659044e-07 -7.2872528401993972e-06 9.6969738807612863e-07 -9.8765058870113198e-06 -5.1380317021990313e-06 1.9976831296610305e-06 -6.7308678159868442e-06 7.3530467180257871e-06 6.0490138402171727e-06 2.5788819604173647e-06
leaf_weight=1054 1120 1961 1025 1365 1187 1224 1028 996 999 1057 1269 1159 1465 1983 1235 1069 1112 1175
leaf_count=1054 1120 1961 1025 1365 1187 1224 1028 996 999 1057 1269 1159 1465 1983 1235 1069 1112 1175
internal_value=-1.56981e-08 3.01304e-07 -2.14728e-08 5.1025e-07 8.19842e-07 3.66478e-06 6.72212e-06 3.40015e-06 -1.77336e-07 -1.17777e-06 -4.00663e-07 -3.50819e-06 9.54916e-07 -1.03417e-06 -3.03496e-06 3.88835e-06 2.67447e-06 9.48391e-07
internal_weight=23483 22429 21309 18113 17088 4435 3211 2183 12653 9367 8310 2524 5786 3448 3196 2338 3286 2174
internal_count=23483 22429 21309 18113 17088 4435 3211 2183 12653 9367 8310 2524 5786 3448 3196 2338 3286 2174
is_linear=0
shrinkage=0.0187118


Tree=196
num_leaves=17
num_cat=0
split_feature=20 35 48 18 19 8 20 52 16 1 19 16 55 19 19 3
split_gain=0.000124987 0.00021412 0.000147743 0.000133738 0.000118125 0.000106429 9.38141e-05 0.00010576 0.000131073 5.67889e-05 7.74137e-05 8.15021e-05 6.73589e-05 5.64058e-05 4.66935e-05 3.79147e-05
threshold=16.606451612903232 1.0000000180025095e-35 79.863434531076322 -0.13398613321441297 0.24047916453992005 0.12500000000000358 0.13256584685156117 0.20672081706403328 0.49906015037593993 80.580123569530215 -0.19007103192997474 0.51033834586466176 11128.500000000002 -2.3025547077918271 0.036748927727460419 -0.068618725910047348
decision_type=2 2 2 8 2 10 2 2 2 2 2 2 2 2 2 2
left_child=1 2 5 4 -4 6 -1 9 -9 12 13 -12 -8 -11 15 -14
right_child=-2 -3 3 -5 -6 -7 7 8 -10 10 11 -13 14 -15 -16 -17
leaf_value=-5.4682864800100076e-06 6.0215813213029536e-06 -7.080669414845211e-06 2.7098633296082594e-06 -3.9264207228256622e-07 1.1205490159250008e-05 -4.6841520440681388e-06 5.0400968987707667e-06 -6.8487368800572399e-07 6.4210468399028882e-06 -2.8965772995693419e-06 -1.0740763120136551e-06 -8.367248039700705e-06 -4.5208508826743912e-06 3.0254896781766086e-06 1.9927053321790838e-06 -7.9086884146034517e-08
leaf_weight=1025 1171 1499 1335 1834 1004 1925 1006 1694 1961 1065 1071 1075 1104 1195 1878 1723
leaf_count=1025 1171 1499 1335 1834 1004 1925 1006 1694 1961 1065 1071 1075 1104 1195 1878 1723
internal_value=6.21919e-08 -2.49429e-07 2.40641e-07 3.39034e-06 6.35656e-06 -5.45369e-07 -6.93871e-09 3.99529e-07 3.12763e-06 -5.8606e-07 -2.18214e-06 -4.72746e-06 6.45307e-07 2.3478e-07 -2.94365e-07 -1.81369e-06
internal_weight=23565 22394 20895 4173 2339 16722 14797 13772 3655 10117 4406 2146 5711 2260 4705 2827
internal_count=23565 22394 20895 4173 2339 16722 14797 13772 3655 10117 4406 2146 5711 2260 4705 2827
is_linear=0
shrinkage=0.0187118


Tree=197
num_leaves=18
num_cat=0
split_feature=20 35 48 18 8 20 52 16 52 48 18 29 52 54 18 20 5
split_gain=0.000120353 0.000206182 0.000142266 0.000130312 0.000102483 9.03361e-05 0.000101839 0.000126393 6.81229e-05 5.66369e-05 5.23337e-05 4.5457e-05 6.36983e-05 8.07604e-05 3.97221e-05 2.85703e-05 2.83828e-05
threshold=16.606451612903232 1.0000000180025095e-35 79.863434531076322 -0.3495061400922822 0.12500000000000358 0.13256584685156117 0.20672081706403328 0.49154135338345867 0.31757643066056684 63.817939278629879 -0.040774658361098372 14.500000000000002 0.16771774418257981 0.0061980100935974548 0.026348604180001997 1.8018054651919326 -0.022840497377061914
decision_type=2 2 2 8 10 2 2 2 2 2 8 2 2 2 8 2 2
left_child=1 2 4 -4 5 -1 9 -8 -9 11 -5 12 13 14 -7 16 -13
right_child=-2 -3 3 10 -6 6 7 8 -10 -11 -12 15 -14 -15 -16 -17 -18
leaf_value=-5.3659648925981366e-06 5.9089065400375328e-06 -6.9481773021902587e-06 9.1217017790827128e-06 3.3954155872863442e-06 -4.596503053915258e-06 -1.5943730817089575e-06 -8.7217808631340231e-07 9.5158509461705301e-06 2.7001078923046981e-06 2.2919189129665756e-06 -1.5367726492333106e-06 1.4651478928492833e-06 -6.6693576186945707e-06 -5.0889909419885594e-06 3.605749036234687e-06 2.535268998248196e-06 -2.5179335021230254e-06
leaf_weight=1025 1171 1499 1025 1900 1925 1048 1601 1037 1017 1948 1248 1054 1018 1239 1010 1256 1544
leaf_count=1025 1171 1499 1025 1900 1925 1048 1601 1037 1017 1948 1248 1054 1018 1239 1010 1256 1544
internal_value=6.10282e-08 -2.44762e-07 2.36139e-07 3.3269e-06 -5.35165e-07 -6.80889e-09 3.92053e-07 3.06911e-06 6.14116e-06 -5.75094e-07 1.44009e-06 -1.25877e-06 -2.57793e-06 -1.31464e-06 9.57678e-07 2.18182e-07 -9.0201e-07
internal_weight=23565 22394 20895 4173 16722 14797 13772 3655 2054 10117 3148 8169 4315 3297 2058 3854 2598
internal_count=23565 22394 20895 4173 16722 14797 13772 3655 2054 10117 3148 8169 4315 3297 2058 3854 2598
is_linear=0
shrinkage=0.0187118


Tree=198
num_leaves=19
num_cat=0
split_feature=51 4 3 50 11 17 1 9 52 52 55 42 1 27 53 3 16 22
split_gain=9.9685e-05 0.000115754 0.000138051 9.60639e-05 0.000105331 9.25503e-05 6.96805e-05 7.45168e-05 0.00011478 6.20143e-05 7.55167e-05 0.000153517 6.76852e-05 0.000125953 6.64489e-05 0.000114316 4.9117e-05 3.38826e-05
threshold=49.999999999997463 -0.02907880603765051 -0.43515501006096075 3.1382304162737767e-13 -0.91412213740458004 -0.089190632222579766 714.50371660227631 -0.59446564885496167 0.17292779432616087 0.11573019559958349 9104.5000000000018 0.0012698417817452736 254.69325425706458 -37.09639258520955 65.435297535992149 0.02314935320475053 0.5084586466165415 -0.86257733077674459
decision_type=2 2 2 2 10 10 2 10 2 2 2 2 2 8 2 2 2 10
left_child=3 2 -2 5 -5 -1 7 17 16 -4 11 -11 13 -12 15 -15 -9 -6
right_child=1 -3 9 4 6 -7 -8 8 -10 10 12 -13 -14 14 -16 -17 -18 -19
leaf_value=-1.0486546177119831e-06 6.822871524323215e-06 6.8176876399222305e-06 3.0727471076292402e-06 3.4963438992565658e-06 2.8772223488487722e-06 6.3981649427986361e-06 -7.3316882868209838e-06 1.9032201193154601e-06 -7.0550048214324262e-06 1.911283570516825e-07 7.1849219918772723e-06 -8.9105401481826932e-06 -3.1730215691048777e-06 -6.7044081506608609e-06 3.6571227340634972e-06 1.807174206522302e-06 -3.6316406520898513e-06 -1.6527487216908472e-06
leaf_weight=1398 1133 1164 1822 1013 1098 1004 1079 1140 1918 1701 1075 1049 1348 1005 1064 1227 1106 1221
leaf_count=1398 1133 1164 1822 1013 1098 1004 1079 1140 1918 1701 1075 1049 1348 1005 1064 1227 1106 1221
internal_value=5.98862e-08 1.19636e-06 6.23602e-07 -1.24338e-06 -2.16983e-06 2.064e-06 -2.92887e-06 -2.19609e-06 -3.69319e-06 -5.89141e-08 -7.32652e-07 -3.28074e-06 4.92605e-07 1.62307e-06 -1.90942e-07 -2.02532e-06 -8.22316e-07 4.92101e-07
internal_weight=23565 12588 11424 10977 8575 2402 7562 6483 4164 10291 8469 2750 5719 4371 3296 2232 2246 2319
internal_count=23565 12588 11424 10977 8575 2402 7562 6483 4164 10291 8469 2750 5719 4371 3296 2232 2246 2319
is_linear=0
shrinkage=0.0187118


end of trees

feature_importances:
time_encoded=616
alpha042=581
alpha041=297
NATR=178
alpha005=170
vwap=160
OBV=121
alpha033=120
day_encoded=118
MFI=92
alpha054=73
alpha083=64
alpha040=62
slowD=62
volume=61
ADX=46
STOCHRSI=41
alpha002=39
alpha038=39
stock_encoded=34
DI_diff=34
alpha060=32
alpha011=30
past_ret_1=29
slowK=25
open_20min=24
CCI=24
past_ret_2=23
alpha050=21
alpha053=21
past_ret_3=20
alpha030=19
past_ret_7=19
alpha013=14
alpha016=14
alpha018=14
alpha020=13
past_ret_4=13
past_ret_10=13
alpha015=11
alpha044=11
alpha006=10
alpha101=8
alpha003=7
past_ret_6=4
past_ret_5=3
past_ret_9=3
alpha012=2
alpha051=2
past_ret_8=2
BOP=2

parameters:
[boosting: gbdt]
[objective: regression]
[metric: rmse]
[tree_learner: serial]
[device_type: cpu]
[data_sample_strategy: bagging]
[data: ]
[valid: ]
[num_iterations: 200]
[learning_rate: 0.0187118]
[num_leaves: 38]
[num_threads: 0]
[seed: 320]
[deterministic: 0]
[force_col_wise: 0]
[force_row_wise: 0]
[histogram_pool_size: -1]
[max_depth: -1]
[min_data_in_leaf: 994]
[min_sum_hessian_in_leaf: 0.001]
[bagging_fraction: 0.883365]
[pos_bagging_fraction: 1]
[neg_bagging_fraction: 1]
[bagging_freq: 7]
[bagging_seed: 6569]
[bagging_by_query: 0]
[feature_fraction: 0.760277]
[feature_fraction_bynode: 1]
[feature_fraction_seed: 2217]
[extra_trees: 0]
[extra_seed: 23166]
[early_stopping_round: 0]
[early_stopping_min_delta: 0]
[first_metric_only: 0]
[max_delta_step: 0]
[lambda_l1: 1.41704e-07]
[lambda_l2: 3.46548e-07]
[linear_lambda: 0]
[min_gain_to_split: 0]
[drop_rate: 0.1]
[max_drop: 50]
[skip_drop: 0.5]
[xgboost_dart_mode: 0]
[uniform_drop: 0]
[drop_seed: 3373]
[top_rate: 0.2]
[other_rate: 0.1]
[min_data_per_group: 100]
[max_cat_threshold: 32]
[cat_l2: 10]
[cat_smooth: 10]
[max_cat_to_onehot: 4]
[top_k: 20]
[monotone_constraints: ]
[monotone_constraints_method: basic]
[monotone_penalty: 0]
[feature_contri: ]
[forcedsplits_filename: ]
[refit_decay_rate: 0.9]
[cegb_tradeoff: 1]
[cegb_penalty_split: 0]
[cegb_penalty_feature_lazy: ]
[cegb_penalty_feature_coupled: ]
[path_smooth: 0]
[interaction_constraints: ]
[verbosity: -1]
[saved_feature_importance_type: 0]
[use_quantized_grad: 0]
[num_grad_quant_bins: 4]
[quant_train_renew_leaf: 0]
[stochastic_rounding: 1]
[linear_tree: 0]
[max_bin: 255]
[max_bin_by_feature: ]
[min_data_in_bin: 3]
[bin_construct_sample_cnt: 200000]
[data_random_seed: 1083]
[is_enable_sparse: 1]
[enable_bundle: 1]
[use_missing: 1]
[zero_as_missing: 0]
[feature_pre_filter: 1]
[pre_partition: 0]
[two_round: 0]
[header: 0]
[label_column: ]
[weight_column: ]
[group_column: ]
[ignore_column: ]
[categorical_feature: ]
[forcedbins_filename: ]
[precise_float_parser: 0]
[parser_config_file: ]
[objective_seed: 32719]
[num_class: 1]
[is_unbalance: 0]
[scale_pos_weight: 1]
[sigmoid: 1]
[boost_from_average: 1]
[reg_sqrt: 0]
[alpha: 0.9]
[fair_c: 1]
[poisson_max_delta_step: 0.7]
[tweedie_variance_power: 1.5]
[lambdarank_truncation_level: 30]
[lambdarank_norm: 1]
[label_gain: ]
[lambdarank_position_bias_regularization: 0]
[eval_at: ]
[multi_error_top_k: 1]
[auc_mu_weights: ]
[num_machines: 1]
[local_listen_port: 12400]
[time_out: 120]
[machine_list_filename: ]
[machines: ]
[gpu_platform_id: -1]
[gpu_device_id: -1]
[gpu_use_dp: 0]
[num_gpu: 1]

end of parameters

pandas_categorical:[]
