tree
version=v4
num_class=1
num_tree_per_iteration=1
label_index=0
max_feature_idx=55
objective=regression
feature_names=volume vwap alpha002 alpha003 alpha005 alpha006 alpha007 alpha011 alpha012 alpha013 alpha015 alpha016 alpha018 alpha020 alpha027 alpha030 alpha033 alpha038 alpha040 alpha041 alpha042 alpha044 alpha050 alpha051 alpha053 alpha054 alpha060 alpha083 alpha101 stock_encoded day_encoded time_encoded close_10min close_20min open_10min open_20min past_ret_1 past_ret_2 past_ret_3 past_ret_4 past_ret_5 past_ret_6 past_ret_7 past_ret_8 past_ret_9 past_ret_10 BOP CCI MFI STOCHRSI slowK slowD NATR ADX DI_diff OBV
feature_infos=[0:12619] [24.874450733369851:2393.3433133732533] [-0.99639490147829601:0.989856786446349] [-1.000000000000191:1.0000000000001041] [-1:-1.4133077053536095e-05] [-1.0000000000221472:1.0000000000077218] [-60:60] [4.320774282751469e-05:2] [-15:20] [-1:-0.0038167938931297708] [-2.988721804511278:-0.037593984962405902] [-1:-0.0038167938931297708] [-1:-0.0038167938931297708] [-1:-5.3735634114067321e-08] none [0:0.99619771863117867] [0.0037593984962406013:1] [-0.9715485211082181:-8.7768058277990686e-05] [-inf:inf] [-49.389956184698349:19.797101449275488] [0.0037593984962406013:266] [-1.0000000000050202:1.0000000000006541] [-1:-0.034351145038167941] [-20:15] [-200000:100001] [-1:0] [-0.013940643600982438:0.0076654542249543671] [-inf:inf] [-0.9999333377774815:0.9999333377774815] [0:24] [16:19] [0:265] none [0:1] [0:1] [0:1] [-0.0095389507154213238:0.0097799511002445438] [-0.012618296529968376:0.011673151750972721] [-0.013513513513513487:0.011811023622047223] [-0.015180265654648917:0.013806706114398493] [-0.016731016731016735:0.013806706114398493] [-0.017142857142857126:0.015810276679841806] [-0.017142857142857126:0.016830294530154388] [-0.018975332068311146:0.018232819074333717] [-0.019047619047619091:0.018232819074333717] [-0.019305019305019266:0.019305019305019266] [-1:1] [-333.33333333428078:333.33333333428078] [-1.2764117881401976e-10:100.00000000007752] [0:100.00000000000001] [-3.8132460152458708e-13:100.00000000000119] [-1.5513516397428855e-12:100.00000000000125] [0.00020922012720942282:0.6040492590192893] [1.9703310345090252:99.999999985006596] [-99.851819385980932:99.703766005408042] [-12206:217655]
tree_sizes=2018 1833 1932 1934 2036 1825 1932 2124 2025 1920 2026 1923 1627 2019 2115 1926 2022 1939 2037 1951 1831 1844 1936 1919 2039 1929 2035 2027 1836 1921 2033 1930 2039 2031 2145 2030 1925 2132 2034 1838 2037 1930 1828 1922 1924 2036 1825 1929 2031 2030 2047 1828 2138 1928 2048 2025 1827 1844 1941 1929 2037 1936 1937 1947 2215 1955 2023 2043 2037 2036 1944 2053 1945 2021 2146 1952 1938 1946 1938 1944 2152 1934 1945 2045 1942 1944 1942 1940 2037 1839 1948 1953 2033 1935 2050 2040 1945 1943 2045 1744 1932 1929 2037 2036 1739 2045 2234 1934 1839 2044 1853 2133 2034 1934 1939 1940 1853 2037 2048 2043 2132 1837 1951 1932 2127 2034 1942 2045 1950 1940 1932 1831 1944 1840 2041 2036 1834 2034 1940 1841 2029 1946 1927 1932 1943 2026 2133 1827 2143 2038 1945 1732 1935 2032 2149 2043 2047 1855 2033 2039 2034 1848 2061 2059 2136 1938 2056 2129 1941 1746 1956 2048 2052 1952 2161 1936 2043 1946 1835 1748 1938 1938 2033 1945 2044 1937 1958 2036 2041 1945 1840 2031 1944 1955 2124 1933 1943 1939 1946 1942

Tree=0
num_leaves=19
num_cat=0
split_feature=49 20 20 36 38 20 19 16 20 26 36 36 20 26 16 20 16 13
split_gain=0.00499212 0.00178783 0.00128599 0.000576108 0.000555658 0.000452252 0.000435864 0.000413844 0.000332924 0.000296939 0.000218259 0.000174116 0.000146271 0.000145736 0.000144412 0.00010032 9.00931e-05 5.43908e-05
threshold=52.274834191139313 1.0997237569060776 0.74946808510638319 -0.0021436251849537564 0.0030864491545606891 5.3976744186046526 0.027249287750612087 0.53101503759398505 0.21136116000335262 -0.0056459231296089232 0.0016515287892425736 1.0000000180025095e-35 0.13256584685156117 -0.0024709404413315755 0.78853383458646631 2.4353400222965447 0.48684210526315791 -0.057046723133862172
decision_type=2 2 2 2 2 2 2 2 2 10 2 2 2 10 2 2 2 10
left_child=1 8 4 -3 10 6 11 13 -1 -10 12 -4 -2 -5 17 -9 -14 -11
right_child=2 3 5 7 -6 -7 -8 15 9 14 -12 -13 16 -15 -16 -17 -18 -19
leaf_value=1.4015138192458777e-05 7.188925482077638e-06 5.1173906566824939e-05 1.817683743020182e-05 2.7257445795632363e-05 -3.1786819930126504e-06 3.2900297796464856e-05 2.730283804761245e-05 3.657291481670402e-05 1.7077672393631648e-05 2.3044633612724782e-05 3.6379278098943286e-06 8.3685391830379767e-06 1.2500673998422333e-05 3.5666927531192782e-05 3.4389786492122851e-05 4.3525614356138703e-05 1.8934200083942977e-05 2.8842402411751802e-05
leaf_weight=1009 1001 1007 1647 1676 1102 994 1395 1214 1012 1112 998 1030 1677 1267 1051 1810 1397 1155
leaf_count=1009 1001 1007 1647 1676 1102 994 1395 1214 1012 1112 998 1030 1677 1267 1051 1810 1397 1155
internal_value=2.36129e-05 3.18438e-05 1.45971e-05 3.80824e-05 8.86454e-06 2.15845e-05 1.88223e-05 3.5873e-05 2.36947e-05 2.59503e-05 1.14807e-05 1.4403e-05 1.34014e-05 3.08778e-05 2.86565e-05 4.07344e-05 1.54244e-05 2.59985e-05
internal_weight=23554 12313 11241 6974 6175 5066 4072 5967 5339 4330 5073 2677 4075 2943 3318 3024 3074 2267
internal_count=23554 12313 11241 6974 6175 5066 4072 5967 5339 4330 5073 2677 4075 2943 3318 3024 3074 2267
is_linear=0
shrinkage=1


Tree=1
num_leaves=17
num_cat=0
split_feature=49 20 20 52 52 28 20 19 16 26 20 52 20 19 48 41
split_gain=0.00480705 0.00172894 0.00123832 0.000737833 0.000663156 0.000551161 0.000435485 0.000419705 0.000262851 0.000248752 0.000199891 0.00018975 0.000174684 0.000138077 3.98863e-05 3.16796e-05
threshold=52.274834191139313 1.8238526179702654 0.74946808510638319 0.22715278170647726 0.26523055165051096 -0.74988752436909512 5.3976744186046526 0.027249287750612087 0.51033834586466176 -0.0059278770293949038 0.70307765151515167 0.18105773102688374 0.098392926294049318 0.03578893547578766 64.173918172151417 -0.0015661716730196449
decision_type=2 2 2 2 2 2 2 2 2 10 2 2 2 2 2 2
left_child=1 5 3 12 8 -1 7 11 -3 -7 -11 -4 -2 -14 -15 -10
right_child=2 4 6 -5 -6 9 -8 -9 15 10 -12 -13 13 14 -16 -17
leaf_value=1.0832676465154623e-05 -1.7253295594407023e-05 6.2491939815536931e-06 -5.0669005694237447e-06 -2.4654504886743526e-05 2.7720639056117698e-05 -7.9514748478419778e-06 9.1353189135547658e-06 3.6425974620331605e-06 1.8791805683945355e-05 -2.8167364906222966e-06 5.664894108312661e-06 -1.5300542060283394e-05 -1.2884168265804045e-05 -7.8939861923606091e-06 -2.6383474724355681e-06 1.4420859253228295e-05
leaf_weight=1863 994 1500 1644 1770 1324 1346 994 1395 996 1966 1926 1033 1388 994 1029 1392
leaf_count=1863 994 1500 1644 1770 1324 1346 994 1395 996 1966 1926 1033 1388 994 1029 1392
internal_value=2.17113e-08 8.09858e-06 -8.82541e-06 -1.44507e-05 1.62829e-05 2.09146e-06 -1.96872e-06 -4.67928e-06 1.23879e-05 -1.01753e-06 1.38049e-06 -9.01586e-06 -1.03506e-05 -8.33911e-06 -5.2207e-06 1.62439e-05
internal_weight=23554 12313 11241 6175 5212 7101 5066 4072 3888 5238 3892 2677 4405 3411 2023 2388
internal_count=23554 12313 11241 6175 5212 7101 5066 4072 3888 5238 3892 2677 4405 3411 2023 2388
is_linear=0
shrinkage=0.0187118


Tree=2
num_leaves=18
num_cat=0
split_feature=25 17 52 52 16 15 4 4 0 24 27 25 4 26 51 52 51
split_gain=0.00575667 0.00174305 0.00138919 0.000686759 0.000358066 0.000342044 0.000237805 0.000169893 0.000155555 0.00014639 0.000131945 9.90913e-05 7.16123e-05 6.83158e-05 6.55745e-05 6.01141e-05 5.33722e-05
threshold=-0.50336020902389966 -0.22122670489453203 0.30898654311297541 0.32903275722666775 0.87687969924812037 0.031975986957231438 -0.1169441460794844 -0.38944400474871382 30.500000000000004 499.00000000002507 -34.124008893793892 -0.99206353221506738 -0.35588501328509237 -0.0038351141498604514 72.222222222221475 0.16071706797161414 49.999999999999147
decision_type=2 8 2 2 2 8 2 2 2 10 10 2 2 10 2 2 2
left_child=2 5 8 4 6 -2 9 -7 11 13 -10 12 -1 -3 -12 -8 -6
right_child=1 3 -4 -5 16 7 15 -9 10 -11 14 -13 -14 -15 -16 -17 -18
leaf_value=-1.2307384058297047e-05 -1.1889718059460403e-05 -1.9953217274347976e-06 -2.6931654136078702e-05 2.4240833158085042e-05 1.3407068997005411e-05 -4.1697194593932872e-06 9.3438882011315217e-06 4.1898541905919011e-06 -4.0699233800205059e-07 9.3835372659368311e-06 -1.0164976181158634e-05 -1.5960994992325354e-05 -5.9935493589089841e-06 4.4529086865048906e-06 -4.3160562400518314e-06 1.5207002760767645e-05 1.8989823452714101e-05
leaf_weight=1199 1006 1037 1678 1343 1318 1521 1402 1933 1207 1319 1668 998 1323 1292 1123 1087 1100
leaf_count=1199 1006 1037 1678 1343 1318 1521 1402 1933 1207 1319 1668 998 1323 1292 1123 1087 1100
internal_value=2.13051e-08 7.42454e-06 -1.15376e-05 1.1801e-05 9.84809e-06 -2.28794e-06 7.44518e-06 5.0864e-07 -8.10168e-06 4.40266e-06 -5.57613e-06 -1.09702e-05 -8.99525e-06 1.5818e-06 -7.81158e-06 1.19044e-05 1.59468e-05
internal_weight=23554 14358 9196 9898 8555 4460 6137 3454 7518 3648 3998 3520 2522 2329 2791 2489 2418
internal_count=23554 14358 9196 9898 8555 4460 6137 3454 7518 3648 3998 3520 2522 2329 2791 2489 2418
is_linear=0
shrinkage=0.0187118


Tree=3
num_leaves=18
num_cat=0
split_feature=25 20 25 27 27 36 20 19 20 31 47 17 19 20 19 20 1
split_gain=0.00554325 0.00203276 0.000679083 0.000654102 0.000641225 0.000409679 0.000331114 0.000270927 0.000225411 0.000184926 0.000179506 0.000137263 0.000135294 0.000134415 0.000118836 0.000102609 3.25887e-05
threshold=-0.50336020902389966 1.112399732620321 -0.98479114933179546 -2061.2087855180366 1238.8920294896673 -0.0018885758105360859 0.74946808510638319 0.018226436240633252 8.7192118226601014 134.50000000000003 -47.619047619046306 -0.30510736959129331 0.023633312036341895 0.47558265582655829 0.072977206469138536 0.23891518019657812 79.012095259468339
decision_type=2 2 2 10 10 2 2 2 2 2 2 10 2 2 2 2 2
left_child=2 3 6 11 5 -3 14 -5 12 -8 -6 -2 -7 -9 16 -16 -1
right_child=1 4 -4 7 10 8 9 13 -10 -11 -12 -13 -14 -15 15 -17 -18
leaf_value=-1.3540574969823117e-05 -1.3198330505034851e-05 2.7698853762407141e-05 -2.3428134423825742e-05 -1.5160785454338151e-06 9.9052575007658163e-06 9.0976134230141252e-06 -2.6184332452329384e-07 3.3718249421088062e-06 2.2272950921553505e-05 -8.9801589605191967e-06 -8.117072803298334e-07 -3.79848343015872e-06 1.6338228310808744e-05 1.2305980121328197e-05 -1.3501438923670604e-05 -5.7536380601238971e-06 -1.8310601767767709e-05
leaf_weight=998 1172 1020 1379 1894 1216 1973 1632 1142 1045 1782 995 1015 1667 1219 1241 1156 1008
leaf_count=998 1172 1020 1379 1894 1216 1973 1632 1142 1045 1782 995 1015 1667 1219 1241 1156 1008
internal_value=2.09064e-08 7.28562e-06 -1.13217e-05 -5.19054e-07 1.3637e-05 1.69524e-05 -9.18601e-06 3.75562e-06 1.46127e-05 -4.81253e-06 5.08238e-06 -8.83581e-06 1.24136e-05 7.98459e-06 -1.25771e-05 -9.76491e-06 -1.59375e-05
internal_weight=23554 14358 9196 6442 7916 5705 7817 4255 4685 3414 2211 2187 3640 2361 4403 2397 2006
internal_count=23554 14358 9196 6442 7916 5705 7817 4255 4685 3414 2211 2187 3640 2361 4403 2397 2006
is_linear=0
shrinkage=0.0187118


Tree=4
num_leaves=19
num_cat=0
split_feature=25 20 52 52 27 20 27 20 19 27 25 17 20 20 47 17 27 27
split_gain=0.00533774 0.0019574 0.00131848 0.000713847 0.000629852 0.000376362 0.000324591 0.000269858 0.000260883 0.000201058 0.000137694 0.000132174 0.000129554 0.000115853 0.000100987 7.79089e-05 5.19512e-05 3.52852e-05
threshold=-0.50336020902389966 1.112399732620321 0.30898654311297541 0.22947859096834008 -2061.2087855180366 0.69649014778325136 893.01065188683435 2.9569842738205372 0.018226436240633252 -12.103356864364928 -0.99172874120531274 -0.30510736959129331 0.45796355925547794 4.9174468085106389 -47.619047619051287 -0.094006904420584528 -13.405891622859244 40.838045235949714
decision_type=2 2 2 2 10 2 10 2 2 10 2 10 2 2 2 10 8 10
left_child=2 4 5 6 11 10 13 -5 -6 -7 16 -2 -10 15 -8 -3 -1 -11
right_child=1 3 -4 7 8 9 14 -9 12 17 -12 -13 -14 -15 -16 -17 -18 -19
leaf_value=-7.2366772363120297e-06 -1.2951365662504103e-05 7.1971092280322221e-06 -2.6106993529893295e-05 1.5203370077005089e-05 -1.487709878358775e-06 3.7528535322914582e-06 7.9758622040556533e-06 2.8301511268623821e-05 3.154101019141626e-06 -4.2893503109499309e-06 -1.7690071429282711e-05 -3.7274067534800995e-06 1.1939501129874841e-05 1.7859100350506824e-05 -2.8582077358405997e-07 1.3999621620141332e-05 -1.2149254918120103e-05 -8.8210055154141895e-06
leaf_weight=1517 1172 1107 1678 1006 1894 1012 1068 1217 1103 1475 1000 1015 1258 1251 1006 1261 1498 1016
leaf_count=1517 1172 1107 1678 1006 1894 1012 1068 1217 1103 1475 1000 1015 1258 1251 1006 1261 1498 1016
internal_value=2.05153e-08 7.14929e-06 -1.11099e-05 1.33818e-05 -5.09341e-07 -7.76254e-06 9.87057e-06 2.23741e-05 3.68535e-06 -3.28034e-06 -1.16732e-05 -8.67047e-06 7.83518e-06 1.3253e-05 3.96851e-06 1.08196e-05 -9.67749e-06 -6.13767e-06
internal_weight=23554 14358 9196 7916 6442 7518 5693 2223 4255 3503 4015 2187 2361 3619 2074 2368 3015 2491
internal_count=23554 14358 9196 7916 6442 7518 5693 2223 4255 3503 4015 2187 2361 3619 2074 2368 3015 2491
is_linear=0
shrinkage=0.0187118


Tree=5
num_leaves=17
num_cat=0
split_feature=25 20 52 52 17 20 0 16 20 31 20 13 25 16 0 20
split_gain=0.00513985 0.00188483 0.0012696 0.000688164 0.000545685 0.000362409 0.000311487 0.000302635 0.000271579 0.000198332 0.000144361 0.000135451 0.000132589 0.000103984 5.29491e-05 4.24133e-05
threshold=-0.50336020902389966 1.112399732620321 0.30898654311297541 0.24123666125773477 -0.22122670489453203 0.69649014778325136 8.5000000000000018 0.53853383458646631 3.1267668501711059 133.50000000000003 0.47558265582655829 -0.095770763784869387 -0.99172874120531274 0.54793233082706772 41.500000000000007 4.0177115987460832
decision_type=2 2 2 2 10 2 2 2 2 2 2 10 2 2 2 2
left_child=2 4 5 7 6 12 -2 11 -5 -7 -6 -3 14 -12 -1 -9
right_child=1 3 -4 8 10 9 -8 15 -10 -11 13 -13 -14 -15 -16 -17
leaf_value=-1.1776079053344431e-05 -1.2009487984659632e-05 1.870569905882229e-06 -2.5618484298743684e-05 1.5369134289279937e-05 -4.1811764731675107e-07 1.3926002330996055e-06 9.0383221516091355e-08 1.2491160406259199e-05 2.8916938662231187e-05 -7.5176636560487174e-06 3.2912234369421609e-06 9.5513189437361395e-06 -1.7359058047119697e-05 1.1483174707466213e-05 -6.7990903818707799e-06 1.7306603835141519e-05
leaf_weight=1634 1592 1487 1678 1000 1278 1690 1400 1468 1075 1813 1054 1750 1000 1118 1381 1136
leaf_count=1634 1592 1487 1678 1000 1278 1690 1400 1468 1075 1813 1054 1750 1000 1118 1381 1136
internal_value=2.01314e-08 7.01551e-06 -1.0902e-05 1.31314e-05 -4.9981e-07 -7.61729e-06 -6.34778e-06 9.84312e-06 2.23879e-05 -3.21896e-06 4.57182e-06 6.02297e-06 -1.14547e-05 7.50789e-06 -9.4964e-06 1.45919e-05
internal_weight=23554 14358 9196 7916 6442 7518 2992 5841 2075 3503 3450 3237 4015 2172 3015 2604
internal_count=23554 14358 9196 7916 6442 7518 2992 5841 2075 3503 3450 3237 4015 2172 3015 2604
is_linear=0
shrinkage=0.0187118


Tree=6
num_leaves=18
num_cat=0
split_feature=25 27 27 25 36 4 47 4 4 27 37 16 55 40 1 29 16
split_gain=0.0049493 0.00130568 0.00075953 0.000618391 0.000518252 0.000256978 0.000227263 0.000226119 0.0001796 0.000204562 0.000145395 0.000123478 0.000100721 0.000122558 5.87624e-05 3.89591e-05 3.02032e-05
threshold=-0.50336020902389966 -1110.6953161687779 1238.8920294896673 -0.98479114933179546 -0.0025268487657867929 -0.57381706145061895 -37.037037037050361 -0.20181327378596867 -0.71448357736446366 -43.098500458599325 0.0015710928783704283 0.84304511278195504 51430.000000000007 -0.0015163010990021928 114.1780982905983 9.5000000000000018 0.46334586466165417
decision_type=2 8 8 2 2 2 2 2 2 10 2 2 2 2 2 2 2
left_child=3 5 4 8 -3 -2 -4 11 -1 -10 14 15 13 -9 16 -6 -11
right_child=1 2 6 -5 7 -7 -8 12 9 10 -12 -13 -14 -15 -16 -17 -18
leaf_value=-1.4764105702453668e-05 -1.1907533477580846e-05 2.510023696378212e-05 6.4985816238813453e-06 -2.22507506233623e-05 2.2436426515840265e-06 -1.3187550769945256e-07 -3.3728684085094426e-06 2.0316733271150857e-05 -5.5484077476399615e-07 -7.5305859577047993e-06 -1.4634006289921164e-05 1.2764868313503824e-05 8.7664998073960697e-06 1.2552190824054674e-05 -1.0486628232762086e-05 7.0993491873674291e-06 -3.5283569431180126e-06
leaf_weight=1388 1078 1020 1788 1379 1051 1630 1503 1171 1252 1398 1219 1003 1012 1815 1309 1287 1251
leaf_count=1388 1078 1020 1788 1379 1051 1630 1503 1171 1252 1398 1219 1003 1012 1815 1309 1287 1251
internal_value=1.97547e-08 6.88424e-06 9.60474e-06 -1.0698e-05 1.26026e-05 -4.81953e-06 1.99029e-06 1.08656e-05 -8.65995e-06 -7.34208e-06 -8.9835e-06 7.2727e-06 1.38681e-05 1.55972e-05 -7.24324e-06 4.91657e-06 -5.64052e-06
internal_weight=23554 14358 11650 9196 8359 2708 3291 7339 7817 6429 5177 3341 3998 2986 3958 2338 2649
internal_count=23554 14358 11650 9196 8359 2708 3291 7339 7817 6429 5177 3341 3998 2986 3958 2338 2649
is_linear=0
shrinkage=0.0187118


Tree=7
num_leaves=20
num_cat=0
split_feature=25 17 25 36 15 4 0 0 28 18 4 4 51 54 1 27 19 55 29
split_gain=0.00490137 0.00151594 0.000596207 0.000566092 0.000325079 0.000299101 0.000172803 0.000159143 0.000140759 0.00011232 9.10565e-05 8.24889e-05 8.87979e-05 6.68811e-05 4.35819e-05 2.9707e-05 2.85989e-05 2.31619e-05 2.1431e-05
threshold=-0.50336020902389966 -0.22122670489453203 -0.98479114933179546 -0.0028149204651254918 0.030562494274702187 -0.12449120922607269 8.5000000000000018 30.500000000000004 -0.49912680835374101 -0.25328815671832089 -0.3606690598677143 -0.62618011193397016 77.777777777778397 -0.88703458641453437 80.397140921088294 97.821606864806895 0.081499575091122281 48451.500000000007 8.5000000000000018
decision_type=2 10 2 2 8 2 2 2 2 10 2 2 2 2 2 8 2 2 2
left_child=2 4 7 -3 -2 8 -6 10 16 -7 -1 -9 17 -10 -8 -11 -5 -13 -12
right_child=1 3 -4 5 6 9 14 11 13 15 18 12 -14 -15 -16 -17 -18 -19 -20
leaf_value=-1.4527314197324913e-05 -1.1128446530121797e-05 2.4572313926517741e-05 -2.1920249614975876e-05 7.6381490974272929e-06 -3.4163820873374473e-06 1.7031661803871836e-05 1.6423735283807613e-06 -1.0719512665837259e-05 -1.9206908922741509e-07 1.2794570431058928e-05 -6.8033089472385881e-06 -8.773656170290221e-06 5.2147165923676168e-08 6.2928593434523443e-06 7.0132091921403842e-06 8.5975850776174367e-06 1.1999154476931462e-05 -4.7751667705349233e-06 -1.0608860940270837e-05
leaf_weight=1754 997 996 1398 1112 1807 1671 1009 1000 1145 1179 1021 1011 997 1084 1112 1183 1000 1018 1052
leaf_count=1754 997 996 1398 1112 1807 1671 1009 1000 1145 1179 1021 1011 997 1084 1112 1183 1000 1018 1052
internal_value=-4.92463e-08 6.81856e-06 -1.06617e-05 1.12363e-05 -1.58632e-06 9.6501e-06 8.35652e-07 -8.65738e-06 6.24149e-06 1.3319e-05 -1.13895e-05 -6.06031e-06 -4.52059e-06 2.96166e-06 4.4582e-06 1.06925e-05 9.70302e-06 -6.76752e-06 -8.73454e-06
internal_weight=23546 14295 9251 9370 4925 8374 3928 7853 4341 4033 3827 4026 3026 2229 2121 2362 2112 2029 2073
internal_count=23546 14295 9251 9370 4925 8374 3928 7853 4341 4033 3827 4026 3026 2229 2121 2362 2112 2029 2073
is_linear=0
shrinkage=0.0187118


Tree=8
num_leaves=19
num_cat=0
split_feature=25 20 25 36 17 20 27 20 27 1 20 51 47 20 16 1 27 16
split_gain=0.00471966 0.00176706 0.000574103 0.000557221 0.000514242 0.0003951 0.000359227 0.000329139 0.000161333 0.000158523 0.000152176 0.000148281 0.000138579 0.000125779 0.000103825 8.16146e-05 6.32063e-05 3.21905e-05
threshold=-0.50336020902389966 1.0997237569060776 -0.98479114933179546 -0.0021436251849537564 -0.22122670489453203 13.455555555555557 102.59622036467074 3.1267668501711059 -2061.2087855180366 114.1780982905983 0.47558265582655829 88.8888888888888 -41.666666666648759 0.55431677018633552 0.54793233082706772 81.406772596776932 -2.7893604181670297 0.55639097744360921
decision_type=2 2 2 2 10 2 8 2 10 2 2 2 2 2 2 2 10 2
left_child=2 4 7 -3 8 6 9 11 -2 17 -6 13 -8 15 -12 -1 -15 -5
right_child=1 3 -4 5 10 -7 12 -9 -10 -11 14 -13 -14 16 -16 -17 -18 -19
leaf_value=-1.1509604111547637e-05 -1.0504617817381845e-05 2.5591946718971561e-05 -2.1510082102390644e-05 7.2867359649768362e-06 -7.1903956675814613e-07 2.1520277187312454e-05 7.346020261054854e-06 1.3751804744205888e-06 -1.81273156273744e-06 1.8080850383421198e-05 3.1812306912506474e-06 -5.3086232316937687e-06 -1.5112802873582483e-06 -5.2931783004281676e-06 1.1470139127732752e-05 -1.8251743188698267e-05 -1.126324917912622e-05 1.1933097987929764e-05
leaf_weight=1394 1537 1010 1398 1008 1287 1010 1428 1028 1456 1267 1030 1763 1091 1104 1088 1145 1419 1083
leaf_count=1394 1537 1010 1398 1008 1287 1010 1428 1028 1456 1267 1030 1763 1091 1104 1088 1145 1419 1083
internal_value=-4.83248e-08 6.69098e-06 -1.04622e-05 1.26126e-05 -6.18031e-07 1.07091e-05 8.85117e-06 -8.49539e-06 -6.27629e-06 1.2858e-05 4.35559e-06 -9.98212e-06 3.50985e-06 -1.16098e-05 7.43918e-06 -1.45501e-05 -8.6509e-06 9.69325e-06
internal_weight=23546 14295 9251 7897 6398 6887 5877 7853 2993 3358 3405 6825 2519 5062 2118 2539 2523 2091
internal_count=23546 14295 9251 7897 6398 6887 5877 7853 2993 3358 3405 6825 2519 5062 2118 2539 2523 2091
is_linear=0
shrinkage=0.0187118


Tree=9
num_leaves=18
num_cat=0
split_feature=25 20 52 52 17 20 20 0 17 31 20 20 20 0 27 12 19
split_gain=0.00454468 0.00170155 0.00124554 0.000664118 0.000495177 0.000342984 0.000277235 0.000241899 0.000237051 0.000181063 0.000146534 0.000108476 0.000101561 9.65308e-05 9.57235e-05 8.98583e-05 6.53762e-05
threshold=-0.50336020902389966 1.0997237569060776 0.31201143981053708 0.24123666125773477 -0.22122670489453203 0.69649014778325136 3.1267668501711059 5.5000000000000009 -0.2026948450893771 133.50000000000003 0.47558265582655829 0.1038018018018018 8.7192118226601014 18.500000000000004 50.980596489855053 -0.36736641221374039 0.12858018487483494
decision_type=2 2 2 2 10 2 2 2 10 2 2 2 2 2 10 10 2
left_child=2 4 5 8 7 11 -5 -2 -3 -7 -6 -1 14 -13 -10 -12 -15
right_child=1 3 -4 6 10 9 -8 -9 12 -11 15 13 -14 16 -16 -17 -18
leaf_value=-1.6046030350549045e-05 -1.202740710426465e-05 3.1744252505149452e-06 -2.494333937313126e-05 1.4337880290669926e-05 -7.0558505973058305e-07 1.5570783649091867e-06 2.8032179170435404e-05 -1.336844128105538e-06 1.2723371669856021e-05 -6.8886065357565454e-06 3.4892234781206457e-06 -1.3726032092225558e-05 1.6738606550897251e-05 -9.9967632004240087e-06 6.1489647331075433e-06 1.1198083874137328e-05 -3.2272199168589016e-06
leaf_weight=1026 1350 1666 1661 994 1287 1714 1080 1643 1797 1846 1071 1006 996 1001 1364 1047 997
leaf_count=1026 1350 1666 1661 994 1287 1714 1080 1643 1797 1846 1071 1006 996 1001 1364 1047 997
internal_value=-4.74206e-08 6.56578e-06 -1.02664e-05 1.23766e-05 -6.06466e-07 -7.05447e-06 2.1469e-05 -6.15885e-06 9.13813e-06 -2.82234e-06 4.27409e-06 -1.0793e-05 1.15282e-05 -8.9989e-06 9.88646e-06 7.29998e-06 -6.61877e-06
internal_weight=23546 14295 9251 7897 6398 7590 2074 2993 5823 3560 3405 4030 4157 3004 3161 2118 1998
internal_count=23546 14295 9251 7897 6398 7590 2074 2993 5823 3560 3405 4030 4157 3004 3161 2118 1998
is_linear=0
shrinkage=0.0187118


Tree=10
num_leaves=19
num_cat=0
split_feature=25 17 52 36 15 4 16 0 0 18 25 54 7 51 16 4 1 1
split_gain=0.0043762 0.00136187 0.00119936 0.000518727 0.000306017 0.000269874 0.000176236 0.000158478 0.000140702 0.000105361 8.24905e-05 7.62275e-05 7.406e-05 7.69389e-05 6.62627e-05 4.76735e-05 4.60221e-05 4.06798e-05
threshold=-0.50336020902389966 -0.22122670489453203 0.31201143981053708 -0.0028149204651254918 0.030562494274702187 -0.12449120922607269 0.85244360902255656 8.5000000000000018 30.500000000000004 -0.50304081868234862 -0.99217531234207446 -4.7642622181980219 0.14734200368706077 77.777777777778056 0.5413533834586467 -0.38944400474871382 42.538543221903957 80.397140921088294
decision_type=2 10 2 2 8 2 2 2 2 10 2 2 8 2 2 2 2 2
left_child=2 4 8 -3 -2 6 11 -6 10 -7 15 -5 -10 16 -11 -1 -14 -9
right_child=1 3 -4 5 7 9 -8 17 12 14 -12 -13 13 -15 -16 -17 -18 -19
leaf_value=-1.0692368945756077e-05 -1.0781561566151843e-05 2.3396072064260715e-05 -2.4476604517508348e-05 -5.8333554387013054e-07 -3.2455157091059145e-06 1.7629705635116714e-05 1.1621432810309976e-05 1.5751519714515542e-06 -8.9595798593593356e-06 8.3540950207428897e-06 -1.388742021660421e-05 5.6080253640548712e-06 -8.1011581187049029e-06 9.7975295469632476e-07 1.4007940017177853e-05 -5.3937666303114873e-06 -2.4326853163684506e-06 6.764087082138797e-06
leaf_weight=1060 997 996 1661 1082 1807 1070 1306 1009 1005 1692 1108 1953 1000 1057 1271 1354 1006 1112
leaf_count=1060 997 996 1661 1082 1807 1070 1306 1009 1005 1692 1108 1953 1000 1057 1271 1354 1006 1112
internal_value=-4.65333e-08 6.44292e-06 -1.00743e-05 1.06301e-05 -1.52342e-06 9.11176e-06 5.87397e-06 8.26463e-07 -6.92247e-06 1.25968e-05 -9.66052e-06 3.40076e-06 -4.55192e-06 -3.10573e-06 1.07794e-05 -7.72041e-06 -5.25845e-06 4.29561e-06
internal_weight=23546 14295 9251 9370 4925 8374 4341 3928 7590 4033 3522 3035 4068 3063 2963 2414 2006 2121
internal_count=23546 14295 9251 9370 4925 8374 4341 3928 7590 4033 3522 3035 4068 3063 2963 2414 2006 2121
is_linear=0
shrinkage=0.0187118


Tree=11
num_leaves=18
num_cat=0
split_feature=25 20 52 52 17 20 20 16 31 20 17 37 20 16 51 20 19
split_gain=0.00421396 0.00160558 0.0011549 0.000627348 0.000462527 0.000326798 0.000264927 0.000228362 0.000173976 0.000140198 0.000114368 0.000106218 0.000105511 9.65256e-05 4.89996e-05 4.47123e-05 3.15291e-05
threshold=-0.50336020902389966 1.0997237569060776 0.31201143981053708 0.24123666125773477 -0.22122670489453203 0.69649014778325136 3.1267668501711059 0.53853383458646631 133.50000000000003 0.47558265582655829 -0.20541565489599481 0.001655633677343338 0.2326157034308082 0.54793233082706772 88.8888888888888 2.4921855921855927 0.12388396056481811
decision_type=2 2 2 2 10 2 2 2 2 2 10 2 2 2 2 2 2
left_child=2 4 5 7 12 11 -5 10 -7 -6 -3 14 -2 -11 16 -9 -1
right_child=1 3 -4 6 9 8 -8 15 -10 13 -12 -13 -14 -15 -16 -17 -18
leaf_value=-1.2737450639424607e-05 -1.0944751186942862e-05 1.4713531356690664e-06 -2.4018602539470611e-05 1.3833014377934135e-05 -7.9859832615590132e-07 1.6309849366033159e-06 2.7219880187234545e-05 9.9236459175692034e-06 -6.6477634470192295e-06 2.9264182381444042e-06 8.5644997465686747e-06 -1.5709107277730527e-05 -3.509186808725547e-06 1.0918634898521397e-05 -5.3637361637726973e-06 1.4970881202040057e-05 -8.03743828074827e-06
leaf_weight=1003 1007 1394 1661 994 1287 1714 1080 1014 1846 1030 1855 1006 1986 1088 1025 1560 996
leaf_count=1003 1007 1394 1661 994 1287 1714 1080 1014 1846 1030 1855 1006 1986 1088 1025 1560 996
internal_value=-4.56626e-08 6.32236e-06 -9.88578e-06 1.19669e-05 -6.44689e-07 -6.79294e-06 2.0804e-05 8.8194e-06 -2.66187e-06 4.07221e-06 5.52115e-06 -1.04422e-05 -6.0109e-06 7.03196e-06 -8.69007e-06 1.29826e-05 -1.03957e-05
internal_weight=23546 14295 9251 7897 6398 7590 2074 5823 3560 3405 3249 4030 2993 2118 3024 2574 1999
internal_count=23546 14295 9251 7897 6398 7590 2074 5823 3560 3405 3249 4030 2993 2118 3024 2574 1999
is_linear=0
shrinkage=0.0187118


Tree=12
num_leaves=15
num_cat=0
split_feature=25 20 52 52 17 20 0 20 27 31 27 20 51 38
split_gain=0.00405773 0.00155021 0.00111208 0.000600617 0.00053142 0.000314683 0.000195441 0.000189528 0.000181602 0.000167526 0.000127416 0.000103285 9.60932e-05 7.1455e-05
threshold=-0.50336020902389966 1.6556466302367945 0.31201143981053708 0.24123666125773477 -0.24113542611392294 0.69649014778325136 5.5000000000000009 0.47558265582655829 981.16300850484993 133.50000000000003 4.8259497749587386 0.1038018018018018 77.777777777778056 -0.0013324456280514594
decision_type=2 2 2 2 10 2 2 2 8 2 10 2 2 2
left_child=2 4 5 8 6 11 -2 -6 13 -7 -9 -1 -13 -3
right_child=1 3 -4 -5 7 9 -8 10 -10 -11 -12 12 -14 -15
leaf_value=-1.5372590375352285e-05 -1.0076047597213251e-05 1.6359042552411729e-05 -2.356917072990193e-05 2.2658601886057046e-05 -1.079542576613308e-06 1.6004662423634105e-06 -8.140062727028285e-07 1.0347084298185942e-05 4.6704986976637963e-06 -6.5233717328114572e-06 2.9825802943509197e-06 -1.1122639832804677e-05 -4.2318315364659688e-06 1.0283887430664437e-05
leaf_weight=1026 1514 1036 1661 1689 1411 1714 1686 1866 1661 1846 1471 1859 1145 1961
leaf_count=1026 1514 1036 1661 1689 1411 1714 1686 1866 1661 1846 1471 1859 1145 1961
internal_value=-4.48081e-08 6.20406e-06 -9.7008e-06 1.30995e-05 6.97565e-07 -6.66583e-06 -5.19611e-06 4.66971e-06 9.6334e-06 -2.61206e-06 7.1007e-06 -1.02468e-05 -8.49615e-06 1.23839e-05
internal_weight=23546 14295 9251 6347 7948 7590 3200 4748 4658 3560 3337 4030 3004 2997
internal_count=23546 14295 9251 6347 7948 7590 3200 4748 4658 3560 3337 4030 3004 2997
is_linear=0
shrinkage=0.0187118


Tree=13
num_leaves=19
num_cat=0
split_feature=25 20 52 52 20 20 28 20 16 31 19 27 25 20 55 27 27 20
split_gain=0.0039073 0.00149594 0.00107085 0.000583242 0.000414848 0.000303016 0.000286203 0.00024975 0.000214536 0.000161316 0.000113203 0.000213703 0.000100682 8.61829e-05 4.60039e-05 4.3524e-05 4.33158e-05 4.24773e-05
threshold=-0.50336020902389966 1.0997237569060776 0.31201143981053708 0.24123666125773477 0.18526500638569607 0.69649014778325136 -0.74719916626344574 3.1267668501711059 0.53853383458646631 133.50000000000003 0.0249527176005131 -2061.2087855180366 -0.99189631503219688 5.2444001991040325 15313.500000000002 811.79456403170491 -12.490767280033355 2.4921855921855927
decision_type=2 2 2 2 2 2 2 2 2 2 2 10 2 2 2 8 10 2
left_child=2 4 5 8 -2 12 -6 -5 13 -7 -8 -12 14 15 -1 -3 -16 -10
right_child=1 3 -4 7 6 9 10 -9 17 -11 11 -13 -14 -15 16 -17 -18 -19
leaf_value=-1.1586115008734606e-05 -1.0761926591989965e-05 6.1248899317827775e-06 -2.3128148979725362e-05 1.3288805463817374e-05 9.0840040753286533e-06 1.5705186080531676e-06 -4.5503916331248706e-06 2.6286563085465278e-05 9.5552221398749922e-06 -6.4013075796516975e-06 -3.7304081997944738e-06 7.9790438362367961e-06 -1.5112544533678841e-05 9.7619643491391311e-06 -3.9128881954231894e-06 8.5069747542460588e-07 -9.4259467626981862e-06 1.4474691161612047e-05
leaf_weight=1007 1160 995 1661 994 1335 1714 1716 1080 1014 1846 1141 1046 1027 1035 994 1219 1002 1560
leaf_count=1007 1160 995 1661 994 1335 1714 1716 1080 1014 1846 1141 1046 1027 1035 994 1219 1002 1560
internal_value=-4.39697e-08 6.08797e-06 -9.51928e-06 1.15364e-05 -6.36992e-07 -6.5411e-06 1.60526e-06 2.00572e-05 8.50153e-06 -2.56319e-06 -9.52802e-07 1.87e-06 -1.00551e-05 5.30468e-06 -8.32549e-06 3.22099e-06 -6.68047e-06 1.25367e-05
internal_weight=23546 14295 9251 7897 6398 7590 5238 2074 5823 3560 3903 2187 4030 3249 3003 2214 1996 2574
internal_count=23546 14295 9251 7897 6398 7590 5238 2074 5823 3560 3903 2187 4030 3249 3003 2214 1996 2574
is_linear=0
shrinkage=0.0187118


Tree=14
num_leaves=20
num_cat=0
split_feature=25 20 52 17 52 20 0 20 20 16 25 48 16 13 0 0 0 51 12
split_gain=0.00375295 0.00142881 0.00116405 0.00063142 0.000505991 0.000285764 0.000223544 0.000215847 0.000158431 0.000119806 9.99906e-05 8.44951e-05 7.51197e-05 5.79345e-05 4.7812e-05 4.52207e-05 4.17883e-05 3.30936e-05 1.25496e-05
threshold=-0.50336020902389966 2.4353400222965447 0.30898654311297541 -0.22122670489453203 0.24559512179120904 0.69649014778325136 5.5000000000000009 0.47558265582655829 11.162280701754389 0.5413533834586467 -0.9917831121489088 68.995685487696505 0.53853383458646631 -0.03836164081758766 65.500000000000014 20.500000000000004 28.500000000000004 40.740740740740399 -0.59064885496183195
decision_type=2 2 2 10 2 2 2 2 2 2 2 2 2 10 2 2 2 2 10
left_child=2 3 5 6 8 10 -2 -5 12 13 14 17 -3 -9 18 -11 -8 -7 -1
right_child=1 4 -4 7 -6 11 16 9 -10 15 -12 -13 -14 -15 -16 -17 -18 -19 -20
leaf_value=-1.100725899388984e-05 -8.7151877338280512e-06 5.1114742262682846e-06 -2.340834659529152e-05 -8.5718445748581085e-07 2.5030431273275361e-05 -6.7560525859891234e-06 -2.3645485842043421e-06 1.3633987283093017e-06 1.711162044953808e-05 1.3601326483816752e-05 -1.4635342140138425e-05 2.2208241301086439e-06 1.1887780134016455e-05 7.6047863868410376e-06 -4.5128300828410307e-06 8.4364284063336659e-06 2.8711902030540965e-06 -2.361805583825559e-06 -8.0427635265199871e-06
leaf_weight=997 1780 1249 1673 1283 1217 1007 1063 1018 1008 1049 1018 1036 1058 1066 1002 1367 1072 1485 1003
leaf_count=997 1780 1249 1673 1283 1217 1007 1063 1018 1008 1049 1018 1036 1058 1066 1002 1367 1072 1485 1003
internal_value=1.21487e-08 6.03786e-06 -9.28682e-06 1.9846e-06 1.47114e-05 -6.15681e-06 -3.8183e-06 5.91307e-06 1.09231e-05 7.84334e-06 -9.5676e-06 -2.27037e-06 8.21912e-06 4.55597e-06 -7.8491e-06 1.0679e-05 2.64355e-07 -4.13749e-06 -9.52057e-06
internal_weight=23451 14230 9221 9698 4532 7548 3915 5783 3315 4500 4020 3528 2307 2084 3002 2416 2135 2492 2000
internal_count=23451 14230 9221 9698 4532 7548 3915 5783 3315 4500 4020 3528 2307 2084 3002 2416 2135 2492 2000
is_linear=0
shrinkage=0.0187118


Tree=15
num_leaves=18
num_cat=0
split_feature=25 20 52 52 20 20 24 16 20 31 17 25 13 19 20 0 10
split_gain=0.00361381 0.001378 0.0011209 0.00058254 0.000419597 0.00027517 0.000241333 0.000232104 0.000190303 0.000176501 0.00016181 9.62836e-05 9.47814e-05 7.22722e-05 5.34111e-05 4.60394e-05 1.03492e-05
threshold=-0.50336020902389966 1.0997237569060776 0.30898654311297541 0.22715278170647726 0.18526500638569607 0.69649014778325136 2.9999999999998583 0.53101503759398505 2.9569842738205372 133.50000000000003 -0.30510736959129331 -0.9917831121489088 -0.034671413314346734 0.029457060765711422 4.0177115987460832 65.500000000000014 -1.3862781954887213
decision_type=2 2 2 2 2 2 10 2 2 2 10 2 10 2 2 2 2
left_child=2 4 5 7 -2 11 10 12 -5 -7 -6 15 -3 -12 -9 16 -1
right_child=1 3 -4 8 6 9 -8 14 -10 -11 13 -13 -14 -15 -16 -17 -18
leaf_value=-8.0044330272991852e-06 -1.0805124175457545e-05 1.8278708800490141e-06 -2.2970333991487823e-05 1.3213072919539858e-05 -6.5912981736953623e-06 2.1096481674839472e-06 7.920764199094605e-06 9.6979667230344182e-06 2.4130409036111176e-05 -6.2662768285094902e-06 -1.7574583167376324e-06 -1.4361488383993574e-05 8.8346609253248303e-06 4.6072606945333629e-06 1.5098844486239489e-05 -4.4283867844514831e-06 -1.0696554638979728e-05
leaf_weight=1006 1140 1891 1673 1018 1181 1701 1549 1514 1240 1827 1119 1018 1052 1414 1112 1002 994
leaf_count=1006 1140 1891 1673 1018 1181 1701 1549 1514 1240 1827 1119 1018 1052 1414 1112 1002 994
internal_value=1.19214e-08 5.92488e-06 -9.11305e-06 1.11915e-05 -5.13014e-07 -6.04161e-06 1.71632e-06 7.94096e-06 1.92084e-05 -2.22788e-06 -8.71366e-07 -9.38858e-06 4.33251e-06 1.79553e-06 1.1985e-05 -7.70223e-06 -9.34242e-06
internal_weight=23451 14230 9221 7827 6403 7548 5263 5569 2258 3528 3714 4020 2943 2533 2626 3002 2000
internal_count=23451 14230 9221 7827 6403 7548 5263 5569 2258 3528 3714 4020 2943 2533 2626 3002 2000
is_linear=0
shrinkage=0.0187118


Tree=16
num_leaves=19
num_cat=0
split_feature=25 20 17 36 20 20 17 0 20 19 19 25 27 20 1 0 0 1
split_gain=0.00348033 0.0013234 0.000561006 0.000436203 0.000340843 0.000315332 0.00025094 0.000217682 0.000186411 0.000177163 0.00015907 0.00015431 0.000128028 0.000106165 8.75223e-05 5.77894e-05 3.92825e-05 3.47108e-05
threshold=-0.50301931929395438 2.1036721898790867 -0.22122670489453203 0.0028070189262020544 14.455555555555557 0.54676350075963365 -0.13425221614347149 5.5000000000000009 0.47558265582655829 0.12388396056481811 -0.032580591024997212 -0.99189631503219688 76.782043359687634 2.7312382739212011 115.09243017925108 59.500000000000007 28.500000000000004 115.09243017925108
decision_type=2 2 10 2 2 2 10 2 2 2 2 2 8 2 2 2 2 2
left_child=3 2 7 5 6 11 -3 -2 -4 13 -8 15 14 17 -10 -1 -9 -7
right_child=1 4 8 -5 -6 9 10 16 12 -11 -12 -13 -14 -15 -16 -17 -18 -19
leaf_value=-1.1263539874835064e-05 -8.7271312096615419e-06 4.6979165490809774e-06 -7.2425336862022477e-07 -2.0522044243913276e-05 2.2833149003246681e-05 -6.3634999909151085e-06 1.0642601252742471e-05 -2.3487477716690466e-06 6.8626617100168718e-06 2.8085715298031609e-06 2.021922915684647e-05 -1.776761842793075e-05 2.2212593740030426e-06 -9.9682407584830616e-07 1.346128655536303e-05 -5.6217984541307427e-06 2.8217529065579087e-06 -1.0814559952243034e-05
leaf_weight=1730 1747 1412 1267 1004 1091 1530 1486 1022 1700 997 1027 1004 1152 1016 1201 1005 1036 1024
leaf_count=1730 1747 1412 1267 1004 1091 1530 1486 1022 1700 997 1027 1004 1152 1016 1201 1005 1036 1024
internal_value=1.16983e-08 5.86068e-06 1.61659e-06 -8.87235e-06 1.35814e-05 -7.46417e-06 1.10098e-05 -3.86948e-06 5.54037e-06 -4.16529e-06 1.45563e-05 -1.14936e-05 7.49875e-06 -6.1129e-06 9.59446e-06 -9.19043e-06 2.54088e-07 -8.14811e-06
internal_weight=23451 14141 9125 9310 5016 8306 3925 3805 5320 4567 2513 3739 4053 3570 2901 2735 2058 2554
internal_count=23451 14141 9125 9310 5016 8306 3925 3805 5320 4567 2513 3739 4053 3570 2901 2735 2058 2554
is_linear=0
shrinkage=0.0187118


Tree=17
num_leaves=18
num_cat=0
split_feature=49 20 20 38 24 20 19 37 16 0 20 20 36 20 19 47 18
split_gain=0.0028169 0.00103587 0.000850822 0.000408929 0.000408034 0.000389512 0.000275174 0.000243789 0.000151827 0.000151287 0.000110477 0.000109713 0.00010475 0.000103578 7.26319e-05 7.13319e-05 6.8562e-05
threshold=47.004214295311492 2.5880107768298166 0.70307765151515167 0.0030864491545606891 499.99999999993611 5.0893882646691644 0.019665043742746139 -0.0018066862078194854 0.5413533834586467 68.500000000000014 8.7192118226601014 0.76246546961325989 0.001042212031221901 0.16465746792544181 0.034013612733932781 22.988505747139538 -0.055284576584773308
decision_type=2 2 2 2 10 2 2 2 2 2 2 2 2 2 2 2 10
left_child=1 4 3 9 8 6 12 -3 15 13 -9 -6 -4 -2 -15 16 -1
right_child=2 7 5 -5 11 -7 -8 10 -10 -11 -12 -13 -14 14 -16 -17 -18
leaf_value=1.4111802871644143e-06 -1.5740107756973895e-05 2.1892125104755446e-05 -4.6263076531598493e-06 -2.1870421953844968e-05 4.3669709367148944e-06 8.6148564839105775e-06 2.3699859380750274e-06 8.4082594071739114e-06 4.8297854835113791e-06 -3.5337059414901462e-06 1.6258807275722109e-05 1.2228670032959714e-05 -1.2108452763802082e-05 -1.2336877341558915e-05 -5.9603681221301414e-06 -6.4070010980162768e-06 -4.544985497632886e-06
leaf_weight=1951 1143 1116 1889 1079 1085 1111 1642 1614 1526 1252 1027 1455 1003 1176 1336 1010 1036
leaf_count=1951 1143 1116 1889 1079 1085 1111 1642 1614 1526 1252 1027 1455 1003 1176 1336 1010 1036
internal_value=1.14794e-08 6.44459e-06 -6.52616e-06 -1.14408e-05 2.66336e-06 -1.31466e-06 -3.74776e-06 1.45596e-05 -1.91238e-07 -9.14742e-06 1.14611e-05 8.87043e-06 -7.22126e-06 -1.10704e-05 -8.94555e-06 -2.1082e-06 -6.54633e-07
internal_weight=23451 11820 11631 5986 8063 5645 4534 3757 5523 4907 2641 2540 2892 3655 2512 3997 2987
internal_count=23451 11820 11631 5986 8063 5645 4534 3757 5523 4907 2641 2540 2892 3655 2512 3997 2987
is_linear=0
shrinkage=0.0187118


Tree=18
num_leaves=19
num_cat=0
split_feature=49 20 20 38 20 20 24 19 37 16 0 20 36 20 19 23 50 18
split_gain=0.00271247 0.00099747 0.000819279 0.000393769 0.000393533 0.000375071 0.000343715 0.000264973 0.000234751 0.00014638 0.000145678 0.000106381 0.000100867 9.97382e-05 6.99392e-05 6.34377e-05 5.21331e-05 4.89464e-05
threshold=47.004214295311492 2.5880107768298166 0.70307765151515167 0.0030864491545606891 0.21860135837702707 5.0893882646691644 499.99999999993611 0.019665043742746139 -0.0018066862078194854 0.5413533834586467 68.500000000000014 8.7192118226601014 0.001042212031221901 0.16465746792544181 0.034013612733932781 1.0000000180025095e-35 49.99999999999855 -0.19252810732153128
decision_type=2 2 2 2 2 2 10 2 2 2 2 2 2 2 2 10 2 10
left_child=1 4 3 10 -1 7 9 12 -3 15 13 -10 -4 -2 -15 16 -6 -8
right_child=2 8 5 -5 6 -7 17 -9 11 -11 -12 -13 -14 14 -16 -17 -18 -19
leaf_value=-8.322920124430015e-06 -1.5445581788951703e-05 2.1482483755662331e-05 -4.5397410447446666e-06 -2.1461186776587028e-05 3.0436480588876416e-07 8.4536567923524199e-06 1.2869266481906904e-05 2.3256392572473775e-06 8.2509256504154677e-06 6.4580497196217377e-06 -3.467583886172878e-06 1.5954575466439763e-05 -1.1881881743689036e-05 -1.2106031941138606e-05 -5.8488388057111899e-06 3.145387752374184e-06 -5.2425820650247292e-06 7.4208190074807922e-06
leaf_weight=1008 1143 1116 1889 1079 1188 1111 1134 1642 1614 1368 1252 1027 1003 1176 1336 1004 1185 1176
leaf_count=1008 1143 1116 1889 1079 1188 1111 1134 1642 1614 1368 1252 1027 1003 1176 1336 1004 1185 1176
internal_value=1.12646e-08 6.324e-06 -6.40405e-06 -1.12267e-05 2.61352e-06 -1.29006e-06 4.17609e-06 -3.67764e-06 1.42871e-05 1.29435e-06 -8.97625e-06 1.12466e-05 -7.08613e-06 -1.08632e-05 -8.77816e-06 -7.97424e-07 -2.4656e-06 1.00955e-05
internal_weight=23451 11820 11631 5986 8063 5645 7055 4534 3757 4745 4907 2641 2892 3655 2512 3377 2373 2310
internal_count=23451 11820 11631 5986 8063 5645 7055 4534 3757 4745 4907 2641 2892 3655 2512 3377 2373 2310
is_linear=0
shrinkage=0.0187118


Tree=19
num_leaves=18
num_cat=0
split_feature=49 36 36 17 37 4 0 4 28 17 4 37 4 19 17 13 17
split_gain=0.00261191 0.000693323 0.000591654 0.000416462 0.000294499 0.000168826 0.0001543 0.000121924 0.000104678 0.000109121 0.000101959 8.10076e-05 7.04905e-05 8.62265e-05 5.44414e-05 4.30373e-05 2.97145e-05
threshold=47.004214295311492 0.003137256831838076 -0.0028149204651254918 -0.15110368333284568 0.001655633677343338 -0.033050200689694144 25.500000000000004 -0.2976002035163095 0.49962531221901546 -0.19851671981510191 -0.14802984905873703 -0.0018099562334565331 -0.6947467352592005 0.036748927727460419 -0.28371390538603319 -0.030466653680555088 -0.054805666890962806
decision_type=2 2 2 10 2 2 2 2 2 10 2 2 2 2 8 10 10
left_child=2 4 -1 10 5 8 -6 -5 9 12 14 -9 -2 -14 -4 16 -13
right_child=1 -3 3 7 6 -7 -8 11 -10 -11 -12 15 13 -15 -16 -17 -18
leaf_value=1.9132606070166004e-05 -8.5582938682164111e-06 -2.0434009532850933e-05 -4.6538481728080034e-06 3.7948287399246337e-06 -1.5013849213739155e-05 3.775223137425301e-06 -5.5412282655193387e-06 1.3962572930677614e-05 -8.2536765024267064e-06 2.3697864530526529e-06 4.7472607189758009e-06 7.693663148990037e-06 -5.696641573532315e-06 4.1688719874470768e-07 4.9444835318360174e-07 4.9344257049090982e-06 1.194055276685111e-05
leaf_weight=1122 1011 1098 1136 1758 1276 1083 1140 1122 1669 1099 1363 1321 1767 1488 1960 1014 1024
leaf_count=1122 1011 1098 1136 1758 1276 1083 1140 1122 1669 1099 1363 1321 1767 1488 1960 1014 1024
internal_value=1.10538e-08 -6.28422e-06 6.20566e-06 4.84989e-06 -4.80919e-06 -3.10219e-06 -1.05442e-05 7.97104e-06 -4.16108e-06 -2.88792e-06 4.82813e-07 9.60946e-06 -4.2424e-06 -2.90188e-06 -1.39459e-06 8.15539e-06 9.54817e-06
internal_weight=23451 11631 11820 10698 10533 8117 2416 6239 7034 5365 4459 4481 4266 3255 3096 3359 2345
internal_count=23451 11631 11820 10698 10533 8117 2416 6239 7034 5365 4459 4481 4266 3255 3096 3359 2345
is_linear=0
shrinkage=0.0187118


Tree=20
num_leaves=17
num_cat=0
split_feature=25 20 52 52 20 20 27 17 20 31 36 25 20 17 19 27
split_gain=0.0031041 0.00116342 0.00103295 0.000537844 0.000365495 0.000240686 0.000222714 0.000204315 0.000161556 0.000159808 0.000109346 8.47302e-05 6.94851e-05 6.13287e-05 5.32162e-05 5.05681e-05
threshold=-0.50301931929395438 1.0997237569060776 0.30898654311297541 0.22715278170647726 0.18526500638569607 0.69649014778325136 611.64490330877231 -0.30510736959129331 2.9569842738205372 133.50000000000003 -0.0010167770802835261 -0.9917831121489088 2.4921855921855927 -0.15491976536672419 0.029457060765711422 -11.647291493529936
decision_type=2 2 2 2 2 2 10 10 2 2 2 2 2 8 2 8
left_child=2 4 5 6 -2 11 12 -6 -5 -7 -9 15 -3 -8 -12 -1
right_child=1 3 -4 8 7 9 13 10 -10 -11 14 -13 -14 -15 -16 -17
leaf_value=-4.7089899030801865e-06 -1.002248704942592e-05 7.2688426767552196e-06 -2.1691044121824371e-05 1.2570686564801452e-05 -4.8503896229067149e-06 2.1421695406905382e-06 -5.8146517537209008e-07 8.3500482024373297e-06 2.2658914317814923e-05 -5.7546917708884644e-06 -1.483035466969869e-06 -1.3192799716277737e-05 1.2663014559869127e-05 5.7304694944160178e-06 3.8559997098817178e-06 -9.5746778783392329e-06
leaf_weight=1590 1136 1513 1674 1012 1267 1737 1085 1254 1233 1856 1109 1041 1869 1071 1592 1412
leaf_count=1590 1136 1513 1674 1012 1267 1737 1085 1254 1233 1856 1109 1041 1869 1071 1592 1412
internal_value=1.0847e-08 5.53464e-06 -8.37927e-06 1.03856e-05 -4.0358e-07 -5.461e-06 7.25377e-06 1.68893e-06 1.81113e-05 -1.93703e-06 3.78382e-06 -8.59274e-06 1.02498e-05 2.55401e-06 1.66385e-06 -6.99758e-06
internal_weight=23451 14141 9310 7783 6358 7636 5538 5222 2245 3593 3955 4043 3382 2156 2701 3002
internal_count=23451 14141 9310 7783 6358 7636 5538 5222 2245 3593 3955 4043 3382 2156 2701 3002
is_linear=0
shrinkage=0.0187118


Tree=21
num_leaves=17
num_cat=0
split_feature=25 17 52 52 15 16 4 26 27 25 4 52 22 4 51 31
split_gain=0.00297284 0.000922415 0.000905267 0.000417196 0.000269044 0.000173794 0.000148475 0.000112337 0.000108293 9.36921e-05 7.38385e-05 6.91215e-05 6.87736e-05 4.74873e-05 3.90663e-05 2.46964e-05
threshold=-0.50301931929395438 -0.20659503817910532 0.30898654311297541 0.31557669968956664 0.030562494274702187 0.87687969924812037 -0.17652213239866579 -0.00070697651280841737 -43.098500458599325 -0.99295280824855559 -0.3606690598677143 0.16006200980754209 -0.80130099318722803 -0.35588501328509237 49.999999999999147 149.50000000000003
decision_type=2 8 2 2 10 2 2 10 10 2 2 2 8 2 2 2
left_child=2 4 8 5 -2 6 12 10 -1 13 -6 -8 -3 -10 -7 -15
right_child=1 3 -4 -5 7 14 11 -9 9 -11 -12 -13 -14 15 -16 -17
leaf_value=-1.3796156567395289e-06 -9.8106127531548509e-06 4.7764496281703745e-06 -2.0568631969848123e-05 1.7501249871362741e-05 -4.778953249245413e-06 9.1989027666961935e-06 5.9180748588241235e-06 5.7967392583950323e-06 -7.3429396105585868e-06 -1.0098048506472965e-05 1.6491439936731755e-06 1.1903779837037601e-05 -1.1895943054952405e-06 -1.0204962475829912e-06 1.4160262744060785e-05 -4.9685114198858025e-06
leaf_weight=1805 1008 1591 1677 1626 1107 1204 1662 1201 1719 1854 1439 1138 1177 1000 1032 1246
leaf_count=1805 1008 1591 1677 1626 1107 1204 1662 1201 1719 1854 1439 1138 1177 1000 1032 1246
internal_value=9.97898e-08 5.49052e-06 -8.12164e-06 8.87884e-06 -1.2291e-06 7.08232e-06 5.31277e-06 1.07945e-06 -5.38376e-06 -6.62581e-06 -1.14579e-06 8.35084e-06 2.23959e-06 -5.00221e-06 1.14888e-05 -3.21071e-06
internal_weight=23486 14185 9301 9430 4755 7804 5568 3747 7624 5819 2546 2800 2768 3965 2236 2246
internal_count=23486 14185 9301 9430 4755 7804 5568 3747 7624 5819 2546 2800 2768 3965 2236 2246
is_linear=0
shrinkage=0.0187118


Tree=22
num_leaves=18
num_cat=0
split_feature=49 20 20 52 52 19 20 24 16 52 15 20 26 19 20 20 17
split_gain=0.00243592 0.000884384 0.000779844 0.000537205 0.000527439 0.000354841 0.000221408 0.000184297 0.000165155 0.000108355 0.000107095 7.76913e-05 6.72898e-05 6.15465e-05 5.18933e-05 4.61546e-05 4.06709e-05
threshold=48.963074175768817 1.0997237569060776 0.74946808510638319 0.26523055165051096 0.22715278170647726 0.05979885166619426 3.8981321342096167 499.99999999993611 0.51221804511278213 0.18232517660950967 0.033876940208763258 0.27495019920318731 -0.0050147903180622127 0.039042834736115146 0.27495019920318731 2.1036721898790867 -0.13425221614347149
decision_type=2 2 2 2 2 2 2 10 2 2 10 2 10 2 2 2 10
left_child=1 7 4 8 10 6 9 11 16 -4 -2 -1 -13 -12 -15 -10 -3
right_child=2 3 5 -5 -6 -7 -8 -9 15 -11 13 12 -14 14 -16 -17 -18
leaf_value=-6.4286520896885371e-06 -1.136066247352957e-05 8.8823065467975003e-07 -3.576977269925881e-06 1.9845035364178095e-05 -1.9173175922286857e-05 7.375620393178579e-06 3.2170404781735536e-06 5.7433715009815184e-06 7.171461016814965e-06 -1.1212437107264643e-05 -8.9689184983711188e-06 -3.9111201755951319e-06 2.1427007639949272e-06 -6.1707055483990468e-06 -2.8302868732139994e-07 1.1998791430315634e-05 6.141364621749019e-06
leaf_weight=1019 1414 1064 1688 1634 1759 1393 1164 1502 1072 1059 999 1093 1561 1085 1014 1964 1002
leaf_count=1019 1414 1064 1688 1634 1759 1393 1164 1502 1072 1059 999 1093 1561 1085 1014 1964 1002
internal_value=9.79225e-08 6.0385e-06 -6.0151e-06 1.05076e-05 -1.04819e-05 -7.3398e-07 -3.62242e-06 2.21381e-07 7.51708e-06 -6.52054e-06 -7.09356e-06 -2.03673e-06 -3.50451e-07 -5.14595e-06 -3.32645e-06 1.02943e-05 3.43598e-06
internal_weight=23486 11911 11575 6736 6271 5304 3911 5175 5102 2747 4512 3673 2654 3098 2099 3036 2066
internal_count=23486 11911 11575 6736 6271 5304 3911 5175 5102 2747 4512 3673 2654 3098 2099 3036 2066
is_linear=0
shrinkage=0.0187118


Tree=23
num_leaves=18
num_cat=0
split_feature=25 17 36 36 16 27 27 37 27 1 7 1 1 55 48 11 10
split_gain=0.00278779 0.00086041 0.00041287 0.000388095 0.000172202 0.000160984 0.000197038 0.000139924 9.34171e-05 0.000110057 7.16391e-05 7.2411e-05 5.70059e-05 4.99286e-05 2.55121e-05 2.33286e-05 1.60419e-05
threshold=-0.50301931929395438 -0.20659503817910532 -0.003055769545019515 0.0028070189262020544 0.86936090225563922 -621.62980331478968 237.6290091096451 0.0016194342601479896 -249.99058415677516 270.39168624394995 0.57306429312132745 82.217445856116157 81.296109502628298 32796.500000000007 37.161791509319393 -0.5353053435114502 -1.3421052631578949
decision_type=2 8 2 2 2 8 10 2 10 2 8 2 2 2 2 10 2
left_child=3 5 -3 7 8 -2 -7 10 -4 12 11 15 14 -6 -10 -1 -12
right_child=1 2 4 -5 13 6 -8 -9 9 -11 16 -13 -14 -15 -16 -17 -18
leaf_value=-6.5883141307024668e-06 -5.4405535883827071e-06 1.998861953903507e-05 3.389013415342665e-07 -1.8877839860870061e-05 1.3646719689099666e-05 6.9140981393035806e-06 -2.9070722171361542e-06 -1.1050146079369093e-05 4.7634034526161371e-06 2.3471240980555949e-06 -3.9613077422268117e-06 -9.4441315442469762e-06 1.215704770032128e-05 8.2143469063235928e-06 8.589965618752811e-06 -3.0404282773846179e-06 -6.0208269678393983e-07
leaf_weight=1146 1875 995 1008 1000 1447 1323 1557 1866 1103 1499 995 1802 1010 1003 1365 1496 996
leaf_count=1146 1875 995 1008 1000 1447 1323 1557 1866 1103 1499 995 1802 1010 1003 1365 1496 996
internal_value=9.60902e-08 5.31635e-06 8.5888e-06 -7.86535e-06 7.24407e-06 -1.1735e-06 1.60453e-06 -6.5387e-06 5.53349e-06 6.58555e-06 -5.23049e-06 -6.55198e-06 8.41229e-06 1.14228e-05 6.8798e-06 -4.57937e-06 -2.28085e-06
internal_weight=23486 14185 9430 9301 8435 4755 2880 8301 5985 4977 6435 4444 3478 2450 2468 2642 1991
internal_count=23486 14185 9430 9301 8435 4755 2880 8301 5985 4977 6435 4444 3478 2450 2468 2642 1991
is_linear=0
shrinkage=0.0187118


Tree=24
num_leaves=19
num_cat=0
split_feature=20 20 49 26 52 52 24 49 31 20 27 27 26 52 44 31 0 24
split_gain=0.00228066 0.000911896 0.000754369 0.000696622 0.000559731 0.000284516 0.00017102 0.000170153 0.00017215 0.000156814 0.000128105 7.57027e-05 6.90196e-05 6.52596e-05 5.57661e-05 5.49025e-05 5.01235e-05 4.91466e-05
threshold=1.0997237569060776 18.017241379310349 47.004214295311492 -0.003634517007518405 0.24870785137133392 0.2725487618351583 499.99999999993611 80.667176266765566 144.50000000000003 0.092628342628342644 320.96259406060148 -15.678730046913103 -0.0015087063694319304 0.16851496608626443 -0.0012698417817452732 122.50000000000001 33.500000000000007 1.0000000180025095e-35
decision_type=2 2 2 10 2 2 10 2 2 2 10 8 10 2 2 2 2 10
left_child=2 3 6 7 9 10 12 14 -9 -4 17 16 13 -1 -2 -13 -11 -5
right_child=1 -3 4 5 -6 -7 -8 8 -10 11 -12 15 -14 -15 -16 -17 -18 -19
leaf_value=-1.1449326924417616e-06 6.1427219219226822e-06 2.304772714323566e-05 -1.2879908280177686e-05 5.7473235210485283e-06 -1.8013518331274568e-05 1.6791917581094838e-05 5.5718818261714046e-06 1.1415687134808603e-06 -8.9820795437017303e-06 -4.798706744072015e-06 9.8544381577590456e-07 -3.964623907394053e-06 2.0382114335192309e-06 -7.2246013210658537e-06 8.4683045168483293e-08 -9.6099772715673381e-06 7.8773522771094364e-07 1.0673989011634067e-05
leaf_weight=1522 1043 1042 1001 1180 1845 1313 1495 1106 1256 1240 1009 1115 1073 1041 1086 1314 1029 1776
leaf_count=1522 1043 1042 1001 1180 1845 1313 1495 1106 1256 1240 1009 1115 1073 1041 1086 1314 1029 1776
internal_value=9.42922e-08 6.40797e-06 -5.29089e-06 4.63311e-06 -9.05562e-06 9.24232e-06 2.44312e-07 -7.83809e-07 -4.24171e-06 -6.15558e-06 6.74229e-06 -4.72284e-06 -1.9462e-06 -3.61428e-06 3.05253e-06 -7.01855e-06 -2.26523e-06 8.70732e-06
internal_weight=23486 10811 12675 9769 7544 5278 5131 4491 2362 5699 3965 4698 3636 2563 2129 2429 2269 2956
internal_count=23486 10811 12675 9769 7544 5278 5131 4491 2362 5699 3965 4698 3636 2563 2129 2429 2269 2956
is_linear=0
shrinkage=0.0187118


Tree=25
num_leaves=18
num_cat=0
split_feature=20 20 49 26 52 52 20 19 49 19 20 24 19 17 26 31 0
split_gain=0.00219611 0.000878089 0.000726402 0.000670795 0.00053898 0.000273968 0.000167772 0.00016693 0.000198539 0.000157496 0.000151 0.000123737 0.000114949 9.32443e-05 6.7989e-05 5.19786e-05 4.11864e-05
threshold=1.0997237569060776 18.017241379310349 47.004214295311492 -0.003634517007518405 0.24870785137133392 0.2725487618351583 0.21860135837702707 -0.05241943671448545 72.1628207823304 0.068427254649913408 0.092628342628342644 499.99999999993611 0.03578893547578766 -0.12431979754834556 -0.0054186895295489116 122.50000000000001 30.500000000000004
decision_type=2 2 2 10 2 2 2 2 2 2 2 10 2 10 10 2 2
left_child=2 3 6 7 10 9 -1 8 -2 13 -4 14 15 -5 -8 -12 -14
right_child=1 -3 4 5 -6 -7 11 -9 -10 -11 12 -13 16 -15 -16 -17 -18
leaf_value=-6.590679783433782e-06 1.8164593877534803e-06 2.2616462362886884e-05 -1.2638901883706594e-05 2.3278196211108704e-07 -1.7676452750179654e-05 1.6477710325595044e-05 -4.1681652482637062e-06 4.0403639631987547e-06 -8.0460536063038498e-06 1.2957136577712901e-05 -4.9987722247026455e-06 6.7819291809360119e-06 -4.4070469066227751e-06 7.067685269843217e-06 1.8817582979155657e-06 -1.098129261743429e-05 2.4619655787442178e-07
leaf_weight=1011 1332 1042 1001 1140 1845 1313 1003 1617 1542 1019 1019 1267 1330 1806 1850 1015 1334
leaf_count=1011 1332 1042 1001 1140 1845 1313 1003 1617 1542 1019 1019 1267 1330 1806 1850 1015 1334
internal_value=9.25278e-08 6.28807e-06 -5.19189e-06 4.54642e-06 -8.88618e-06 9.06938e-06 2.3974e-07 -7.69142e-07 -3.47512e-06 6.61613e-06 -6.0404e-06 1.91585e-06 -4.63446e-06 4.42282e-06 -2.4515e-07 -7.98415e-06 -2.07693e-06
internal_weight=23486 10811 12675 9769 7544 5278 5131 4491 2874 3965 5699 4120 4698 2946 2853 2034 2664
internal_count=23486 10811 12675 9769 7544 5278 5131 4491 2874 3965 5699 4120 4698 2946 2853 2034 2664
is_linear=0
shrinkage=0.0187118


Tree=26
num_leaves=19
num_cat=0
split_feature=49 20 20 52 52 31 20 28 54 26 26 0 16 16 18 13 52 20
split_gain=0.0021158 0.000796436 0.00069259 0.00046794 0.000436567 0.000279716 0.000264928 0.000210259 0.000119342 0.000115355 0.000106637 9.162e-05 8.96253e-05 8.14731e-05 6.15931e-05 9.60252e-05 3.12022e-05 2.11845e-05
threshold=48.963074175768817 2.4921855921855927 0.74946808510638319 0.22715278170647726 0.26523055165051096 144.50000000000003 0.21860135837702707 -0.74719916626344574 2.7212485057935476 -0.0060323785573676665 -0.0058766235717932326 5.5000000000000009 0.51033834586466176 0.48684210526315791 -0.10561002318034007 -0.056832680669277318 0.16649917098422476 0.27495019920318731
decision_type=2 2 2 2 2 2 2 2 2 10 10 2 2 2 10 10 2 2
left_child=1 6 3 11 12 8 -1 16 -4 -9 -7 -2 -3 17 15 -11 -8 -13
right_child=2 4 5 -5 -6 10 7 9 -10 14 -12 13 -14 -15 -16 -17 -18 -19
leaf_value=-6.6243143358599716e-06 -1.1598981357014618e-05 4.7864172678353749e-06 6.7259987442150848e-09 -1.8002310194689252e-05 2.3234158245551769e-05 -8.6463014576471037e-06 6.2268289921260507e-06 -4.1863484298990258e-06 7.9489958261318173e-06 7.2704073592221882e-07 -1.1163725222341198e-06 -9.4052610869024425e-06 1.1504743846572759e-05 -1.7011769776582333e-06 4.7853736268159409e-08 8.3991032750873586e-06 1.0816081544027674e-05 -5.6491644855442084e-06
leaf_weight=1029 1007 1138 1448 1759 996 1343 1030 1015 1221 1062 1292 1050 1787 1402 1573 1236 1045 1053
leaf_count=1029 1007 1138 1448 1759 996 1343 1030 1015 1221 1062 1292 1050 1787 1402 1573 1236 1045 1053
internal_value=9.07964e-08 5.6273e-06 -5.60642e-06 -9.81588e-06 1.25343e-05 -6.295e-07 2.23774e-06 3.54776e-06 3.64011e-06 1.42848e-06 -4.95421e-06 -6.62441e-06 8.89091e-06 -5.19519e-06 2.90072e-06 4.85353e-06 8.53804e-06 -7.52453e-06
internal_weight=23486 11911 11575 6271 3921 5304 7990 6961 2669 4886 2635 4512 2925 3505 3871 2298 2075 2103
internal_count=23486 11911 11575 6271 3921 5304 7990 6961 2669 4886 2635 4512 2925 3505 3871 2298 2075 2103
is_linear=0
shrinkage=0.0187118


Tree=27
num_leaves=19
num_cat=0
split_feature=25 20 52 52 27 27 20 27 27 31 31 20 41 51 25 31 9 11
split_gain=0.00246966 0.000959442 0.000788541 0.000405479 0.000389021 0.000276643 0.000213367 0.000157244 0.000128522 0.000115497 0.000113686 0.000109317 9.01116e-05 7.70325e-05 5.88968e-05 4.10223e-05 3.92524e-05 2.923e-05
threshold=-0.50301931929395438 2.1036721898790867 0.30898654311297541 0.24559512179120904 -1110.6953161687779 88.80875756345965 0.69054196264141032 -12.931309108481159 157.70941111689254 77.500000000000014 122.50000000000001 0.33398184176394302 -0.0012547229219144194 87.962962962962777 -0.99326601472410303 137.50000000000003 -0.49141221374045796 -0.46660305343511443
decision_type=2 2 2 2 10 10 2 10 10 2 2 2 2 2 2 2 10 8
left_child=2 4 6 8 11 9 13 -8 17 -6 -7 -2 -11 14 -1 -9 -14 -3
right_child=1 3 -4 -5 5 10 7 15 -10 12 -12 -13 16 -15 -16 -17 -18 -19
leaf_value=-7.4411433388477183e-06 -9.7370247423704925e-06 9.368151960049364e-06 -1.9021168088816659e-05 2.0441462978790759e-05 1.0200880668034746e-06 2.5057854679293986e-06 4.7700872969425299e-06 -1.1429357823595724e-06 4.5471200138183674e-06 1.2901165069463671e-05 -5.6577000073584819e-06 -1.7155840676068672e-06 8.6286034748369587e-06 -3.9315947200698058e-06 -1.3071130600350889e-05 -5.920489762177701e-06 3.6660165641701161e-06 1.3821565852565881e-05
leaf_weight=1746 1002 1072 1677 1321 997 1262 999 1066 1683 1022 1134 1464 1137 1240 1037 1536 1096 995
leaf_count=1746 1002 1072 1677 1321 997 1262 999 1066 1683 1022 1134 1464 1137 1240 1037 1536 1096 995
internal_value=8.90975e-08 5.00248e-06 -7.40432e-06 1.15265e-05 1.37251e-06 3.72701e-06 -4.84904e-06 -1.54038e-06 8.38611e-06 6.59236e-06 -1.3579e-06 -4.97491e-06 8.29913e-06 -7.81063e-06 -9.53899e-06 -3.9632e-06 6.19287e-06 1.15119e-05
internal_weight=23486 14185 9301 5071 9114 6648 7624 3601 3750 4252 2396 2466 3255 4023 2783 2602 2233 2067
internal_count=23486 14185 9301 5071 9114 6648 7624 3601 3750 4252 2396 2466 3255 4023 2783 2602 2233 2067
is_linear=0
shrinkage=0.0187118


Tree=28
num_leaves=17
num_cat=0
split_feature=25 52 17 52 31 36 4 31 0 4 27 0 17 19 25 4
split_gain=0.00247338 0.000775962 0.000661283 0.000386826 0.000207312 0.000201489 0.000163251 0.000159629 0.000106708 0.000100018 7.44337e-05 6.62479e-05 5.43073e-05 3.95472e-05 3.80526e-05 2.97483e-05
threshold=-0.73556164400330615 0.30898654311297541 -0.22122670489453203 0.33944824827596509 24.500000000000004 -0.0016625115394608423 -0.66154107072191748 124.50000000000001 12.500000000000002 -0.1098705410141896 -34.124008893793892 5.5000000000000009 -0.11274904186536379 -0.21935500099942115 -0.99295280824855559 -0.40017807677087452
decision_type=2 2 8 2 2 2 2 2 2 2 10 2 10 2 2 2
left_child=1 8 6 4 -4 -6 -2 -8 -1 12 -10 -9 -7 -11 15 -12
right_child=2 -3 3 -5 5 9 7 11 10 13 14 -13 -14 -15 -16 -17
leaf_value=-9.0957222336160222e-06 -7.8150492628413366e-06 -1.9386227917356487e-05 -1.9535870534569982e-06 1.7443321943079084e-05 1.3469723637963088e-05 1.3576255903680941e-06 5.5367195286314465e-06 -6.010640292650499e-06 -3.308673587770353e-07 5.6480473039825177e-06 -6.4611861640149504e-06 7.4661354157874105e-07 5.8993588438951865e-06 1.0214640561926882e-05 -8.3372817629491694e-06 -2.6468180886994122e-06
leaf_weight=1783 1012 1630 994 1194 1430 1795 1423 1017 1536 1104 1169 1015 1895 1666 1000 1847
leaf_count=1783 1012 1630 994 1194 1430 1795 1423 1017 1536 1104 1169 1015 1895 1666 1000 1847
internal_value=2.24081e-08 -7.70826e-06 4.7873e-06 7.44358e-06 6.09963e-06 7.11419e-06 -1.20553e-06 7.30461e-07 -5.11315e-06 5.70732e-06 -3.83417e-06 -2.63534e-06 3.69003e-06 8.3946e-06 -5.17408e-06 -4.12527e-06
internal_weight=23510 8965 14545 10078 8884 7890 4467 3455 7335 6460 5552 2032 3690 2770 4016 3016
internal_count=23510 8965 14545 10078 8884 7890 4467 3455 7335 6460 5552 2032 3690 2770 4016 3016
is_linear=0
shrinkage=0.0187118


Tree=29
num_leaves=18
num_cat=0
split_feature=25 52 17 52 15 31 54 0 52 16 27 7 52 16 52 48 4
split_gain=0.00238168 0.000747195 0.000636855 0.00035882 0.000250758 0.000163923 0.000145981 0.000102752 9.17711e-05 7.25559e-05 7.16742e-05 5.96789e-05 4.38563e-05 4.34746e-05 1.45749e-05 1.43155e-05 1.36394e-05
threshold=-0.73556164400330615 0.30898654311297541 -0.1773902167871039 0.29080485207018447 0.028687949702850067 32.500000000000007 -0.46469498523709307 12.500000000000002 0.19563263869960468 0.87687969924812037 -34.124008893793892 0.47562003110957485 0.1135462117663896 0.43045112781954892 0.16491696914564746 36.819705500285203 -0.30522499858669228
decision_type=2 2 8 2 8 2 2 2 2 2 10 10 2 2 2 2 2
left_child=1 7 4 5 -2 -4 -6 -1 9 12 -9 -8 -7 14 -12 -14 -15
right_child=2 -3 3 -5 6 8 11 10 -10 -11 13 -13 15 16 -16 -17 -18
leaf_value=-8.9255247697544945e-06 -8.5200682751020516e-06 -1.902347641837357e-05 -1.0614562539885329e-06 1.5219011266764092e-05 -2.5893814332808965e-06 1.7288581794518346e-06 2.2717238162170333e-06 -3.24676258746747e-07 1.2170846777078933e-05 9.4449705175491161e-06 -5.4257142487205426e-06 7.952220119349876e-06 4.4763940200798879e-06 -4.6649123869313947e-06 -8.6006891812622e-06 7.448672044213638e-06 -1.5674227279117539e-06
leaf_weight=1783 1041 1630 1013 1821 1755 1242 1834 1536 1026 1524 1016 1001 1041 994 1009 1247 997
leaf_count=1783 1041 1630 1013 1821 1755 1242 1834 1536 1026 1524 1016 1001 1041 994 1009 1247 997
internal_value=2.19888e-08 -7.56402e-06 4.69773e-06 7.8097e-06 -2.28599e-07 5.90749e-06 1.65188e-06 -5.01748e-06 7.0686e-06 6.03281e-06 -3.76242e-06 4.27743e-06 4.55968e-06 -5.07726e-06 -7.00772e-06 6.09634e-06 -3.11384e-06
internal_weight=23510 8965 14545 8914 5631 7093 4590 7335 6080 5054 5552 2835 3530 4016 2025 2288 1991
internal_count=23510 8965 14545 8914 5631 7093 4590 7335 6080 5054 5552 2835 3530 4016 2025 2288 1991
is_linear=0
shrinkage=0.0187118


Tree=30
num_leaves=19
num_cat=0
split_feature=25 17 38 36 15 31 4 0 27 27 0 4 55 24 50 31 18 47
split_gain=0.00229422 0.000644857 0.000335997 0.000333129 0.000213966 0.000208318 0.000139975 0.000117685 8.12923e-05 7.29787e-05 7.22344e-05 8.40502e-05 7.00802e-05 6.85941e-05 5.47288e-05 3.79794e-05 3.07735e-05 2.98259e-05
threshold=-0.50352856925817868 -0.22122670489453203 0.0030864491545606891 -0.003055769545019515 0.033233499494945362 24.500000000000004 -0.12449120922607269 30.500000000000004 458.34674807995469 -31.579136940931019 28.500000000000004 -0.38944400474871382 9104.5000000000018 2.0000000000002136 83.333333333332732 124.50000000000001 -0.24352898140597409 40.00000000001517
decision_type=2 8 2 2 8 2 2 2 10 10 2 2 2 10 2 2 10 2
left_child=2 4 7 -3 -2 -5 13 12 16 -9 11 -6 -1 15 -11 -7 -8 -14
right_child=1 3 -4 5 10 6 8 9 -10 14 -12 -13 17 -15 -16 -17 -18 -19
leaf_value=-1.1253251348555839e-05 -8.6137796892692573e-06 1.7514843752612506e-05 -1.6020551025338804e-05 -1.7995450742705763e-06 -4.8246483165947856e-06 5.4547862363259352e-06 1.3975302242711733e-05 3.1469105576452758e-07 5.9881960123257647e-06 -7.1396089765366485e-06 5.2293985107792874e-06 2.3315540510828726e-06 -4.2449148501783369e-06 7.5513178397744084e-06 -1.7331779224277035e-06 5.8820543980794955e-07 9.7835742079472216e-06 -8.4834841848419088e-06
leaf_weight=1521 1046 1019 1311 1006 1005 996 1220 1198 1239 1819 1021 1342 1326 1861 1025 1287 1233 1035
leaf_count=1521 1046 1019 1311 1006 1005 996 1220 1198 1239 1819 1021 1342 1326 1861 1025 1287 1233 1035
internal_value=2.15773e-08 4.72309e-06 -7.24578e-06 7.3839e-06 -1.22126e-06 6.21636e-06 7.24546e-06 -5.79402e-06 9.89502e-06 -3.55924e-06 1.07464e-06 -7.32775e-07 -8.12091e-06 4.88489e-06 -5.19109e-06 2.71134e-06 1.18683e-05 -6.10299e-06
internal_weight=23510 14275 9235 9861 4414 8842 7836 7924 3692 4042 3368 2347 3882 4144 2844 2283 2453 2361
internal_count=23510 14275 9235 9861 4414 8842 7836 7924 3692 4042 3368 2347 3882 4144 2844 2283 2453 2361
is_linear=0
shrinkage=0.0187118


Tree=31
num_leaves=18
num_cat=0
split_feature=25 20 52 52 20 20 19 20 20 17 31 17 19 25 18 50 18
split_gain=0.00221007 0.000949447 0.000710075 0.000436355 0.000304595 0.00019971 0.000147 0.000181642 0.000141275 0.000138009 0.000112779 0.000108941 8.52069e-05 7.33561e-05 5.65267e-05 3.33278e-05 2.89496e-05
threshold=-0.73556164400330615 1.112399732620321 0.30898654311297541 0.24123666125773477 0.15935160457072808 0.69649014778325136 0.07024694308625358 10.577380952380954 3.3047162859248349 -0.30510736959129331 133.50000000000003 -0.20541565489599481 0.10893851292061286 -0.99326601472410303 -0.18261122358572796 80.952380952381873 -0.10385988521439798
decision_type=2 2 2 2 2 2 2 2 2 10 2 10 2 2 10 2 10
left_child=2 4 5 6 -2 13 7 11 -5 -6 -7 -3 16 15 -13 -1 -11
right_child=1 3 -4 8 9 10 -8 -9 -10 12 -12 14 -14 -15 -16 -17 -18
leaf_value=-8.0046135292981427e-06 -1.0085250479204599e-05 -1.8925456650803096e-06 -1.8457605096897494e-05 1.130367596161012e-05 -4.142532772326823e-06 2.0570800335266301e-06 1.2482169349950819e-05 1.1835632658542087e-05 2.0999026682513512e-05 2.1259967405412944e-06 -4.752092972861364e-06 8.1653407126057428e-06 5.5178147564736723e-06 -1.1320615517070032e-05 2.6058428471404819e-06 -3.7861140290706629e-06 -2.1634103254259407e-06
leaf_weight=1304 1027 1141 1630 1045 1374 1633 1080 1020 1060 1212 1780 1140 1975 1299 1461 1319 1010
leaf_count=1304 1027 1141 1630 1045 1374 1633 1080 1020 1060 1212 1780 1140 1975 1299 1461 1319 1010
internal_value=2.11736e-08 4.52531e-06 -7.28642e-06 8.88142e-06 -7.21437e-07 -4.80394e-06 6.24946e-06 4.8359e-06 1.61859e-05 1.00476e-06 -1.49414e-06 2.92791e-06 2.68986e-06 -7.68419e-06 5.04253e-06 -5.8833e-06 1.76265e-07
internal_weight=23510 14545 8965 7947 6598 7335 5842 4762 2105 5571 3413 3742 4197 3922 2601 2623 2222
internal_count=23510 14545 8965 7947 6598 7335 5842 4762 2105 5571 3413 3742 4197 3922 2601 2623 2222
is_linear=0
shrinkage=0.0187118


Tree=32
num_leaves=19
num_cat=0
split_feature=49 36 36 24 4 16 4 37 16 16 4 31 50 24 7 16 16 4
split_gain=0.00171326 0.000546249 0.000466999 0.000325481 0.000235161 0.000209286 0.000176261 0.000134341 0.000106407 0.000100353 9.9271e-05 8.72707e-05 5.6526e-05 4.88435e-05 4.43778e-05 3.55078e-05 3.14536e-05 2.65453e-05
threshold=55.735493808674711 0.0031974440894568805 -0.003055769545019515 499.99999999993611 -0.78555175532817001 0.53853383458646631 -0.17029651195658316 0.001655633677343338 0.52537593984962416 0.48402255639097752 -0.32201509412629314 120.50000000000001 44.444444444448074 2000.999999999993 0.60216470791565857 0.46334586466165417 0.45300751879699253 -0.034414042625360387
decision_type=2 2 2 10 2 2 2 2 2 2 2 2 2 10 10 2 2 2
left_child=2 4 -1 6 -2 7 8 11 12 -8 -5 15 -4 -12 16 -6 -13 -11
right_child=1 -3 3 10 5 -7 9 -9 -10 17 13 14 -14 -15 -16 -17 -18 -19
leaf_value=1.6400045714359451e-05 -1.1861876085233675e-05 -1.8575122485235985e-05 -2.4255445397347068e-07 3.8531652371883376e-06 -2.2103530609552122e-06 4.0307077653471212e-06 4.3085761048653307e-07 -8.6128158225373704e-06 2.7885924107200179e-06 5.0687568921708029e-06 7.9314796845988411e-06 -8.5704981701894307e-06 -5.806690284458868e-06 1.3240497948318784e-05 -1.7885594057744464e-06 2.4673736389149613e-06 -4.1145665255835252e-06 9.1232469535454008e-06
leaf_weight=1100 1189 997 1107 1202 1164 1270 1356 1817 1504 1286 1292 1053 1513 1144 1225 1110 1172 1009
leaf_count=1100 1189 997 1107 1202 1164 1270 1356 1817 1504 1286 1292 1053 1513 1144 1225 1110 1172 1009
internal_value=2.07774e-08 -5.36744e-06 4.75619e-06 3.63394e-06 -4.05063e-06 -2.99654e-06 1.47242e-06 -4.18002e-06 -1.17846e-06 4.46673e-06 8.25347e-06 -2.7729e-06 -3.45574e-06 1.04247e-05 -4.64869e-06 7.29688e-08 -6.22337e-06 6.85132e-06
internal_weight=23510 10997 12513 11413 10000 8811 7775 7541 4124 3651 3638 5724 2620 2436 3450 2274 2225 2295
internal_count=23510 10997 12513 11413 10000 8811 7775 7541 4124 3651 3638 5724 2620 2436 3450 2274 2225 2295
is_linear=0
shrinkage=0.0187118


Tree=33
num_leaves=19
num_cat=0
split_feature=25 20 20 20 20 42 24 27 19 17 1 44 16 0 19 50 20 15
split_gain=0.00206879 0.000845317 0.000351285 0.00032182 0.000264117 0.00021492 0.000204911 0.000191018 0.000186904 0.000108466 0.000102502 0.000102091 7.2702e-05 6.66816e-05 5.19038e-05 2.76097e-05 2.16449e-05 2.01589e-05
threshold=-0.50301931929395438 2.1036721898790867 0.18526500638569607 0.56155740810913235 14.455555555555557 0.0030690545114315797 499.99999999993611 -31.579136940931019 0.0014741874814081515 -0.32160593604634152 114.95742753623189 -0.0016597521804047053 0.5413533834586467 18.500000000000004 0.076749478042883026 75.000000000002402 1.5966726003012461 0.13818584903380124
decision_type=2 2 2 2 2 2 10 10 2 10 2 2 2 2 2 2 2 10
left_child=3 2 -2 5 8 13 9 -5 11 -4 16 -3 17 -1 -8 -15 -9 -11
right_child=1 4 6 7 -6 -7 14 10 -10 12 -12 -13 -14 15 -16 -17 -18 -19
leaf_value=-1.1866027185354046e-05 -8.5944773487831218e-06 9.9941713104092459e-06 -4.035195174857274e-06 3.6433685619223769e-06 1.8767715289533647e-05 -1.8058545741796974e-05 4.2371242606826696e-06 -4.6844302909677292e-06 1.4542197393113803e-05 1.5346423790321599e-06 -8.9014650319724939e-06 2.6927374468389533e-06 5.8394394588718215e-06 -8.3540911402468151e-06 9.6771157497134613e-06 -4.1577431232794631e-06 -1.009685765023102e-06 -1.7533043682042457e-06
leaf_weight=1160 1141 1145 1382 1024 1099 1016 1209 1098 1208 1899 1695 1618 1227 1133 1248 1065 1148 995
leaf_count=1160 1141 1145 1382 1024 1099 1016 1209 1098 1208 1899 1695 1618 1227 1133 1248 1065 1148 995
internal_value=2.03886e-08 4.52646e-06 1.11543e-06 -6.81712e-06 1.06495e-05 -1.05179e-05 2.50726e-06 -3.55686e-06 8.40271e-06 5.01199e-07 -5.42771e-06 5.71849e-06 2.0225e-06 -8.23638e-06 7.0003e-06 -6.32083e-06 -2.80616e-06 4.04197e-07
internal_weight=23510 14171 9101 9339 5070 4374 7960 4965 3971 5503 3941 2763 4121 3358 2457 2198 2246 2894
internal_count=23510 14171 9101 9339 5070 4374 7960 4965 3971 5503 3941 2763 4121 3358 2457 2198 2246 2894
is_linear=0
shrinkage=0.0187118


Tree=34
num_leaves=20
num_cat=0
split_feature=20 20 37 26 20 16 52 19 36 26 52 44 19 19 31 17 50 30 52
split_gain=0.00173525 0.00082825 0.000646239 0.000528456 0.00041883 0.000276769 0.00022868 0.000186167 0.000160042 0.000140456 0.000137534 0.000132533 0.000102948 7.56454e-05 4.36401e-05 3.14023e-05 2.96455e-05 2.91136e-05 1.89289e-05
threshold=1.0997237569060776 18.017241379310349 0.0027491421920582408 -0.0025740895059030351 0.076230831315577091 0.52819548872180466 0.2725487618351583 0.054206150645317315 0.0010106116779523557 -0.0011762176077657436 0.202809008490792 -0.0016012820512820711 0.039042834736115146 0.12858018487483494 125.50000000000001 -0.0958555191480647 55.555555555555287 17.500000000000004 0.141281537066485
decision_type=2 2 2 10 2 2 2 2 2 10 2 2 2 2 2 10 2 2 2
left_child=2 3 4 7 -1 9 12 8 11 10 14 -2 15 -7 16 -5 -6 -16 -13
right_child=1 -3 -4 6 5 13 -8 -9 -10 -11 -12 18 -14 -15 17 -17 -18 -19 -20
leaf_value=-1.4061462439691717e-05 5.4476205456822931e-06 2.1334795948274415e-05 -1.8153060482116576e-05 1.3547841270400535e-06 5.8786143830549588e-07 -1.0226241846966577e-06 1.5693550557924368e-05 7.0738363386453606e-06 -8.4374650347208438e-06 2.1572246015355036e-06 -1.0318696613171491e-05 -8.4467512144013865e-07 1.0906182708773036e-05 4.6624100051444913e-06 -7.610187230257986e-06 5.7477264437797331e-06 -3.9297331850158694e-06 -3.568714665588651e-06 -4.3506843867257366e-06
leaf_weight=1151 1082 1048 1134 1003 1000 1421 1156 994 1007 1018 1477 1091 1052 1936 1138 1319 1035 1382 1066
leaf_count=1151 1082 1048 1134 1003 1000 1421 1156 994 1007 1018 1477 1091 1052 1936 1138 1319 1035 1382 1066
internal_value=2.00071e-08 5.52633e-06 -4.6733e-06 3.8306e-06 -3.35074e-06 -2.16615e-06 8.51107e-06 -2.15683e-07 -1.92218e-06 -4.27183e-06 -5.35685e-06 1.03412e-07 6.05021e-06 2.25596e-06 -3.74792e-06 3.85017e-06 -1.70978e-06 -5.39379e-06 -2.57736e-06
internal_weight=23510 10818 12692 9770 11558 10407 4530 5240 4246 7050 6032 3239 3374 3357 4555 2322 2035 2520 2157
internal_count=23510 10818 12692 9770 11558 10407 4530 5240 4246 7050 6032 3239 3374 3357 4555 2322 2035 2520 2157
is_linear=0
shrinkage=0.0187118


Tree=35
num_leaves=19
num_cat=0
split_feature=25 20 52 20 52 24 20 27 19 46 13 36 1 0 9 20 19 19
split_gain=0.00188304 0.000776518 0.000585412 0.000343721 0.000323101 0.000232226 0.000190432 0.000161584 0.000121239 0.000108858 9.35816e-05 6.95093e-05 6.12643e-05 5.52939e-05 4.68737e-05 3.96752e-05 2.08221e-05 1.54548e-05
threshold=-0.50336020902389966 2.3864055299539175 0.30898654311297541 0.19160277575689744 0.26523055165051096 499.99999999993611 0.1038018018018018 -37.09639258520955 -0.95523301517187054 -0.49999999999999106 -0.049448672393989666 0.0015048917474408399 47.736172751610802 34.500000000000007 -0.42080152671755716 0.69054196264141032 0.0059906400030449456 -0.1320711995638035
decision_type=2 2 2 2 2 10 2 10 2 2 10 2 2 2 8 2 2 2
left_child=2 3 6 -2 8 9 -1 -8 -3 -5 14 15 -10 -7 16 -9 -11 -17
right_child=1 4 -4 5 -6 13 7 11 12 10 -12 -13 -14 -15 -16 17 -18 -19
leaf_value=-1.1945547659875276e-05 -8.2827750859006009e-06 2.3981375972447924e-06 -1.6575688461651708e-05 6.0845027768258841e-06 1.9477533973262654e-05 9.5273667269166652e-06 2.2115436841064703e-06 -5.863899452504863e-06 7.5820584518453151e-06 -2.701102264673578e-06 3.0527401595532477e-06 -8.9264451170343894e-06 1.3536322108524277e-05 4.0016874506443822e-06 -5.3805784217592966e-06 -3.6352018881656e-06 1.0652806861839e-06 -5.4381351230720761e-07
leaf_weight=1014 1178 1035 1695 994 1080 1486 1478 1639 1483 1003 1567 1124 1022 1106 1237 1099 1054 1168
leaf_count=1014 1178 1035 1695 994 1080 1486 1478 1639 1483 1003 1567 1124 1022 1106 1237 1099 1054 1168
internal_value=-5.12495e-08 4.21285e-06 -6.64147e-06 1.18607e-06 1.05186e-05 2.50657e-06 -4.4029e-06 -3.2277e-06 7.78542e-06 4.42265e-07 -7.11485e-07 -4.82595e-06 1.00113e-05 7.16957e-06 -2.50218e-06 -3.64598e-06 -7.71219e-07 -2.04246e-06
internal_weight=23462 14245 9217 9625 4620 8447 7522 6508 3540 5855 4861 5030 2505 2592 3294 3906 2057 2267
internal_count=23462 14245 9217 9625 4620 8447 7522 6508 3540 5855 4861 5030 2505 2592 3294 3906 2057 2267
is_linear=0
shrinkage=0.0187118


Tree=36
num_leaves=18
num_cat=0
split_feature=25 20 52 20 52 24 20 27 19 46 13 36 1 31 52 20 31
split_gain=0.00181323 0.00074773 0.000563708 0.000330978 0.000311123 0.000223616 0.000183372 0.000155594 0.000116744 0.000104822 9.01122e-05 6.69323e-05 5.8993e-05 5.73983e-05 4.65181e-05 3.82043e-05 2.1587e-05
threshold=-0.50336020902389966 2.3864055299539175 0.30898654311297541 0.19160277575689744 0.26523055165051096 499.99999999993611 0.1038018018018018 -37.09639258520955 -0.95523301517187054 -0.49999999999999106 -0.049448672393989666 0.0015048917474408399 47.736172751610802 125.50000000000001 0.1656146246446942 0.69054196264141032 138.50000000000003
decision_type=2 2 2 2 2 10 2 10 2 2 10 2 2 2 2 2 2
left_child=2 3 6 -2 8 9 -1 -8 -3 -5 13 15 -10 -11 -7 -9 -17
right_child=1 4 -4 5 -6 14 7 11 12 10 -12 -13 -14 -15 -16 16 -18
leaf_value=-1.1722024822042309e-05 -8.1277893826105678e-06 2.3532640626419979e-06 -1.6265527222692557e-05 5.9706506976719161e-06 1.911307390348575e-05 4.557521315084054e-06 2.1701617038630962e-06 -5.7541752844342293e-06 7.4401844092902359e-06 4.5539782921073881e-07 2.9956178593790987e-06 -8.7594151602136195e-06 1.3283032960229038e-05 -4.5514075564822278e-06 9.5713436817918747e-06 6.0269480511647647e-08 -3.6191776054804748e-06
leaf_weight=1014 1178 1035 1695 994 1080 1311 1478 1639 1483 1379 1567 1124 1022 1915 1281 995 1272
leaf_count=1014 1178 1035 1695 994 1080 1311 1478 1639 1483 1379 1567 1124 1022 1915 1281 995 1272
internal_value=-5.02905e-08 4.13402e-06 -6.5172e-06 1.16387e-06 1.03218e-05 2.45967e-06 -4.32052e-06 -3.1673e-06 7.63974e-06 4.3399e-07 -6.98172e-07 -4.73565e-06 9.82397e-06 -2.45536e-06 7.03542e-06 -3.57776e-06 -2.00424e-06
internal_weight=23462 14245 9217 9625 4620 8447 7522 6508 3540 5855 4861 5030 2505 3294 2592 3906 2267
internal_count=23462 14245 9217 9625 4620 8447 7522 6508 3540 5855 4861 5030 2505 3294 2592 3906 2267
is_linear=0
shrinkage=0.0187118


Tree=37
num_leaves=20
num_cat=0
split_feature=25 20 20 25 20 20 46 38 13 20 19 27 0 31 37 48 13 54 1
split_gain=0.00174601 0.000720084 0.00032035 0.000314619 0.000205128 0.000202904 0.000180021 0.000179235 0.000147937 0.000116455 0.000125898 0.000104364 8.17313e-05 6.28909e-05 5.74493e-05 5.51384e-05 5.26951e-05 3.02768e-05 1.80993e-05
threshold=-0.50336020902389966 2.4353400222965447 0.19160277575689744 -0.98410207284395224 3.1267668501711059 15.452083333333336 -0.74999999999999767 -0.0016012820512820711 -0.056832680669277318 0.1038018018018018 0.066133185009817921 140.26542868578906 24.500000000000004 125.50000000000001 0.0012492197253433093 67.371036891117072 -0.36880357610645026 -1.3281697431173893 81.109690766306144
decision_type=2 2 2 2 2 2 2 2 10 2 2 8 2 2 2 2 10 2 2
left_child=3 2 -2 4 9 7 16 -3 13 -1 14 -9 -10 -8 18 -12 -4 -15 -11
right_child=1 5 6 -5 -6 -7 8 11 12 10 15 -13 -14 17 -16 -17 -18 -19 -20
leaf_value=-1.1984504904266607e-05 -7.975703698495744e-06 1.434359264953887e-05 3.6576984059087772e-06 -1.5015666707395183e-05 2.7768590822503877e-06 1.7462291313899832e-05 1.2240090263922391e-06 8.5940547079408797e-06 7.4774439668991638e-06 -4.3660038518853043e-06 -4.4738172757434564e-06 7.6742073739309581e-07 7.198207495751924e-07 -6.1152596471152231e-06 -1.1050002643449554e-05 1.1749062215005876e-06 9.3210163244945035e-06 -1.624371187608665e-06 -7.6573967559636202e-06
leaf_weight=1027 1178 1092 1019 1277 1031 1037 1545 1383 1314 1313 1330 1049 1198 996 1074 1110 1321 1113 1055
leaf_count=1027 1178 1092 1019 1277 1031 1037 1545 1383 1314 1313 1330 1049 1198 996 1074 1110 1321 1113 1055
internal_value=-4.93495e-08 4.05666e-06 1.16945e-06 -6.39525e-06 -5.00882e-06 1.01868e-05 2.43597e-06 8.04592e-06 7.59013e-07 -6.17064e-06 -5.15553e-06 5.21818e-06 4.25466e-06 -1.64412e-06 -7.46044e-06 -1.90411e-06 6.85481e-06 -3.74525e-06 -5.8324e-06
internal_weight=23462 14245 9684 9217 7940 4561 8506 3524 6166 6909 5882 2432 2512 3654 3442 2440 2340 2109 2368
internal_count=23462 14245 9684 9217 7940 4561 8506 3524 6166 6909 5882 2432 2512 3654 3442 2440 2340 2109 2368
is_linear=0
shrinkage=0.0187118


Tree=38
num_leaves=19
num_cat=0
split_feature=25 20 27 25 19 20 20 19 20 20 51 20 49 44 55 19 0 20
split_gain=0.00168128 0.000693398 0.000307932 0.000302955 0.000261984 0.000197755 0.000197523 0.000168999 0.000114749 0.000112138 0.000132193 7.80754e-05 7.50513e-05 6.29743e-05 5.41142e-05 5.22712e-05 4.58794e-05 2.33604e-05
threshold=-0.50336020902389966 2.3864055299539175 -869.29289306857436 -0.98410207284395224 0.010449544553562619 15.452083333333336 3.1267668501711059 0.0014741874814081515 0.5938674812030077 0.1038018018018018 72.222222222222342 0.33398184176394302 44.331607280427093 -0.0016597521804047053 48132.000000000007 0.09277881368029918 20.500000000000004 0.5680236686390534
decision_type=2 2 10 2 2 2 2 2 2 2 2 2 2 2 2 2 2 2
left_child=3 2 11 6 12 7 9 13 -6 -1 14 -2 16 -3 17 -12 -4 -11
right_child=1 5 4 -5 8 -7 -8 -9 -10 10 15 -13 -14 -15 -16 -17 -18 -19
leaf_value=-1.1760253075729404e-05 -8.4546322487507215e-06 8.7015200070457159e-06 3.5369151234755246e-06 -1.4734696276598848e-05 2.8305848794569763e-06 1.7135540124670268e-05 2.7248990047061571e-06 1.4285423588800532e-05 9.8520781038987468e-06 -1.1177880508250977e-05 -4.3377518940643122e-06 -1.7646361363914063e-06 -4.1802756169189698e-06 2.7647585755530799e-06 -4.1098610816783235e-06 1.194784996965648e-06 -1.5932323814094016e-06 -7.3874232006528033e-06
leaf_weight=1027 1028 1088 1552 1277 1399 1037 1031 1023 1952 1011 1242 1505 1183 1472 1173 1153 1006 1303
leaf_count=1027 1028 1088 1552 1277 1399 1037 1031 1023 1952 1011 1242 1505 1183 1472 1173 1153 1006 1303
internal_value=-4.8426e-08 3.98076e-06 1.12055e-06 -6.27558e-06 3.12077e-06 9.93951e-06 -4.91509e-06 7.85682e-06 6.92069e-06 -6.05518e-06 -5.05907e-06 -4.47972e-06 -2.83017e-07 5.28788e-06 -7.38386e-06 -1.67428e-06 1.51935e-06 -9.0435e-06
internal_weight=23462 14245 9625 9217 7092 4620 7940 3583 3351 6909 5882 2533 3741 2560 3487 2395 2558 2314
internal_count=23462 14245 9625 9217 7092 4620 7940 3583 3351 6909 5882 2533 3741 2560 3487 2395 2558 2314
is_linear=0
shrinkage=0.0187118


Tree=39
num_leaves=17
num_cat=0
split_feature=25 20 52 20 52 24 20 27 16 27 13 36 0 17 20 31
split_gain=0.00161895 0.000667861 0.000525945 0.000301506 0.000281836 0.000208682 0.000164526 0.000146355 0.000104842 9.69513e-05 9.44075e-05 6.28006e-05 5.12977e-05 4.29153e-05 3.54137e-05 2.02234e-05
threshold=-0.50336020902389966 2.4353400222965447 0.30898654311297541 0.19160277575689744 0.20161792586349139 499.99999999993611 0.1038018018018018 -37.09639258520955 0.54605263157894746 18.50562052587437 -0.049448672393989666 0.0015048917474408399 34.500000000000007 -0.32160593604634152 0.69054196264141032 138.50000000000003
decision_type=2 2 2 2 2 10 2 10 2 10 10 2 2 10 2 2
left_child=2 3 6 -2 9 8 -1 -8 10 -3 13 14 -7 -5 -9 -16
right_child=1 4 -4 5 -6 12 7 11 -10 -11 -12 -13 -14 -15 15 -17
leaf_value=-1.1047183655930024e-05 -7.7463870163428285e-06 1.0931142870843964e-05 -1.5574300646235304e-05 -5.9134616097144682e-06 1.5941534673357891e-05 8.9963485740738206e-06 2.2325891982174562e-06 -5.4388888890435599e-06 4.6472128316318821e-06 3.7596219101919161e-06 2.8823433687944653e-06 -8.3626442238447758e-06 3.6975765998165973e-06 -1.2427881175814008e-06 1.6973543150225237e-07 -3.3916081708116075e-06
leaf_weight=1014 1178 1018 1695 1097 1666 1508 1478 1639 1512 1877 1427 1124 1111 1851 995 1272
leaf_count=1014 1178 1018 1695 1097 1666 1508 1478 1639 1512 1877 1427 1124 1111 1851 995 1272
internal_value=-4.75199e-08 3.90627e-06 -6.15815e-06 1.12572e-06 9.80998e-06 2.35442e-06 -4.03633e-06 -2.94398e-06 3.99562e-07 6.28142e-06 -1.06843e-06 -4.46505e-06 6.74857e-06 -2.98082e-06 -3.34347e-06 -1.82851e-06
internal_weight=23462 14245 9217 9684 4561 8506 7522 6508 5887 2895 4375 5030 2619 2948 3906 2267
internal_count=23462 14245 9217 9684 4561 8506 7522 6508 5887 2895 4375 5030 2619 2948 3906 2267
is_linear=0
shrinkage=0.0187118


Tree=40
num_leaves=19
num_cat=0
split_feature=25 20 52 52 27 0 20 27 27 20 51 27 52 20 17 16 20 13
split_gain=0.00155927 0.000640964 0.000512846 0.000348428 0.000231301 0.000186247 0.000159079 0.000157009 0.000127629 0.000113277 0.000100392 7.43807e-05 7.22502e-05 6.29531e-05 4.64742e-05 4.22693e-05 3.94635e-05 1.67767e-05
threshold=-0.50301931929395438 1.1949635730123538 0.30898654311297541 0.20039329487206228 -2061.2087855180366 34.500000000000007 2.9569842738205372 7.3610003287747787 24.274456302354412 0.1038018018018018 33.333333333333563 -35.623842844161594 0.11434964833572865 0.47558265582655829 -0.10548440654164593 0.46334586466165417 2.4921855921855927 -0.11156588660437809
decision_type=2 2 2 2 10 2 2 10 10 2 2 10 2 2 8 2 2 10
left_child=2 4 6 8 12 -5 9 13 16 -1 -11 -12 -2 -6 -10 -13 -3 -9
right_child=1 3 -4 5 7 -7 -8 17 14 10 11 15 -14 -15 -16 -17 -18 -19
leaf_value=-1.0774144873196295e-05 -1.6702088399818231e-06 5.6647257379487767e-06 -1.5298878767291294e-05 1.7555265600442363e-05 1.9407332450945845e-06 7.1746478433912283e-06 2.581544876619389e-06 -3.4239391791912146e-06 -7.0650404750429565e-08 -9.1442082969365712e-06 1.2802437515075794e-06 -6.3080819103629634e-06 -8.4653752224455296e-06 7.9260259630448075e-06 4.7462369450496133e-06 -2.0255807643789065e-06 1.0803812530548872e-05 -2.9070594770335284e-08
leaf_weight=1019 1028 1035 1696 1488 1111 1020 1123 1032 1512 1062 1182 1644 1173 1379 1308 1585 1058 1007
leaf_count=1019 1028 1035 1696 1488 1111 1020 1123 1032 1512 1062 1182 1644 1173 1379 1308 1585 1058 1007
internal_value=-4.66307e-08 3.86627e-06 -5.99351e-06 7.65868e-06 -3.15527e-07 1.33335e-05 -3.92104e-06 2.10275e-06 4.76179e-06 -5.04587e-06 -3.97934e-06 -2.73584e-06 -5.29162e-06 5.25548e-06 2.16356e-06 -4.20596e-06 8.26251e-06 -1.74732e-06
internal_weight=23462 14151 9311 7421 6730 2508 7615 4529 4913 6492 5473 4411 2201 2490 2820 3229 2093 2039
internal_count=23462 14151 9311 7421 6730 2508 7615 4529 4913 6492 5473 4411 2201 2490 2820 3229 2093 2039
is_linear=0
shrinkage=0.0187118


Tree=41
num_leaves=18
num_cat=0
split_feature=25 20 52 27 52 19 20 27 19 20 47 52 31 16 12 11 31
split_gain=0.00150146 0.000620208 0.000493833 0.000285502 0.000266863 0.000243184 0.000154309 0.000112524 0.000105902 0.000101404 9.36568e-05 7.76774e-05 7.6484e-05 4.18773e-05 3.739e-05 2.84935e-05 2.67029e-05
threshold=-0.50301931929395438 2.4353400222965447 0.30898654311297541 -869.29289306857436 0.26523055165051096 0.010449544553562619 0.72353976995991165 -9.2664955275869492 -0.95523301517187054 0.5938674812030077 40.00000000001517 0.18105773102688374 124.50000000000001 0.47086466165413537 -0.46660305343511443 -0.47041984732824421 144.50000000000003
decision_type=2 2 2 10 2 2 2 10 2 2 2 2 2 2 10 8 2
left_child=2 3 6 10 8 12 11 -8 -3 -7 -2 13 14 -1 -5 -10 -9
right_child=1 4 -4 5 -6 9 7 16 15 -11 -12 -13 -14 -15 -16 -17 -18
leaf_value=-6.4247800519426592e-06 -1.5939383009712101e-07 1.9382316371542411e-06 -1.5012609017489228e-05 -2.8473404975961179e-07 1.7687814292143817e-05 2.8267945256194811e-06 4.1212990574482186e-06 -8.6473952682995208e-07 7.202531579386178e-06 9.4573113991583033e-06 -7.412410688286238e-06 -1.0135074126643724e-05 -3.0803771028503427e-06 -1.7722153337608435e-06 4.8424484485917736e-06 1.1253589464095152e-05 -4.8305407678858854e-06
leaf_weight=1707 1098 1026 1696 997 1066 1377 1062 1021 1296 1953 1442 1279 1756 1123 995 1145 1423
leaf_count=1707 1098 1026 1696 997 1066 1377 1062 1021 1296 1953 1442 1279 1756 1123 995 1145 1423
internal_value=-4.57582e-08 3.79392e-06 -5.88137e-06 1.10461e-06 9.50004e-06 3.03586e-06 -3.84767e-06 -9.64044e-07 6.98254e-06 6.7155e-06 -4.27705e-06 -6.30812e-06 -2.33401e-07 -4.57855e-06 2.27628e-06 9.10276e-06 -3.1738e-06
internal_weight=23462 14151 9311 9618 4533 7078 7615 3506 3467 3330 2540 4109 3748 2830 1992 2441 2444
internal_count=23462 14151 9311 9618 4533 7078 7615 3506 3467 3330 2540 4109 3748 2830 1992 2441 2444
is_linear=0
shrinkage=0.0187118


Tree=42
num_leaves=17
num_cat=0
split_feature=25 20 52 52 17 20 20 0 50 18 20 19 0 19 19 1
split_gain=0.00144873 0.000656641 0.000495825 0.000311277 0.000292887 0.000144538 0.000140659 0.000121773 0.000100277 9.79542e-05 8.68309e-05 8.31673e-05 7.56412e-05 4.31686e-05 4.28805e-05 2.84706e-05
threshold=-0.49738630924863253 2.1036721898790867 0.31201143981053708 0.24123666125773477 -0.22122670489453203 0.47558265582655829 3.6880122950819678 5.5000000000000009 33.333333333334004 0.41607111461739726 0.13256584685156117 -0.95523301517187054 25.500000000000004 0.1498881560388661 0.018928543174792981 47.811516531101525
decision_type=2 2 2 2 10 2 2 2 2 8 2 2 2 2 2 2
left_child=2 4 6 11 7 -6 8 -2 -1 14 -10 -3 -12 -14 -7 -13
right_child=1 3 -4 -5 5 9 -8 -9 10 -11 12 15 13 -15 -16 -17
leaf_value=-9.099257585410889e-06 -6.8369238391244244e-06 1.9924475627323969e-06 -1.464919346284942e-05 1.7111292874571033e-05 -2.0091330025913679e-06 1.4849706072393509e-06 2.9778115326039527e-06 8.9818675788475658e-08 -8.0061940993184687e-06 1.0229572721906279e-05 -5.2908301020755964e-06 6.7284031354251503e-06 -2.1898033299983667e-06 2.5782987653650009e-06 6.0314539108512517e-06 1.0752493323789621e-05
leaf_weight=1346 1742 1020 1715 1329 1206 1555 1005 1814 1157 1069 1778 1574 1732 1079 1363 1011
leaf_count=1346 1742 1020 1715 1329 1206 1555 1005 1814 1157 1069 1778 1574 1732 1079 1363 1011
internal_value=-2.25317e-08 3.91215e-06 -5.50951e-06 9.37059e-06 8.33857e-07 3.66694e-06 -3.57366e-06 -3.30343e-06 -4.50206e-06 5.38385e-06 -3.42517e-06 6.51694e-06 -2.27018e-06 -3.5957e-07 3.60864e-06 8.30224e-06
internal_weight=23495 13683 9812 4934 8749 5193 8097 3556 7092 3987 5746 3605 4589 2811 2918 2585
internal_count=23495 13683 9812 4934 8749 5193 8097 3556 7092 3987 5746 3605 4589 2811 2918 2585
is_linear=0
shrinkage=0.0187118


Tree=43
num_leaves=18
num_cat=0
split_feature=25 17 52 52 15 54 51 31 1 0 31 19 29 18 47 52 53
split_gain=0.00139571 0.000548066 0.000474856 0.000284354 0.000208031 0.000128613 0.000100954 9.06339e-05 0.000105102 7.90908e-05 6.10429e-05 5.4759e-05 5.44142e-05 4.9508e-05 4.45504e-05 3.29125e-05 2.66861e-05
threshold=-0.50301931929395438 -0.13425221614347149 0.31201143981053708 0.28719961038599889 0.028687949702850067 -6.807222323580004 27.777777777778216 40.500000000000007 623.95402080162364 26.500000000000004 105.50000000000001 0.072977206469138536 12.500000000000002 -0.19252810732153128 47.619047619067651 0.17132937993605032 41.781269856006425
decision_type=2 8 2 2 8 2 2 2 2 2 2 2 2 10 2 2 2
left_child=2 4 6 7 -2 -6 -1 -3 10 14 -9 16 -11 -12 -8 -14 -7
right_child=1 3 -4 -5 5 11 9 8 -10 12 13 -13 15 -15 -16 -17 -18
leaf_value=-8.7098963653888547e-06 -7.5009503552791459e-06 2.0948938819637515e-07 -1.4791514090344889e-05 1.4383303042705587e-05 -3.6926666293328778e-06 -6.705120233896582e-07 -3.1682609970222411e-06 1.1942422231976813e-05 1.6318429202689311e-06 1.9725241031316946e-06 9.0742974855651054e-06 5.2163803557345941e-06 -8.9044091917450369e-07 3.849253777937613e-06 -8.0671519074377015e-06 -5.32663742279922e-06 3.2174465244816171e-06
leaf_weight=1191 1117 1000 1645 1540 1373 1411 1530 1002 1204 1351 1283 1943 1423 1257 1130 995 1100
leaf_count=1191 1117 1000 1645 1540 1373 1411 1530 1002 1204 1351 1283 1943 1423 1257 1130 995 1100
internal_value=-2.21101e-08 3.65788e-06 -5.67416e-06 7.24289e-06 -1.03696e-07 1.31431e-06 -3.70591e-06 5.32916e-06 6.4079e-06 -2.7789e-06 8.03138e-06 2.85777e-06 -1.03535e-06 6.48852e-06 -5.24937e-06 -2.71592e-06 1.03269e-06
internal_weight=23495 14230 9265 7286 6944 5827 7620 5746 4746 6429 3542 4454 3769 2540 2660 2418 2511
internal_count=23495 14230 9265 7286 6944 5827 7620 5746 4746 6429 3542 4454 3769 2540 2660 2418 2511
is_linear=0
shrinkage=0.0187118


Tree=44
num_leaves=18
num_cat=0
split_feature=25 20 52 52 27 27 20 51 47 31 27 0 52 20 27 20 39
split_gain=0.00134544 0.00062657 0.000460149 0.00029237 0.000260453 0.000227468 0.000135539 0.000144614 0.000102711 0.000101537 9.34486e-05 9.21088e-05 0.000116733 8.54044e-05 6.93649e-05 5.06609e-05 2.82637e-05
threshold=-0.49738630924863253 2.1036721898790867 0.31201143981053708 0.24123666125773477 -1110.6953161687779 88.80875756345965 3.6880122950819678 29.629629629629743 40.00000000001517 122.50000000000001 24.274456302354412 58.500000000000007 0.1831068975238081 0.13256584685156117 -18.208165321651315 6.575187969924813 0.0010085731258747679
decision_type=2 2 2 2 10 10 2 2 2 2 10 2 2 2 10 2 2
left_child=2 4 6 10 8 11 7 -1 -2 -7 -3 12 -6 -9 -15 -12 -16
right_child=1 3 -4 -5 5 9 -8 13 -10 -11 15 -13 -14 14 16 -17 -18
leaf_value=-1.0612411610125716e-05 3.1771879995905671e-08 1.0030504931286943e-05 -1.4114195211091592e-05 1.6604053256092741e-05 4.2358488150705332e-06 1.934101587544218e-06 2.9865612622306613e-06 -7.7265092501244951e-06 -7.7433170715419705e-06 -5.7723467008104261e-06 1.1248663779956645e-06 1.6512756471175104e-06 1.2361175546499723e-05 8.7504874882203235e-07 -2.3841906091311606e-06 6.8537925300621766e-06 -6.0724347301225979e-06
leaf_weight=1094 1035 1440 1715 1329 1469 1245 1005 1180 1399 1153 1124 1378 1070 1741 1897 1041 1180
leaf_count=1094 1035 1440 1715 1329 1469 1245 1005 1180 1399 1153 1124 1378 1070 1741 1897 1041 1180
internal_value=-2.16964e-08 3.77013e-06 -5.30946e-06 9.10212e-06 7.63151e-07 2.76751e-06 -3.44456e-06 -4.35591e-06 -4.43715e-06 -1.77129e-06 6.3365e-06 5.54618e-06 7.66007e-06 -3.21476e-06 -2.10976e-06 3.87952e-06 -3.7986e-06
internal_weight=23495 13683 9812 4934 8749 6315 8097 7092 2434 2398 3605 3917 2539 5998 4818 2165 3077
internal_count=23495 13683 9812 4934 8749 6315 8097 7092 2434 2398 3605 3917 2539 5998 4818 2165 3077
is_linear=0
shrinkage=0.0187118


Tree=45
num_leaves=19
num_cat=0
split_feature=25 20 52 20 52 36 20 27 47 27 13 19 52 9 19 20 19 31
split_gain=0.0012956 0.000589275 0.000440744 0.000265596 0.00024397 0.000164177 0.000123938 9.76457e-05 9.36377e-05 8.90618e-05 7.16708e-05 6.72779e-05 6.33797e-05 5.72936e-05 5.58913e-05 4.94819e-05 3.48934e-05 2.92177e-05
threshold=-0.50301931929395438 2.1036721898790867 0.31201143981053708 0.19160277575689744 0.24123666125773477 -0.0012158059204205316 0.72353976995991165 -11.214402531352977 -28.455284552853666 24.274456302354412 -0.030466653680555088 0.019665043742746139 0.17757860722913418 -0.39599236641221369 0.027249287750612087 6.575187969924813 0.076749478042883026 144.50000000000003
decision_type=2 2 2 2 2 2 2 10 2 10 10 2 2 8 2 2 2 2
left_child=2 3 6 -2 9 10 12 -8 11 -3 -5 -7 16 14 -10 -11 -1 -9
right_child=1 4 -4 5 -6 8 7 17 13 15 -12 -13 -14 -15 -16 -17 -18 -19
leaf_value=-6.4093818936823268e-06 -7.701772599978976e-06 9.6328683828161827e-06 -1.4250635767308613e-05 1.0045567427805669e-05 1.532521748827241e-05 1.2328444346625537e-07 3.9511816612634313e-06 -6.0161842630038977e-07 -3.2623608831481778e-06 1.0409661985124489e-06 2.971728309150588e-06 6.0238174929415129e-06 -8.9389549031006528e-06 -5.3562832648841026e-06 2.7487080504923415e-06 6.6356656526456316e-06 -2.1486308480026624e-06 -4.7214051371395348e-06
leaf_weight=1228 1157 1506 1645 1007 1383 1439 1006 1050 1019 1149 999 1277 1432 1070 1156 1068 1489 1415
leaf_count=1228 1157 1506 1645 1007 1383 1439 1006 1050 1019 1149 999 1277 1432 1070 1156 1068 1489 1415
internal_value=-2.12904e-08 3.52427e-06 -5.46687e-06 6.7574e-07 8.61434e-06 1.89236e-06 -3.57063e-06 -9.61567e-07 3.34132e-07 6.12143e-06 6.52275e-06 2.89758e-06 -5.75334e-06 -1.81142e-06 -6.75111e-08 3.73611e-06 -4.07436e-06 -2.96653e-06
internal_weight=23495 14230 9265 9124 5106 7967 7620 3471 5961 3723 2006 2716 4149 3245 2175 2217 2717 2465
internal_count=23495 14230 9265 9124 5106 7967 7620 3471 5961 3723 2006 2716 4149 3245 2175 2217 2717 2465
is_linear=0
shrinkage=0.0187118


Tree=46
num_leaves=17
num_cat=0
split_feature=25 20 52 52 17 20 27 20 0 50 27 23 20 27 20 16
split_gain=0.00124908 0.000581963 0.000427 0.000271955 0.000258783 0.000154387 0.000131212 0.00012801 0.000126222 9.11366e-05 8.67215e-05 8.04232e-05 7.88715e-05 7.04164e-05 4.69828e-05 3.63344e-05
threshold=-0.49738630924863253 2.1036721898790867 0.31201143981053708 0.24123666125773477 -0.30510736959129331 0.47558265582655829 88.80875756345965 3.6880122950819678 5.5000000000000009 33.333333333334004 24.274456302354412 0.049999999999998941 0.13256584685156117 -18.839118343178335 6.575187969924813 0.46334586466165417
decision_type=2 2 2 2 10 2 10 2 2 2 10 10 2 10 2 2
left_child=2 4 7 10 8 -6 11 9 -2 -1 -3 -7 -11 -14 -12 -15
right_child=1 3 -4 -5 5 6 -8 -9 -10 12 14 -13 13 15 -16 -17
leaf_value=-8.5876637485064657e-06 -9.0608691786449154e-06 9.6625675009624521e-06 -1.3597456265340622e-05 1.6006598635968628e-05 -2.1936638283729456e-06 3.9176330285846073e-06 -2.6549890415750724e-07 2.9306448482800858e-06 -1.9652516403478564e-07 -7.5443768406061274e-06 1.0843397170465871e-06 9.8247036837857281e-06 9.8831582976639484e-07 -5.8987565984198205e-06 6.6013802752109363e-06 -1.7240018797017025e-06
leaf_weight=1346 1152 1440 1715 1329 1712 1896 1485 1005 1099 1157 1124 1405 1669 1473 1041 1447
leaf_count=1346 1152 1440 1715 1329 1712 1896 1485 1005 1099 1157 1124 1405 1669 1473 1041 1447
internal_value=-2.0892e-08 3.63263e-06 -5.1158e-06 8.77132e-06 7.34668e-07 2.62877e-06 4.3538e-06 -3.31932e-06 -4.73305e-06 -4.205e-06 6.104e-06 6.43185e-06 -3.17836e-06 -2.07758e-06 3.73711e-06 -3.82997e-06
internal_weight=23495 13683 9812 4934 8749 6498 4786 8097 2251 7092 3605 3301 5746 4589 2165 2920
internal_count=23495 13683 9812 4934 8749 6498 4786 8097 2251 7092 3605 3301 5746 4589 2165 2920
is_linear=0
shrinkage=0.0187118


Tree=47
num_leaves=18
num_cat=0
split_feature=20 20 24 37 20 26 52 28 52 52 31 1 1 36 16 16 54
split_gain=0.00118003 0.0007583 0.000451013 0.000386366 0.000296397 0.000193373 0.000154482 0.000146053 0.00011263 0.000104395 6.12414e-05 8.97299e-05 6.01874e-05 5.22391e-05 4.99624e-05 4.39021e-05 2.39996e-05
threshold=0.73716117216117227 18.017241379310349 499.99999999998948 0.0027491421920582408 0.076230831315577091 -0.0025740895059030351 0.202809008490792 -0.4999125181208447 0.26148092408849305 0.20672081706403328 122.50000000000001 61.264654930972277 256.82563930359026 0.0012026462556696817 0.51597744360902265 0.45018796992481208 2.8883310689565174
decision_type=2 2 10 2 2 10 2 2 2 2 2 2 2 2 2 2 2
left_child=3 2 5 4 -1 8 -4 -6 10 13 11 -2 -12 15 -7 -9 -17
right_child=1 -3 6 -5 7 14 -8 9 -10 -11 12 -13 -14 -15 -16 16 -18
leaf_value=-1.2726895104048717e-05 -1.5211672262546222e-06 1.8734859017374106e-05 5.3943083019252561e-06 -1.5861127328878252e-05 4.2961974757967936e-06 1.463202121683325e-06 1.420873667248037e-05 -4.407707240764023e-06 -7.0244065541840551e-06 -7.5419068039858455e-06 3.5366943923155021e-07 5.9894086421735253e-06 -4.8934833357692322e-06 -5.6235715315476178e-06 6.2528439879916529e-06 -1.3055175879530107e-06 2.1059215248601939e-06
leaf_weight=1110 1224 1063 1930 1016 997 1375 1089 1036 1102 1606 1591 1022 1475 1138 1712 1806 1203
leaf_count=1110 1224 1063 1930 1016 997 1375 1089 1036 1102 1606 1591 1022 1475 1138 1712 1806 1203
internal_value=-2.05011e-08 3.56176e-06 2.2735e-06 -4.92949e-06 -3.681e-06 2.71544e-07 8.57381e-06 -2.39139e-06 -1.58042e-06 -3.3735e-06 -4.51041e-07 1.89638e-06 -2.17064e-06 -2.08187e-06 4.11946e-06 -1.08547e-06 5.83769e-08
internal_weight=23495 13583 12520 9912 8896 9501 3019 7786 6414 6789 5312 2246 3066 5183 3087 4045 3009
internal_count=23495 13583 12520 9912 8896 9501 3019 7786 6414 6789 5312 2246 3066 5183 3087 4045 3009
is_linear=0
shrinkage=0.0187118


Tree=48
num_leaves=19
num_cat=0
split_feature=25 20 20 38 27 20 27 19 51 31 47 0 47 20 19 36 36 53
split_gain=0.00116518 0.000543715 0.000255372 0.000282894 0.00023561 0.000216824 0.000205705 0.000152774 0.000106746 9.66042e-05 9.25309e-05 8.734e-05 7.84741e-05 6.6109e-05 9.755e-05 5.70168e-05 4.50451e-05 1.49413e-05
threshold=-0.49738630924863253 2.1036721898790867 4.0177115987460832 0.0030864491545606891 -1110.6953161687779 15.452083333333336 88.80875756345965 0.0014741874814081515 88.888888888889596 122.50000000000001 40.00000000001517 58.500000000000007 -47.619047619031718 0.21860135837702707 0.12388396056481811 -0.0012070010431052822 0.0012618301552728142 40.092650739888136
decision_type=2 2 2 2 10 2 10 2 2 2 2 2 2 2 2 2 2 2
left_child=2 4 3 8 10 7 11 12 13 -8 -2 15 -3 -1 16 -6 17 -15
right_child=1 5 -4 -5 6 -7 9 -9 -10 -11 -12 -13 -14 14 -16 -17 -18 -19
leaf_value=-9.5129834540559234e-06 3.0665824121691717e-09 6.5393814392995555e-06 3.8593318149071054e-06 -1.4313632606515606e-05 1.0730953317762998e-05 1.6102885135957174e-05 1.9118634682174637e-06 1.2071443673358799e-05 -4.8140818169929916e-07 -5.6050427442307103e-06 -7.3766623375333607e-06 1.4634921965862807e-06 1.1317325961086403e-08 -3.312666828302979e-06 -3.6113133888880839e-07 5.0131292184831504e-06 -9.7371044260553088e-06 -6.3717537159991597e-06
leaf_weight=1315 1035 1668 1033 1226 1022 1032 1245 1183 1691 1153 1399 1378 1051 1020 1276 1517 1014 1237
leaf_count=1315 1035 1668 1033 1226 1022 1032 1245 1183 1691 1153 1399 1378 1051 1020 1276 1517 1014 1237
internal_value=-2.01174e-08 3.50857e-06 -4.94094e-06 -5.97644e-06 7.07455e-07 8.47553e-06 2.61382e-06 6.45825e-06 -4.62315e-06 -1.70239e-06 -4.23861e-06 5.25623e-06 4.01603e-06 -5.81791e-06 -4.74929e-06 7.31467e-06 -6.46108e-06 -4.98927e-06
internal_weight=23495 13683 9812 8779 8749 4934 6315 3902 7553 2398 2434 3917 2719 5862 4547 2539 3271 2257
internal_count=23495 13683 9812 8779 8749 4934 6315 3902 7553 2398 2434 3917 2719 5862 4547 2539 3271 2257
is_linear=0
shrinkage=0.0187118


Tree=49
num_leaves=19
num_cat=0
split_feature=49 20 20 52 52 20 24 52 23 0 20 20 17 16 51 16 52 13
split_gain=0.0010688 0.00040924 0.000381789 0.000313562 0.000286861 0.000193328 0.000165814 0.000103856 7.21106e-05 7.1333e-05 6.00148e-05 5.68852e-05 4.65632e-05 4.51045e-05 3.59845e-05 2.98007e-05 1.96252e-05 1.92771e-05
threshold=48.220477336137286 2.7312382739212011 0.69649014778325136 0.20851911280123658 0.25145972661420962 5.3976744186046526 499.99999999993611 0.24870785137133392 1.0000000180025095e-35 15.500000000000002 9.5879629629629655 0.76246546961325989 -0.28371390538603319 0.43796992481203012 33.333333333334075 0.49154135338345867 0.14691847117708065 -0.034982703842769525
decision_type=2 2 2 2 2 2 10 2 10 2 2 2 10 2 2 2 2 10
left_child=1 6 3 9 10 7 8 14 12 -2 -3 -8 -1 -11 -4 -14 -16 -10
right_child=2 4 5 -5 -6 -7 11 -9 17 13 -12 -13 15 -15 16 -17 -18 -19
leaf_value=-5.0282506764366989e-06 -7.6960323756605484e-06 3.5654183081093233e-06 -3.3175604143117797e-06 -1.3890035864339345e-05 1.75424509573572e-05 6.6290883695523911e-06 2.1539756300647488e-06 -7.6656476750993571e-06 4.3231195092614237e-06 -5.2624941205719072e-06 9.3248873145337441e-06 7.8129839098218781e-06 -2.683414390482851e-06 -2.2825002794106161e-07 2.2939600594679883e-06 1.4416424078673195e-06 -1.1384081610777536e-06 6.7933612244226413e-07
leaf_weight=1127 1581 1623 1326 1840 1006 1034 1065 998 1034 1186 1039 1495 1127 1313 1143 1345 1191 1000
leaf_count=1127 1581 1623 1326 1840 1006 1034 1065 998 1034 1186 1039 1495 1127 1313 1143 1345 1191 1000
internal_value=-1.15031e-07 3.83566e-06 -4.15044e-06 -7.47738e-06 9.03025e-06 -6.90227e-07 1.51005e-06 -2.315e-06 -2.845e-07 -4.5854e-06 5.81339e-06 5.45875e-06 -1.87609e-06 -2.61745e-06 -8.55993e-07 -4.38995e-07 5.42481e-07 2.53168e-06
internal_weight=23473 11861 11612 5920 3668 5692 8193 4658 5633 4080 2662 2560 3599 2499 3660 2472 2334 2034
internal_count=23473 11861 11612 5920 3668 5692 8193 4658 5633 4080 2662 2560 3599 2499 3660 2472 2334 2034
is_linear=0
shrinkage=0.0187118


Tree=50
num_leaves=19
num_cat=0
split_feature=20 20 37 24 20 19 36 17 15 46 38 19 54 31 52 20 19 30
split_gain=0.00101097 0.000520184 0.000411039 0.000350361 0.000331421 0.000210101 0.000198139 0.000168228 0.00010393 8.25765e-05 8.18695e-05 6.82661e-05 5.5241e-05 4.13731e-05 4.00715e-05 3.71813e-05 3.56129e-05 1.699e-05
threshold=1.1949635730123538 18.017241379310349 0.0027491421920582408 2000.999999999993 0.076230831315577091 0.056170471165426512 -0.0010045205949426037 -0.25454748251952836 0.024180090177190649 0.50000000000002676 -0.0016625115394608423 0.018226436240633252 0.77047525711088738 116.50000000000001 0.14691847117708065 0.53972763347763364 -0.47924820161863119 17.500000000000004
decision_type=2 2 2 10 2 2 2 10 10 2 2 2 2 2 2 2 2 2
left_child=2 3 4 5 -1 7 -6 14 -8 11 -9 13 15 -10 -2 -13 -12 -18
right_child=1 -3 -4 -5 6 -7 8 10 9 -11 16 12 -14 -15 -16 -17 17 -19
leaf_value=-1.2161482349426467e-05 -1.6503401546448175e-06 1.6932468957067694e-05 -1.4157521784643785e-05 1.1848882261265395e-05 4.1106909040014699e-06 7.5005880303200698e-06 -7.3209935146556144e-06 6.719878248161434e-06 -1.1097464402271131e-06 -5.5747649073395834e-06 -2.2180900490697669e-06 -3.9672865115073727e-06 3.0746761055463697e-06 -6.1472120110335584e-06 -6.7329178313170533e-06 1.1264301683098996e-06 3.7010820715672435e-06 2.8244291244226222e-07
leaf_weight=1127 1030 1029 1160 1313 1832 1582 1401 1013 1290 1597 1046 1002 1836 1024 1149 1005 1041 996
leaf_count=1127 1030 1029 1160 1313 1832 1582 1401 1013 1290 1597 1046 1002 1836 1024 1149 1005 1041 996
internal_value=-1.12879e-07 4.31732e-06 -3.51679e-06 2.90172e-06 -2.49787e-06 1.40654e-06 -1.50662e-06 -1.29835e-07 -2.63069e-06 -1.78324e-06 2.1048e-06 -7.998e-07 7.29104e-07 -3.33895e-06 -4.33042e-06 -1.41662e-06 5.88394e-07 2.02952e-06
internal_weight=23473 10199 13274 9170 12114 7857 10987 6275 9155 7754 4096 6157 3843 2314 2179 2007 3083 2037
internal_count=23473 10199 13274 9170 12114 7857 10987 6275 9155 7754 4096 6157 3843 2314 2179 2007 3083 2037
is_linear=0
shrinkage=0.0187118


Tree=51
num_leaves=17
num_cat=0
split_feature=25 20 52 52 17 0 20 20 27 51 20 27 0 47 31 20
split_gain=0.00103146 0.000473292 0.000382399 0.00025124 0.000175383 0.000139417 0.00011514 9.38787e-05 9.74378e-05 9.38181e-05 7.95098e-05 6.91831e-05 5.76177e-05 5.27398e-05 3.67079e-05 5.17231e-05
threshold=-0.50301931929395438 1.1949635730123538 0.30898654311297541 0.26523055165051096 -0.28371390538603319 5.5000000000000009 2.9569842738205372 11.846052631578949 6.8901637478000595 33.333333333333563 0.47558265582655829 4.8259497749587386 11.500000000000002 -46.153846153838266 206.50000000000003 0.41103500761035011
decision_type=2 2 2 2 10 2 2 2 8 2 2 10 2 2 2 2
left_child=2 4 6 7 5 -2 9 8 -3 -1 -6 -12 -11 -10 15 -14
right_child=1 3 -4 -5 10 -7 -8 -9 13 12 11 -13 14 -15 -16 -17
leaf_value=-8.9651557607133701e-06 -9.6440348386238337e-06 6.8431983440861143e-06 -1.3020770996506963e-05 1.2647519093342735e-05 -1.6440805709475831e-06 -3.8287607328618543e-07 2.3994358177033767e-06 9.6387836060698548e-06 3.4988649714526724e-06 -6.9233177080880564e-06 5.9387788322404041e-06 -2.016066413088276e-08 -5.7294722333218754e-06 -1.5333014573847849e-06 8.080518991015468e-07 -9.181537090127766e-07
leaf_weight=1151 1073 1750 1684 1700 1636 1212 1111 1007 1648 1087 1692 1143 1450 1308 1122 1699
leaf_count=1151 1073 1750 1684 1700 1636 1212 1111 1007 1648 1087 1692 1143 1450 1308 1122 1699
internal_value=-1.10767e-07 3.06774e-06 -4.95129e-06 6.33255e-06 -5.14572e-07 -4.73177e-06 -3.16795e-06 4.45343e-06 3.34385e-06 -4.11823e-06 1.64072e-06 3.53628e-06 -3.07702e-06 1.27218e-06 -2.09811e-06 -3.13359e-06
internal_weight=23473 14169 9304 7413 6756 2285 7620 5713 4706 6509 4471 2835 5358 2956 4271 3149
internal_count=23473 14169 9304 7413 6756 2285 7620 5713 4706 6509 4471 2835 5358 2956 4271 3149
is_linear=0
shrinkage=0.0187118


Tree=52
num_leaves=20
num_cat=0
split_feature=25 20 52 52 15 20 19 20 20 19 51 26 44 27 20 51 18 18 27
split_gain=0.000993219 0.000455745 0.000368222 0.000241926 0.000219216 0.000110871 9.57503e-05 0.000107277 9.22126e-05 9.47934e-05 9.034e-05 5.30466e-05 5.24488e-05 5.02506e-05 3.84919e-05 2.898e-05 2.42982e-05 1.85514e-05 1.68045e-05
threshold=-0.50301931929395438 1.1949635730123538 0.30898654311297541 0.26523055165051096 0.029880499728408488 2.9569842738205372 0.062914533438679157 11.162280701754389 0.2326157034308082 0.036748927727460419 33.333333333333563 -0.0063548776918102004 -0.0015255539005771255 -124.72509190063546 0.46652661064425777 86.666666666667837 -0.20074964662940634 -0.049001820339236966 149.36546436764553
decision_type=2 2 2 2 10 2 2 2 2 2 2 8 2 10 2 2 10 8 8
left_child=2 4 5 6 -2 10 7 12 -6 16 -1 15 -3 -11 -13 17 -10 -12 -14
right_child=1 3 -4 -5 8 -7 -8 -9 9 13 11 14 18 -15 -16 -17 -18 -19 -20
leaf_value=-8.7974014250761976e-06 -8.5211364190753196e-06 4.5469313953902849e-06 -1.2777128657479559e-05 1.2410860989307717e-05 -3.9261655552677948e-06 2.3545380027348753e-06 9.5974348083309551e-06 8.6857317905875292e-06 1.211436734274844e-06 1.4536684117163231e-06 -8.4808004758780256e-07 -7.5486087705563671e-06 1.7672035193286686e-06 6.7583833642981748e-06 -2.6762027403757608e-06 1.191620244244489e-06 -2.8415175415083547e-06 -4.3830339102628172e-06 -1.4832049757999332e-06
leaf_weight=1151 1015 1455 1684 1700 1112 1111 1010 1000 996 1093 1003 1172 1017 1461 1101 1003 1079 1079 1231
leaf_count=1151 1015 1455 1684 1700 1112 1111 1010 1000 996 1093 1003 1172 1017 1461 1101 1003 1079 1079 1231
internal_value=-1.08694e-07 3.01033e-06 -4.85864e-06 6.21406e-06 -5.04943e-07 -3.10868e-06 4.37009e-06 3.24749e-06 9.12307e-07 2.07463e-06 -4.04118e-06 -3.01945e-06 1.77888e-06 4.4882e-06 -5.1885e-06 -1.4213e-06 -8.96098e-07 -2.68008e-06 -1.27121e-08
internal_weight=23473 14169 9304 7413 6756 7620 5713 4703 5741 4629 6509 5358 3703 2554 2273 3085 2075 2082 2248
internal_count=23473 14169 9304 7413 6756 7620 5713 4703 5741 4629 6509 5358 3703 2554 2273 3085 2075 2082 2248
is_linear=0
shrinkage=0.0187118


Tree=53
num_leaves=18
num_cat=0
split_feature=25 17 52 15 52 54 30 1 0 19 7 9 50 31 39 0 19
split_gain=0.000956397 0.00037087 0.000354795 0.00022227 0.00020552 9.21327e-05 7.26235e-05 7.22298e-05 6.11232e-05 5.99744e-05 9.47009e-05 4.54506e-05 3.64691e-05 2.84363e-05 2.27605e-05 2.19947e-05 1.74178e-05
threshold=-0.50301931929395438 -0.13425221614347149 0.31407658132525668 0.026741425110144032 0.26523055165051096 -9.1624463756111307 18.500000000000004 32.663509160881958 10.500000000000002 0.029457060765711422 0.2293917069938933 -0.20896946564885494 47.222222222222022 123.50000000000001 -0.0013324456280514594 41.500000000000007 0.16575097684603082
decision_type=2 10 2 8 2 2 2 2 2 2 8 10 2 2 2 2 2
left_child=2 3 6 -2 7 -5 8 -3 -1 13 -11 14 -10 -7 -9 -14 -8
right_child=1 4 -4 5 -6 9 16 11 12 10 -12 -13 15 -15 -16 -17 -18
leaf_value=-7.9302973139495053e-06 -7.8678536044535509e-06 8.6679579227809926e-06 -1.2776702684540228e-05 -2.9968952859022834e-06 1.2215567563983778e-05 2.6255145914274295e-06 -1.8618883102861951e-06 6.6172472963759009e-06 -6.0431675072263077e-06 1.0811424984176706e-06 8.2752024146958372e-06 2.2038291298409611e-07 -3.905560789445903e-06 -1.3959457073277039e-06 3.2187832879991643e-06 -8.2109051306487643e-07 1.5858019061143984e-06
leaf_weight=1207 1059 1088 1603 1327 1509 1147 997 1117 1154 1329 1237 1222 1444 1329 1805 1842 1057
leaf_count=1207 1059 1088 1603 1327 1509 1147 997 1117 1154 1329 1237 1222 1444 1329 1805 1842 1057
internal_value=-1.0666e-07 2.95401e-06 -4.76773e-06 7.00831e-08 6.13184e-06 1.38996e-06 -3.10062e-06 4.37718e-06 -4.19652e-06 2.54453e-06 4.54921e-06 3.25065e-06 -3.18151e-06 4.66983e-07 4.51792e-06 -2.17653e-06 -8.76862e-08
internal_weight=23473 14169 9304 7428 6741 6369 7701 5232 5647 5042 2566 4144 4440 2476 2922 3286 2054
internal_count=23473 14169 9304 7428 6741 6369 7701 5232 5647 5042 2566 4144 4440 2476 2922 3286 2054
is_linear=0
shrinkage=0.0187118


Tree=54
num_leaves=19
num_cat=0
split_feature=49 52 36 24 15 15 26 4 4 26 52 19 10 52 38 31 50 52
split_gain=0.000913516 0.000321314 0.000277779 0.000156282 0.000155763 0.000126843 7.89796e-05 5.72616e-05 5.59854e-05 5.53715e-05 5.81762e-05 5.50761e-05 5.60816e-05 3.61538e-05 3.58466e-05 3.25843e-05 3.05453e-05 2.67271e-05
threshold=48.220477336137286 0.29462694579954096 -0.003055769545019515 499.99999999993611 0.057465002981990594 0.030562494274702187 0.0010187610537763887 -0.093603369325569549 -0.17029651195658316 0.0018329274579836129 0.14843814458689189 0.072977206469138536 -1.6118421052631575 0.13106971159185535 -0.001217285904377474 128.50000000000003 38.888888888889817 0.15450562792362768
decision_type=2 2 2 10 8 8 10 2 2 10 2 2 2 2 2 2 2 2
left_child=2 5 -1 6 -3 15 8 11 16 10 -5 13 -13 -7 -10 -2 -4 -18
right_child=1 4 3 9 -6 7 -8 -9 14 -11 -12 12 -14 -15 -16 -17 17 -19
leaf_value=1.2655579949079052e-05 -4.0966262292043332e-06 -1.5781385540659192e-05 8.1450762571365122e-07 4.0384531218210189e-06 -5.4816984273763722e-06 -1.2781540144625392e-06 5.4992471078225415e-06 1.7992137509326176e-06 4.9508106367061817e-06 2.1803708171157388e-06 9.8106955983379656e-06 3.3161584757183978e-06 -2.2994510140420706e-06 -5.8533769708835873e-06 5.4368062547125948e-07 -8.3472042359331174e-06 -7.2736280632125385e-07 -5.0292917346060819e-06
leaf_weight=1067 1451 1011 1314 1057 1046 997 1187 1793 1034 1006 1450 995 1664 1537 1723 1118 1025 998
leaf_count=1067 1451 1011 1314 1057 1046 997 1187 1793 1034 1006 1450 995 1664 1537 1723 1118 1025 998
internal_value=-1.04665e-07 -3.83542e-06 3.54777e-06 2.64745e-06 -1.05439e-05 -2.39122e-06 1.0835e-06 -1.08384e-06 2.23397e-07 5.88887e-06 7.37701e-06 -2.07927e-06 -1.98084e-07 -4.05326e-06 2.19656e-06 -5.94643e-06 -1.40681e-06 -2.84962e-06
internal_weight=23473 11612 11861 10794 2057 9555 7281 6986 6094 3513 2507 5193 2659 2534 2757 2569 3337 2023
internal_count=23473 11612 11861 10794 2057 9555 7281 6986 6094 3513 2507 5193 2659 2534 2757 2569 3337 2023
is_linear=0
shrinkage=0.0187118


Tree=55
num_leaves=19
num_cat=0
split_feature=25 20 52 27 52 27 20 20 52 51 52 20 20 27 31 0 0 16
split_gain=0.000894077 0.000426924 0.000331923 0.000216983 0.000205623 0.000177847 0.000105574 0.000104878 9.80435e-05 8.74637e-05 6.32895e-05 5.81433e-05 5.69468e-05 5.74411e-05 4.92598e-05 7.56369e-05 4.79792e-05 2.79887e-05
threshold=-0.50301931929395438 2.6568921232876721 0.31407658132525668 -869.29289306857436 0.26523055165051096 6.8901637478000595 2.9569842738205372 0.5938674812030077 0.13294718806652958 30.55555555555711 0.16649917098422476 0.13256584685156117 11.846052631578949 131.95912495434735 123.50000000000001 11.500000000000002 25.500000000000004 0.43796992481203012
decision_type=2 2 2 10 2 10 2 2 2 2 2 2 2 8 2 2 2 2
left_child=2 3 6 8 12 7 9 -5 -2 -1 -9 -11 13 -3 15 -7 -13 -18
right_child=1 4 -4 5 -6 14 -8 10 -10 11 -12 16 -14 -15 -16 -17 17 -19
leaf_value=-9.0062671315102407e-06 -1.0279953754685555e-06 6.6116460042160315e-06 -1.2355875837369998e-05 1.4201339373356211e-06 1.5006593407709586e-05 5.2844194975112772e-06 2.3111288864469058e-06 4.9431686278434976e-06 -8.5447809365777182e-06 -6.7325158984926278e-06 1.1553381351949499e-05 -4.317129718864454e-06 9.1558459701693737e-06 5.9859067075673321e-07 -2.4448317618147358e-06 -1.9148000496354932e-06 -2.4375425924906581e-06 1.4659497449393081e-06
leaf_weight=997 1541 1188 1603 1317 1045 1030 1121 1029 1003 1153 1000 1848 1007 1046 1949 1014 1213 1369
leaf_count=997 1541 1188 1603 1317 1045 1030 1121 1029 1003 1153 1000 1848 1007 1046 1949 1014 1213 1369
internal_value=-1.02706e-07 2.85656e-06 -4.60936e-06 7.17599e-07 7.78875e-06 2.34999e-06 -2.99688e-06 5.53205e-06 -3.99157e-06 -3.90118e-06 8.20104e-06 -2.98952e-06 5.46149e-06 3.79622e-06 -3.16462e-07 1.71299e-06 -2.01533e-06 -3.67874e-07
internal_weight=23473 14169 9304 9883 4286 7339 7701 3346 2544 6580 2029 5583 3241 2234 3993 2044 4430 2582
internal_count=23473 14169 9304 9883 4286 7339 7701 3346 2544 6580 2029 5583 3241 2234 3993 2044 4430 2582
is_linear=0
shrinkage=0.0187118


Tree=56
num_leaves=17
num_cat=0
split_feature=25 17 52 52 31 52 51 13 0 50 47 1 51 31 18 4
split_gain=0.000896988 0.000337845 0.00032671 0.000236258 0.000126804 0.000134632 0.000107609 9.11257e-05 7.00056e-05 4.71305e-05 4.45561e-05 4.32597e-05 4.6876e-05 4.04334e-05 4.03483e-05 3.15336e-05
threshold=-0.49874372113721172 -0.22122670489453203 0.30898654311297541 0.31757643066056684 30.500000000000004 0.20039329487206228 33.333333333333563 -0.2418772946795005 26.500000000000004 66.666666666665904 49.456457520978113 61.552546248755512 82.962962962963246 120.50000000000001 -0.21349784050109874 -0.17361071852563739
decision_type=2 8 2 2 2 2 2 10 2 2 2 2 2 2 10 2
left_child=2 7 6 4 -3 9 -1 -2 10 14 -8 12 -10 -9 -6 -16
right_child=1 3 -4 -5 5 -7 8 13 11 -11 -12 -13 -14 -15 15 -17
leaf_value=-7.0850645539432802e-06 -6.1573892848064298e-06 -2.5228817840896364e-06 -1.1644467591083914e-05 1.1649673369032581e-05 4.7233441546206211e-06 1.040133384591597e-05 -1.9174302384831512e-06 2.5845126946343261e-06 -3.6229186435337972e-06 6.8347156997179666e-06 -6.9214063957320507e-06 2.529853843820479e-06 1.5871463034806249e-06 -1.6844721415717481e-06 -1.2338689727076957e-06 2.843380809257085e-06
leaf_weight=1593 1035 994 1751 1581 1861 1173 1442 1418 1527 1149 1097 1411 1001 1718 1135 1601
leaf_count=1593 1035 994 1751 1581 1861 1173 1442 1418 1527 1149 1097 1411 1001 1718 1135 1601
internal_value=-4.39871e-09 3.09581e-06 -4.31761e-06 5.04595e-06 3.72653e-06 4.62434e-06 -2.72805e-06 -1.34308e-06 -1.65662e-06 3.44501e-06 -4.07945e-06 -9.49059e-08 -1.55991e-06 2.45827e-07 2.59777e-06 1.15198e-06
internal_weight=23487 13665 9822 9494 7913 6919 8071 4171 6478 5746 2539 3939 2528 3136 4597 2736
internal_count=23487 13665 9822 9494 7913 6919 8071 4171 6478 5746 2539 3939 2528 3136 4597 2736
is_linear=0
shrinkage=0.0187118


Tree=57
num_leaves=17
num_cat=0
split_feature=49 20 20 52 31 52 15 16 15 20 19 36 23 20 19 31
split_gain=0.000811078 0.000328002 0.000292825 0.000282619 0.000277789 0.0002337 0.000164778 0.000121942 7.59781e-05 4.32084e-05 3.57129e-05 3.54959e-05 3.46818e-05 3.07502e-05 2.81064e-05 1.75839e-05
threshold=48.963074175768817 13.455555555555557 5.5557275541795681 0.19902458633837386 31.500000000000004 0.25145972661420962 0.044276720771340962 0.51973684210526327 0.030562494274702187 0.66510533539574312 -0.034581481777960825 0.0013522656621439701 1.0000000180025095e-35 0.46652661064425777 -0.0052772606477393671 126.50000000000001
decision_type=2 2 2 2 2 2 8 2 10 2 2 2 10 2 2 2
left_child=1 4 3 8 -1 7 -5 12 -2 -9 -11 13 15 -10 -15 -6
right_child=2 -3 -4 6 5 -7 -8 9 11 10 -12 -13 -14 14 -16 -17
leaf_value=-6.1825889421538532e-06 -5.5283171547058667e-06 1.3398075888617982e-05 6.158565498308357e-06 -1.3583907528231821e-05 2.1644242657907048e-07 9.2858338519933064e-06 -5.2963915431603604e-06 1.3107960077243616e-06 -2.369569250247917e-06 3.0150083979959792e-06 7.2926221460733233e-06 -4.1563642973523853e-06 2.136934186138115e-06 -1.0378243508593169e-06 2.9342825248285182e-06 -2.9815674586685414e-06
leaf_weight=1165 1908 1051 996 1478 1019 1946 1946 1194 1628 1151 1682 1097 1260 1255 1240 1471
leaf_count=1165 1908 1051 996 1478 1019 1946 1946 1194 1628 1151 1682 1097 1260 1255 1240 1471
internal_value=-4.31641e-09 3.4155e-06 -3.53992e-06 -4.45536e-06 2.4519e-06 3.48648e-06 -8.87377e-06 2.03533e-06 -2.33294e-06 4.29639e-06 5.5547e-06 -1.16497e-06 -3.92744e-07 -3.69056e-07 9.36288e-07 -1.67282e-06
internal_weight=23487 11939 11548 10552 10888 9723 3424 7777 7128 4027 2833 5220 3750 4123 2495 2490
internal_count=23487 11939 11548 10552 10888 9723 3424 7777 7128 4027 2833 5220 3750 4123 2495 2490
is_linear=0
shrinkage=0.0187118


Tree=58
num_leaves=18
num_cat=0
split_feature=25 20 40 38 20 19 20 20 51 17 49 19 20 19 18 12 23
split_gain=0.000841274 0.000370449 0.000203173 0.000193919 0.000138626 0.000156565 0.000133487 0.000112693 0.000124578 8.45763e-05 8.07411e-05 6.80013e-05 5.73424e-05 8.84773e-05 5.28808e-05 4.31483e-05 2.36e-05
threshold=-0.49874372113721172 1.112399732620321 -0.0032336318626450806 0.0030864491545606891 11.846052631578949 0.062914533438679157 0.17849733254297573 3.3964740602671641 88.888888888889596 -0.15360507299376844 78.59863624841843 0.034013612733932781 0.24619250096637033 0.12388396056481811 -0.18261122358572796 -0.70324427480916019 1.0000000180025095e-35
decision_type=2 2 2 2 2 2 2 2 2 10 2 2 2 2 10 10 8
left_child=3 6 -3 7 5 9 -2 8 12 -4 11 -8 -1 15 -11 -14 -13
right_child=1 2 4 -5 -6 -7 10 -9 -10 14 -12 16 13 -15 -16 -17 -18
leaf_value=-8.464786932177286e-06 -6.6324719566203389e-06 1.3018913975612022e-05 -1.701794096990944e-06 -1.0822087488991619e-05 1.0732211863894316e-05 9.1456173632666804e-06 -7.2759972845506517e-07 2.4561743097998521e-06 5.7341931155370972e-07 6.3705661913857798e-06 -3.0323548378407157e-06 2.4357999310787748e-06 -8.7705568376838838e-06 1.7001489932093034e-07 9.0607669365120956e-07 -4.1767838735247181e-06 6.3752186830000285e-06
leaf_weight=1465 1015 1146 1685 1331 1037 1224 1550 1097 1643 1283 1395 1055 1122 1186 1200 1978 1075
leaf_count=1465 1015 1146 1685 1331 1037 1224 1550 1097 1643 1283 1395 1055 1122 1186 1200 1978 1075
internal_value=-4.23563e-09 2.99815e-06 5.76058e-06 -4.18134e-06 4.46675e-06 3.26177e-06 -4.37889e-07 -3.14038e-06 -3.9707e-06 1.53388e-06 8.01027e-07 2.25417e-06 -5.26891e-06 -4.17653e-06 3.72965e-06 -5.83943e-06 4.42401e-06
internal_weight=23487 13665 7575 9822 6429 5392 6090 8491 7394 4168 5075 3680 5751 4286 2483 3100 2130
internal_count=23487 13665 7575 9822 6429 5392 6090 8491 7394 4168 5075 3680 5751 4286 2483 3100 2130
is_linear=0
shrinkage=0.0187118


Tree=59
num_leaves=18
num_cat=0
split_feature=25 20 52 52 20 20 27 49 27 0 4 11 44 1 50 52 31
split_gain=0.000810085 0.000356715 0.000305174 0.00022333 0.000128538 9.45509e-05 0.000107763 7.77478e-05 7.43462e-05 6.1067e-05 5.54263e-05 5.25949e-05 5.23479e-05 4.43543e-05 3.35887e-05 3.29655e-05 1.99361e-05
threshold=-0.49874372113721172 1.112399732620321 0.30898654311297541 0.24123666125773477 0.17849733254297573 0.45796355925547794 -31.579136940931019 78.59863624841843 157.70941111689254 18.500000000000004 -0.41399315959070609 -0.66221374045801518 -0.0013956740920813557 256.82563930359026 77.777777777776336 0.16006200980754209 111.50000000000001
decision_type=2 2 2 2 2 2 10 2 10 2 2 10 2 2 2 2 2
left_child=2 4 5 8 -2 9 -7 10 11 -1 -6 -3 -10 15 -11 -8 -13
right_child=1 3 -4 -5 7 6 13 -9 12 14 -12 16 -14 -15 -16 -17 -18
leaf_value=-8.8803089738423893e-06 -6.5083663006447542e-06 2.208181589740961e-06 -1.1184358733531453e-05 1.1044471557850517e-05 4.4922372751577241e-06 4.5733071719621377e-06 1.1454286763793978e-06 -2.9756139885111665e-06 4.4223238150827709e-06 -5.8509280360213882e-06 -1.0070316891803237e-07 9.3045252321562476e-06 -9.9555851620283635e-07 -5.6712439792303849e-06 -1.2080413431852449e-06 -2.9132933460110393e-06 5.6082191270829419e-06
leaf_weight=1006 1015 1008 1751 1985 1853 994 1249 1395 1109 999 1827 1008 1429 1025 1202 1596 1036
leaf_count=1006 1015 1008 1751 1985 1853 994 1249 1395 1109 999 1827 1008 1429 1025 1202 1596 1036
internal_value=-4.15637e-09 2.94205e-06 -4.1031e-06 5.65279e-06 -4.29695e-07 -2.56683e-06 -9.22313e-07 7.86038e-07 3.73822e-06 -5.06103e-06 2.21199e-06 5.70607e-06 1.37183e-06 -2.33385e-06 -3.31538e-06 -1.13145e-06 7.43106e-06
internal_weight=23487 13665 9822 7575 6090 8071 4864 5075 5590 3207 3680 3052 2538 3870 2201 2845 2044
internal_count=23487 13665 9822 7575 6090 8071 4864 5075 5590 3207 3680 3052 2538 3870 2201 2845 2044
is_linear=0
shrinkage=0.0187118


Tree=60
num_leaves=19
num_cat=0
split_feature=20 49 52 31 36 15 24 20 19 48 20 26 20 31 52 15 16 31
split_gain=0.000756727 0.000610384 0.00026987 0.000264798 0.000216972 0.000193254 0.000114147 0.000109133 0.000128881 0.000113396 6.21287e-05 6.03416e-05 4.49672e-05 4.0921e-05 3.83937e-05 2.99089e-05 2.07301e-05 1.22601e-05
threshold=14.455555555555557 47.004214295311492 0.25145972661420962 31.500000000000004 -0.0016273403776383419 0.04653422844989457 499.99999999998948 0.092628342628342644 0.03578893547578766 71.503786543339615 0.71050125313283219 -0.0003294576637559692 1.8884742951907134 144.50000000000003 0.15933995774862775 0.062389499614389304 0.5178571428571429 125.50000000000001
decision_type=2 2 2 2 2 8 10 2 2 2 2 10 2 2 2 8 2 2
left_child=1 3 7 -1 -5 -4 11 -3 10 15 -9 12 16 -12 -8 -10 17 -6
right_child=-2 2 5 4 6 -7 14 8 9 -11 13 -13 -14 -15 -16 -17 -18 -19
leaf_value=-6.0916033725703422e-06 1.3798538480698017e-05 -8.0594179353458383e-06 -1.4994457550127742e-05 9.2120290823578675e-06 -1.0720429450505803e-06 -4.6311873034447694e-06 3.3574752801950367e-06 -6.9596353505467047e-06 -4.0097857434643254e-06 5.1966893880985834e-06 5.1014853133717392e-07 4.2632948969136424e-06 2.6986131101793014e-06 -3.9965315513021328e-06 8.2492522593684793e-06 5.6110346755252223e-07 6.6989761661013675e-07 -3.8565172494428234e-06
leaf_weight=1163 1313 1019 1130 1804 1025 1424 1246 1388 995 1425 1195 1226 1178 1722 1023 1010 997 1204
leaf_count=1163 1313 1019 1130 1804 1025 1424 1246 1388 995 1425 1195 1226 1178 1722 1023 1010 997 1204
internal_value=-4.0786e-09 -8.2138e-07 -3.86463e-06 2.34566e-06 3.35695e-06 -9.21635e-06 2.01975e-06 -2.30325e-06 -1.54494e-06 1.16101e-06 -3.7009e-06 5.91752e-07 -4.30344e-07 -2.15029e-06 5.56298e-06 -1.70724e-06 -1.57291e-06 -2.57608e-06
internal_weight=23487 22174 11308 10866 9703 2554 7899 8754 7735 3430 4305 5630 4404 2917 2269 2005 3226 2229
internal_count=23487 22174 11308 10866 9703 2554 7899 8754 7735 3430 4305 5630 4404 2917 2269 2005 3226 2229
is_linear=0
shrinkage=0.0187118


Tree=61
num_leaves=18
num_cat=0
split_feature=49 52 36 15 16 15 0 9 4 36 16 24 18 16 31 31 0
split_gain=0.000703164 0.000248956 0.00024078 0.00012198 0.000113125 0.000111587 8.2475e-05 8.2247e-05 7.125e-05 4.70111e-05 4.61931e-05 3.71139e-05 3.24863e-05 3.16911e-05 2.73597e-05 2.52454e-05 1.30782e-05
threshold=48.963074175768817 0.29462694579954096 -0.003055769545019515 0.030562494274702187 0.85996240601503771 0.060076233418422088 130.50000000000003 -0.51049618320610668 -0.17029651195658316 0.0010531861793577903 0.50093984962406024 499.99999999998948 0.053397938797991339 0.47650375939849626 124.50000000000001 124.50000000000001 14.500000000000002
decision_type=2 2 2 8 2 8 2 8 2 2 2 10 8 2 2 2 2
left_child=2 3 -1 7 8 -3 9 -2 11 13 16 14 -6 -5 -4 -15 -10
right_child=1 5 4 6 12 -7 -8 -9 10 -11 -12 -13 -14 15 -16 -17 -18
leaf_value=1.1504962459879551e-05 -2.6158535088486624e-06 -1.3605741604505434e-05 4.5018212344878865e-07 -2.4910386843453511e-06 3.8865042447117564e-06 -4.8466823296668075e-06 4.2367147172507619e-06 -9.3696123729198113e-06 2.8546854142743715e-06 -4.1220879445127982e-06 5.6292235962010796e-06 2.7585045258024516e-06 8.1762312949749544e-06 3.0750857786795858e-06 -2.8158467602219442e-06 -7.3873792381418791e-07 -1.4445189623157319e-07
leaf_weight=1104 1480 1020 1823 1655 1366 1017 1001 1101 1037 1772 1602 1108 1129 1040 1770 1462 1000
leaf_count=1104 1480 1020 1823 1655 1366 1017 1001 1101 1037 1772 1602 1108 1129 1040 1770 1462 1000
internal_value=-4.00227e-09 -3.29601e-06 3.1802e-06 -2.02454e-06 2.33197e-06 -9.23266e-06 -7.31314e-07 -5.49687e-06 1.2862e-06 -1.57007e-06 3.25196e-06 -2.35469e-07 5.82763e-06 -4.82226e-07 -1.15874e-06 8.46543e-07 1.38235e-06
internal_weight=23487 11548 11939 9511 10835 2037 6930 2581 8340 5929 3639 4701 2495 4157 3593 2502 2037
internal_count=23487 11548 11939 9511 10835 2037 6930 2581 8340 5929 3639 4701 2495 4157 3593 2502 2037
is_linear=0
shrinkage=0.0187118


Tree=62
num_leaves=18
num_cat=0
split_feature=20 49 31 52 52 15 20 19 48 16 20 20 31 19 23 15 31
split_gain=0.000721353 0.000565283 0.000255961 0.000251696 0.000207463 0.000181479 0.000104958 0.00012324 0.000108435 0.000103029 5.95312e-05 3.93583e-05 3.90384e-05 3.17804e-05 3.01308e-05 2.82872e-05 1.58927e-05
threshold=14.455555555555557 47.004214295311492 31.500000000000004 0.25145972661420962 0.25145972661420962 0.04653422844989457 0.092628342628342644 0.03578893547578766 71.503786543339615 0.51973684210526327 0.71050125313283219 0.66510533539574312 144.50000000000003 -0.034581481777960825 1.0000000180025095e-35 0.062389499614389304 126.50000000000001
decision_type=2 2 2 2 2 8 2 2 2 2 2 2 2 2 10 8 2
left_child=1 2 -1 6 9 -5 -3 10 15 14 -8 -11 -12 -13 16 -9 -4
right_child=-2 3 4 5 -6 -7 7 8 -10 11 12 13 -14 -15 -16 -17 -18
leaf_value=-6.0493944573988972e-06 1.3472221363324561e-05 -7.8676676893293604e-06 2.3929220219586865e-07 -1.4498239057274941e-05 8.6976129630079317e-06 -4.4556565243974065e-06 -6.7771383394255715e-06 -3.8770010483780925e-06 5.1134717059595905e-06 1.083743236119898e-06 5.291180613371851e-07 2.7586969741368401e-06 -3.8726719152568916e-06 6.7886389821999454e-06 1.9941686582388869e-06 5.6824664098846893e-07 -2.8094021727557728e-06
leaf_weight=1163 1313 1019 1011 1130 1949 1424 1388 995 1425 1186 1195 1158 1722 1678 1253 1010 1468
leaf_count=1163 1313 1019 1011 1130 1949 1424 1388 995 1425 1186 1195 1158 1722 1678 1253 1010 1468
internal_value=-3.92738e-09 -8.01897e-07 2.24589e-06 -3.73056e-06 3.24016e-06 -8.89893e-06 -2.22267e-06 -1.479e-06 1.16706e-06 1.86841e-06 -3.58725e-06 3.9461e-06 -2.0694e-06 5.14313e-06 -3.70734e-07 -1.63775e-06 -1.56607e-06
internal_weight=23487 22174 10866 11308 9703 2554 8754 7735 3430 7754 4305 4022 2917 2836 3732 2005 2479
internal_count=23487 22174 10866 11308 9703 2554 8754 7735 3430 7754 4305 4022 2917 2836 3732 2005 2479
is_linear=0
shrinkage=0.0187118


Tree=63
num_leaves=18
num_cat=0
split_feature=20 24 20 36 26 0 16 52 18 54 0 31 19 13 16 48 52
split_gain=0.000728292 0.000534624 0.000352519 0.000260769 0.000191484 0.000155559 0.000116606 0.000151093 0.000105519 5.48603e-05 4.91254e-05 4.31123e-05 3.67268e-05 3.47946e-05 2.96006e-05 1.95708e-05 1.57955e-05
threshold=14.455555555555557 499.99999999993611 0.064796071375018763 0.0016326541492073245 -0.00070697651280841737 18.500000000000004 0.47650375939849626 0.21911030697893061 0.41607111461739726 10.404478689749661 24.500000000000004 126.50000000000001 -0.023056630834009436 -0.28404482895275962 0.53101503759398505 30.221406696916251 0.13531170450081673
decision_type=2 10 2 2 10 2 2 2 8 2 2 2 2 8 2 2 2
left_child=1 2 -1 4 6 -5 7 11 10 13 -3 -4 -6 -8 15 -15 -13
right_child=-2 8 3 5 12 -7 9 -9 -10 -11 -12 16 -14 14 -16 -17 -18
leaf_value=-1.1951169809650478e-05 1.3647271815316677e-05 5.8275320417549793e-06 3.1378869503529844e-07 -1.2766710001227534e-05 1.4485450643614092e-06 -2.7127096833999935e-06 -3.4936723057115309e-06 -9.4014302642750655e-06 1.0123195525875258e-05 3.5095078888140269e-06 1.079272941465754e-06 -2.0719051369207727e-06 6.0284640193430102e-06 -3.0346996575642758e-06 2.4304669319821036e-06 1.9554263791105321e-07 -5.1658992532636853e-06
leaf_weight=1181 1319 1559 1821 1017 1027 1146 1198 1192 1165 1372 1494 1223 1521 1016 1329 1857 1095
leaf_count=1181 1319 1559 1821 1017 1027 1146 1198 1192 1165 1372 1494 1223 1521 1016 1329 1857 1095
internal_value=1.38358e-07 -6.63797e-07 -2.06924e-06 -1.37514e-06 -4.79773e-07 -7.4399e-06 -1.4613e-06 -3.53136e-06 5.33217e-06 1.68279e-07 3.50395e-06 -1.84083e-06 4.18248e-06 -6.8064e-07 1.21361e-07 -9.46791e-07 -3.53348e-06
internal_weight=23532 22213 17995 16814 14651 2163 12103 5331 4218 6772 3053 4139 2548 5400 4202 2873 2318
internal_count=23532 22213 17995 16814 14651 2163 12103 5331 4218 6772 3053 4139 2548 5400 4202 2873 2318
is_linear=0
shrinkage=0.0187118


Tree=64
num_leaves=21
num_cat=0
split_feature=25 20 52 52 20 9 17 20 51 20 5 52 12 20 16 51 12 13 50 48
split_gain=0.000724308 0.000321371 0.00025699 0.000196436 0.000175543 0.000111578 0.00011112 8.80359e-05 0.000112529 5.97516e-05 5.74864e-05 4.1143e-05 4.05418e-05 3.76649e-05 4.77841e-05 3.26687e-05 2.51391e-05 2.1201e-05 1.84155e-05 1.32186e-05
threshold=-0.49738630924863253 2.4921855921855927 0.31407658132525668 0.24559512179120904 0.17849733254297573 -0.7127862595419846 -0.31766917293233071 3.7860195360195363 27.777777777778216 0.46652661064425777 -0.13073589308364372 0.14196962819994779 -0.60209923664122134 0.47558265582655829 0.53571428571428592 83.333333333333087 -0.27958015267175568 -0.060946727835730158 66.666666666664852 40.490431252163951
decision_type=2 2 2 2 2 8 10 2 2 2 2 2 8 2 2 2 8 10 2 2
left_child=2 4 7 12 -2 11 -7 8 -1 10 -10 -6 -3 -8 17 18 -14 -15 -11 -16
right_child=1 3 -4 -5 5 6 13 -9 9 15 -12 -13 16 14 19 -17 -18 -19 -20 -21
leaf_value=-8.7999853637199399e-06 -6.4528801647902344e-06 7.6738641411553109e-06 -1.0380089095967836e-05 1.379792562725791e-05 2.742235021891138e-06 -5.157198513521721e-06 -1.534213284169324e-06 2.8153566585352303e-06 -4.9716146690426904e-07 2.4368332550262703e-07 -5.955082233944857e-06 7.9235042195722874e-06 1.1892277414505495e-06 -1.3239740498839618e-06 3.0304208836537437e-06 2.439597152908094e-06 5.2608911648721107e-06 2.4235382413824632e-06 -3.2061310187473517e-06 6.0759237061775711e-06
leaf_weight=1032 998 1100 1684 1139 1003 995 1025 1011 1042 996 1922 1154 1050 1077 999 1008 1074 1038 1188 997
leaf_count=1032 998 1100 1684 1139 1003 995 1025 1011 1042 996 1922 1154 1050 1077 999 1008 1074 1038 1188 997
internal_value=1.35769e-07 2.92923e-06 -3.72216e-06 7.11803e-06 9.61127e-07 1.85389e-06 5.66109e-07 -2.35468e-06 -3.08185e-06 -2.12326e-06 -4.03634e-06 5.51423e-06 4.75811e-06 1.67489e-06 2.47502e-06 -3.46822e-07 3.24806e-06 5.15229e-07 -1.63286e-06 4.55165e-06
internal_weight=23532 13649 9883 4363 9286 8288 6131 8199 7188 6156 2964 2157 3224 5136 4111 3192 2124 2115 2184 1996
internal_count=23532 13649 9883 4363 9286 8288 6131 8199 7188 6156 2964 2157 3224 5136 4111 3192 2124 2115 2184 1996
is_linear=0
shrinkage=0.0187118


Tree=65
num_leaves=18
num_cat=0
split_feature=20 24 20 37 26 18 36 54 9 9 20 17 19 0 52 51 55
split_gain=0.000691366 0.000506787 0.000338947 0.000245202 0.000200966 0.000110084 0.000105393 6.76119e-05 4.99872e-05 4.43244e-05 4.13226e-05 6.40566e-05 3.27337e-05 3.65577e-05 3.16543e-05 2.97894e-05 1.03009e-05
threshold=18.017241379310349 499.99999999993611 0.064796071375018763 0.0031771267065384694 -0.00070697651280841737 0.41607111461739726 0.0016246964417696577 19.588417509817074 -0.48759541984732818 -0.45706106870229002 0.5680236686390534 -0.39345140575173337 0.018928543174792981 6.5000000000000009 0.17368958711969598 37.03703703703659 21874.000000000004
decision_type=2 10 2 2 10 8 2 2 10 10 2 10 2 2 2 2 2
left_child=1 2 -1 4 6 8 7 10 -3 -6 14 -12 13 -13 16 -15 -4
right_child=-2 5 3 -5 9 -7 -8 -9 -10 -11 11 12 -14 15 -16 -17 -18
leaf_value=-1.162162142396929e-05 1.4937371842422785e-05 5.9101084084823425e-06 -2.9545761019230652e-06 -9.7166526998751927e-06 6.4532753578844938e-06 1.0048976297015426e-05 -6.2177260685663481e-06 3.4386983603805581e-06 1.152539112689593e-06 1.5921885492593493e-06 -4.6362835796063136e-06 1.4784214240096993e-06 2.2269250942168891e-06 -4.5572416968024051e-06 -5.4764695476989646e-06 -3.879183176405624e-07 -4.7670631484072563e-07
leaf_weight=1181 1055 1443 1258 1120 1339 1192 1528 1093 1666 1289 1156 1545 1869 1061 1254 1381 1102
leaf_count=1181 1055 1443 1258 1120 1339 1192 1528 1093 1666 1289 1156 1545 1869 1061 1254 1381 1102
internal_value=1.33228e-07 -5.61632e-07 -1.9284e-06 -1.25481e-06 -6.57815e-07 5.21432e-06 -1.59554e-06 -9.92866e-07 3.3607e-06 4.06898e-06 -1.4487e-06 -6.10982e-07 1.83629e-07 -7.74213e-07 -3.07407e-06 -2.19941e-06 -1.79754e-06
internal_weight=23532 22477 18176 16995 15875 4301 13247 11719 3109 2628 10626 7012 5856 3987 3614 2442 2360
internal_count=23532 22477 18176 16995 15875 4301 13247 11719 3109 2628 10626 7012 5856 3987 3614 2442 2360
is_linear=0
shrinkage=0.0187118


Tree=66
num_leaves=19
num_cat=0
split_feature=25 20 52 52 20 9 17 20 52 19 19 30 31 20 15 52 31 16
split_gain=0.000672575 0.000302027 0.000243293 0.000188054 0.000165054 0.000103834 0.000101496 8.29646e-05 8.28925e-05 7.99048e-05 6.77021e-05 5.15422e-05 5.3539e-05 4.742e-05 4.40409e-05 3.7836e-05 2.54026e-05 1.59527e-05
threshold=-0.49738630924863253 2.4921855921855927 0.31407658132525668 0.24559512179120904 0.18526500638569607 -0.7127862595419846 -0.31512024223984075 3.7860195360195363 0.19444148919142903 0.023633312036341895 -0.86858127919614947 18.500000000000004 121.50000000000001 0.61209259823332329 0.12416552257163051 0.14196962819994779 65.500000000000014 0.46710526315789475
decision_type=2 2 2 2 2 8 10 2 2 2 2 2 2 2 10 2 2 2
left_child=2 4 7 10 -2 15 -7 8 11 14 -3 12 -1 -11 -8 -6 -12 -14
right_child=1 3 -4 -5 5 6 9 -9 -10 13 16 -13 17 -15 -16 -17 -18 -19
leaf_value=-2.9884482849160171e-07 -6.0909809348166553e-06 5.855939148660805e-07 -1.0064943959603258e-05 1.3419199268229723e-05 2.6745463768963557e-06 -4.8762378344841977e-06 1.4119146982560065e-06 2.7625915697257296e-06 -6.5587657322923056e-06 6.9078263164297277e-07 4.2170214165585015e-06 1.1926965340355802e-06 -6.2088154067132779e-06 5.8732611153277643e-06 -3.626673574420053e-06 7.6612599156038559e-06 8.2506279667672402e-06 -3.1639919214294812e-06
leaf_weight=1623 1045 1019 1684 1139 994 1005 1393 1011 1710 997 1002 1445 1212 1627 1077 1148 1203 1198
leaf_count=1623 1045 1019 1684 1139 994 1005 1393 1011 1710 997 1002 1445 1212 1627 1077 1148 1203 1198
internal_value=1.30735e-07 2.82259e-06 -3.58687e-06 6.88337e-06 9.14636e-07 1.80298e-06 5.58248e-07 -2.25633e-06 -2.96225e-06 1.63042e-06 4.57434e-06 -1.83956e-06 -2.926e-06 3.90416e-06 -7.85072e-07 5.34717e-06 6.41767e-06 -4.69525e-06
internal_weight=23532 13649 9883 4363 9286 8241 6099 8199 7188 5094 3224 5478 4033 2624 2470 2142 2205 2410
internal_count=23532 13649 9883 4363 9286 8241 6099 8199 7188 5094 3224 5478 4033 2624 2470 2142 2205 2410
is_linear=0
shrinkage=0.0187118


Tree=67
num_leaves=19
num_cat=0
split_feature=20 25 52 17 52 55 27 15 51 50 1 9 16 22 30 40 18 7
split_gain=0.000655974 0.000573301 0.000263571 0.000241505 0.00015118 0.000133621 0.000144557 0.000107202 6.54336e-05 5.54241e-05 5.18664e-05 3.9448e-05 3.68557e-05 2.63593e-05 2.55893e-05 2.50226e-05 2.20371e-05 1.99295e-05
threshold=18.017241379310349 -1.0000000180025095e-35 0.19659859071422126 -0.22122670489453203 0.25145972661420962 9104.5000000000018 -9.2664955275869492 0.030562494274702187 88.88888888888782 61.111111111113949 38.211337779094727 -0.42652671755725186 0.49718045112781956 -0.90108590474142558 18.500000000000004 -0.0013012367251842292 -0.10184037007304761 0.4274902062449592
decision_type=2 2 2 10 2 2 10 10 2 2 2 8 2 8 2 2 10 8
left_child=1 2 8 7 9 -4 -7 -3 14 10 -5 12 -9 -12 16 -15 17 -1
right_child=-2 3 5 4 -6 6 -8 11 -10 -11 13 -13 -14 15 -16 -17 -18 -19
leaf_value=-4.1401978164119353e-06 1.4548541900367851e-05 -6.7528656425425609e-06 -1.2123251110150425e-05 5.0656340027604752e-06 8.6680917105192692e-06 -1.5152409923907673e-07 -9.4521911833854193e-06 -8.1028938683910687e-07 1.7184826959252805e-06 5.9594238804727802e-06 2.862776490509553e-06 -2.5195473013907195e-06 4.2066444056891787e-06 -2.5677299584146781e-06 -1.1895459271813531e-07 1.1856050195747223e-06 -5.5830725783608058e-06 -6.8850007457497773e-07
leaf_weight=1159 1055 1026 1489 1213 1878 1133 1210 1001 1634 1366 1227 1193 1051 1119 1070 1400 1124 1184
leaf_count=1159 1055 1026 1489 1213 1878 1133 1210 1001 1634 1366 1227 1193 1051 1119 1070 1400 1124 1184
internal_value=1.28289e-07 -5.48552e-07 -3.8857e-06 2.12754e-06 4.00622e-06 -7.74018e-06 -4.95469e-06 -1.48073e-06 -1.49219e-06 2.62204e-06 1.70272e-06 1.86212e-07 1.7593e-06 6.1377e-07 -2.64852e-06 -4.81715e-07 -3.4292e-06 -2.39594e-06
internal_weight=23532 22477 10003 12474 8203 3832 2343 4271 6171 6325 4959 3245 2052 3746 4537 2519 3467 2343
internal_count=23532 22477 10003 12474 8203 3832 2343 4271 6171 6325 4959 3245 2052 3746 4537 2519 3467 2343
is_linear=0
shrinkage=0.0187118


Tree=68
num_leaves=19
num_cat=0
split_feature=16 37 26 52 7 52 1 31 4 0 48 24 18 17 31 4 31 31
split_gain=0.000498924 0.000269232 0.00018055 0.000101036 8.69976e-05 0.000122522 6.73734e-05 4.6276e-05 4.45576e-05 5.25318e-05 4.25682e-05 4.02223e-05 3.222e-05 3.36385e-05 2.59488e-05 2.04408e-05 1.96448e-05 1.39573e-05
threshold=0.53853383458646631 0.0030511078011544739 -0.00070697651280841737 0.30213559502178183 0.33214692072819457 0.202809008490792 115.29248493150162 122.50000000000001 -0.20800356153541746 15.500000000000002 63.817939278629879 -500.87500000000705 -0.099955399650132823 -0.26075158713905383 125.50000000000001 -0.62618011193397016 67.500000000000014 193.50000000000003
decision_type=2 2 8 2 10 2 2 2 2 2 2 10 10 10 2 2 2 2
left_child=1 2 4 8 5 14 -4 16 10 -10 -2 -9 13 -13 15 -1 -6 -16
right_child=3 -3 6 -5 7 -7 -8 11 9 -11 -12 12 -14 -15 17 -17 -18 -19
leaf_value=-2.5022929270934333e-06 -4.1686797093284056e-07 -9.7374758773811394e-06 5.9515327010129247e-07 8.67614345007112e-06 6.5313005525850166e-08 -8.4766452536691772e-06 6.5937314921374594e-06 -4.8743011910350255e-06 8.1407067732974294e-06 2.8805384526769398e-06 4.0556270253570141e-06 -1.7058641456712528e-06 -3.306336753508605e-06 3.0652156026724903e-06 -4.8702151359299134e-06 1.1879917740720506e-06 3.4630033964764888e-06 -1.8803895880758009e-06
leaf_weight=1014 1721 1341 1369 1410 1323 1383 1258 1029 1036 1855 1314 1009 1032 1062 1189 1091 1084 1012
leaf_count=1014 1721 1341 1369 1410 1323 1383 1258 1029 1036 1855 1314 1009 1032 1062 1189 1091 1084 1012
internal_value=1.25888e-07 -1.70782e-06 -9.82958e-07 4.17424e-06 -1.93912e-06 -3.63123e-06 3.46771e-06 -4.66959e-07 3.10308e-06 4.76554e-06 1.51949e-06 -1.66838e-06 -6.05252e-07 7.40724e-07 -2.07498e-06 -5.89655e-07 1.59547e-06 -3.49552e-06
internal_weight=23532 16196 14855 7336 12228 5689 2627 6539 5926 2891 3035 4132 3103 2071 4306 2105 2407 2201
internal_count=23532 16196 14855 7336 12228 5689 2627 6539 5926 2891 3035 4132 3103 2071 4306 2105 2407 2201
is_linear=0
shrinkage=0.0187118


Tree=69
num_leaves=19
num_cat=0
split_feature=20 25 52 17 52 55 15 45 1 54 7 50 36 22 22 30 31 18
split_gain=0.000627721 0.000544539 0.000265661 0.000234148 0.000132613 0.000114082 9.67703e-05 5.85455e-05 5.4211e-05 5.41122e-05 4.72722e-05 3.87011e-05 3.12999e-05 3.06883e-05 2.8604e-05 2.03915e-05 2.1668e-05 9.5815e-06
threshold=14.455555555555557 -1.0000000180025095e-35 0.19659859071422126 -0.22122670489453203 0.25145972661420962 9104.5000000000018 0.030562494274702187 0.0024405134161230584 38.211337779094727 -2.2562220549717726 0.36227531973729699 58.333333333333364 0.0013522656621439701 -0.84703576964698302 -0.80130099318722803 18.500000000000004 123.50000000000001 -0.15008915368520875
decision_type=2 2 2 10 2 2 10 2 2 2 8 2 2 8 8 2 2 10
left_child=1 2 7 6 8 -4 -3 12 -5 -8 -7 14 15 -11 17 16 -1 -10
right_child=-2 3 5 4 -6 10 9 -9 11 13 -12 -13 -14 -15 -16 -17 -18 -19
leaf_value=-2.4084338896711044e-07 1.2665080603259044e-05 -6.5584808780582329e-06 -1.1823101517920011e-05 5.5861929582992653e-06 8.3070247483170417e-06 -8.0581158652507076e-06 -3.3586846042139755e-06 2.5840654146096516e-06 3.4272216486829518e-06 4.07451418798115e-06 -2.6815803773672296e-06 4.8267133662801615e-06 -5.1952072265270167e-06 -4.0854088824805209e-07 -1.2504833421220717e-06 7.3995618808256232e-07 -3.514517917927765e-06 8.8109921997811759e-07
leaf_weight=1114 1319 1022 1484 1571 1837 1066 1083 1034 997 1042 1237 998 1040 1098 1557 1015 1942 1076
leaf_count=1114 1319 1022 1484 1571 1837 1066 1083 1034 997 1042 1237 998 1040 1098 1557 1015 1942 1076
internal_value=1.23533e-07 -6.2118e-07 -3.87899e-06 2.0135e-06 3.89136e-06 -7.77728e-06 -1.54138e-06 -1.47657e-06 2.58283e-06 4.95207e-08 -5.17024e-06 1.56332e-06 -2.29807e-06 1.77433e-06 6.66116e-07 -1.55796e-06 -2.32117e-06 2.10565e-06
internal_weight=23532 22213 9932 12281 8036 3787 4245 6145 6199 3223 2303 4628 5111 2140 3630 4071 3056 2073
internal_count=23532 22213 9932 12281 8036 3787 4245 6145 6199 3223 2303 4628 5111 2140 3630 4071 3056 2073
is_linear=0
shrinkage=0.0187118


Tree=70
num_leaves=18
num_cat=0
split_feature=49 52 24 44 15 16 0 0 0 37 37 26 52 50 13 48 54
split_gain=0.000513468 0.000221962 0.000180068 0.000123579 9.88382e-05 9.5929e-05 7.52408e-05 6.63062e-05 5.8269e-05 4.75023e-05 4.61338e-05 4.6046e-05 3.72657e-05 2.88495e-05 3.37257e-05 2.67325e-05 2.27203e-05
threshold=55.735493808674711 0.29462694579954096 3000.5000000000432 -0.0031331601232976176 0.033233499494945362 0.52161654135338364 123.50000000000001 96.500000000000014 11.500000000000002 -0.0015140054096180464 -0.0012232420478044401 -0.0038351141498604514 0.11948701768433732 6.7975255054382921e-13 -0.035391155114624817 53.361932051122089 -5.9936318977335095
decision_type=2 2 8 2 8 2 2 2 2 2 2 10 2 2 10 2 2
left_child=2 4 5 -4 8 10 11 9 -2 -7 -1 12 -6 -12 -15 -11 -14
right_child=1 -3 3 -5 6 7 -8 -9 -10 15 13 -13 16 14 -16 -17 -18
leaf_value=2.6018549680592734e-06 -7.7383198440028228e-06 -8.7454863054584305e-06 1.2034741254152218e-05 3.6781256361739126e-06 4.2629388977813922e-07 7.7998644483488754e-06 4.2127630723721554e-06 -8.9082165989396589e-07 -2.2684310544730492e-06 1.5588709116960953e-06 1.0553006255339168e-06 1.2958099058333305e-06 -5.943645040280196e-06 -4.4416782245837073e-06 -2.1701851795662767e-07 5.4240749418383982e-06 -2.357058750010313e-06
leaf_weight=1341 1240 1943 1010 1603 1071 1074 1005 1026 1515 1549 1141 1585 995 1440 1224 1052 1634
leaf_count=1341 1240 1943 1010 1603 1071 1074 1005 1026 1515 1549 1141 1585 995 1440 1224 1052 1634
internal_value=-5.88206e-08 -3.00744e-06 2.54146e-06 6.9082e-06 -1.77483e-06 1.3827e-06 -4.80304e-07 3.31502e-06 -4.73038e-06 4.48922e-06 -3.82522e-07 -1.37274e-06 -2.51589e-06 -1.43431e-06 -2.50062e-06 3.12219e-06 -3.71448e-06
internal_weight=23448 10988 12460 2613 9045 9847 6290 4701 2755 3675 5146 5285 3700 3805 2664 2601 2629
internal_count=23448 10988 12460 2613 9045 9847 6290 4701 2755 3675 5146 5285 3700 3805 2664 2601 2629
is_linear=0
shrinkage=0.0187118


Tree=71
num_leaves=19
num_cat=0
split_feature=25 36 25 15 31 17 31 16 31 54 18 6 37 41 4 15 31 18
split_gain=0.000571815 0.00026234 0.000228878 0.000168971 0.000103544 0.000115066 9.18157e-05 7.50469e-05 6.5413e-05 5.53487e-05 4.95136e-05 4.58717e-05 5.06814e-05 4.02911e-05 3.03219e-05 2.65554e-05 1.93525e-05 1.62372e-05
threshold=-0.73556164400330615 -0.003055769545019515 -0.98410207284395224 0.026741425110144032 22.500000000000004 -0.11775182118720924 125.50000000000001 0.51973684210526327 90.500000000000014 -1.6531177594069473 -0.50304081868234862 -35.249999999999993 0.0015117166611058332 -1.0000000180025095e-35 -0.44921985414664473 0.18301283714198271 204.50000000000003 -0.21056429242175725
decision_type=2 2 2 8 2 10 2 2 2 2 10 10 2 2 2 10 2 10
left_child=2 -2 7 -3 -5 6 8 11 -6 -8 -7 -1 14 15 -13 -12 -11 -16
right_child=1 3 -4 4 5 10 9 -9 -10 16 13 12 -14 -15 17 -17 -18 -19
leaf_value=-1.0899588764813943e-08 1.1017877944496092e-05 -4.8777793378493217e-06 -1.2218204974571337e-05 -3.4150177803011486e-06 1.3552937473056212e-06 7.9670065143702252e-06 -4.0542867624619526e-06 1.1231700531819753e-06 7.3717367044563401e-06 -8.0824048670580466e-07 4.2940131869266236e-06 -5.506632038988132e-06 -7.3494277172194628e-06 6.8030988282925378e-06 -6.8463755115176409e-07 4.6695236618230599e-07 2.7207855669143892e-06 -3.6157729668965663e-06
leaf_weight=1050 1099 1309 1002 1051 1680 1319 1290 1449 1015 1170 1320 1341 1400 1055 1415 1223 1017 1243
leaf_count=1050 1099 1309 1002 1051 1680 1319 1290 1449 1015 1170 1320 1341 1400 1055 1415 1223 1017 1243
internal_value=-5.77199e-08 2.2278e-06 -3.79364e-06 1.5095e-06 2.19821e-06 2.73023e-06 1.02893e-06 -2.72483e-06 3.62123e-06 -9.80337e-07 4.86576e-06 -3.58943e-06 -4.28538e-06 3.72886e-06 -3.21269e-06 2.45347e-06 8.32828e-07 -2.05537e-06
internal_weight=23448 14548 8900 13449 12140 11089 6172 7898 2695 3477 4917 6449 5399 3598 3999 2543 2187 2658
internal_count=23448 14548 8900 13449 12140 11089 6172 7898 2695 3477 4917 6449 5399 3598 3999 2543 2187 2658
is_linear=0
shrinkage=0.0187118


Tree=72
num_leaves=18
num_cat=0
split_feature=20 25 31 17 25 15 18 54 16 27 42 20 27 31 1 26 31
split_gain=0.000651147 0.000473098 0.000257416 0.000221705 0.000144489 0.000107406 9.16473e-05 7.24238e-05 7.14786e-05 5.63694e-05 5.25782e-05 5.02013e-05 4.5215e-05 3.54136e-05 2.05429e-05 1.99294e-05 1.65865e-05
threshold=18.017241379310349 -0.50301931929395438 31.500000000000004 -0.11775182118720924 -0.98410207284395224 0.029300073577979448 -0.6570637198039263 -1.7725196240337977 0.51973684210526327 -2.0317120150576935 -1.0000000180025095e-35 0.56155740810913235 -9.2664955275869492 129.50000000000003 61.552546248755512 -0.0084009751690497046 148.50000000000003
decision_type=2 2 2 10 2 8 10 2 2 10 2 2 10 2 2 10 2
left_child=1 4 -3 5 8 -4 -5 16 11 -9 13 14 -13 -8 -1 -14 -7
right_child=-2 2 3 6 -6 7 10 9 -10 -11 -12 12 15 -15 -16 -17 -18
leaf_value=-3.8971888460564769e-06 1.4330678443681306e-05 -5.8841614394227989e-06 -5.3560864952007833e-06 9.6437292566162799e-06 -9.7308830523929625e-06 7.5587509382128479e-08 5.0755334616271077e-06 5.0476024430861858e-06 7.466749413436305e-07 5.1328918378865974e-07 7.4712945223757779e-06 8.2651251578142656e-07 -5.7708442011817839e-06 6.3128513052780936e-07 -7.0435119230915403e-06 -2.2831924483644572e-06 -3.3241943929686909e-06
leaf_weight=1285 1052 1463 1016 1335 1324 994 1075 1887 1423 1954 1035 1077 1020 1509 1672 1311 1016
leaf_count=1285 1052 1463 1016 1335 1324 994 1075 1887 1423 1954 1035 1077 1020 1509 1672 1311 1016
internal_value=-5.66399e-08 -7.32451e-07 1.51997e-06 2.43632e-06 -4.01615e-06 2.59758e-07 5.45337e-06 1.23493e-06 -3.04462e-06 2.7409e-06 3.9076e-06 -3.89223e-06 -2.3443e-06 2.48019e-06 -5.67624e-06 -3.80932e-06 -1.64291e-06
internal_weight=23448 22396 13284 11821 9112 6867 4954 5851 7788 3841 3619 6365 3408 2584 2957 2331 2010
internal_count=23448 22396 13284 11821 9112 6867 4954 5851 7788 3841 3619 6365 3408 2584 2957 2331 2010
is_linear=0
shrinkage=0.0187118


Tree=73
num_leaves=19
num_cat=0
split_feature=20 25 31 52 17 52 51 0 47 27 20 31 9 5 9 51 20 47
split_gain=0.000627007 0.000455559 0.000247872 0.000228056 0.000213486 0.000209804 7.98596e-05 7.44654e-05 0.000105837 6.56555e-05 6.35728e-05 4.7477e-05 4.74672e-05 4.43491e-05 3.77478e-05 2.40018e-05 2.21825e-05 1.76699e-05
threshold=18.017241379310349 -0.50301931929395438 31.500000000000004 0.30898654311297541 -0.11775182118720924 0.24123666125773477 27.777777777778216 3.5000000000000004 37.037037037046922 119.60120716889686 0.46652661064425777 133.50000000000003 -0.22423664122137402 -0.10317159319928766 -0.72805343511450371 38.888888888892275 0.72353976995991165 37.03703703701126
decision_type=2 2 2 2 10 2 2 2 2 10 2 2 10 2 10 2 2 2
left_child=1 3 -3 6 7 12 -1 8 -4 14 13 -12 15 -8 -9 -6 -16 -13
right_child=-2 2 4 -5 5 -7 10 9 -10 -11 11 17 -14 -15 16 -17 -18 -19
leaf_value=-7.0860200243411792e-06 1.4062525414520685e-05 -5.7740581286105711e-06 1.1424892201040293e-06 -1.0206169473952286e-05 3.1478852283929582e-06 1.234692278196398e-05 -8.0320967952275862e-07 5.9489943794661749e-06 -7.060177100953877e-06 -2.3106670297441056e-06 2.4177413798806034e-06 -1.970711212796674e-07 2.3892793468171785e-07 -5.6872345240050651e-06 1.0470964030471279e-08 6.822013056364164e-06 3.5364867023584446e-06 -3.7173320415257335e-06
leaf_weight=1146 1052 1463 1220 1663 1481 1152 1047 997 1004 1134 1538 999 1247 1721 1347 1074 1165 998
leaf_count=1146 1052 1463 1220 1663 1481 1152 1047 997 1004 1134 1538 999 1247 1721 1347 1074 1165 998
internal_value=-5.558e-08 -7.18745e-07 1.49152e-06 -3.941e-06 2.39073e-06 5.35133e-06 -2.5423e-06 2.54898e-07 -2.56051e-06 1.60348e-06 -1.71616e-06 -5.32631e-08 3.23167e-06 -3.83985e-06 2.86841e-06 4.69231e-06 1.64575e-06 -1.95632e-06
internal_weight=23448 22396 13284 9112 11821 4954 7449 6867 2224 4643 6303 3535 3802 2768 3509 2555 2512 1997
internal_count=23448 22396 13284 9112 11821 4954 7449 6867 2224 4643 6303 3535 3802 2768 3509 2555 2512 1997
is_linear=0
shrinkage=0.0187118


Tree=74
num_leaves=20
num_cat=0
split_feature=25 36 25 15 31 17 52 31 52 31 9 10 45 40 53 1 25 42 52
split_gain=0.000511074 0.000245202 0.000210382 0.000154401 9.35745e-05 0.000101489 0.000107066 9.11356e-05 6.7199e-05 6.36634e-05 4.72267e-05 4.16641e-05 3.78914e-05 3.87353e-05 3.16488e-05 2.53681e-05 2.36177e-05 2.12957e-05 1.49704e-05
threshold=-0.73556164400330615 -0.003055769545019515 -0.98410207284395224 0.026741425110144032 22.500000000000004 -0.11683025657529035 0.21698582197887198 125.50000000000001 0.19902458633837386 90.500000000000014 -0.20515267175572519 -1.4981203007518791 0.0023378149423403109 0.0015710928783704283 43.859442093098259 114.1780982905983 -0.99389873468519285 -0.0012084596557021541 0.15226271070228442
decision_type=2 2 2 8 2 10 2 2 2 2 10 2 2 2 2 2 2 2 2
left_child=2 -2 8 -3 -5 7 10 9 12 -6 17 -9 13 16 -10 -13 18 -7 -1
right_child=1 3 -4 4 5 6 -8 11 14 -11 -12 15 -14 -15 -16 -17 -18 -19 -20
leaf_value=-1.4733907664195296e-06 1.0604289250941433e-05 -4.6939452833534449e-06 -1.1663468130339338e-05 -3.2660791330038116e-06 1.3376035725685928e-06 3.1830051410598659e-06 1.0013389237083749e-05 1.544977270190219e-06 -2.9783451267571843e-06 7.2481461614140451e-06 2.9846696698966092e-09 -6.8608998467458897e-07 1.7831947581704465e-06 -5.4747771331160067e-06 -7.4549496655289946e-06 -4.7696567756261647e-06 -3.6013373319659383e-06 6.5791304702492818e-06 1.4550108467920902e-06
leaf_weight=1560 1099 1309 1002 1051 1693 1631 1013 1371 1055 1024 1151 1116 1020 994 1162 1019 1102 1071 1005
leaf_count=1560 1099 1309 1002 1051 1693 1631 1013 1371 1055 1024 1151 1116 1020 994 1162 1019 1102 1071 1005
internal_value=-5.454e-08 2.10618e-06 -3.58647e-06 1.41175e-06 2.0701e-06 2.57585e-06 4.60023e-06 9.92909e-07 -2.56176e-06 3.56521e-06 3.17705e-06 -1.00051e-06 -1.48353e-06 -2.19841e-06 -5.32468e-06 -2.63511e-06 -1.3103e-06 4.52914e-06 -3.26004e-07
internal_weight=23448 14548 8900 13449 12140 11089 4866 6223 7898 2717 3853 3506 5681 4661 2217 2135 3667 2702 2565
internal_count=23448 14548 8900 13449 12140 11089 4866 6223 7898 2717 3853 3506 5681 4661 2217 2135 3667 2702 2565
is_linear=0
shrinkage=0.0187118


Tree=75
num_leaves=18
num_cat=0
split_feature=20 20 25 36 52 31 18 15 19 20 19 9 9 52 31 20 40
split_gain=0.000600588 0.000424745 0.000335716 0.000175926 0.000171123 0.000152997 0.000113605 0.000108932 0.000104764 0.000147181 0.000102037 6.49366e-05 5.68883e-05 4.9313e-05 5.36331e-05 4.03474e-05 2.48118e-05
threshold=18.017241379310349 0.064796071375018763 -0.97830874945841562 -0.0016625115394608423 0.29462694579954096 30.500000000000004 -0.26181938017475753 0.026741425110144032 0.029457060765711422 1.1949635730123538 0.31227700437951361 -0.71660305343511432 -0.43416030534351141 0.19197956265114224 121.50000000000001 1.8443001443001446 1.0000000180025095e-35
decision_type=2 2 2 2 2 2 10 10 2 2 2 10 10 2 2 2 2
left_child=1 -1 4 6 10 -5 -4 -7 11 12 13 -9 -10 14 -3 -13 -16
right_child=-2 2 3 5 -6 7 -8 8 9 -11 -12 15 -14 -15 16 -17 -18
leaf_value=-1.1575781349218809e-05 1.3763957514875533e-05 7.4226414916623714e-07 1.0956682554887254e-05 -5.737246049999091e-06 -8.6344456340701513e-06 -4.3068043325926741e-06 2.3013771534947093e-06 4.1205132997552559e-06 4.3725523190388524e-06 9.7363985608521172e-06 2.6480619705141126e-06 -2.9049599917005534e-06 -8.2221226265106589e-07 -6.6871800917515274e-06 -2.1969263002521395e-06 1.0572375781093189e-06 -6.0312655535054475e-06
leaf_weight=1191 1052 1472 1071 1130 1585 1008 1053 1163 1668 1242 1425 1838 1324 1026 1430 1763 1007
leaf_count=1191 1052 1472 1071 1130 1585 1008 1053 1163 1668 1242 1425 1838 1324 1026 1430 1763 1007
internal_value=-5.35195e-08 -7.02563e-07 -9.18582e-08 1.7306e-06 -3.1335e-06 7.89315e-07 6.66571e-06 1.52637e-06 2.17984e-06 4.32154e-06 -1.76258e-06 2.76396e-07 2.0738e-06 -3.03618e-06 -2.07789e-06 -9.65122e-07 -3.78133e-06
internal_weight=23448 22396 21205 13260 7945 11136 2124 10006 8998 4234 6360 4764 2992 4935 3909 3601 2437
internal_count=23448 22396 21205 13260 7945 11136 2124 10006 8998 4234 6360 4764 2992 4935 3909 3601 2437
is_linear=0
shrinkage=0.0187118


Tree=76
num_leaves=18
num_cat=0
split_feature=20 20 25 52 52 31 17 19 52 31 50 51 25 30 1 19 17
split_gain=0.000578322 0.000408998 0.00032327 0.000164779 0.000160859 0.000177701 0.000100385 9.82541e-05 8.20366e-05 6.46503e-05 4.93793e-05 4.82899e-05 4.40618e-05 3.77629e-05 2.75453e-05 2.27112e-05 1.32903e-05
threshold=18.017241379310349 0.064796071375018763 -0.97830874945841562 0.29462694579954096 0.31407658132525668 30.500000000000004 -0.1773902167871039 0.31227700437951361 0.20039329487206228 121.50000000000001 66.666666666664852 77.777777777777942 -0.99301190378797333 17.500000000000004 38.337147515003835 0.021321289951503179 -0.25945335127702523
decision_type=2 2 2 2 2 2 10 2 2 2 2 2 2 2 2 2 10
left_child=1 -1 3 7 5 -4 9 11 10 -7 14 12 16 -11 -8 -16 -3
right_child=-2 2 4 -5 -6 6 8 -9 -10 13 -12 -13 -14 -15 15 -17 -18
leaf_value=-1.1359177491362852e-05 1.3506408860331592e-05 -4.0399231314609293e-06 -6.1854820466798801e-06 -8.4728795711061632e-06 6.7909308814985807e-06 2.2283139198070332e-06 3.9391394135110233e-06 2.5985119047939335e-06 8.1400055592354349e-06 -4.72546962841697e-06 5.952642961247901e-06 -2.2458920511596506e-07 -7.4363446534970867e-06 -2.2107887944468227e-07 -1.1556854396070874e-06 2.2123840557959713e-06 -1.2079037831378766e-06
leaf_weight=1191 1052 1337 1128 1585 1866 1812 1008 1425 996 1247 998 1535 1038 1365 1580 1260 1025
leaf_count=1191 1052 1337 1128 1585 1866 1812 1008 1425 996 1247 998 1535 1038 1365 1580 1260 1025
internal_value=-5.2518e-08 -6.89417e-07 -9.01393e-08 -3.07486e-06 1.69822e-06 8.64183e-07 1.63878e-06 -1.7296e-06 3.24897e-06 -4.87506e-07 2.24371e-06 -2.97936e-06 -4.22306e-06 -2.37153e-06 1.28178e-06 3.38598e-07 -2.81096e-06
internal_weight=23448 22396 21205 7945 13260 11394 10266 6360 5842 4424 4846 4935 3400 2612 3848 2840 2362
internal_count=23448 22396 21205 7945 13260 11394 10266 6360 5842 4424 4846 4935 3400 2612 3848 2840 2362
is_linear=0
shrinkage=0.0187118


Tree=77
num_leaves=18
num_cat=0
split_feature=20 24 20 36 0 37 31 52 31 54 20 31 19 55 47 52 20
split_gain=0.00056257 0.000382126 0.000252153 0.000185162 0.000139139 0.0001123 9.37371e-05 0.000111261 7.0448e-05 9.02043e-05 7.11912e-05 6.04868e-05 4.8539e-05 3.28073e-05 2.59914e-05 2.26914e-05 2.05155e-05
threshold=18.017241379310349 499.99999999993611 0.064796071375018763 0.0013522656621439701 18.500000000000004 -0.0018066862078194854 66.500000000000014 0.17850984204699796 31.500000000000004 6.7940153952713711 0.46652661064425777 132.50000000000003 -0.10420091921289297 15313.500000000002 -44.444444444455492 0.16851496608626443 0.91686991869918721
decision_type=2 10 2 2 2 2 2 2 2 2 2 2 2 2 2 2 2
left_child=1 2 -1 5 -5 -4 -3 -8 -7 10 13 -11 15 -10 -14 -12 -16
right_child=-2 6 3 4 -6 8 7 -9 9 11 12 -13 14 -15 16 -17 -18
leaf_value=-1.0211306874301834e-05 1.3411975366046552e-05 -6.3781497488578117e-07 5.0453863088900392e-06 -9.6454333606368501e-06 -1.5580781276158354e-06 -5.1211963200646925e-06 2.9998514510251743e-06 9.9621777294906812e-06 -6.5011300288123287e-06 5.226702681162567e-06 -8.8805453335328012e-07 -1.9364914218131791e-07 3.1504955940832939e-06 -2.0154976435403389e-06 -1.6135759546480123e-06 -4.4129264875472169e-06 1.9027297325745137e-06
leaf_weight=1175 1044 1006 1233 1447 1535 1232 1940 1372 1114 1408 1633 1477 1314 1171 1375 1051 1006
leaf_count=1175 1044 1006 1233 1447 1535 1232 1940 1372 1114 1408 1633 1477 1314 1171 1375 1051 1006
internal_value=-1.56859e-08 -6.39034e-07 -1.82805e-06 -1.24848e-06 -5.48243e-06 -3.47548e-07 4.36456e-06 5.884e-06 -8.67812e-07 -4.14078e-07 -1.36835e-06 2.45171e-06 -3.53182e-07 -4.20237e-06 1.03795e-06 -2.26832e-06 -1.27895e-07
internal_weight=23533 22489 18171 16996 2982 14014 4318 3312 12781 11549 8664 2885 6379 2285 3695 2684 2381
internal_count=23533 22489 18171 16996 2982 14014 4318 3312 12781 11549 8664 2885 6379 2285 3695 2684 2381
is_linear=0
shrinkage=0.0187118


Tree=78
num_leaves=18
num_cat=0
split_feature=49 52 36 24 4 19 37 0 0 51 4 4 52 30 0 23 51
split_gain=0.00038592 0.000181346 0.000167248 0.000115344 8.58468e-05 9.78352e-05 8.83223e-05 8.45331e-05 5.88487e-05 4.40246e-05 3.92463e-05 3.82413e-05 3.50991e-05 2.76866e-05 3.41959e-05 4.22867e-05 3.59989e-05
threshold=48.963074175768817 0.34886973641768743 0.0031974440894568805 499.99999999998948 -0.80723189552829433 0.05979885166619426 0.0015785329486048829 30.500000000000004 16.500000000000004 55.555555555555543 -0.038943693821018706 -0.017199954774153422 0.14691847117708065 18.500000000000004 61.500000000000007 0.049999999999998941 55.555555555559728
decision_type=2 2 2 10 2 2 2 2 2 2 2 2 2 2 2 8 2
left_child=1 3 4 11 -2 6 10 -7 -5 -10 12 13 -6 14 15 16 -1
right_child=2 -3 -4 8 5 7 -8 -9 9 -11 -12 -13 -14 -15 -16 -17 -18
leaf_value=3.0116581966367617e-07 -6.7547792201285496e-06 9.6622057872083764e-06 -9.6791278903437941e-06 7.5170915937003564e-06 -3.8127680382143083e-07 -1.5565144913042595e-06 -6.6083347764075472e-06 4.0686902211169326e-06 1.4939595993594764e-08 5.2984498961944725e-06 1.8343522639865205e-06 3.5390254167640879e-06 -4.3099912879273347e-06 1.9697175927576212e-06 -3.9570270181897277e-06 2.6631113388971381e-06 -4.2802751560026686e-06
leaf_weight=1492 1078 1078 1022 1322 1581 1930 1507 1815 1161 1053 1035 1076 1604 1468 1047 1259 1005
leaf_count=1492 1078 1078 1022 1322 1581 1930 1507 1815 1161 1053 1035 1076 1604 1468 1047 1259 1005
internal_value=-1.53924e-08 2.34154e-06 -2.45155e-06 1.6164e-06 -1.7514e-06 -1.18197e-06 -2.71979e-06 1.16972e-06 4.39316e-06 2.52783e-06 -1.33115e-06 2.79985e-07 -2.35982e-06 -2.79212e-07 -9.6658e-07 -1.3298e-07 -1.54279e-06
internal_weight=23533 11961 11572 10883 10550 9472 5727 3745 3536 2214 4220 7347 3185 6271 4803 3756 2497
internal_count=23533 11961 11572 10883 10550 9472 5727 3745 3536 2214 4220 7347 3185 6271 4803 3756 2497
is_linear=0
shrinkage=0.0187118


Tree=79
num_leaves=18
num_cat=0
split_feature=20 25 52 36 17 20 19 27 51 9 17 0 52 48 36 20 19
split_gain=0.000537114 0.000354462 0.000216054 0.000185992 0.000125461 0.000103621 8.18499e-05 7.26313e-05 6.50701e-05 6.24277e-05 7.97925e-05 5.84136e-05 3.76782e-05 3.62397e-05 3.1758e-05 1.78593e-05 1.28328e-05
threshold=18.017241379310349 -0.20076854762755905 0.20039329487206228 -0.0028149204651254918 -0.13775928147216288 0.56155740810913235 0.027249287750612087 -0.52562796498953424 82.962962962963246 -0.70133587786259521 -0.31512024223984075 9.5000000000000018 0.16006200980754209 49.444635024868681 0.001339585329701243 0.45796355925547794 -0.06063697503027931
decision_type=2 2 2 2 10 2 2 8 2 8 10 2 2 2 2 2 2
left_child=1 2 8 -3 9 -4 11 -7 14 -5 -11 -6 -8 -12 15 -1 -17
right_child=-2 3 5 4 6 7 12 -9 -10 10 13 -13 -14 -15 -16 16 -18
leaf_value=-3.323879108735984e-06 1.3105240344037477e-05 9.1525545171075549e-06 -1.0283600143925297e-05 2.036693102677028e-06 4.0266761407356026e-06 -4.4960563733281689e-07 3.2465854998436097e-06 -7.5672542172495806e-06 1.6851400780121514e-06 -5.6422383260528492e-06 -2.2180166291946866e-06 -1.1998515239398575e-06 8.1454870944899164e-06 1.9462203173430958e-06 -4.9830877440673842e-06 -1.8732650879106612e-06 1.1207616954831408e-06
leaf_weight=1113 1044 1015 1678 1707 1272 1011 1110 997 1957 1527 1656 1820 1089 1311 1221 997 1008
leaf_count=1113 1044 1015 1678 1707 1272 1011 1110 997 1957 1527 1656 1820 1089 1311 1221 997 1008
internal_value=-1.51043e-08 -6.24186e-07 -3.25375e-06 1.4745e-06 7.96358e-07 -6.8516e-06 2.91294e-06 -3.98362e-06 -1.14738e-06 -1.00961e-06 -2.16672e-06 9.50259e-07 5.67265e-06 -3.78004e-07 -2.42492e-06 -1.42315e-06 -3.68037e-07
internal_weight=23533 22489 9982 12507 11492 3686 5291 2008 6296 6201 4494 3092 2199 2967 4339 3118 2005
internal_count=23533 22489 9982 12507 11492 3686 5291 2008 6296 6201 4494 3092 2199 2967 4339 3118 2005
is_linear=0
shrinkage=0.0187118


Tree=80
num_leaves=20
num_cat=0
split_feature=20 24 20 37 36 37 31 52 31 54 9 31 20 26 51 31 1 47 55
split_gain=0.000517201 0.000346005 0.000235924 0.000167891 0.000109491 9.28878e-05 8.99382e-05 0.000105112 7.72172e-05 8.06861e-05 6.4722e-05 6.00116e-05 4.96321e-05 3.16695e-05 3.04417e-05 2.55635e-05 2.90543e-05 2.08153e-05 1.83761e-05
threshold=18.017241379310349 499.99999999993611 0.064796071375018763 0.0031771267065384694 0.001339585329701243 -0.0018066862078194854 66.500000000000014 0.19563263869960468 31.500000000000004 6.7940153952713711 -0.70133587786259521 129.50000000000003 0.46652661064425777 -0.00075038147813310261 44.444444444444201 102.50000000000001 256.82563930359026 -37.037037037032292 18597.000000000004
decision_type=2 10 2 2 2 2 2 2 2 2 10 2 2 10 2 2 2 2 2
left_child=1 2 -1 4 5 -4 -3 14 -7 12 -6 -11 18 15 -8 -14 17 -17 -10
right_child=-2 6 3 -5 10 8 7 -9 9 11 -12 -13 13 -15 -16 16 -18 -19 -20
leaf_value=-9.8529184484494401e-06 1.2860017531746497e-05 -7.5123046198516884e-07 4.8610761692905562e-06 -8.1986666888366477e-06 -7.355734319624906e-07 -5.1009713093979072e-06 8.7000025561851469e-07 1.0383508070475867e-05 -5.1319504621269146e-06 5.6724093633464935e-06 -6.9647094838451417e-06 1.3636017086429592e-07 1.4809795463904604e-06 2.7842429355700853e-06 5.276829765969676e-06 1.7851154727826263e-06 -3.7120461946272913e-06 -1.7552446801448581e-06 -1.6604130802863143e-06
leaf_weight=1175 1044 1006 1233 1116 1001 1169 997 1094 1084 1291 1402 1462 1345 1088 1221 994 1358 1401 1052
leaf_count=1175 1044 1006 1233 1116 1001 1169 997 1094 1084 1291 1402 1462 1345 1088 1221 994 1358 1401 1052
internal_value=-1.48217e-08 -6.12507e-07 -1.74393e-06 -1.18332e-06 -6.90302e-07 -3.42176e-08 4.14873e-06 5.63707e-06 -5.27186e-07 -4.44083e-08 -4.36989e-06 2.73245e-06 -9.63022e-07 -1.13882e-07 3.29594e-06 -7.32391e-07 -1.52562e-06 -2.85883e-07 -3.42219e-06
internal_weight=23533 22489 18171 16996 15880 13477 4318 3312 12244 11075 2403 2753 8322 6186 2218 5098 3753 2395 2136
internal_count=23533 22489 18171 16996 15880 13477 4318 3312 12244 11075 2403 2753 8322 6186 2218 5098 3753 2395 2136
is_linear=0
shrinkage=0.0187118


Tree=81
num_leaves=18
num_cat=0
split_feature=25 52 25 27 19 52 51 4 0 47 4 55 7 50 1 26 48
split_gain=0.000382245 0.000214097 0.000183885 0.000136422 0.000130303 6.82754e-05 6.30673e-05 6.04796e-05 6.06407e-05 5.82152e-05 5.00327e-05 4.36024e-05 3.83996e-05 3.00016e-05 2.84108e-05 2.26836e-05 1.80686e-05
threshold=-0.73556164400330615 0.34886973641768743 -0.98410207284395224 -621.62980331478968 0.027249287750612087 0.14196962819994779 88.888888888889426 -0.027792696025778729 16.500000000000004 -21.202334409883374 -0.19211091638871611 50667.000000000007 0.51602647194377249 33.333333333333371 115.29248493150162 -0.00113840214497663 63.817939278629879
decision_type=2 2 2 10 2 2 2 2 2 2 2 2 8 2 2 8 2
left_child=2 3 6 5 7 -2 11 8 9 -5 16 12 14 -10 -1 -9 -6
right_child=1 -3 -4 4 10 -7 -8 15 13 -11 -12 -13 -14 -15 -16 -17 -18
leaf_value=-3.6822346678274205e-06 -3.1143676279474819e-07 9.5725682391483393e-06 -1.0541239975951694e-05 3.7217089986084739e-06 2.0146466484203223e-06 -6.4044118081389775e-06 1.1104808734058509e-06 1.4431128408367313e-06 -5.2046046896309028e-06 -1.6296683316990159e-06 8.203071618401921e-06 -5.8488528604728942e-07 -1.9083277422059032e-06 -7.13919364868049e-07 -7.6493089355589372e-06 5.3320969777210958e-06 5.3345714199243504e-06
leaf_weight=1405 1815 1159 1018 1594 1284 998 1692 1066 996 1286 1201 1888 1817 1092 1149 1035 1038
leaf_count=1405 1815 1159 1018 1594 1284 998 1692 1066 996 1286 1201 1888 1817 1092 1149 1035 1038
internal_value=-1.45444e-08 1.85691e-06 -3.05344e-06 1.18981e-06 2.16261e-06 -2.47311e-06 -2.09475e-06 6.97459e-07 -4.28087e-07 1.33217e-06 5.10247e-06 -2.96122e-06 -3.98765e-06 -2.85603e-06 -5.46695e-06 3.35892e-06 3.49875e-06
internal_weight=23533 14564 8969 13405 10592 2813 7951 7069 4968 2880 3523 6259 4371 2088 2554 2101 2322
internal_count=23533 14564 8969 13405 10592 2813 7951 7069 4968 2880 3523 6259 4371 2088 2554 2101 2322
is_linear=0
shrinkage=0.0187118


Tree=82
num_leaves=18
num_cat=0
split_feature=25 52 25 27 19 51 7 37 55 50 9 52 27 52 1 18 18
split_gain=0.000368074 0.00020616 0.000177068 0.000131521 0.000132696 6.07292e-05 5.72011e-05 5.23789e-05 4.19859e-05 3.78869e-05 3.76303e-05 4.47049e-05 3.67113e-05 3.4954e-05 2.37161e-05 1.32417e-05 9.71817e-06
threshold=-0.73556164400330615 0.34886973641768743 -0.98410207284395224 -621.62980331478968 0.027249287750612087 88.888888888889426 0.25417494815070868 -0.0016625115394608423 50667.000000000007 6.7975255054382921e-13 -0.77290076335877844 0.19444148919142903 97.821606864806895 0.19444148919142903 61.403197110367721 -0.16790781304324295 -0.20074964662940634
decision_type=2 2 2 8 2 2 8 2 2 2 10 2 8 2 2 10 10
left_child=2 3 5 6 7 8 -2 -5 10 -9 -1 15 -11 14 -6 -12 -14
right_child=1 -3 -4 4 13 -7 -8 9 -10 12 11 -13 16 -15 -16 -17 -18
leaf_value=-1.213561141093218e-06 -5.0804259086072888e-06 9.3934481500494931e-06 -1.0343994347243415e-05 3.6233980694857128e-06 5.4541383926795554e-06 1.0897017727628972e-06 4.1542400979942968e-07 1.9432268250184641e-06 -5.7394101124003053e-07 9.5084164751723151e-07 -1.9115085380096012e-06 -8.1314801847484638e-06 -1.4726754511453706e-06 7.5769480846924763e-06 1.6502189549157204e-06 -4.9374966151558632e-06 -3.960531034559385e-06
leaf_weight=1279 1440 1159 1018 1592 1235 1692 1229 1877 1888 1493 1031 1066 998 1245 1072 995 1224
leaf_count=1279 1440 1159 1018 1592 1235 1692 1229 1877 1888 1493 1031 1066 998 1245 1072 995 1224
internal_value=-1.42722e-08 1.82217e-06 -2.99631e-06 1.16755e-06 2.09168e-06 -2.05555e-06 -2.54974e-06 6.28908e-07 -2.90581e-06 -2.23601e-07 -3.91304e-06 -5.02967e-06 -1.31839e-06 5.05017e-06 3.68656e-06 -3.39762e-06 -2.84312e-06
internal_weight=23533 14564 8969 13405 10736 7951 2669 7184 6259 5592 4371 3092 3715 3552 2307 2026 2222
internal_count=23533 14564 8969 13405 10736 7951 2669 7184 6259 5592 4371 3092 3715 3552 2307 2026 2222
is_linear=0
shrinkage=0.0187118


Tree=83
num_leaves=19
num_cat=0
split_feature=20 20 16 36 31 52 31 26 52 25 31 31 30 50 30 40 4 31
split_gain=0.000491769 0.000320651 0.00027584 0.000131303 0.000103569 0.000134899 8.15883e-05 8.00792e-05 4.85083e-05 7.53372e-05 6.02368e-05 4.78496e-05 4.32891e-05 3.7327e-05 3.38618e-05 2.95778e-05 2.64532e-05 2.28704e-05
threshold=18.017241379310349 0.064796071375018763 0.54605263157894746 0.0016116045919692958 50.500000000000007 0.25145972661420962 119.50000000000001 -0.00038205530307066309 0.19902458633837386 -0.49698614391840862 125.50000000000001 89.500000000000014 18.500000000000004 66.666666666665819 17.500000000000004 0.0010157442944987995 -0.18257462264684263 203.50000000000003
decision_type=2 2 2 2 2 2 2 10 2 2 2 2 2 2 2 2 2 2
left_child=1 -1 3 7 -4 13 -5 8 10 -10 11 14 15 16 -3 17 -6 -12
right_child=-2 2 4 6 5 -7 -8 -9 9 -11 12 -13 -14 -15 -16 -17 -18 -19
leaf_value=-9.9340330933144726e-06 1.2540294755064462e-05 1.7835902068333328e-06 -1.7954981454420819e-06 -1.7336354993708557e-06 -4.4889840105378556e-07 1.0280389626230396e-05 -8.9535233645826904e-06 2.9673464548294664e-06 -5.6875540501438147e-06 7.3209747064402465e-07 -3.1494933853613312e-06 4.2892783205834777e-06 1.3567441872010314e-06 5.4598859275523895e-06 -2.8236748984598541e-06 -5.49133787049377e-06 3.5294318138262808e-06 2.0792117746736941e-07
leaf_weight=1218 1044 1245 1085 1024 1222 1122 1179 1832 1791 996 1785 1242 1150 1250 1013 1032 1123 1180
leaf_count=1218 1044 1245 1085 1024 1222 1122 1179 1832 1791 996 1785 1242 1150 1250 1013 1032 1123 1180
internal_value=-1.40051e-08 -5.9681e-07 -6.21503e-08 -1.36714e-06 3.41716e-06 4.61617e-06 -5.59757e-06 -6.64623e-07 -1.24655e-06 -3.39334e-06 -5.54623e-07 1.33928e-06 -1.84249e-06 2.84836e-06 -2.83353e-07 -2.76296e-06 1.45629e-06 -1.81332e-06
internal_weight=23533 22489 21271 15469 5802 4717 2203 13266 11434 2787 8647 3500 5147 3595 2258 3997 2345 2965
internal_count=23533 22489 21271 15469 5802 4717 2203 13266 11434 2787 8647 3500 5147 3595 2258 3997 2345 2965
is_linear=0
shrinkage=0.0187118


Tree=84
num_leaves=18
num_cat=0
split_feature=25 27 25 27 0 36 51 51 9 9 27 55 49 40 0 47 11
split_gain=0.000350743 0.000186506 0.000175444 0.000161592 0.000125917 0.000130594 5.40009e-05 5.28969e-05 4.7469e-05 4.38434e-05 4.34593e-05 3.58566e-05 3.73252e-05 3.34292e-05 2.44318e-05 2.32168e-05 1.52585e-05
threshold=-0.73556164400330615 -1110.6953161687779 -0.98410207284395224 102.59622036467074 53.500000000000007 -0.0016652800887410055 64.814814814817197 91.666666666666814 -0.63263358778625933 -0.42652671755725186 -43.098500458599325 48132.000000000007 96.328619619752814 -0.0013689260348931363 15.500000000000002 -41.666666666666288 -0.45133587786259538
decision_type=2 8 2 10 2 2 2 2 10 8 10 2 2 2 2 2 10
left_child=2 9 7 4 5 -3 -6 10 -5 -2 -1 12 -12 -7 15 -10 -15
right_child=1 3 -4 8 6 13 -8 -9 14 -11 11 -13 -14 16 -16 -17 -18
leaf_value=2.5581299687032146e-07 -8.3703842962450146e-07 1.2438152733473945e-05 -1.0278422569430779e-05 2.7658011421394152e-06 -3.6103742050383528e-07 7.6001986491696558e-06 4.9945083305683207e-06 1.1223943277066916e-06 1.7961496513524524e-06 -5.7898571136299426e-06 -7.3048878240437078e-06 -1.5030790413392225e-06 -3.1367907728766581e-06 2.092743144703079e-06 -3.6567383734806097e-06 -2.1604235959144769e-06 5.1361771157042742e-06
leaf_weight=1327 1664 1009 1013 1503 1891 1006 1012 1526 1071 1003 1236 1878 1922 1234 1021 1008 1083
leaf_count=1327 1664 1009 1013 1503 1891 1006 1012 1526 1071 1003 1236 1878 1922 1234 1021 1008 1083
internal_value=-2.38568e-08 1.77056e-06 -2.94769e-06 2.77766e-06 4.52143e-06 6.5422e-06 1.50593e-06 -2.00638e-06 3.68099e-08 -2.69969e-06 -2.75673e-06 -3.55054e-06 -4.76813e-06 4.75195e-06 -1.28631e-06 -1.22188e-07 3.51529e-06
internal_weight=23407 14505 8902 11838 7235 4332 2903 7889 4603 2667 6363 5036 3158 3323 3100 2079 2317
internal_count=23407 14505 8902 11838 7235 4332 2903 7889 4603 2667 6363 5036 3158 3323 3100 2079 2317
is_linear=0
shrinkage=0.0187118


Tree=85
num_leaves=18
num_cat=0
split_feature=20 20 36 20 19 16 17 19 18 19 16 40 47 31 52 26 15
split_gain=0.000449418 0.00027247 0.000181819 0.00018108 0.000128366 0.000121776 8.81948e-05 6.79655e-05 5.98831e-05 4.94737e-05 4.94435e-05 3.67188e-05 3.64096e-05 3.3275e-05 3.04308e-05 1.77411e-05 1.71588e-05
threshold=2.4353400222965447 0.064796071375018763 0.0016326541492073245 18.017241379310349 0.03578893547578766 0.5413533834586467 -0.25151582750650942 0.11341586095083046 -0.061080501225974367 0.16575097684603082 0.47368421052631587 -0.0016597521804047053 40.00000000001517 123.50000000000001 0.17445524158824108 5.9607769916637979e-05 0.11771907680248493
decision_type=2 2 2 2 2 2 10 2 8 2 2 2 2 2 2 8 8
left_child=1 -1 5 4 6 8 -2 15 9 13 14 -8 16 -3 -10 -7 -12
right_child=3 2 -4 -5 -6 7 11 -9 10 -11 12 -13 -14 -15 -16 -17 -18
leaf_value=-1.013422077234653e-05 -3.1479038533731374e-06 1.0710186936153793e-06 -6.4492058289272957e-06 1.1397266622499931e-05 8.8153086636598775e-06 1.7990206828459726e-06 5.8625924403343875e-06 5.0092380659921006e-06 -2.6629461816359084e-06 3.2536989557323786e-06 2.2901574711582415e-06 1.4528748788246381e-06 -3.6690454738891271e-06 -2.914741695329785e-06 -6.6459686695428966e-06 -1.6266408072643523e-06 -1.1331802050256612e-06
leaf_weight=1204 1099 1406 1838 1063 1015 1131 1055 1987 1584 1412 1011 1771 1097 1533 1166 995 1040
leaf_count=1204 1099 1406 1838 1063 1015 1131 1055 1987 1584 1412 1011 1771 1097 1533 1166 995 1040
internal_value=-2.34104e-08 -1.54616e-06 -9.07885e-07 4.39137e-06 2.88382e-06 -1.98725e-07 1.34994e-06 2.52116e-06 -1.29024e-06 3.75035e-07 -2.51872e-06 3.09911e-06 -9.1744e-07 -1.00798e-06 -4.35175e-06 1.95758e-07 5.54285e-07
internal_weight=23407 17404 16200 6003 4940 14362 3925 4113 10249 4351 5898 2826 3148 2939 2750 2126 2051
internal_count=23407 17404 16200 6003 4940 14362 3925 4113 10249 4351 5898 2826 3148 2939 2750 2126 2051
is_linear=0
shrinkage=0.0187118


Tree=86
num_leaves=18
num_cat=0
split_feature=20 20 20 16 19 52 38 13 16 19 13 18 31 10 19 1 31
split_gain=0.000432757 0.000262369 0.000174367 0.000168063 0.000123607 0.000109563 0.000104465 8.58224e-05 6.73877e-05 6.01235e-05 4.64403e-05 4.44419e-05 3.62469e-05 3.53613e-05 3.32883e-05 1.76119e-05 1.4919e-05
threshold=2.4353400222965447 0.064796071375018763 18.017241379310349 0.47368421052631587 0.03578893547578766 0.20672081706403328 -0.0015661716730196449 -0.50484341436219149 0.5441729323308272 0.11341586095083046 -0.056832680669277318 -0.099955399650132823 125.50000000000001 -1.4765037593984958 -0.60278952562873644 80.814673596890017 198.50000000000003
decision_type=2 2 2 2 2 2 2 10 2 2 10 8 2 2 2 2 2
left_child=1 -1 4 5 6 11 -2 -5 10 -10 12 -3 -9 -7 -8 -13 -14
right_child=2 3 -4 7 -6 13 14 8 9 -11 -12 15 16 -15 -16 -17 -18
leaf_value=-9.9445911078075431e-06 6.405729233957857e-06 7.1520321268751754e-07 1.1184003036730599e-05 -4.2401818412115492e-06 8.6503582690385632e-06 -4.4767962108507155e-06 -3.0121398770062164e-06 1.0132523752078501e-06 8.5246935952602939e-07 5.8219788546729847e-06 2.7138440218863286e-06 -1.7817355957667047e-06 -3.7875794539723496e-06 -9.4542944093258466e-06 1.1053913893217451e-06 -5.0590480794855504e-06 -8.0815293988949811e-07
leaf_weight=1204 1041 1693 1063 1151 1015 1005 1131 1670 1760 1653 1526 1261 1436 994 1753 1054 997
leaf_count=1204 1041 1693 1063 1151 1015 1005 1131 1670 1760 1653 1526 1261 1436 994 1753 1054 997
internal_value=-2.29723e-08 -1.51723e-06 4.3092e-06 -8.90897e-07 2.82986e-06 -3.37355e-06 1.32468e-06 5.72196e-07 1.18479e-06 3.25933e-06 -7.3056e-08 -1.58886e-06 -1.10957e-06 -6.95185e-06 -5.09354e-07 -3.27387e-06 -2.56666e-06
internal_weight=23407 17404 6003 16200 4940 6007 3925 10193 9042 3413 5629 4008 4103 1999 2884 2315 2433
internal_count=23407 17404 6003 16200 4940 6007 3925 10193 9042 3413 5629 4008 4103 1999 2884 2315 2433
is_linear=0
shrinkage=0.0187118


Tree=87
num_leaves=18
num_cat=0
split_feature=20 20 31 19 31 20 20 26 37 20 19 17 54 16 16 17 47
split_gain=0.000416883 0.000266099 0.000228214 0.00022281 0.000234549 0.00017274 0.00016606 0.000124014 9.77623e-05 7.0801e-05 6.87479e-05 5.23213e-05 4.39229e-05 4.59643e-05 3.32782e-05 2.31736e-05 1.37335e-05
threshold=0.68214487396683621 18.017241379310349 30.500000000000004 -0.10420091921289297 124.50000000000001 0.064796071375018763 2.5448791714614503 0.00060265654492485559 0.001668057874234852 1.6795873397435901 0.11341586095083046 -0.23070199818612677 10.697130747680001 0.47368421052631587 0.52819548872180466 -0.27081931482402499 6.7797389225960965
decision_type=2 2 2 2 2 2 2 8 2 2 2 10 2 2 2 10 2
left_child=5 2 -2 4 -4 -1 10 8 12 -6 16 -11 13 -7 -12 -15 -5
right_child=1 -3 3 6 9 7 -8 -9 -10 11 14 -13 -14 15 -16 -17 -18
leaf_value=-9.7585097906318518e-06 -5.734116350324196e-06 1.0974730082331288e-05 5.7399115243739419e-06 1.6684959072361762e-06 -7.5375783845798118e-06 -4.9742355752085918e-06 9.2451464904208412e-06 3.6394270766937058e-06 -7.9229756151842631e-06 -5.1145698794354027e-06 2.4585539156062883e-06 2.6615345160826946e-07 1.4736802360556387e-06 -3.1439102114307289e-06 7.0413448582344957e-06 4.3036601660490896e-07 -1.0613457991392555e-06
leaf_weight=1204 1460 1063 1384 1569 1001 1985 1783 1113 1209 1002 1004 1717 1012 1157 1240 1408 1096
leaf_count=1204 1460 1063 1384 1569 1001 1985 1783 1113 1209 1002 1004 1717 1012 1157 1240 1408 1096
internal_value=-2.25425e-08 1.96689e-06 1.24454e-06 2.1083e-06 -8.36381e-07 -3.15707e-06 4.35421e-06 -2.14894e-06 -3.10042e-06 -3.28305e-06 2.57777e-06 -1.71674e-06 -2.05215e-06 -2.83635e-06 4.99094e-06 -1.18189e-06 5.45828e-07
internal_weight=23407 14319 13256 11796 5104 9088 6692 7884 6771 3720 4909 2719 5562 4550 2244 2565 2665
internal_count=23407 14319 13256 11796 5104 9088 6692 7884 6771 3720 4909 2719 5562 4550 2244 2565 2665
is_linear=0
shrinkage=0.0187118


Tree=88
num_leaves=19
num_cat=0
split_feature=20 20 37 20 16 19 38 19 18 16 19 31 7 47 19 18 12 1
split_gain=0.000402448 0.000243148 0.000183701 0.000161377 0.00011757 0.00011721 9.95626e-05 7.58594e-05 6.24927e-05 4.51589e-05 4.40388e-05 3.73533e-05 3.13175e-05 3.09922e-05 3.07927e-05 2.41353e-05 1.63388e-05 1.22437e-05
threshold=2.4353400222965447 0.064796071375018763 0.0030511078011544739 18.017241379310349 0.5413533834586467 0.03578893547578766 -0.0015661716730196449 0.11341586095083046 -0.099955399650132823 0.46334586466165417 0.16575097684603082 114.50000000000001 0.4139337769328264 40.00000000001517 -0.60278952562873644 -0.099955399650132823 -0.24904580152671754 82.217445856116157
decision_type=2 2 2 2 2 2 2 2 8 2 2 2 8 2 2 10 10 2
left_child=1 -1 4 5 8 6 -2 16 10 12 11 -3 -10 15 -8 -11 -6 -9
right_child=3 2 -4 -5 7 -7 14 17 9 13 -12 -13 -14 -15 -16 -17 -18 -19
leaf_value=-9.5759103364903807e-06 6.2271074524452433e-06 1.5197836125395152e-06 -8.4599399936728142e-06 1.07693729591256e-05 -1.6414390322689522e-06 8.4003111480397462e-06 -2.9309246900620644e-06 3.5116580753460403e-06 -6.0429847520645983e-06 2.1766918808192545e-06 3.3461046243602578e-06 -2.8228390663449761e-06 -2.0246624857519629e-06 -3.3268766274457095e-06 1.029259737042098e-06 -1.4655989638422844e-06 1.6106390102972215e-06 6.4471215405395086e-06
leaf_weight=1204 1041 1279 1042 1063 1126 1015 1131 994 1556 1079 1289 1515 1205 1523 1753 1555 1041 996
leaf_count=1204 1041 1279 1042 1063 1126 1015 1131 994 1556 1079 1289 1515 1205 1523 1753 1555 1041 996
internal_value=-2.21207e-08 -1.4631e-06 -8.60147e-07 4.15559e-06 -3.37718e-07 2.73242e-06 1.26671e-06 2.34312e-06 -1.35074e-06 -2.4342e-06 4.85019e-07 -8.3493e-07 -4.28924e-06 -1.20211e-06 -5.2378e-07 2.64394e-08 -7.91797e-08 4.98087e-06
internal_weight=23407 17404 16200 6003 15158 4940 3925 4157 11001 6918 4083 2794 2761 4157 2884 2634 2167 1990
internal_count=23407 17404 16200 6003 15158 4940 3925 4157 11001 6918 4083 2794 2761 4157 2884 2634 2167 1990
is_linear=0
shrinkage=0.0187118


Tree=89
num_leaves=17
num_cat=0
split_feature=20 20 20 26 26 41 52 48 16 27 30 47 4 3 51 26
split_gain=0.000390454 0.000246343 0.000159403 0.000159059 0.000117584 0.000114761 0.000111114 0.000100864 5.80702e-05 3.48146e-05 3.17e-05 3.03818e-05 2.7995e-05 3.3175e-05 2.52865e-05 9.6582e-06
threshold=0.68214487396683621 14.455555555555557 0.064796071375018763 -0.0083042972882890909 0.00060265654492485559 -0.0031974440894568796 0.20672081706403328 82.189741331406324 0.51597744360902265 5.2106319591065775 16.500000000000004 37.037037037021314 -0.41985132002939679 -0.21439281606951241 72.222222222222001 -0.0048101791051164905
decision_type=2 2 2 10 8 2 2 2 2 10 2 2 2 2 2 10
left_child=2 3 -1 -2 6 -5 12 8 10 -10 -7 15 13 -4 -15 -12
right_child=1 -3 4 5 -6 7 -8 -9 9 -11 11 -13 -14 14 -16 -17
leaf_value=-9.3967276697103401e-06 -3.8446433472463115e-06 9.5545546377262973e-06 2.2749885351608395e-06 7.2286699317301248e-06 3.5495075145242418e-06 1.7123696590698331e-06 -6.8682310481001766e-06 5.8296544096073831e-06 3.9915007481931731e-06 3.9555453342564951e-07 6.8291713353937328e-07 -4.4722122372169882e-06 -3.703917885730196e-06 -3.4675711000379156e-06 3.713651020744383e-07 -1.7527493127800766e-06
leaf_weight=1204 1927 1336 996 1289 1113 1175 1888 1457 1901 1870 1043 1064 1449 1365 1073 1257
leaf_count=1204 1927 1336 996 1289 1113 1175 1888 1457 1901 1870 1043 1064 1449 1365 1073 1257
internal_value=-2.17067e-08 1.90363e-06 -3.05525e-06 1.11632e-06 -2.08682e-06 1.98099e-06 -3.0133e-06 1.28842e-06 4.92203e-07 2.20831e-06 -9.33536e-07 -1.85772e-06 -1.5228e-06 -6.02465e-07 -1.778e-06 -6.48226e-07
internal_weight=23407 14319 9088 12983 7884 11056 6771 9767 8310 3771 4539 3364 4883 3434 2438 2300
internal_count=23407 14319 9088 12983 7884 11056 6771 9767 8310 3771 4539 3364 4883 3434 2438 2300
is_linear=0
shrinkage=0.0187118


Tree=90
num_leaves=18
num_cat=0
split_feature=20 20 37 20 19 19 36 38 20 54 9 23 31 31 19 19 20
split_gain=0.000376563 0.00022509 0.000173784 0.000149665 0.000111596 0.000109901 9.56032e-05 9.45581e-05 9.16529e-05 0.000105772 5.8084e-05 5.44638e-05 3.11751e-05 4.51985e-05 4.51891e-05 2.94987e-05 2.49217e-05
threshold=2.4353400222965447 0.064796071375018763 0.0030511078011544739 18.017241379310349 0.03578893547578766 0.12858018487483494 0.0010531861793577903 -0.0015661716730196449 0.51382517838939867 4.140135439362421 -0.77290076335877844 1.0000000180025095e-35 44.500000000000007 123.50000000000001 -0.095293485085852211 -0.60278952562873644 0.78156090022215785
decision_type=2 2 2 2 2 2 2 2 2 2 8 10 2 2 2 2 2
left_child=1 -1 5 4 7 6 10 -2 9 -7 -3 -10 -12 -14 -15 -9 -16
right_child=3 2 -4 -5 -6 8 -8 15 11 -11 12 -13 13 14 16 -17 -18
leaf_value=-9.2208978422365709e-06 6.0532204348243165e-06 2.5085297749569626e-06 -8.2268333235705525e-06 1.0389075360546354e-05 8.1797577014939386e-06 -3.8112379807428256e-06 -5.6125013920113206e-06 -2.8818359369029939e-06 2.1477661689589968e-06 3.4245622003633571e-06 -4.4927619401717054e-06 7.632726898687976e-06 1.3793829585575672e-06 -4.8224118021145604e-06 -2.5274873692006475e-06 9.9424285332053809e-07 1.6040853762515227e-06
leaf_weight=1204 1041 1597 1042 1063 1015 1572 1665 1131 1643 1286 1013 1032 1927 1378 1011 1753 1034
leaf_count=1204 1041 1597 1042 1063 1015 1572 1665 1131 1643 1286 1013 1032 1927 1378 1011 1753 1034
internal_value=-2.13006e-08 -1.41517e-06 -8.35038e-07 4.01982e-06 2.64927e-06 -3.26907e-07 -1.53493e-06 1.2191e-06 1.77453e-06 -5.5538e-07 -6.82025e-07 4.26383e-06 -1.4828e-06 -9.12874e-07 -2.20332e-06 -5.25813e-07 -4.38466e-07
internal_weight=23407 17404 16200 6003 4940 15158 9625 3925 5533 2858 7960 2675 6363 5350 3423 2884 2045
internal_count=23407 17404 16200 6003 4940 15158 9625 3925 5533 2858 7960 2675 6363 5350 3423 2884 2045
is_linear=0
shrinkage=0.0187118


Tree=91
num_leaves=18
num_cat=0
split_feature=16 36 0 36 4 37 7 36 9 17 19 55 4 19 7 55 47
split_gain=0.000280626 0.000176643 0.000123193 0.000171935 0.000102936 9.3883e-05 5.66772e-05 4.82855e-05 3.5331e-05 4.18787e-05 3.93451e-05 2.91468e-05 2.84703e-05 3.64963e-05 2.70712e-05 1.25903e-05 2.03925e-05
threshold=0.54605263157894746 0.0031670645348953479 121.50000000000001 -0.001833182108411435 -0.0051656396630674417 0.0016326541492073245 0.48871557783154745 -0.0010476692240991568 -0.77290076335877844 -0.39005222199467537 -0.26719045325551954 16751.500000000004 -0.48039742212674541 0.027249287750612087 0.23593948035487963 37749.500000000007 -26.643518518505036
decision_type=2 2 2 2 2 2 8 2 10 10 2 2 2 2 10 2 2
left_child=1 4 3 -2 5 7 -7 -1 11 -10 -11 -9 -5 -14 -12 16 -16
right_child=2 -3 -4 12 -6 6 -8 8 9 10 14 -13 13 -15 15 -17 -18
leaf_value=2.7529791547744483e-06 1.0895089556121306e-05 -8.8741471699060396e-06 -2.4627965443595779e-06 1.1235895160157262e-07 4.984200051850449e-06 -7.3142682941158614e-06 -1.3574050230544467e-06 3.0386045285418316e-06 -4.0242219787634277e-06 -3.2586252423119257e-06 -1.8344750882704204e-06 -1.1367837757769873e-06 1.9523669338742828e-06 6.0244018782816983e-06 1.9509156625793295e-06 2.4758694177574391e-06 -1.6133848091723102e-06
leaf_weight=1362 1137 1012 1092 1098 1005 1277 995 1241 1842 1798 1934 1108 1899 1297 1085 1203 1166
leaf_count=1362 1137 1012 1092 1098 1005 1277 995 1241 1842 1798 1934 1108 1899 1297 1085 1203 1166
internal_value=-2.81995e-08 -1.2924e-06 3.27195e-06 4.42502e-06 -8.13337e-07 -1.20149e-06 -4.70552e-06 -5.76543e-07 -9.75138e-07 -1.50703e-06 -8.61797e-07 1.06911e-06 2.71182e-06 3.60488e-06 -6.19644e-08 9.30518e-07 1.04635e-07
internal_weight=23551 17028 6523 5431 16016 15011 2272 12739 11377 9028 7186 2349 4294 3196 5388 3454 2251
internal_count=23551 17028 6523 5431 16016 15011 2272 12739 11377 9028 7186 2349 4294 3196 5388 3454 2251
is_linear=0
shrinkage=0.0187118


Tree=92
num_leaves=19
num_cat=0
split_feature=20 20 19 43 36 20 19 52 19 16 31 55 20 23 0 22 49 49
split_gain=0.000424497 0.000222979 0.000213821 0.000155337 0.000121253 0.000112237 6.98838e-05 6.91306e-05 6.85564e-05 6.44681e-05 6.08041e-05 5.38635e-05 5.08845e-05 3.10356e-05 3.57971e-05 2.79862e-05 1.9225e-05 1.38467e-05
threshold=1.147923253808566 0.064796071375018763 0.056170471165426512 -0.003225806451612911 0.0016326541492073245 13.455555555555557 0.04361651913038856 0.19097994088765699 -1.4350140563321074 0.47086466165413537 66.500000000000014 31375.000000000004 2.8870581982460806 1.0000000180025095e-35 41.500000000000007 -0.80130099318722803 41.107451441208873 35.348443710100831
decision_type=2 2 2 2 2 2 2 2 2 2 2 2 2 8 2 8 2 2
left_child=1 -1 3 -2 6 8 11 -4 -5 -8 -10 15 17 14 -11 -3 -13 -12
right_child=2 4 7 5 -6 -7 9 -9 10 13 12 16 -14 -15 -16 -17 -18 -19
leaf_value=-9.9055321195409631e-06 7.5551871980663892e-06 -2.6122433719476597e-06 4.9284544043562643e-06 -3.9217105527046503e-06 -6.483277937917048e-06 6.095878947261681e-06 -2.3007754513506361e-06 1.1574950450474722e-05 -3.04919314575202e-06 -1.124424335923638e-06 1.6043465210445299e-06 1.5318269065955089e-06 4.9552310242862644e-06 4.0890361853169432e-06 3.3769576312275149e-06 -6.6910466227065389e-06 -2.1391655856483628e-06 -1.4448656433453098e-06
leaf_weight=1220 1221 1287 1212 1623 1494 1014 1893 1000 1194 1560 1069 996 1198 1439 1025 1086 1002 1018
leaf_count=1220 1221 1287 1212 1623 1494 1014 1893 1000 1194 1560 1069 996 1198 1439 1025 1086 1002 1018
internal_value=-2.76719e-08 -2.29049e-06 2.76132e-06 1.38911e-06 -1.50197e-06 3.31097e-07 -7.78591e-07 7.9332e-06 -6.26865e-07 5.46904e-07 5.67046e-07 -2.57291e-06 1.88144e-06 1.88653e-06 6.60455e-07 -4.4789e-06 -3.0918e-07 1.16996e-07
internal_weight=23551 13002 10549 8337 11782 7116 10288 2212 6102 5917 4479 4371 3285 4024 2585 2373 1998 2087
internal_count=23551 13002 10549 8337 11782 7116 10288 2212 6102 5917 4479 4371 3285 4024 2585 2373 1998 2087
is_linear=0
shrinkage=0.0187118


Tree=93
num_leaves=18
num_cat=0
split_feature=20 20 37 19 20 36 24 19 16 19 31 55 20 9 9 22 13
split_gain=0.000408759 0.000214712 0.000210362 0.000194138 0.00014742 0.000116758 7.49529e-05 6.7293e-05 6.2078e-05 5.74818e-05 6.35311e-05 5.18666e-05 4.23742e-05 3.76063e-05 3.66383e-05 2.8608e-05 1.06034e-05
threshold=1.147923253808566 0.064796071375018763 -0.0029962563628366241 0.22396393002438944 14.455555555555557 0.0016326541492073245 -999.99999999999625 0.04361651913038856 0.47086466165413537 -0.51099527014429202 67.500000000000014 31375.000000000004 2.4921855921855927 -0.45706106870229002 -0.39599236641221369 -0.90108590474142558 -0.12061381543153071
decision_type=2 2 2 2 2 2 10 2 2 2 2 2 2 8 10 10 8
left_child=1 -1 -2 4 6 7 -4 11 -9 -8 -11 13 -12 -3 15 -10 -13
right_child=2 5 3 -5 -6 -7 9 8 14 10 12 16 -14 -15 -16 -17 -18
leaf_value=-9.720181598835233e-06 1.0888523117705278e-05 -2.3934597601713448e-06 -4.541010860965672e-06 8.9307682334018887e-06 7.2472549236474679e-06 -6.3619640233511933e-06 -1.9693689782598757e-06 -2.2577237778508575e-06 5.6612598684599982e-06 -1.7462952693205975e-06 1.5382124517576368e-06 1.0597456794552967e-06 6.0523010206504082e-06 -7.1672050035063658e-06 -3.8568219478140967e-07 1.5676533232697904e-06 -1.6665376660532478e-06
leaf_weight=1220 997 1378 1131 1189 1096 1494 1933 1893 1026 1183 1795 999 1225 995 1566 1432 999
leaf_count=1220 997 1378 1131 1189 1096 1494 1933 1893 1026 1183 1795 999 1225 995 1566 1432 999
internal_value=-2.71541e-08 -2.24763e-06 2.70966e-06 1.85598e-06 8.50127e-07 -1.47386e-06 -1.1468e-07 -7.64022e-07 5.36671e-07 7.0119e-07 1.92941e-06 -2.52476e-06 3.36926e-06 -4.39509e-06 1.85123e-06 3.27638e-06 -3.03395e-07
internal_weight=23551 13002 10549 9552 8363 11782 7267 10288 5917 6136 4203 4371 3020 2373 4024 2458 1998
internal_count=23551 13002 10549 9552 8363 11782 7267 10288 5917 6136 4203 4371 3020 2373 4024 2458 1998
is_linear=0
shrinkage=0.0187118


Tree=94
num_leaves=19
num_cat=0
split_feature=36 15 38 16 0 36 19 27 38 0 17 12 17 15 25 31 51 15
split_gain=0.000256296 0.000213678 0.000110926 0.000105803 8.06938e-05 7.48142e-05 6.50852e-05 6.05263e-05 5.62207e-05 4.01323e-05 3.91281e-05 3.80219e-05 3.77841e-05 3.07153e-05 2.99286e-05 2.3121e-05 1.76942e-05 1.12686e-05
threshold=-0.003055769545019515 0.035570054492828004 0.003192340421195317 0.53101503759398505 77.500000000000014 0.0015048917474408399 -0.032580591024997212 -10.526012566311719 -0.0015760451079261937 22.500000000000004 -0.11274904186536379 -0.24522900763358776 -0.39345140575173337 0.11284941935469968 -0.49698614391840862 113.50000000000001 66.666666666667467 0.091898934874340407
decision_type=2 8 2 2 2 2 2 10 2 2 8 8 10 10 2 2 2 10
left_child=-1 2 15 4 5 8 9 -6 -3 -5 13 -12 -10 -8 16 -2 -14 -16
right_child=1 3 -4 6 7 -7 10 -9 12 -11 11 -13 14 -15 17 -17 -18 -19
leaf_value=8.7337081282604116e-06 -7.882039038442659e-07 3.2124644059415496e-06 -9.2439639027549271e-06 2.4138811730600551e-06 5.8778893301336196e-06 -5.8575289843793695e-06 4.3990456850776392e-06 -2.9877440378269185e-07 -4.1290570674873008e-06 -2.4445246910492011e-06 3.0921442047959554e-06 8.2280676767836123e-06 -3.7663975543175919e-06 -1.0589940850016123e-07 1.799190563734561e-06 -3.8876078123019984e-06 -4.6050646703635432e-07 -4.4739959346126106e-07
leaf_weight=1114 1594 1075 1110 1145 1032 1158 994 1203 1403 1240 1020 999 1297 1135 1320 1788 1007 1917
leaf_count=1114 1594 1075 1110 1145 1032 1158 994 1203 1403 1240 1020 999 1297 1135 1320 1788 1007 1917
internal_value=-2.6646e-08 -4.61599e-07 -4.11136e-06 4.52012e-07 -6.35087e-07 -1.41159e-06 2.35098e-06 2.55327e-06 -7.69566e-07 -1.12081e-07 3.76719e-06 5.6334e-06 -1.38602e-06 1.99739e-06 -6.91479e-07 -2.4268e-06 -2.32151e-06 4.68725e-07
internal_weight=23551 22437 4492 17945 11412 9177 6533 2235 8019 2385 4148 2019 6944 2129 5541 3382 2304 3237
internal_count=23551 22437 4492 17945 11412 9177 6533 2235 8019 2385 4148 2019 6944 2129 5541 3382 2304 3237
is_linear=0
shrinkage=0.0187118


Tree=95
num_leaves=19
num_cat=0
split_feature=20 20 19 43 36 20 1 19 19 54 20 55 45 52 9 10 49 18
split_gain=0.000389559 0.000205561 0.000197854 0.000145257 0.000104075 0.000103406 7.47466e-05 6.3616e-05 6.31086e-05 6.46863e-05 6.19332e-05 4.97712e-05 4.51789e-05 5.35596e-05 3.59404e-05 3.11503e-05 1.84603e-05 1.41929e-05
threshold=1.147923253808566 0.060213074520303438 0.056170471165426512 -0.003225806451612911 0.0016326541492073245 13.455555555555557 115.29248493150162 -1.4350140563321074 0.04361651913038856 0.87146255782622817 0.34619520264681564 31375.000000000004 -0.0016597521804047053 0.19197956265114224 -0.45706106870229002 -1.5065789473684206 41.107451441208873 -0.18492886322484614
decision_type=2 2 2 2 2 2 2 2 2 2 2 2 2 2 8 2 2 10
left_child=1 -1 3 -2 8 7 -4 -5 11 10 -10 14 -9 17 -3 -11 -13 -14
right_child=2 4 6 5 -6 -7 -8 12 9 15 -12 16 13 -15 -16 -17 -18 -19
leaf_value=-9.8534285780700179e-06 7.2882731549895183e-06 -2.3851845779136151e-06 3.8613649401663e-06 -3.7908921694896073e-06 -6.0521524653160247e-06 5.8358766144346858e-06 1.0767914060030694e-05 3.8813362670052075e-06 -5.1684157714378085e-06 4.7055131524692981e-06 4.6712623530384245e-07 1.4689079292924698e-06 2.2653832290909726e-06 -4.1536377976136018e-06 -7.0485114904146111e-06 8.0712965064811928e-07 -2.1211978671599098e-06 -6.3263878989025501e-07
leaf_weight=1121 1221 1381 1008 1623 1515 1014 1204 1073 1043 1220 1977 997 1349 1003 996 1743 1009 1054
leaf_count=1121 1221 1381 1008 1623 1515 1014 1204 1073 1043 1220 1977 997 1349 1003 996 1743 1009 1054
internal_value=-2.61474e-08 -2.19384e-06 2.64561e-06 1.32562e-06 -1.47114e-06 3.0252e-07 7.62063e-06 -6.16985e-07 -8.01624e-07 4.48004e-07 -1.47919e-06 -2.50743e-06 5.33104e-07 -5.21696e-07 -4.33919e-06 2.41227e-06 -3.36882e-07 9.94256e-07
internal_weight=23551 13002 10549 8337 11881 7116 2212 6102 10366 5983 3020 4383 4479 3406 2377 2963 2006 2403
internal_count=23551 13002 10549 8337 11881 7116 2212 6102 10366 5983 3020 4383 4479 3406 2377 2963 2006 2403
is_linear=0
shrinkage=0.0187118


Tree=96
num_leaves=18
num_cat=0
split_feature=20 38 19 20 20 20 15 19 21 26 9 47 31 18 20 48 31
split_gain=0.000375682 0.000210211 0.000176934 0.000163187 0.000141356 0.000102945 8.16944e-05 6.91322e-05 6.80973e-05 6.632e-05 5.23873e-05 4.81766e-05 4.80287e-05 4.32043e-05 3.65702e-05 2.52149e-05 2.29949e-05
threshold=0.68214487396683621 -0.0034071649137470956 0.031664368741388678 0.060213074520303438 14.455555555555557 2.0105823068309077 0.024870211233971599 0.13473021895631379 -0.16306197672584263 -0.0091698369160515634 -0.79484732824427462 -47.619047619031718 120.50000000000001 -0.22579031265906233 0.309266714761118 63.817939278629879 176.50000000000003
decision_type=2 2 2 2 2 2 8 2 2 10 10 2 2 10 2 2 2
left_child=3 -2 4 -1 9 15 -5 12 -9 -3 -11 13 -8 -12 -10 -4 -13
right_child=1 2 5 6 -6 -7 7 8 14 10 11 16 -14 -15 -16 -17 -18
leaf_value=-9.6690530543120627e-06 1.0014072370142762e-05 -5.0493288512031895e-06 1.0628232608743179e-06 -6.3763437035556325e-06 6.2402113943813923e-06 8.7758261772223109e-06 -1.0681951832510957e-06 4.4850176424254296e-06 -3.5868409166436945e-06 3.0423798236902176e-06 3.7055609505651732e-06 -1.2646186969184518e-06 -5.4917528913114015e-06 -1.253780335583905e-06 1.2240870056479218e-06 4.7851349110998993e-06 -4.5031190379863763e-06
leaf_weight=1121 1029 1220 1744 1285 1059 1323 1890 1108 1114 1316 1057 1792 1576 1471 1099 1004 1343
leaf_count=1121 1029 1220 1744 1285 1059 1323 1890 1108 1114 1316 1057 1792 1576 1471 1099 1004 1343
internal_value=-2.56581e-08 1.86539e-06 1.23631e-06 -2.97918e-06 -1.93286e-07 4.48741e-06 -2.05012e-06 -1.23102e-06 6.98263e-07 -1.02425e-06 -3.20626e-07 -1.10214e-06 -3.0796e-06 8.19804e-07 -1.19768e-06 2.4228e-06 -2.65196e-06
internal_weight=23551 14358 13329 9193 9258 4071 8072 6787 3321 8199 6979 5663 3466 2528 2213 2748 3135
internal_count=23551 14358 13329 9193 9258 4071 8072 6787 3321 8199 6979 5663 3466 2528 2213 2748 3135
is_linear=0
shrinkage=0.0187118


Tree=97
num_leaves=18
num_cat=0
split_feature=20 37 20 19 20 36 31 19 19 54 20 55 21 9 18 31 25
split_gain=0.000363167 0.000192072 0.000190891 0.000174637 0.000134694 0.000104233 6.20892e-05 9.97887e-05 5.99358e-05 6.17351e-05 5.50208e-05 4.80237e-05 3.5538e-05 3.50993e-05 2.94985e-05 2.87159e-05 7.95239e-06
threshold=1.147923253808566 -0.0029962563628366241 0.064796071375018763 0.22396393002438944 7.9848484848484862 0.0016326541492073245 51.500000000000007 -0.51099527014429202 0.04361651913038856 0.87146255782622817 0.45796355925547794 31375.000000000004 -0.19071501399687188 -0.45706106870229002 -0.15519758637510719 188.50000000000003 -1.0000000180025095e-35
decision_type=2 2 2 2 2 2 2 2 2 2 2 2 2 8 10 2 2
left_child=2 -2 -1 4 6 8 -3 15 11 10 -10 13 -11 -4 -9 -8 -13
right_child=1 3 5 -5 -6 -7 7 14 9 12 -12 16 -14 -15 -16 -17 -18
leaf_value=-9.1640106342009553e-06 1.0369717840865541e-05 -4.6090242234187067e-06 -2.2455361220237371e-06 8.4488274773141297e-06 5.1363671402568088e-06 -6.0070503121640913e-06 -6.0964957576586782e-07 3.811752778315004e-06 -4.1014148605524259e-06 5.0644259266528146e-06 9.7267519337920154e-07 -1.4237887805637239e-06 8.1415595769012854e-07 -6.8574217931403342e-06 1.7177356274466045e-07 -4.9773563205779059e-06 9.3721760792639572e-07
leaf_weight=1220 997 1078 1378 1189 1919 1494 1024 1963 1389 1122 1622 998 1784 995 1293 1086 1000
leaf_count=1220 997 1078 1378 1189 1919 1494 1024 1963 1389 1122 1622 998 1784 995 1293 1086 1000
internal_value=-2.5178e-08 2.55449e-06 -2.11816e-06 1.73877e-06 7.84771e-07 -1.38857e-06 -5.11118e-07 3.12128e-07 -7.1789e-07 5.09643e-07 -1.36804e-06 -2.37959e-06 2.45518e-06 -4.1793e-06 2.36627e-06 -2.85767e-06 -2.42103e-07
internal_weight=23551 10549 13002 9552 8363 11782 6444 5366 10288 5917 3011 4371 2906 2373 3256 2110 1998
internal_count=23551 10549 13002 9552 8363 11782 6444 5366 10288 5917 3011 4371 2906 2373 3256 2110 1998
is_linear=0
shrinkage=0.0187118


Tree=98
num_leaves=19
num_cat=0
split_feature=25 52 52 31 17 52 27 51 31 27 9 37 25 0 10 17 1 12
split_gain=0.000190695 0.000161312 0.000140421 0.000128286 9.75891e-05 0.000100456 8.42781e-05 6.71222e-05 5.38729e-05 4.82937e-05 4.54672e-05 3.64225e-05 3.53063e-05 3.18343e-05 2.76772e-05 1.8441e-05 1.53209e-05 9.06859e-06
threshold=-0.49698614391840862 0.34886973641768743 0.31407658132525668 22.500000000000004 -0.13641716158099523 0.22947859096834008 -124.72509190063546 72.222222222222001 122.50000000000001 -124.72509190063546 -0.22423664122137402 -0.0012894911872297075 -0.99301190378797333 66.500000000000014 -1.5441729323308266 -0.32464856206664516 114.0596403647058 -0.44561068702290069
decision_type=2 2 2 2 10 2 10 2 2 8 10 2 2 2 2 10 2 10
left_child=2 3 6 -2 8 10 -1 12 9 -5 11 -6 15 -9 -10 -8 -16 -13
right_child=1 -3 -4 4 5 -7 7 13 14 -11 -12 17 -14 -15 16 -17 -18 -19
leaf_value=3.9674924399012404e-06 -5.5731737681292919e-06 8.4512657732963803e-06 -6.8612595530362953e-06 -1.2982465633846037e-06 6.0911243411803317e-06 8.5496780532095614e-06 -3.7671369930685552e-06 -9.7471044633505018e-07 4.6946294710976453e-07 3.8753827840274028e-06 -7.5442061119377948e-07 3.0739425328950322e-06 -5.2656163461098676e-06 3.1226781946890817e-06 -1.4667997356111231e-06 -5.2797969016953765e-07 -4.6435651488082711e-06 6.4790504342567403e-07
leaf_weight=1062 1000 1062 1699 1077 1059 1000 1008 1791 1152 1528 1437 1073 1692 1055 1015 1580 1116 1085
leaf_count=1062 1000 1062 1699 1077 1059 1000 1008 1791 1152 1528 1437 1073 1692 1055 1015 1580 1116 1085
internal_value=1.17766e-08 1.44903e-06 -1.96581e-06 8.56115e-07 1.41315e-06 3.16898e-06 -9.50014e-07 -1.68288e-06 -2.72898e-07 1.73642e-06 2.01283e-06 3.24893e-06 -3.16376e-06 5.44173e-07 -1.86726e-06 -1.7896e-06 -3.13047e-06 1.85418e-06
internal_weight=23491 13604 9887 12542 11542 5654 8188 7126 5888 2605 4654 3217 4280 2846 3283 2588 2131 2158
internal_count=23491 13604 9887 12542 11542 5654 8188 7126 5888 2605 4654 3217 4280 2846 3283 2588 2131 2158
is_linear=0
shrinkage=0.0187118


Tree=99
num_leaves=16
num_cat=0
split_feature=20 31 24 31 37 20 19 15 18 0 31 9 19 22 47
split_gain=0.000315175 0.000226934 0.000217587 0.000158849 0.000136052 8.43115e-05 6.02781e-05 5.20522e-05 4.69247e-05 3.59322e-05 3.76654e-05 3.39138e-05 3.31945e-05 1.98755e-05 1.79125e-05
threshold=7.6545092838196309 22.500000000000004 1.0000000000001068 159.50000000000003 0.0030511078011544739 0.68214487396683621 0.14503404644183251 0.030562494274702187 -0.20548674866388839 65.500000000000014 126.50000000000001 -0.77290076335877844 -2.2193119230179543 -0.92819543431858464 -35.087719298207226
decision_type=2 2 10 2 2 2 2 10 10 2 2 10 2 8 2
left_child=1 -1 4 -2 5 7 11 -3 -4 10 -9 -7 -13 -14 -15
right_child=3 2 8 -5 -6 6 -8 9 -10 -11 -12 12 13 14 -16
leaf_value=-7.7781151392090249e-06 1.0653751349354311e-05 -5.3132851221034232e-06 5.9105462187769038e-06 9.1085408975174358e-07 -7.0613790564113125e-06 2.4815894941308559e-06 3.9339404872129421e-06 -2.8653856829733754e-07 1.7605518338707655e-06 1.2284816351230976e-06 -4.0445117290612943e-06 -3.9147517953535091e-06 -2.3227485714047347e-06 2.2101870879750038e-06 -7.054909461000917e-07
leaf_weight=1482 1359 1465 1899 1030 1256 1347 1577 1765 1917 1411 1983 999 1043 1407 1551
leaf_count=1482 1359 1465 1899 1030 1256 1347 1577 1765 1917 1411 1983 999 1043 1407 1551
internal_value=1.15562e-08 -7.17712e-07 -1.84403e-07 6.45317e-06 -1.15269e-06 -6.42563e-07 6.5984e-07 -2.20057e-06 3.82576e-06 -1.31665e-06 -2.27482e-06 -1.53655e-07 -8.6359e-07 -1.01752e-07 6.81377e-07
internal_weight=23491 21102 19620 2389 15804 14548 7924 6624 3816 5159 3748 6347 5000 4001 2958
internal_count=23491 21102 19620 2389 15804 14548 7924 6624 3816 5159 3748 6347 5000 4001 2958
is_linear=0
shrinkage=0.0187118


Tree=100
num_leaves=18
num_cat=0
split_feature=20 31 24 31 36 20 52 19 52 54 31 19 20 0 25 51 51
split_gain=0.00030349 0.000218521 0.00020952 0.00015296 0.000145693 8.89907e-05 0.000105081 7.56297e-05 6.99143e-05 4.56515e-05 4.30721e-05 4.44795e-05 3.91301e-05 3.47447e-05 2.4236e-05 2.38516e-05 1.86168e-05
threshold=7.6545092838196309 22.500000000000004 1.0000000000001068 159.50000000000003 0.0019743355863757199 0.495432932932933 0.202809008490792 0.14503404644183251 0.17850984204699796 -0.07107801220419406 144.50000000000003 -0.31520203538118702 1.5966726003012461 5.5000000000000009 -0.49747219673295445 82.962962962963246 50.925925925927153
decision_type=2 2 10 2 2 2 2 2 2 2 2 2 2 2 2 2 2
left_child=1 -1 4 -2 5 6 13 10 16 -9 14 -12 -13 -3 -7 -15 -4
right_child=3 2 8 -5 -6 7 -8 9 -10 -11 11 12 -14 15 -16 -17 -18
leaf_value=-7.6325725415145384e-06 1.0454400359561018e-05 -4.0355709347050319e-06 -7.4149912661817531e-08 8.9381032119778112e-07 -6.8140532702044024e-06 -6.7889218358243149e-07 -7.7615257311152672e-06 8.6870021639026109e-07 6.6794301040699402e-06 6.434596954723544e-06 -3.9150518927781611e-06 -1.9564885250705507e-06 2.8439037299195922e-06 -1.4075203800271752e-06 2.6780173233425023e-06 2.1222077493677078e-06 3.3887479571114306e-06
leaf_weight=1482 1359 1070 1151 1030 1436 1284 1075 1023 1635 1041 1732 1460 1003 1786 1821 1073 1030
leaf_count=1482 1359 1070 1151 1030 1436 1284 1075 1023 1635 1041 1732 1460 1003 1786 1821 1073 1030
internal_value=1.134e-08 -7.04282e-07 -1.80953e-07 6.33242e-06 -1.13112e-06 -5.63143e-07 -2.57762e-06 5.13366e-07 3.75418e-06 3.67592e-06 -3.80813e-07 -1.61738e-06 -1.63831e-09 -1.15927e-06 1.28985e-06 -8.27911e-08 1.56124e-06
internal_weight=23491 21102 19620 2389 15804 14368 5004 9364 3816 2064 7300 4195 2463 3929 3105 2859 2181
internal_count=23491 21102 19620 2389 15804 14368 5004 9364 3816 2064 7300 4195 2463 3929 3105 2859 2181
is_linear=0
shrinkage=0.0187118


Tree=101
num_leaves=18
num_cat=0
split_feature=20 31 24 31 36 20 52 19 52 54 40 0 31 19 20 3 22
split_gain=0.000292239 0.00021042 0.000201765 0.000147289 0.000141051 9.39045e-05 0.000106178 8.10507e-05 6.545e-05 5.9307e-05 5.20618e-05 3.96337e-05 3.38733e-05 2.97221e-05 3.58858e-05 2.41103e-05 1.38644e-05
threshold=7.6545092838196309 22.500000000000004 499.99999999993611 159.50000000000003 0.0030326021980042754 0.495432932932933 0.20672081706403328 0.12388396056481811 0.17850984204699796 1.0165795564278388 0.0015209134270631754 5.5000000000000009 103.50000000000001 -0.19708317084393909 1.5966726003012461 -0.16008097041622352 -0.83976920324427462
decision_type=2 2 10 2 2 2 2 2 2 2 2 2 2 2 2 2 10
left_child=1 -1 4 -2 5 6 11 10 16 -9 12 -3 -7 -14 -15 -13 -4
right_child=3 2 8 -5 -6 7 -8 9 -10 -11 -12 15 13 14 -16 -17 -18
leaf_value=-7.4897532017848699e-06 1.0258779535379321e-05 -4.316291589915632e-06 3.0636109896912493e-06 8.7708551104192421e-07 -7.9002067172633229e-06 2.3693872146758905e-06 -7.9949956407501755e-06 8.7043933036056118e-07 6.6482564555210232e-06 6.9505268304177049e-06 -4.0544964355315062e-06 2.005463640649484e-06 -2.4579001364538681e-06 -1.1644140448968668e-06 3.4076025569851359e-06 -1.4587960378547429e-06 4.3680784918031411e-08
leaf_weight=1482 1359 1133 1112 1030 999 1787 1044 1280 1574 1001 1205 1095 1890 1516 996 1967 1021
leaf_count=1482 1359 1133 1112 1030 999 1787 1044 1280 1574 1001 1205 1095 1890 1516 996 1967 1021
internal_value=1.11278e-08 -6.91104e-07 -1.77567e-07 6.21393e-06 -1.09342e-06 -6.37471e-07 -2.6552e-06 4.55127e-07 3.7539e-06 3.53864e-06 -4.96116e-07 -1.3263e-06 1.96701e-07 -6.85305e-07 6.48375e-07 -2.19943e-07 1.61807e-06
internal_weight=23491 21102 19620 2389 15913 14914 5239 9675 3707 2281 7394 4195 6189 4402 2512 3062 2133
internal_count=23491 21102 19620 2389 15913 14914 5239 9675 3707 2281 7394 4195 6189 4402 2512 3062 2133
is_linear=0
shrinkage=0.0187118


Tree=102
num_leaves=19
num_cat=0
split_feature=20 31 24 31 15 52 31 31 20 19 20 52 48 31 17 20 51 11
split_gain=0.000281405 0.000202619 0.000194285 0.000141829 0.000126673 0.000114944 7.82933e-05 8.36739e-05 7.03892e-05 6.63691e-05 6.48568e-05 6.30235e-05 5.61618e-05 4.79502e-05 4.20757e-05 2.34518e-05 1.92725e-05 1.61159e-05
threshold=7.6545092838196309 22.500000000000004 499.99999999993611 159.50000000000003 0.030562494274702187 0.19444148919142903 127.50000000000001 237.50000000000003 0.45796355925547794 -0.47924820161863119 0.24619250096637033 0.17850984204699796 66.580529515308271 88.500000000000014 -0.11469273865597845 0.68214487396683621 50.925925925927153 -0.47041984732824421
decision_type=2 2 10 2 8 2 2 2 2 2 2 2 2 2 10 2 2 10
left_child=1 -1 4 -2 5 15 10 8 -8 -10 -6 16 13 -12 17 -3 -4 -11
right_child=3 2 11 -5 6 -7 7 -9 9 14 12 -13 -14 -15 -16 -17 -18 -19
leaf_value=-7.3496063309179489e-06 1.0066819141922063e-05 -3.7009046089404113e-06 -7.6921269992243605e-08 8.6067365834080977e-07 -2.2116466017945039e-06 -9.3894181932859758e-06 -5.9101270099994231e-06 2.5483822900223294e-06 -4.8656132580200095e-06 4.4913286840061696e-07 -7.6269769799141101e-07 6.5238555456341112e-06 5.9770842668344717e-06 4.3431819526626237e-06 3.3793588125426198e-06 2.1170171506564979e-07 3.4881702209253829e-06 -2.7555567878579126e-06
leaf_weight=1482 1359 1161 1137 1030 1238 1072 1525 1466 1275 1032 1686 1574 1250 1042 994 997 996 1175
leaf_count=1482 1359 1161 1137 1030 1238 1072 1525 1466 1275 1032 1686 1574 1250 1042 994 997 996 1175
internal_value=1.09196e-08 -6.78172e-07 -1.74244e-07 6.09766e-06 -1.07296e-06 -4.38116e-06 -2.30453e-07 -1.4592e-06 -2.43823e-06 -1.25533e-06 1.52857e-06 3.68365e-06 2.69257e-06 1.18757e-06 1.82696e-07 -1.89327e-06 1.58779e-06 -1.25703e-06
internal_weight=23491 21102 19620 2389 15913 3230 12683 7467 6001 4476 5216 3707 3978 2728 3201 2158 2133 2207
internal_count=23491 21102 19620 2389 15913 3230 12683 7467 6001 4476 5216 3707 3978 2728 3201 2158 2133 2207
is_linear=0
shrinkage=0.0187118


Tree=103
num_leaves=19
num_cat=0
split_feature=20 37 0 35 24 52 20 52 19 52 39 9 48 3 51 18 0 51
split_gain=0.000270972 0.000160893 0.000138105 0.000122486 0.000143946 0.000119992 6.49171e-05 8.76155e-05 7.14695e-05 5.57119e-05 4.01229e-05 3.6326e-05 3.60432e-05 3.48305e-05 4.18099e-05 2.70723e-05 2.81756e-05 1.82737e-05
threshold=7.6545092838196309 0.0020040080160320666 19.500000000000004 1.0000000180025095e-35 499.99999999993611 0.18105773102688374 0.51382517838939867 0.20672081706403328 0.14503404644183251 0.17850984204699796 0.0013670546373334427 -0.76240458015267165 54.180446693783729 -0.21439281606951241 77.777777777777416 -0.10385988521439798 19.500000000000004 50.925925925927153
decision_type=2 2 2 2 10 2 2 2 2 2 2 10 2 2 2 10 2 2
left_child=1 3 -3 4 6 -2 7 13 10 17 11 -8 -10 -1 -15 16 -13 -6
right_child=5 2 -4 -5 9 -7 8 -9 12 -11 -12 15 -14 14 -16 -17 -18 -19
leaf_value=1.6059769231146643e-06 1.6634479178709154e-06 -1.0093906958788002e-05 -6.0782726781308053e-07 -6.2982286430525041e-06 -7.2810727060542055e-08 1.0054296172290551e-05 3.0548836343717809e-06 -7.2935421091247094e-06 9.4265231446988043e-07 6.1588466773987518e-06 -3.9032145655774321e-06 2.0998295370373432e-06 5.9804492341514648e-06 -4.2846258842724684e-06 3.1959801157325825e-07 -2.452889919840774e-06 -1.4431779851216831e-06 3.3934837653419062e-06
leaf_weight=1180 1159 1113 1039 1059 1143 1230 1136 997 995 1599 1063 1640 994 1546 1248 1844 1509 997
leaf_count=1180 1159 1113 1039 1059 1143 1230 1136 997 995 1599 1063 1640 994 1546 1248 1844 1509 997
internal_value=1.07153e-08 -6.65482e-07 -5.51397e-06 -1.14879e-07 2.51125e-07 5.98356e-06 -6.11589e-07 -2.33389e-06 3.20942e-07 3.51647e-06 -5.47265e-07 3.47823e-08 3.46029e-06 -1.08961e-06 -2.22805e-06 -6.52346e-07 4.0202e-07 1.54209e-06
internal_weight=23491 21102 2152 18950 17891 2389 14152 4971 9181 3739 7192 6129 1989 3974 2794 4993 3149 2140
internal_count=23491 21102 2152 18950 17891 2389 14152 4971 9181 3739 7192 6129 1989 3974 2794 4993 3149 2140
is_linear=0
shrinkage=0.0187118


Tree=104
num_leaves=16
num_cat=0
split_feature=20 31 20 38 52 48 9 40 16 31 31 31 51 11 31
split_gain=0.000263139 0.000178466 0.000203322 0.00018144 0.000157112 0.000112137 8.46641e-05 5.50919e-05 4.36571e-05 3.92127e-05 6.48725e-05 5.3847e-05 2.73537e-05 1.99328e-05 1.33149e-05
threshold=18.017241379310349 22.500000000000004 0.6310612416107384 -0.0031670645348954025 0.202809008490792 80.97073446853814 -0.51049618320610668 0.0015209134270631754 0.51973684210526327 212.50000000000003 127.50000000000001 91.500000000000014 42.592592592595373 -0.38645038167938922 183.50000000000003
decision_type=2 2 2 2 2 2 10 2 2 2 2 2 2 10 2
left_child=1 -1 4 -4 9 7 -6 8 13 10 11 -3 -10 14 -5
right_child=-2 2 3 5 6 -7 -8 -9 12 -11 -12 -13 -14 -15 -16
leaf_value=-6.1778493203649117e-06 9.2305939614819505e-06 -2.2211367515649301e-06 9.1493435048940527e-06 -4.3350847873172376e-07 -3.0825734017873424e-06 5.3702308466570555e-06 -1.0529136203993988e-05 -3.502279268512812e-06 5.9833565018116181e-07 2.5391924653996003e-06 -4.0735974898126154e-06 2.9855519745271331e-06 3.7848610046114942e-06 1.015123322432611e-06 -2.9392393997044731e-06
leaf_weight=1736 1036 1380 1007 1932 1127 1668 1017 1275 1897 1076 1913 1402 1876 1943 1206
leaf_count=1736 1036 1380 1007 1932 1127 1668 1017 1275 1897 1076 1913 1402 1876 1943 1206
internal_value=1.05148e-08 -4.14869e-07 6.79981e-08 1.52539e-06 -2.28961e-06 8.74604e-07 -6.61483e-06 1.34283e-07 6.57959e-07 -6.82731e-07 -1.42113e-06 4.02794e-07 2.18273e-06 -4.74292e-07 -1.39651e-06
internal_weight=23491 22455 20719 12804 7915 11797 2144 10129 8854 5771 4695 2782 3773 5081 3138
internal_count=23491 22455 20719 12804 7915 11797 2144 10129 8854 5771 4695 2782 3773 5081 3138
is_linear=0
shrinkage=0.0187118


Tree=105
num_leaves=19
num_cat=0
split_feature=36 39 17 52 31 16 10 54 1 52 19 27 51 31 18 31 7 1
split_gain=0.000209351 0.000182076 9.07789e-05 8.18543e-05 0.000110579 6.24326e-05 4.69615e-05 4.65315e-05 3.72914e-05 3.4855e-05 3.26539e-05 3.63325e-05 3.39579e-05 2.83629e-05 2.70635e-05 2.18799e-05 1.65952e-05 8.31191e-06
threshold=-0.0028149204651254918 0.0032180229999326797 -0.11775182118720924 0.30213559502178183 29.500000000000004 0.45300751879699253 -1.482142857142857 10.933840518404631 624.12980367585646 0.16851496608626443 -0.073883647029994379 -1.7976931348623157e+308 40.740740740740399 103.50000000000001 -0.19252810732153128 124.50000000000001 0.2293917069938933 47.520548088065375
decision_type=2 2 8 2 2 2 2 2 2 2 2 8 2 2 10 2 10 2
left_child=-1 2 5 4 -4 6 -2 10 13 -8 12 -12 -7 -6 -15 -9 -13 -18
right_child=1 -3 3 -5 8 7 9 15 -10 -11 11 16 -14 14 -16 -17 17 -19
leaf_value=7.7158100457236675e-06 -6.2216655951133704e-07 -6.4985556800174252e-06 -4.8203232223369658e-06 6.5679967681441927e-06 5.0833089120809054e-06 -5.2850212777221737e-06 -2.5172154770997215e-06 4.1781062083765709e-06 -9.7665757956907429e-07 -7.1875121889228263e-06 -2.8349792498680169e-06 -6.0213652412205698e-07 -6.7284182901358805e-07 3.5175751490674394e-06 -9.9984737518608155e-08 4.9098412245943717e-07 9.2282515973696258e-07 3.2719088708356668e-06
leaf_weight=1144 1792 1637 1011 1019 1278 994 1207 1072 1204 1043 1152 1376 1277 1471 1426 1188 1111 1004
leaf_count=1144 1792 1637 1011 1019 1278 994 1207 1072 1204 1043 1152 1376 1277 1471 1426 1188 1111 1004
internal_value=-9.07346e-08 -4.91898e-07 -1.51507e-08 1.64284e-06 8.57433e-07 -9.44633e-07 -2.88218e-06 -9.09624e-08 1.92459e-06 -4.68216e-06 -8.52866e-07 4.64822e-08 -2.69156e-06 2.76126e-06 1.73689e-06 2.23992e-06 9.9734e-07 2.03795e-06
internal_weight=23406 22262 20625 7409 6390 13216 4042 9174 5379 2250 6914 4643 2271 4175 2897 2260 3491 2115
internal_count=23406 22262 20625 7409 6390 13216 4042 9174 5379 2250 6914 4643 2271 4175 2897 2260 3491 2115
is_linear=0
shrinkage=0.0187118


Tree=106
num_leaves=21
num_cat=0
split_feature=20 39 19 43 20 20 52 16 13 54 10 19 31 20 1 31 19 52 20 5
split_gain=0.000316545 0.000183954 0.000177754 0.0001054 7.75694e-05 7.70679e-05 6.34488e-05 5.81916e-05 5.11549e-05 7.4207e-05 4.83891e-05 3.8451e-05 5.42763e-05 3.58048e-05 2.47061e-05 4.76073e-05 3.52652e-05 2.16058e-05 1.63062e-05 1.60135e-05
threshold=1.112399732620321 0.0033361157484697039 0.062914533438679157 -0.003225806451612911 7.6545092838196309 0.076230831315577091 0.18807726410477638 0.45018796992481208 -0.45042250314017612 10.697130747680001 -1.5065789473684206 -2.3025547077918271 67.500000000000014 2.8034084809447131 145.25426731704283 114.50000000000001 0.010449544553562619 0.16851496608626443 0.495432932932933 -0.005145212063496273
decision_type=2 2 2 2 2 2 2 2 10 2 2 2 2 2 2 2 2 2 2 2
left_child=1 5 3 -2 11 -1 -4 10 -9 14 -7 -5 -13 19 16 -16 -10 -12 -18 -14
right_child=2 -3 6 4 -6 7 -8 8 9 -11 17 12 13 -15 15 -17 18 -19 -20 -21
leaf_value=-6.1245399800428355e-06 6.0529619441158448e-06 -9.3588739742861295e-06 4.1168049333736772e-06 -3.9536210643066572e-06 3.6163380786471059e-06 2.6164589397375246e-07 1.0545719590328349e-05 -3.6423485679010431e-06 -4.1316441123740729e-06 5.1239419011821871e-06 -2.8383777764914715e-06 -3.8558627815642681e-06 -1.9657514823561997e-06 4.011699310542807e-06 4.2491015164584114e-06 -1.516139812789657e-06 -1.6532971205919446e-06 -6.695800402021645e-06 1.5775521226858795e-06 1.1603865284569448e-06
leaf_weight=1090 1265 1111 1169 1140 1763 1015 995 1147 1033 1078 1031 1027 1022 1007 1002 1004 1031 1003 1165 1308
leaf_count=1090 1265 1111 1169 1140 1763 1015 995 1147 1033 1078 1031 1027 1022 1007 1002 1004 1031 1003 1165 1308
internal_value=-8.90368e-08 -2.08526e-06 2.28306e-06 1.06822e-06 2.00505e-07 -1.38856e-06 7.0728e-06 -8.9734e-07 -7.16603e-09 6.53305e-07 -3.07533e-06 -8.93628e-07 -9.42712e-08 1.0634e-06 -2.67296e-07 1.36361e-06 -1.28049e-06 -4.74054e-06 6.06996e-08 -2.1082e-07
internal_weight=23406 12710 10696 8532 7267 11599 2164 10509 7460 6313 3049 5504 4364 3337 5235 2006 3229 2034 2196 2330
internal_count=23406 12710 10696 8532 7267 11599 2164 10509 7460 6313 3049 5504 4364 3337 5235 2006 3229 2034 2196 2330
is_linear=0
shrinkage=0.0187118


Tree=107
num_leaves=18
num_cat=0
split_feature=20 19 37 43 20 20 30 31 31 1 52 1 15 31 0 19 27
split_gain=0.00030481 0.000171164 0.000168933 0.000101492 8.68736e-05 7.46936e-05 7.27124e-05 8.05747e-05 6.35121e-05 6.89139e-05 6.10965e-05 4.49431e-05 3.93688e-05 3.62233e-05 3.43918e-05 2.40671e-05 2.04696e-05
threshold=1.112399732620321 0.062914533438679157 0.0024081887115248173 -0.003225806451612911 0.076230831315577091 7.6545092838196309 18.500000000000004 122.50000000000001 91.500000000000014 145.25426731704283 0.18807726410477638 115.29248493150162 0.035570054492828004 195.50000000000003 35.500000000000007 0.046785886798673466 458.34674807995469
decision_type=2 2 2 2 2 2 2 2 2 2 2 2 10 2 2 2 10
left_child=2 3 4 -2 -1 12 7 8 9 -6 -3 15 -5 -8 16 -9 -14
right_child=1 10 -4 5 6 -7 13 11 -10 -11 -12 -13 14 -15 -16 -17 -18
leaf_value=-6.33772457828975e-06 5.9397000420096714e-06 4.0397720057398755e-06 -8.5492948421384892e-06 -4.1712131395820644e-06 -4.5818069135478498e-06 3.5486698527698627e-06 1.833980631692149e-07 -4.4466098758169153e-06 3.5121260437591778e-06 1.4264681132897739e-06 1.0348390113306684e-05 -6.6266075194495162e-06 2.396255059021449e-06 4.6500623246159139e-06 -2.4747956745062481e-06 -6.4659146892201702e-07 -7.0975290352107583e-07
leaf_weight=1097 1265 1169 1260 1032 1321 1763 1745 1009 1291 1353 995 1250 1683 1000 1459 1384 1330
leaf_count=1097 1265 1169 1260 1032 1321 1763 1745 1009 1291 1353 995 1250 1683 1000 1459 1384 1330
internal_value=-8.73707e-08 2.24034e-06 -2.04624e-06 1.04823e-06 -1.33062e-06 1.96753e-07 -8.00065e-07 -1.74201e-06 1.03808e-07 -1.54172e-06 6.94045e-06 -3.75097e-06 -8.76907e-07 1.8106e-06 -1.16682e-07 -2.24886e-06 1.0252e-06
internal_weight=23406 10696 12710 8532 11450 7267 10353 7608 3965 2674 2164 3643 5504 2745 4472 2393 3013
internal_count=23406 10696 12710 8532 11450 7267 10353 7608 3965 2674 2164 3643 5504 2745 4472 2393 3013
is_linear=0
shrinkage=0.0187118


Tree=108
num_leaves=17
num_cat=0
split_feature=20 20 31 37 37 31 19 48 31 9 20 31 49 20 12 49
split_gain=0.000293966 0.000170449 0.000229287 0.000166466 0.000141774 0.000117235 0.00011473 0.000110968 6.34549e-05 7.67675e-05 9.95856e-05 4.86676e-05 3.94051e-05 2.37963e-05 2.05775e-05 1.97673e-05
threshold=0.68214487396683621 18.017241379310349 30.500000000000004 -0.0018066862078194854 0.0020060200722731296 144.50000000000003 -0.10420091921289297 65.290720300065701 224.50000000000003 -0.7910305343511449 0.1260686883449032 127.50000000000001 40.383520645605309 1.112399732620321 -0.48759541984732818 12.425280139118042
decision_type=2 2 2 2 2 2 2 2 2 10 2 2 2 2 10 2
left_child=4 2 -2 -4 8 7 12 15 9 -1 -11 14 -7 -8 -12 -5
right_child=1 -3 3 5 -6 6 13 -9 -10 10 11 -13 -14 -15 -16 -17
leaf_value=1.1421014068954545e-06 -5.9640687681991616e-06 8.8500957205837301e-06 7.3087338942912281e-06 -3.288359845487708e-07 -8.5134407020904446e-06 -9.7885759002785146e-07 8.8604516209367033e-08 7.7738366232345472e-06 2.3600768313097172e-06 -8.4571356248704673e-06 -2.0592657132764537e-06 -4.4522573202793361e-06 -5.3222747349146566e-06 3.5402172268523337e-06 1.5622520450381221e-06 2.7265370682772947e-06
leaf_weight=1586 1466 1049 1695 1400 1269 1338 1311 1340 1116 1136 1138 1812 1613 1499 1062 1576
leaf_count=1586 1466 1049 1695 1400 1269 1338 1311 1340 1116 1136 1138 1812 1613 1499 1062 1576
internal_value=-8.57358e-08 1.58961e-06 1.01428e-06 1.88331e-06 -2.71055e-06 9.70725e-07 -7.76183e-07 3.3025e-06 -1.77247e-06 -2.45734e-06 -3.56626e-06 -2.18141e-06 -3.35295e-06 1.92988e-06 -3.11059e-07 1.2892e-06
internal_weight=23406 14287 13238 11772 9119 10077 5761 4316 7850 6734 5148 4012 2951 2810 2200 2976
internal_count=23406 14287 13238 11772 9119 10077 5761 4316 7850 6734 5148 4012 2951 2810 2200 2976
is_linear=0
shrinkage=0.0187118


Tree=109
num_leaves=19
num_cat=0
split_feature=20 39 19 43 20 30 52 11 52 15 31 20 31 15 9 11 18 18
split_gain=0.000284601 0.000171061 0.000162472 9.65477e-05 6.98681e-05 6.89842e-05 7.59692e-05 6.65783e-05 5.90407e-05 5.77095e-05 4.92274e-05 5.66466e-05 3.86488e-05 3.71749e-05 3.21094e-05 2.82679e-05 2.2113e-05 2.15662e-05
threshold=1.112399732620321 0.0033361157484697039 0.062914533438679157 -0.003225806451612911 7.6545092838196309 18.500000000000004 0.20851911280123658 -0.59064885496183195 0.18807726410477638 0.10101747412545407 122.50000000000001 0.28833019065577209 208.50000000000003 0.035570054492828004 -0.72805343511450371 -0.5353053435114502 -0.20817405983718604 -0.19019678814937027
decision_type=2 2 2 2 2 2 2 10 2 10 2 2 2 10 8 10 10 10
left_child=1 5 3 -2 13 6 10 -8 -4 -7 11 -1 16 -5 -15 -16 -12 -17
right_child=2 -3 8 4 -6 9 7 -9 -10 -11 12 -13 -14 14 15 17 -18 -19
leaf_value=-2.3975297182550852e-06 5.7744763396732965e-06 -8.9910502006818098e-06 3.8928483057197879e-06 -4.0664309249416098e-06 3.4150017220610351e-06 -1.3813619644249578e-06 -1.7787679689070057e-06 -8.3407114591713071e-06 1.0094419274303883e-05 3.7749495331182611e-06 -2.4520030346736264e-06 2.659582933845777e-06 2.4182878230143406e-07 2.6181306345320967e-06 -3.2723714460741482e-06 2.2793964163562488e-06 -6.2241824213552652e-06 -1.5148553265230086e-06
leaf_weight=1347 1265 1111 1169 1032 1763 1570 1041 1128 995 1473 1195 1828 1018 1119 1249 996 999 1108
leaf_count=1347 1265 1111 1169 1032 1763 1570 1041 1128 995 1473 1195 1828 1018 1119 1249 996 999 1108
internal_value=-8.41316e-08 -1.97695e-06 2.16509e-06 1.00365e-06 1.73167e-07 -1.30511e-06 -2.1657e-06 -5.19134e-06 6.74431e-06 1.11461e-06 -1.1382e-06 5.14092e-07 -2.77146e-06 -8.65233e-07 -1.26494e-07 -1.04246e-06 -4.1696e-06 2.81282e-07
internal_weight=23406 12710 10696 8532 7267 11599 8556 2169 2164 3043 6387 3175 3212 5504 4472 3353 2194 2104
internal_count=23406 12710 10696 8532 7267 11599 8556 2169 2164 3043 6387 3175 3212 5504 4472 3353 2194 2104
is_linear=0
shrinkage=0.0187118


Tree=110
num_leaves=17
num_cat=0
split_feature=20 20 52 19 11 38 40 48 0 26 16 22 21 47 18 52
split_gain=0.000274179 0.000161483 0.00015158 0.000127248 0.000104942 7.90143e-05 5.69121e-05 5.68546e-05 4.96006e-05 4.78356e-05 3.52673e-05 2.73889e-05 2.50631e-05 3.65028e-05 1.63827e-05 1.17343e-05
threshold=0.68214487396683621 18.017241379310349 0.20672081706403328 0.018928543174792981 -0.58492366412213725 -0.0016597521804047053 -0.0013633271501908848 72.42337695261385 3.5000000000000004 -0.0091698369160515634 0.45582706766917297 -0.86998040419993561 -0.58351405818959157 -40.22988505746649 -0.27695470868551125 0.17445524158824108
decision_type=2 2 2 2 10 2 2 2 2 10 2 8 2 2 10 2
left_child=2 3 8 5 -4 -2 -5 14 -1 -7 -10 -12 -11 -14 -8 -15
right_child=1 -3 4 6 -6 9 7 -9 10 12 11 -13 13 15 -16 -17
leaf_value=-4.3991949433655652e-06 3.2642837836897643e-06 8.6023770517804281e-06 -2.3684852511355327e-06 7.4037163742743161e-06 -9.7217003657451831e-06 -4.7707803559453651e-06 -8.3012375361067029e-07 5.6595630720631047e-06 -2.2980615600147172e-06 2.1288651474028399e-06 2.6214963461272746e-06 -7.8955317472989994e-07 8.2132445712127296e-07 -1.5890645801139369e-06 2.2869851084260144e-06 -4.1037858771225241e-06
leaf_weight=1240 1691 1049 1269 1014 1463 1129 1212 1222 1850 1003 1662 1635 1987 1818 1151 1011
leaf_count=1240 1691 1049 1269 1014 1463 1129 1212 1222 1850 1003 1662 1635 1987 1818 1151 1011
internal_value=-8.25573e-08 1.53542e-06 -2.61749e-06 9.75422e-07 -6.30617e-06 -3.63112e-07 3.48979e-06 2.38276e-06 -1.03968e-06 -1.24595e-06 -2.3031e-07 9.29938e-07 -5.62059e-07 -1.12248e-06 6.88196e-07 -2.48775e-06
internal_weight=23406 14287 9119 13238 2732 8639 4599 3585 6387 6948 5147 3297 5819 4816 2363 2829
internal_count=23406 14287 9119 13238 2732 8639 4599 3585 6387 6948 5147 3297 5819 4816 2363 2829
is_linear=0
shrinkage=0.0187118


Tree=111
num_leaves=20
num_cat=0
split_feature=20 19 20 43 30 31 1 11 20 31 31 1 48 19 31 20 15 19 5
split_gain=0.000265608 0.000153236 0.000129894 9.14951e-05 8.03139e-05 0.0001116 7.7241e-05 6.77528e-05 6.49707e-05 5.66198e-05 5.37373e-05 4.13004e-05 4.09586e-05 3.54688e-05 5.11697e-05 3.39855e-05 2.39616e-05 2.30884e-05 1.54592e-05
threshold=1.112399732620321 0.062914533438679157 0.060213074520303438 -0.003225806451612911 18.500000000000004 125.50000000000001 115.29248493150162 -0.71660305343511432 7.6545092838196309 200.50000000000003 92.500000000000014 145.25426731704283 61.118371325618448 -2.3025547077918271 67.500000000000014 2.8034084809447131 0.090048937411779342 0.045417991147377997 -0.005145212063496273
decision_type=2 2 2 2 2 2 2 8 2 2 2 2 2 2 2 2 10 2 2
left_child=2 3 -1 -2 5 7 17 -4 13 16 11 -9 -3 -5 -15 18 -6 -7 -16
right_child=1 12 4 8 9 6 -8 10 -10 -11 -12 -13 -14 14 15 -17 -18 -19 -20
leaf_value=-7.9798633866462696e-06 5.608233759126745e-06 4.1395978501309934e-06 3.1302260754351614e-06 -3.7848202171818856e-06 -2.5111103994446213e-06 -4.7412839460905553e-06 -7.9799228872380672e-06 -6.2183954405282885e-06 3.2816128268573407e-06 4.8826018802625926e-06 1.5295778535140393e-06 -9.1027578266670018e-07 9.3009625785246539e-06 -3.7305057676312076e-06 -1.9198119908357292e-06 3.9183199926945695e-06 1.544409235167917e-06 -1.0684166294570572e-06 1.1517366183564615e-06
leaf_weight=1125 1265 1158 1419 1140 1038 1007 1458 1034 1763 1019 1108 1019 1006 1027 1022 1007 1003 1480 1308
leaf_count=1125 1265 1158 1419 1140 1038 1007 1458 1034 1763 1019 1108 1019 1006 1027 1022 1007 1003 1480 1308
internal_value=-8.10125e-08 2.09186e-06 -1.90958e-06 9.63918e-07 -1.3201e-06 -2.25352e-06 -4.56032e-06 -2.66556e-07 1.5546e-07 1.28035e-06 -1.7914e-06 -3.58373e-06 6.53901e-06 -8.45885e-07 -7.81519e-08 1.0459e-06 -5.18122e-07 -2.55558e-06 -1.95525e-07
internal_weight=23406 10696 12710 8532 11585 8525 3945 4580 7267 3060 3161 2053 2164 5504 4364 3337 2041 2487 2330
internal_count=23406 10696 12710 8532 11585 8525 3945 4580 7267 3060 3161 2053 2164 5504 4364 3337 2041 2487 2330
is_linear=0
shrinkage=0.0187118


Tree=112
num_leaves=19
num_cat=0
split_feature=20 31 20 1 31 19 52 37 31 31 20 31 31 12 9 47 19 5
split_gain=0.000220434 0.000168531 0.000182855 0.000167228 0.00016712 0.000155768 0.000153885 7.99706e-05 7.51269e-05 5.5287e-05 3.83125e-05 3.55065e-05 4.82469e-05 2.60207e-05 2.53302e-05 1.74017e-05 1.73167e-05 1.22771e-05
threshold=18.017241379310349 30.500000000000004 0.47558265582655829 131.19744600068279 130.50000000000003 -0.47924820161863119 0.20672081706403328 -0.0012682313279677169 91.500000000000014 208.50000000000003 2.4353400222965447 127.50000000000001 91.500000000000014 -0.47614503816793891 -0.21946564885496181 22.988505747139538 -0.021824401055225092 -0.044834847220651931
decision_type=2 2 2 2 2 2 2 2 2 2 2 2 2 10 10 2 2 2
left_child=1 3 6 -1 8 13 9 -7 10 11 16 12 -3 -6 15 17 -4 -9
right_child=-2 2 4 -5 5 7 -8 14 -10 -11 -12 -13 -14 -15 -16 -17 -18 -19
leaf_value=-9.9937615455588297e-06 8.351663844847806e-06 -3.3835256368335741e-06 2.5382546410042195e-06 -6.1849574172948542e-08 -5.7845328344567174e-06 5.869753686079932e-06 -7.6465691718272309e-06 7.3675308195725537e-07 7.1803918857782861e-06 3.0677686941486977e-06 4.8019792649748469e-06 -4.3865812788359628e-06 1.969240761824532e-06 -2.1180298212879361e-06 -2.2760494205373581e-06 -4.181043434985296e-07 -8.4829979634396885e-07 3.5639513856195519e-06
leaf_weight=1208 1055 1105 1044 1167 1365 1156 1537 1055 1727 1005 1414 1289 1264 1346 994 1559 1071 1097
leaf_count=1208 1055 1105 1044 1167 1365 1156 1537 1055 1727 1005 1414 1289 1264 1346 994 1559 1071 1097
internal_value=-6.98907e-09 -4.00614e-07 1.58263e-07 -5.11353e-06 1.35546e-06 -2.55321e-07 -2.51188e-06 1.46019e-06 3.98249e-06 -8.19401e-07 2.41751e-06 -1.88736e-06 -5.27511e-07 -3.96413e-06 3.76771e-07 1.08734e-06 8.2336e-07 2.17794e-06
internal_weight=23458 22403 20028 2375 13828 8572 6200 5861 5256 4663 3529 3658 2369 2711 4705 3711 2115 2152
internal_count=23458 22403 20028 2375 13828 8572 6200 5861 5256 4663 3529 3658 2369 2711 4705 3711 2115 2152
is_linear=0
shrinkage=0.0187118


Tree=113
num_leaves=18
num_cat=0
split_feature=20 31 20 1 31 19 52 48 38 38 31 17 31 31 20 30 30
split_gain=0.000212261 0.000162283 0.000176076 0.000161028 0.000160924 0.000149993 0.00014818 7.8413e-05 7.67164e-05 6.43831e-05 5.32373e-05 4.06649e-05 3.41901e-05 4.64582e-05 2.55654e-05 2.40855e-05 2.202e-05
threshold=18.017241379310349 30.500000000000004 0.47558265582655829 131.19744600068279 130.50000000000003 -0.47924820161863119 0.20672081706403328 61.4715105859459 -0.0012128567225654361 -0.0015163010990021928 208.50000000000003 -0.11683025657529035 127.50000000000001 91.500000000000014 2.7312382739212011 17.500000000000004 17.500000000000004
decision_type=2 2 2 2 2 2 2 2 2 2 2 10 2 2 2 2 2
left_child=1 3 6 -1 7 14 10 8 -4 -7 12 15 13 -3 -6 -11 -10
right_child=-2 2 4 -5 5 9 -8 -9 16 11 -12 -13 -14 -15 -16 -17 -18
leaf_value=-9.8067601434743061e-06 8.1953890116631789e-06 -3.3202137178296125e-06 6.4545309421398862e-06 -6.0692314654430558e-08 -5.5299689753057723e-06 5.6702139187300173e-06 -7.5034880423388901e-06 7.0456431851121601e-06 2.3581813912979181e-06 -2.2626436220332369e-06 3.0103651934686975e-06 3.0224088036853216e-06 -4.3045004258645515e-06 1.9323927116873222e-06 -1.8766561585093188e-06 9.4573771537278197e-07 -1.2545400948017669e-06
leaf_weight=1208 1055 1105 1051 1167 1494 1034 1537 1822 1082 1636 1005 1550 1289 1264 1217 1641 1301
leaf_count=1208 1055 1105 1051 1167 1494 1034 1537 1822 1082 1636 1005 1550 1289 1264 1217 1641 1301
internal_value=-6.85831e-09 -3.93118e-07 1.55301e-07 -5.01785e-06 1.3301e-06 -2.50543e-07 -2.46488e-06 3.90797e-06 2.24319e-06 1.43286e-06 -8.04069e-07 5.25172e-07 -1.85205e-06 -5.1764e-07 -3.88995e-06 -6.56004e-07 3.85813e-07
internal_weight=23458 22403 20028 2375 13828 8572 6200 5256 3434 5861 4663 4827 3658 2369 2711 3277 2383
internal_count=23458 22403 20028 2375 13828 8572 6200 5256 3434 5861 4663 4827 3658 2369 2711 3277 2383
is_linear=0
shrinkage=0.0187118


Tree=114
num_leaves=18
num_cat=0
split_feature=20 31 20 1 31 19 1 37 31 30 1 11 9 30 20 17 31
split_gain=0.000204392 0.000156267 0.000169548 0.000155058 0.000154958 0.000144432 8.56737e-05 7.53646e-05 7.23859e-05 0.000109141 6.87568e-05 4.17865e-05 3.05777e-05 3.03501e-05 2.55323e-05 2.52822e-05 1.19103e-05
threshold=18.017241379310349 30.500000000000004 0.47558265582655829 131.19744600068279 130.50000000000003 -0.47924820161863119 81.296109502628298 -0.0012682313279677169 91.500000000000014 17.500000000000004 251.91811166156495 -0.51049618320610668 -0.45706106870229002 17.500000000000004 0.97714277421414686 -0.20541565489599481 202.50000000000003
decision_type=2 2 2 2 2 2 2 2 2 2 2 10 10 2 2 10 2
left_child=1 3 6 -1 8 15 12 -7 9 -4 -8 -12 -3 14 -9 -6 -15
right_child=-2 2 4 -5 5 7 10 13 -10 -11 11 -13 -14 16 -16 -17 -18
leaf_value=-9.6232578429076111e-06 8.0420384693066504e-06 1.4145500432382015e-06 5.8688022852083034e-06 -5.9556658760598859e-08 -5.6927942289704988e-06 5.6867502405995878e-06 -8.5688763807509825e-06 -3.4073272852141818e-06 6.9738690903064427e-06 -7.3442032106337451e-07 -7.8475005072805603e-08 -5.3020053952225516e-06 -2.396241772053463e-06 6.8816303264951913e-07 5.3297740632107992e-07 -2.0762725247685479e-06 3.3742406164375757e-06
leaf_weight=1208 1055 1771 1621 1167 1305 1156 1021 1004 1727 1908 1081 1064 1263 1327 1350 1406 1024
leaf_count=1208 1055 1771 1621 1167 1305 1156 1021 1004 1727 1908 1081 1064 1263 1327 1350 1406 1024
internal_value=-6.72997e-09 -3.85762e-07 1.52395e-07 -4.92396e-06 1.30521e-06 -2.45855e-07 -2.41875e-06 1.40605e-06 3.83484e-06 2.29868e-06 -4.57201e-06 -2.66954e-06 -1.71814e-07 3.543e-07 -1.14759e-06 -3.81717e-06 1.85811e-06
internal_weight=23458 22403 20028 2375 13828 8572 6200 5861 5256 3529 3166 2145 3034 4705 2354 2711 2351
internal_count=23458 22403 20028 2375 13828 8572 6200 5861 5256 3529 3166 2145 3034 4705 2354 2711 2351
is_linear=0
shrinkage=0.0187118


Tree=115
num_leaves=18
num_cat=0
split_feature=20 31 20 1 31 19 52 48 38 37 31 31 31 17 12 11 54
split_gain=0.000196815 0.000150474 0.000163262 0.000149309 0.000149213 0.000139077 0.000139033 7.54019e-05 7.3884e-05 7.25706e-05 5.11605e-05 3.29726e-05 4.46667e-05 2.8185e-05 2.49098e-05 1.98704e-05 1.56254e-05
threshold=18.017241379310349 30.500000000000004 0.47558265582655829 131.19744600068279 130.50000000000003 -0.47924820161863119 0.20672081706403328 61.4715105859459 -0.0012128567225654361 -0.0012682313279677169 208.50000000000003 127.50000000000001 91.500000000000014 -0.11903360053831075 -0.47614503816793891 -0.43606870229007627 -0.9960093752050907
decision_type=2 2 2 2 2 2 2 2 2 2 2 2 2 10 10 10 2
left_child=1 3 6 -1 7 14 10 8 -4 -7 11 12 -3 15 -6 -11 -10
right_child=-2 2 4 -5 5 9 -8 -9 16 13 -12 -13 -14 -15 -16 -17 -18
leaf_value=-9.4431891888274265e-06 7.8915573390455758e-06 -3.2296712275840382e-06 6.2634508927414651e-06 -5.8442152442352525e-08 -5.5268581764920866e-06 5.5803408179926166e-06 -7.2541131604755023e-06 6.8399286580003065e-06 1.6629245240670842e-06 7.9074194483785715e-07 2.9745256374367135e-06 -4.2004896043230438e-06 1.9206650236731231e-06 2.4543198742608898e-06 -1.9394785652186949e-06 -2.161509470963053e-06 -1.3863826675067249e-06
leaf_weight=1208 1055 1105 1051 1167 1365 1156 1537 1822 1324 1638 1005 1289 1264 1510 1346 1557 1059
leaf_count=1208 1055 1105 1051 1167 1365 1156 1537 1822 1324 1638 1005 1289 1264 1510 1346 1557 1059
internal_value=-6.60404e-09 -3.78544e-07 1.49544e-07 -4.83182e-06 1.28079e-06 -2.41255e-07 -2.3735e-06 3.76308e-06 2.13058e-06 1.37974e-06 -7.64764e-07 -1.7921e-06 -4.81665e-07 3.4767e-07 -3.74574e-06 -6.4796e-07 3.07818e-07
internal_weight=23458 22403 20028 2375 13828 8572 6200 5256 3434 5861 4663 3658 2369 4705 2711 3195 2383
internal_count=23458 22403 20028 2375 13828 8572 6200 5256 3434 5861 4663 3658 2369 4705 2711 3195 2383
is_linear=0
shrinkage=0.0187118


Tree=116
num_leaves=17
num_cat=0
split_feature=20 31 15 26 24 9 52 51 4 38 13 9 1 17 18 10
split_gain=0.000190168 0.000160676 0.000154825 9.0807e-05 8.25125e-05 7.29774e-05 6.38669e-05 5.15772e-05 3.87832e-05 3.05091e-05 2.64722e-05 2.53084e-05 2.438e-05 2.16195e-05 2.03678e-05 8.60746e-06
threshold=10.577380952380954 22.500000000000004 0.030562494274702187 -0.00088824674291838749 498.99999999997164 -0.33492366412213731 0.30898654311297541 42.592592592595373 -0.18903697212957202 0.0012217475542659619 -0.28404482895275962 -0.42652671755725186 114.42232017728261 -0.15110368333284568 -0.21056429242175725 -1.4144736842105259
decision_type=2 2 8 10 10 10 2 2 2 2 10 10 2 10 10 2
left_child=1 -1 5 4 6 12 9 -5 -9 10 -4 13 -3 15 -13 -12
right_child=-2 2 3 7 -6 -7 -8 8 -10 -11 11 14 -14 -15 -16 -17
leaf_value=-6.1820736478509381e-06 5.8783716409790515e-06 1.449691731510386e-07 -3.3520421578668465e-06 2.756618725881552e-07 4.3440273992334518e-06 -7.9026151317183961e-06 -4.5259101415644284e-06 2.6755455295880869e-06 6.9708179355922926e-06 2.2112714074022352e-06 9.4499069737992253e-07 4.4519079960914117e-07 -3.639454359494548e-06 2.9099367789427918e-06 -2.9670788945273236e-06 -1.1334781716074409e-06
leaf_weight=1607 1777 1105 1090 1744 1261 1005 1347 1959 1179 1571 1331 1001 1294 1143 1578 1466
leaf_count=1607 1777 1105 1090 1744 1261 1005 1347 1959 1179 1571 1331 1001 1294 1143 1578 1466
internal_value=-6.48045e-09 -4.8881e-07 -3.30424e-08 7.09544e-07 -1.7922e-07 -3.66962e-06 -7.21048e-07 2.85554e-06 4.28935e-06 -1.62752e-07 -6.52908e-07 -2.01603e-07 -1.89632e-06 7.41665e-07 -1.64266e-06 -1.44402e-07
internal_weight=23458 21681 20074 16670 11788 3404 10527 4882 3138 9180 7609 6519 2399 3940 2579 2797
internal_count=23458 21681 20074 16670 11788 3404 10527 4882 3138 9180 7609 6519 2399 3940 2579 2797
is_linear=0
shrinkage=0.0187118


Tree=117
num_leaves=19
num_cat=0
split_feature=15 36 9 47 22 31 25 52 31 19 52 31 31 4 51 31 7 31
split_gain=0.000148257 9.69851e-05 8.6509e-05 7.6953e-05 6.71658e-05 9.50694e-05 7.49185e-05 7.97678e-05 5.23215e-05 5.3075e-05 4.90518e-05 4.94767e-05 3.33553e-05 3.43105e-05 2.47119e-05 2.08061e-05 1.80724e-05 2.48523e-05
threshold=0.030562494274702187 -0.003055769545019515 -0.32347328244274803 142.68461007588164 -0.4420771708015267 25.500000000000004 -0.49513148331966034 0.28301800993058407 125.50000000000001 -0.95523301517187054 0.18232517660950967 89.500000000000014 204.50000000000003 -0.19508592910848546 44.444444444443178 113.50000000000001 0.49422456504205559 158.50000000000003
decision_type=8 2 10 2 8 2 2 2 2 2 2 2 2 2 2 2 10 2
left_child=2 -2 15 4 5 -3 7 14 10 -10 11 -8 13 -11 -7 -1 17 -16
right_child=1 3 -4 -5 -6 6 8 -9 9 12 -12 -13 -14 -15 16 -17 -18 -19
leaf_value=-2.5909710957800258e-08 6.0818044152860494e-06 -5.8387965728807133e-06 -7.8831380978964323e-06 5.2758830170928072e-06 3.916192905373549e-06 -2.7241574952576054e-06 -6.7272298394854198e-07 -6.1954402062535961e-06 -3.4184948360778147e-06 -2.5887248891118772e-06 6.0818567942831656e-06 4.663497794107207e-06 3.025096257986255e-06 1.9833369384624009e-06 -2.4055651563211764e-06 -3.2673505626595717e-06 2.0646190004495644e-06 1.3790040081688808e-06
leaf_weight=1408 1088 1019 1071 1041 1436 1343 1551 1060 1244 1227 1145 1001 1669 1081 1345 1366 1255 1108
leaf_count=1408 1088 1019 1071 1041 1436 1343 1551 1060 1244 1227 1145 1001 1669 1081 1345 1366 1255 1108
internal_value=-6.3592e-09 6.52289e-07 -3.36607e-06 3.33406e-07 3.913e-08 -3.07795e-07 6.72187e-08 -1.52875e-06 1.16084e-06 -4.52207e-08 2.86408e-06 1.42036e-06 1.00993e-06 -4.47303e-07 -5.49395e-07 -1.62209e-06 2.38282e-07 -6.96105e-07
internal_weight=23458 19613 3845 18525 17484 16048 15029 6111 8918 5221 3697 2552 3977 2308 5051 2774 3708 2453
internal_count=23458 19613 3845 18525 17484 16048 15029 6111 8918 5221 3697 2552 3977 2308 5051 2774 3708 2453
is_linear=0
shrinkage=0.0187118


Tree=118
num_leaves=19
num_cat=0
split_feature=15 36 9 47 16 52 22 43 52 28 18 54 4 9 51 3 22 18
split_gain=0.00014276 9.33895e-05 8.33018e-05 7.42479e-05 7.12769e-05 6.17001e-05 4.34028e-05 3.06851e-05 3.97477e-05 2.96266e-05 2.91448e-05 2.75189e-05 2.57583e-05 2.36634e-05 2.17573e-05 1.60108e-05 2.24746e-05 2.34291e-05
threshold=0.030562494274702187 -0.003055769545019515 -0.32347328244274803 133.33333333333368 0.47368421052631587 0.26148092408849305 -0.90108590474142558 0.0013651883493988051 0.24870785137133392 -0.33167587071792376 -0.16529198279525292 -0.46469498523709307 -0.17361071852563739 -0.41125954198473275 49.999999999999631 -0.23179205898505903 -0.72848849112339498 -0.15762292909768946
decision_type=8 2 10 2 2 2 10 2 2 2 8 2 2 8 2 2 8 10
left_child=2 -2 10 4 5 15 9 8 11 -6 -1 12 -8 -11 -13 -3 17 -17
right_child=1 3 -4 -5 6 -7 7 -9 -10 13 -12 14 -14 -15 -16 16 -18 -19
leaf_value=8.5276450776746173e-07 5.9680028587541264e-06 1.3922234441316985e-06 -7.735630240808729e-06 4.8444528491530219e-06 4.4955158540106638e-06 -5.4426661893197766e-06 -3.2487888258776415e-06 -2.811362495069518e-06 3.8856962389179627e-06 2.6068629859506478e-06 -3.0965998268775966e-06 -2.8215287743371626e-07 2.1473964860121554e-07 -8.7026807398417496e-07 3.3664396916502318e-06 -4.3006009209265152e-07 9.0806789163778662e-07 -4.3042022454725688e-06
leaf_weight=1057 1088 998 1071 1192 1461 1228 1353 1169 1013 1718 1717 1252 1692 1140 1054 1073 1068 1114
leaf_count=1057 1088 998 1071 1192 1461 1228 1353 1169 1013 1718 1717 1252 1692 1140 1054 1073 1068 1114
internal_value=-6.2402e-09 6.40084e-07 -3.30308e-06 3.27167e-07 1.6511e-08 -1.74798e-06 8.32506e-07 -2.48997e-08 4.86944e-07 2.32795e-06 -1.59174e-06 -1.56475e-07 -1.32423e-06 1.2199e-06 1.3855e-06 -6.81184e-07 -1.3169e-06 -2.40345e-06
internal_weight=23458 19613 3845 18525 17333 5481 11852 7533 6364 4319 2774 5351 3045 2858 2306 4253 3255 2187
internal_count=23458 19613 3845 18525 17333 5481 11852 7533 6364 4319 2774 5351 3045 2858 2306 4253 3255 2187
is_linear=0
shrinkage=0.0187118


Tree=119
num_leaves=19
num_cat=0
split_feature=20 38 9 38 20 24 27 48 29 0 12 18 53 20 48 47 47 4
split_gain=0.000160324 0.000124832 0.000110833 9.77014e-05 8.39093e-05 7.45411e-05 6.59588e-05 6.18862e-05 5.25953e-05 4.3315e-05 3.81636e-05 3.64225e-05 3.48223e-05 3.44805e-05 3.28237e-05 3.04421e-05 1.50411e-05 1.14304e-05
threshold=0.56155740810913235 -0.0034423509894537237 -0.80057251908396931 0.0016194342601479896 14.455555555555557 -1.0000000000000353 102.59622036467074 80.683856414896809 12.500000000000002 14.500000000000002 -0.42080152671755716 0.28375703110476319 45.25961303299578 0.23891518019657812 59.222709097593501 -44.444444444455492 -30.30303030302159 -0.095730397422126731
decision_type=2 2 10 2 2 10 10 2 2 2 10 8 2 2 2 2 2 2
left_child=2 -2 -1 12 5 11 7 8 10 16 -7 17 13 -4 -14 -10 -8 -3
right_child=1 4 3 -5 -6 6 9 -9 15 -11 -12 -13 14 -15 -16 -17 -18 -19
leaf_value=1.6519789911672894e-06 7.410460782607491e-06 4.9946970478733835e-07 -6.0878767071157277e-06 -8.4484793069913925e-06 5.4478368235307017e-06 9.5015585830228064e-07 1.7485491270439154e-06 5.8333848392137535e-06 1.4936726589634317e-06 -4.5022077080097971e-06 5.4440607659443189e-06 -5.2931505303528751e-06 -2.7782974787718847e-06 -1.8032999872047224e-06 1.8967275063138158e-06 -2.0189617134130776e-06 -1.4248041120678526e-06 -2.3240892863865344e-06
leaf_weight=1973 1023 1001 1194 1119 1173 1339 1088 1200 1661 1005 1308 996 1082 1464 1023 1800 1007 1007
leaf_count=1973 1023 1001 1194 1119 1173 1339 1088 1200 1661 1005 1308 996 1082 1464 1023 1800 1007 1007
internal_value=-5.43096e-09 1.09186e-06 -2.18577e-06 -3.47307e-06 6.48672e-07 2.28942e-07 9.78376e-07 1.94855e-06 1.18532e-06 -1.30873e-06 3.17079e-06 -2.36763e-06 -2.30416e-06 -3.72798e-06 -5.06301e-07 -3.33181e-07 2.23218e-07 -9.16527e-07
internal_weight=23463 15608 7855 5882 14585 13412 10408 7308 6108 3100 2647 3004 4763 2658 2105 3461 2095 2008
internal_count=23463 15608 7855 5882 14585 13412 10408 7308 6108 3100 2647 3004 4763 2658 2105 3461 2095 2008
is_linear=0
shrinkage=0.0187118


Tree=120
num_leaves=20
num_cat=0
split_feature=20 52 36 17 20 24 27 23 0 9 18 0 51 21 16 18 0 47 18
split_gain=0.00015438 0.000133667 0.00011255 9.35101e-05 7.77224e-05 6.2615e-05 4.73638e-05 4.21675e-05 4.05586e-05 3.5189e-05 3.47064e-05 3.41852e-05 2.60966e-05 4.78902e-05 2.36412e-05 2.29608e-05 2.08404e-05 1.99653e-05 6.73696e-06
threshold=0.56155740810913235 0.20672081706403328 -0.0028149204651254918 -0.3748994324332231 14.455555555555557 -1.0000000000000353 102.59622036467074 0.10000000000000499 15.500000000000002 -0.19274809160305342 0.28375703110476319 3.5000000000000004 86.111111111110276 -0.0077693604676146799 0.45582706766917297 0.0081275385089140621 21.500000000000004 -30.30303030302159 -0.16024702710872768
decision_type=2 2 2 10 2 10 10 10 2 10 8 2 2 2 2 8 2 2 10
left_child=1 11 -2 -3 5 10 7 9 17 12 18 -1 13 -7 -13 -16 -15 -8 -4
right_child=2 3 4 -5 -6 6 8 -9 -10 -11 -12 14 -14 16 15 -17 -18 -19 -20
leaf_value=-3.5607917078511135e-06 7.1510366139521586e-06 -1.6291164848231907e-06 3.8440912047228834e-07 -9.2213340448576915e-06 5.2689200336899242e-06 -1.2235394898204213e-06 2.2040044559521131e-06 5.3484080026507918e-06 -4.0723876239547051e-06 -1.732151178578423e-06 -4.9839792103745629e-06 -1.598317297912332e-06 4.5309982594041034e-06 4.9326188049155418e-06 2.5337449221525744e-06 -9.7235849730727211e-07 1.3975725505177702e-06 -1.4066891898020242e-06 -1.7745165071651985e-06
leaf_weight=1077 998 1004 994 1308 1176 1678 1122 996 1007 1164 994 1682 1032 1016 1734 1050 1373 1027 1031
leaf_count=1077 998 1004 994 1308 1176 1678 1122 996 1007 1164 994 1682 1032 1016 1734 1050 1373 1027 1031
internal_value=-5.32934e-09 -2.14487e-06 1.07143e-06 -5.92437e-06 6.56137e-07 2.52339e-07 9.40127e-07 1.77216e-06 -9.73597e-07 1.20343e-06 -2.1204e-06 -5.6843e-07 1.87356e-06 1.19924e-06 1.53194e-07 1.2114e-06 2.90097e-06 4.78465e-07 -7.14776e-07
internal_weight=23463 7855 15608 2312 14610 13434 10415 7259 3156 6263 3019 5543 5099 4067 4466 2784 2389 2149 2025
internal_count=23463 7855 15608 2312 14610 13434 10415 7259 3156 6263 3019 5543 5099 4067 4466 2784 2389 2149 2025
is_linear=0
shrinkage=0.0187118


Tree=121
num_leaves=17
num_cat=0
split_feature=20 20 25 31 51 52 31 19 41 31 30 10 20 54 29 54
split_gain=0.000149261 0.000128573 0.000109309 0.000110581 9.70645e-05 9.6955e-05 8.07529e-05 7.36623e-05 7.64028e-05 6.15793e-05 5.68683e-05 3.84686e-05 2.94981e-05 3.50624e-05 2.56744e-05 1.94768e-05
threshold=0.076230831315577091 18.017241379310349 -0.98082509646192539 31.500000000000004 72.222222222222001 0.28301800993058407 125.50000000000001 -0.47924820161863119 -0.0016625115394608423 93.500000000000014 17.500000000000004 -1.3693609022556388 1.0997237569060776 0.24120456334897597 6.5000000000000009 -0.026805304789494101
decision_type=2 2 2 2 2 2 2 2 2 2 2 2 2 2 2 2
left_child=-1 2 4 -4 5 14 9 -8 -9 10 -5 -6 13 -10 -2 -16
right_child=1 -3 3 6 11 -7 7 8 12 -11 -12 -13 -14 -15 15 -17
leaf_value=-5.9321755653785195e-06 3.9495213664983234e-07 6.7163894785250875e-06 -3.775273823438255e-06 4.5270747746516424e-06 3.0126162895030752e-06 -8.5756117404714674e-06 -2.8014633866881022e-06 5.9376335897119434e-06 -3.3030291094775487e-06 6.5278376855173175e-06 -4.8390900317234789e-07 -1.2472150054478907e-06 2.2494116430852844e-06 1.2193285736828321e-06 -1.7441243243612093e-06 -5.0652744089078448e-06
leaf_weight=1399 1098 1064 1465 1596 1512 998 1853 1094 1160 1613 1576 1458 1715 1244 1617 1001
leaf_count=1399 1098 1064 1465 1596 1512 998 1853 1094 1160 1613 1576 1458 1715 1244 1617 1001
internal_value=-5.22961e-09 3.70577e-07 4.90556e-08 1.07457e-06 -1.7281e-06 -3.39741e-06 1.6741e-06 4.03019e-07 1.54208e-06 3.55109e-06 2.03738e-06 9.21425e-07 3.74623e-07 -9.6284e-07 -2.00671e-06 -3.01398e-06
internal_weight=23463 22064 21000 13316 7684 4714 11851 7066 5213 4785 3172 2970 4119 2404 3716 2618
internal_count=23463 22064 21000 13316 7684 4714 11851 7066 5213 4785 3172 2970 4119 2404 3716 2618
is_linear=0
shrinkage=0.0187118


Tree=122
num_leaves=18
num_cat=0
split_feature=15 36 52 25 19 48 17 52 0 45 52 19 4 4 18 52 22
split_gain=0.000141681 0.000108355 7.1393e-05 6.96293e-05 6.64961e-05 6.12419e-05 5.76304e-05 5.43859e-05 4.24606e-05 3.88392e-05 2.86617e-05 2.7451e-05 2.02433e-05 3.78566e-05 1.79863e-05 2.11747e-05 1.39853e-05
threshold=0.024870211233971599 -0.003055769545019515 0.20401921502516154 -0.98112073739212646 0.027249287750612087 78.958182423615213 -0.12243278429536876 0.28301800993058407 16.500000000000004 -0.0018066862078194854 0.15007141873957944 0.29035629855341233 -0.021588275199276381 -0.18594889479337437 -0.47709721873743322 0.17072890755403744 -0.81273854961832048
decision_type=8 2 2 2 2 2 8 2 2 2 2 2 2 2 10 2 10
left_child=2 -2 -1 7 8 6 10 11 9 -5 -6 14 13 -10 -3 -16 -11
right_child=1 3 -4 4 5 -7 -8 -9 12 16 -12 -13 -14 -15 15 -17 -18
leaf_value=-1.7495174607714195e-06 6.3703829280358066e-06 4.0919319172947738e-07 -7.8674334577190903e-06 4.1471625354094083e-06 1.4158395557060715e-06 5.9930061379348624e-06 3.8138263236192854e-06 -4.7522939863658964e-06 1.1458202241528378e-08 -1.1557797505306293e-06 -2.9413718982292446e-06 1.8244245352383337e-06 5.5393543864830887e-07 -4.7700736216020805e-06 -8.884835001208478e-07 -4.3022518832855614e-06 1.6572876939606685e-06
leaf_weight=1983 1062 1528 1007 1128 1103 1402 1904 1281 1057 1530 1015 1369 1014 1284 1761 996 1039
leaf_count=1983 1062 1528 1007 1128 1103 1402 1904 1281 1057 1530 1015 1369 1014 1284 1761 996 1039
internal_value=-5.13176e-09 5.50549e-07 -3.80997e-06 2.32139e-07 1.06769e-06 2.62535e-06 1.45144e-06 -1.27101e-06 -1.30372e-07 1.25279e-06 -6.72247e-07 -4.82274e-07 -1.65454e-06 -2.61113e-06 -1.21923e-06 -2.12175e-06 -1.80687e-08
internal_weight=23463 20473 2990 19411 12476 5424 4022 6935 7052 3697 2118 5654 3355 2341 4285 2757 2569
internal_count=23463 20473 2990 19411 12476 5424 4022 6935 7052 3697 2118 5654 3355 2341 4285 2757 2569
is_linear=0
shrinkage=0.0187118


Tree=123
num_leaves=18
num_cat=0
split_feature=20 52 19 9 20 31 31 36 48 31 31 31 42 19 0 49 1
split_gain=0.000144752 0.000123616 0.000107192 8.66009e-05 8.10124e-05 8.84142e-05 7.71124e-05 6.60854e-05 5.31129e-05 5.07941e-05 4.42352e-05 5.533e-05 4.13635e-05 2.12923e-05 2.01841e-05 1.34024e-05 1.13413e-05
threshold=0.56155740810913235 0.20672081706403328 0.12858018487483494 -0.63263358778625933 7.6545092838196309 31.500000000000004 163.50000000000003 0.0012232420478044406 63.817939278629879 209.50000000000003 126.50000000000001 91.500000000000014 -0.0028030847682691813 -2.4699325846480629 20.500000000000004 3.2969117079614283e-14 41.189447898117926
decision_type=2 2 2 10 2 2 2 2 2 2 2 2 2 2 2 2 2
left_child=1 9 4 -3 5 -2 -6 12 -4 10 11 -1 -7 -14 15 -15 -16
right_child=2 3 8 -5 6 7 -8 -9 -10 -11 -12 -13 13 14 16 -17 -18
leaf_value=-2.4680040074662634e-06 -5.6886994886439789e-06 -1.5559750330924748e-06 2.0614140642799389e-06 -8.8675040346401158e-06 6.6842797865231096e-06 4.26901408546942e-06 -3.106896464347697e-07 -3.9098594867176972e-06 6.8669993615202148e-06 3.0289655198936889e-06 -3.9184434586802644e-06 2.7910983674514452e-06 -2.2382088782350184e-06 2.6289717336099577e-07 8.8930661690284201e-07 2.8709763416579538e-06 -1.4760384477797537e-06
leaf_weight=1516 1027 998 1987 1314 1198 1014 1023 1238 1354 1105 1620 1302 1046 1182 1265 1657 1617
leaf_count=1516 1027 998 1987 1314 1198 1014 1023 1238 1354 1105 1620 1302 1046 1182 1265 1657 1617
internal_value=-5.03573e-09 -2.07678e-06 1.03761e-06 -5.7114e-06 2.28337e-07 -4.86653e-07 3.46237e-06 1.05708e-07 4.00896e-06 -5.60771e-07 -1.45457e-06 -3.8141e-08 7.44607e-07 2.16492e-07 6.65299e-07 1.78512e-06 -4.37814e-07
internal_weight=23463 7855 15608 2312 12267 10046 2221 9019 3341 5543 4438 2818 7781 6767 5721 2839 2882
internal_count=23463 7855 15608 2312 12267 10046 2221 9019 3341 5543 4438 2818 7781 6767 5721 2839 2882
is_linear=0
shrinkage=0.0187118


Tree=124
num_leaves=20
num_cat=0
split_feature=20 36 38 20 31 31 36 31 30 31 30 20 31 29 31 31 27 0 1
split_gain=0.000141685 0.000131602 9.45481e-05 7.58726e-05 0.000120869 5.80646e-05 8.46805e-05 7.43148e-05 8.10177e-05 8.07478e-05 5.50251e-05 4.22411e-05 4.60855e-05 4.1768e-05 3.51931e-05 2.9837e-05 2.89856e-05 2.43004e-05 1.97183e-05
threshold=0.076230831315577091 -0.003055769545019515 0.0032206202676070554 8.7192118226601014 22.500000000000004 124.50000000000001 0.0015860438205921314 91.500000000000014 17.500000000000004 106.50000000000001 18.500000000000004 1.3887119603680118 215.50000000000003 10.500000000000002 199.50000000000003 60.500000000000007 -2.2142755532946992 28.500000000000004 365.32586902720703
decision_type=2 2 2 2 2 2 2 2 2 2 2 2 2 2 2 2 10 2 2
left_child=-1 -2 3 4 -3 7 10 8 15 -9 11 12 16 -10 -12 -6 -7 18 -13
right_child=1 2 -4 -5 5 6 -8 9 13 -11 14 17 -14 -15 -16 -17 -18 -19 -20
leaf_value=-5.7795165513488411e-06 6.7435995947595566e-06 -6.0733103315836119e-06 -5.1325152371520489e-06 3.9261487208435856e-06 7.838313502895899e-07 -1.9289415309225099e-06 -5.7240846042502292e-06 8.3386468889547856e-06 5.6421952884765524e-07 1.2278792779376505e-06 4.1157536128668782e-07 3.73440440957019e-06 1.1084020994479503e-06 -4.5840189231033463e-06 4.9939381488909894e-06 5.055315199767003e-06 -6.0075408718362758e-06 -1.4859044756252777e-06 6.1362299106158814e-08
leaf_weight=1399 1076 1090 1171 1870 1229 1484 996 1028 1015 1226 1304 1047 1020 1209 1067 1072 1036 1123 1001
leaf_count=1399 1076 1090 1171 1870 1229 1484 996 1028 1015 1226 1304 1047 1020 1209 1067 1072 1036 1123 1001
internal_value=-4.94149e-09 3.61204e-07 3.39948e-08 3.39288e-07 -3.44478e-08 3.56034e-07 -5.44659e-07 1.69505e-06 3.12317e-07 4.47095e-06 2.33552e-08 -8.42365e-07 -2.2474e-06 -2.23444e-06 2.47374e-06 2.77385e-06 -3.6057e-06 7.26167e-07 1.93913e-06
internal_weight=23463 22064 20988 19817 17947 16857 10078 6779 4525 2254 9082 6711 3540 2224 2371 2301 2520 3171 2048
internal_count=23463 22064 20988 19817 17947 16857 10078 6779 4525 2254 9082 6711 3540 2224 2371 2301 2520 3171 2048
is_linear=0
shrinkage=0.0187118


Tree=125
num_leaves=19
num_cat=0
split_feature=20 36 52 31 36 20 31 48 17 31 31 27 20 16 54 1 7 22
split_gain=0.000137765 0.000137426 0.000120778 9.23332e-05 0.000129782 0.000127449 0.000209641 7.33924e-05 4.01712e-05 3.47074e-05 3.89422e-05 3.42644e-05 2.88658e-05 2.85811e-05 2.85379e-05 2.06252e-05 1.92907e-05 1.27052e-05
threshold=0.20446941323345821 -0.003055769545019515 0.20851911280123658 129.50000000000003 0.0013956740920814117 9.5879629629629655 30.500000000000004 63.817939278629879 -0.10744638834440184 67.500000000000014 104.50000000000001 21.170368809192407 0.83970301850048701 0.42293233082706772 6.7940153952713711 131.19231325436186 0.48025406152782579 -0.8435566730581382
decision_type=2 2 2 2 2 2 2 2 10 2 2 10 2 2 2 2 10 8
left_child=2 -2 14 5 8 6 -3 9 13 -8 -11 -10 -9 -5 -1 17 -17 -15
right_child=1 3 -4 4 -6 -7 7 12 11 10 -12 -13 -14 15 -16 16 -18 -19
leaf_value=-3.1293807191277666e-06 7.1585479100895023e-06 -5.5575886350505106e-06 -8.7519823532980515e-06 -3.8083729020400015e-06 -6.535967313154327e-06 7.8520342345543566e-06 -1.4782035114604958e-06 2.8618549952214216e-06 3.300467315236847e-06 4.061259695995547e-06 -7.1984749773651484e-07 -5.9965683572439122e-07 7.0727980313485316e-06 1.9655254831027246e-06 1.0366987966569749e-06 -3.7031594659691156e-06 -1.4321453553235934e-07 -6.5363621184355708e-07
leaf_weight=1188 1054 1466 1056 1112 1289 1019 1499 1133 1714 1476 1001 1461 1147 1288 1117 1016 1121 1306
leaf_count=1188 1054 1466 1056 1112 1289 1019 1499 1133 1714 1476 1001 1461 1147 1288 1117 1016 1121 1306
internal_value=-4.84903e-09 5.81436e-07 -3.5114e-06 2.17499e-07 -9.82234e-07 1.63217e-06 8.11393e-07 2.30387e-06 -1.88403e-07 7.6912e-07 2.12913e-06 1.5058e-06 4.98026e-06 -1.10901e-06 -1.1105e-06 -4.74531e-07 -1.83573e-06 6.46856e-07
internal_weight=23463 20102 3361 19048 10307 8741 7722 6256 9018 3976 2477 3175 2280 5843 2305 4731 2137 2594
internal_count=23463 20102 3361 19048 10307 8741 7722 6256 9018 3976 2477 3175 2280 5843 2305 4731 2137 2594
is_linear=0
shrinkage=0.0187118


Tree=126
num_leaves=18
num_cat=0
split_feature=20 20 24 15 29 54 41 52 26 0 47 20 52 4 31 31 18
split_gain=0.000162195 0.000144136 0.00010355 8.76157e-05 7.18513e-05 5.87168e-05 5.71026e-05 5.04759e-05 4.8701e-05 4.08084e-05 3.94536e-05 3.47112e-05 2.42218e-05 2.14932e-05 1.81825e-05 4.16932e-05 1.30515e-05
threshold=18.017241379310349 0.060213074520303438 2000.999999999993 0.028687949702850067 7.5000000000000009 10.933840518404631 0.0012172859043774189 0.19331308454115989 -0.0024709404413315755 107.50000000000001 -47.619047619031718 0.45796355925547794 0.17211640216081511 -0.27606139408672054 184.50000000000003 89.500000000000014 -0.021004307827411698
decision_type=2 2 10 8 2 2 2 2 8 2 2 2 2 2 2 2 8
left_child=1 -1 3 7 -4 8 -7 -3 11 10 -10 12 -5 -13 15 -15 -12
right_child=-2 2 4 5 -6 6 -8 -9 9 -11 16 13 -14 14 -16 -17 -18
leaf_value=-6.8290363588195935e-06 7.2407069651960065e-06 -1.5073385862530955e-06 3.2630070146981684e-07 -1.5076845048438706e-06 7.0654242365875922e-06 4.0418439758562357e-07 5.7521006680375251e-06 -6.5346341409231429e-06 4.0219709984205042e-06 -2.2581974982366494e-06 1.6840998409369581e-06 1.6152829975222694e-06 -5.3683592491342056e-06 -2.6342315722430793e-06 -2.5878637840470122e-06 1.9654632225109704e-06 -1.2833217513509565e-06
leaf_weight=1117 1052 1987 1048 1315 1175 1711 1182 1079 1797 994 1063 1333 1003 1277 1741 1501 1014
leaf_count=1117 1052 1987 1048 1315 1175 1711 1182 1079 1797 994 1063 1333 1003 1277 1741 1501 1014
internal_value=6.05514e-08 -2.7761e-07 6.72501e-08 -3.79891e-07 3.88837e-06 1.77588e-07 2.5892e-06 -3.27657e-06 -3.57523e-07 1.12402e-06 1.99184e-06 -1.24028e-06 -3.1782e-06 -4.72667e-07 -1.08856e-06 -1.48938e-07 2.35391e-07
internal_weight=23389 22337 21220 18997 2223 15931 2893 3066 13038 4868 3874 8170 2318 5852 4519 2778 2077
internal_count=23389 22337 21220 18997 2223 15931 2893 3066 13038 4868 3874 8170 2318 5852 4519 2778 2077
is_linear=0
shrinkage=0.0187118


Tree=127
num_leaves=19
num_cat=0
split_feature=20 20 52 36 15 54 27 45 48 20 51 25 17 18 0 29 17 27
split_gain=0.000157091 0.00013255 0.000129665 9.54103e-05 8.1356e-05 5.13218e-05 5.66139e-05 4.96225e-05 3.22771e-05 3.32406e-05 3.28355e-05 2.99717e-05 2.85382e-05 4.61932e-05 2.88588e-05 2.01235e-05 2.04111e-05 1.62079e-05
threshold=8.7192118226601014 0.060213074520303438 0.18105773102688374 -0.0016625115394608423 0.024870211233971599 12.708059520075118 -13.844446160001775 0.0030557695450195159 63.062344496448333 0.45796355925547794 61.111111111108634 -0.99101532506644296 -0.11775182118720924 0.155560129072459 22.500000000000004 9.5000000000000018 -0.21501345776893593 -12.490767280033355
decision_type=2 2 2 2 8 2 8 2 2 2 2 2 10 8 2 2 8 10
left_child=1 -1 -2 -3 11 7 -7 8 9 -6 -10 -5 15 14 -14 -11 -17 -12
right_child=2 3 -4 4 5 6 -8 -9 10 12 17 -13 13 -15 -16 16 -18 -19
leaf_value=-6.7012528020636378e-06 1.6141176853823123e-07 3.8917507389829745e-06 9.378771112810365e-06 -1.1682911857318951e-06 -2.9195208641139192e-06 5.5340055706893861e-06 -9.170800788284799e-08 -4.4799409111913684e-06 3.7675118988976128e-06 3.3490340487412824e-07 1.6413304699052829e-06 -5.3340445455446712e-06 1.7548302078225123e-06 4.2033288435767453e-06 -2.6945935447235557e-06 -7.1391964857242124e-07 -4.3633180871490976e-06 -1.7202166966547474e-06
leaf_weight=1117 1041 1917 1098 1023 1900 1140 1390 997 1293 1649 995 1479 1006 1137 1036 1154 1003 1014
leaf_count=1117 1041 1917 1098 1023 1900 1140 1390 997 1293 1649 995 1479 1006 1137 1036 1154 1003 1014
internal_value=5.94184e-08 -4.27115e-07 4.8929e-06 -7.90186e-08 -4.96891e-07 2.09003e-09 2.4432e-06 -4.66357e-07 -1.38011e-07 -7.2506e-07 1.44162e-06 -3.63078e-06 -1.28141e-07 1.18054e-06 -5.02565e-07 -1.22123e-06 -2.41088e-06 -5.53376e-08
internal_weight=23389 21250 2139 20133 18216 15714 2530 13184 12187 8885 3302 2502 6985 3179 2042 3806 2157 2009
internal_count=23389 21250 2139 20133 18216 15714 2530 13184 12187 8885 3302 2502 6985 3179 2042 3806 2157 2009
is_linear=0
shrinkage=0.0187118


Tree=128
num_leaves=18
num_cat=0
split_feature=24 52 8 31 15 26 4 0 17 9 37 52 25 3 51 18 17
split_gain=0.000137394 0.000117477 0.000110107 7.6519e-05 7.29386e-05 6.35011e-05 6.03378e-05 5.11457e-05 4.69635e-05 3.29759e-05 3.13811e-05 2.57164e-05 2.10742e-05 2.60829e-05 2.09231e-05 1.74651e-05 1.43854e-05
threshold=3000.5000000000432 0.30213559502178183 0.12500000000000358 30.500000000000004 0.030562494274702187 -0.00088824674291838749 -0.18594889479337437 138.50000000000003 -0.39345140575173337 -0.3540076335877862 0.0013577738776473505 0.15933995774862775 -0.49698614391840862 -0.0036157806182500222 77.777777777778056 0.13765265463645918 -0.1610251309206869
decision_type=8 2 10 2 8 10 2 2 10 10 2 2 2 2 2 8 10
left_child=2 6 3 -1 10 7 -2 8 -6 11 -5 -7 14 -14 16 -15 -10
right_child=1 -3 -4 4 5 9 -8 -9 12 -11 -12 -13 13 15 -16 -17 -18
leaf_value=-4.1137037357932732e-06 -1.9407265078345193e-06 8.6827056506786003e-06 -5.0851150637326639e-06 -9.6826656242525792e-07 -3.2634798941250283e-06 2.203253537710443e-06 4.3946475964205659e-06 4.0393403652719918e-06 -2.9824501086316953e-06 7.3669594134540497e-07 -5.0211493094300786e-06 6.2324604615944736e-06 -5.2495191336793915e-07 3.9635576877103963e-06 1.2342135004147635e-06 6.7780075814460503e-07 -1.0373439538724033e-07
leaf_weight=1522 1098 1081 1689 1840 1614 1035 1011 1027 1432 1449 1051 1195 1782 1266 1216 1025 1056
leaf_count=1522 1098 1081 1689 1840 1614 1035 1011 1027 1432 1449 1051 1195 1782 1266 1216 1025 1056
internal_value=5.83065e-08 3.66711e-06 -5.11626e-07 -9.43047e-08 2.65804e-07 8.21048e-07 1.09629e-06 7.47438e-08 -3.58824e-07 2.93439e-06 -2.44166e-06 4.3624e-06 2.43993e-07 1.17288e-06 -7.77432e-07 2.4935e-06 -1.76062e-06
internal_weight=23389 3190 20199 18510 16988 14097 2109 10418 9391 3679 2891 2230 7777 4073 3704 2291 2488
internal_count=23389 3190 20199 18510 16988 14097 2109 10418 9391 3679 2891 2230 7777 4073 3704 2291 2488
is_linear=0
shrinkage=0.0187118


Tree=129
num_leaves=18
num_cat=0
split_feature=20 20 24 15 29 19 16 18 52 0 18 38 1 52 29 55 22
split_gain=0.000150656 0.000132843 9.42012e-05 7.88285e-05 6.79039e-05 6.5628e-05 6.61383e-05 4.88177e-05 4.82617e-05 3.52975e-05 2.95319e-05 3.69974e-05 2.4451e-05 2.30685e-05 5.4207e-05 2.13212e-05 1.13589e-05
threshold=18.017241379310349 0.060213074520303438 2000.999999999993 0.028687949702850067 7.5000000000000009 0.12858018487483494 0.5413533834586467 -0.17982564290439471 0.19331308454115989 13.500000000000002 -0.049001820339236966 -0.0016012820512820711 41.357313735908114 0.1692036045110657 14.500000000000002 13482.500000000002 -0.8204615935114502
decision_type=2 2 10 8 2 2 2 8 2 2 10 2 2 2 2 2 8
left_child=1 -1 3 8 -4 10 7 -7 -3 -9 11 -5 -12 15 -15 -13 -17
right_child=-2 2 4 5 -6 6 -8 9 -10 -11 12 13 -14 14 -16 16 -18
leaf_value=-6.5582308215727493e-06 6.9772430421643658e-06 -1.3816931706661665e-06 2.4409351796361587e-07 3.006588697407744e-06 6.7954867372910109e-06 3.9110690369923148e-06 5.1558392450988663e-06 -3.5976349196731911e-06 -6.2974870043425216e-06 1.0094888344440405e-06 -7.3076310449920276e-08 2.1644954727355489e-06 -3.5915394639093309e-06 3.2212829627157401e-07 -4.8120258850793751e-06 3.7913523610743392e-07 -2.1937025625480875e-06
leaf_weight=1117 1052 1987 1048 1179 1175 1022 1551 1025 1079 1348 1118 1447 1813 1719 1239 1438 1032
leaf_count=1117 1052 1987 1048 1179 1175 1022 1551 1025 1079 1348 1118 1447 1813 1719 1239 1438 1032
internal_value=5.72155e-08 -2.68695e-07 6.23797e-08 -3.641e-07 3.70693e-06 1.64685e-07 1.95452e-06 4.91996e-07 -3.11168e-06 -9.80523e-07 -6.41186e-07 -5.59058e-08 -2.24946e-06 -5.81096e-07 -1.82838e-06 3.60817e-07 -6.95831e-07
internal_weight=23389 22337 21220 18997 2223 15931 4946 3395 3066 2373 10985 8054 2931 6875 2958 3917 2470
internal_count=23389 22337 21220 18997 2223 15931 4946 3395 3066 2373 10985 8054 2931 6875 2958 3917 2470
is_linear=0
shrinkage=0.0187118


Tree=130
num_leaves=18
num_cat=0
split_feature=20 31 1 52 24 15 52 47 20 52 19 16 9 31 47 31 51
split_gain=0.00014598 0.000152237 0.00014564 0.000123808 0.000120339 8.3706e-05 7.29529e-05 5.50393e-05 6.08265e-05 5.41108e-05 4.51235e-05 3.97289e-05 3.48436e-05 1.92616e-05 1.90498e-05 1.75926e-05 1.40634e-05
threshold=8.7192118226601014 31.500000000000004 131.03923656438084 0.18105773102688374 499.99999999993611 0.035570054492828004 0.19331308454115989 122.22222222222675 0.51382517838939867 0.18888895222646221 0.12388396056481811 0.47368421052631587 -0.80057251908396931 121.50000000000001 -83.333333333379855 176.50000000000003 50.925925925927153
decision_type=2 2 2 2 10 8 2 2 2 2 2 2 10 2 2 2 2
left_child=1 2 -1 -2 5 6 13 8 11 16 12 -7 -10 -3 -14 -16 -6
right_child=3 4 -4 -5 9 7 -8 -9 10 -11 -12 -13 14 -15 15 -17 -18
leaf_value=-1.0060750688551103e-05 9.2159124940743337e-08 6.6853035451510374e-07 -2.5880402300708146e-07 9.098934066460575e-06 7.7583857512076666e-08 -4.6076642517496758e-06 -6.89066989312423e-06 4.2223618765267001e-06 3.0764007442518509e-06 6.2082935133275798e-06 3.3859022717069887e-06 -5.2922505918745485e-07 -3.0568681900575503e-06 -2.6684098820109612e-06 1.0548062356827713e-06 -1.5431426273906283e-06 3.0086617887065521e-06
leaf_weight=1063 1041 1055 1060 1098 1220 1484 1186 1064 1004 1319 1704 1916 999 1422 1980 1693 1081
leaf_count=1063 1041 1055 1060 1098 1220 1484 1186 1064 1004 1319 1704 1916 999 1422 1980 1693 1081
internal_value=5.61449e-08 -4.12866e-07 -5.1667e-06 4.71555e-06 1.14786e-07 -6.02324e-07 -3.0744e-06 1.62215e-07 -2.38527e-07 3.18667e-06 7.15508e-07 -2.30934e-06 -8.61745e-08 -1.24714e-06 -7.65804e-07 -1.42669e-07 1.45459e-06
internal_weight=23389 21250 2123 2139 19127 15507 3663 11844 10780 3620 7380 3400 5676 2477 4672 3673 2301
internal_count=23389 21250 2123 2139 19127 15507 3663 11844 10780 3620 7380 3400 5676 2477 4672 3673 2301
is_linear=0
shrinkage=0.0187118


Tree=131
num_leaves=17
num_cat=0
split_feature=20 31 31 15 52 16 37 47 6 20 16 20 18 13 47 51
split_gain=0.0001414 0.000141426 0.000130809 0.000107271 0.000101113 6.48435e-05 6.46997e-05 5.27297e-05 4.6265e-05 4.36103e-05 3.92797e-05 3.26262e-05 2.79133e-05 2.44448e-05 2.43288e-05 2.46806e-05
threshold=5.2444001991040325 31.500000000000004 206.50000000000003 0.035570054492828004 0.1792947096199495 0.5413533834586467 0.001665280088741006 119.44992021026948 -1.0000000180025095e-35 0.5680236686390534 0.47368421052631587 0.76246546961325989 -0.059365444555209451 -0.2461220201911645 35.714285714329954 41.666666666666252
decision_type=2 2 2 8 2 2 2 2 8 2 2 2 10 10 2 2
left_child=1 -1 4 6 -2 7 11 9 13 10 -5 -3 14 -7 15 -11
right_child=2 3 -4 5 -6 8 -8 -9 -10 12 -12 -13 -14 -15 -16 -17
leaf_value=-5.4124988158083802e-06 1.9006221391476957e-06 -3.0139330277140459e-06 -1.9479592835941335e-06 -4.3045499845361279e-06 9.6632364328377436e-06 2.412697259088449e-06 -6.7469086087567778e-06 3.958947462432954e-06 -4.6101508811864634e-07 6.0330785269604118e-07 -2.8654304988475987e-07 1.2742526416955723e-06 -1.5919783821455456e-06 5.7772404919757794e-06 -8.6657537998284413e-07 4.1692000857140234e-06
leaf_weight=1892 1107 1545 1039 1669 1252 1809 1078 994 1236 1454 1740 1039 1692 1299 1268 1276
leaf_count=1892 1107 1545 1039 1669 1252 1809 1078 994 1236 1454 1740 1039 1692 1299 1268 1276
internal_value=5.50943e-08 -5.44736e-07 3.584e-06 -3.58791e-08 6.0205e-06 6.89642e-07 -2.89616e-06 -1.33065e-07 2.60115e-06 -5.80088e-07 -2.25371e-06 -1.2897e-06 4.22612e-07 3.81892e-06 1.27521e-06 2.27e-06
internal_weight=23389 19991 3398 18099 2359 14437 3662 10093 4344 9099 3409 2584 5690 3108 3998 2730
internal_count=23389 19991 3398 18099 2359 14437 3662 10093 4344 9099 3409 2584 5690 3108 3998 2730
is_linear=0
shrinkage=0.0187118


Tree=132
num_leaves=18
num_cat=0
split_feature=20 20 24 8 29 19 48 54 37 9 24 55 39 18 0 47 55
split_gain=0.000138335 0.000125011 8.56797e-05 7.45191e-05 6.40173e-05 5.99967e-05 6.75981e-05 5.24663e-05 4.6892e-05 4.10799e-05 4.60436e-05 3.69633e-05 2.07435e-05 2.13005e-05 2.18681e-05 3.9889e-05 9.45407e-06
threshold=18.017241379310349 0.060213074520303438 2000.999999999993 0.12500000000000358 7.5000000000000009 0.12858018487483494 63.817939278629879 10.933840518404631 0.001655633677343338 -0.80057251908396931 -501.00000000002484 16436.000000000004 1.0000000180025095e-35 -0.073185908515321654 24.500000000000004 -37.037037037050361 16436.000000000004
decision_type=2 2 10 8 2 2 2 2 2 10 10 2 2 10 2 2 2
left_child=1 -1 3 5 -4 8 11 -8 9 16 -11 -7 13 14 15 -12 -3
right_child=-2 2 4 -5 -6 6 7 -9 -10 10 12 -13 -14 -15 -16 -17 -18
leaf_value=-6.3595579902104482e-06 6.6850887187993608e-06 3.3748549571397647e-06 1.7645611738152987e-07 -4.1704773438992616e-06 6.5375946108311515e-06 -2.1925355154061459e-06 1.6882197181845367e-06 7.2002036581427789e-06 -3.7524644531205846e-06 -4.0211494890883639e-06 4.7566418211446346e-06 2.1389755826007669e-06 -2.6227804622835233e-06 -1.41162788332366e-06 -5.4139248494064233e-07 -2.7810611653385807e-07 8.3024595624710742e-07
leaf_weight=1117 1052 1030 1048 1629 1175 1601 1511 1008 1552 1343 1094 1212 1086 1964 1842 1110 1015
leaf_count=1117 1052 1030 1048 1629 1175 1601 1511 1008 1552 1343 1094 1212 1086 1964 1842 1110 1015
internal_value=5.40634e-08 -2.58236e-07 6.29313e-08 -3.43802e-07 3.53873e-06 1.51144e-08 1.66746e-06 3.89389e-06 -7.16882e-07 -2.67509e-07 -8.44101e-07 -3.26274e-07 -2.42807e-07 1.87251e-07 9.63376e-07 2.22099e-06 2.11188e-06
internal_weight=23389 22337 21220 18997 2223 17368 5332 2519 12036 10484 8439 2813 7096 6010 4046 2204 2045
internal_count=23389 22337 21220 18997 2223 17368 5332 2519 12036 10484 8439 2813 7096 6010 4046 2204 2045
is_linear=0
shrinkage=0.0187118


Tree=133
num_leaves=17
num_cat=0
split_feature=36 15 19 31 31 9 26 31 19 47 54 18 54 0 7 29
split_gain=9.35476e-05 7.45697e-05 6.1121e-05 5.4929e-05 7.01639e-05 5.37961e-05 4.82238e-05 4.30309e-05 4.23828e-05 4.23243e-05 3.92856e-05 3.85949e-05 3.18956e-05 2.90568e-05 2.47133e-05 1.881e-05
threshold=-0.0032025641025640868 0.033233499494945362 0.036748927727460419 22.500000000000004 121.50000000000001 -0.32347328244274803 0.00054179123249565502 86.500000000000014 -1.4350140563321074 8.7337909992247216 1.0165795564278388 -0.18738485406899474 -0.77988562135808681 36.500000000000007 0.24338561470215467 9.5000000000000018
decision_type=2 8 2 2 2 10 8 2 2 2 2 10 2 2 10 2
left_child=-1 5 3 -3 7 12 10 15 -6 11 14 -10 -2 -12 -4 -5
right_child=1 2 6 4 8 -7 -8 -9 9 -11 13 -13 -14 -15 -16 -17
leaf_value=5.5934304308748302e-06 1.2961983287975008e-06 -4.7613354868869721e-06 -2.6780412626272266e-06 -1.4148689774266852e-06 -3.9495559221398606e-06 -5.892439563418631e-06 4.1528959889585321e-06 5.1281567550482794e-06 2.9703609637466078e-06 -3.0418633858894271e-06 5.1575467789928029e-07 -1.6672601851106502e-06 -2.674093959651258e-06 4.2503304107711301e-06 6.4814688732783185e-07 1.881481409304183e-06
leaf_weight=1012 1147 1031 1315 1013 1717 1166 1863 1010 1476 1406 1535 1094 1853 1390 1930 1509
leaf_count=1012 1147 1031 1315 1013 1717 1166 1863 1010 1476 1406 1535 1094 1853 1390 1930 1509
internal_value=2.83724e-08 -2.22433e-07 2.92209e-07 -6.65131e-07 -2.07333e-07 -2.48174e-06 1.51448e-06 1.86448e-06 -1.49271e-06 -4.31738e-07 7.17819e-07 9.96213e-07 -1.15612e-06 2.29048e-06 -6.99753e-07 5.57451e-07
internal_weight=23467 22455 18289 10256 9225 4166 8033 3532 5693 3976 6170 2570 3000 2925 3245 2522
internal_count=23467 22455 18289 10256 9225 4166 8033 3532 5693 3976 6170 2570 3000 2925 3245 2522
is_linear=0
shrinkage=0.0187118


Tree=134
num_leaves=19
num_cat=0
split_feature=20 31 37 15 4 47 52 18 37 20 27 31 31 31 31 20 18 51
split_gain=0.00012367 0.000133217 9.77497e-05 7.40413e-05 6.78452e-05 6.0068e-05 5.44746e-05 5.27919e-05 5.05175e-05 3.47718e-05 6.6469e-05 3.43854e-05 2.24945e-05 2.24512e-05 4.09501e-05 3.30247e-05 2.10955e-05 1.59892e-05
threshold=18.017241379310349 31.500000000000004 -0.0015140054096180464 0.033876940208763258 -0.27170840635423138 130.95238095236962 0.19097994088765699 -0.26181938017475753 0.0014214648260700848 2.4921855921855927 46.422375338717607 234.50000000000003 121.50000000000001 126.50000000000001 92.500000000000014 0.45796355925547794 -0.15225015312453413 55.555555555555657
decision_type=2 2 2 8 2 2 2 10 2 2 10 2 2 2 2 2 10 2
left_child=1 4 7 6 -1 8 12 -3 9 11 -11 13 -4 14 -5 -15 17 -17
right_child=-2 2 3 5 -6 -7 -8 -9 -10 10 -12 -13 -14 15 -16 16 -18 -19
leaf_value=-1.1261965775201838e-06 6.3074160184456844e-06 6.4642465543116725e-06 9.9892543251558028e-07 -1.267492272829448e-06 -7.3395486520492944e-06 4.5938494387138319e-06 -5.9669727130882729e-06 1.259837150790602e-06 -3.3859870433246508e-06 6.0862026470425018e-06 -4.303912968528353e-07 2.9021305844044228e-06 -2.6656793356686261e-06 -4.2148225681200563e-06 2.8874354200891615e-06 2.3565282270478419e-06 -2.3767837774273787e-06 -9.8048050913079427e-07
leaf_weight=1179 1049 1195 1046 1864 1287 1072 1184 1591 1389 995 1220 1147 1335 1124 1498 1010 1281 1001
leaf_count=1179 1049 1195 1046 1864 1287 1072 1184 1591 1389 995 1220 1147 1335 1124 1498 1010 1281 1001
internal_value=2.78415e-08 -2.65997e-07 2.41112e-07 -2.86526e-07 -4.36893e-06 3.42636e-07 -2.68687e-06 3.49217e-06 -2.11043e-08 3.98449e-07 2.49693e-06 -1.2235e-07 -1.05578e-06 -5.68362e-07 5.8381e-07 -1.44554e-06 -5.00008e-07 6.9549e-07
internal_weight=23467 22418 19952 17166 2466 13601 3565 2786 12529 11140 2215 8925 2381 7778 3362 4416 3292 2011
internal_count=23467 22418 19952 17166 2466 13601 3565 2786 12529 11140 2215 8925 2381 7778 3362 4416 3292 2011
is_linear=0
shrinkage=0.0187118


Tree=135
num_leaves=19
num_cat=0
split_feature=20 31 31 1 37 9 36 10 36 52 31 31 31 47 31 31 29 41
split_gain=0.000120809 0.000165089 0.000139534 9.02373e-05 8.66948e-05 6.2675e-05 5.33961e-05 4.5966e-05 4.22388e-05 3.25038e-05 2.08196e-05 2.70565e-05 4.66809e-05 1.72553e-05 1.91038e-05 1.38044e-05 1.23206e-05 8.22974e-06
threshold=5.2444001991040325 211.50000000000003 31.500000000000004 131.13395890701079 0.0020060200722731296 -0.79484732824427462 0.001339585329701243 -0.92011278195488699 -0.0010476692240991568 0.18485270734046927 232.50000000000003 124.50000000000001 90.500000000000014 49.456457520978113 156.50000000000003 132.50000000000003 12.500000000000002 -0.0012247402020783558
decision_type=2 2 2 2 2 10 2 2 2 2 2 2 2 2 2 2 2 2
left_child=2 3 -1 -2 5 9 7 8 17 15 11 12 -10 14 -13 -4 -16 -7
right_child=1 -3 4 -5 -6 6 -8 -9 10 -11 -12 13 -14 -15 16 -17 -18 -19
leaf_value=-5.3147193450022119e-06 2.8707385890194432e-06 -3.1183106606729071e-06 3.0971670823764219e-06 1.0228327300254186e-05 -3.9691763102097032e-06 4.266352036852368e-06 -3.6538183385924914e-06 -3.3303686972457346e-06 -9.4259356704818352e-07 5.4861297840757175e-06 2.3546972961631492e-06 -2.7494232326024008e-06 3.6364669817265148e-06 -3.3966584909704668e-06 1.7552029724812967e-06 1.4393060692691593e-07 -1.0591417389104039e-06 1.8669109265511841e-06
leaf_weight=1925 1394 994 1002 1004 1755 1004 1379 1141 1854 1025 1186 1006 1345 1036 1105 1240 1074 998
leaf_count=1925 1394 994 1002 1004 1755 1004 1379 1141 1854 1025 1186 1006 1345 1036 1105 1240 1074 998
internal_value=2.73205e-08 3.29347e-06 -5.24549e-07 5.95123e-06 -1.65002e-08 4.06613e-07 -1.70528e-07 2.38311e-07 6.2216e-07 2.72578e-06 5.26689e-08 -3.15283e-07 9.82644e-07 -1.29895e-06 -6.16621e-07 1.4638e-06 3.68049e-07 3.07023e-06
internal_weight=23467 3392 20075 2398 18150 16395 13128 11749 10608 3267 8606 7420 3199 4221 3185 2242 2179 2002
internal_count=23467 3392 20075 2398 18150 16395 13128 11749 10608 3267 8606 7420 3199 4221 3185 2242 2179 2002
is_linear=0
shrinkage=0.0187118


Tree=136
num_leaves=17
num_cat=0
split_feature=20 31 29 24 19 37 52 20 5 31 31 31 30 20 55 51
split_gain=0.000117427 0.000132426 0.000156979 9.07285e-05 6.74326e-05 5.60425e-05 5.13917e-05 3.80414e-05 4.06656e-05 3.97074e-05 3.68609e-05 4.03178e-05 3.67428e-05 2.61874e-05 1.95612e-05 1.82241e-05
threshold=10.577380952380954 31.500000000000004 12.500000000000002 499.99999999993611 -2.7968375802241776 0.0020060200722731296 0.19197956265114224 1.1949635730123538 0.014179300379511728 231.50000000000003 124.50000000000001 87.500000000000014 17.500000000000004 0.53972763347763364 16436.000000000004 42.592592592595373
decision_type=2 2 2 10 2 2 2 2 2 2 2 2 2 2 2 2
left_child=1 2 -1 4 -3 7 15 9 14 10 11 -6 -12 -14 -9 -5
right_child=-2 3 -4 6 5 -7 -8 8 -10 -11 12 -13 13 -15 -16 -17
leaf_value=-1.5885110626860655e-07 4.6540378783764716e-06 -4.4364288060488764e-06 -1.0056568987840478e-05 -7.4898928511508725e-07 -1.4696780646313241e-06 -3.3960489643159386e-06 5.762926983439398e-06 1.6915851017639349e-06 3.7277084330203079e-06 2.8804390947059305e-06 -4.193412319680141e-06 2.578983006742613e-06 -2.4423511639934664e-06 1.6162612593460562e-06 -1.8293438991262663e-06 2.5339078397678156e-06
leaf_weight=1241 1775 1374 1024 1018 1755 1601 1305 1176 1978 1122 1713 1691 1195 1042 1042 1415
leaf_count=1241 1775 1374 1024 1018 1755 1601 1305 1176 1978 1122 1713 1691 1195 1042 1042 1415
internal_value=2.68093e-08 -3.51825e-07 -4.63358e-06 1.47387e-07 -4.76789e-07 -9.673e-08 2.76716e-06 3.18734e-07 1.77706e-06 -3.99642e-07 -8.97242e-07 5.17055e-07 -2.13108e-06 -5.51839e-07 3.74775e-08 1.1603e-06
internal_weight=23467 21692 2265 19427 15689 14315 3738 12714 4196 8518 7396 3446 3950 2237 2218 2433
internal_count=23467 21692 2265 19427 15689 14315 3738 12714 4196 8518 7396 3446 3950 2237 2218 2433
is_linear=0
shrinkage=0.0187118


Tree=137
num_leaves=19
num_cat=0
split_feature=20 31 1 37 8 31 20 48 31 37 18 17 31 22 20 1 1 1
split_gain=0.000113811 0.000120664 0.000151696 9.02708e-05 6.96379e-05 5.89789e-05 6.99783e-05 6.73563e-05 6.64534e-05 6.45584e-05 5.02227e-05 2.82584e-05 2.69665e-05 2.41758e-05 2.04142e-05 1.96974e-05 1.93676e-05 1.27571e-05
threshold=18.017241379310349 31.500000000000004 131.03923656438084 -0.0015140054096180464 0.12500000000000358 125.50000000000001 0.17849733254297573 63.817939278629879 236.50000000000003 0.0013504395083342449 -0.26181938017475753 -0.069002150317427804 92.500000000000014 -0.85521529103053429 0.71704319761668334 82.318141283958823 145.03137345989367 80.337638181346662
decision_type=2 2 2 2 10 2 2 2 2 2 10 10 2 8 2 2 2 2
left_child=1 2 -1 10 5 6 -5 12 9 11 -3 14 15 -9 17 -8 -16 -7
right_child=-2 3 -4 4 -6 8 7 13 -10 -11 -12 -13 -14 -15 16 -17 -18 -19
leaf_value=-8.704507285328312e-06 6.0503810663511158e-06 6.2501158449287148e-06 5.7945277524764472e-07 -2.4927676580342827e-06 -4.2950923916093189e-06 -1.5140111708453511e-06 -2.339454081779255e-06 7.1870597680042952e-06 2.2496980005666813e-06 -5.479556935292983e-06 1.1739296041676911e-06 2.0122135887957338e-06 3.1909340767599814e-06 3.0683694984950512e-06 1.0047477427371603e-06 1.3041420912395753e-06 -2.088267590320776e-06 -4.2972618118893473e-06
leaf_weight=1259 1049 1195 1207 1255 1390 1335 1035 995 1910 1284 1591 999 1031 1001 1601 1043 1272 1015
leaf_count=1259 1049 1195 1207 1255 1390 1335 1035 995 1910 1284 1591 999 1031 1001 1601 1043 1272 1015
internal_value=2.63077e-08 -2.55575e-07 -4.16041e-06 2.27049e-07 -2.80003e-07 7.37608e-08 1.46586e-06 2.43904e-06 -8.66528e-07 -1.65949e-06 3.35126e-06 -8.71167e-07 7.16867e-07 5.12153e-06 -1.42267e-06 -5.10641e-07 -3.64662e-07 -2.71614e-06
internal_weight=23467 22418 2466 19952 17166 15776 6360 5105 9416 7506 2786 6222 3109 1996 5223 2078 2873 2350
internal_count=23467 22418 2466 19952 17166 15776 6360 5105 9416 7506 2786 6222 3109 1996 5223 2078 2873 2350
is_linear=0
shrinkage=0.0187118


Tree=138
num_leaves=18
num_cat=0
split_feature=20 31 31 1 1 37 40 48 20 31 31 31 19 20 19 17 22
split_gain=0.000111158 0.000160573 0.000127031 0.000117419 8.6057e-05 8.43544e-05 6.53328e-05 6.45581e-05 4.6263e-05 4.56221e-05 5.35222e-05 5.28832e-05 3.80154e-05 4.09703e-05 2.07774e-05 1.65052e-05 1.49783e-05
threshold=5.2444001991040325 211.50000000000003 41.500000000000007 256.0709528940418 82.217445856116157 0.0020090411898852083 -0.0031720876411843175 81.422509980216986 0.79089180781196011 231.50000000000003 124.50000000000001 91.500000000000014 -0.47924820161863119 0.45796355925547794 -0.0079486717189123351 -0.11903360053831075 -0.83556345237050678
decision_type=2 2 2 2 2 2 2 2 2 2 2 2 2 2 2 10 8
left_child=2 4 3 -1 -2 6 -4 9 -9 10 11 14 -12 -14 -8 16 -15
right_child=1 -3 5 -5 -6 -7 7 8 -10 -11 12 -13 13 15 -16 -17 -18
leaf_value=-7.4748429491399449e-06 2.4448287916731894e-06 -3.1646734107807317e-06 5.0415159884060582e-06 6.8101655116574182e-07 9.5474898780991575e-06 -4.0856176878900214e-06 8.0079651298907388e-07 9.34625786569089e-07 5.9438045487434524e-06 2.5449940831454741e-06 -4.778372597787569e-06 2.9972089959864749e-06 -4.0694438161399223e-06 3.0957850920477767e-07 -2.7110149586060116e-06 1.4847726522680439e-06 -2.7880970108264331e-06
leaf_weight=1613 1272 994 1028 1002 1126 1556 1060 1818 1001 1568 1347 1953 1292 1147 1330 1316 1044
leaf_count=1613 1272 994 1028 1002 1126 1556 1060 1818 1001 1568 1347 1953 1292 1147 1330 1316 1044
internal_value=2.58154e-08 3.15879e-06 -5.03552e-07 -4.34973e-06 5.77994e-06 7.24937e-08 4.79311e-07 1.64042e-07 2.71334e-06 -4.31999e-07 -8.7703e-07 7.13043e-07 -2.00064e-06 -1.22097e-06 -1.15347e-06 -1.71577e-07 -1.16645e-06
internal_weight=23467 3392 20075 2615 2398 17460 15904 14876 2819 12057 10489 4343 6146 4799 2390 3507 2191
internal_count=23467 3392 20075 2615 2398 17460 15904 14876 2819 12057 10489 4343 6146 4799 2390 3507 2191
is_linear=0
shrinkage=0.0187118


Tree=139
num_leaves=17
num_cat=0
split_feature=20 31 29 15 20 19 52 9 19 31 20 27 31 52 20 31
split_gain=0.000107763 0.000113783 0.000112602 8.40802e-05 6.99383e-05 0.000146768 5.31644e-05 4.56523e-05 4.70324e-05 4.57899e-05 3.91154e-05 2.98391e-05 2.68287e-05 2.32144e-05 2.27619e-05 1.7541e-05
threshold=18.017241379310349 31.500000000000004 12.500000000000002 0.035570054492828004 2.4921855921855927 -0.10780283283332891 0.19331308454115989 -0.79484732824427462 0.036748927727460419 224.50000000000003 0.35265507518796996 -97.323144826611312 114.50000000000001 0.14196962819994779 0.61209259823332329 144.50000000000003
decision_type=2 2 2 8 2 2 2 10 2 2 2 10 2 2 2 2
left_child=1 2 -1 6 7 -6 12 13 14 10 -10 -12 -3 -5 -9 -16
right_child=-2 3 -4 4 5 -7 -8 8 9 -11 11 -13 -14 -15 15 -17
leaf_value=-3.121776134601245e-07 5.8871458072649898e-06 1.5977066515974776e-06 -8.3286014537676163e-06 2.2167459604293109e-07 -3.8468310524954487e-07 7.3667628756875879e-06 -5.4011904680806017e-06 -4.0452944078524419e-06 -2.4443172129914663e-06 4.195314604370285e-06 -1.3131414399322543e-06 2.7267962896102553e-06 -2.2659701706012748e-06 3.7759389547565891e-06 5.3788068480921503e-07 -2.2065763717512756e-06
leaf_weight=1319 1049 1044 1147 1078 1859 1584 1264 1188 1581 1088 1010 1748 1584 1596 1429 1899
leaf_count=1319 1049 1044 1147 1078 1859 1584 1264 1188 1581 1088 1010 1748 1584 1596 1429 1899
internal_value=2.53323e-08 -2.48958e-07 -4.04082e-06 2.19704e-07 8.17679e-07 3.18148e-06 -2.24779e-06 1.72632e-07 -4.11069e-07 7.62889e-07 -9.77872e-08 1.24734e-06 -7.31084e-07 2.34307e-06 -1.82185e-06 -1.02814e-06
internal_weight=23467 22418 2466 19952 16060 3443 3892 12617 9943 5427 4339 2758 2628 2674 4516 3328
internal_count=23467 22418 2466 19952 16060 3443 3892 12617 9943 5427 4339 2758 2628 2674 4516 3328
is_linear=0
shrinkage=0.0187118


Tree=140
num_leaves=19
num_cat=0
split_feature=20 37 39 27 11 30 4 20 4 30 1 53 51 51 55 20 1 3
split_gain=0.000115491 0.000105459 7.58654e-05 6.73255e-05 5.2396e-05 5.48027e-05 4.27014e-05 5.12721e-05 4.36627e-05 3.22517e-05 3.11974e-05 3.07902e-05 2.90259e-05 2.50301e-05 2.34485e-05 2.17237e-05 1.57909e-05 1.37456e-05
threshold=1.147923253808566 -0.0027491421920582955 0.0033361157484697039 -31.579136940931019 -0.82729007633587781 18.500000000000004 -0.19211091638871611 0.21860135837702707 -0.41399315959070609 16.500000000000004 145.25426731704283 30.321383003832139 72.222222222222854 33.333333333333215 30598.500000000004 0.70307765151515167 114.0596403647058 0.066064993223606816
decision_type=2 2 2 10 8 2 2 2 2 2 2 2 2 2 2 2 2 2
left_child=2 -2 4 -3 16 6 7 -6 17 -5 11 -11 -7 -12 -13 -10 -1 -9
right_child=1 3 -4 9 5 12 -8 8 15 10 13 14 -14 -15 -16 -17 -18 -19
leaf_value=4.1225893765857703e-07 7.2210317778069958e-06 4.5608737289167084e-06 -5.7534239229226865e-06 2.3109877805503005e-06 -4.1033596931204063e-06 -8.3462297515592673e-07 -5.6135841045013341e-06 2.7428941883925774e-06 -4.2903823800333939e-06 3.4091754493612541e-06 -3.8931882272064567e-06 9.5718094323908514e-07 3.1323858092820814e-06 -1.0240152974949702e-08 -2.5725639227010988e-06 -4.1098352662289413e-07 3.7058208572037046e-06 -2.145667995126448e-07
leaf_weight=1045 1014 1466 1145 1928 1873 1356 1047 1231 1025 998 1299 1683 1233 1052 1083 997 995 995
leaf_count=1045 1014 1466 1145 1928 1873 1356 1047 1231 1025 998 1299 1683 1233 1052 1083 997 995 995
internal_value=2.88363e-08 1.48467e-06 -1.15488e-06 8.72963e-07 -7.08554e-07 -1.27877e-06 -2.12157e-06 -1.52426e-06 -3.87097e-07 2.00766e-07 -4.64566e-07 5.91713e-07 1.05465e-06 -2.15569e-06 -4.24855e-07 -2.37754e-06 2.01868e-06 1.42094e-06
internal_weight=23465 10523 12942 9509 11797 9757 7168 6121 4248 8043 6115 3764 2589 2351 2766 2022 2040 2226
internal_count=23465 10523 12942 9509 11797 9757 7168 6121 4248 8043 6115 3764 2589 2351 2766 2022 2040 2226
is_linear=0
shrinkage=0.0187118


Tree=141
num_leaves=18
num_cat=0
split_feature=24 8 44 4 19 41 22 31 41 25 31 31 30 19 4 30 31
split_gain=9.85607e-05 0.000101525 6.23755e-05 5.65038e-05 5.47163e-05 6.80467e-05 4.21713e-05 3.50189e-05 3.45104e-05 3.05149e-05 2.72795e-05 7.01216e-05 4.11346e-05 3.17974e-05 3.51794e-05 1.53852e-05 1.17204e-05
threshold=3000.5000000000432 0.12500000000000358 -0.0031562344346670597 -0.83785120696478022 0.11833879549232408 0.0015810286559881927 -0.93499020209996775 205.50000000000003 0.0020090411898852083 -1.0000000180025095e-35 120.50000000000001 90.500000000000014 17.500000000000004 -0.10420091921289297 -0.1098705410141896 17.500000000000004 196.50000000000003
decision_type=8 10 2 2 2 2 10 2 2 2 2 2 2 2 2 2 2
left_child=1 3 -2 -1 8 7 -4 9 10 -6 11 12 -5 15 16 -12 -15
right_child=2 -3 6 4 5 -7 -8 -9 -10 -11 13 -13 -14 14 -16 -17 -18
leaf_value=-4.2999671327799997e-06 6.9537507855255034e-06 -4.876823351368562e-06 3.9039324809680469e-06 1.7481653733715035e-06 -2.6536386530954354e-06 5.3346775906932932e-06 -1.3120043179083084e-06 3.4969344715267174e-06 -3.5518780265651717e-06 1.2026691053975115e-06 -3.5260291350886586e-06 5.2516933728421051e-06 -2.2193284914833032e-06 -2.2228535495880174e-06 2.9763321783160799e-06 -8.0632772588855906e-07 4.6914641381992445e-07
leaf_weight=1037 1003 1666 1092 1778 1304 1392 1079 1023 1168 1600 1722 1021 1885 1309 1126 1262 998
leaf_count=1037 1003 1666 1092 1778 1304 1392 1079 1023 1168 1600 1722 1021 1885 1309 1126 1262 998
internal_value=2.82967e-08 -4.51336e-07 3.09453e-06 -5.5478e-08 1.9478e-07 1.77988e-06 1.31158e-06 5.19809e-07 -4.9241e-07 -5.2895e-07 -1.70505e-07 9.15197e-07 -2.93528e-07 -9.62999e-07 2.65029e-07 -2.37581e-06 -1.0583e-06
internal_weight=23465 20291 3174 18625 17588 5319 2171 3927 12269 2904 11101 4684 3663 6417 3433 2984 2307
internal_count=23465 20291 3174 18625 17588 5319 2171 3927 12269 2904 11101 4684 3663 6417 3433 2984 2307
is_linear=0
shrinkage=0.0187118


Tree=142
num_leaves=18
num_cat=0
split_feature=20 19 52 18 47 41 20 31 31 31 30 31 31 19 20 53 22
split_gain=0.000111091 0.000104509 8.11185e-05 9.62371e-05 7.80544e-05 6.52366e-05 6.09315e-05 4.35499e-05 5.95703e-05 6.2414e-05 3.71521e-05 3.80015e-05 5.57662e-05 3.85712e-05 3.42758e-05 2.61338e-05 6.128e-06
threshold=1.147923253808566 0.19508506581659549 0.20851911280123658 -0.13398613321441297 25.641025641008302 -0.0033841044434264607 14.455555555555557 206.50000000000003 125.50000000000001 91.500000000000014 16.500000000000004 57.500000000000007 175.50000000000003 -0.31520203538118702 0.45796355925547794 40.729506610778195 -0.85850808692345926
decision_type=2 2 2 10 2 2 2 2 2 2 2 2 2 2 2 2 8
left_child=2 5 7 4 -4 -2 10 8 9 14 -7 -12 -13 -14 -1 -10 -17
right_child=1 -3 3 -5 -6 6 -8 -9 15 -11 11 12 13 -15 -16 16 -18
leaf_value=-3.3571720794713885e-06 5.0267087245579698e-06 6.211912505541618e-06 2.3392640874140433e-06 -7.9459029415778518e-06 -4.1634157203439776e-06 1.887880307133402e-06 4.3706260749050637e-06 2.3994434888695382e-06 -4.898017612932875e-06 3.3793749490348129e-06 -4.4805295727155047e-06 2.169458560161534e-06 -4.2704391400385679e-06 3.6741328040948264e-07 1.1827404878508494e-06 -3.7400736892956665e-07 -2.445062834535034e-06
leaf_weight=1289 1087 1402 1103 1151 1561 1736 1039 1837 1212 1726 1036 1676 1424 1123 1062 994 1007
leaf_count=1289 1087 1402 1103 1151 1561 1736 1039 1837 1212 1726 1036 1676 1424 1123 1062 994 1007
internal_value=2.77672e-08 1.4556e-06 -1.13319e-06 -3.42454e-06 -1.47105e-06 7.245e-07 1.42411e-07 -1.75423e-07 -8.24261e-07 6.77331e-07 -4.85626e-07 -1.26912e-06 -4.81289e-07 -2.22556e-06 -1.30639e-06 -2.72964e-06 -1.41626e-06
internal_weight=23465 10523 12942 3815 2664 9121 8034 9127 7290 4077 6995 5259 4223 2547 2351 3213 2001
internal_count=23465 10523 12942 3815 2664 9121 8034 9127 7290 4077 6995 5259 4223 2547 2351 3213 2001
is_linear=0
shrinkage=0.0187118


Tree=143
num_leaves=18
num_cat=0
split_feature=20 37 31 1 31 40 18 52 48 19 0 31 0 31 20 53 10
split_gain=0.000108237 0.000106259 9.76524e-05 0.000137302 0.000163256 9.10877e-05 9.01283e-05 8.72738e-05 5.91074e-05 5.08398e-05 3.70686e-05 3.61991e-05 3.54494e-05 3.18527e-05 2.54172e-05 2.157e-05 1.14146e-05
threshold=0.21860135837702707 -0.0032493928835392589 127.50000000000001 156.34276651146243 30.500000000000004 0.0015785329486048829 -0.22824530376881283 0.20851911280123658 68.995685487696505 -0.19708317084393909 18.500000000000004 206.50000000000003 15.500000000000002 89.500000000000014 1.3887119603680118 43.859442093098259 -1.3693609022556388
decision_type=2 2 2 2 2 2 10 2 2 2 2 2 2 2 2 2 2
left_child=7 -2 3 4 -3 9 -5 10 13 12 -1 14 -4 -6 15 -11 -13
right_child=1 2 5 6 8 -7 -8 -9 -10 11 -12 16 -14 -15 -16 -17 -18
leaf_value=-3.6327172362471547e-06 6.2691691375627376e-06 -5.5924378756911436e-06 -4.4936706776819923e-07 8.6000653426730828e-06 -1.1678683924830364e-06 -5.163024871016665e-06 2.0609424583496045e-06 -7.3454522190101312e-06 5.2551755449659626e-06 -3.5678922433602991e-06 1.0454640568981368e-06 1.3582172618454861e-06 -4.5835270568323887e-06 2.9759073945396956e-06 2.0711228681463494e-06 -5.5494393689044266e-08 3.9727358516524125e-06
leaf_weight=1054 1080 1382 1665 1323 1773 1548 1669 1108 1242 1001 1356 1279 1288 1025 1019 1576 1077
leaf_count=1054 1080 1382 1665 1323 1773 1548 1669 1108 1242 1001 1356 1279 1288 1025 1019 1576 1077
internal_value=2.72477e-08 5.60955e-07 2.342e-07 1.73466e-06 -4.09709e-08 -9.73576e-07 4.95241e-06 -2.99886e-06 1.85807e-06 -2.45304e-07 -1.00051e-06 7.50563e-07 -2.25255e-06 3.50133e-07 -4.30602e-07 -1.41984e-06 2.5534e-06
internal_weight=23465 19947 18867 8414 5422 10453 2992 3518 4040 8905 2410 5952 2953 2798 3596 2577 2356
internal_count=23465 19947 18867 8414 5422 10453 2992 3518 4040 8905 2410 5952 2953 2798 3596 2577 2356
is_linear=0
shrinkage=0.0187118


Tree=144
num_leaves=18
num_cat=0
split_feature=20 31 24 8 52 47 38 20 38 19 4 20 10 31 31 19 20
split_gain=0.00010654 0.000118127 9.52894e-05 8.66529e-05 4.86341e-05 4.60275e-05 9.24054e-05 4.04662e-05 3.86892e-05 3.33472e-05 3.1546e-05 2.01109e-05 2.02276e-05 3.1103e-05 1.95904e-05 1.69015e-05 1.75984e-05
threshold=18.017241379310349 22.500000000000004 2000.999999999993 0.12500000000000358 0.20401921502516154 128.78787878792875 0.0020040080160320666 0.21860135837702707 -0.0016012820512820711 -1.4350140563321074 -0.41399315959070609 0.69054196264141032 -1.1719924812030071 90.500000000000014 129.50000000000003 -0.10094175938591475 1.1949635730123538
decision_type=2 2 10 10 2 2 2 2 2 2 2 2 2 2 2 2 2
left_child=1 -1 3 5 -4 6 7 -3 -9 -10 14 -12 13 -13 -11 -15 -17
right_child=-2 2 4 -5 -6 -7 -8 8 9 10 11 12 -14 15 -16 16 -18
leaf_value=-4.9623445637597808e-06 5.8205962986445342e-06 -2.3762098013203018e-06 1.0253775610762721e-06 -4.6288154648516643e-06 6.7351049639082772e-06 3.0241533353039624e-06 -5.364240139486503e-06 3.1924660762407675e-06 -2.5569634467643079e-06 4.2273798861220901e-06 -2.0811614436625205e-06 -2.5483956073289345e-06 2.7457623948114569e-06 -1.1581500564083462e-06 7.8559892606937905e-07 -6.7423097797384363e-09 3.3205793294881598e-06
leaf_weight=1718 1061 1882 1026 1478 1064 1691 1136 1698 1385 1119 1396 1310 1068 996 1200 1041 1196
leaf_count=1718 1061 1882 1026 1478 1064 1691 1136 1698 1385 1119 1396 1310 1068 996 1200 1041 1196
internal_value=2.67378e-08 -2.47645e-07 1.43917e-07 -2.81842e-07 3.93215e-06 9.34838e-08 -2.27756e-07 1.80546e-07 5.68315e-07 1.52311e-07 5.54665e-07 -7.14074e-08 4.28613e-07 -1.16118e-07 2.44638e-06 8.69431e-07 1.77219e-06
internal_weight=23465 22404 20686 18596 2090 17118 15427 14291 12409 10711 9326 7007 5611 4543 2319 3233 2237
internal_count=23465 22404 20686 18596 2090 17118 15427 14291 12409 10711 9326 7007 5611 4543 2319 3233 2237
is_linear=0
shrinkage=0.0187118


Tree=145
num_leaves=19
num_cat=0
split_feature=20 19 52 11 20 41 20 10 31 31 31 52 19 20 53 11 31 19
split_gain=0.000103488 9.80677e-05 7.5575e-05 8.98436e-05 7.70545e-05 6.08974e-05 5.70981e-05 4.18063e-05 4.16673e-05 6.53459e-05 3.74721e-05 3.51453e-05 2.85959e-05 2.43743e-05 2.07524e-05 1.87084e-05 2.69797e-05 2.83957e-05
threshold=1.147923253808566 0.19508506581659549 0.20851911280123658 -0.78148854961832048 0.54676350075963365 -0.0033841044434264607 14.455555555555557 -1.0140977443609018 206.50000000000003 125.50000000000001 91.500000000000014 0.25449742549086435 -2.7968375802241776 0.41103500761035011 40.729506610778195 -0.23187022900763357 90.500000000000014 -0.1320711995638035
decision_type=2 2 2 10 2 2 2 2 2 2 2 2 2 2 2 8 2 2
left_child=2 5 7 -4 -5 -2 11 8 9 10 13 12 -7 -1 -11 16 -14 -18
right_child=1 -3 3 4 -6 6 -8 -9 -10 14 -12 -13 15 -15 -16 -17 17 -19
leaf_value=-2.4323293473502653e-06 4.8527944184855102e-06 6.0117413345749471e-06 1.4474291940752952e-06 -7.6364304309199387e-06 -1.3220431413615466e-06 -2.6012252319211881e-06 4.226777972149376e-06 -3.7619495068161931e-06 2.9157930808763377e-06 -4.560002139316807e-06 3.5446577691065971e-06 -3.3874494125146801e-06 -2.2117701920737431e-06 1.6980580298448883e-06 -1.2844968822142338e-06 3.0393035541233562e-06 -9.6894795625229348e-07 3.005700441324448e-06
leaf_weight=997 1087 1402 1020 1646 1149 1090 1039 1009 1665 1057 1510 1201 1162 1004 1885 996 1138 1408
leaf_count=997 1087 1402 1020 1646 1149 1090 1039 1009 1665 1057 1510 1201 1162 1004 1885 996 1138 1408
internal_value=2.62375e-08 1.40434e-06 -1.09428e-06 -3.30595e-06 -5.04064e-06 6.96127e-07 1.3373e-07 -1.69821e-07 2.7665e-07 -4.043e-07 1.31935e-06 -4.74229e-07 1.29633e-07 -3.5991e-07 -2.46132e-06 7.62421e-07 1.50831e-07 1.22913e-06
internal_weight=23465 10523 12942 3815 2795 9121 8034 9127 8118 6453 3511 6995 5794 2001 2942 4704 3708 2546
internal_count=23465 10523 12942 3815 2795 9121 8034 9127 8118 6453 3511 6995 5794 2001 2942 4704 3708 2546
is_linear=0
shrinkage=0.0187118


Tree=146
num_leaves=20
num_cat=0
split_feature=20 20 9 51 39 10 0 37 48 47 0 31 25 47 49 0 54 4 1
split_gain=0.000101666 8.99488e-05 6.77583e-05 7.18693e-05 0.000103896 7.20656e-05 7.1396e-05 5.09753e-05 5.51947e-05 5.0888e-05 3.64291e-05 3.84596e-05 3.57865e-05 3.23238e-05 2.83507e-05 2.38719e-05 2.30095e-05 2.05757e-05 1.97995e-05
threshold=0.064796071375018763 18.017241379310349 -0.79484732824427462 72.222222222221475 0.001857011814526355 -1.5159774436090221 145.50000000000003 0.001233806761961276 61.891559061768213 15.15151515150235 15.500000000000002 85.500000000000014 -0.20076854762755905 -27.777777777776596 8.361759271784254e-14 21.500000000000004 1.0000000180025095e-35 -0.28295833568884615 61.363715440341494
decision_type=2 2 8 2 2 2 2 2 2 2 2 2 2 2 2 2 2 2 2
left_child=-1 2 12 4 6 -5 7 8 10 -7 13 -12 17 14 -4 -11 -14 -2 -13
right_child=1 -3 3 5 -6 9 -8 -9 -10 15 11 18 16 -15 -16 -17 -18 -19 -20
leaf_value=-5.2749608865694891e-06 2.1496414950139544e-06 5.6287642610230394e-06 2.0661246968202646e-07 5.7091875955723642e-06 -6.846077064527645e-06 3.3477578376641257e-06 -5.5017042826933535e-06 -3.6516255349497251e-06 3.3103531937044333e-06 -3.0330176223199885e-06 -4.8375481078256335e-06 1.4735126263286657e-06 5.8187148100412073e-06 -1.8971554235204492e-06 4.3032969698990275e-06 4.7951069461932493e-07 2.0391917370822637e-06 -1.5801162927982281e-06 -2.0339423566882736e-06
leaf_weight=1202 1073 1061 1289 1063 1071 1249 998 1330 1693 1310 1043 1000 1029 1018 1093 1403 1248 1001 1291
leaf_count=1202 1073 1061 1289 1063 1071 1249 998 1330 1693 1310 1043 1000 1029 1018 1093 1403 1248 1001 1291
internal_value=2.57465e-08 3.11937e-07 4.58696e-08 -4.91645e-07 -1.28822e-06 1.38303e-06 -7.34754e-07 -2.47164e-07 2.90148e-07 2.22325e-07 -4.69163e-07 -1.85899e-06 2.12761e-06 8.93683e-07 2.08641e-06 -1.21655e-06 3.7472e-06 3.49502e-07 -5.0297e-07
internal_weight=23465 22263 21202 16851 11826 5025 10755 9757 8427 3962 6734 3334 4351 3400 2382 2713 2277 2074 2291
internal_count=23465 22263 21202 16851 11826 5025 10755 9757 8427 3962 6734 3334 4351 3400 2382 2713 2277 2074 2291
is_linear=0
shrinkage=0.0187118


Tree=147
num_leaves=17
num_cat=0
split_feature=20 31 20 30 31 40 31 54 20 19 0 31 30 31 52 54
split_gain=0.00013 9.94372e-05 0.000138702 0.000103988 0.000100153 8.45847e-05 6.69367e-05 5.25907e-05 4.90723e-05 6.86929e-05 5.76984e-05 4.43672e-05 9.50006e-05 4.33618e-05 1.99581e-05 1.23076e-05
threshold=0.064796071375018763 126.50000000000001 10.577380952380954 18.500000000000004 31.500000000000004 0.0016194342601479896 200.50000000000003 11.441250209146835 0.71704319761668334 -0.1145122257509925 15.500000000000002 90.500000000000014 17.500000000000004 107.50000000000001 0.16273951645633808 -0.37001821442862676
decision_type=2 2 2 2 2 2 2 2 2 2 2 2 2 2 2 2
left_child=-1 2 4 5 -2 8 -5 11 15 10 -10 12 -6 -13 -11 -3
right_child=1 3 -4 6 7 -7 -8 -9 9 14 -12 13 -14 -15 -16 -17
leaf_value=-6.0034935767352947e-06 -2.8537201903715824e-06 -5.0893724103728144e-06 8.2005701576189896e-06 -4.3891987224719638e-07 2.7969595999657575e-06 -6.4327293479224105e-06 5.2649969045958591e-06 4.935462145279707e-06 2.2968726478451362e-07 5.4678887819709694e-07 -4.7781355212678306e-06 5.9430133699608422e-06 -3.3498723432308923e-06 7.1269657929713847e-07 3.8842098415776845e-06 -2.1902054403551271e-06
leaf_weight=1224 1969 1036 1008 1566 1784 1237 1334 1570 1736 1428 1503 1034 1738 1198 1119 1015
leaf_count=1224 1969 1036 1008 1566 1784 1237 1334 1570 1736 1428 1503 1034 1738 1198 1119 1015
internal_value=-6.63068e-08 2.59938e-07 1.60785e-06 -8.99644e-07 8.92746e-07 -1.88544e-06 2.18488e-06 1.89995e-06 -1.16769e-06 -2.8613e-07 -2.0941e-06 1.0717e-06 -2.36314e-07 3.1357e-06 2.01305e-06 -3.65463e-06
internal_weight=23499 22275 10301 11974 9293 9074 2900 7324 7837 5786 3239 5754 3522 2232 2547 2051
internal_count=23499 22275 10301 11974 9293 9074 2900 7324 7837 5786 3239 5754 3522 2232 2547 2051
is_linear=0
shrinkage=0.0187118


Tree=148
num_leaves=20
num_cat=0
split_feature=20 24 52 51 25 25 0 42 48 2 10 20 47 50 18 15 47 18 13
split_gain=0.00012518 9.17853e-05 0.000101925 4.98803e-05 6.00574e-05 5.48594e-05 5.34454e-05 4.62946e-05 3.58335e-05 4.05593e-05 3.53926e-05 2.81763e-05 2.49065e-05 2.24952e-05 2.0518e-05 1.64728e-05 1.63438e-05 1.50743e-05 5.36789e-06
threshold=0.064796071375018763 3000.5000000000432 0.30213559502178183 68.518518518519585 -0.20076854762755905 -0.99301190378797333 10.500000000000002 0.0021019448788979216 50.012865529348908 0.044006637015555246 -1.5046992481203001 1.5966726003012461 -41.666666666648759 44.444444444448074 -0.16790781304324295 0.12627434230808759 19.607843137262531 0.020894138028774479 -0.23342497497934531
decision_type=2 8 2 2 2 2 2 2 2 2 2 2 2 2 8 10 2 8 10
left_child=-1 3 11 4 5 14 -5 16 9 12 -7 -3 -6 -10 -2 -11 -8 -18 -16
right_child=1 2 -4 6 8 10 7 -9 13 15 -12 -13 -14 -15 18 -17 17 -19 -20
leaf_value=-5.8911572615908803e-06 1.3541682315851047e-06 -1.3995416700482261e-06 8.0523147986035377e-06 -1.5199273098094127e-06 2.0593366631602921e-06 -1.9380925218098609e-06 2.9925113050989097e-06 5.7219302938725946e-06 3.2884373711235303e-06 -1.0197489162759548e-06 -6.6104589278372805e-06 2.9898471580145769e-06 -1.4362926696234396e-06 -1.5127938230685536e-07 -2.8404290891469627e-06 -4.3274544920635886e-06 1.8098070653829871e-06 -1.4351406490215667e-06 -8.9919115963115423e-07
leaf_weight=1224 1060 1004 1031 1788 1774 1007 1138 1061 1639 1014 1301 1045 1194 1121 995 1098 1001 1004 1000
leaf_count=1224 1060 1004 1031 1788 1774 1007 1138 1061 1639 1014 1301 1045 1194 1121 995 1098 1001 1004 1000
internal_value=-6.50661e-08 2.55075e-07 3.25363e-06 -2.26069e-07 -8.68663e-07 -2.39453e-06 1.18985e-06 2.34234e-06 1.75117e-07 -7.57331e-07 -4.57187e-06 8.39067e-07 6.53075e-07 1.89136e-06 -7.49591e-07 -2.73938e-06 1.20147e-06 1.84904e-07 -1.86738e-06
internal_weight=23499 22275 3080 19195 13203 5363 5992 4204 7840 5080 2308 2049 2968 2760 3055 2112 3143 2005 1995
internal_count=23499 22275 3080 19195 13203 5363 5992 4204 7840 5080 2308 2049 2968 2760 3055 2112 3143 2005 1995
is_linear=0
shrinkage=0.0187118


Tree=149
num_leaves=19
num_cat=0
split_feature=20 20 19 0 9 1 16 6 52 27 0 19 17 18 22 13 12 0
split_gain=0.000120539 7.35091e-05 9.12542e-05 6.09138e-05 5.75616e-05 6.6829e-05 5.34395e-05 6.80014e-05 5.33399e-05 4.40934e-05 4.30236e-05 3.761e-05 3.15938e-05 2.91477e-05 1.68527e-05 1.60199e-05 1.6546e-05 1.11097e-05
threshold=0.064796071375018763 2.4353400222965447 0.036748927727460419 15.500000000000002 -0.80057251908396931 61.264654930972277 0.47368421052631587 20.750000000000004 0.26148092408849305 67.290244736730884 15.500000000000002 0.40158396057206508 -0.12243278429536876 -0.055284576584773308 -0.85490027086924392 -0.18982919457001413 -0.33683206106870223 8.5000000000000018
decision_type=2 2 2 2 10 2 2 8 2 10 2 2 10 10 8 10 10 2
left_child=-1 4 3 12 5 -2 8 11 13 -5 -7 15 -3 14 -6 16 -8 -17
right_child=1 2 -4 9 6 10 7 -9 -10 -11 -12 -13 -14 -15 -16 17 -18 -19
leaf_value=-5.7809229961720171e-06 -1.6488811013856242e-06 8.9475704051943905e-07 6.8724776700781053e-06 1.0928507297859105e-06 1.4050057485716653e-06 9.570003383321039e-07 -2.6677645414059462e-06 -4.6281271872522797e-06 -6.2063255342013667e-06 -3.6837373212200983e-06 6.1341907781363527e-06 2.7710999395553168e-06 5.4564746519635057e-06 -4.0018227684198098e-06 -1.8215353710829719e-06 2.1327851140734061e-06 2.7642156597118251e-07 -3.3206360627187463e-07
leaf_weight=1224 1320 1007 1106 1622 1095 1079 1431 1018 1107 1161 1173 1933 1126 1078 1175 1158 1254 1432
leaf_count=1224 1320 1007 1106 1622 1095 1079 1431 1018 1107 1161 1173 1933 1126 1078 1175 1158 1254 1432
internal_value=-6.38486e-08 2.50302e-07 2.01623e-06 9.23677e-07 -4.04005e-07 1.69415e-06 -9.95014e-07 -1.01092e-07 -2.64561e-06 -8.99825e-07 3.65365e-06 5.3827e-07 3.30287e-06 -1.46828e-06 -2.65119e-07 -2.7994e-07 -1.29271e-06 7.6998e-07
internal_weight=23499 22275 6022 4916 16253 3572 12681 8226 4455 2783 2252 7208 2133 3348 2270 5275 2685 2590
internal_count=23499 22275 6022 4916 16253 3572 12681 8226 4455 2783 2252 7208 2133 3348 2270 5275 2685 2590
is_linear=0
shrinkage=0.0187118


Tree=150
num_leaves=18
num_cat=0
split_feature=20 24 54 19 20 19 23 41 20 25 9 27 22 50 30 17 10
split_gain=0.000116071 8.73378e-05 5.31069e-05 5.95872e-05 4.77501e-05 5.1387e-05 5.13011e-05 4.67994e-05 4.38467e-05 3.43712e-05 2.49977e-05 2.11736e-05 1.96928e-05 2.12391e-05 1.51287e-05 1.65869e-05 8.71461e-06
threshold=0.064796071375018763 3000.5000000000432 6.2317938519733387 0.096469916950116655 0.45796355925547794 -0.10420091921289297 0.049999999999998941 0.0015302227779573354 2.2419017763845352 -0.98809530639321441 -0.7337786259541984 4.1131535823322602 -0.91204556754701527 33.333333333333073 16.500000000000004 -0.12061891109095695 -1.4031954887218039
decision_type=2 8 2 2 2 2 10 2 2 2 10 10 10 2 2 10 2
left_child=-1 2 4 11 9 10 14 -5 -3 -2 -6 -4 -12 -14 -7 16 -16
right_child=1 8 3 7 5 6 -8 -9 -10 -11 12 -13 13 -15 15 -17 -18
leaf_value=-5.6727515030461659e-06 -9.8420904137892518e-07 1.219138273562073e-06 -2.1583916991124059e-06 1.0767852560179989e-06 9.08401873374676e-07 -1.6265985168553789e-06 4.0944960891746023e-06 6.558006947747967e-06 5.72481579264197e-06 -4.8302627142167729e-06 -5.759245463551145e-07 1.0395052073238089e-06 -5.2176246514190852e-06 -1.6423636379055092e-06 -1.5390860215777582e-06 2.4948440492017779e-06 8.0608338309293113e-07
leaf_weight=1224 1721 1746 1265 1119 996 1430 1367 1064 1334 1543 1280 1698 1187 1141 1026 1150 1208
leaf_count=1224 1721 1746 1265 1119 996 1430 1367 1064 1334 1543 1280 1698 1187 1141 1026 1150 1208
internal_value=-6.26539e-08 2.45618e-07 -2.23724e-07 1.40252e-06 -8.19399e-07 -2.19269e-07 8.95463e-07 3.74835e-06 3.17062e-06 -2.80237e-06 -1.71583e-06 -3.25779e-07 -2.44026e-06 -3.46532e-06 -1.29448e-08 6.68947e-07 -2.70972e-07
internal_weight=23499 22275 19195 5146 14049 10785 6181 2183 3080 3264 4604 2963 3608 2328 4814 3384 2234
internal_count=23499 22275 19195 5146 14049 10785 6181 2183 3080 3264 4604 2963 3608 2328 4814 3384 2234
is_linear=0
shrinkage=0.0187118


Tree=151
num_leaves=16
num_cat=0
split_feature=20 31 20 30 31 20 19 31 55 0 54 31 30 31 52
split_gain=0.000111767 9.35854e-05 0.000130717 9.90973e-05 9.70144e-05 7.58978e-05 9.08124e-05 6.45635e-05 5.32649e-05 4.98562e-05 4.84914e-05 4.28836e-05 9.15547e-05 4.14847e-05 1.77316e-05
threshold=0.064796071375018763 126.50000000000001 10.577380952380954 18.500000000000004 31.500000000000004 0.71704319761668334 -0.10420091921289297 200.50000000000003 14761.500000000002 15.500000000000002 11.441250209146835 90.500000000000014 17.500000000000004 107.50000000000001 0.16273951645633808
decision_type=2 2 2 2 2 2 2 2 2 2 2 2 2 2 2
left_child=-1 2 4 5 -2 8 9 -5 -3 -7 11 12 -6 -13 -8
right_child=1 3 -4 7 10 6 14 -9 -10 -11 -12 13 -14 -15 -16
leaf_value=-5.5666039727700442e-06 -2.8328362083417815e-06 -7.3775490273202049e-06 7.9488295202795441e-06 -4.4967436142719722e-07 2.7422281038602464e-06 -6.0254077761659155e-07 4.8011951737624508e-07 5.1522132966163303e-06 -2.0799726089969334e-06 -4.951636835256214e-06 4.7605565628311515e-06 5.8255120684693347e-06 -3.2920961869130186e-06 7.0965170609428027e-07 3.5303573832694575e-06
leaf_weight=1224 1969 1219 1008 1566 1784 1973 1453 1334 1461 1734 1570 1034 1738 1198 1234
leaf_count=1224 1969 1219 1008 1566 1784 1973 1453 1334 1461 1734 1570 1034 1738 1198 1234
internal_value=-6.14815e-08 2.41022e-07 1.54867e-06 -8.83923e-07 8.54453e-07 -1.84626e-06 -7.38329e-07 2.12719e-06 -4.48958e-06 -2.63689e-06 1.84575e-06 1.05044e-06 -2.35527e-07 3.07963e-06 1.88094e-06
internal_weight=23499 22275 10301 11974 9293 9074 6394 2900 2680 3707 7324 5754 3522 2232 2687
internal_count=23499 22275 10301 11974 9293 9074 6394 2900 2680 3707 7324 5754 3522 2232 2687
is_linear=0
shrinkage=0.0187118


Tree=152
num_leaves=18
num_cat=0
split_feature=20 31 20 1 31 53 30 40 31 48 20 19 0 11 31 1 52
split_gain=0.000107624 9.01159e-05 0.000125871 9.57223e-05 0.000263183 0.000140715 9.54234e-05 7.93351e-05 6.21699e-05 5.99218e-05 4.39422e-05 6.23511e-05 5.30783e-05 4.24347e-05 3.57046e-05 1.97897e-05 1.53678e-05
threshold=0.064796071375018763 126.50000000000001 10.577380952380954 144.73320359364729 29.500000000000004 38.980528863137742 18.500000000000004 0.0016194342601479896 200.50000000000003 70.426707356171974 0.71704319761668334 -0.12168811604698958 15.500000000000002 -0.4971374045801526 91.500000000000014 61.403197110367721 0.16273951645633808
decision_type=2 2 2 2 2 2 2 2 2 2 2 2 2 10 2 2 2
left_child=-1 2 3 4 -2 13 7 10 -8 14 15 12 -12 -5 -6 -3 -13
right_child=1 6 -4 5 9 -7 8 -9 -10 -11 11 16 -14 -15 -16 -17 -18
leaf_value=-5.4624427197996585e-06 -9.0655298648878639e-06 -1.6129999832056665e-06 7.8000925037041881e-06 2.2958344132222173e-06 -1.8889985566698562e-06 6.9159746654859659e-06 -4.4126012421277123e-07 -6.2156301233679371e-06 5.0558060116139878e-06 4.4854552543633765e-06 1.8358718977317976e-07 6.0227246788481422e-07 -4.6574298050395379e-06 -2.9212023835016226e-06 2.4380684768422993e-06 -5.2892610497946016e-06 3.5068084359528784e-06
leaf_weight=1224 1077 1015 1008 1164 1773 1794 1566 1237 1334 1386 1733 1456 1462 1028 1071 1036 1135
leaf_count=1224 1077 1015 1008 1164 1773 1794 1566 1237 1334 1386 1733 1456 1462 1028 1071 1036 1135
internal_value=-6.03311e-08 2.36512e-07 1.51969e-06 8.38465e-07 -8.07378e-07 3.02976e-06 -8.67383e-07 -1.81171e-06 2.08739e-06 1.29523e-06 -1.11659e-06 -2.82382e-07 -2.03161e-06 -1.5084e-07 -2.59501e-07 -3.46995e-06 1.87462e-06
internal_weight=23499 22275 10301 9293 5307 3986 11974 9074 2900 4230 7837 5786 3195 2192 2844 2051 2591
internal_count=23499 22275 10301 9293 5307 3986 11974 9074 2900 4230 7837 5786 3195 2192 2844 2051 2591
is_linear=0
shrinkage=0.0187118


Tree=153
num_leaves=19
num_cat=0
split_feature=20 24 52 8 54 19 4 20 19 52 0 51 39 5 10 5 54 52
split_gain=0.000103634 8.30751e-05 9.6799e-05 5.57346e-05 5.07499e-05 5.24891e-05 3.69142e-05 3.45964e-05 3.39833e-05 3.20172e-05 3.09013e-05 3.56864e-05 2.30085e-05 1.38528e-05 1.27231e-05 1.16167e-05 1.01099e-05 5.63663e-06
threshold=0.064796071375018763 3000.5000000000432 0.30213559502178183 0.12500000000000358 10.697130747680001 0.076749478042883026 -0.18257462264684263 0.5680236686390534 -0.10420091921289297 0.20672081706403328 19.500000000000004 31.7989417989433 -0.0015163010990021928 0.031167258427168162 -1.3073308270676687 -0.15773187941885888 20.685430672257233 0.15853486768491806
decision_type=2 8 2 10 2 2 2 2 2 2 2 2 2 2 2 2 2 2
left_child=-1 3 6 4 7 16 -3 9 10 14 -9 -12 -10 15 -2 -14 -6 -15
right_child=1 2 -4 -5 5 -7 -8 8 12 -11 11 -13 13 17 -16 -17 -18 -19
leaf_value=-5.3602305422776997e-06 1.1587910316282246e-07 -1.7687890063579409e-06 7.7612863306988182e-06 -3.6276198988262859e-06 1.4576896175601697e-06 4.7671106393795595e-06 3.2543574712811681e-06 5.8228599911837788e-07 3.4839796513820665e-06 -4.6264636270709364e-06 -5.2513302874494055e-06 -3.8494995922781727e-07 7.4812134001960542e-07 7.0743967182730037e-07 -2.2642950967744999e-06 -1.7257592045588881e-06 -1.1991068582690964e-06 2.696173758091217e-06
leaf_weight=1224 1853 1029 1031 1550 998 1481 1020 1925 1140 1073 1004 1112 1488 999 1366 1201 1008 997
leaf_count=1224 1853 1029 1031 1550 998 1481 1020 1925 1140 1073 1004 1112 1488 999 1366 1201 1008 997
internal_value=-5.92022e-08 2.32087e-07 3.08482e-06 -2.25659e-07 7.31818e-08 2.09526e-06 7.31751e-07 -4.24839e-07 1.85245e-07 -1.82724e-06 -1.13326e-06 -2.69395e-06 1.09994e-06 5.19827e-07 -8.9416e-07 -3.56798e-07 1.22668e-07 1.70081e-06
internal_weight=23499 22275 3080 19195 17645 3487 2049 14158 9866 4292 4041 2116 5825 4685 3219 2689 2006 1996
internal_count=23499 22275 3080 19195 17645 3487 2049 14158 9866 4292 4041 2116 5825 4685 3219 2689 2006 1996
is_linear=0
shrinkage=0.0187118


Tree=154
num_leaves=20
num_cat=0
split_feature=20 31 37 31 0 48 42 19 22 17 31 37 31 19 5 9 31 18 11
split_gain=8.86742e-05 0.000105228 8.13476e-05 7.11663e-05 6.50277e-05 6.45473e-05 7.98071e-05 4.91084e-05 6.31829e-05 4.05883e-05 2.9786e-05 4.36502e-05 2.95319e-05 2.35436e-05 2.26216e-05 1.77304e-05 1.41515e-05 1.74218e-05 1.61057e-05
threshold=18.017241379310349 22.500000000000004 -0.0018066862078194854 251.50000000000003 18.500000000000004 81.422509980216986 0.0031662277946346022 0.031664368741388678 -0.86998040419993561 -0.061402899271525105 114.50000000000001 0.0012995457078680552 88.500000000000014 -1.0006049028527426 0.13090337263207721 -0.43034351145038163 207.50000000000003 -0.099955399650132823 -0.51049618320610668
decision_type=2 2 2 2 2 2 2 2 10 10 2 2 2 2 2 10 2 10 10
left_child=1 -1 4 5 -3 6 9 -7 -9 10 12 13 14 -12 -4 -11 17 18 -15
right_child=-2 2 3 -5 -6 7 -8 8 -10 15 11 -13 -14 16 -16 -17 -18 -19 -20
leaf_value=-4.7335878302737704e-06 5.2666924942605677e-06 6.7000872912312775e-06 2.3885811380568196e-07 4.4696246663465778e-06 1.0400044659015821e-07 -1.5780607478473832e-06 -6.2331474318111157e-06 6.0916017291630099e-06 -1.0269245988046852e-07 3.3721415679710051e-06 -3.94132929178129e-06 -5.342633403054734e-06 2.4380975342022191e-06 1.1918428379020914e-06 -3.2786398994435499e-06 -3.7024009189112838e-08 7.6726964330981145e-07 -3.5239366551653725e-06 -1.9081572096405478e-06
leaf_weight=1733 1047 1099 1779 1023 999 1087 1010 1253 1068 1017 997 1129 1248 1027 1000 1125 1445 996 1369
leaf_count=1733 1047 1099 1779 1023 999 1087 1010 1253 1068 1017 997 1129 1248 1027 1000 1125 1445 996 1369
internal_value=-5.5902e-08 -3.04641e-07 6.66691e-08 -3.27851e-07 3.55924e-06 -6.07499e-07 -1.16457e-06 1.70415e-06 3.24132e-06 -7.74739e-07 -1.234e-06 -1.97483e-06 4.69417e-08 -1.32309e-06 -1.02688e-06 1.58161e-06 -7.83415e-07 -1.44401e-06 -5.794e-07
internal_weight=23451 22404 20671 18573 2098 17550 14142 3408 2321 13132 10990 6963 4027 5834 2779 2142 4837 3392 2396
internal_count=23451 22404 20671 18573 2098 17550 14142 3408 2321 13132 10990 6963 4027 5834 2779 2142 4837 3392 2396
is_linear=0
shrinkage=0.0187118


Tree=155
num_leaves=19
num_cat=0
split_feature=20 31 31 1 31 36 45 54 31 20 1 37 31 20 9 27 22 30
split_gain=8.67835e-05 0.000152326 0.000123697 0.000113643 6.63072e-05 7.23658e-05 7.32998e-05 3.55586e-05 3.44194e-05 5.1144e-05 3.62508e-05 2.61745e-05 2.91719e-05 3.06681e-05 2.34868e-05 2.34204e-05 1.91092e-05 1.20782e-05
threshold=5.6957070707070718 202.50000000000003 20.500000000000004 81.037091957401444 233.50000000000003 0.0019743355863757199 -0.0037094284842828502 0.0061980100935974548 181.50000000000003 0.13256584685156117 633.27524664140572 -0.0015140054096180464 51.500000000000007 1.8443001443001446 -0.3826335877862595 -1.2930258199145361 -0.91313812022900753 17.500000000000004
decision_type=2 2 2 2 2 2 2 2 2 2 2 2 2 2 10 10 10 2
left_child=2 3 -1 -2 5 6 -4 -6 9 -8 11 -11 -13 14 16 -10 -14 -18
right_child=1 -3 4 -5 7 -7 8 -9 15 10 -12 12 13 -15 -16 -17 17 -19
leaf_value=-6.1323807727693948e-06 1.5960066435993316e-06 -3.053899464191093e-06 4.6906515217279745e-06 1.0308736376193949e-05 5.4190814426577549e-07 -4.8496954875662802e-06 -3.4918679712655681e-06 5.3084636869384336e-06 -6.4874899235683135e-07 3.6298493281405687e-06 -2.1708613890177033e-06 -2.2886489729044535e-06 3.2348059386026081e-06 4.0227637067547751e-06 -1.3489676025529458e-06 -3.6803467243533117e-06 -1.1252455287247453e-06 1.7247171030542223e-06
leaf_weight=1280 1104 1029 1014 998 1090 1252 1292 1102 1854 1115 1532 1078 1214 1013 1681 1720 1055 1028
leaf_count=1280 1104 1029 1014 998 1090 1252 1292 1102 1854 1115 1532 1078 1214 1013 1681 1720 1055 1028
internal_value=-5.4856e-08 2.84498e-06 -5.01677e-07 5.73269e-06 -1.23142e-07 -5.21441e-07 -1.73982e-07 2.93823e-06 -5.12258e-07 5.74443e-09 4.70845e-07 9.65358e-07 5.45085e-07 1.05498e-06 4.51047e-07 -2.10772e-06 1.3688e-06 2.81264e-07
internal_weight=23451 3131 20320 2102 19040 16848 15596 2192 14582 11008 9716 8184 7069 5991 4978 3574 3297 2083
internal_count=23451 3131 20320 2102 19040 16848 15596 2192 14582 11008 9716 8184 7069 5991 4978 3574 3297 2083
is_linear=0
shrinkage=0.0187118


Tree=156
num_leaves=19
num_cat=0
split_feature=9 39 52 30 0 25 52 50 9 54 4 54 24 15 47 1 52 10
split_gain=8.66126e-05 7.14673e-05 6.03603e-05 6.02301e-05 6.60105e-05 5.33862e-05 5.62108e-05 4.63505e-05 4.13582e-05 3.40578e-05 3.2231e-05 2.69582e-05 2.45103e-05 2.1268e-05 2.62087e-05 2.12999e-05 1.83709e-05 1.67717e-05
threshold=-0.79484732824427462 0.0021621646891625272 0.27988993496199205 18.500000000000004 163.50000000000003 -0.49698614391840862 0.28301800993058407 33.333333333334004 -0.23473282442748089 -0.07107801220419406 -0.50216236078919085 -7.5074297789266007 -7.1111116994870814e-11 0.081906054763710739 -21.202334409883374 623.95402080162364 0.16621667019300135 -1.3862781954887213
decision_type=10 2 2 2 2 2 2 2 10 2 2 2 10 10 2 2 2 2
left_child=2 3 10 4 5 7 13 -2 9 -5 -1 -9 -12 14 -7 17 -13 -15
right_child=1 -3 -4 8 -6 6 -8 11 -10 -11 12 16 -14 15 -16 -17 -18 -19
leaf_value=3.5340155719794765e-06 -5.6306681298744252e-06 -4.6433868988275325e-06 6.0552422466686539e-06 9.1668237110657543e-07 -5.5481928575291774e-06 3.2928836087928543e-06 3.9842943013998695e-06 1.4387842637690194e-06 -1.2822863685176291e-06 4.935467569226284e-06 -2.417531448665166e-06 -5.8741582002686501e-07 1.2461510931027499e-06 -1.8237458304744219e-06 -6.7189252075945191e-07 -3.4016003506094753e-06 -4.0784179971938221e-06 1.0617057681837387e-06
leaf_weight=1262 1062 1448 1069 1550 1007 1035 1263 994 1204 1410 999 1077 1776 1361 1339 1096 1035 1464
leaf_count=1262 1062 1448 1069 1550 1007 1035 1263 994 1204 1410 999 1077 1776 1361 1339 1096 1035 1464
internal_value=-5.38295e-08 -6.53769e-07 2.10165e-06 -3.11876e-07 -9.50739e-07 -5.55921e-07 3.81675e-07 -2.2561e-06 1.64169e-06 2.83104e-06 1.05474e-06 -1.10227e-06 -7.27737e-08 -3.41138e-07 1.05664e-06 -1.18744e-06 -2.29821e-06 -3.28417e-07
internal_weight=23451 18345 5106 16897 12733 11726 7558 4168 4164 2960 4037 3106 2775 6295 2374 3921 2112 2825
internal_count=23451 18345 5106 16897 12733 11726 7558 4168 4164 2960 4037 3106 2775 6295 2374 3921 2112 2825
is_linear=0
shrinkage=0.0187118


Tree=157
num_leaves=17
num_cat=0
split_feature=20 31 38 48 42 19 22 19 20 37 31 31 30 53 0 13
split_gain=8.37572e-05 9.83739e-05 7.66562e-05 6.48261e-05 8.75544e-05 5.12386e-05 7.06045e-05 4.15571e-05 3.84786e-05 4.088e-05 2.04173e-05 2.80265e-05 4.29222e-05 2.36412e-05 1.20543e-05 1.02699e-05
threshold=18.017241379310349 22.500000000000004 -0.0032336318626450806 81.422509980216986 0.0032128534783977263 0.031664368741388678 -0.91204556754701527 -2.7968375802241776 0.22546186104499608 -0.0018034279767131787 234.50000000000003 105.50000000000001 17.500000000000004 27.899420775693766 30.500000000000004 -0.074782740114322552
decision_type=2 2 2 2 2 2 10 2 2 2 2 2 2 2 2 10
left_child=1 -1 -3 4 7 -5 -7 -4 -9 -10 11 12 -11 -13 15 -15
right_child=-2 2 3 5 -6 6 -8 8 9 10 -12 13 -14 14 -16 -17
leaf_value=-4.5768423183019896e-06 5.120097721323177e-06 5.0971750087372652e-06 -3.3268773794708538e-06 -1.1283887546534835e-06 -5.9209893855717494e-06 7.3056711436484912e-06 9.4248983166443439e-07 -2.6205900960271728e-06 3.7771910694161042e-06 3.3181092571084457e-06 2.2743139409655995e-06 -3.3858032589075255e-06 -9.5287092829462062e-07 -5.2974909233611409e-07 -1.6135797228186724e-06 1.7996562102357903e-06
leaf_weight=1733 1047 1008 1474 1220 1056 1032 1495 1730 1115 1583 1231 1212 1718 1855 1911 1031
leaf_count=1733 1047 1008 1474 1220 1056 1032 1495 1730 1115 1583 1231 1212 1718 1855 1911 1031
internal_value=-5.28223e-08 -2.94567e-07 6.4447e-08 -1.9355e-07 -7.14854e-07 2.02077e-06 3.54115e-06 -3.44888e-07 -1.65263e-08 3.69972e-07 9.56517e-09 -2.89887e-07 1.09528e-06 -1.05082e-06 -4.60869e-07 3.02411e-07
internal_weight=23451 22404 20671 19663 15916 3747 2527 14860 13386 11656 10541 9310 3301 6009 4797 2886
internal_count=23451 22404 20671 19663 15916 3747 2527 14860 13386 11656 10541 9310 3301 6009 4797 2886
is_linear=0
shrinkage=0.0187118


Tree=158
num_leaves=19
num_cat=0
split_feature=9 20 31 19 20 1 17 18 47 55 1 47 31 13 17 19 4 19
split_gain=8.32866e-05 9.99398e-05 9.42994e-05 6.53276e-05 7.10115e-05 5.78938e-05 7.11174e-05 4.73769e-05 6.35775e-05 3.6014e-05 2.88797e-05 3.86263e-05 2.61112e-05 2.8291e-05 2.36148e-05 2.32832e-05 2.28783e-05 2.07153e-05
threshold=-0.79484732824427462 0.2326157034308082 92.500000000000014 0.036748927727460419 2.1036721898790867 48.435431562991141 -0.094006904420584528 -0.20548674866388839 35.714285714329954 36135.000000000007 81.296109502628298 -27.777777777776596 123.50000000000001 -0.098850611578685729 -0.15360507299376844 0.13473021895631379 -0.1121247668042286 0.16575097684603082
decision_type=10 2 2 2 2 2 8 10 2 2 2 2 2 10 10 2 2 2
left_child=5 2 -2 7 10 -1 17 8 9 14 15 -12 13 -9 -3 -5 -14 -7
right_child=1 3 -4 4 -6 6 -8 12 -10 -11 11 -13 16 -15 -16 -17 -18 -19
leaf_value=-6.2456544207266973e-07 -8.4524484487891723e-06 1.2025030830284084e-06 -1.2741161490883471e-06 3.0072592272648877e-08 5.936125390337362e-06 5.5672000652085162e-08 7.6979319197101082e-06 1.4189999108927422e-06 -2.9742007794861082e-06 -5.9117156205679654e-07 1.9998937470889304e-06 -2.7694319064455351e-06 -5.4325301422538384e-06 -2.8260836400821765e-06 5.20787927894644e-06 3.8915302616321105e-06 -1.9720380994466389e-06 3.6211440594517635e-06
leaf_weight=1812 1017 1004 1732 1018 1047 1221 1002 1065 1461 1448 997 1473 1208 1136 1059 1181 1499 1071
leaf_count=1812 1017 1004 1732 1018 1047 1221 1002 1065 1461 1448 997 1473 1208 1136 1059 1181 1499 1071
internal_value=-5.18339e-08 -6.40142e-07 -3.92976e-06 -6.03029e-08 1.53187e-06 2.06186e-06 3.53963e-06 -9.81442e-07 3.05939e-07 1.67087e-06 5.44235e-07 -8.44322e-07 -2.28561e-06 -7.7201e-07 3.25858e-06 2.10392e-06 -3.51629e-06 1.72174e-06
internal_weight=23451 18345 2749 15596 5716 5106 3294 9880 4972 3511 4669 2470 4908 2201 2063 2199 2707 2292
internal_count=23451 18345 2749 15596 5716 5106 3294 9880 4972 3511 4669 2470 4908 2201 2063 2199 2707 2292
is_linear=0
shrinkage=0.0187118


Tree=159
num_leaves=19
num_cat=0
split_feature=20 31 31 1 31 37 1 31 47 20 54 37 31 52 52 51 30 3
split_gain=8.07788e-05 0.000129616 0.000104821 9.59251e-05 6.21714e-05 6.19182e-05 5.76434e-05 3.76089e-05 5.77357e-05 5.30108e-05 3.66046e-05 3.49721e-05 2.12207e-05 3.33439e-05 1.65125e-05 1.8036e-05 1.55911e-05 1.43125e-05
threshold=5.0893882646691644 211.50000000000003 20.500000000000004 131.13395890701079 234.50000000000003 -0.0018281535648994594 992.36205787174151 148.50000000000003 126.1261261261384 0.16465746792544181 0.05198729363695688 0.0013360059401840154 51.500000000000007 0.21176826070987798 0.15610382126899061 34.786324786325046 18.500000000000004 -0.0036157806182500222
decision_type=2 2 2 2 2 2 2 2 2 2 2 2 2 2 2 2 2 2
left_child=2 3 -1 -2 5 -4 7 8 9 -7 -6 16 -11 14 15 -14 17 -9
right_child=1 -3 4 -5 10 6 -8 11 -10 12 -12 -13 13 -15 -16 -17 -18 -19
leaf_value=-5.7526673849253236e-06 1.802694572715942e-06 -3.0189484672812028e-06 3.0342982843707201e-06 9.2846165393234446e-06 3.7920122266702917e-07 -4.0084584574576318e-06 -5.0577605363452134e-06 -3.0892832664568733e-06 4.3632892770807258e-06 -1.9207006949058317e-06 5.3405038596636034e-06 -4.8677467611604786e-06 -9.3901649814176648e-07 3.8870435515447628e-06 -1.7020120804294978e-06 2.2249511620758518e-06 7.0218397968045168e-07 -6.5672872956207944e-07
leaf_weight=1252 1455 1027 1538 1021 1030 1172 1087 1503 1033 1171 1053 1031 1069 1023 1230 1539 1277 1940
leaf_count=1252 1455 1027 1538 1021 1030 1172 1087 1503 1033 1171 1053 1031 1069 1023 1230 1539 1277 1940
internal_value=-5.0864e-08 2.56981e-06 -5.11072e-07 4.88793e-06 -1.60062e-07 -5.42145e-07 -9.07026e-07 -5.84474e-07 2.26245e-07 -3.66976e-07 2.88724e-06 -1.74565e-06 3.40553e-07 8.85283e-07 8.51774e-08 9.28063e-07 -1.06368e-06 -1.71863e-06
internal_weight=23451 3503 19948 2476 18696 16613 15075 13988 8237 7204 2083 5751 6032 4861 3838 2608 4720 3443
internal_count=23451 3503 19948 2476 18696 16613 15075 13988 8237 7204 2083 5751 6032 4861 3838 2608 4720 3443
is_linear=0
shrinkage=0.0187118


Tree=160
num_leaves=19
num_cat=0
split_feature=9 20 52 19 20 52 18 47 55 4 1 47 31 13 24 19 4 7
split_gain=8.0251e-05 9.45308e-05 0.000111787 6.23035e-05 6.72663e-05 5.68855e-05 4.57382e-05 6.08174e-05 3.47207e-05 3.1111e-05 2.78405e-05 3.70931e-05 2.47959e-05 2.72713e-05 2.31367e-05 2.22913e-05 2.19967e-05 1.95789e-05
threshold=-0.79484732824427462 0.2326157034308082 0.19331308454115989 0.036748927727460419 2.1036721898790867 0.27988993496199205 -0.20548674866388839 35.714285714329954 36135.000000000007 -0.50216236078919085 81.296109502628298 -27.777777777776596 123.50000000000001 -0.098850611578685729 -7.1111116994870814e-11 0.13473021895631379 -0.1121247668042286 0.60792754061527832
decision_type=10 2 2 2 2 2 10 2 2 2 2 2 2 10 10 2 2 10
left_child=5 2 -2 6 10 9 7 8 17 -1 15 -12 13 -8 -11 -5 -14 -3
right_child=1 3 -4 4 -6 -7 12 -9 -10 14 11 -13 16 -15 -16 -17 -18 -19
leaf_value=3.4443892489222223e-06 -9.8030239152389374e-07 1.4243183022785091e-06 -8.8287492021187475e-06 3.2351865591775271e-08 5.7779571172922541e-06 5.8630066789224649e-06 1.3816973833325532e-06 -2.9062652346863189e-06 -5.8419379850457245e-07 -2.3772884320053139e-06 1.9540269982363863e-06 -2.719687915371971e-06 -5.3226916280578452e-06 -2.7861812182365585e-06 1.1822498056875597e-06 3.8106637690591339e-06 -1.9295286393920282e-06 5.0715945565366225e-06
leaf_weight=1262 1752 1061 997 1018 1047 1069 1065 1461 1448 999 997 1473 1208 1136 1776 1181 1499 1002
leaf_count=1262 1752 1061 997 1018 1047 1069 1065 1461 1448 999 997 1473 1208 1136 1776 1181 1499 1002
internal_value=-4.99122e-08 -6.27399e-07 -3.82676e-06 -6.34699e-08 1.49141e-06 2.0249e-06 -9.63036e-07 3.01885e-07 1.63686e-06 1.00857e-06 5.30177e-07 -8.33171e-07 -2.24445e-06 -7.69465e-07 -9.9183e-08 2.06154e-06 -3.44373e-06 3.1958e-06
internal_weight=23451 18345 2749 15596 5716 5106 9880 4972 3511 4037 4669 2470 4908 2201 2775 2199 2707 2063
internal_count=23451 18345 2749 15596 5716 5106 9880 4972 3511 4037 4669 2470 4908 2201 2775 2199 2707 2063
is_linear=0
shrinkage=0.0187118


Tree=161
num_leaves=17
num_cat=0
split_feature=36 20 52 8 6 13 16 48 0 45 4 52 1 7 20 18
split_gain=8.3133e-05 7.91914e-05 7.94976e-05 5.19815e-05 4.21152e-05 2.98019e-05 2.46813e-05 4.7481e-05 3.57812e-05 2.39347e-05 3.12859e-05 4.06432e-05 2.51826e-05 1.50832e-05 1.19963e-05 1.12702e-05
threshold=0.0031974440894568805 0.064796071375018763 0.34702139794647907 -0.17499999999999713 49.250000000000007 -0.50154704554766671 0.53101503759398505 63.817939278629879 44.500000000000007 -0.0024052925113393626 -0.6138843348973938 0.19789757648351206 42.538543221903957 0.31188969063256144 0.69054196264141032 -0.32187429805139584
decision_type=2 2 2 8 8 10 2 2 2 2 2 2 2 10 2 10
left_child=1 -1 3 -3 5 -5 9 8 -8 -7 -11 12 14 -14 -12 -15
right_child=-2 2 -4 4 -6 6 7 -9 -10 10 11 -13 13 15 -16 -17
leaf_value=-4.7168076733171771e-06 -5.2309317252302328e-06 3.4680021182628351e-06 4.3439066066518864e-06 -2.6235301462165887e-06 -3.4670806261051058e-06 2.4890800442751185e-06 1.7065346283170526e-06 4.1099961169994924e-06 -2.3379549000093472e-06 2.0607259159593513e-06 -4.7741718237794297e-07 -3.5327629955284689e-06 -3.1075774892851736e-06 1.0079925529724099e-06 1.9303402787488044e-06 -1.53690461790922e-06
leaf_weight=1086 1027 1507 1701 1303 1247 1068 1980 1569 1249 1466 1182 1651 1124 1027 1872 1498
leaf_count=1086 1027 1507 1701 1303 1247 1068 1980 1569 1249 1466 1182 1651 1124 1027 1872 1498
internal_value=-2.45269e-08 2.128e-07 4.62453e-07 1.28038e-07 -1.47972e-07 9.56514e-08 3.21528e-07 1.43965e-06 1.42097e-07 -1.71191e-07 -4.60516e-07 -9.02956e-07 -2.55214e-07 -1.30446e-06 9.98457e-07 -5.01811e-07
internal_weight=23557 22530 21444 19743 18236 16989 15686 4798 3229 10888 9820 8354 6703 3649 3054 2525
internal_count=23557 22530 21444 19743 18236 16989 15686 4798 3229 10888 9820 8354 6703 3649 3054 2525
is_linear=0
shrinkage=0.0187118


Tree=162
num_leaves=19
num_cat=0
split_feature=20 20 4 35 37 37 19 20 48 19 38 50 45 42 17 0 17 47
split_gain=7.92419e-05 6.81638e-05 5.6776e-05 8.7166e-05 7.60512e-05 6.4097e-05 4.42719e-05 3.34542e-05 3.04967e-05 3.87819e-05 3.61868e-05 2.06738e-05 1.70823e-05 1.72087e-05 3.09498e-05 1.98359e-05 1.96069e-05 1.78749e-05
threshold=18.017241379310349 0.060213074520303438 -0.75809825315167612 1.0000000180025095e-35 -0.0030651358994354112 0.0030511078011544739 -2.9880217000049636 0.2326157034308082 66.580529515308271 0.096469916950116655 -0.0016012820512820711 66.666666666666799 0.0012247402020783007 -0.0012084596557021541 -0.11110156227143733 22.500000000000004 -0.21256692314443695 26.97107044932299
decision_type=2 2 2 2 2 2 2 2 2 2 2 2 2 2 10 2 10 2
left_child=1 -1 -3 4 -4 6 -6 -8 10 11 -9 -10 13 15 16 -12 17 -15
right_child=-2 2 3 -5 5 -7 7 8 9 -11 12 -13 -14 14 -16 -17 -18 -19
leaf_value=-4.7522427662811289e-06 4.9486598120315478e-06 3.5501928043255169e-06 4.8551883062383799e-06 -5.4320147703492086e-06 -3.0363962342961362e-06 -4.8450748905103625e-06 -2.8293707031932265e-06 2.6950316201625909e-06 2.0235136577798582e-06 3.9166831317407812e-06 1.3590315960852265e-07 -1.5594469794192452e-06 -2.5975854165573121e-06 2.4097404202979922e-06 3.1259881138951243e-06 -3.3962388784412889e-06 -2.0307073375551968e-06 -7.84691168511622e-07
leaf_weight=1124 1071 1450 1071 1089 1530 1015 1107 1477 1146 1848 1190 1110 1151 1136 1169 1046 1494 1333
leaf_count=1124 1071 1450 1071 1089 1530 1015 1107 1477 1146 1848 1190 1110 1151 1136 1169 1046 1494 1333
internal_value=-2.4068e-08 -2.60917e-07 -2.4598e-08 -2.84916e-07 1.28681e-08 -2.79275e-07 -2.38596e-09 3.0287e-07 5.48785e-07 1.90692e-06 -8.81577e-09 2.6062e-07 -4.77601e-07 -1.46426e-07 4.50482e-07 -1.51643e-06 -3.38735e-07 6.85083e-07
internal_weight=23557 22486 21362 19912 18823 17752 16737 15207 14100 4104 9996 2256 8519 7368 5132 2236 3963 2469
internal_count=23557 22486 21362 19912 18823 17752 16737 15207 14100 4104 9996 2256 8519 7368 5132 2236 3963 2469
is_linear=0
shrinkage=0.0187118


Tree=163
num_leaves=19
num_cat=0
split_feature=36 8 4 31 45 48 22 40 24 54 9 11 29 12 7 7 54 50
split_gain=7.8474e-05 6.47633e-05 4.98482e-05 5.60462e-05 4.67028e-05 3.9276e-05 4.4389e-05 3.44059e-05 2.93894e-05 2.12583e-05 2.14974e-05 1.79637e-05 1.70243e-05 2.3446e-05 2.15174e-05 1.67272e-05 1.34237e-05 1.07355e-05
threshold=0.0031974440894568805 -0.17499999999999713 -0.0037275990728701442 20.500000000000004 -0.0037094284842828502 81.422509980216986 -0.91204556754701527 0.0016194342601479896 -1999.499999999957 -14.390723918135542 -0.11736641221374045 -0.38645038167938922 7.5000000000000009 -0.34828244274809156 0.45733235395782934 0.25785300725890087 2.0603451698871331 33.333333333333748
decision_type=2 10 2 2 2 2 10 2 10 2 10 10 2 10 10 10 2 2
left_child=1 -1 3 -3 -5 7 -7 8 -6 11 12 -10 17 16 -15 -8 -14 -11
right_child=-2 2 -4 4 5 6 15 -9 9 10 -12 -13 13 14 -16 -17 -18 -19
leaf_value=3.4725399556500745e-06 -5.0820290484258917e-06 -4.0501484880218959e-06 3.8080980347344558e-06 3.8950694793318795e-06 -3.4166847566819708e-06 4.3658340680293337e-06 -1.7954292613072641e-06 -3.1151629398697298e-06 6.535087668789572e-08 -2.7789593438425276e-06 -2.9858036908677775e-06 3.4292029855996602e-06 3.595823807926024e-07 3.4310355830383815e-06 -1.5025151831126702e-07 1.5819383079085968e-06 -2.2344160485886129e-06 -3.0609091382755398e-07
leaf_weight=1943 1027 1314 1082 994 1004 1235 1037 1813 1261 1123 1061 994 1758 1316 1061 1017 1159 1358
leaf_count=1943 1027 1314 1082 994 1004 1235 1037 1813 1261 1123 1061 994 1758 1316 1061 1017 1159 1358
internal_value=-2.36176e-08 2.06963e-07 -1.01242e-07 -3.18104e-07 -4.85256e-08 -2.76469e-07 1.56241e-06 -7.11332e-07 -3.51006e-07 -7.34886e-08 -4.87336e-07 1.54813e-06 -1.46387e-07 4.53019e-07 1.83249e-06 -1.23187e-07 -6.7108e-07 -1.42541e-06
internal_weight=23557 22530 20587 19505 18191 17197 3289 13908 12095 11091 8836 2255 7775 5294 2377 2054 2917 2481
internal_count=23557 22530 20587 19505 18191 17197 3289 13908 12095 11091 8836 2255 7775 5294 2377 2054 2917 2481
is_linear=0
shrinkage=0.0187118


Tree=164
num_leaves=20
num_cat=0
split_feature=20 31 1 20 52 31 19 52 5 1 52 52 17 22 4 4 52 5 3
split_gain=7.57572e-05 6.53424e-05 0.000136527 6.67931e-05 8.65329e-05 7.50171e-05 9.11336e-05 6.44728e-05 5.84236e-05 4.64998e-05 3.08507e-05 2.90498e-05 2.76666e-05 2.72988e-05 2.37542e-05 2.05371e-05 1.54111e-05 1.37201e-05 1.09461e-05
threshold=18.017241379310349 31.500000000000004 154.70301905069422 0.6310612416107384 0.29462694579954096 148.50000000000003 -0.47924820161863119 0.20541864465659007 -0.10317159319928766 61.84906993932352 0.14467879757155361 0.23185749465095642 -0.27269535706971704 -0.86998040419993561 -0.065005087907739262 -0.083268556730171292 0.13852728694432029 0.044025653225236168 -0.17667644233939114
decision_type=2 2 2 2 2 2 2 2 2 2 2 2 10 10 2 2 2 2 2
left_child=1 2 -1 4 8 7 14 12 13 16 -11 17 -5 -3 -7 -14 -10 18 -8
right_child=-2 3 -4 5 -6 6 11 -9 9 10 -12 -13 15 -15 -16 -17 -18 -19 -20
leaf_value=-6.8850626542333125e-06 4.8389852712320051e-06 3.7137622491166412e-06 2.0911423689001751e-06 3.8506743608070839e-06 -6.0348262543706912e-06 -5.1464055520168392e-06 8.0935348032365463e-07 5.6445795981883166e-06 -1.5118740324408916e-06 -1.4762788790038156e-06 -6.041727463332459e-06 3.9775694461970421e-06 1.5034205223572088e-06 -2.9857626704460965e-07 -1.3894485085749482e-06 -1.8083402319141252e-06 1.690438963829746e-06 1.8259699688384854e-06 -1.9311586324221139e-06
leaf_weight=1424 1071 1304 1017 1039 1137 1222 1001 1669 998 1032 1041 1025 1771 1090 1138 1041 1113 1383 1041
leaf_count=1424 1071 1304 1017 1039 1137 1222 1001 1669 998 1032 1041 1025 1771 1090 1138 1041 1113 1383 1041
internal_value=-2.31757e-08 -2.54759e-07 -3.14528e-06 9.72376e-08 -1.26826e-06 9.51645e-07 -3.624e-07 2.57278e-06 -4.44368e-07 -1.77829e-06 -3.76891e-06 1.21397e-06 1.24148e-06 1.88692e-06 -3.33479e-06 2.77409e-07 1.76507e-07 3.86903e-07 -5.87743e-07
internal_weight=23557 22486 2441 20045 7715 12330 6810 5520 6578 4184 2073 4450 3851 2394 2360 2812 2111 3425 2042
internal_count=23557 22486 2441 20045 7715 12330 6810 5520 6578 4184 2073 4450 3851 2394 2360 2812 2111 3425 2042
is_linear=0
shrinkage=0.0187118


Tree=165
num_leaves=18
num_cat=0
split_feature=36 20 52 8 31 31 31 30 30 27 51 19 20 30 48 5 5
split_gain=7.42844e-05 7.31109e-05 7.54039e-05 4.81228e-05 4.5963e-05 6.62571e-05 7.80171e-05 6.24624e-05 6.16852e-05 3.80167e-05 3.53226e-05 3.40029e-05 3.9456e-05 2.77138e-05 2.13941e-05 1.81558e-05 1.46547e-05
threshold=0.0031974440894568805 0.064796071375018763 0.34702139794647907 -0.17499999999999713 23.500000000000004 104.50000000000001 88.500000000000014 18.500000000000004 17.500000000000004 3.8269739105399476 70.072751322751856 -0.19708317084393909 1.4561469780219782 16.500000000000004 37.513025868384894 -0.20447945297663464 0.15127014341350978
decision_type=2 2 2 8 2 2 2 2 2 10 2 2 2 2 2 2 2
left_child=1 -1 3 -3 -5 6 8 11 13 -10 -9 14 15 -6 -7 -13 -17
right_child=-2 2 -4 4 5 7 -8 10 9 -11 -12 12 -14 -15 -16 16 -18
leaf_value=-4.5349761333754164e-06 -4.9442718037905627e-06 3.3293952853631679e-06 4.2216729050411379e-06 -3.3593077326720828e-06 8.2036340090663931e-07 -1.4774818648892579e-06 6.3707195299092084e-06 2.6939175168764982e-08 -3.8276397851048519e-06 1.0827156931429519e-06 4.3582762145712455e-06 4.7311735971419213e-07 1.7166945349828065e-06 5.0170134524514987e-06 -4.7501124980787477e-06 -3.5902160011366081e-06 -9.7227215019091358e-07
leaf_weight=1086 1027 1507 1701 1439 1093 1352 1061 1643 1158 1055 1101 1035 1720 1111 1449 1645 1374
leaf_count=1086 1027 1507 1701 1439 1093 1352 1061 1643 1158 1055 1101 1035 1720 1111 1449 1645 1374
internal_value=-2.2742e-08 2.01599e-07 4.41476e-07 1.15785e-07 -1.49783e-07 1.25177e-07 1.81449e-06 -6.9239e-07 7.20041e-07 -1.48673e-06 1.76484e-06 -1.4787e-06 -6.58021e-07 2.93583e-06 -3.17046e-06 -1.66555e-06 -2.39874e-06
internal_weight=23557 22530 21444 19743 18236 16797 5478 11319 4417 2213 2744 8575 5774 2204 2801 4054 3019
internal_count=23557 22530 21444 19743 18236 16797 5478 11319 4417 2213 2744 8575 5774 2204 2801 4054 3019
is_linear=0
shrinkage=0.0187118


Tree=166
num_leaves=19
num_cat=0
split_feature=20 15 51 50 45 54 0 38 22 20 51 44 50 26 4 27 3 15
split_gain=7.30461e-05 6.35161e-05 4.27555e-05 6.23962e-05 4.17009e-05 3.85018e-05 3.74877e-05 5.47425e-05 3.20417e-05 4.00702e-05 3.64222e-05 3.12916e-05 3.07117e-05 2.3799e-05 2.14907e-05 2.04632e-05 1.80188e-05 1.15242e-05
threshold=18.017241379310349 0.024870211233971599 87.962962962962777 95.606909430438506 0.0032180229999326797 -1.1001528132439959 145.50000000000003 -0.0031670645348954025 -0.46462519376444089 0.21860135837702707 29.629629629629743 -0.001586043820592131 3.8961426677512162e-13 -0.0066466148136657974 -0.42434563853242124 7.3610003287747787 0.039129927599571845 0.11104119858278606
decision_type=2 8 2 2 2 2 2 2 8 2 2 2 2 10 2 10 2 10
left_child=1 5 4 -4 6 -1 7 -3 9 -9 12 -12 -11 -5 -13 -14 17 -16
right_child=-2 2 3 13 -6 -7 -8 8 -10 10 11 14 15 -15 16 -17 -18 -19
leaf_value=-9.6225861141358989e-08 4.7520497541283766e-06 4.4983969526592e-06 5.3504646125255854e-06 2.3896528496456396e-06 -3.9529191255670129e-06 -4.4768716684377843e-06 -2.7703217030636821e-06 -3.730468713432166e-06 3.1537287025716889e-06 6.7223007559607417e-07 3.9001017685826153e-06 2.4492265520806544e-06 -7.4368965121411713e-07 -1.3662951070058518e-06 -2.3178011401977355e-07 -4.2737223711473035e-06 9.9226008247829457e-07 -2.9899610055493971e-06
leaf_weight=1139 1071 1001 1251 1016 1015 1833 1566 1100 1002 1517 1024 1267 1014 1411 1132 1328 1872 998
leaf_count=1139 1071 1001 1251 1016 1015 1833 1566 1100 1002 1517 1024 1267 1014 1411 1132 1328 1872 998
internal_value=-2.23165e-08 -2.49718e-07 1.3839e-07 1.95581e-06 -2.83716e-07 -2.79802e-06 -3.24342e-08 2.91031e-07 -5.26587e-08 -3.3819e-07 2.9373e-08 9.07044e-07 -1.40187e-06 2.06033e-07 3.2536e-07 -2.74535e-06 -3.47038e-07 -1.52411e-06
internal_weight=23557 22486 19514 3678 15836 2972 14821 13255 12254 11252 10152 6293 3859 2427 5269 2342 4002 2130
internal_count=23557 22486 19514 3678 15836 2972 14821 13255 12254 11252 10152 6293 3859 2427 5269 2342 4002 2130
is_linear=0
shrinkage=0.0187118


Tree=167
num_leaves=20
num_cat=0
split_feature=36 20 8 31 20 19 31 1 31 20 31 13 25 44 20 51 5 53 27
split_gain=7.0345e-05 6.9364e-05 6.14627e-05 3.48363e-05 6.5652e-05 6.39985e-05 6.18153e-05 6.63024e-05 9.01339e-05 4.05824e-05 4.40113e-05 3.01469e-05 2.52413e-05 2.44576e-05 2.11235e-05 1.55124e-05 1.315e-05 1.21293e-05 9.97248e-06
threshold=0.0031974440894568805 0.064796071375018763 -0.17499999999999713 127.50000000000001 9.1509971509971546 -0.19708317084393909 63.500000000000007 156.45785940986323 29.500000000000004 0.56155740810913235 209.50000000000003 -0.26475042820583428 -0.98082509646192539 -0.0016260162601626214 1.8673632583431072 73.793490460156519 0.051846337675848932 36.149988666669458 507.60101640405543
decision_type=2 2 10 2 2 2 2 2 2 2 2 10 2 2 2 2 2 2 10
left_child=1 -1 -3 4 6 14 7 8 -4 10 -7 -8 -13 -11 -5 16 -15 -14 -16
right_child=-2 2 3 5 -6 9 11 -9 -10 13 -12 12 17 15 18 -17 -18 -19 -20
leaf_value=-4.4171926280997684e-06 -4.8111525718471411e-06 3.7264727736071948e-06 -7.5085020475003217e-06 -4.9916313347582768e-06 5.4285999179267968e-06 -3.5705740711397539e-06 -7.8955561801476428e-07 2.0515782326926135e-06 -1.5975232303375587e-07 3.7975766956396197e-06 1.3035154084233272e-06 5.6386476184501582e-07 2.6290271221125411e-06 -1.2457315847047954e-06 -4.1346279413658864e-07 2.4296228628151004e-06 1.5022895974404763e-06 5.4528547271257561e-06 -3.064036815576622e-06
leaf_weight=1086 1027 1813 998 1078 1028 1547 1081 1290 1410 1103 1117 1137 1084 1577 994 1152 994 1047 994
leaf_count=1086 1027 1813 998 1078 1028 1547 1081 1290 1410 1103 1117 1137 1084 1577 994 1152 994 1047 994
internal_value=-2.18989e-08 1.96413e-07 4.30062e-07 1.25626e-07 9.75759e-07 -6.05234e-07 4.06911e-07 -1.37161e-06 -3.20546e-06 3.26937e-07 -1.5269e-06 1.9192e-06 2.81522e-06 1.35027e-06 -2.88246e-06 6.25217e-07 -1.83291e-07 4.01643e-06 -1.73875e-06
internal_weight=23557 22530 21444 19631 9075 10556 8047 3698 2408 7490 2664 4349 3268 4826 3066 3723 2571 2131 1988
internal_count=23557 22530 21444 19631 9075 10556 8047 3698 2408 7490 2664 4349 3268 4826 3066 3723 2571 2131 1988
is_linear=0
shrinkage=0.0187118


Tree=168
num_leaves=18
num_cat=0
split_feature=20 31 55 18 37 6 31 24 20 31 17 31 21 13 54 54 55
split_gain=7.26952e-05 9.05385e-05 6.00089e-05 9.07825e-05 5.41303e-05 5.65397e-05 4.21924e-05 4.26755e-05 4.42171e-05 4.36436e-05 4.10708e-05 3.24278e-05 2.21703e-05 1.86417e-05 2.80869e-05 2.0623e-05 9.66338e-06
threshold=2.4353400222965447 222.50000000000003 14436.000000000002 -0.22579031265906233 0.0030511078011544739 20.750000000000004 234.50000000000003 5000.5833333333348 0.17849733254297573 181.50000000000003 -0.19217547760451711 50.500000000000007 0.068035946545907139 -0.23342497497934531 7.4310420320596178 -0.77988562135808681 31479.000000000004
decision_type=2 2 2 10 2 8 2 8 2 2 10 2 2 10 2 2 2
left_child=4 2 3 -2 5 6 7 8 -1 12 -11 -4 13 -10 15 16 -15
right_child=1 -3 11 -5 -6 -7 -8 -9 9 10 -12 -13 -14 14 -16 -17 -18
leaf_value=-3.2742650585400612e-06 9.0193321162336043e-06 -2.7211394129555348e-06 -1.574953187024401e-06 1.5494716041188142e-06 -4.3212890459626364e-06 -3.7317802268158283e-06 2.9429514294682651e-06 2.9207847939259093e-06 -5.9307101183737208e-07 -4.2405345600623521e-06 6.2407633949617657e-07 2.7796299729184623e-06 -1.9280349022743923e-06 7.2930438667792226e-07 4.2319036377380618e-06 -1.4543085190823541e-06 3.1444777076302881e-06
leaf_weight=1904 1097 1241 1044 1185 1278 1541 1562 1291 1862 1512 1016 1404 1072 1387 1100 1007 997
leaf_count=1904 1097 1241 1044 1185 1278 1541 1562 1291 1862 1512 1016 1404 1072 1387 1100 1007 997
internal_value=-5.94436e-09 1.77721e-06 2.95744e-06 5.14037e-06 -6.13352e-07 -3.21754e-07 3.54751e-08 -3.09937e-07 -6.61701e-07 -1.61919e-07 -2.28545e-06 9.22527e-07 5.61083e-07 9.81095e-07 1.63376e-06 7.90947e-07 1.73934e-06
internal_weight=23500 5971 4730 2282 17529 16251 14710 13148 11857 9953 2528 2448 7425 6353 4491 3391 2384
internal_count=23500 5971 4730 2282 17529 16251 14710 13148 11857 9953 2528 2448 7425 6353 4491 3391 2384
is_linear=0
shrinkage=0.0187118


Tree=169
num_leaves=16
num_cat=0
split_feature=9 20 31 1 31 19 54 39 18 17 6 31 12 20 4
split_gain=7.25348e-05 8.36502e-05 7.33071e-05 7.04446e-05 9.73185e-05 5.38634e-05 5.96833e-05 5.18651e-05 4.16215e-05 5.99876e-05 5.84742e-05 3.35132e-05 2.0676e-05 2.0295e-05 2.2386e-05
threshold=-0.79484732824427462 0.19865281683752153 98.500000000000014 48.435431562991141 132.50000000000003 0.37181013041414351 -0.07107801220419406 0.0018501403436708144 -0.47012562250787576 -0.086806266639361029 24.750000000000004 176.50000000000003 -0.27958015267175568 2.8034084809447131 -0.24590847419300124
decision_type=10 2 2 2 2 2 2 2 10 10 8 2 10 2 2
left_child=3 2 -2 -1 -5 7 -7 8 9 11 12 -3 13 14 -10
right_child=1 5 -4 4 -6 6 -8 -9 10 -11 -12 -13 -14 -15 -16
leaf_value=-9.7822048555317805e-07 -7.6967390957775512e-06 1.6403959880877637e-06 -1.0692887575498619e-06 6.5114115098187753e-06 1.1404349032708671e-08 -7.8364211917801711e-07 4.8493344248500745e-06 -4.3577691491733925e-06 -1.342248968719851e-07 5.0180796032326606e-06 -4.7384585294507243e-06 -2.2098232157466062e-06 1.5971198321109921e-06 8.8861249390118403e-07 -3.1266915088840078e-06
leaf_weight=1819 994 1842 1418 1811 1454 1179 1492 1144 1702 1116 1237 1388 1535 1567 1802
leaf_count=1819 994 1842 1418 1811 1454 1179 1492 1144 1702 1116 1237 1388 1535 1567 1802
internal_value=-5.83312e-09 -5.52044e-07 -3.8005e-06 1.97273e-06 3.61677e-06 -6.24613e-08 2.36289e-06 -5.48333e-07 -1.90798e-07 1.27808e-06 -1.00474e-06 -1.41246e-08 -3.05588e-07 -8.81541e-07 -1.67316e-06
internal_weight=23500 18416 2412 5084 3265 16004 2671 13333 12189 4346 7843 3230 6606 5071 3504
internal_count=23500 18416 2412 5084 3265 16004 2671 13333 12189 4346 7843 3230 6606 5071 3504
is_linear=0
shrinkage=0.0187118


Tree=170
num_leaves=18
num_cat=0
split_feature=11 20 52 19 54 38 24 8 4 11 11 19 54 49 50 3 3
split_gain=7.02212e-05 7.26623e-05 8.00646e-05 6.79096e-05 7.07172e-05 6.1892e-05 5.29116e-05 2.82948e-05 2.31668e-05 2.39391e-05 1.98125e-05 1.62236e-05 2.65637e-05 1.91775e-05 1.39824e-05 1.18455e-05 9.27345e-06
threshold=-0.95992366412213725 0.47558265582655829 0.20851911280123658 0.35593497249219302 1.0165795564278388 -0.0031670645348954025 -4000.749999999985 0.050000000000002494 -0.50216236078919085 -0.54293893129770987 -0.7232824427480915 0.029457060765711422 -4.461089071281954 1.1200770824333557e-13 72.22222222222338 0.070684154966916615 -0.0073601015961960413
decision_type=10 2 2 2 2 2 10 10 2 10 10 2 2 2 2 2 2
left_child=-1 2 8 5 -5 -3 -7 10 9 -2 16 12 13 -12 -11 -14 -8
right_child=1 3 -4 4 -6 6 7 -9 -10 14 11 -13 15 -15 -16 -17 -18
leaf_value=4.1854488644063522e-06 1.9004570979856213e-06 4.1983678120605747e-06 -5.2097472769408777e-06 1.4541867229925236e-07 6.6653588856445696e-06 -3.9873233942798968e-06 -2.2811437374920353e-06 -2.5585471465446768e-06 -3.0917661522441664e-06 -2.738509232375514e-06 -2.3262143886292789e-07 2.3716272001081812e-06 8.2566227831033358e-08 2.9291321992537508e-06 3.2116885750703804e-07 -2.3620366281407547e-06 1.2976401052338646e-07
leaf_weight=1321 1505 1087 1853 1174 1156 1328 1253 1360 1022 1036 1152 1746 1615 1611 1056 1217 1008
leaf_count=1321 1505 1087 1853 1174 1156 1328 1253 1360 1022 1036 1152 1746 1615 1611 1056 1217 1008
internal_value=-5.72398e-09 -2.55354e-07 -1.92386e-06 4.32145e-07 3.38021e-06 -8.13466e-08 -4.5987e-07 -3.25336e-08 -6.05658e-07 1.00708e-07 3.25243e-07 7.96957e-07 3.05558e-07 1.61088e-06 -1.19404e-06 -9.67956e-07 -1.20631e-06
internal_weight=23500 22179 6472 15707 2330 13377 12290 10962 4619 3597 9602 7341 5595 2763 2092 2832 2261
internal_count=23500 22179 6472 15707 2330 13377 12290 10962 4619 3597 9602 7341 5595 2763 2092 2832 2261
is_linear=0
shrinkage=0.0187118


Tree=171
num_leaves=19
num_cat=0
split_feature=9 4 37 51 0 36 30 52 0 4 52 9 27 51 0 43 22 9
split_gain=6.89297e-05 5.97614e-05 7.27021e-05 5.01669e-05 7.08377e-05 5.77486e-05 5.03124e-05 4.91717e-05 4.61223e-05 3.87743e-05 3.21025e-05 2.72249e-05 2.23043e-05 2.12267e-05 3.48346e-05 2.05093e-05 1.06775e-05 1.5301e-05
threshold=-0.79484732824427462 -0.0037275990728701442 0.0024081887115248173 80.529100529099722 147.50000000000003 0.0010531861793577903 18.500000000000004 0.27988993496199205 33.500000000000007 -0.50216236078919085 0.21911030697893061 -0.36354961832061067 -3.3884387005213106 27.777777777778216 15.500000000000002 1.0000000180025095e-35 -0.90108590474142558 -0.3463740458015267
decision_type=10 2 2 2 2 2 2 2 2 2 2 10 10 2 2 2 10 10
left_child=7 2 3 4 5 10 8 9 -5 -1 13 -12 -11 14 -2 16 -15 -18
right_child=1 -3 -4 6 -6 -7 -8 -9 -10 12 11 -13 -14 15 -16 -17 17 -19
leaf_value=3.6722716744689284e-06 -3.7950750504159995e-07 3.7729694682337429e-06 -5.6634417443586775e-06 -2.1489007723808444e-06 -5.7383901243865343e-06 -3.7110967409583364e-06 4.3206367839692097e-06 5.5585155573807309e-06 2.8285784610442016e-06 -2.263252771541749e-06 -2.9343639171672835e-09 4.147027098646387e-06 1.1530298950631513e-06 2.1964636397776368e-06 -4.7491904919074007e-06 -2.2068587920227441e-06 -1.51281727794114e-06 1.6171634008693162e-06
leaf_weight=1288 1759 1061 1014 1617 1051 1820 1313 1037 1092 1141 1213 1018 1618 1246 1003 1021 1112 1076
leaf_count=1288 1759 1061 1014 1617 1051 1820 1313 1037 1092 1141 1213 1018 1618 1246 1003 1021 1112 1076
internal_value=-5.61687e-09 -5.38081e-07 -8.01638e-07 -4.9995e-07 -1.09236e-06 -6.59005e-07 1.31453e-06 1.92315e-06 -1.42474e-07 9.91628e-07 -7.10705e-08 1.89068e-06 -2.59792e-07 -6.7751e-07 -1.96633e-06 1.21527e-07 8.13806e-07 2.64225e-08
internal_weight=23500 18416 17355 16341 12319 11268 4022 5084 2709 4047 9448 2231 2759 7217 2762 4455 3434 2188
internal_count=23500 18416 17355 16341 12319 11268 4022 5084 2709 4047 9448 2231 2759 7217 2762 4455 3434 2188
is_linear=0
shrinkage=0.0187118


Tree=172
num_leaves=19
num_cat=0
split_feature=20 31 9 37 20 31 39 36 19 52 17 31 48 20 31 13 19 20
split_gain=6.76408e-05 8.57996e-05 6.82165e-05 7.43512e-05 5.79498e-05 7.23687e-05 4.97339e-05 4.16902e-05 3.05759e-05 2.93667e-05 2.72884e-05 2.53507e-05 2.07676e-05 1.55086e-05 2.74967e-05 2.16266e-05 1.68298e-05 1.00976e-05
threshold=2.4353400222965447 222.50000000000003 -0.80057251908396931 0.0020090411898852083 10.577380952380954 65.500000000000014 -0.0020171462517496459 0.0013614710189253645 -0.16953534807460355 0.21350029365703074 -0.07715909423363855 234.50000000000003 79.863434531076322 0.18526500638569607 122.50000000000001 -0.10131253988191592 -0.095293485085852211 0.76246546961325989
decision_type=2 2 10 2 2 2 2 2 2 2 8 2 2 2 2 10 2 2
left_child=2 4 9 6 5 -2 -4 10 -7 12 11 13 -1 -8 15 -15 -16 -18
right_child=1 -3 3 -5 -6 8 7 -9 -10 -11 -12 -13 -14 14 16 -17 17 -19
leaf_value=-7.2668780210756384e-07 -1.6203583682496e-06 -2.6645078209549992e-06 -4.5034474208408229e-06 -6.095291613085313e-06 6.3080034106400866e-06 1.5967944727201794e-06 -2.7597400821809478e-06 -3.5951224492003882e-06 6.1684274455498934e-06 4.0959313795842474e-06 2.2260962302632344e-06 2.3023771218738442e-06 2.5842604416246075e-06 2.4959577884036608e-06 -3.5801960253567266e-06 -9.2453749980533984e-07 -1.7183763707861289e-06 6.2664178177533596e-07
leaf_weight=1732 1425 1241 1169 1014 1256 1030 1229 1307 1019 1146 1567 1023 1075 1477 1001 1152 1526 1111
leaf_count=1732 1425 1241 1169 1014 1256 1030 1229 1307 1019 1146 1567 1023 1075 1477 1001 1152 1526 1111
internal_value=-5.51177e-09 1.71454e-06 -5.91422e-07 -1.22131e-06 2.86346e-06 1.61811e-06 -8.27879e-07 -4.5074e-07 3.87034e-06 1.57182e-06 -4.32729e-08 -4.60705e-07 5.41309e-07 -8.37791e-07 -4.60884e-07 9.97132e-07 -1.51452e-06 -7.30391e-07
internal_weight=23500 5971 17529 13576 4730 3474 12562 11393 2049 3953 10086 8519 2807 7496 6267 2629 3638 2637
internal_count=23500 5971 17529 13576 4730 3474 12562 11393 2049 3953 10086 8519 2807 7496 6267 2629 3638 2637
is_linear=0
shrinkage=0.0187118


Tree=173
num_leaves=18
num_cat=0
split_feature=11 20 52 38 4 0 8 50 36 0 0 51 11 15 20 38 54
split_gain=6.53647e-05 6.84061e-05 7.63837e-05 6.07975e-05 5.57613e-05 4.02263e-05 3.97453e-05 2.80147e-05 2.67287e-05 3.29333e-05 1.84672e-05 3.45166e-05 2.15651e-05 1.47512e-05 1.37343e-05 1.18616e-05 1.12611e-05
threshold=-0.95992366412213725 0.47558265582655829 0.20851911280123658 -0.0034071649137470956 -0.42788597433433201 5.5000000000000009 -0.10000000000000496 70.057720057720843 0.0012682313279676063 145.50000000000003 4.5000000000000009 29.629629629629743 -0.2146946564885496 0.10640526626292977 2.0105823068309077 -0.0010157442944987436 -4.461089071281954
decision_type=10 2 2 2 2 2 10 2 2 2 2 2 10 10 2 2 2
left_child=-1 2 5 -3 -5 -2 -6 -7 9 10 14 13 15 -12 -8 -13 -17
right_child=1 3 -4 4 6 7 8 -9 -10 -11 11 12 -14 -15 -16 16 -18
leaf_value=4.0382366294122352e-06 -3.5234648849958879e-06 4.8313963864147118e-06 -5.0746204374356062e-06 3.7855363465547786e-06 3.0304882294331786e-06 -1.1656678247522858e-06 2.0104477312784444e-07 2.2255020475279828e-06 -3.233703521001332e-06 -3.5087729673278704e-06 -5.6257547349621254e-07 1.5975956373015244e-06 2.8722587662355596e-06 -3.5493982660119458e-06 3.0439267985327873e-06 6.3738215181065296e-07 -1.6366328330862124e-06
leaf_weight=1321 1201 1023 1853 1318 1180 1782 1328 1636 1187 1004 1007 1025 1028 1362 1078 1279 1888
leaf_count=1321 1201 1023 1853 1318 1180 1782 1328 1636 1187 1004 1007 1025 1028 1362 1078 1279 1888
internal_value=-5.40862e-09 -2.46252e-07 -1.86515e-06 4.20808e-07 1.13533e-07 -5.7761e-07 -2.48558e-07 4.57489e-07 -5.66076e-07 -2.78188e-07 4.63247e-08 -4.06552e-07 4.43576e-07 -2.27978e-06 1.47479e-06 -1.52006e-07 -7.18266e-07
internal_weight=23500 22179 6472 15707 14684 4619 13366 3418 12186 10999 9995 7589 5220 2369 2406 4192 3167
internal_count=23500 22179 6472 15707 14684 4619 13366 3418 12186 10999 9995 7589 5220 2369 2406 4192 3167
is_linear=0
shrinkage=0.0187118


Tree=174
num_leaves=20
num_cat=0
split_feature=22 31 7 38 52 25 51 50 31 19 19 22 44 31 26 3 18 27 54
split_gain=6.05497e-05 8.40593e-05 6.25203e-05 4.73544e-05 4.4788e-05 5.93855e-05 3.38008e-05 3.32882e-05 3.21487e-05 6.00516e-05 5.42534e-05 3.62928e-05 2.87036e-05 3.25328e-05 2.34554e-05 2.34099e-05 2.10666e-05 2.73688e-05 1.68739e-05
threshold=-0.41504651717557245 20.500000000000004 0.27687521603871418 -0.0033841044434264607 0.30898654311297541 -1.0000000180025095e-35 87.962962962962777 94.444444444444756 104.50000000000001 -0.21935500099942115 -2.2193119230179543 -0.77071019098820792 -0.0018132381177832222 235.50000000000003 -0.0055579072577354978 -0.047624566453861435 0.28375703110476319 -19.588885529748278 2.8883310689565174
decision_type=8 2 10 2 2 2 2 2 2 2 2 10 2 2 10 2 8 10 2
left_child=1 -1 -2 -3 6 -6 8 -8 9 -5 -10 15 -12 16 -9 -11 17 -14 -19
right_child=2 3 -4 4 5 -7 7 14 10 11 12 -13 13 -15 -16 -17 -18 18 -20
leaf_value=-5.4257519794386023e-06 6.4027473960586546e-06 3.9357616257320521e-06 -1.4491027510153327e-07 4.7907578132486932e-06 -5.0541813818926803e-06 6.2536397623148485e-07 4.6450324105041058e-06 2.4030575817389224e-06 -4.3056489688850915e-06 3.1707309380924809e-06 2.5251222843444444e-06 -3.0700674659818536e-06 -1.2431129227427078e-07 2.0077458300062789e-06 -1.4662604659986009e-06 -5.6379811437129154e-07 5.219935463717342e-07 -1.9781978753587184e-06 -5.1459112416380908e-06
leaf_weight=1064 1004 1002 1039 1103 1443 1165 1016 1145 1413 1042 1072 1079 1478 1197 1053 1348 1444 1347 1046
leaf_count=1064 1004 1002 1039 1103 1443 1165 1016 1145 1413 1042 1072 1079 1478 1197 1053 1348 1444 1347 1046
internal_value=-5.30741e-09 -2.98388e-07 3.07283e-06 -3.08693e-08 -2.35839e-07 -2.51711e-06 1.1866e-07 1.84408e-06 -2.90029e-07 9.87643e-07 -9.39303e-07 -2.21592e-07 -3.12108e-07 -7.7917e-07 5.49375e-07 1.06439e-06 -1.40682e-06 -2.12632e-06 -3.36283e-06
internal_weight=23500 21457 2043 20393 19391 2608 16783 3214 13569 4572 8997 3469 7584 6512 2198 2390 5315 3871 2393
internal_count=23500 21457 2043 20393 19391 2608 16783 3214 13569 4572 8997 3469 7584 6512 2198 2390 5315 3871 2393
is_linear=0
shrinkage=0.0187118


Tree=175
num_leaves=18
num_cat=0
split_feature=36 15 52 22 51 0 25 9 7 22 0 52 0 49 52 15 50
split_gain=7.14698e-05 5.14423e-05 5.00215e-05 4.99124e-05 3.89551e-05 4.87009e-05 3.67643e-05 4.96064e-05 4.93368e-05 4.82378e-05 3.87983e-05 3.63977e-05 3.41627e-05 2.79026e-05 1.88096e-05 1.52699e-05 1.4736e-05
threshold=-0.0028149204651254918 0.028687949702850067 0.22280337633828864 -0.44550466497031377 88.888888888887365 55.500000000000007 -0.20076854762755905 -0.4608778625954198 0.49422456504205559 -0.90108590474142558 46.500000000000007 0.202809008490792 14.500000000000002 99.231794354665453 0.15450562792362768 0.14800762117712532 44.444444444444734
decision_type=2 8 2 8 2 2 2 10 10 10 2 2 2 2 2 10 2
left_child=-1 2 12 4 6 14 8 9 11 -8 15 -3 -2 -10 -6 -9 -11
right_child=1 3 -4 -5 5 -7 7 10 13 16 -12 -13 -14 -15 -16 -17 -18
leaf_value=4.6129402165125673e-06 -2.6306917299261488e-06 -1.811707748800449e-06 -5.6991781823667638e-06 3.4375607411269488e-06 1.8078818373863787e-06 5.1971560940565786e-06 4.133527962949639e-06 9.4922691242905105e-07 -1.7585158827812221e-06 1.1363191835775954e-06 -3.9892098739339474e-06 -6.1704171424551862e-06 1.8370928423027233e-06 2.3022943632898855e-06 -1.6665236617945114e-06 -1.8860406238087374e-06 -1.6609883258561499e-06
leaf_weight=1151 1465 1920 1036 1549 1202 1008 1672 1901 1174 1842 1243 1031 1014 1196 999 1023 1027
leaf_count=1151 1465 1920 1036 1549 1202 1008 1672 1901 1174 1842 1243 1031 1014 1196 999 1023 1027
internal_value=6.6072e-08 -1.6859e-07 -2.24623e-06 2.20131e-07 -6.89863e-08 1.79089e-06 -4.94414e-07 2.54363e-07 -1.71981e-06 1.60725e-06 -1.21995e-06 -3.33452e-06 -8.03206e-07 2.90736e-07 2.30901e-07 -4.2728e-08 1.34982e-07
internal_weight=23453 22302 3515 18787 17238 3209 14029 8708 5321 4541 4167 2951 2479 2370 2201 2924 2869
internal_count=23453 22302 3515 18787 17238 3209 14029 8708 5321 4541 4167 2951 2479 2370 2201 2924 2869
is_linear=0
shrinkage=0.0187118


Tree=176
num_leaves=19
num_cat=0
split_feature=36 39 4 48 19 22 15 15 54 1 4 24 17 0 52 16 49 49
split_gain=6.88202e-05 5.01844e-05 3.52777e-05 3.88553e-05 4.80707e-05 5.79379e-05 4.72615e-05 3.5653e-05 2.87211e-05 4.52e-05 2.7581e-05 2.60109e-05 2.48972e-05 4.39662e-05 2.00411e-05 2.59404e-05 1.18286e-05 5.02238e-07
threshold=-0.0028149204651254918 0.0037488317839099454 -0.0032435411837865333 74.657880795004289 0.085494636929944093 -0.83938755812933208 0.024870211233971599 0.2768635207098285 1.4079828007794233 115.09243017925108 -0.31347871558595736 -0.29166666666664981 -0.087974678915186788 21.500000000000004 0.14532777004479372 0.47368421052631587 34.779149283664985 51.117392274073694
decision_type=2 2 2 2 2 10 8 10 2 2 2 10 8 2 2 2 2 2
left_child=-1 2 3 6 11 -6 -2 8 12 10 -10 -5 14 -14 16 -16 -8 -17
right_child=1 -3 -4 4 5 -7 7 -9 9 -11 -12 -13 13 -15 15 17 -18 -19
leaf_value=4.5266236718654025e-06 -3.5117014297097964e-06 -4.0886807817808636e-06 3.4305962086222389e-06 -2.8173934165712345e-06 5.5871849582702216e-06 -1.3943277010527935e-07 -1.4194799450876754e-06 -3.1979442293201981e-06 1.8666166259256559e-06 3.6687334643759797e-06 -2.367133890858875e-06 1.0194758733649435e-06 3.540995613637046e-06 -1.2905552947888348e-06 -4.2617342187555098e-06 -5.5785008500015276e-07 1.3071501585810529e-06 -1.1526874372486027e-06
leaf_weight=1151 1742 1086 1020 1034 1432 1089 1003 1285 1009 1721 1156 1540 1226 1427 1291 994 1253 994
leaf_count=1151 1742 1086 1020 1034 1432 1089 1003 1285 1009 1721 1156 1540 1226 1427 1291 994 1253 994
internal_value=6.48357e-08 -1.65436e-07 3.53863e-08 -1.36089e-07 1.2769e-06 3.11345e-06 -6.12825e-07 -2.34814e-07 8.05431e-08 1.40528e-06 -3.9399e-07 -5.2183e-07 -5.4817e-07 9.42192e-07 -1.26252e-06 -2.19646e-06 9.49105e-08 -8.5527e-07
internal_weight=23453 22302 21216 20196 5095 2521 15101 13359 12074 3886 2165 2574 8188 2653 5535 3279 2256 1988
internal_count=23453 22302 21216 20196 5095 2521 15101 13359 12074 3886 2165 2574 8188 2653 5535 3279 2256 1988
is_linear=0
shrinkage=0.0187118


Tree=177
num_leaves=18
num_cat=0
split_feature=20 52 39 9 30 0 40 51 20 40 55 25 4 7 9 9 52
split_gain=7.50378e-05 6.3323e-05 5.86674e-05 4.2148e-05 3.36606e-05 4.44013e-05 5.39424e-05 4.0925e-05 2.80922e-05 3.9577e-05 3.83647e-05 2.78472e-05 2.40847e-05 2.05423e-05 1.93888e-05 1.82652e-05 1.70576e-05
threshold=5.2444001991040325 0.18105773102688374 0.0037488317839099454 -0.79484732824427462 18.500000000000004 145.50000000000003 0.0016194342601479896 72.222222222222342 0.66510533539574312 -0.0018165319254248578 17473.500000000004 -0.97858741955825634 -0.26816807055232056 0.29641411740983992 -0.30820610687022892 -0.42080152671755716 0.14691847117708065
decision_type=2 2 2 8 2 2 2 2 2 2 2 2 2 10 10 10 2
left_child=2 -2 3 11 5 6 8 15 10 -10 -5 -1 -11 -13 16 -6 -14
right_child=1 -3 -4 4 7 -7 -8 -9 9 12 -12 13 14 -15 -16 -17 -18
leaf_value=-1.7664104888702218e-07 9.4877360609902784e-08 5.2279181175734497e-06 -4.7783721493330037e-06 -3.2730051272666272e-06 1.2024655366641622e-06 -4.7904017314462851e-06 -4.2076267279104599e-06 3.2559146730818799e-06 3.8893885261304487e-06 2.3867989361443511e-06 6.7415359732679586e-07 1.1914334480362985e-06 -3.0219949005437792e-07 4.8209500550562132e-06 1.0869839359814859e-06 -2.1962408217405219e-06 -3.5560473350201583e-06
leaf_weight=1737 1691 1675 1004 1932 997 1035 1353 1568 1057 1016 1557 1097 1147 1087 1145 1245 1110
leaf_count=1737 1691 1675 1004 1932 997 1035 1353 1568 1057 1016 1557 1097 1147 1087 1145 1245 1110
internal_value=6.36225e-08 2.6492e-06 -3.69645e-07 -1.37692e-07 -5.84892e-07 -1.09566e-06 -7.25005e-07 9.36959e-07 -1.99347e-07 6.36864e-07 -1.51155e-06 1.59157e-06 -1.41297e-07 2.99788e-06 -8.96308e-07 -6.84861e-07 -1.90245e-06
internal_weight=23453 3366 20087 19083 15162 11352 10317 3810 8964 5475 3489 3921 4418 2184 3402 2242 2257
internal_count=23453 3366 20087 19083 15162 11352 10317 3810 8964 5475 3489 3921 4418 2184 3402 2242 2257
is_linear=0
shrinkage=0.0187118


Tree=178
num_leaves=17
num_cat=0
split_feature=20 31 31 55 10 42 48 47 18 20 47 51 5 20 52 18
split_gain=7.22559e-05 8.39054e-05 7.70563e-05 6.55559e-05 5.53688e-05 5.99941e-05 4.9066e-05 4.30851e-05 4.61603e-05 3.59901e-05 5.79917e-05 2.53729e-05 2.77451e-05 2.91457e-05 2.23372e-05 1.10936e-05
threshold=5.2444001991040325 31.500000000000004 206.50000000000003 17043.500000000004 -0.79887218045112784 -0.0030318350338572882 81.422509980216986 55.555555555518069 -0.34511126806235831 0.87745475548710061 96.4912280701637 29.629629629629743 -0.20447945297663464 0.45010822510822518 0.141281537066485 -0.18738485406899474
decision_type=2 2 2 2 2 2 2 2 10 2 2 2 2 2 2 10
left_child=1 -1 3 -2 5 -3 7 11 -9 10 -8 14 -13 -14 -7 -15
right_child=2 4 -4 -5 -6 6 9 8 -10 -11 -12 12 13 15 -16 -17
leaf_value=-4.0720691012783198e-06 7.3599391636277077e-06 4.2452304874316994e-06 -1.7091703194049407e-06 1.0933372694851921e-06 -3.9832661551304539e-06 1.184826214234924e-07 -2.1280400255988396e-06 -4.8098651410316595e-06 -4.5174726544687021e-07 4.783191960451382e-06 3.86578940481555e-06 2.9158260822902655e-06 -2.3595187486035621e-06 1.9406041677446771e-06 -3.2227018041656689e-06 -2.8193935315879864e-07
leaf_weight=1930 1263 1249 1015 1088 1128 1619 1220 1494 1977 1091 1053 1612 1260 1853 1235 1366
leaf_count=1930 1263 1249 1015 1088 1128 1619 1220 1494 1977 1091 1053 1612 1260 1853 1235 1366
internal_value=6.2432e-08 -3.62728e-07 2.59963e-06 4.45987e-06 3.15562e-08 2.97498e-07 -1.49682e-08 -5.58081e-07 -2.32758e-06 1.98957e-06 6.48687e-07 1.28554e-07 8.10725e-07 5.30948e-08 -1.32733e-06 9.97455e-07
internal_weight=23453 20087 3366 2351 18157 17029 15780 12416 3471 3364 2273 8945 6091 4479 2854 3219
internal_count=23453 20087 3366 2351 18157 17029 15780 12416 3471 3364 2273 8945 6091 4479 2854 3219
is_linear=0
shrinkage=0.0187118


Tree=179
num_leaves=16
num_cat=0
split_feature=15 52 31 54 10 54 38 52 45 10 9 27 47 52 15
split_gain=5.55683e-05 5.98318e-05 6.54437e-05 5.27855e-05 3.78338e-05 4.8563e-05 5.62807e-05 3.34659e-05 2.26085e-05 2.10026e-05 2.18498e-05 1.92507e-05 1.66281e-05 1.52642e-05 1.20895e-05
threshold=0.028687949702850067 0.34702139794647907 23.500000000000004 -0.77988562135808681 -0.92011278195488699 6.2317938519733387 -0.0016625115394608423 0.17072890755403744 0.0025957181599205463 -1.2509398496240596 -0.19274809160305342 50.980596489855053 49.456457520978113 0.15610382126899061 0.12627434230808759
decision_type=8 2 2 2 2 2 2 2 2 2 10 10 2 2 10
left_child=3 2 -2 -1 5 6 -4 -5 13 10 11 12 14 -7 -8
right_child=1 -3 4 7 -6 8 9 -9 -10 -11 -12 -13 -14 -15 -16
leaf_value=7.0363306729418134e-07 -3.7092932095294731e-06 3.6523871145027878e-06 3.1792962010602133e-06 -1.742986741732257e-06 -2.3969935030775153e-06 7.2064312827735098e-07 1.8365369692257962e-06 -6.4426005123884452e-06 4.8954109734599648e-06 1.2327418704910245e-06 -3.2663965125740124e-06 -2.1078828935415525e-06 -1.7107249292255281e-06 3.5589219816162054e-06 -5.0062005807248976e-07
leaf_weight=1415 1440 1848 1745 1125 1489 1979 1891 1004 1024 1978 1185 1828 1191 998 1313
leaf_count=1415 1440 1848 1745 1125 1489 1979 1891 1004 1024 1978 1185 1828 1191 998 1313
internal_value=6.12638e-08 4.45548e-07 1.17424e-07 -2.09751e-06 4.48961e-07 7.29005e-07 9.34727e-08 -3.95925e-06 2.49709e-06 -4.80229e-07 -9.37607e-07 -4.94152e-07 1.77042e-07 1.67214e-06 8.78769e-07
internal_weight=23453 19909 18061 3544 16621 15132 11131 2129 4001 9386 7408 6223 4395 2977 3204
internal_count=23453 19909 18061 3544 16621 15132 11131 2129 4001 9386 7408 6223 4395 2977 3204
is_linear=0
shrinkage=0.0187118


Tree=180
num_leaves=18
num_cat=0
split_feature=20 27 39 9 30 0 40 51 53 9 1 47 47 38 9 0 48
split_gain=7.00207e-05 7.3809e-05 6.68552e-05 3.90335e-05 3.75164e-05 4.3448e-05 5.15101e-05 4.00737e-05 2.93092e-05 3.11826e-05 2.95108e-05 2.79773e-05 4.244e-05 2.66609e-05 1.94904e-05 1.70582e-05 2.64246e-05
threshold=6.0555984555984566 52.96167894055818 0.0037488317839099454 -0.79484732824427462 18.500000000000004 145.50000000000003 0.0016194342601479896 72.222222222222342 41.150790272187628 -0.30820610687022892 81.406772596776932 103.17460317459597 37.037037037070199 -0.0011983227789026383 -0.42080152671755716 10.500000000000002 42.872663204039256
decision_type=2 10 2 8 2 2 2 2 2 8 2 2 2 2 10 2 2
left_child=2 -2 3 11 5 6 8 14 9 10 -5 12 -1 -10 -6 -15 -17
right_child=1 -3 -4 4 7 -7 -8 -9 13 -11 -12 -13 -14 15 -16 16 -18
leaf_value=2.3036488425764785e-06 5.7278915506543947e-06 -2.1594457567614877e-07 -5.0007139008987065e-06 -2.4775949446177235e-07 1.4369218109634033e-06 -4.6302282994875661e-06 -4.0563227246217911e-06 3.3655073447767662e-06 3.5614826722007408e-06 6.4369196995842398e-07 -4.2203225210050753e-06 4.2361016525694827e-06 -2.3831063945732768e-06 -1.4622634685855031e-06 -2.0215245292760315e-06 -1.1067574597415876e-06 2.9869895976243635e-06
leaf_weight=1915 1469 1457 1018 1139 1023 1071 1372 1592 1009 1818 1540 1024 1046 1438 1290 1001 1231
leaf_count=1915 1469 1457 1018 1139 1023 1071 1372 1592 1009 1818 1540 1024 1046 1438 1290 1001 1231
internal_value=6.01174e-08 2.76816e-06 -3.25898e-07 -8.19608e-08 -5.06023e-07 -1.0393e-06 -6.74689e-07 1.08069e-06 -1.69065e-07 -1.24778e-06 -2.53135e-06 1.57002e-06 6.48009e-07 8.67689e-07 -4.91912e-07 1.27079e-07 1.15104e-06
internal_weight=23453 2926 20527 19509 15524 11619 10548 3905 9176 4497 2679 3985 2961 4679 2313 3670 2232
internal_count=23453 2926 20527 19509 15524 11619 10548 3905 9176 4497 2679 3985 2961 4679 2313 3670 2232
is_linear=0
shrinkage=0.0187118


Tree=181
num_leaves=18
num_cat=0
split_feature=20 55 52 20 13 4 10 20 48 16 53 0 45 52 21 54 27
split_gain=6.79344e-05 8.58048e-05 8.55321e-05 4.45624e-05 3.93218e-05 3.71702e-05 8.67583e-05 5.24913e-05 4.39912e-05 4.28505e-05 3.3027e-05 3.04241e-05 4.81424e-05 2.89758e-05 2.25514e-05 1.67552e-05 1.57956e-05
threshold=2.7312382739212011 40260.000000000007 0.18594821991966429 0.060213074520303438 -0.52891891964507598 -0.42788597433433201 -1.8073308270676689 0.6310612416107384 80.97073446853814 0.47368421052631587 51.145807489798401 51.500000000000007 -0.0020020040080160335 0.16649917098422476 -0.08326279599694579 -1.1001528132439959 553.36319949391702
decision_type=2 2 2 2 10 2 2 2 2 2 2 2 2 2 2 2 8
left_child=3 2 16 -1 -5 6 -6 13 11 -8 -11 12 -9 -7 -14 -16 -2
right_child=1 -3 -4 4 5 7 9 8 -10 10 -12 -13 14 -15 15 -17 -18
leaf_value=-4.1138505436296144e-06 2.5841259050241225e-06 -1.4656692910602608e-06 6.8032555347771599e-06 -3.629103895130017e-06 5.4518817896392483e-06 -1.1474511426369447e-06 -2.728519042584953e-06 3.6466064587271065e-06 3.4341158532042985e-06 -3.1247839104780791e-07 3.8209129488282137e-06 -2.6903824871735018e-06 -2.9442724868489899e-06 -5.6508782345824808e-06 1.2113257476843239e-06 -1.7001323099881419e-06 -6.5980017060670641e-07
leaf_weight=1119 1109 1803 1582 1130 1296 997 1422 1089 1112 1802 1084 1773 1194 1004 1822 1116 999
leaf_count=1119 1109 1803 1582 1130 1296 997 1422 1089 1112 1802 1084 1773 1194 1004 1822 1116 999
internal_value=5.89925e-08 1.87999e-06 3.51474e-06 -4.97954e-07 -2.57695e-07 -1.52094e-08 1.20708e-06 -6.92928e-07 -2.29371e-08 -6.99096e-08 1.24005e-06 -5.72586e-07 1.46596e-07 -3.40704e-06 -7.75841e-07 1.05407e-07 1.0468e-06
internal_weight=23453 5493 3690 17960 16841 15711 5604 10107 8106 4308 2886 6994 5221 2001 4132 2938 2108
internal_count=23453 5493 3690 17960 16841 15711 5604 10107 8106 4308 2886 6994 5221 2001 4132 2938 2108
is_linear=0
shrinkage=0.0187118


Tree=182
num_leaves=19
num_cat=0
split_feature=20 7 20 19 24 5 52 0 40 50 47 27 48 1 51 27 29 22
split_gain=6.60991e-05 7.10986e-05 5.65944e-05 5.55247e-05 4.72564e-05 4.66596e-05 6.22124e-05 3.9857e-05 8.01525e-05 7.27605e-05 4.48854e-05 3.744e-05 2.87908e-05 2.56845e-05 2.16972e-05 2.08073e-05 1.92139e-05 1.81506e-05
threshold=0.064796071375018763 0.027136262818297039 0.495432932932933 0.37181013041414351 -5000.7499999999991 -0.18957549747067098 0.20672081706403328 14.500000000000002 -0.001853569710712599 33.33333333333335 6.7797389225960965 58.513965333699865 63.062344496448333 82.217445856116157 72.222222222222001 6.8901637478000595 12.500000000000002 -0.83556345237050678
decision_type=2 10 2 2 10 2 2 2 2 2 2 10 2 2 2 10 2 10
left_child=-1 -2 5 4 -4 -3 14 8 -6 11 16 -9 -5 15 -7 17 -10 -11
right_child=1 2 3 12 7 6 -8 9 10 13 -12 -13 -14 -15 -16 -17 -18 -19
leaf_value=-4.3069247799362132e-06 4.7348418606919325e-06 9.8431046081367476e-07 -3.3837931346178771e-06 1.3197267126377347e-06 6.4026671687237524e-06 -2.8105986278751329e-06 -6.7123357741400184e-06 -9.8240525892761556e-07 3.5175605802828312e-06 2.7829599715707622e-06 -1.8866225589330379e-06 -5.4046705481806133e-06 5.5317392009667185e-06 3.5742636297801575e-06 5.7008614279201315e-07 -1.8436241882493238e-06 1.7284362418336542e-07 -6.0825354412540196e-07
leaf_weight=1225 1128 1546 1294 1304 995 1564 1063 1517 1411 1213 1665 1201 1007 1011 1156 1170 1048 1015
leaf_count=1225 1128 1546 1294 1304 995 1564 1063 1517 1411 1213 1665 1201 1007 1011 1156 1170 1048 1015
internal_value=-7.50063e-08 1.57381e-07 -8.64043e-08 4.74429e-07 1.68971e-08 -1.75459e-06 -2.8739e-06 3.76239e-07 1.63584e-06 -5.28473e-07 4.8574e-07 -2.93647e-06 3.15508e-06 9.55974e-07 -1.37381e-06 1.76959e-07 2.09208e-06 1.23804e-06
internal_weight=23533 22308 21180 15851 13540 5329 3783 12246 5119 7127 4124 2718 2311 4409 2720 3398 2459 2228
internal_count=23533 22308 21180 15851 13540 5329 3783 12246 5119 7127 4124 2718 2311 4409 2720 3398 2459 2228
is_linear=0
shrinkage=0.0187118


Tree=183
num_leaves=18
num_cat=0
split_feature=9 20 52 19 1 17 4 40 15 40 55 54 19 52 15 1 55
split_gain=6.41906e-05 7.68372e-05 0.000126125 6.74302e-05 5.23037e-05 7.70017e-05 3.73722e-05 3.20762e-05 4.01457e-05 3.79099e-05 3.12361e-05 1.7879e-05 1.62154e-05 1.46952e-05 1.15394e-05 1.36114e-05 1.12305e-05
threshold=-0.79484732824427462 0.504902431990772 0.20672081706403328 0.37181013041414351 48.435431562991141 -0.092408794359439453 -0.0037275990728701442 0.0015209134270631754 0.22665899791729921 -0.0015661716730196449 15313.500000000002 1.9178075097000182 0.16575097684603082 0.24870785137133392 0.087298240403126934 41.438372016719619 18399.500000000004
decision_type=10 2 2 2 2 8 2 2 10 2 2 2 2 2 10 2 2
left_child=4 2 10 6 -1 12 7 8 9 -3 -2 -12 -6 14 16 -16 -11
right_child=1 3 -4 -5 5 -7 -8 -9 -10 13 11 -13 -14 -15 15 -17 -18
leaf_value=-7.9214045919670013e-07 -2.4384670212065335e-06 2.9094708708869903e-06 -6.9017189842800305e-06 3.4942487213512755e-06 -1.6000896945482075e-07 7.5313938029092236e-06 3.0047223313861581e-06 -3.5580102429046818e-06 -3.0373505180172187e-06 2.1867635233923832e-06 -7.9561406187251321e-07 2.7243500488675097e-06 2.9795386818223293e-06 -2.4651555060582067e-06 6.4549070089678167e-07 -2.1585635220075991e-06 -3.6599909938536996e-07
leaf_weight=1790 1758 1504 1586 1852 1233 995 1048 1216 1569 1222 1006 1015 1081 1017 1102 1347 1192
leaf_count=1790 1758 1504 1586 1852 1233 995 1048 1216 1569 1222 1006 1015 1081 1017 1102 1347 1192
internal_value=-7.36028e-08 -5.87582e-07 -2.47309e-06 1.86444e-07 1.78454e-06 3.1784e-06 -3.59696e-07 -7.06428e-07 -3.19125e-07 2.58461e-07 -6.14448e-07 9.72204e-07 1.30665e-06 -4.1962e-07 8.1631e-09 -8.96795e-07 9.26243e-07
internal_weight=23533 18434 5365 13069 5099 3309 11217 10169 8953 7384 3779 2021 2314 5880 4863 2449 2414
internal_count=23533 18434 5365 13069 5099 3309 11217 10169 8953 7384 3779 2021 2314 5880 4863 2449 2414
is_linear=0
shrinkage=0.0187118


Tree=184
num_leaves=19
num_cat=0
split_feature=20 7 20 0 38 3 4 0 16 8 48 45 17 52 0 52 3 50
split_gain=6.30875e-05 6.8194e-05 5.25358e-05 4.92044e-05 8.37323e-05 4.50727e-05 4.17468e-05 3.07613e-05 2.53679e-05 2.65268e-05 2.50452e-05 2.38855e-05 2.33257e-05 3.27685e-05 3.14211e-05 2.47912e-05 2.11799e-05 2.09074e-05
threshold=0.064796071375018763 0.027136262818297039 0.495432932932933 209.50000000000003 -0.0031670645348954025 0.1980181358074857 -0.42788597433433201 8.5000000000000018 0.54605263157894746 0.049999999999998941 55.139480652947519 -0.0015163010990021928 -0.129571253035312 0.14691847117708065 29.500000000000004 0.16006200980754209 -0.090237084005924048 66.666666666669911
decision_type=2 10 2 2 2 2 2 2 2 10 2 2 10 2 2 2 2 2
left_child=-1 -2 5 4 -4 7 -6 -3 9 12 11 -10 13 16 -15 -14 -8 -9
right_child=1 2 3 -5 6 -7 8 17 10 -11 -12 -13 15 14 -16 -17 -18 -19
leaf_value=-4.2066136832196647e-06 4.6377899869073304e-06 -3.0494871361307536e-06 5.5615222530764661e-06 -3.5106331600273032e-06 3.8340216619970702e-06 -4.3183650114696826e-06 -1.5050396770413613e-06 -7.793789645923504e-07 2.0315285899100651e-06 -3.0206608707237523e-06 3.5907769243219887e-06 -1.8581518502347301e-06 -2.779700264769042e-07 -4.0608061837947475e-06 -5.6580708207340962e-08 3.7018202036130909e-06 1.8149011399526965e-06 2.6895328783971935e-06
leaf_weight=1225 1128 1188 1158 1024 1090 1600 1039 1532 1189 1257 1186 1033 1201 1471 1286 1008 1909 1009
leaf_count=1225 1128 1188 1158 1024 1090 1600 1039 1532 1189 1257 1186 1033 1201 1471 1286 1008 1909 1009
internal_value=-7.22256e-08 1.54806e-07 -8.39476e-08 4.56402e-07 7.30379e-07 -1.69121e-06 3.21097e-07 -5.63974e-07 1.6694e-08 -4.95549e-07 1.39515e-06 2.23229e-07 -9.44792e-08 -7.26608e-07 -2.19304e-06 1.53807e-06 6.44813e-07 5.98082e-07
internal_weight=23533 22308 21180 15851 14827 5329 13669 3729 12579 9171 3408 2222 7914 5705 2757 2209 2948 2541
internal_count=23533 22308 21180 15851 14827 5329 13669 3729 12579 9171 3408 2222 7914 5705 2757 2209 2948 2541
is_linear=0
shrinkage=0.0187118


Tree=185
num_leaves=18
num_cat=0
split_feature=9 39 1 17 15 31 17 52 28 13 54 51 51 0 17 19 53
split_gain=6.13638e-05 7.52091e-05 5.02925e-05 7.29069e-05 3.49419e-05 3.40739e-05 4.07235e-05 4.24182e-05 2.36763e-05 2.86618e-05 2.16096e-05 2.50971e-05 1.743e-05 2.0875e-05 1.6416e-05 1.56125e-05 1.48771e-05
threshold=-0.79484732824427462 0.0026315835034340655 48.435431562991141 -0.092408794359439453 0.33011015141539907 22.500000000000004 -0.11775182118720924 0.22508606901608166 0.98039215686274483 -0.39038193945337418 11.9059997273169 29.629629629629743 42.592592592595373 15.500000000000002 -0.31512024223984075 0.16575097684603082 33.222182951957016
decision_type=10 2 2 8 10 2 10 2 2 10 2 2 2 2 10 2 2
left_child=2 4 -1 15 5 -2 8 12 9 -7 11 -11 13 -8 -13 -4 -16
right_child=1 -3 3 -5 -6 6 7 -9 -10 10 -12 14 -14 -15 16 -17 -18
leaf_value=-7.8076039912930321e-07 -3.2493010997501246e-06 -4.9433223334442647e-06 -1.4774446498828005e-07 7.348361661937759e-06 -3.5571916741118754e-06 -2.7896478400418077e-06 1.3714537029921554e-06 4.5005708631270757e-06 -2.9172037266154198e-06 -2.5918837976474801e-06 2.3254250166637582e-06 -9.7892362140478295e-07 2.0328808850841439e-06 -2.3005466800830026e-06 3.0749990175892176e-06 2.9328851331546772e-06 2.8640741411760181e-07
leaf_weight=1790 1075 1283 1233 995 1048 1238 1047 1285 1239 1233 1461 1847 1625 1124 1037 1081 1892
leaf_count=1790 1075 1283 1233 995 1048 1238 1047 1285 1239 1233 1461 1847 1625 1124 1037 1081 1892
internal_value=-7.08741e-08 -5.73409e-07 1.7459e-06 3.11269e-06 -2.46512e-07 -3.10498e-08 1.99162e-07 1.56205e-06 -4.9701e-07 -1.52658e-07 2.84369e-07 -2.11883e-07 5.67315e-07 -5.29664e-07 4.02551e-07 1.29139e-06 1.2737e-06
internal_weight=23533 18434 5099 3309 17151 16103 15028 5081 9947 8708 7470 6009 3796 2171 4776 2314 2929
internal_count=23533 18434 5099 3309 17151 16103 15028 5081 9947 8708 7470 6009 3796 2171 4776 2314 2929
is_linear=0
shrinkage=0.0187118


Tree=186
num_leaves=18
num_cat=0
split_feature=20 17 8 45 48 20 4 8 43 55 22 11 3 13 3 19 17
split_gain=6.02891e-05 6.60813e-05 5.30582e-05 3.99023e-05 3.90923e-05 3.98772e-05 4.59368e-05 3.47564e-05 2.49848e-05 2.06652e-05 2.31592e-05 2.27045e-05 2.24719e-05 2.69897e-05 2.03393e-05 1.2072e-05 1.35541e-05
threshold=0.064796071375018763 -0.69970890260671126 0.55000000000000082 -0.0037094284842828502 77.168273064035063 1.0997237569060776 -0.4591730736615976 0.099999999999996106 0.002010052281560815 -2097.4999999999995 -0.69789564505279156 -0.5353053435114502 -0.33838439903660744 -0.28205621083176041 0.35505492088425455 -0.10420091921289297 -0.11469273865597845
decision_type=2 10 10 2 2 2 2 10 2 2 8 10 2 10 2 2 10
left_child=-1 -2 3 -3 7 6 -6 8 9 -5 12 -12 -11 -14 15 -15 -17
right_child=1 2 -4 4 5 -7 -8 -9 -10 10 11 -13 13 14 -16 16 -18
leaf_value=-4.1111987991983388e-06 4.8049533008794203e-06 3.0324093482256593e-06 -4.2325782818516249e-06 -2.3675621011702372e-06 2.2738467672926461e-06 4.0827996223547745e-06 -2.9549856198418911e-06 -3.6052666439638971e-06 -2.8799902740104935e-06 1.8023358188118764e-06 -5.4245140580429887e-07 2.9667449444600455e-06 -2.989622000697122e-06 -2.0339552642544812e-06 2.1934711160115841e-06 -8.963485117183751e-07 1.7562369009529238e-06
leaf_weight=1225 1020 1542 1021 1191 1435 1413 997 1187 1172 1519 1010 1789 1442 1510 1076 1954 1030
leaf_count=1225 1020 1542 1021 1191 1435 1413 997 1187 1172 1519 1010 1789 1442 1510 1076 1954 1030
internal_value=-6.95479e-08 1.52391e-07 -7.0533e-08 1.3914e-07 -9.91198e-08 1.58279e-06 1.30282e-07 -5.33728e-07 -2.67466e-07 -2.29264e-08 2.2354e-07 1.70047e-06 -2.61039e-07 -7.08025e-07 -1.17349e-07 -6.7063e-07 1.92548e-08
internal_weight=23533 22308 21288 20267 18725 3845 2432 14880 13693 12521 11330 2799 8531 7012 5570 4494 2984
internal_count=23533 22308 21288 20267 18725 3845 2432 14880 13693 12521 11330 2799 8531 7012 5570 4494 2984
is_linear=0
shrinkage=0.0187118


Tree=187
num_leaves=19
num_cat=0
split_feature=20 7 20 19 38 54 52 24 54 4 8 48 0 51 47 0 18 52
split_gain=5.80539e-05 6.43334e-05 5.00065e-05 5.05201e-05 4.47416e-05 4.43154e-05 6.938e-05 4.36606e-05 3.80799e-05 3.71387e-05 3.36186e-05 1.60291e-05 1.5877e-05 1.84736e-05 2.0834e-05 1.89706e-05 8.72307e-06 8.41339e-06
threshold=0.064796071375018763 0.027136262818297039 0.495432932932933 0.37181013041414351 -0.0031670645348954025 3.8299529734190316 0.20401921502516154 -749.99999999999272 1.0165795564278388 -0.60816043869071168 0.050000000000002494 82.189741331406324 2.5000000000000004 44.444444444442858 35.714285714329954 23.500000000000004 0.0027853909723144755 0.15697612538958594
decision_type=2 10 2 2 2 2 2 10 2 2 10 2 2 2 2 2 8 2
left_child=-1 -2 5 4 -4 6 16 -6 -5 -7 11 12 -9 15 17 -14 -3 -15
right_child=1 2 3 8 7 9 -8 10 -10 -11 -12 -13 13 14 -16 -17 -18 -19
leaf_value=-4.0342707982984807e-06 4.5037778594930327e-06 7.7434141124362356e-08 3.5524920863096386e-06 6.1126841508143329e-07 -2.9907669555646041e-06 2.5557030770641949e-06 -7.1579501958359129e-06 2.2148223350770018e-06 5.4152268419553783e-06 -2.2918837381686571e-06 -2.6649026959198674e-06 2.6041486570699276e-06 3.5830811737225291e-07 8.4540463836171566e-07 -8.7855160068614023e-07 -2.4297825276445733e-06 -2.3373425903777443e-06 3.244514841157839e-06
leaf_weight=1225 1128 1017 1142 1161 1825 1221 999 1219 1150 1012 1308 1153 1659 1004 1424 1762 1080 1044
leaf_count=1225 1128 1017 1142 1161 1825 1221 999 1219 1150 1012 1308 1153 1659 1004 1424 1762 1080 1044
internal_value=-6.82466e-08 1.4954e-07 -8.23572e-08 4.44825e-07 8.39857e-09 -1.65045e-06 -3.0996e-06 -3.18053e-07 3.00182e-06 3.58766e-07 1.43282e-07 5.39732e-07 2.46305e-07 -1.01819e-07 8.59736e-07 -1.07771e-06 -1.16623e-06 2.06839e-06
internal_weight=23533 22308 21180 15851 13540 5329 3096 12398 2311 2233 10573 9265 8112 6893 3472 3421 2097 2048
internal_count=23533 22308 21180 15851 13540 5329 3096 12398 2311 2233 10573 9265 8112 6893 3472 3421 2097 2048
is_linear=0
shrinkage=0.0187118


Tree=188
num_leaves=19
num_cat=0
split_feature=9 39 1 17 18 41 55 41 22 20 52 20 0 30 47 31 21 55
split_gain=5.8163e-05 7.09342e-05 4.86191e-05 6.89005e-05 4.36937e-05 6.79588e-05 4.38342e-05 5.40801e-05 3.82176e-05 3.00048e-05 2.9544e-05 2.79757e-05 2.50066e-05 2.2011e-05 1.85384e-05 1.45222e-05 7.88495e-06 8.22281e-06
threshold=-0.79484732824427462 0.0026315835034340655 48.435431562991141 -0.092408794359439453 -0.068825591301407654 -0.0020920502092049427 12703.500000000002 -0.0014114333070370242 -0.69789564505279156 0.56155740810913235 0.19659859071422126 1.6556466302367945 77.500000000000014 17.500000000000004 35.714285714273871 132.50000000000003 -0.10607986317835987 36587.000000000007
decision_type=10 2 2 8 10 2 2 2 8 2 2 2 2 2 2 2 2 2
left_child=2 4 -1 15 6 -6 7 -2 9 -7 12 14 16 -11 -9 -4 -8 -18
right_child=1 -3 3 -5 5 8 10 11 -10 13 -12 -13 -14 -15 -16 -17 17 -19
leaf_value=-7.8248086194794501e-07 5.5055704938976193e-06 -4.8001234523360416e-06 2.6812467817241903e-06 7.1632936722466463e-06 -5.895838076447025e-06 -4.0149596009782727e-06 -2.0416355354613648e-06 9.9679173719205257e-07 2.1776868763361465e-06 -2.2198968174075426e-06 -2.69782352854087e-06 2.9770127305402874e-06 2.2673379537100256e-06 1.5853137330046221e-06 -2.3909483268188505e-06 -2.8757627661162727e-07 1.1529162146101807e-06 -9.2653633061563076e-07
leaf_weight=1790 1077 1283 1218 995 1045 1205 1013 1271 1253 1066 1659 1242 1440 1063 1019 1096 1092 1706
leaf_count=1790 1077 1283 1218 995 1045 1205 1013 1271 1253 1066 1659 1242 1440 1063 1019 1096 1092 1706
internal_value=-6.69696e-08 -5.56223e-07 1.70179e-06 3.04565e-06 -2.38753e-07 -1.58945e-06 4.21643e-07 1.835e-06 -6.08372e-07 -1.65544e-06 -5.21069e-07 7.15741e-07 1.66654e-07 -3.19971e-07 -5.10677e-07 1.2751e-06 -6.27096e-07 -1.14969e-07
internal_weight=23533 18434 5099 3309 17151 5632 11519 4609 4587 3334 6910 3532 5251 2129 2290 2314 3811 2798
internal_count=23533 18434 5099 3309 17151 5632 11519 4609 4587 3334 6910 3532 5251 2129 2290 2314 3811 2798
is_linear=0
shrinkage=0.0187118


Tree=189
num_leaves=18
num_cat=0
split_feature=9 20 52 19 1 0 27 0 40 0 36 23 18 10 26 31 9
split_gain=6.21497e-05 7.79959e-05 0.000141315 8.40297e-05 6.14727e-05 7.26275e-05 5.42836e-05 3.77855e-05 5.73281e-05 3.52506e-05 3.01788e-05 2.47165e-05 2.42064e-05 1.81607e-05 1.72379e-05 5.27513e-06 4.90132e-06
threshold=-0.79484732824427462 0.6310612416107384 0.20672081706403328 0.37181013041414351 48.435431562991141 37.500000000000007 -1.2930258199145361 145.50000000000003 -0.0030287741185823776 4.5000000000000009 0.0010531861793577903 0.049999999999998941 -0.073185908515321654 -1.2509398496240596 -0.003997887547725106 161.50000000000003 -0.38835877862595414
decision_type=10 2 2 2 2 2 10 2 2 2 2 10 8 2 8 2 10
left_child=4 2 9 7 -1 6 -6 8 -3 -2 11 13 -11 14 15 -10 -14
right_child=1 3 -4 -5 5 -7 -8 -9 10 12 -12 -13 16 -15 -16 -17 -18
leaf_value=-9.6405150805382097e-07 -3.2909389967573683e-06 4.2869147768714425e-06 -6.5109749407251756e-06 4.4039166126581429e-06 -1.8384385485645613e-06 7.3427394005542075e-06 3.9997006289859982e-06 -3.7121225480303387e-06 8.7324860276951913e-07 2.3698705902975955e-06 -3.2483151689783974e-06 1.8431059329671099e-06 1.1705120112883613e-07 1.2144062910666886e-06 -2.6016555165993194e-06 -1.0501806179727174e-06 -1.7328014477767371e-06
leaf_weight=1823 1124 1031 1876 1569 1001 1064 1259 994 1002 1446 1120 1964 1005 1386 1823 995 1001
leaf_count=1823 1124 1031 1876 1569 1001 1064 1259 994 1002 1446 1120 1964 1005 1386 1823 995 1001
internal_value=-1.96417e-08 -5.29658e-07 -2.18594e-06 3.69561e-07 1.79727e-06 3.31168e-06 1.41387e-06 -2.44099e-07 1.25734e-07 -4.12823e-07 -3.91778e-07 5.44316e-08 5.24315e-07 -6.20358e-07 -1.28606e-06 -8.50936e-08 -8.06029e-07
internal_weight=23483 18336 6452 11884 5147 3324 2260 10315 9321 4576 8290 7170 3452 5206 3820 1997 2006
internal_count=23483 18336 6452 11884 5147 3324 2260 10315 9321 4576 8290 7170 3452 5206 3820 1997 2006
is_linear=0
shrinkage=0.0187118


Tree=190
num_leaves=17
num_cat=0
split_feature=20 31 31 1 9 39 20 4 27 31 31 1 31 9 20 3
split_gain=6.12308e-05 9.94189e-05 8.26279e-05 7.81696e-05 5.07153e-05 6.04807e-05 2.46952e-05 2.41992e-05 4.16814e-05 2.30766e-05 3.28854e-05 3.33384e-05 2.83761e-05 2.71074e-05 2.65381e-05 2.65309e-05
threshold=5.2444001991040325 20.500000000000004 193.50000000000003 82.217445856116157 -0.79484732824427462 0.0021108185297564756 2.4921855921855927 -0.50216236078919085 -8.116330460902434 234.50000000000003 125.50000000000001 142.98807776211473 93.500000000000014 -0.43034351145038163 0.63960366755397813 0.15295704075749253
decision_type=2 2 2 2 10 2 2 2 10 2 2 2 2 10 2 2
left_child=1 -1 3 -2 7 6 9 -3 -9 10 12 14 15 -13 -12 -6
right_child=2 4 -4 -5 5 -7 -8 8 -10 -11 11 13 -14 -15 -16 -17
leaf_value=-5.4132352811017944e-06 1.2060439745578129e-06 3.8029278148938458e-06 -1.6060660781103552e-06 8.2969518687393808e-06 5.102345687047144e-07 -4.5894652773264389e-06 1.8371012831483742e-06 -2.0714171958594737e-06 2.626150403838639e-06 1.7155812401173647e-06 -2.5092427787602769e-06 -1.4856131526283533e-06 2.1698979354892644e-06 -5.6347579767301677e-06 8.1555803290578992e-07 -3.2562909145566424e-06
leaf_weight=1302 1182 1366 1219 1009 1832 1210 1771 1098 1663 1404 1500 1083 1790 1123 1912 1019
leaf_count=1302 1182 1366 1219 1009 1832 1210 1771 1098 1663 1404 1500 1083 1790 1123 1912 1019
internal_value=-1.92742e-08 -4.13092e-07 2.29894e-06 4.47155e-06 -6.62701e-08 -5.82602e-07 -2.21704e-07 1.76585e-06 7.58011e-07 -5.34329e-07 -8.42242e-07 -1.80514e-06 3.23358e-07 -3.5978e-06 -6.46106e-07 -8.3599e-07
internal_weight=23483 20073 3410 2191 18771 14644 13434 4127 2761 11663 10259 5618 4641 2206 3412 2851
internal_count=23483 20073 3410 2191 18771 14644 13434 4127 2761 11663 10259 5618 4641 2206 3412 2851
is_linear=0
shrinkage=0.0187118


Tree=191
num_leaves=19
num_cat=0
split_feature=20 31 31 1 15 18 41 54 31 30 52 1 19 13 19 1 55 19
split_gain=5.89607e-05 9.57331e-05 7.95646e-05 7.52716e-05 4.74022e-05 3.19963e-05 7.3478e-05 5.28144e-05 4.74474e-05 4.38932e-05 6.99639e-05 4.18662e-05 3.76775e-05 3.47209e-05 3.14208e-05 2.85915e-05 1.83677e-05 7.42619e-06
threshold=5.2444001991040325 20.500000000000004 193.50000000000003 82.217445856116157 0.024870211233971599 -0.20548674866388839 -0.0016625115394608423 4.990138795075362 112.50000000000001 18.500000000000004 0.18015889627939699 715.18577214023014 0.096469916950116655 -0.022240500547431773 0.31227700437951361 114.0596403647058 13946.500000000002 0.013010486821890767
decision_type=2 2 2 2 8 10 2 2 2 2 2 2 2 10 2 2 2 2
left_child=1 -1 3 -2 15 6 -6 8 -8 10 -10 13 -9 14 16 -3 -7 -18
right_child=2 4 -4 -5 5 11 7 12 9 -11 -12 -13 -14 -15 -16 -17 17 -19
leaf_value=-5.311943787866444e-06 1.1834766900969979e-06 -1.9866279826167547e-07 -1.5760136700246887e-06 8.1417008263135679e-06 5.6560166489532839e-06 -1.4562464731724049e-06 2.4004586107871792e-06 3.1921270365207976e-07 -5.0329572574057358e-07 1.5071999260616054e-06 -6.5549596538844125e-06 -3.7127923164591595e-06 5.2749280385812911e-06 -2.4909859233015673e-06 3.4199701238061645e-06 -4.1916163017152079e-06 2.8645027245390608e-08 2.3124909639609977e-06
leaf_weight=1302 1182 1120 1219 1009 1080 1750 1396 1028 1714 1126 1097 1244 1125 1466 1202 1429 997 997
leaf_count=1302 1182 1120 1219 1009 1080 1750 1396 1028 1714 1126 1097 1244 1125 1466 1202 1429 997 997
internal_value=-1.89135e-08 -4.05362e-07 2.25592e-06 4.38788e-06 -6.50301e-08 3.07708e-07 1.09335e-06 4.351e-07 -5.63527e-07 -1.61451e-06 -2.86497e-06 -5.71318e-07 2.90871e-06 3.81628e-08 7.87806e-07 -2.43716e-06 -5.72418e-08 1.17057e-06
internal_weight=23483 20073 3410 2191 18771 16222 8566 7486 5333 3937 2811 7656 2153 6412 4946 2549 3744 1994
internal_count=23483 20073 3410 2191 18771 16222 8566 7486 5333 3937 2811 7656 2153 6412 4946 2549 3744 1994
is_linear=0
shrinkage=0.0187118


Tree=192
num_leaves=18
num_cat=0
split_feature=9 20 52 19 1 31 4 7 31 27 40 31 31 50 27 49 17
split_gain=5.82885e-05 7.3109e-05 0.000132772 7.07765e-05 5.89615e-05 6.72276e-05 3.28731e-05 2.90261e-05 3.85113e-05 4.00889e-05 2.86028e-05 2.6107e-05 2.54912e-05 2.06282e-05 2.89033e-05 1.62523e-05 1.55286e-05
threshold=-0.79484732824427462 0.56155740810913235 0.20672081706403328 0.37181013041414351 48.435431562991141 132.50000000000003 -0.0037275990728701442 0.17719675365825557 41.500000000000007 58.513965333699865 -0.0011983227789026383 198.50000000000003 126.50000000000001 49.99999999999855 2934.8175888172191 96.870754563725953 -0.28832721394927002
decision_type=10 2 2 2 2 2 2 10 2 10 2 2 2 2 10 2 10
left_child=4 2 11 6 -1 -6 7 -3 -9 10 -10 12 16 14 -11 -12 -2
right_child=1 3 -4 -5 5 -7 -8 8 9 13 15 -13 -14 -15 -16 -17 -18
leaf_value=-9.6332613719583783e-07 -1.6584781665225411e-06 2.0220017068732765e-06 -6.6239742035058499e-06 3.8753341843980304e-06 5.5951398734234404e-06 2.3746496332906668e-07 2.9031155703532036e-06 -4.3164573631849942e-06 3.0693716531927726e-06 -5.3958159029783099e-06 -1.4583966725331237e-06 2.1983680519140801e-06 -3.5188370566164539e-06 -7.7102559745177474e-08 -9.6030643148301786e-07 1.3701374977107987e-06 1.6211863331468307e-06
leaf_weight=1823 1005 1288 1710 1676 1853 1471 1041 1067 1244 1044 1757 1004 1129 1145 1014 1195 1017
leaf_count=1823 1005 1288 1710 1676 1853 1471 1041 1067 1244 1044 1757 1004 1129 1145 1014 1195 1017
internal_value=-1.85596e-08 -5.12478e-07 -2.2354e-06 2.97797e-07 1.74101e-06 3.22416e-06 -2.57641e-07 -5.94974e-07 -9.93116e-07 -5.13861e-07 6.89516e-07 -4.29272e-07 -1.26652e-06 -2.09031e-06 -3.21039e-06 -3.13376e-07 -8.91266e-09
internal_weight=23483 18336 5865 12471 5147 3324 10795 9754 8466 7399 4196 4155 3151 3203 2058 2952 2022
internal_count=23483 18336 5865 12471 5147 3324 10795 9754 8466 7399 4196 4155 3151 3203 2058 2952 2022
is_linear=0
shrinkage=0.0187118


Tree=193
num_leaves=18
num_cat=0
split_feature=9 39 1 22 18 39 55 17 49 52 54 16 42 7 22 7 45
split_gain=5.61275e-05 5.78542e-05 5.67756e-05 4.77657e-05 3.67365e-05 7.63828e-05 4.57386e-05 5.31994e-05 3.49782e-05 5.47587e-05 3.06259e-05 2.3401e-05 2.35819e-05 2.29056e-05 1.50742e-05 1.46869e-05 1.1841e-05
threshold=-0.79484732824427462 0.0026315835034340655 48.435431562991141 -0.93499020209996775 -0.20548674866388839 -0.0020171462517496459 16751.500000000004 -0.078285450981539426 99.885259763333792 0.18621922877603661 1.0000000180025095e-35 0.5413533834586467 0.0015186037608793115 0.57918899066712759 -0.86257733077674459 0.18076679340937898 -0.0012247402020783558
decision_type=10 2 2 10 10 2 2 8 2 2 2 2 2 10 10 10 2
left_child=2 4 -1 -4 6 -6 7 13 9 14 -5 12 15 -2 -8 -7 -17
right_child=1 -3 3 10 5 11 8 -9 -10 -11 -12 -13 -14 -15 -16 16 -18
leaf_value=-9.4530057225265906e-07 -3.6679306758328168e-07 -4.38882992760685e-06 6.2133633601669533e-06 3.8833708166937149e-06 -5.359316111543299e-06 1.4962622964839012e-06 1.6343080556506616e-06 5.7767093027024065e-06 1.7753894688494776e-06 -5.3179197363279677e-06 -5.8415947689113585e-07 1.4189062202702645e-06 -3.4199562062032519e-06 3.1057660015549698e-06 -1.5002284248793496e-06 4.7670794046849056e-07 -1.9110314263716326e-06
leaf_weight=1823 1922 1250 1167 1013 1252 1108 1005 1030 1461 1011 1144 1917 1109 1017 1154 1165 1935
leaf_count=1823 1922 1250 1167 1013 1252 1108 1005 1030 1461 1011 1144 1917 1109 1017 1154 1165 1935
internal_value=-1.82123e-08 -5.02889e-07 1.70843e-06 3.16383e-06 -2.18596e-07 -1.09205e-06 6.43284e-07 2.11731e-06 -6.20029e-07 -1.72404e-06 1.51394e-06 -3.53512e-07 -9.92543e-07 8.34837e-07 -4.11215e-08 -3.52808e-07 -1.0137e-06
internal_weight=23483 18336 5147 3324 17086 8486 8600 3969 4631 3170 2157 7234 5317 2939 2159 4208 3100
internal_count=23483 18336 5147 3324 17086 8486 8600 3969 4631 3170 2157 7234 5317 2939 2159 4208 3100
is_linear=0
shrinkage=0.0187118


Tree=194
num_leaves=20
num_cat=0
split_feature=20 31 1 53 11 52 18 1 20 19 31 31 1 31 11 31 10 20 53
split_gain=5.71597e-05 6.95823e-05 7.96297e-05 8.58637e-05 5.81178e-05 0.000104763 7.37542e-05 5.33171e-05 5.10738e-05 3.66414e-05 3.20328e-05 3.42103e-05 3.1127e-05 3.03222e-05 2.99372e-05 2.90797e-05 2.75482e-05 2.27161e-05 9.60048e-06
threshold=1.3887119603680118 192.50000000000003 81.037091957401444 36.581540514232408 -0.82729007633587781 0.19659859071422126 0.4446873900725174 131.74414484993991 0.45796355925547794 -0.1145122257509925 229.50000000000003 126.50000000000001 114.0596403647058 89.500000000000014 -0.51049618320610668 89.500000000000014 -1.3543233082706763 5.0893882646691644 51.145807489798401
decision_type=2 2 2 2 10 2 8 2 2 2 2 2 2 2 10 2 2 2 2
left_child=4 2 13 -4 7 10 8 -1 -7 16 11 14 18 17 -6 -16 -3 -2 -13
right_child=1 9 3 -5 5 6 -8 -9 -10 -11 -12 12 -14 -15 15 -17 -18 -19 -20
leaf_value=-7.6838289686579285e-07 -2.9513075256704385e-06 -4.7689611719093554e-06 7.1640008109609992e-07 7.0554066809386827e-06 2.9475316772144816e-06 -9.4185729156507915e-06 -9.6754715950248358e-07 4.3333062488257736e-06 -3.4366126339046933e-06 1.657266765759057e-06 2.9660955991880871e-06 -2.1458925898757814e-06 -4.7056932460241531e-06 2.7727565241873292e-06 -2.8629002104672791e-06 1.5538649287636024e-06 -4.4643909263344994e-07 9.2474954157909562e-07 2.9923984369054677e-07
leaf_weight=1546 1115 1037 1287 1787 1288 995 1542 1338 1004 1064 1003 996 1013 1053 1056 1032 1028 1008 1291
leaf_count=1546 1115 1037 1287 1787 1288 995 1542 1338 1004 1064 1003 996 1013 1053 1056 1032 1028 1008 1291
internal_value=-1.78715e-08 1.11421e-06 2.25459e-06 4.40144e-06 -7.70691e-07 -1.37967e-06 -4.04231e-06 1.59849e-06 -6.41413e-06 -1.16364e-06 -1.51852e-07 -6.20292e-07 -1.97511e-06 1.76685e-07 7.04025e-07 -6.799e-07 -2.61712e-06 -1.11096e-06 -7.65626e-07
internal_weight=23483 9379 6250 3074 14104 11220 3541 2884 1999 3129 7679 6676 3300 3176 3376 2088 2065 2123 2287
internal_count=23483 9379 6250 3074 14104 11220 3541 2884 1999 3129 7679 6676 3300 3176 3376 2088 2065 2123 2287
is_linear=0
shrinkage=0.0187118


Tree=195
num_leaves=18
num_cat=0
split_feature=20 31 9 52 20 20 31 16 4 13 51 31 27 31 19 48 20
split_gain=5.54948e-05 7.85046e-05 6.57143e-05 6.05786e-05 6.73382e-05 4.7574e-05 6.57996e-05 3.98284e-05 3.44235e-05 4.31903e-05 3.43198e-05 2.92819e-05 2.70121e-05 1.68524e-05 4.13904e-05 1.84848e-05 1.5521e-05
threshold=2.4353400222965447 227.50000000000003 -0.77290076335877844 0.19659859071422126 0.24619250096637033 10.577380952380954 64.500000000000014 0.47650375939849626 -0.6138843348973938 -0.037426338521061003 38.888888888892275 234.50000000000003 -3.3884387005213106 126.50000000000001 -0.095293485085852211 50.012865529348908 0.64719012605042037
decision_type=2 2 10 2 2 2 2 2 2 8 2 2 10 2 2 2 2
left_child=2 5 8 11 -5 6 -2 -6 -1 12 -8 13 -10 15 -15 -4 -16
right_child=1 -3 3 4 7 -7 10 -9 9 -11 -12 -13 -14 14 16 -17 -18
leaf_value=4.0226842118918859e-06 -1.6804573904174916e-06 -2.9201647791585292e-06 -1.159535516199598e-06 -7.3364276410116293e-06 -4.4181128439623143e-06 5.6227859040949942e-06 1.2565991952822455e-06 -8.1736972561765092e-08 -1.6801350852106685e-07 -2.6594476541023789e-06 5.9978246703235652e-06 2.6288486497071733e-06 4.0876157162596439e-06 -4.8425880773549922e-06 -1.7648739253951483e-06 1.515905781383392e-06 8.1231386556174393e-07
leaf_weight=1268 1418 1124 1775 994 1204 1305 1122 1931 1051 1082 1021 1022 1038 1010 1680 1843 1595
leaf_count=1268 1418 1124 1775 994 1204 1305 1122 1931 1051 1082 1021 1022 1038 1010 1680 1843 1595
internal_value=-1.75371e-08 1.53694e-06 -5.49825e-07 -1.21861e-06 -3.09268e-06 2.56649e-06 1.44645e-06 -1.74713e-06 1.4169e-06 3.74909e-07 3.51549e-06 -3.51601e-07 1.94656e-06 -7.37027e-07 -1.53101e-06 2.03327e-07 -5.09724e-07
internal_weight=23483 5990 17493 13054 4129 4866 3561 3135 4439 3171 2143 8925 2089 7903 4285 3618 3275
internal_count=23483 5990 17493 13054 4129 4866 3561 3135 4439 3171 2143 8925 2089 7903 4285 3618 3275
is_linear=0
shrinkage=0.0187118


Tree=196
num_leaves=18
num_cat=0
split_feature=9 20 15 19 48 51 18 9 39 49 17 52 15 55 15 5 25
split_gain=4.94582e-05 7.17009e-05 5.43307e-05 5.06453e-05 5.61199e-05 4.40627e-05 3.26372e-05 3.06194e-05 3.95868e-05 2.9085e-05 2.34425e-05 2.25189e-05 2.4234e-05 2.21487e-05 2.04486e-05 2.043e-05 1.92529e-05
threshold=-0.29293893129770987 8.7192118226601014 0.032645082280476141 0.072977206469138536 78.048880405013648 70.370370370371617 -0.20548674866388839 -0.80629770992366401 0.0012143295308426618 96.682963979740109 -0.12243278429536876 0.23837809668605667 0.080954083658505677 13872.000000000002 0.18301283714198271 -0.090392239492832996 -0.98146481711108735
decision_type=10 2 10 2 2 2 10 8 2 2 8 2 10 2 10 2 2
left_child=1 3 -2 7 10 6 -4 13 9 11 15 12 -9 -1 -8 -5 -6
right_child=2 -3 5 4 16 -7 14 8 -10 -11 -12 -13 -14 -15 -16 -17 -18
leaf_value=2.9560046625867104e-06 -5.1870215217454026e-06 4.4551068306107204e-06 3.6888267850166223e-07 1.4176989165538476e-06 2.0837724050308062e-06 2.238837996639536e-06 -1.4713567392832064e-06 1.4169661391091917e-06 -4.6242057751082593e-06 1.4390310012377848e-06 2.3369871934682168e-06 -3.9825515085056376e-06 -2.0917796546932115e-06 -5.9781688652267287e-07 -4.9890879766955595e-06 -1.9190378438457826e-06 5.5771708407007044e-06
leaf_weight=1195 1043 1563 1812 1000 1044 1477 1360 1132 1063 1606 1273 995 1762 1263 1007 1797 1173
leaf_count=1195 1043 1563 1812 1000 1044 1477 1360 1132 1063 1606 1273 995 1762 1263 1007 1797 1173
internal_value=9.73322e-08 6.37589e-07 -1.26287e-06 2.4768e-07 1.53677e-06 -5.39228e-07 -1.52109e-06 -6.51221e-07 -1.31882e-06 -6.79393e-07 2.31983e-07 -1.55422e-06 -7.19318e-07 1.12993e-06 -2.96792e-06 -7.26067e-07 3.93211e-06
internal_weight=23565 16866 6699 15303 6287 5656 4179 9016 6558 5495 4070 3889 2894 2458 2367 2797 2217
internal_count=23565 16866 6699 15303 6287 5656 4179 9016 6558 5495 4070 3889 2894 2458 2367 2797 2217
is_linear=0
shrinkage=0.0187118


Tree=197
num_leaves=18
num_cat=0
split_feature=9 20 20 19 48 22 9 39 49 11 18 8 53 53 49 50 18
split_gain=4.76246e-05 6.90427e-05 5.31053e-05 4.87677e-05 5.40394e-05 4.71792e-05 2.94843e-05 3.81192e-05 2.80067e-05 2.47466e-05 2.40928e-05 2.62301e-05 2.29649e-05 3.69413e-05 2.17495e-05 1.97208e-05 1.45477e-05
threshold=-0.29293893129770987 8.7192118226601014 0.34000600540486442 0.072977206469138536 78.048880405013648 -0.86998040419993561 -0.80629770992366401 0.0012143295308426618 96.682963979740109 -0.36354961832061067 -0.50304081868234862 0.050000000000002494 64.601167639099813 34.45474099920051 47.463573288847179 49.99999999999855 -0.42661162489279847
decision_type=10 2 2 2 2 8 8 2 2 8 10 10 2 2 2 2 10
left_child=1 3 -2 6 12 -6 14 8 9 16 -4 15 13 -5 -1 -12 -8
right_child=2 -3 10 4 5 -7 7 -9 -10 -11 11 -13 -14 -15 -16 -17 -18
leaf_value=3.1865002176658396e-06 -4.6247402518611466e-06 4.3717437288621502e-06 1.475065206440281e-06 -1.0002106723795893e-06 6.5722303627569842e-06 1.1128158931726155e-06 1.3114699054906646e-06 -4.5376784630703326e-06 1.4121040970197263e-06 -3.6074679067563395e-06 -1.5333472442931101e-06 -3.7000826662523857e-06 -2.1622370552215043e-06 3.1361726861209512e-06 -3.8233593093879909e-07 1.7630813899356193e-06 -1.5774903648726266e-06
leaf_weight=1027 1306 1563 1637 1522 1115 1102 998 1063 1606 1320 1631 1084 1046 1502 1431 1041 1571
leaf_count=1027 1306 1563 1637 1522 1115 1102 998 1063 1606 1320 1631 1084 1046 1502 1431 1041 1571
internal_value=9.55109e-08 6.25659e-07 -1.23924e-06 2.43045e-07 1.50801e-06 3.85853e-06 -6.39036e-07 -1.29414e-06 -6.6668e-07 -1.52513e-06 -4.19382e-07 -1.24505e-06 2.27643e-07 1.0543e-06 1.10879e-06 -2.49071e-07 -4.55192e-07
internal_weight=23565 16866 6699 15303 6287 2217 9016 6558 5495 3889 5393 3756 4070 3024 2458 2672 2569
internal_count=23565 16866 6699 15303 6287 2217 9016 6558 5495 3889 5393 3756 4070 3024 2458 2672 2569
is_linear=0
shrinkage=0.0187118


Tree=198
num_leaves=18
num_cat=0
split_feature=9 15 47 22 4 37 22 53 51 15 29 51 49 52 19 38 50
split_gain=4.5859e-05 5.21312e-05 4.88025e-05 5.10545e-05 5.23187e-05 4.39205e-05 4.36424e-05 4.33476e-05 4.23252e-05 2.5269e-05 2.51211e-05 2.36282e-05 2.53678e-05 3.51699e-05 2.21916e-05 2.11635e-05 1.17852e-05
threshold=-0.29293893129770987 0.032645082280476141 166.66666666664347 -0.44892624825496769 -0.80723189552829433 -0.0015140054096180464 -0.90439735602936433 34.650832202867086 70.370370370371617 0.18301283714198271 9.5000000000000018 82.962962962963246 97.900151336146209 0.19659859071422126 0.04361651913038856 0.0010531861793577903 49.999999999997357
decision_type=10 10 2 8 2 2 10 2 2 10 2 2 2 2 2 2 2
left_child=2 -2 3 4 -1 -6 7 -7 9 10 -3 12 13 16 -9 -14 -8
right_child=1 8 -4 -5 5 6 11 14 -10 -11 -12 -13 15 -15 -16 -17 -18
leaf_value=-4.0432705036272687e-06 -5.0599505469005474e-06 1.8124134645508962e-06 4.6041619126983878e-06 3.5460827870778831e-06 3.088266575935515e-06 -1.064443235909783e-06 -2.2560193732432954e-07 1.4242783987301916e-06 2.2155338569270435e-06 -3.3890252146952657e-06 -1.8875216159489728e-06 1.0841784212245784e-06 1.8234116335829278e-06 -5.2837247408259887e-06 4.9038907886423726e-06 -1.894416842933315e-06 -2.8388947854481974e-06
leaf_weight=1036 1043 1091 1009 1585 1746 1539 1522 1525 1477 1525 1563 1549 1149 1091 1108 1005 1002
leaf_count=1036 1043 1091 1009 1585 1746 1539 1522 1525 1477 1525 1563 1549 1149 1091 1108 1005 1002
internal_value=9.37237e-08 -1.21605e-06 6.13951e-07 3.60049e-07 6.21905e-09 3.23178e-07 -9.69993e-08 1.43033e-06 -5.07208e-07 -1.46952e-06 -3.6656e-07 -9.67735e-07 -1.51868e-06 -2.47648e-06 2.88854e-06 8.8769e-08 -1.26305e-06
internal_weight=23565 6699 16866 15857 14272 13236 11490 4172 5656 4179 2654 7318 5769 3615 2633 2154 2524
internal_count=23565 6699 16866 15857 14272 13236 11490 4172 5656 4179 2654 7318 5769 3615 2633 2154 2524
is_linear=0
shrinkage=0.0187118


Tree=199
num_leaves=18
num_cat=0
split_feature=9 20 20 31 48 19 38 31 31 20 4 31 30 51 45 9 9
split_gain=4.41588e-05 6.63144e-05 5.11853e-05 4.96017e-05 6.13424e-05 4.23057e-05 4.10593e-05 3.64647e-05 3.8865e-05 4.04732e-05 3.44528e-05 4.28563e-05 5.12781e-05 2.86723e-05 2.84691e-05 2.30113e-05 2.16465e-05
threshold=-0.29293893129770987 8.7192118226601014 0.34000600540486442 20.500000000000004 81.422509980216986 0.072977206469138536 -0.0016625115394608423 237.50000000000003 182.50000000000003 0.19865281683752153 -0.41985132002939679 90.500000000000014 17.500000000000004 25.000000000001886 -0.0012666249538753058 -0.16316793893129769 -0.59446564885496167
decision_type=10 2 2 2 2 2 2 2 2 2 2 2 2 2 2 10 10
left_child=1 3 -2 -1 6 -6 -5 8 9 -8 -11 -12 -13 -4 -15 -16 -10
right_child=2 -3 13 4 5 -7 7 -9 16 10 11 12 -14 14 15 -17 -18
leaf_value=-3.6308139428888988e-06 -4.517033110473744e-06 4.2737857702162046e-06 -2.5386756895261042e-06 3.2666364682872902e-06 2.9497774612541253e-07 4.6787856943565178e-06 -3.6541218135573279e-06 2.7208088739025523e-06 -4.7604238526616309e-06 2.9403330003978716e-06 -2.739289990709034e-06 -1.4982900516397521e-06 3.8615560321908155e-06 2.9856241685696663e-06 1.3530120879970206e-06 -2.1059875031666193e-06 -1.0833214748980532e-06
leaf_weight=1084 1306 1563 1548 1117 1337 1820 1002 1085 1196 1426 1680 1277 1224 1122 1220 1503 1055
leaf_count=1084 1306 1563 1548 1117 1337 1820 1002 1085 1196 1426 1680 1277 1224 1122 1220 1503 1055
internal_value=9.197e-08 6.02463e-07 -1.19329e-06 2.27486e-07 5.21627e-07 2.82223e-06 -1.34944e-07 -5.17003e-07 -9.13507e-07 -1.9024e-07 4.28774e-07 -4.27835e-07 1.12484e-06 -3.88396e-07 4.77307e-07 -5.56233e-07 -3.03704e-06
internal_weight=23565 16866 6699 15303 14219 3157 11062 9945 8860 6609 5607 4181 2501 5393 3845 2723 2251
internal_count=23565 16866 6699 15303 14219 3157 11062 9945 8860 6609 5607 4181 2501 5393 3845 2723 2251
is_linear=0
shrinkage=0.0187118


end of trees

feature_importances:
alpha042=509
time_encoded=341
NATR=278
alpha041=214
volume=137
alpha083=115
alpha054=107
alpha038=106
vwap=100
alpha033=91
alpha013=90
alpha005=89
slowD=86
past_ret_1=85
alpha040=81
alpha030=75
DI_diff=66
CCI=65
past_ret_2=62
alpha053=57
MFI=55
day_encoded=46
alpha050=41
alpha060=41
past_ret_3=41
STOCHRSI=41
OBV=41
alpha020=38
slowK=36
alpha011=30
alpha016=28
alpha015=26
past_ret_5=24
past_ret_4=23
ADX=19
stock_encoded=18
alpha003=17
alpha006=17
alpha012=17
alpha018=16
past_ret_10=16
past_ret_6=15
alpha051=12
past_ret_9=11
past_ret_7=10
past_ret_8=9
alpha101=8
alpha044=7
alpha007=6
BOP=4
open_20min=2
alpha002=1

parameters:
[boosting: gbdt]
[objective: regression]
[metric: rmse]
[tree_learner: serial]
[device_type: cpu]
[data_sample_strategy: bagging]
[data: ]
[valid: ]
[num_iterations: 200]
[learning_rate: 0.0187118]
[num_leaves: 38]
[num_threads: 0]
[seed: 320]
[deterministic: 0]
[force_col_wise: 0]
[force_row_wise: 0]
[histogram_pool_size: -1]
[max_depth: -1]
[min_data_in_leaf: 994]
[min_sum_hessian_in_leaf: 0.001]
[bagging_fraction: 0.883365]
[pos_bagging_fraction: 1]
[neg_bagging_fraction: 1]
[bagging_freq: 7]
[bagging_seed: 6569]
[bagging_by_query: 0]
[feature_fraction: 0.760277]
[feature_fraction_bynode: 1]
[feature_fraction_seed: 2217]
[extra_trees: 0]
[extra_seed: 23166]
[early_stopping_round: 0]
[early_stopping_min_delta: 0]
[first_metric_only: 0]
[max_delta_step: 0]
[lambda_l1: 1.41704e-07]
[lambda_l2: 3.46548e-07]
[linear_lambda: 0]
[min_gain_to_split: 0]
[drop_rate: 0.1]
[max_drop: 50]
[skip_drop: 0.5]
[xgboost_dart_mode: 0]
[uniform_drop: 0]
[drop_seed: 3373]
[top_rate: 0.2]
[other_rate: 0.1]
[min_data_per_group: 100]
[max_cat_threshold: 32]
[cat_l2: 10]
[cat_smooth: 10]
[max_cat_to_onehot: 4]
[top_k: 20]
[monotone_constraints: ]
[monotone_constraints_method: basic]
[monotone_penalty: 0]
[feature_contri: ]
[forcedsplits_filename: ]
[refit_decay_rate: 0.9]
[cegb_tradeoff: 1]
[cegb_penalty_split: 0]
[cegb_penalty_feature_lazy: ]
[cegb_penalty_feature_coupled: ]
[path_smooth: 0]
[interaction_constraints: ]
[verbosity: -1]
[saved_feature_importance_type: 0]
[use_quantized_grad: 0]
[num_grad_quant_bins: 4]
[quant_train_renew_leaf: 0]
[stochastic_rounding: 1]
[linear_tree: 0]
[max_bin: 255]
[max_bin_by_feature: ]
[min_data_in_bin: 3]
[bin_construct_sample_cnt: 200000]
[data_random_seed: 1083]
[is_enable_sparse: 1]
[enable_bundle: 1]
[use_missing: 1]
[zero_as_missing: 0]
[feature_pre_filter: 1]
[pre_partition: 0]
[two_round: 0]
[header: 0]
[label_column: ]
[weight_column: ]
[group_column: ]
[ignore_column: ]
[categorical_feature: ]
[forcedbins_filename: ]
[precise_float_parser: 0]
[parser_config_file: ]
[objective_seed: 32719]
[num_class: 1]
[is_unbalance: 0]
[scale_pos_weight: 1]
[sigmoid: 1]
[boost_from_average: 1]
[reg_sqrt: 0]
[alpha: 0.9]
[fair_c: 1]
[poisson_max_delta_step: 0.7]
[tweedie_variance_power: 1.5]
[lambdarank_truncation_level: 30]
[lambdarank_norm: 1]
[label_gain: ]
[lambdarank_position_bias_regularization: 0]
[eval_at: ]
[multi_error_top_k: 1]
[auc_mu_weights: ]
[num_machines: 1]
[local_listen_port: 12400]
[time_out: 120]
[machine_list_filename: ]
[machines: ]
[gpu_platform_id: -1]
[gpu_device_id: -1]
[gpu_use_dp: 0]
[num_gpu: 1]

end of parameters

pandas_categorical:[]
