tree
version=v4
num_class=1
num_tree_per_iteration=1
label_index=0
max_feature_idx=55
objective=regression
feature_names=volume vwap alpha002 alpha003 alpha005 alpha006 alpha007 alpha011 alpha012 alpha013 alpha015 alpha016 alpha018 alpha020 alpha027 alpha030 alpha033 alpha038 alpha040 alpha041 alpha042 alpha044 alpha050 alpha051 alpha053 alpha054 alpha060 alpha083 alpha101 stock_encoded day_encoded time_encoded close_10min close_20min open_10min open_20min past_ret_1 past_ret_2 past_ret_3 past_ret_4 past_ret_5 past_ret_6 past_ret_7 past_ret_8 past_ret_9 past_ret_10 BOP CCI MFI STOCHRSI slowK slowD NATR ADX DI_diff OBV
feature_infos=[0:12619] [24.874450733369851:2393.3433133732533] [-0.99639490147829601:0.989856786446349] [-1.000000000000191:1.0000000000001041] [-1:-1.4133077053536095e-05] [-1.0000000000221472:1.0000000000077218] [-60:60] [4.320774282751469e-05:2] [-15:20] [-1:-0.0038167938931297708] [-2.988721804511278:-0.037593984962405902] [-1:-0.0038167938931297708] [-1:-0.0038167938931297708] [-1:-5.3735634114067321e-08] none [0:0.99619771863117867] [0.0037593984962406013:1] [-0.9715485211082181:-8.7768058277990686e-05] [-inf:inf] [-49.389956184698349:19.797101449275488] [0.0037593984962406013:266] [-1.0000000000050202:1.0000000000006541] [-1:-0.034351145038167941] [-20:15] [-200000:100001] [-1:0] [-0.013940643600982438:0.0076654542249543671] [-inf:inf] [-0.9999333377774815:0.9999333377774815] [0:24] [16:19] [0:265] [0:1] [0:1] [0:1] [0:1] [-0.0095389507154213238:0.0097799511002445438] [-0.012618296529968376:0.011673151750972721] [-0.013513513513513487:0.011811023622047223] [-0.015180265654648917:0.013806706114398493] [-0.016731016731016735:0.013806706114398493] [-0.017142857142857126:0.015810276679841806] [-0.017142857142857126:0.016830294530154388] [-0.018975332068311146:0.018232819074333717] [-0.019047619047619091:0.018232819074333717] [-0.019305019305019266:0.019305019305019266] [-1:1] [-333.33333333428078:333.33333333428078] [-1.2764117881401976e-10:100.00000000007752] [0:100.00000000000001] [-3.8132460152458708e-13:100.00000000000119] [-1.5513516397428855e-12:100.00000000000125] [0.00020922012720942282:0.6040492590192893] [1.9703310345090252:99.999999985006596] [-99.851819385980932:99.703766005408042] [-12206:217655]
tree_sizes=8595 8672 8594 8632 8551 8607 8633 8570 8614 8549 8597 8625 8596 8612 8612 8650 8529 8659 8581 8570 8554 8606 8588 8612 8581 8548 8603 8549 8564 8602 8550 8525 8568 8561 8640 8501 8630 8577 8572 8592 8574 8619 8615 8502 8459 8532 8570 8587 8553 8638 8520 8540 8500 8580 8555 8525 8533 8541 8564 8482 8512 8559 8417 8489 8519 8463 8623 8571 8620 8518 8489 8498 8580 8594 8440 8560 8530 8509 8522 8577 8597 8516 8505 8470 8529 8631 8525

Tree=0
num_leaves=89
num_cat=0
split_feature=25 17 52 52 15 16 15 31 52 7 25 55 40 36 31 22 0 36 40 19 17 19 54 30 7 54 18 31 53 12 31 7 7 55 19 49 7 43 40 31 55 16 36 0 17 53 52 19 31 1 19 0 52 7 16 1 21 41 36 31 50 53 5 21 31 38 16 36 47 22 9 52 55 17 18 49 25 52 1 50 18 30 52 43 7 47 52 16
split_gain=0.00533482 0.00163593 0.00131105 0.000640387 0.000345686 0.000342771 0.000187389 0.00018419 0.000166184 0.000165569 0.000155697 0.000150856 0.000234566 0.000143674 0.000126211 0.00011892 0.00011353 0.000106009 0.000100259 9.06465e-05 8.55867e-05 8.36485e-05 8.00192e-05 7.92219e-05 7.76996e-05 7.65131e-05 0.000103726 7.77275e-05 7.53777e-05 7.8771e-05 7.39004e-05 6.84295e-05 6.60853e-05 0.000118739 7.89442e-05 6.45543e-05 6.40333e-05 7.47871e-05 6.22893e-05 6.16958e-05 6.02581e-05 7.07858e-05 5.80732e-05 5.77638e-05 5.59002e-05 5.35625e-05 5.98592e-05 5.28679e-05 5.74072e-05 5.13068e-05 5.11626e-05 5.07026e-05 4.90892e-05 4.7129e-05 4.71142e-05 4.70716e-05 4.60896e-05 4.58312e-05 4.50365e-05 4.61165e-05 4.53348e-05 4.43338e-05 4.23069e-05 4.18678e-05 4.06376e-05 4.04414e-05 3.98151e-05 3.82818e-05 3.67821e-05 3.65963e-05 4.65475e-05 3.6017e-05 3.52145e-05 3.49515e-05 3.48099e-05 3.46584e-05 4.40053e-05 5.12889e-05 3.96042e-05 3.67533e-05 3.40127e-05 3.38689e-05 3.37342e-05 3.34704e-05 3.34238e-05 3.24448e-05 3.221e-05 4.41919e-05
threshold=-0.50336020902389966 -0.22122670489453203 0.30898654311297541 0.31557669968956664 0.028687949702850067 0.87687969924812037 0.12960144364531476 22.500000000000004 0.25145972661420962 1.4288008411107274 -0.99189631503219688 52198.500000000007 -0.0037558718560001809 -0.0032336318626450806 12.500000000000002 -0.80130099318722803 17.500000000000004 -0.0016012820512820711 0.0033955955263460518 0.085494636929944093 -0.072430590093911798 -0.12680091642533495 6.0731606921107248 18.500000000000004 0.57306429312132745 -6.9749091736757949 -0.22824530376881283 49.500000000000007 38.206690331664106 -0.30057251908396942 46.500000000000007 0.23240004608825901 0.49422456504205559 360.50000000000006 0.38507401473760444 39.90220698746149 0.035522165572070524 0.0059113357871686265 0.0047327945046945494 87.500000000000014 49939.500000000007 0.52161654135338364 0.002010052281560815 122.50000000000001 -0.28674921740148024 78.096807648060249 0.3685944569654418 0.15469956679317323 80.500000000000014 270.39168624394995 0.0059906400030449456 209.50000000000003 0.22947859096834008 0.36227531973729699 0.48120300751879702 33.270997435872495 0.66995589160735447 0.001110733687291199 0.0013614710189253645 98.500000000000014 83.333333333333471 46.448377945028334 0.15127014341350978 -0.60774852905747545 74.500000000000014 0.0031670645348953479 0.53571428571428592 -0.0012113874825738222 -37.037037037061886 -0.88910093299406256 -0.88645038167938928 0.20039329487206228 15313.500000000002 -0.12431979754834556 0.14272839920150535 48.220477336137286 -0.49683545321129852 0.12659887213142987 78.954736547085218 -2.0605739337042903e-13 -0.22110343465240459 17.500000000000004 0.21176826070987798 0.0016116045919692958 0.50484646848715298 -33.333333333331645 0.11207584326167348 0.53853383458646631
decision_type=2 8 2 2 8 2 8 2 2 8 2 2 2 2 2 10 2 2 2 2 8 2 2 2 10 2 10 2 2 8 2 10 10 2 2 2 10 2 2 2 2 2 2 2 10 2 2 2 2 2 2 2 2 10 2 2 2 2 2 2 2 2 2 2 2 2 2 2 2 10 10 2 2 10 10 2 2 2 2 2 10 2 2 2 10 2 2 2
left_child=2 4 9 5 31 14 25 35 55 10 23 12 21 -6 15 28 18 49 22 -11 39 -5 44 36 74 26 27 -4 -3 -30 61 47 33 -12 -34 43 71 58 65 73 41 69 -33 62 -15 46 -41 -2 -49 51 63 52 -16 56 -20 -9 75 -18 -38 60 84 -8 -7 -26 -36 -25 82 -35 -47 80 -71 -1 -73 -14 83 76 78 -78 -19 -79 -27 -32 -31 -24 -60 -10 87 -55
right_child=1 3 6 11 13 7 30 8 85 19 32 -13 20 16 17 -17 57 53 54 -21 -22 -23 24 38 50 40 -28 -29 29 66 81 42 34 67 64 -37 37 -39 -40 45 -42 -43 -44 -45 -46 68 -48 48 -50 -51 -52 -53 -54 86 -56 -57 -58 -59 59 -61 -62 -63 -64 -65 -66 -67 -68 -69 -70 70 -72 72 -74 -75 -76 -77 77 79 -80 -81 -82 -83 -84 -85 -86 -87 -88 -89
leaf_value=-1.1698928390193941e-08 5.3815784092677253e-06 5.5423749368394703e-05 3.6521020583749249e-05 6.8167685643586503e-05 7.7929400018175179e-05 5.8277826096428369e-05 4.8420208102518332e-05 6.4139398910339308e-05 0.00011114323503194423 2.3984259332123731e-05 -5.4366193411675599e-05 1.076714247866333e-05 2.3590781094849502e-05 7.820775124635199e-06 5.2160813394857425e-05 -3.8482604209474833e-05 2.5832841996076123e-05 3.3135422378218169e-05 -3.2986269703286301e-05 7.3027613039208594e-05 7.1311783446142388e-05 0.00010661769029049321 2.6716335956512921e-05 1.7839209721529629e-05 6.6922152417840306e-05 -4.9929438249558099e-05 -6.288867186271497e-05 -1.6049248059005467e-05 4.8490314324040501e-05 8.7996990661912088e-06 -3.119717412625563e-05 1.1543515437972973e-05 1.2289033120365524e-06 2.5867537663776252e-05 6.3641159839136985e-05 -1.6335478276832105e-05 1.0735355919909405e-05 5.4892603628506333e-05 -2.3011208494408445e-05 5.8632734952010062e-05 -2.96202318726534e-06 -9.4376234279575305e-06 -2.69384848548999e-05 5.8189520389372051e-06 2.4284621927919178e-05 5.1395592720690785e-05 9.8239396747433564e-05 -4.8412651490707509e-05 -7.0565148333125323e-06 3.3483683323585179e-05 7.9163783666651605e-05 1.7997047714296019e-05 7.9322950748998231e-05 2.8327775482684569e-05 9.6322059231278099e-06 5.0512476980054222e-05 -1.6801305100021321e-06 3.9697123800677808e-05 -5.6276868802111587e-06 -6.656966946247083e-06 4.7627767802832777e-05 2.7555909259485307e-06 1.8485116934910651e-05 2.3590781094849502e-05 1.9551291979114734e-05 4.9734586000170543e-05 2.5183969785321027e-05 -6.1471890137502358e-06 1.4274408900046109e-05 -2.2967951326536921e-06 -4.3400611780327736e-05 -3.0037672144935295e-06 -5.5867523610620363e-05 5.3033812134707661e-05 5.5954384132869658e-05 2.3241036508801912e-05 2.893437092950411e-05 7.5774358792161275e-05 -1.2447885154175493e-05 4.0340326228698152e-05 -8.6351154481621831e-05 -5.4966868301646176e-06 -3.4058817057394519e-05 9.8653153023795521e-06 2.3590781094849502e-05 6.5768718646448324e-05 4.1999313133803374e-05 4.8542198442430176e-05
leaf_weight=227 117 65 36 113 56 90 34 424 75 246 61 52 116 611 393 40 659 41 59 53 481 210 372 1232 36 183 49 175 51 54 114 458 482 39 34 37 2534 39 42 242 55 76 52 60 363 99 61 77 101 174 47 34 108 560 75 1302 44 485 105 397 35 77 40 89 69 46 43 790 39 43 370 38 34 74 34 338 622 38 41 741 53 180 45 205 69 37 1574 165
leaf_count=227 117 65 36 113 56 90 34 424 75 246 61 52 116 611 393 40 659 41 59 53 481 210 372 1232 36 183 49 175 51 54 114 458 482 39 34 37 2534 39 42 242 55 76 52 60 363 99 61 77 101 174 47 34 108 560 75 1302 44 485 105 397 35 77 40 89 69 46 43 790 39 43 370 38 34 74 34 338 622 38 41 741 53 180 45 205 69 37 1574 165
internal_value=2.37782e-05 3.74501e-05 2.27025e-06 4.55669e-05 1.93017e-05 4.14015e-05 -2.68422e-05 5.30544e-05 5.6595e-05 8.68598e-06 7.51161e-06 6.57714e-05 6.7832e-05 2.4398e-05 3.67294e-05 1.5632e-05 2.34421e-05 3.80394e-05 1.83376e-05 3.30008e-05 6.02994e-05 9.34654e-05 2.05427e-05 1.04986e-05 2.84884e-05 -3.45252e-05 -1.75978e-05 -6.62182e-06 2.36473e-05 1.34462e-05 -6.87427e-06 -3.86782e-07 -2.13917e-06 -8.0492e-06 7.01739e-06 2.3961e-05 7.81187e-06 9.27209e-06 1.76509e-05 5.17516e-05 -4.00438e-05 -4.27236e-05 7.43032e-06 3.2317e-05 1.40559e-05 5.87829e-05 6.69254e-05 -1.35734e-05 -2.54896e-05 5.02127e-05 4.85258e-05 5.54729e-05 5.82091e-05 3.59434e-05 -9.85401e-06 5.3916e-05 3.18491e-05 3.17951e-05 8.67468e-06 2.17442e-07 1.3738e-05 1.76138e-05 4.52904e-05 3.62326e-05 3.31668e-05 1.90629e-05 1.79169e-07 -4.52447e-06 4.02044e-05 -4.64726e-05 -3.93551e-05 -7.39004e-06 -2.93098e-05 3.49229e-05 2.30059e-05 3.27123e-05 3.49361e-05 3.63755e-05 1.15225e-05 4.21929e-05 -5.85185e-05 -1.5791e-05 -1.16578e-05 2.08969e-05 6.3656e-06 9.70165e-05 3.92228e-05 3.30616e-05
internal_weight=20636 12619 8017 8723 3896 7236 1445 2065 1838 6572 6273 1487 1435 3091 5171 298 3035 4873 1891 299 1112 323 1757 4798 783 1040 260 211 258 193 405 805 1475 890 585 227 3478 3179 1320 631 780 725 510 190 974 441 303 295 178 709 172 535 501 4164 134 1726 1865 1144 3140 606 209 111 130 125 103 1278 142 829 138 649 413 299 72 190 611 1821 1483 1401 82 779 236 294 99 577 174 112 2299 725
internal_count=20636 12619 8017 8723 3896 7236 1445 2065 1838 6572 6273 1487 1435 3091 5171 298 3035 4873 1891 299 1112 323 1757 4798 783 1040 260 211 258 193 405 805 1475 890 585 227 3478 3179 1320 631 780 725 510 190 974 441 303 295 178 709 172 535 501 4164 134 1726 1865 1144 3140 606 209 111 130 125 103 1278 142 829 138 649 413 299 72 190 611 1821 1483 1401 82 779 236 294 99 577 174 112 2299 725
is_linear=0
shrinkage=1


Tree=1
num_leaves=89
num_cat=0
split_feature=49 52 16 4 26 24 4 16 16 52 52 37 4 36 28 17 0 36 43 0 27 16 24 37 0 4 4 0 52 27 38 10 4 26 16 35 13 19 37 18 4 19 52 3 17 16 33 36 13 4 18 42 1 17 13 52 12 37 4 51 38 1 45 16 24 48 47 18 16 9 8 29 13 47 36 36 54 53 0 17 29 45 11 42 0 16 26 45
split_gain=0.00426062 0.00106543 0.000965489 0.000517452 0.00046054 0.000332508 0.000327178 0.00031333 0.000243849 0.000238447 0.000232388 0.000162264 0.000161719 0.000159914 0.000158286 0.000169574 0.000156191 0.000146278 0.000139285 0.000125341 0.000118746 0.000120008 0.0001067 0.000103729 0.000117394 9.66937e-05 9.61127e-05 8.9166e-05 0.000101037 8.78822e-05 8.78566e-05 8.50953e-05 9.19022e-05 7.79534e-05 7.40169e-05 7.1688e-05 9.04497e-05 7.05526e-05 7.74591e-05 6.83746e-05 6.70602e-05 6.66141e-05 6.37518e-05 6.3026e-05 6.29516e-05 6.07603e-05 6.04257e-05 5.98325e-05 5.95127e-05 5.76491e-05 5.70964e-05 8.18698e-05 5.62068e-05 5.57808e-05 5.4899e-05 8.19814e-05 5.48834e-05 5.06253e-05 5.06191e-05 4.89401e-05 4.86169e-05 4.70516e-05 4.67086e-05 4.66693e-05 4.66393e-05 4.5861e-05 4.4572e-05 4.45516e-05 4.21856e-05 4.14645e-05 4.09276e-05 4.0429e-05 3.90902e-05 4.28649e-05 3.95364e-05 4.23181e-05 3.81039e-05 5.38609e-05 5.26598e-05 4.39701e-05 3.75689e-05 3.75448e-05 3.74105e-05 3.71091e-05 3.67627e-05 4.02386e-05 3.66783e-05 3.92363e-05
threshold=47.004214295311492 0.29462694579954096 0.85244360902255656 -0.13990332975295378 -0.0025223053831985452 2.9999999999998583 -0.80723189552829433 0.54605263157894746 0.39661654135338348 0.30551207109196238 0.26523055165051096 0.0020060200722731296 -0.11447085759511559 0.003733666660471036 0.74887743160838327 -0.16646675053392232 147.50000000000003 -0.0016116045919692399 0.0074303434060878368 3.5000000000000004 -20.243456421341396 0.41165413533834588 1.4210854715201552e-13 -0.003729025679058084 73.500000000000014 -0.84575866357623375 -0.67493922776866966 12.500000000000002 0.16649917098422476 2.0787475072900619 -0.003729025679058084 -0.89473684210526283 -0.72822799479902744 -0.0010916169767281067 0.53101503759398505 1.0000000180025095e-35 -0.015664370587800663 0.099585266693964072 0.0014074602325627741 0.47605212828967286 -0.77343970829328945 1.4067708197185882 0.33668246350243608 0.02314935320475053 -0.36649746935431965 0.52537593984962416 1.0000000180025095e-35 0.0012099217979160139 -0.060946727835730158 -0.91173893380066695 0.47605212828967286 -0.0016652800887410055 142.98807776211473 -0.2330095667183523 -0.23575577154295149 0.22508606901608166 -0.93988549618320605 0.0034188134087614901 -0.026442987167166029 62.222222222222122 -0.0031331601232976176 80.921327115853174 0.0032813803870898055 0.015977443609022559 -1000.250000000014 76.753680108613707 -66.666666666666075 -0.087832554724491418 0.47838345864661663 -0.28053435114503816 0.099999999999999659 19.500000000000004 -0.49594529712447183 -37.037037037061886 -0.0037986738912417768 -0.0034188134087615447 -8.8016026233356701 61.905972454706834 83.500000000000014 -0.19851671981510191 11.500000000000002 0.0012247402020783007 -0.40362595419847319 0.0027991616226910048 342.50000000000006 0.90319548872180466 -0.0059278770293949038 0.0013097582565375634
decision_type=2 2 2 2 8 10 2 2 2 2 2 2 2 2 2 10 2 2 2 2 10 2 8 2 2 2 2 2 2 10 2 2 2 10 2 2 10 2 2 8 2 2 2 2 8 2 2 2 10 2 8 2 2 10 10 2 10 2 2 2 2 2 2 2 10 2 2 10 2 10 10 2 8 2 2 2 2 2 2 10 2 2 10 2 2 2 10 2
left_child=2 6 3 5 14 17 18 12 -5 35 34 13 20 31 15 40 60 39 19 49 27 46 37 24 -11 56 81 28 -8 -24 -28 32 -6 45 48 50 61 38 86 -1 -3 53 -13 -30 -43 54 57 -23 -10 -2 83 -52 -34 -9 55 80 -19 -22 -18 -56 -12 -37 -39 -29 -58 -42 -55 69 -67 -62 76 -32 73 -25 -74 -76 -16 78 -78 -79 -27 -7 -21 84 85 -4 -14 -88
right_child=1 4 9 8 11 26 7 41 10 23 16 42 22 -15 70 -17 58 25 -20 82 21 47 29 72 -26 33 30 63 43 -31 71 -33 52 -35 -36 36 -38 62 -40 -41 65 44 -44 -45 -46 -47 -48 -49 -50 -51 51 -53 -54 66 59 -57 64 -59 -60 -61 67 -63 -64 -65 -66 68 -68 -69 -70 -71 -72 -73 74 -75 75 -77 77 79 -80 -81 -82 -83 -84 -85 -86 -87 87 -89
leaf_value=8.7042171877746534e-06 -9.8009722497521788e-05 -6.9082592016500059e-05 1.8659864682123468e-05 -9.3210239152325019e-06 -3.3201867731984963e-05 -8.9112155050167722e-06 -1.0230176488769752e-05 -4.6769805491983454e-06 5.6575811373835987e-06 8.4088876239882016e-05 6.0082031634470324e-05 -7.2138611970767904e-05 -8.9620653221348573e-06 -5.4494760281878608e-05 -2.8121090321290497e-05 5.3299642353609561e-06 -3.4436412361655951e-05 9.6484622742198002e-06 -9.6943012825021952e-05 -1.5687023139594364e-05 -2.7511478823658848e-05 -8.8075500664181591e-06 4.7670381356545629e-05 3.6296248920116059e-05 2.4072827166627645e-05 5.0232849491426897e-06 7.3926632650642699e-05 3.5381809249492442e-05 -1.6358889950376954e-05 3.7526252502302665e-06 1.7760157847577453e-05 6.4816857879265426e-05 -8.3329611581689352e-06 7.0803625875471366e-06 2.8358222381980488e-05 2.9639603616377366e-06 -3.9473283568968992e-05 3.2016001633491438e-06 -2.0030119801154047e-05 4.5958526523426993e-05 -4.3142552230094086e-05 7.3966223944361471e-05 -2.0095624586164865e-05 -6.1441204800992934e-05 1.8382340841611822e-05 2.9786967234196934e-06 3.0156548468483675e-06 -2.3748112803089901e-05 1.9057904289337947e-05 -4.229337030479688e-05 5.7400390901388765e-05 2.8269779641888179e-05 3.2121617943950959e-05 -7.3530791040891904e-06 -2.7806909831815424e-06 -7.1592189474870894e-05 -6.759438551440686e-05 -6.053279773744195e-05 2.0328811644251807e-05 -1.4917751962768962e-05 3.4674826530046642e-05 4.8888384059546871e-05 3.9974834639516626e-05 -2.9692192028054829e-06 -2.4561614106278007e-05 -3.8067272247032752e-05 1.9523203580769344e-05 7.8896163050611168e-06 6.1264657655426177e-06 6.8072081747047792e-05 -7.8476456016356063e-05 4.1689119329223315e-05 1.8957913347786106e-05 -1.9621333451745489e-06 7.633163821973212e-05 4.1722883795014587e-05 -5.6933316697418871e-05 -9.9198492602847003e-05 -1.143821983727656e-05 -5.5089755866183121e-05 -3.3135067527219107e-05 1.7504935499652889e-05 -3.3083385498743389e-05 -7.634766196496152e-06 0 3.1227354684574867e-05 8.1593543069440396e-06 -1.5557922659935728e-05
leaf_weight=227 35 111 492 294 48 175 645 275 650 167 230 47 592 43 61 86 34 35 35 481 914 1206 79 105 54 54 39 37 74 167 690 35 53 566 552 80 39 220 449 79 493 34 80 83 98 533 63 428 986 85 181 343 120 81 916 40 41 62 43 674 187 41 50 1162 150 47 365 54 45 68 158 100 52 42 78 132 183 69 41 65 56 94 227 34 60 938 402 97
leaf_count=227 35 111 492 294 48 175 645 275 650 167 230 47 592 43 61 86 34 35 35 481 914 1206 79 105 54 54 39 37 74 167 690 35 53 566 552 80 39 220 449 79 493 34 80 83 98 533 63 428 986 85 181 343 120 81 916 40 41 62 43 674 187 41 50 1162 150 47 365 54 45 68 158 100 52 42 78 132 183 69 41 65 56 94 227 34 60 938 402 97
internal_value=1.80736e-07 -1.5268e-05 1.53805e-05 9.07138e-06 -3.89603e-05 1.70508e-06 -1.02494e-05 -7.99282e-06 1.96664e-05 3.21684e-05 2.27402e-05 -8.09136e-06 -1.04408e-05 5.18815e-06 -4.85655e-05 -3.83536e-05 4.11547e-05 -3.52098e-06 -2.99656e-05 -2.70177e-05 -1.39126e-05 -1.85888e-05 -2.50117e-06 5.06432e-05 6.98617e-05 -5.76481e-06 1.78378e-05 -7.61773e-06 -1.63366e-05 1.82492e-05 2.35222e-05 1.55906e-05 7.35719e-06 -4.03471e-06 1.75117e-05 2.68532e-05 4.38802e-06 -5.37479e-06 -8.19791e-06 1.8638e-05 -4.38902e-05 1.12081e-05 -4.01168e-05 -4.08079e-05 3.34317e-05 -6.84501e-06 -2.76309e-05 -1.27801e-05 1.37929e-05 -5.93495e-05 2.85611e-05 3.85165e-05 1.91693e-05 7.00539e-06 -9.90977e-06 -2.96533e-05 -2.70705e-05 -2.97082e-05 -2.59795e-06 -7.98638e-06 4.75844e-05 1.9324e-05 1.03695e-05 -1.70512e-06 -3.43051e-05 -3.89449e-05 1.44254e-05 3.79691e-05 -1.54002e-05 4.39598e-05 -6.22379e-05 2.09115e-05 4.00223e-05 2.47078e-05 4.82459e-05 5.50379e-05 -5.58839e-05 -6.03444e-05 -4.90376e-05 -7.85239e-05 -1.35241e-05 0 -2.14012e-05 2.50747e-05 2.5886e-05 2.6971e-05 -3.23978e-06 3.35528e-06
internal_weight=20636 10231 10405 7567 1785 4469 8446 7583 3098 2838 2804 426 6730 299 1359 782 616 3371 863 828 4674 2673 2056 630 221 3065 1098 2001 802 246 829 256 221 2839 2188 2208 160 1810 1540 306 696 853 127 157 132 2273 1039 1634 1636 120 2048 524 173 721 1740 150 226 976 77 1590 539 121 270 1199 191 585 446 309 92 255 577 790 409 147 262 210 419 358 224 134 110 269 708 1524 1490 1430 1091 499
internal_count=20636 10231 10405 7567 1785 4469 8446 7583 3098 2838 2804 426 6730 299 1359 782 616 3371 863 828 4674 2673 2056 630 221 3065 1098 2001 802 246 829 256 221 2839 2188 2208 160 1810 1540 306 696 853 127 157 132 2273 1039 1634 1636 120 2048 524 173 721 1740 150 226 976 77 1590 539 121 270 1199 191 585 446 309 92 255 577 790 409 147 262 210 419 358 224 134 110 269 708 1524 1490 1430 1091 499
is_linear=0
shrinkage=0.0337242


Tree=2
num_leaves=89
num_cat=0
split_feature=20 16 24 37 20 20 24 37 28 52 20 37 31 19 50 9 15 52 38 28 16 52 19 52 31 20 20 28 13 31 20 1 31 13 3 16 20 22 19 40 40 15 1 52 31 31 20 20 50 10 31 54 0 5 20 1 38 27 52 52 53 3 29 6 1 52 51 54 41 20 5 55 45 28 31 20 37 5 31 20 2 9 48 23 51 2 9 13
split_gain=0.00375071 0.00116252 0.00107465 0.000781401 0.000632025 0.000491401 0.000413602 0.000369992 0.000358412 0.000310493 0.000240325 0.000237766 0.000171713 0.00015401 0.000148988 0.00014757 0.000132311 0.000124286 0.000117741 0.000116282 0.000103001 9.15662e-05 9.0954e-05 9.39352e-05 8.95896e-05 9.14992e-05 8.91575e-05 0.000123633 8.84324e-05 8.73512e-05 0.000121463 8.6382e-05 0.000119263 8.62912e-05 8.61246e-05 8.36073e-05 7.96766e-05 7.59568e-05 7.43246e-05 7.51941e-05 7.2141e-05 7.20802e-05 7.52917e-05 7.01974e-05 6.97115e-05 6.89397e-05 0.000103056 6.86903e-05 6.49279e-05 6.32141e-05 6.24243e-05 5.6876e-05 5.59327e-05 5.43695e-05 5.43582e-05 5.40012e-05 5.39107e-05 5.3803e-05 5.24308e-05 6.83688e-05 5.23794e-05 5.1642e-05 5.04897e-05 4.88803e-05 4.87559e-05 4.8731e-05 4.80965e-05 4.76838e-05 4.68258e-05 4.87777e-05 4.65646e-05 4.65172e-05 5.72145e-05 5.06249e-05 4.48005e-05 4.45553e-05 4.32091e-05 7.35179e-05 4.3018e-05 4.28341e-05 4.19474e-05 4.1363e-05 4.1263e-05 4.07459e-05 4.06117e-05 4.05945e-05 6.1913e-05 3.98272e-05
threshold=1.112399732620321 0.5413533834586467 499.99999999993611 0.0030511078011544739 14.455555555555557 0.076230831315577091 1.0000000180025095e-35 -0.003502637713164058 -0.74719916626344574 0.22280337633828864 65.708333333333357 -0.0025300452879706277 14.500000000000002 -0.51099527014429202 1.0000000180025095e-35 -0.89122137404580137 0.056077909468087474 0.20851911280123658 0.0031670645348953479 -0.99634683855938355 0.45018796992481208 0.16771774418257981 0.63767261098178107 0.29080485207018447 30.500000000000004 5.3976744186046526 7.6545092838196309 -0.63100587579536149 -0.37349728299200008 253.50000000000003 65.708333333333357 156.45785940986323 53.500000000000007 -0.010460977854201789 0.2145769810634631 0.54793233082706772 2.9569842738205372 -0.80887702767175562 0.11833879549232408 0.0030356693063344768 -0.0031720876411843175 0.11953017409291176 40.865233540070435 0.32070817585934719 188.50000000000003 28.500000000000004 9.5879629629629655 0.45796355925547794 6.6666666666663703 -0.8251879699248118 59.500000000000007 19.081516746998535 105.50000000000001 -0.2517866283912239 2.1036721898790867 80.921327115853174 -0.0013956740920813557 320.96259406060148 0.210029832092993 0.30213559502178183 80.112001668069212 -0.18595014773218851 9.5000000000000018 41.750000000000007 259.55752976097102 0.22067748338303569 83.333333333335062 9.3868357964928322 0.0025396835634905472 0.51382517838939867 -0.15773187941885888 47739.500000000007 0.0037771516210721727 0.4998125780898604 65.500000000000014 1.70036496350365 0.0043525622809510453 -0.14624264167801532 30.500000000000004 0.25380867682313829 -0.10057507173619488 -0.49141221374045796 72.892548505606229 -1.0000000180025095e-35 44.444444444444883 -0.3716525828020531 -0.15935114503816791 -0.27904308254465088
decision_type=2 2 10 2 2 2 10 2 2 2 2 2 2 2 2 8 8 2 2 2 2 2 2 2 2 2 2 2 10 2 2 2 2 8 2 2 2 10 2 2 2 10 2 2 2 2 2 2 2 2 2 2 2 2 2 2 2 10 2 2 2 2 2 8 2 2 2 2 2 2 2 2 2 2 2 2 2 2 2 2 2 10 2 10 2 2 10 10
left_child=2 4 3 5 6 17 11 19 82 20 22 75 -4 18 -11 43 71 -1 48 -3 49 -6 23 45 25 58 27 -25 -22 30 56 41 34 61 37 62 38 -33 39 83 50 42 -16 76 -20 46 65 63 -13 68 -8 52 -18 -27 -47 -44 -23 78 -15 -60 -24 -19 -34 -14 -63 -9 -56 -30 69 -10 -37 72 73 81 -21 -2 77 -5 -42 -43 -29 -17 -7 -26 -50 -64 -87 -85
right_child=1 7 12 15 21 8 40 10 9 14 -12 13 47 24 31 16 51 33 44 74 28 29 60 26 36 53 -28 80 67 -31 -32 32 35 -35 -36 70 -38 -39 -40 -41 57 79 55 -45 -46 54 -48 -49 84 -51 -52 -53 -54 -55 66 -57 -58 -59 59 -61 -62 64 85 -65 -66 -67 -68 -69 -70 -71 -72 -73 -74 -75 -76 -77 -78 -79 -80 -81 -82 -83 -84 87 -86 86 -88 -89
leaf_value=-2.9773616571533326e-05 0 7.3413030049227765e-05 -4.2196007154960395e-05 2.1558459625962025e-05 2.4556875571136139e-05 2.2562095654353045e-05 0 -2.1877335003427729e-06 -2.1405493901353283e-05 2.3277716250348983e-05 7.8848740832748189e-05 3.0615503927493634e-06 9.1543437564066398e-06 -9.7410323971739485e-06 -9.0611083131318036e-05 -2.8590756963738133e-05 -3.7826430762405475e-05 -0.00010763390519425388 -4.0027295109744033e-06 3.6205025599308731e-06 -1.8488073727115714e-05 7.1544106739841824e-05 5.0124589045554924e-05 3.9472897098001269e-05 -1.4429452763754718e-05 4.3942051033741185e-05 6.4122574821262712e-05 2.4309512811400356e-05 -6.4995277392408921e-06 3.1053817788357044e-06 0.00010648283693502052 3.2748085876114249e-05 -1.6137629627035796e-05 -1.8560075108028045e-05 -3.3722485559878072e-05 3.0063377774656839e-05 1.3831224085930611e-05 -2.3738361047104498e-05 1.4386871827970369e-05 -4.1658019707099457e-05 -3.4641347820052429e-06 -5.428542497003571e-05 -4.750614758417513e-06 -5.1839941809135816e-05 -6.5694405872866184e-05 1.3819136891253202e-05 2.467320765362315e-05 2.1174718103226735e-05 -2.1124166535534159e-05 -4.1832519146226362e-05 5.3207315667685493e-05 -7.9716094247684873e-05 3.6571924329590941e-06 -2.6709810185519223e-06 2.3957932899670005e-05 -4.2644808344902083e-05 3.4250319013513494e-05 4.847082942558126e-06 -5.7270274195227374e-05 -2.9715638986659612e-06 3.3960883096514495e-06 -4.2248869568423153e-05 -7.8953144192736813e-05 -2.5018761727244841e-05 -8.5463973252245348e-05 -4.7841155604874558e-05 4.6821520075404655e-05 3.3739248367312112e-06 1.5008806398264901e-06 -9.5507444040179381e-06 -2.2015195131822642e-05 -4.1960044289667153e-05 -4.9688010561382812e-05 -9.8794615934333244e-05 4.7346651768043423e-05 4.5410136356483139e-05 -3.7865086988524996e-05 -2.892664944293574e-05 2.482891433905908e-05 -1.5552560748765563e-05 -2.0139400790745706e-05 -8.2011877785615934e-05 -6.8973214297082222e-07 -3.2510721446958135e-05 -6.9932550867676646e-06 -2.5239863994906595e-05 -7.9142399378030872e-05 2.6814166073794268e-06
leaf_weight=718 34 287 61 69 267 359 35 86 963 62 100 321 539 144 38 35 206 38 34 44 606 77 233 301 242 35 109 38 2582 40 53 101 93 55 51 35 649 35 311 58 61 41 53 80 73 629 129 883 492 107 125 34 40 137 1078 514 148 305 89 43 36 96 44 51 57 42 128 695 175 736 44 77 92 135 95 137 56 62 645 249 64 50 104 38 488 114 35 862
leaf_count=718 34 287 61 69 267 359 35 86 963 62 100 321 539 144 38 35 206 38 34 44 606 77 233 301 242 35 109 38 2582 40 53 101 93 55 51 35 649 35 311 58 61 41 53 80 73 629 129 883 492 107 125 34 40 137 1078 514 148 305 89 43 36 96 44 51 57 42 128 695 175 736 44 77 92 135 95 137 56 62 645 249 64 50 104 38 488 114 35 862
internal_value=-2.6453e-07 1.55315e-05 -1.33669e-05 -1.75048e-05 6.51406e-06 -1.4373e-05 2.86064e-06 3.12697e-05 -1.15599e-05 -1.33747e-05 2.69994e-05 -2.07357e-06 1.28324e-05 -3.75373e-06 -2.7054e-05 -4.68454e-05 -5.54266e-05 -3.71394e-05 -1.27473e-05 6.08453e-05 -9.83804e-06 3.98104e-05 2.5161e-05 2.3154e-05 1.06462e-06 -1.2609e-05 3.63324e-05 2.85761e-05 -6.60332e-06 5.23137e-05 5.90463e-05 -2.92774e-05 -1.84208e-05 -5.82448e-05 3.01363e-06 -2.96672e-05 3.94537e-06 1.75004e-05 -2.36804e-07 -4.10732e-06 2.05858e-05 -3.58652e-05 -4.26575e-05 -2.49821e-05 -4.69948e-05 1.98824e-05 3.08191e-06 1.51769e-05 -9.8563e-06 -1.61297e-05 4.20477e-05 -3.69868e-05 -3.06882e-05 6.25229e-06 2.21828e-05 -3.92731e-05 4.74427e-05 1.70937e-05 -2.47133e-05 -4.03143e-05 4.42303e-05 -6.91663e-05 -3.81541e-05 6.03657e-06 -5.89804e-05 -1.79229e-05 2.64647e-05 -4.37603e-06 -1.46106e-05 -1.6327e-05 0 -6.8451e-05 -7.4679e-05 -8.46903e-05 3.42007e-05 3.68204e-05 -1.29752e-05 -1.59741e-06 2.22474e-05 -2.13619e-05 -2.63237e-06 -6.11522e-05 1.71305e-05 -2.11555e-06 -1.41862e-05 -4.82622e-05 -3.85503e-05 1.08812e-06
internal_weight=20612 9342 11270 9736 5943 8800 5358 3399 7836 7373 2973 4187 1534 4016 1509 936 669 964 1408 426 5864 585 2873 2604 2608 448 512 403 3883 318 278 1447 552 246 187 365 2160 136 1511 1200 1171 895 605 267 107 2092 257 1473 1301 1981 160 280 246 172 1835 567 225 1011 276 132 269 191 286 590 153 128 1206 3277 1874 1699 79 389 312 220 139 171 187 131 706 290 102 85 463 1142 980 193 149 900
internal_count=20612 9342 11270 9736 5943 8800 5358 3399 7836 7373 2973 4187 1534 4016 1509 936 669 964 1408 426 5864 585 2873 2604 2608 448 512 403 3883 318 278 1447 552 246 187 365 2160 136 1511 1200 1171 895 605 267 107 2092 257 1473 1301 1981 160 280 246 172 1835 567 225 1011 276 132 269 191 286 590 153 128 1206 3277 1874 1699 79 389 312 220 139 171 187 131 706 290 102 85 463 1142 980 193 149 900
is_linear=0
shrinkage=0.0337242


Tree=3
num_leaves=89
num_cat=0
split_feature=25 20 36 36 17 20 20 27 20 31 0 37 0 20 37 31 4 19 4 31 10 20 47 43 20 27 28 0 20 47 19 20 47 29 37 20 15 10 0 19 10 25 17 31 45 31 40 20 15 29 19 42 37 11 27 19 15 4 9 36 22 4 22 38 31 15 38 9 22 29 48 9 20 20 21 13 2 9 4 11 15 4 27 31 31 38 9 10
split_gain=0.00454893 0.00166907 0.000640442 0.000527175 0.000507883 0.00048463 0.000419955 0.000281037 0.000277949 0.000273937 0.000217893 0.000203879 0.000196553 0.000188506 0.00016534 0.000151913 0.000133986 0.000125995 0.000122199 0.000115031 0.000114714 0.000108291 9.6978e-05 0.000111954 9.39717e-05 9.05104e-05 8.98075e-05 0.000114622 8.93639e-05 8.92887e-05 8.28279e-05 8.2482e-05 7.82452e-05 8.37828e-05 7.78016e-05 7.70682e-05 7.92763e-05 7.34965e-05 6.98857e-05 6.97107e-05 6.86857e-05 6.65939e-05 6.39576e-05 6.31681e-05 6.98623e-05 5.96833e-05 5.89304e-05 5.85811e-05 5.73343e-05 5.59588e-05 5.56664e-05 5.48681e-05 5.412e-05 5.2546e-05 5.19784e-05 5.1632e-05 4.9953e-05 4.85474e-05 4.56341e-05 4.47397e-05 4.44923e-05 4.63489e-05 4.3541e-05 4.26743e-05 4.16179e-05 4.04994e-05 4.02919e-05 4.01934e-05 3.97798e-05 3.92077e-05 4.32794e-05 3.86748e-05 3.86304e-05 3.73957e-05 3.71056e-05 3.65388e-05 3.58189e-05 3.46551e-05 3.45462e-05 7.15264e-05 3.59276e-05 3.40848e-05 3.89651e-05 3.32813e-05 3.30839e-05 3.29243e-05 3.2334e-05 4.12297e-05
threshold=-0.50336020902389966 1.112399732620321 -0.0034188134087615447 0.0031974440894568805 -0.22122670489453203 21.775000000000006 7.9848484848484862 739.2223563590718 0.064796071375018763 30.500000000000004 5.5000000000000009 0.0031471301936315537 171.50000000000003 0.47558265582655829 -0.0036957194758839291 18.500000000000004 -0.45402510034484705 0.076749478042883026 -0.93329894284583614 113.50000000000001 -1.5629699248120297 0.78156090022215785 -21.202334409883374 0.0068634212152730587 0.035087852626459151 1.8266872819476949 -0.99634683855938355 121.50000000000001 0.69054196264141032 -37.037037037050361 0.023633312036341895 88.500000000000014 47.619047619057049 7.5000000000000009 -0.003430541825542532 2.4353400222965447 0.026127829909919617 -0.42857142857142866 14.500000000000002 0.12858018487483494 -1.3421052631578949 -0.98410207284395224 -0.069002150317427804 29.500000000000004 0.0047694753577106628 22.500000000000004 0.0018365488397193987 2.0706476530005946 0.076655977461497868 21.500000000000004 2.0722347036662545 0.0040187559891038402 -0.0037523584241502812 -0.93320610687022887 -1449.2399695552124 -2.7968375802241776 0.033876940208763258 -0.044957318107298312 -0.42080152671755716 -0.0010055306714659704 -0.80130099318722803 -0.1121247668042286 -0.70171975081161697 0.0031670645348953479 44.500000000000007 0.062389499614389304 -0.0034944682791016586 -0.78339694656488545 -0.59922921555232123 19.500000000000004 64.173918172151417 -0.87690839694656486 13.455555555555557 7.1004464285714297 -0.34133532458563165 -0.20158486871712886 -0.71697060870372864 -0.31965648854961826 -0.35588501328509237 -0.98664122137404575 0.094731785822287098 -0.27170840635423138 -6.7225513272663422 257.50000000000006 260.50000000000006 -0.0013670546373333867 -0.31965648854961826 -1.9539473684210522
decision_type=2 2 2 2 10 2 2 8 2 2 2 2 2 2 2 2 2 2 2 2 2 2 2 2 2 10 2 2 2 2 2 2 2 2 2 2 10 2 2 2 2 2 10 2 2 2 2 2 10 2 2 2 2 10 10 2 10 2 8 2 8 2 10 2 2 10 2 10 10 2 2 10 2 2 2 8 2 10 2 10 10 2 10 2 2 2 8 2
left_child=3 4 26 6 10 7 8 9 22 47 18 17 41 15 -11 40 50 28 -2 31 38 54 -1 -24 64 72 57 66 63 52 42 86 -20 58 -17 -32 -37 46 -13 60 -6 53 -16 -23 -45 75 71 -4 -38 -35 -15 -40 -9 -5 -19 67 -55 73 -34 -36 -18 -62 -22 -10 -12 -58 -28 -47 -64 -56 -71 78 -8 -3 -54 -30 -50 -43 79 -26 -80 -49 -83 -21 -57 -41 87 -7
right_child=1 2 5 12 13 19 25 29 11 14 24 20 -14 16 30 34 39 21 32 83 62 43 23 -25 37 -27 27 -29 45 -31 35 -33 33 49 59 36 48 -39 51 85 -42 77 -44 44 -46 55 -48 81 76 -51 -52 -53 74 56 69 84 65 -59 -60 -61 61 -63 68 -65 -66 -67 -68 -69 -70 70 -72 -73 -74 -75 -76 -77 -78 -79 80 -81 -82 82 -84 -85 -86 -87 -88 -89
leaf_value=-9.4298028982177563e-05 -7.835554264764991e-05 4.7882073575789402e-05 -3.0119731014621422e-05 0 -8.2252833448912286e-05 3.1738642427750205e-05 2.1282474954707451e-05 4.9369268059802811e-05 -2.4045980979915688e-05 6.3293664583131235e-05 -6.1523850521058977e-05 -4.6869157684904008e-05 -3.5434758810667865e-06 2.9200485293993771e-05 1.3897326607181339e-05 -4.4575995396271267e-05 1.0483579721899943e-05 2.6823256482541349e-05 -8.8982848835244704e-06 3.9047611851230259e-05 -5.8275588776551521e-05 -2.9157893043346845e-05 -3.2664295569516092e-05 -9.49397100183371e-05 6.1197737410735912e-05 6.4371076384367985e-06 7.0176280822997452e-05 -6.6268252237956387e-06 -8.6354151372703641e-06 -1.9942277612036472e-06 2.5041318668307755e-05 9.7714671806056633e-05 -8.4374323117994969e-07 -4.9860947699983248e-05 1.2165600830821781e-05 -1.4441917841158003e-06 7.1202633057837705e-05 -4.8732554719792731e-05 -1.7640056569695509e-05 3.3034725694235514e-05 -1.2986844876160944e-05 -5.449214119615414e-05 2.6618081783833474e-05 2.9727907592120574e-06 4.1779589795730824e-05 -2.5618615774512909e-06 1.5694650053428325e-05 2.788736647502264e-05 7.2626486934888548e-05 -2.4766750115001326e-05 7.4394467683157819e-05 3.1217979876045426e-05 2.0265457657749148e-05 -6.6243662786300868e-05 -1.199773181737971e-05 -1.1215610570480931e-05 0 9.4276640501702582e-05 -3.2538179502362938e-05 -2.5039528042096923e-06 -1.6286024185687813e-07 -4.100568512049837e-05 -9.7952067287523483e-07 -5.1301152460362947e-05 -1.5079197683198962e-05 -4.2009728078627692e-05 3.9077420749567733e-05 -3.3019806411930521e-05 -4.9230924269229797e-05 -4.4244002797531241e-05 -8.1085606157185132e-06 -5.6893651589221742e-06 6.3808166312075124e-05 8.1669531100422816e-05 6.4189215258078718e-06 -4.6261388023934506e-05 3.4617769348322738e-05 -7.9231073529466628e-05 -3.154872243284284e-05 3.9194790173801331e-06 1.5889758468975295e-05 -1.7483167186807755e-05 7.1423469676745762e-06 7.9936752055097876e-06 2.1006211506790135e-05 1.4584658207049724e-05 3.7270120796594841e-05 7.63748339492117e-05
leaf_weight=38 44 127 69 35 37 41 56 46 1360 134 40 51 110 284 1012 41 574 35 450 203 227 58 548 37 37 214 99 41 50 770 876 70 173 200 369 38 96 35 69 163 36 258 889 452 61 72 246 56 38 255 39 42 351 92 1548 1669 37 90 78 639 300 36 41 76 66 125 139 227 46 99 73 875 60 76 679 107 280 125 36 88 34 106 234 59 35 470 106 109
leaf_count=38 44 127 69 35 37 41 56 46 1360 134 40 51 110 284 1012 41 574 35 450 203 227 58 548 37 37 214 99 41 50 770 876 70 173 200 369 38 96 35 69 163 36 258 889 452 61 72 246 56 38 255 39 42 351 92 1548 1669 37 90 78 639 300 36 41 76 66 125 139 227 46 99 73 875 60 76 679 107 280 125 36 88 34 106 234 59 35 470 106 109
internal_value=-2.57259e-07 1.2528e-05 2.3738e-05 -1.98864e-05 -1.02605e-06 2.05939e-05 -1.70652e-05 1.75474e-05 -1.88198e-05 2.27699e-05 -1.17685e-05 -1.67002e-05 -4.62835e-05 8.49405e-06 2.6126e-05 -2.35539e-06 1.50695e-05 -1.49665e-05 -2.24224e-05 4.98272e-05 -3.80665e-05 -8.77242e-06 -4.04325e-05 -3.67683e-05 -2.92753e-06 1.99733e-05 5.79901e-05 4.33961e-05 -1.89461e-05 6.66507e-06 2.45537e-05 6.35178e-05 -2.02098e-05 -2.72828e-05 8.27593e-07 3.11468e-05 4.27656e-05 -4.55888e-07 -1.41749e-05 1.08438e-05 -4.94184e-05 -5.31358e-05 1.9897e-05 3.85482e-06 7.77567e-06 -1.45071e-05 7.54622e-07 -1.29423e-06 4.70569e-05 -3.60096e-05 3.49566e-05 0 1.29516e-05 -3.9969e-05 -1.29359e-05 -1.28608e-05 -4.53093e-05 7.15568e-05 -1.10781e-05 2.77026e-06 4.72439e-06 -4.82656e-06 -5.00849e-05 -2.55558e-05 -3.35174e-05 -3.2824e-05 5.24197e-05 -2.60087e-05 -2.76028e-05 -1.38011e-05 -2.94694e-05 -2.58985e-06 4.41118e-05 6.10078e-05 1.12313e-05 -3.48943e-05 3.94637e-05 -6.28186e-05 1.08225e-05 2.16471e-05 -7.12636e-06 3.48431e-06 -2.50735e-07 3.24235e-05 -1.04971e-05 1.94883e-05 5.37895e-05 6.48187e-05
internal_weight=20612 12479 6834 8133 5645 6262 7351 5674 7021 3828 2657 6398 782 2988 3363 1122 1866 5922 1200 588 476 2326 623 585 1457 330 572 279 3596 1846 3229 326 1156 706 1049 1328 452 1351 162 1543 73 672 1901 571 513 2160 1316 465 414 455 323 111 1076 289 1755 2003 254 293 251 1008 910 336 314 1436 106 162 238 299 87 1720 172 1070 116 203 1030 157 318 383 195 125 70 396 340 262 1704 633 256 150
internal_count=20612 12479 6834 8133 5645 6262 7351 5674 7021 3828 2657 6398 782 2988 3363 1122 1866 5922 1200 588 476 2326 623 585 1457 330 572 279 3596 1846 3229 326 1156 706 1049 1328 452 1351 162 1543 73 672 1901 571 513 2160 1316 465 414 455 323 111 1076 289 1755 2003 254 293 251 1008 910 336 314 1436 106 162 238 299 87 1720 172 1070 116 203 1030 157 318 383 195 125 70 396 340 262 1704 633 256 150
is_linear=0
shrinkage=0.0337242


Tree=4
num_leaves=89
num_cat=0
split_feature=25 20 52 17 52 20 0 20 20 20 22 27 53 20 27 20 31 31 20 31 36 44 54 27 13 15 11 20 17 27 16 54 51 37 27 40 4 20 52 54 50 18 31 20 54 52 48 29 31 31 7 0 31 31 31 41 52 22 31 27 11 52 52 31 7 0 31 54 16 17 55 50 31 41 54 2 22 20 27 15 54 52 27 31 11 0 39 12
split_gain=0.00421655 0.00151671 0.00118068 0.000671976 0.000500054 0.000329483 0.000207475 0.000206946 0.000190085 0.00018358 0.000178333 0.000171257 0.00016652 0.000165815 0.000155892 0.000138358 0.000301765 0.000137747 0.000133825 0.000133215 0.000122075 0.000116139 0.000113644 0.000104953 9.92593e-05 9.60923e-05 9.24182e-05 8.82066e-05 8.4934e-05 8.09411e-05 8.00248e-05 7.19204e-05 7.08371e-05 6.99085e-05 6.98803e-05 6.92045e-05 6.97633e-05 6.69092e-05 6.57274e-05 6.54606e-05 6.4026e-05 6.31207e-05 6.23346e-05 6.21241e-05 8.09195e-05 9.2551e-05 6.16676e-05 7.88204e-05 6.12837e-05 7.67408e-05 7.11106e-05 5.93591e-05 5.87717e-05 5.85995e-05 5.76564e-05 5.87337e-05 7.01458e-05 5.67043e-05 5.69609e-05 5.60267e-05 5.58612e-05 5.31239e-05 5.23739e-05 4.89476e-05 4.73193e-05 4.61703e-05 5.36228e-05 4.4779e-05 4.469e-05 4.45989e-05 4.45579e-05 4.43685e-05 4.68239e-05 4.38231e-05 4.86639e-05 4.35258e-05 4.30281e-05 4.3024e-05 4.24788e-05 4.17518e-05 4.13845e-05 3.94335e-05 3.85518e-05 3.77164e-05 3.7627e-05 3.70671e-05 3.84178e-05 3.67341e-05
threshold=-0.50336020902389966 2.0105823068309077 0.30898654311297541 -0.22122670489453203 0.24559512179120904 7.6545092838196309 3.5000000000000004 0.47558265582655829 24.422222222222224 0.064796071375018763 -0.39885496183206098 -43.098500458599325 64.601167639099813 0.10874113152628707 25.268096092262351 21.775000000000006 29.500000000000004 20.500000000000004 0.19160277575689744 81.500000000000014 -0.0028149204651254918 0.0065573946718481277 -7.667666933843539 50.980596489855053 -0.2201506747180558 0.13264452328985962 -0.63645038167938928 0.69649014778325136 -0.20541565489599481 -19.588885529748278 0.49718045112781956 -18.105665176302455 77.777777777778056 -0.003430541825542532 -2061.2087855180366 0.0027991616226910048 -0.7506642546215162 0.3273676062353193 0.24870785137133392 1.2760399555366588 33.333333333333186 0.023619444832342965 148.50000000000003 0.092628342628342644 -1.8816781501552204 0.34498385841469054 22.468220257617716 15.500000000000002 23.500000000000004 136.50000000000003 0.19117265814033879 30.500000000000004 31.500000000000004 246.50000000000003 41.500000000000007 -0.0018034279767131787 0.21698582197887198 -0.35755023251732904 37.500000000000007 50.980596489855053 -0.63263358778625933 0.24342507069695665 0.18015889627939699 62.500000000000007 0.69498574144486713 184.50000000000003 106.50000000000001 27.466729457953662 0.14191729323308275 -0.072430590093911798 9207.0000000000018 99.999999999999886 105.50000000000001 0.003192340421195317 7.628694729687771 0.1121902914222128 -0.88910093299406256 2.9569842738205372 -2.0317120150576935 0.027406984213507811 -7.3249918946688348 0.22947859096834008 4.8259497749587386 256.50000000000006 -0.65553435114503811 13.500000000000002 0.0027759156090831909 -0.87690839694656486
decision_type=2 2 2 10 2 2 2 2 2 2 8 8 2 2 8 2 2 2 2 2 2 2 2 10 10 10 10 2 10 10 2 2 2 2 10 2 2 2 2 2 2 10 2 2 2 2 2 2 2 2 10 2 2 2 2 2 2 8 2 10 10 2 2 2 8 2 2 2 2 10 2 2 2 2 2 2 10 2 10 10 2 2 10 2 10 2 2 10
left_child=2 3 5 6 8 9 18 17 14 21 13 35 84 73 52 16 31 39 19 -2 26 68 -18 34 38 30 -9 32 -16 -7 40 -6 41 -19 -22 -11 -37 -27 -20 -5 -15 67 69 57 46 63 47 -45 50 -50 -29 -44 70 -17 -36 56 -56 58 -8 83 61 -38 -10 -46 81 66 -25 -13 -1 -24 -3 72 -26 -4 -75 -58 -47 -53 -65 -54 -42 -48 -71 -51 -12 -34 -87 -62
right_child=1 4 10 7 15 29 43 20 62 11 12 27 -14 25 28 53 22 33 24 -21 23 -23 42 65 71 37 -28 48 -30 -31 -32 -33 85 -35 54 36 60 -39 -40 -41 80 -43 51 44 45 76 64 -49 49 59 -52 77 79 -55 55 -57 75 -59 -60 -61 87 -63 -64 78 -66 -67 -68 -69 -70 82 -72 -73 -74 74 -76 -77 -78 -79 -80 -81 -82 -83 -84 -85 -86 86 -88 -89
leaf_value=-4.5388106471237581e-05 -7.454560169067596e-05 3.4845287103303828e-05 -0.00010194783839116142 -7.060574817182547e-05 4.0579484822969232e-05 5.1671169388313272e-05 -5.9793302313919674e-05 6.3921444959405937e-05 3.2976849598689758e-05 -5.7336326384344632e-06 0 -2.0855454784511654e-05 -5.3502397468972927e-05 -9.2351035752582451e-05 0 8.733173050874885e-05 7.2369100181747349e-05 -4.2938850633630321e-05 -2.2040096288882218e-05 -2.408531014169e-05 3.9410669231172825e-06 -8.3287069594742489e-05 4.2036528515672879e-05 1.4924974882121874e-05 1.4033084660730958e-05 -6.1337785255607716e-05 2.2629920934218343e-05 2.2556016822135209e-06 1.6189754060716449e-05 1.044523433512673e-05 -3.3718906021533871e-05 -1.2206859178334038e-05 -2.6500755849271549e-05 4.1190818925317038e-06 -3.9380404481093465e-06 5.927231352367316e-05 5.4083856038812321e-06 -1.9223427698187673e-05 -6.901922752216876e-05 -6.8065617564808656e-06 -3.3801414134449434e-05 -4.4255430456372887e-05 4.3681641065170346e-05 0 -9.4038808061021063e-06 7.056744189797793e-05 -4.2668070472997652e-06 -7.410768856106537e-05 -7.3549471502397281e-07 -1.0391808949702366e-05 -4.5329800916861443e-05 -9.9302052984267892e-06 0 3.8726000445881011e-05 2.2263131458448385e-05 1.8363829071365349e-05 3.0686543005035837e-05 1.8021927685018714e-05 -1.4846526886204383e-05 -2.2574721059953368e-05 6.6603830742755017e-06 -4.19512306429919e-05 5.9961354972633289e-05 1.3927314882301983e-05 1.3498537169157378e-05 -2.6825478652583418e-05 -1.1884330582118961e-06 -5.3292367945496619e-05 -2.1908197203784167e-05 0.00010596738253661372 1.8497537935252916e-06 -2.2398130951803601e-05 -7.7153264214800336e-06 -3.9494595848561075e-05 -9.2173787986272288e-05 7.1165090058037837e-05 1.4597372847086373e-05 2.7696112298936569e-05 -1.3612474490223164e-06 3.2063424443786935e-05 -5.8605712537775011e-05 -2.8557795577060778e-05 5.7318343886909673e-05 1.8739424139118979e-05 4.728990643050625e-05 -1.0509839848447422e-05 2.4289942138368826e-05 5.5691442973552112e-05
leaf_weight=135 87 67 79 45 38 72 42 98 270 973 35 1161 53 62 534 127 199 37 239 221 361 49 161 429 164 57 200 46 1136 260 247 129 171 1011 97 34 108 236 43 37 118 185 251 34 256 35 317 36 752 749 117 46 48 47 257 1323 69 42 187 561 45 35 142 477 116 50 497 55 416 34 176 138 356 56 43 77 38 109 346 959 446 106 86 52 39 572 37 35
leaf_count=135 87 67 79 45 38 72 42 98 270 973 35 1161 53 62 534 127 199 37 239 221 361 49 161 429 164 57 200 46 1136 260 247 129 171 1011 97 34 108 236 43 37 118 185 251 34 256 35 317 36 752 749 117 46 48 47 257 1323 69 42 187 561 45 35 142 477 116 50 497 55 416 34 176 138 356 56 43 77 38 109 346 959 446 106 86 52 39 572 37 35
internal_value=-8.32655e-08 1.22479e-05 -1.90347e-05 3.26561e-06 2.77285e-05 -1.29417e-05 -8.37358e-06 1.16076e-05 2.08977e-05 -1.46793e-05 -4.63895e-05 -1.27798e-05 -7.29033e-06 -5.00122e-05 1.78149e-05 4.61992e-05 4.13882e-05 -8.40813e-07 -1.9204e-05 -3.86526e-05 1.57035e-05 -3.2526e-05 4.92262e-05 1.37085e-05 -1.27286e-05 -4.5195e-05 3.65334e-05 -1.58559e-05 1.09751e-05 1.9677e-05 -5.09405e-05 0 -2.07547e-05 2.36545e-06 1.78319e-05 -1.55191e-06 1.39039e-05 -2.77462e-05 -2.95464e-05 -4.29971e-05 -5.75812e-05 -2.53568e-05 4.23818e-05 -1.67427e-06 5.85988e-07 5.89368e-06 -9.29545e-06 -3.92913e-05 -1.11212e-05 -9.51901e-06 -3.13078e-05 3.33157e-05 2.68754e-05 7.47581e-05 2.05296e-05 2.19606e-05 3.35286e-05 -1.67185e-05 -2.35122e-05 -1.42977e-05 6.55332e-06 -5.50722e-06 4.2512e-05 3.31013e-06 -5.22055e-06 4.38276e-06 6.17225e-06 -2.24021e-05 -2.78364e-05 5.5137e-05 1.13451e-05 -5.37412e-06 -6.7033e-07 -8.10246e-05 -6.33519e-05 5.26969e-05 4.27565e-05 1.5906e-05 7.38236e-06 3.05271e-05 -5.35875e-05 -1.05824e-05 7.19078e-05 -8.37997e-06 2.45013e-05 -1.23648e-05 -8.23685e-06 2.93197e-05
internal_weight=20518 12427 8091 7868 4559 6620 3280 4588 3332 6288 1471 5688 127 1344 2920 1227 1053 1130 1248 308 3458 600 886 3160 940 1166 298 4458 1670 332 873 167 2181 1048 2184 1230 257 293 282 82 626 1401 687 2032 1761 1152 609 70 2277 2114 163 406 1250 174 1823 1726 403 271 229 1362 223 143 412 1079 539 976 926 1216 551 281 243 658 520 178 99 146 73 155 823 1007 564 423 120 801 74 780 609 80
internal_count=20518 12427 8091 7868 4559 6620 3280 4588 3332 6288 1471 5688 127 1344 2920 1227 1053 1130 1248 308 3458 600 886 3160 940 1166 298 4458 1670 332 873 167 2181 1048 2184 1230 257 293 282 82 626 1401 687 2032 1761 1152 609 70 2277 2114 163 406 1250 174 1823 1726 403 271 229 1362 223 143 412 1079 539 976 926 1216 551 281 243 658 520 178 99 146 73 155 823 1007 564 423 120 801 74 780 609 80
is_linear=0
shrinkage=0.0337242


Tree=5
num_leaves=89
num_cat=0
split_feature=25 20 52 52 17 20 16 0 20 31 20 22 20 19 53 20 19 20 16 31 40 20 52 52 27 20 40 16 0 51 41 7 10 15 27 27 13 41 31 40 0 27 20 20 31 13 19 10 13 7 19 31 7 20 50 31 20 0 18 18 52 31 52 18 20 15 17 31 13 52 11 31 0 39 16 38 41 0 31 31 20 38 51 5 45 16 13 19
split_gain=0.00393878 0.00141877 0.00110341 0.000568302 0.000446529 0.000307944 0.000241286 0.000216564 0.000191155 0.000210007 0.000171491 0.000166557 0.000163402 0.000161087 0.000155462 0.000154753 0.000133285 0.000130634 0.000129923 0.000126157 0.000117124 0.000113412 0.0001018 0.000100766 9.98153e-05 9.2653e-05 9.11577e-05 9.06905e-05 8.98093e-05 9.24736e-05 8.20995e-05 7.80992e-05 7.80526e-05 7.65786e-05 7.54648e-05 7.31336e-05 6.81879e-05 6.33836e-05 6.60106e-05 6.18911e-05 6.16243e-05 6.0877e-05 5.88055e-05 5.73278e-05 8.4124e-05 5.60516e-05 5.89881e-05 5.60321e-05 5.57859e-05 8.58349e-05 5.528e-05 6.1192e-05 5.69266e-05 5.46449e-05 5.39867e-05 5.33911e-05 5.33156e-05 5.22876e-05 5.13988e-05 5.09281e-05 4.88051e-05 4.75745e-05 4.70607e-05 4.49347e-05 4.80235e-05 6.17153e-05 5.61627e-05 4.66893e-05 4.40782e-05 4.50465e-05 4.5781e-05 4.5314e-05 4.40071e-05 4.29588e-05 4.28403e-05 4.09331e-05 4.03703e-05 4.0343e-05 3.97468e-05 3.88024e-05 3.79422e-05 3.758e-05 3.75788e-05 3.71317e-05 3.6597e-05 3.62923e-05 3.59199e-05 3.55501e-05
threshold=-0.50336020902389966 1.0997237569060776 0.30898654311297541 0.23185749465095642 -0.28040066118603901 7.6545092838196309 0.53101503759398505 3.5000000000000004 2.7312382739212011 51.500000000000007 0.064796071375018763 -0.39885496183206098 0.15935160457072808 0.31227700437951361 64.601167639099813 0.10874113152628707 0.19508506581659549 14.455555555555557 0.78853383458646631 145.50000000000003 0.0020060200722731296 88.500000000000014 0.20672081706403328 0.15933995774862775 20.176450852005527 0.69649014778325136 0.0037453183520600457 0.50657894736842113 435.50000000000006 30.55555555555711 0.0061012835403079233 0.40411121673003808 -1.0780075187969922 0.12960144364531476 -19.588885529748278 63.885965174545078 -0.034671413314346734 0.0038167938931298333 83.500000000000014 -0.0037842985621813758 29.500000000000004 25.268096092262351 0.3273676062353193 24.422222222222224 42.500000000000007 -0.057046723133862172 3.617881993781737 -1.5159774436090221 -0.0025740577792405807 1.2578134001613093 -3.8616211115286201 23.500000000000004 0.10106291047355688 1.2159512453630104 33.333333333333186 142.50000000000003 0.050096525096525103 69.500000000000014 -0.51970725710726373 -0.13398613321441297 0.22067748338303569 55.500000000000007 0.19444148919142903 -0.56520295543717436 2.1036721898790867 0.033233499494945362 -0.25151582750650942 30.500000000000004 -0.50154704554766671 0.27633600110353379 -0.54866412213740456 31.500000000000004 35.500000000000007 -0.0034423509894537237 0.45300751879699253 0.0032599858654239759 0.003192340421195317 70.500000000000014 208.50000000000003 256.50000000000006 0.39646273753356104 0.0015810286559881927 70.072751322751856 0.067449765849262641 -0.0034944682791016586 0.15319548872180452 -0.074782740114322552 -0.37340957868894969
decision_type=2 2 2 2 10 2 2 2 2 2 2 8 2 2 2 2 2 2 2 2 2 2 2 2 10 2 2 2 2 2 2 10 2 10 10 10 10 2 2 2 2 8 2 2 2 10 2 2 8 8 2 2 10 2 2 2 2 2 10 10 2 2 2 8 2 8 8 2 10 2 10 2 2 2 2 2 2 2 2 2 2 2 2 2 2 2 10 2
left_child=2 4 5 6 7 10 17 23 9 57 30 15 22 25 -13 76 19 36 45 72 28 41 -6 56 58 32 53 33 29 43 85 60 37 54 -7 -21 -3 75 -39 -31 86 63 -35 44 -10 -14 73 -18 49 61 -27 52 -52 59 -17 -53 -2 -5 -25 78 -28 77 -34 -8 -65 -66 -67 -68 -20 71 -71 -70 -11 84 -58 -12 -4 -42 -15 -57 82 -76 -61 -46 -47 -1 -9 -29
right_child=1 3 11 8 12 34 21 40 20 16 13 14 18 26 -16 27 47 -19 68 35 -22 -23 -24 24 -26 50 31 87 -30 39 -32 -33 62 42 -36 -37 -38 38 -40 -41 48 -43 -44 -45 83 46 -48 -49 -50 -51 51 55 -54 -55 -56 79 74 -59 -60 80 -62 -63 -64 64 65 66 67 -69 69 70 -72 -73 -74 -75 81 -77 -78 -79 -80 -81 -82 -83 -84 -85 -86 -87 -88 -89
leaf_value=-4.2062676568807046e-05 -5.7718095058006427e-05 1.8537117576677787e-06 -9.8509736395232731e-05 1.3507641658878377e-06 -6.3006781219740957e-06 4.9928604557376525e-05 -3.1366698423274007e-06 -1.6458582183870476e-05 -2.4446022553722919e-07 5.7250823392724983e-05 -1.8627247461504003e-05 2.3660834220581513e-05 -1.2469651590870811e-06 -6.8903040038254109e-06 -5.1698077775156899e-05 -8.5117441336771821e-05 3.081339548517902e-05 2.9872490633453056e-05 4.4288883165358293e-06 2.2063613060391334e-05 -1.9707213486840443e-06 7.6177837304000696e-05 -5.4483519179672622e-05 -9.399873927949796e-05 -7.5938551583496218e-06 -2.776768359975383e-05 1.7754894325076739e-05 -4.1761398690833185e-05 0 7.6301983760164286e-05 -8.2233443893199985e-05 -2.6412032986773359e-06 -2.8823878107239091e-05 -6.2669003553154237e-05 1.0092977535524411e-05 -1.2904596472294983e-05 1.4216747736154103e-05 4.5767852936788415e-05 -1.8635275124168666e-05 5.1709605812714395e-05 7.8092432900105818e-06 1.583520624838673e-05 -2.1419946320546026e-05 6.7873285708879372e-05 3.1631813474762746e-05 4.4423323691452422e-06 4.7483046245036859e-05 7.5716494670825086e-05 -2.9455868933039642e-05 5.7357569743156211e-05 4.6488672334663184e-06 -4.7637340512120834e-07 -3.8643517842420355e-05 1.4507305808277368e-05 -5.0507150872362661e-05 -1.3676352001686299e-05 4.6463371664824431e-06 -4.20838726412404e-05 -4.6804406816620966e-05 -4.4096605999523687e-05 7.7734326026275121e-05 9.2870537155812157e-06 -6.5627229970505923e-05 2.047391761852269e-05 0 7.884230452737512e-05 1.3063670625369473e-05 3.8428894271107637e-05 -1.6858127164672489e-05 6.1398964655984037e-05 1.8819686642774923e-05 1.9655034754952535e-05 1.6326510288835563e-05 9.4841583242379102e-06 -1.5416260192372997e-05 -4.7424928615875512e-05 -6.1248323654489257e-05 -3.2455833213267357e-05 1.1714244777687308e-05 1.0447385888931916e-05 -5.7437447097056649e-06 -3.982063001034267e-05 -1.3060482545605611e-05 6.2764794806847993e-05 -4.2220185689297508e-05 -2.2029901556506684e-05 1.2476208887355483e-06 -1.0533655834623083e-05
leaf_weight=164 43 1502 79 111 202 72 47 491 68 133 1683 74 1245 498 53 66 58 302 246 214 49 48 69 51 51 205 37 71 42 203 36 59 149 55 260 96 784 35 35 408 43 907 193 67 189 35 45 105 52 36 41 795 138 141 652 1072 78 42 85 92 35 342 65 542 58 38 111 568 38 63 69 715 48 922 324 63 99 68 175 77 184 104 109 71 35 400 164 129
leaf_count=164 43 1502 79 111 202 72 47 491 68 133 1683 74 1245 498 53 66 58 302 246 214 49 48 69 51 51 205 37 71 42 203 36 59 149 55 260 96 784 35 35 408 43 907 193 67 189 35 45 105 52 36 41 795 138 141 652 1072 78 42 85 92 35 342 65 542 58 38 111 568 38 63 69 715 48 922 324 63 99 68 175 77 184 104 109 71 35 400 164 129
internal_value=-8.13968e-08 1.18365e-05 -1.83981e-05 2.21842e-05 -6.95708e-07 -1.25072e-05 1.60818e-05 -1.38425e-05 3.78604e-05 2.51433e-05 -1.41874e-05 -4.48435e-05 6.17262e-06 -1.23505e-05 -7.02709e-06 -4.8345e-05 3.34988e-05 8.94321e-06 8.19378e-06 2.4394e-05 4.71276e-05 2.40068e-05 -1.89253e-05 -2.82635e-05 -5.00156e-05 -1.54891e-05 -1.99351e-06 -4.36848e-05 4.95155e-05 5.15332e-05 -3.144e-05 2.4594e-05 -2.0807e-05 -4.80531e-05 1.90232e-05 1.09229e-05 6.13599e-06 -1.84386e-05 1.21855e-05 6.00384e-05 -4.88721e-06 2.28615e-05 -3.09577e-05 3.81323e-05 3.17625e-05 3.50852e-06 9.31106e-06 6.03317e-05 3.39767e-06 7.08897e-06 -1.08104e-05 -9.12742e-06 -2.81874e-05 -4.97902e-06 -5.38232e-05 -7.32269e-06 -2.06782e-05 -9.94074e-06 -6.52131e-05 -7.66733e-06 4.82541e-05 2.88073e-06 -4.04542e-05 2.74628e-05 2.86282e-05 3.42062e-05 3.69135e-05 3.44247e-05 1.75617e-05 2.11029e-05 3.98739e-05 1.7684e-05 4.6932e-05 7.48202e-06 -1.73395e-05 -1.97217e-05 -7.83288e-05 -1.59869e-05 -1.90894e-06 -1.19756e-05 -1.74822e-05 -2.15721e-05 -2.7747e-05 4.05053e-05 -1.75081e-05 -2.80264e-05 -1.18777e-05 -2.21028e-05
internal_weight=20518 12427 8091 6811 5616 6620 4907 1932 1904 807 6288 1471 3684 5688 127 1344 654 2588 3413 491 1097 2319 271 736 187 4358 1330 1166 1048 1006 600 131 2030 966 332 310 2286 1816 70 611 1196 2271 248 395 328 2282 1037 163 541 489 2328 2123 179 1199 718 1944 549 153 136 1058 72 453 214 1364 1317 775 717 679 1131 885 132 753 181 992 506 1746 178 111 673 1149 385 428 201 260 70 564 655 200
internal_count=20518 12427 8091 6811 5616 6620 4907 1932 1904 807 6288 1471 3684 5688 127 1344 654 2588 3413 491 1097 2319 271 736 187 4358 1330 1166 1048 1006 600 131 2030 966 332 310 2286 1816 70 611 1196 2271 248 395 328 2282 1037 163 541 489 2328 2123 179 1199 718 1944 549 153 136 1058 72 453 214 1364 1317 775 717 679 1131 885 132 753 181 992 506 1746 178 111 673 1149 385 428 201 260 70 564 655 200
is_linear=0
shrinkage=0.0337242


Tree=6
num_leaves=89
num_cat=0
split_feature=25 20 52 52 27 20 31 20 20 27 19 19 22 29 20 20 20 51 17 20 52 22 43 43 51 49 20 20 0 17 38 19 31 4 51 20 31 51 54 6 19 17 53 25 29 6 31 31 4 4 18 40 16 51 4 0 17 36 29 20 26 13 20 2 41 16 20 52 18 1 50 11 20 52 31 19 7 1 27 43 1 17 1 2 39 20 20 41
split_gain=0.00364417 0.00136548 0.000970755 0.000558477 0.000398462 0.000330106 0.000327675 0.000319909 0.000232922 0.000206804 0.000190415 0.000182385 0.000166455 0.000159431 0.00015934 0.00012798 0.000123718 0.000111656 0.000111293 0.00010625 0.000105821 0.000148628 9.16593e-05 8.93407e-05 8.29804e-05 7.97959e-05 7.71575e-05 7.51255e-05 7.40617e-05 7.31929e-05 6.89427e-05 6.8184e-05 6.84202e-05 6.7393e-05 6.62482e-05 6.19084e-05 6.1496e-05 6.02584e-05 5.9523e-05 5.94071e-05 6.82634e-05 6.63323e-05 6.47516e-05 5.86158e-05 5.81348e-05 5.75392e-05 5.67477e-05 6.18453e-05 5.51275e-05 5.46616e-05 5.42566e-05 5.05246e-05 4.91885e-05 4.73326e-05 4.67389e-05 5.20804e-05 6.77621e-05 5.7255e-05 4.66709e-05 6.92173e-05 4.65506e-05 4.49411e-05 4.38792e-05 4.41296e-05 4.37046e-05 4.35824e-05 4.35012e-05 4.31786e-05 4.94153e-05 4.27545e-05 4.21698e-05 4.62506e-05 4.264e-05 4.19751e-05 4.17125e-05 4.06156e-05 4.04949e-05 4.00228e-05 3.94564e-05 3.85511e-05 3.80374e-05 3.79178e-05 3.76358e-05 3.77604e-05 3.74406e-05 3.88576e-05 3.6918e-05 3.63297e-05
threshold=-0.50301931929395438 1.0997237569060776 0.30898654311297541 0.18485270734046927 -1.7976931348623157e+308 21.775000000000006 28.500000000000004 0.69054196264141032 35.928571428571438 893.01065188683435 0.019665043742746139 0.12388396056481811 -0.46462519376444089 8.5000000000000018 0.030816714150047487 0.060213074520303438 0.33398184176394302 82.962962962963246 -0.29944998683479124 1.6795873397435901 0.20851911280123658 -0.90061864621395737 -0.0037854904658183304 0.0027453684861091792 75.925925925927288 44.331607280427093 0.28833019065577209 65.708333333333357 14.500000000000002 -0.20541565489599481 0.001885015812102542 -2.7968375802241776 23.500000000000004 -0.93329894284583614 27.777777777778216 0.19865281683752153 124.50000000000001 27.777777777777388 1.5327573952715563 56.750000000000007 0.18332962030734737 -0.2934360463415347 56.919018765089447 -0.99104749900791733 7.5000000000000009 45.250000000000007 139.50000000000003 260.50000000000006 -0.053267567414777534 -0.36597603030131715 -0.62164334604946514 -1.0000000180025095e-35 0.54605263157894746 88.88888888888782 -0.0014062411668268411 50.500000000000007 -0.056358064421754762 -0.0013689260348931363 11.500000000000002 5.0893882646691644 -0.010137592325821716 -0.044270639521215495 0.504902431990772 0.08475265685155059 -0.003660770124184753 0.25657894736842107 7.6545092838196309 0.32365440609561741 -0.14242832184813392 38.211337779094727 33.333333333333229 -0.83874045801526698 2.8034084809447131 0.39050931425888508 184.50000000000003 -2.6149675448644412 0.42273735453393257 256.43352483275322 -194.1265310187282 -0.0018587360594794486 1337.1750026094032 -0.061402899271525105 114.05341644044429 0.044006637015555246 -0.0015961702105976581 0.15935160457072808 19.871212121212128 -0.0018348623853211008
decision_type=2 2 2 2 10 2 2 2 2 10 2 2 8 2 2 2 2 2 10 2 2 10 2 2 2 2 2 2 2 8 2 2 2 2 2 2 2 2 2 8 2 10 2 2 2 8 2 2 2 2 10 2 2 2 2 2 10 2 2 2 10 8 2 2 2 2 2 2 10 2 2 10 2 2 2 2 10 2 8 2 2 8 2 2 2 2 2 2
left_child=2 4 7 9 18 6 54 15 11 27 25 31 16 34 -12 20 65 43 28 37 -1 -22 50 -13 51 48 84 52 33 -11 87 -9 58 -2 -8 -20 45 -14 81 40 41 -24 64 -17 -35 62 66 -48 67 -30 -15 -18 -3 -54 55 57 -57 -5 -33 -60 -39 -40 63 -27 -43 -4 -34 -6 -69 -31 -53 -72 -73 -42 79 -64 -25 -66 -19 -36 -67 -7 -46 -84 85 -16 -71 -28
right_child=1 3 12 5 10 38 13 8 -10 29 14 23 19 22 26 17 24 78 35 -21 21 -23 39 76 -26 36 30 -29 49 69 -32 32 46 44 74 -37 -38 60 61 -41 73 42 -44 -45 82 -47 47 -49 -50 -51 -52 70 53 -55 -56 56 -58 -59 59 -61 -62 -63 75 -65 77 80 -68 68 -70 86 71 72 -74 -75 -76 -77 -78 -79 -80 -81 -82 -83 83 -85 -86 -87 -88 -89
leaf_value=-2.5837445619495904e-05 -6.4587463580181428e-05 1.3591722302294389e-05 -7.1977880070923667e-05 3.3224495260416261e-05 1.8332326415560225e-06 3.2317023242949553e-05 6.5383734480654614e-06 -2.3741572792987685e-05 6.6598137050178608e-05 -3.7644651033948265e-06 -5.2688588235390649e-05 2.3702028816406313e-06 1.2650835108922818e-05 7.042503786173903e-05 -4.414693857700751e-05 -1.7430278128642846e-05 -1.0933934770808664e-05 1.0669262966323027e-05 -2.523783246853691e-05 4.2474686724998678e-05 -2.4048573805789095e-05 -0.00010244230340792383 4.6233962604020327e-07 5.0323628571762747e-05 -2.2923298915805625e-05 -3.3202869208494925e-06 2.909428025946158e-05 6.3095645392878495e-05 2.8302675397754332e-06 2.1776707833689397e-05 6.2129495825910129e-05 4.9629219677799726e-06 -1.4658397216928137e-06 -8.8640149848486638e-06 6.8609903496210146e-05 -1.5848194834258192e-07 -2.9328211718613166e-05 -6.0850369965709478e-05 6.6479355579802783e-05 1.6413404696104105e-06 4.7505279220681312e-05 6.6451132389126887e-05 2.3653451470359638e-05 -3.1685835965411416e-05 -2.0674772476453038e-05 -4.2898766471732432e-05 -1.169567132654176e-05 3.3224887933024869e-05 -3.1147778560987922e-05 -4.2679570650853593e-05 4.2320111115897775e-05 -7.4824340730710398e-05 2.1217780331324212e-05 4.2887700594649471e-05 3.3598543490301624e-05 -2.1141937396346922e-06 -5.5037709215044828e-05 -4.1758339967492218e-06 -4.9813191777080265e-05 -2.8244671157500698e-06 -1.1028638149404191e-05 0.00012058504805723367 4.3126600487041649e-05 -4.8891563028486223e-05 4.5574255059508237e-05 -5.5000036539978009e-05 2.1215432580581936e-05 4.243444143798257e-05 -3.5641819829102569e-06 2.551978350216748e-06 -1.1682148911477083e-05 -5.3088482703736598e-05 -1.2303507512857593e-05 9.307593560339215e-05 1.5752786624479849e-05 1.9890036000897095e-06 1.6202338193572974e-05 1.7736429930648517e-05 -9.3720218147497029e-06 2.9850402483143609e-05 -1.3435366213677251e-05 6.4931567354432266e-05 -5.0186239497836294e-05 -1.7909759147455839e-05 7.2517433020564701e-06 0 2.7446940394604372e-05 1.4109042125632186e-05
leaf_weight=443 51 1095 231 65 908 74 269 339 52 698 41 489 34 170 35 1519 49 123 135 34 61 57 72 73 288 103 240 47 194 279 41 40 687 237 49 703 183 50 58 62 164 93 324 451 274 41 1058 35 52 35 199 75 1178 139 44 88 43 153 108 60 47 39 34 34 249 200 111 67 38 578 50 326 39 34 147 170 114 94 912 117 36 159 155 71 440 62 79 1145
leaf_count=443 51 1095 231 65 908 74 269 339 52 698 41 489 34 170 35 1519 49 123 135 34 61 57 72 73 288 103 240 47 194 279 41 40 687 237 49 703 183 50 58 62 164 93 324 451 274 41 1058 35 52 35 199 75 1178 139 44 88 43 153 108 60 47 39 34 34 249 200 111 67 38 578 50 326 39 34 147 170 114 94 912 117 36 159 155 71 440 62 79 1145
internal_value=1.18305e-07 1.16927e-05 -1.73183e-05 2.17255e-05 -8.26671e-07 3.3456e-05 2.90963e-05 -1.18935e-05 -4.05231e-06 1.37745e-05 5.6464e-06 -5.26313e-06 -4.22829e-05 3.45222e-05 1.26176e-05 -1.8828e-05 -4.63711e-05 -1.60062e-05 -1.35597e-05 -9.636e-06 -3.37709e-05 -6.27359e-05 4.05293e-05 1.01672e-05 -3.82147e-05 -2.86496e-06 1.40308e-05 1.99652e-05 -2.1083e-05 4.39909e-06 1.81473e-05 -9.58125e-06 -7.24823e-06 -2.60111e-05 1.92764e-05 -4.31406e-06 -1.31371e-05 -2.38988e-05 6.53461e-05 3.53718e-05 3.73084e-05 3.2787e-05 3.57222e-05 -2.07429e-05 -2.32105e-05 -5.12755e-06 -5.16478e-06 -1.01688e-05 2.4938e-06 -3.70332e-06 5.55301e-05 -4.6206e-05 1.90847e-05 2.35783e-05 6.43867e-07 -3.23393e-06 -2.02239e-05 6.53227e-06 -2.57249e-05 -3.36069e-05 -3.77065e-05 8.92298e-05 -3.0267e-07 -1.53355e-05 4.4469e-05 -6.06079e-05 1.56795e-06 4.31614e-06 2.48668e-05 1.05901e-05 -4.95359e-05 -4.47328e-05 -4.89955e-05 5.58188e-05 2.99149e-05 9.3191e-06 3.00393e-05 3.8227e-05 -6.89691e-06 4.18738e-05 -4.90692e-05 5.49882e-05 -2.98173e-05 -4.0474e-05 2.91936e-06 -1.57362e-05 5.69256e-06 1.67756e-05
internal_weight=20539 12348 8191 6859 5489 2766 2436 6732 3166 4093 3634 3114 1459 2043 2004 3566 1294 3005 1855 165 561 118 1461 676 827 1630 1963 2459 1017 1634 1426 2438 2099 788 582 838 565 131 330 1092 1030 832 760 1970 737 382 1891 1093 1065 229 369 539 2412 1317 393 349 131 218 208 168 97 97 341 137 436 467 798 1013 105 936 490 415 365 198 313 204 187 343 1035 166 236 233 500 226 537 97 657 1385
internal_count=20539 12348 8191 6859 5489 2766 2436 6732 3166 4093 3634 3114 1459 2043 2004 3566 1294 3005 1855 165 561 118 1461 676 827 1630 1963 2459 1017 1634 1426 2438 2099 788 582 838 565 131 330 1092 1030 832 760 1970 737 382 1891 1093 1065 229 369 539 2412 1317 393 349 131 218 208 168 97 97 341 137 436 467 798 1013 105 936 490 415 365 198 313 204 187 343 1035 166 236 233 500 226 537 97 657 1385
is_linear=0
shrinkage=0.0337242


Tree=7
num_leaves=89
num_cat=0
split_feature=25 20 52 52 27 20 20 31 20 27 19 19 22 20 29 24 52 20 54 17 15 51 53 20 17 48 20 20 51 17 51 51 9 38 19 31 31 8 20 6 25 20 5 31 31 54 19 54 45 1 20 8 52 31 1 54 9 6 16 9 16 51 29 20 20 16 20 1 1 17 42 31 1 20 54 12 38 52 39 18 25 38 27 15 19 39 20 16
split_gain=0.00340456 0.00127662 0.000907334 0.000522144 0.000372439 0.000308756 0.000298914 0.000293239 0.000217485 0.000193065 0.000177913 0.000170514 0.000156209 0.000148861 0.00014528 0.000123229 0.000121736 0.000116785 0.000110811 0.000103953 0.00010328 9.98737e-05 8.85695e-05 7.79682e-05 7.53604e-05 7.4713e-05 7.20586e-05 7.00235e-05 6.93614e-05 6.84324e-05 6.72711e-05 6.58024e-05 6.45395e-05 6.42629e-05 6.36096e-05 6.38546e-05 6.21268e-05 6.17006e-05 6.10704e-05 5.97146e-05 5.84247e-05 5.77792e-05 5.45853e-05 5.29484e-05 5.78006e-05 5.15134e-05 5.93899e-05 0.000101508 6.35027e-05 4.92893e-05 4.91138e-05 5.13901e-05 5.03962e-05 4.81462e-05 4.7634e-05 4.689e-05 7.18367e-05 4.63903e-05 4.58459e-05 4.58248e-05 4.44649e-05 4.40633e-05 4.37624e-05 6.44413e-05 4.34045e-05 4.15452e-05 4.06253e-05 3.98336e-05 3.9552e-05 4.17211e-05 3.9313e-05 3.89423e-05 3.86239e-05 3.88583e-05 4.24203e-05 4.59054e-05 3.60433e-05 3.60221e-05 4.49027e-05 3.59439e-05 3.57114e-05 3.5324e-05 3.51974e-05 3.47916e-05 3.63017e-05 3.47634e-05 3.44383e-05 3.43089e-05
threshold=-0.50301931929395438 1.0997237569060776 0.30898654311297541 0.18485270734046927 -1.7976931348623157e+308 24.422222222222224 0.69054196264141032 29.500000000000004 35.928571428571438 893.01065188683435 0.019665043742746139 0.12388396056481811 -0.41504651717557245 0.030816714150047487 8.5000000000000018 4999.5000000000009 0.20851911280123658 0.33398184176394302 27.466729457953662 -0.29944998683479124 0.12960144364531476 27.777777777776318 64.601167639099813 2.5448791714614503 -0.38709553553143555 66.580529515308271 0.28833019065577209 65.708333333333357 88.888888888889085 -0.20541565489599481 87.962962962962777 27.777777777778216 -0.64408396946564872 0.001885015812102542 -2.7968375802241776 23.500000000000004 254.50000000000003 -0.10000000000000496 65.708333333333357 -23.749999999999996 -0.99326601472410303 0.19865281683752153 -0.14956934116602613 139.50000000000003 260.50000000000006 -28.566103874311519 -5.328843120284886 -0.88703458641453437 -0.0068847019789074473 711.4183164165147 0.021475127590235506 0.10000000000000499 0.31407658132525668 238.50000000000003 270.39168624394995 -7.5074297789266007 -0.10114503816793892 45.750000000000007 0.54605263157894746 -0.1364503816793893 0.48966165413533841 88.88888888888782 11.500000000000002 5.0893882646691644 5.0893882646691644 0.25657894736842107 7.6545092838196309 38.211337779094727 145.03137345989367 -0.48578523156139369 -0.0037558718560001809 184.50000000000003 714.50371660227631 6.0555984555984566 1.5327573952715563 -0.82347328244274798 0.0015898251192368875 0.34702139794647907 -0.0015961702105976581 0.3142911533971387 -0.49513148331966034 -0.0015117166611058328 -5.5788056631022185 0.26325271237848707 0.12858018487483494 -0.0013689260348931363 19.871212121212128 0.92951127819548884
decision_type=2 2 2 2 10 2 2 2 2 10 2 2 8 2 2 10 2 2 2 10 10 2 2 2 8 2 2 2 2 8 2 2 10 2 2 2 2 8 2 8 2 2 2 2 2 2 2 2 2 2 2 10 2 2 2 2 10 8 2 10 2 2 2 2 2 2 2 2 2 10 2 2 2 2 2 8 2 2 2 8 2 2 10 10 2 2 2 2
left_child=2 4 6 9 19 7 16 37 11 27 24 34 17 -12 31 23 30 65 21 39 28 -18 32 57 -6 -13 77 58 60 -11 40 -9 -14 81 -8 62 38 -5 54 -2 -1 -21 68 66 -45 -26 47 -47 -48 79 -41 52 -52 80 -7 -17 -57 59 -3 70 -19 -60 -36 -64 76 -4 -37 -31 -23 -70 -16 85 73 74 75 -39 -27 78 -15 -44 -25 83 -67 84 -28 -33 -69 -82
right_child=1 3 12 5 10 36 8 14 -10 29 13 25 22 26 15 55 18 20 -20 41 -22 42 -24 53 45 64 33 -29 -30 67 -32 71 -34 -35 35 43 -38 72 -40 50 -42 -43 49 44 -46 46 48 -49 -50 -51 51 -53 -54 -55 -56 56 -58 -59 61 -61 -62 -63 63 -65 -66 82 -68 86 69 -71 -72 -73 -74 -75 -76 -77 -78 -79 -80 -81 87 -83 -84 -85 -86 -87 -88 -89
leaf_value=-1.4688150269419631e-05 1.4102461260489893e-06 1.3133352643690739e-05 -6.95504859260163e-05 3.6943841804966732e-05 -2.2617145453287947e-05 4.8914338829044289e-05 -2.2940907627288618e-05 6.5206548462706973e-06 6.4352174481096329e-05 -3.6375115892292062e-06 -5.0911713799788524e-05 -1.306085303130873e-06 -1.6308668360237384e-05 -2.1959303201609423e-05 5.5918195668799633e-05 6.8929221490982568e-05 -7.1187375533361712e-05 -5.5281120849851063e-05 -8.7089750219341259e-05 -2.4386707725767778e-05 -1.6969411847527761e-05 -2.2647143927323298e-05 -3.6564621549119808e-05 1.2211008780446567e-05 -1.6678331287020093e-05 4.6441185807443321e-06 1.0020280960982809e-05 6.0967801444935069e-05 -1.4415006956145915e-05 2.1042306493374604e-05 -7.6935922576164516e-06 5.9471136213975436e-05 4.3396050592322719e-05 6.0034235654127371e-05 4.7955517731475478e-06 -1.4164054864370786e-06 1.896511166597406e-05 0 9.7375375463840718e-05 -6.336519280762051e-05 -2.7106942498362417e-05 -1.5313742532755154e-07 -3.5639935278784211e-05 -1.1301244424453849e-05 3.2104409527885781e-05 7.3493722830838895e-05 -4.1228123826976707e-05 -3.9096495965930871e-06 1.9763592991051135e-06 -7.0260414567507732e-05 -2.09375931273014e-05 -4.9068089712047719e-05 1.539470066514157e-05 8.2646964790533015e-06 9.7039235283162708e-05 5.0143294524490894e-05 0 -1.0616780308449369e-05 2.0502228033991928e-05 -4.1072524154261706e-07 -3.1541026253135579e-05 4.1441349190071286e-05 -4.8133284494313634e-05 -2.7292143624698012e-06 5.2692768746820795e-05 -3.620691118394693e-05 2.0499960072592923e-05 2.4659150779778685e-06 -1.2887145431324276e-05 3.5916597526619431e-05 2.3785598707444793e-05 1.6311771114035235e-05 2.669804321290977e-05 5.9094690105207236e-06 9.856350961517563e-07 -4.7442101268345717e-05 2.9075655729104979e-05 3.170242121684383e-05 4.8622840380889333e-06 -9.9825485784063373e-06 5.4397029009632791e-05 1.2747734611201268e-05 -6.6383599208149859e-05 8.4297426184594766e-06 4.0198781857170109e-05 2.5214709284671509e-05 2.6521316294718226e-05 2.8875104749941404e-05
leaf_weight=1378 118 1095 231 52 192 147 339 272 52 698 41 332 35 86 59 163 57 379 41 135 233 80 65 42 186 167 72 47 86 279 931 75 45 41 40 687 35 35 80 36 678 703 174 1058 35 35 40 38 1139 35 745 75 43 52 35 328 36 43 1178 62 148 139 108 60 45 154 111 578 37 39 283 151 45 146 74 68 132 45 406 116 296 1012 83 112 189 88 79 99
leaf_count=1378 118 1095 231 52 192 147 339 272 52 698 41 332 35 86 59 163 57 379 41 135 233 80 65 42 186 167 72 47 86 279 931 75 45 41 40 687 35 35 80 36 678 703 174 1058 35 35 40 38 1139 35 745 75 43 52 35 328 36 43 1178 62 148 139 108 60 45 154 111 578 37 39 283 151 45 146 74 68 132 45 406 116 296 1012 83 112 189 88 79 99
internal_value=1.14823e-07 1.13023e-05 -1.67387e-05 2.10033e-05 -8.02241e-07 3.23466e-05 -1.14934e-05 2.83692e-05 -3.91256e-06 1.3314e-05 5.45526e-06 -5.08354e-06 -4.08748e-05 1.2194e-05 3.3635e-05 3.93818e-05 -1.81967e-05 -4.45548e-05 -3.25008e-05 -1.3113e-05 -3.6765e-05 -2.8161e-05 -6.85987e-06 3.17749e-05 -2.77034e-06 9.83399e-06 1.35613e-05 1.92958e-05 -4.41315e-05 4.25273e-06 -1.53916e-05 1.91227e-05 1.6067e-05 1.75399e-05 -9.25947e-06 -7.00379e-06 6.50862e-05 2.44925e-06 7.08784e-05 -2.03848e-05 -1.88305e-05 -4.17246e-06 -2.28613e-05 -4.98888e-06 -9.82287e-06 -5.32031e-08 2.33946e-06 3.18775e-05 4.28571e-07 -3.08054e-05 -2.33531e-05 -2.1572e-05 -1.88323e-05 4.1294e-05 5.87003e-05 5.27089e-05 4.51799e-05 2.11451e-05 1.84437e-05 2.47649e-05 -4.87975e-05 2.27856e-05 -2.48573e-05 -3.24929e-05 2.08664e-05 -5.84299e-05 1.51099e-06 1.024e-05 -5.69133e-06 1.08851e-05 2.96116e-05 2.97313e-05 -2.16234e-06 -6.4824e-06 -1.725e-05 -3.12898e-05 1.57532e-05 2.81601e-06 0 -2.57103e-05 4.50031e-05 1.62122e-05 -4.7183e-05 2.53525e-05 3.2244e-05 4.15699e-05 5.50555e-06 4.82451e-05
internal_weight=20539 12348 8191 6859 5489 2766 6732 2469 3166 4093 3634 3114 1459 2004 2049 1463 3566 1314 579 1855 846 538 145 936 1630 676 1963 2459 613 1634 2987 586 80 1426 2438 2099 297 420 262 1017 2056 838 481 1891 1093 1438 1252 73 1179 325 899 863 788 489 182 527 364 447 2412 404 527 1317 208 168 344 468 798 936 156 76 342 314 368 323 177 103 299 537 492 290 437 1385 237 373 261 163 657 395
internal_count=20539 12348 8191 6859 5489 2766 6732 2469 3166 4093 3634 3114 1459 2004 2049 1463 3566 1314 579 1855 846 538 145 936 1630 676 1963 2459 613 1634 2987 586 80 1426 2438 2099 297 420 262 1017 2056 838 481 1891 1093 1438 1252 73 1179 325 899 863 788 489 182 527 364 447 2412 404 527 1317 208 168 344 468 798 936 156 76 342 314 368 323 177 103 299 537 492 290 437 1385 237 373 261 163 657 395
is_linear=0
shrinkage=0.0337242


Tree=8
num_leaves=89
num_cat=0
split_feature=25 20 20 36 36 20 15 17 39 20 20 37 16 51 0 19 37 44 31 0 38 20 31 19 20 54 20 20 54 47 11 19 19 54 47 0 31 19 20 51 0 20 1 24 11 7 7 25 31 24 7 31 0 15 15 48 16 17 24 20 19 31 29 26 4 0 41 37 51 39 4 12 6 21 11 41 7 4 41 19 31 39 36 28 17 30 5 40
split_gain=0.00330703 0.00123861 0.000475088 0.000446819 0.000396545 0.000393338 0.000317338 0.000230317 0.000222189 0.000212961 0.000156497 0.000139887 0.000136729 0.00013495 0.000126371 0.000126265 0.00012362 0.0001145 9.77817e-05 9.69654e-05 9.53932e-05 9.53761e-05 9.2359e-05 0.00010774 8.04697e-05 7.6925e-05 7.26869e-05 7.06377e-05 6.87993e-05 6.44864e-05 6.44398e-05 6.37259e-05 6.2721e-05 6.2557e-05 8.73126e-05 8.82734e-05 7.22391e-05 6.3492e-05 6.14025e-05 5.72667e-05 5.26875e-05 5.23381e-05 5.12729e-05 4.97989e-05 4.95547e-05 5.47365e-05 4.89517e-05 6.59441e-05 4.71274e-05 8.09098e-05 4.54766e-05 4.49121e-05 4.47807e-05 4.47569e-05 7.10317e-05 4.40047e-05 4.36762e-05 4.67113e-05 4.27687e-05 4.22458e-05 5.87526e-05 5.58965e-05 4.57516e-05 4.21541e-05 6.37762e-05 9.47942e-05 4.20084e-05 4.1555e-05 4.09817e-05 3.98704e-05 3.88202e-05 3.73776e-05 3.73358e-05 3.71848e-05 3.70012e-05 3.74335e-05 3.69816e-05 3.52664e-05 3.51966e-05 4.1433e-05 3.49899e-05 3.49346e-05 3.65814e-05 3.6019e-05 4.54844e-05 3.45331e-05 3.46593e-05 3.33663e-05
threshold=-0.50352856925817868 1.0997237569060776 7.6545092838196309 -0.0033841044434264607 0.003137256831838076 21.775000000000006 0.024870211233971599 -0.22122670489453203 0.0064257069567954525 0.13256584685156117 0.064796071375018763 -0.003502637713164058 0.78853383458646631 88.88888888888782 126.50000000000001 0.05979885166619426 0.0031771267065384694 0.0065573946718481277 222.50000000000003 68.500000000000014 0.0015325679497176783 18.017241379310349 28.500000000000004 0.023633312036341895 88.500000000000014 35.972847228832279 2.4353400222965447 1.8673632583431072 -4.7642622181980219 -121.21212121212443 -0.59446564885496167 2.5959922663337811 0.12388396056481811 -1.3281697431173893 55.555555555518069 5.5000000000000009 20.500000000000004 0.036748927727460419 0.79089180781196011 64.814814814817197 75.500000000000014 18.017241379310349 131.13395890701079 -999.99999999999625 -0.9370229007633587 0.45733235395782934 0.043078119599032155 -0.4961803059707538 41.500000000000007 10000.16666666667 0.63266937435188397 42.500000000000007 73.500000000000014 0.035035426249850427 0.063173590619805195 83.937175319173036 0.50657894736842113 -0.59394656388051825 5000.5833333333348 0.69054196264141032 -2.7968375802241776 22.500000000000004 13.500000000000002 -0.00064669346677054512 -0.38944400474871382 32.500000000000007 -0.0015026304499987651 -1.0000000180025095e-35 55.555555555555998 0.0024585135286241404 -0.0098719543218949591 -0.55057251908396931 1.0000000180025095e-35 0.05670459976496648 -0.8120229007633587 0.001110733687291199 0.8028106636709299 -0.083268556730171292 -0.0031520902158523874 -1.0698122138540211 118.50000000000001 -0.0043243293783250527 -0.0018165319254248578 -0.99634683855938355 -0.084076314326672688 18.500000000000004 -0.14956934116602613 0.0015302227779573354
decision_type=2 2 2 2 2 2 10 10 2 2 2 2 2 2 2 2 2 2 2 2 2 2 2 2 2 2 2 2 2 2 8 2 2 2 2 2 2 2 2 2 2 2 2 10 10 10 8 2 2 8 10 2 2 10 10 2 2 8 10 2 2 2 2 8 2 2 2 2 2 2 2 10 8 2 8 2 10 2 2 2 2 2 2 2 10 2 2 2
left_child=2 6 4 19 8 7 46 15 10 25 17 29 33 16 28 43 32 39 24 41 40 72 52 27 42 48 -25 -24 -6 -9 55 69 59 34 36 -36 67 -35 73 -1 -15 58 -7 -5 -30 85 -2 -48 49 -8 -47 -23 -13 -28 -55 -16 57 -18 68 -12 -61 62 -62 -49 65 -65 -39 -11 -3 -22 -54 -64 -4 -34 -17 -76 -52 -59 -29 -80 -38 -14 83 84 -83 86 -46 -63
right_child=1 3 21 5 14 18 9 11 -10 12 13 22 81 20 30 74 56 -19 -20 -21 31 51 23 26 -26 -27 53 78 44 -31 -32 -33 38 37 35 -37 80 66 -40 -41 -42 -43 -44 -45 45 50 47 63 -50 -51 76 -53 70 54 -56 -57 -58 77 -60 60 61 87 71 64 -66 -67 -68 -69 -70 -71 -72 -73 -74 -75 75 -77 -78 -79 79 -81 -82 82 -84 -85 -86 -87 -88 -89
leaf_value=-4.7003844669352383e-05 -4.8733985221013315e-05 2.739928280855583e-05 1.6314524215194559e-06 -1.5475846879638452e-05 -2.7756419768451064e-05 3.3772951468287955e-05 -5.9221825859489127e-05 1.7983200786137974e-05 -8.5863977717060011e-05 -5.2387714913560539e-05 -2.2807424413188987e-05 7.1053318238011038e-06 -1.04140227155809e-05 -1.2717978942558086e-05 2.4523889586945759e-05 -7.5222831676065167e-07 -3.4964342956674765e-06 -9.1654763892057316e-05 2.2879183068320125e-05 1.5187656525386956e-05 -8.4941977270633858e-06 5.8624371504486374e-05 4.866983639953841e-06 2.1470227252505797e-05 8.4695468262134324e-05 -6.2072908160756528e-05 2.5679001477260951e-06 2.9792126526887656e-05 -2.2912508866033441e-05 5.6310040400316625e-05 -4.923204723589251e-05 5.4208082119167796e-05 -1.0806471939041591e-05 -2.6146170969575992e-06 -3.8026272273967286e-05 -4.2988664624549636e-06 9.9653059799818153e-06 2.7722648345638542e-05 3.9703382671987105e-06 -2.1282211633894668e-05 2.2268700467058628e-06 8.5987472731490999e-05 6.3122882932795842e-05 1.8646405934285289e-06 -0.00010744323657194703 -1.5736619628597556e-05 2.6298805934940293e-05 -1.493741242657319e-05 -7.984959948997171e-06 0 -8.2161142619827774e-05 9.9643798782612596e-06 -4.7132979845410737e-05 9.12957020309236e-05 3.8434358439586204e-05 -1.9016971579663174e-05 -7.0208991662647627e-06 -5.2710683432295655e-05 6.2637472338331605e-05 -2.8933357343727141e-05 -1.9753674322117635e-06 -6.4750773488438003e-06 -2.2356932485435412e-05 -3.9124525976032368e-05 -6.4472800739607842e-05 2.4532539381848402e-05 7.7843066823534495e-06 -4.1526995969323262e-07 5.6065445814882223e-05 2.1748020612825394e-05 0 -6.7621897357777436e-05 3.597249894976236e-05 -3.5833349577488478e-05 1.2009063774563573e-05 3.974438450387815e-05 -3.8905151174084984e-05 -2.0740615827482909e-05 7.7534878635301648e-06 1.9650598073884403e-05 -2.686614771421172e-06 5.5489919150738367e-05 1.2814801928633734e-05 1.1175950545266397e-05 1.2848039969930416e-05 -4.5212583779067845e-05 -6.7248614717138971e-05 -1.978845214023628e-05
leaf_weight=144 71 157 217 234 170 206 61 84 52 43 1206 213 54 997 51 55 39 36 191 95 97 84 617 732 81 42 37 275 61 165 38 39 860 666 150 233 490 144 317 411 353 59 125 940 45 58 34 463 396 45 43 36 38 36 287 54 59 210 190 274 47 1066 53 89 59 36 962 36 114 96 40 47 45 78 110 144 81 62 501 1219 487 85 828 96 53 68 134 284
leaf_count=144 71 157 217 234 170 206 61 84 52 43 1206 213 54 997 51 55 39 36 191 95 97 84 617 732 81 42 37 275 61 165 38 39 860 666 150 233 490 144 317 411 353 59 125 940 45 58 34 463 396 45 43 36 38 36 287 54 59 210 190 274 47 1066 53 89 59 36 962 36 114 96 40 47 45 78 110 144 81 62 501 1219 487 85 828 96 53 68 134 284
internal_value=1.0158e-07 1.09001e-05 -1.68254e-05 2.04269e-05 -1.86694e-05 1.77364e-05 -8.49378e-07 1.49828e-05 -1.60095e-05 2.28059e-06 -1.5459e-05 1.89858e-05 4.79842e-06 -1.3847e-05 -4.11635e-05 3.46206e-06 -1.67777e-05 -3.21632e-05 4.37278e-05 4.79626e-05 -5.2607e-06 1.97538e-05 1.74169e-05 1.88552e-05 5.31584e-05 -1.75687e-05 2.78558e-05 1.50553e-05 -4.74403e-05 4.37687e-05 -1.15176e-05 1.45603e-05 -1.51036e-05 1.2314e-06 -3.95314e-06 -1.77604e-05 9.63085e-07 5.49618e-06 -8.62946e-06 -2.81301e-05 -8.73858e-06 5.37645e-05 4.51488e-05 -1.50931e-06 -5.40721e-05 -5.82774e-05 -2.12519e-05 -1.82448e-05 -1.36527e-05 -3.39145e-05 -4.28038e-05 4.48319e-05 -5.57191e-07 4.05712e-05 4.46253e-05 1.2109e-06 -3.56641e-05 -4.07873e-05 4.94308e-05 -1.78004e-05 -1.43362e-05 -1.15999e-05 -3.1628e-05 -2.07349e-05 -3.47979e-05 -2.0018e-05 1.04677e-05 -2.99276e-05 3.98148e-05 6.04775e-06 -2.2721e-05 -4.45981e-05 7.89866e-06 -1.29906e-05 2.26628e-05 2.81136e-05 -5.46848e-05 -4.57788e-05 1.81578e-05 1.62414e-05 3.55984e-06 1.4975e-05 1.6357e-05 2.84778e-05 3.98134e-05 -6.92877e-05 -7.78935e-05 -9.34742e-06
internal_weight=20580 12568 8012 6945 7630 6330 5623 5727 6827 4871 6775 4244 4327 6184 803 1483 4602 591 603 615 1582 382 3995 3704 412 544 1092 2612 660 249 143 232 4232 3211 1439 383 1056 1772 1255 555 1350 520 331 1174 490 429 752 681 502 106 182 120 291 360 323 105 370 311 461 2977 1771 1497 147 647 184 125 1106 79 271 193 78 100 262 938 309 254 124 272 1995 1720 977 1116 1062 234 138 247 179 1350
internal_count=20580 12568 8012 6945 7630 6330 5623 5727 6827 4871 6775 4244 4327 6184 803 1483 4602 591 603 615 1582 382 3995 3704 412 544 1092 2612 660 249 143 232 4232 3211 1439 383 1056 1772 1255 555 1350 520 331 1174 490 429 752 681 502 106 182 120 291 360 323 105 370 311 461 2977 1771 1497 147 647 184 125 1106 79 271 193 78 100 262 938 309 254 124 272 1995 1720 977 1116 1062 234 138 247 179 1350
is_linear=0
shrinkage=0.0337242


Tree=9
num_leaves=89
num_cat=0
split_feature=25 17 52 52 15 0 52 37 22 55 7 39 36 27 16 38 27 27 12 55 47 0 37 7 55 55 27 26 8 26 17 6 30 7 53 25 15 19 18 6 52 39 31 7 15 31 19 27 25 17 3 36 31 31 19 26 55 52 52 31 48 16 31 9 31 18 31 7 15 52 27 55 31 53 31 0 47 0 8 7 49 29 26 23 18 0 36 31
split_gain=0.00309038 0.000864255 0.000795393 0.00034725 0.000281218 0.000234883 0.000187025 0.000170788 0.000137794 0.000141746 0.000127472 0.000129415 0.000112476 0.000111795 0.00010143 8.90515e-05 8.67076e-05 8.52804e-05 8.98639e-05 7.68493e-05 7.65887e-05 7.61784e-05 8.78125e-05 7.61316e-05 7.4949e-05 8.04225e-05 7.42189e-05 7.35918e-05 7.01401e-05 6.5732e-05 7.38606e-05 6.35301e-05 6.84825e-05 6.18828e-05 5.90699e-05 5.80574e-05 5.76965e-05 5.64271e-05 5.61867e-05 5.50533e-05 5.21331e-05 4.62859e-05 4.61183e-05 4.65417e-05 4.4136e-05 4.3972e-05 4.33287e-05 4.2672e-05 4.24503e-05 4.18053e-05 4.14283e-05 4.10828e-05 8.30895e-05 4.49122e-05 4.02687e-05 3.95341e-05 3.94935e-05 4.87735e-05 6.32111e-05 3.85958e-05 6.13996e-05 3.69047e-05 3.64182e-05 3.63801e-05 3.59137e-05 3.3173e-05 3.292e-05 4.6154e-05 3.27834e-05 3.27773e-05 3.27474e-05 3.2647e-05 3.50122e-05 3.19826e-05 3.56947e-05 3.097e-05 3.99958e-05 3.08766e-05 3.05554e-05 4.0192e-05 2.95462e-05 2.93243e-05 2.87994e-05 2.8717e-05 2.83973e-05 3.51323e-05 2.82554e-05 2.81867e-05
threshold=-0.50352856925817868 -0.1773902167871039 0.30898654311297541 0.25145972661420962 0.026741425110144032 153.50000000000003 0.34498385841469054 -0.0037523584241502812 -0.41504651717557245 24134.500000000004 1.4288008411107274 0.0064257069567954525 -0.0018885758105360859 -621.62980331478968 0.87687969924812037 -0.0043573191570153704 -124.72509190063546 -2.0317120150576935 -0.9103053435114502 51841.500000000007 83.333333333315849 25.500000000000004 0.0015936265098182025 0.36227531973729699 -2299.9999999999995 8089.5000000000009 -91.664428752025785 0.0020738819043635689 0.050000000000002494 -0.003997887547725106 -0.078285450981539426 57.250000000000007 18.500000000000004 0.10713719898605832 64.601167639099813 -0.98410207284395224 0.033233499494945362 0.50607482713051521 -0.20304116146830301 36.250000000000007 0.15518669250750899 0.0038046939839029297 106.50000000000001 0.78745031109574837 0.028687949702850067 23.500000000000004 0.18827335120628066 8.6272330700626298 -0.98410207284395224 -0.235467072350136 0.24677173745206812 -0.0018885758105360859 145.50000000000003 69.500000000000014 2.7592461426914388 -0.0069680443362144136 293.50000000000006 0.24870785137133392 0.27988993496199205 101.50000000000001 21.999902601580768 0.51973684210526327 154.50000000000003 -0.66316793893129755 93.500000000000014 0.1495000726695285 131.50000000000003 0.24338561470215467 0.3155598884414616 0.18015889627939699 14.528233307481537 2937.5000000000005 93.500000000000014 84.366355580663907 194.50000000000003 13.500000000000002 41.666666666667169 342.50000000000006 -0.17499999999999713 0.10106291047355688 22.775641743284329 3.5000000000000004 0.0010187610537763887 0.30000000000000077 -0.043016364419764433 15.500000000000002 -0.0018399279601343241 31.500000000000004
decision_type=2 10 2 2 8 2 2 2 8 2 8 2 2 10 2 2 10 10 10 2 2 2 2 10 2 2 8 8 10 10 10 8 2 10 2 2 10 2 10 8 2 2 2 10 10 2 2 10 2 10 2 2 2 2 2 8 2 2 2 2 2 2 2 10 2 8 2 10 10 2 10 2 2 2 2 2 2 2 10 10 2 2 10 10 8 2 2 2
left_child=2 4 10 14 28 7 13 15 20 34 11 21 49 23 38 -5 -12 18 -15 82 31 22 -1 41 -14 -26 33 61 75 47 51 32 73 36 -10 81 -23 -32 86 66 71 56 64 80 -34 50 -46 -9 -22 -8 -40 52 70 -53 -35 -37 -6 -58 -59 60 69 -28 68 -27 78 77 67 -20 -61 -47 -31 72 -25 -4 -75 76 -2 -16 -19 -80 -44 -24 -7 -55 85 -45 -3 -18
right_child=1 3 8 5 6 19 12 29 9 -11 16 -13 24 17 65 -17 87 42 39 -21 48 26 35 40 25 63 27 -29 -30 30 37 -33 44 54 -36 55 -38 -39 45 -41 -42 -43 43 84 46 59 -48 -49 -50 -51 -52 53 -54 83 -56 -57 57 58 -60 62 -62 -63 -64 -65 -66 -67 -68 -69 -70 -71 -72 -73 -74 74 -76 -77 -78 -79 79 -81 -82 -83 -84 -85 -86 -87 -88 -89
leaf_value=-1.2601426016183475e-05 -6.5849426795216984e-06 2.9840500228163452e-05 -5.1988153838659128e-05 5.3821661306904746e-06 1.2619824528847961e-05 -1.293371624228693e-05 8.4062297724511571e-05 3.7866256415662391e-05 -1.4772892349615966e-06 3.8082209008073312e-05 4.4639881505861765e-05 -6.7885210652166424e-05 -1.6089664301410136e-05 5.9445628825235905e-05 1.8779172577312366e-05 6.3830100518561902e-05 -1.7507470621753113e-05 3.2218128231488621e-05 1.2821314715034382e-05 -3.852404748496347e-05 -4.2633375726695745e-05 -5.0956066872874112e-05 0 5.7654928221053908e-05 6.3420620111231813e-05 3.5985269978676353e-05 -1.1927944472658266e-05 -4.6432693102724572e-05 -4.9331244931800738e-05 3.6693486886623313e-05 3.8439878440715977e-05 9.442045523626832e-07 -5.1754092886536312e-05 6.1809191957444097e-06 -5.7079595834622784e-05 -2.8453342782505729e-05 -1.7719821247670094e-06 7.6773905406829891e-05 4.4392048976907658e-07 -2.3815604319573243e-05 -1.6497375612537663e-05 -3.9828406192748713e-05 0 3.4602770909075859e-05 -7.4103207859522932e-06 2.0495085950278822e-05 -3.7314316346153532e-05 5.0810933102421468e-07 -7.2014444773009972e-05 3.2627299831973144e-05 -4.3174443809275948e-05 -3.9902047546172325e-06 1.2184128950686082e-05 2.91725091602817e-05 3.9123448457341837e-05 -8.3753980366661667e-05 -8.159733466980849e-06 -6.6207235178888948e-05 -8.2014412140912023e-06 2.0579938824742428e-06 6.8590052035960963e-06 -3.1053654321111086e-06 9.5567536570898605e-06 -3.5245448135795087e-06 2.6899150061252173e-05 2.8216645405806339e-05 7.3465970632721535e-06 4.3545175674968344e-05 -1.9749494091230115e-05 5.0635681315522329e-05 8.3850858483139793e-05 5.5728749731945764e-06 1.057321671694117e-05 -2.1498720961399542e-05 -5.0377908384873597e-05 3.0968626925890052e-07 -2.4106309802351645e-05 -4.5906528971808403e-06 -1.1952419695978449e-05 8.0030539311690241e-06 -1.2597313010059693e-05 -2.549593661057324e-05 2.0448031220267526e-05 0 -1.3417192406087918e-07 2.6770580303816313e-06 1.411531667403596e-05 8.2572615948480349e-06
leaf_weight=2027 266 158 429 37 84 40 48 49 45 50 65 48 59 52 1206 297 69 47 167 53 128 37 51 34 50 40 2219 65 74 45 415 41 65 295 50 38 119 56 66 42 90 61 467 81 157 186 95 139 150 42 36 84 84 198 52 35 774 41 54 477 412 755 849 68 108 520 301 95 93 63 43 257 52 129 101 126 395 61 143 538 408 537 90 43 188 90 1426 160
leaf_count=2027 266 158 429 37 84 40 48 49 45 50 65 48 59 52 1206 297 69 47 167 53 128 37 51 34 50 40 2219 65 74 45 415 41 65 295 50 38 119 56 66 42 90 61 467 81 157 186 95 139 150 42 36 84 84 198 52 35 774 41 54 477 412 755 849 68 108 520 301 95 93 63 43 257 52 129 101 126 395 61 143 538 408 537 90 43 188 90 1426 160
internal_value=9.72632e-08 1.05362e-05 -1.62657e-05 1.81402e-05 2.32343e-07 3.16553e-05 3.64195e-06 3.60905e-05 -3.89932e-05 -7.0093e-06 -1.12711e-05 -1.22946e-05 2.90668e-05 1.74878e-06 1.4051e-05 5.76447e-05 1.02542e-05 5.78695e-06 1.63981e-05 -3.92789e-06 -4.24998e-05 -1.18507e-05 -1.61722e-05 -5.79471e-06 1.53218e-05 2.76632e-05 -8.54392e-06 -1.05377e-05 -1.74004e-05 2.97792e-05 3.33733e-05 -3.79397e-05 -3.96722e-05 3.30992e-06 -3.17591e-05 -2.69759e-05 -1.40571e-05 4.32029e-05 1.08572e-05 1.25383e-05 5.89885e-06 -1.08834e-05 2.37239e-06 -1.70581e-06 -2.60745e-05 7.26475e-06 -1.90672e-05 1.07592e-05 -5.88342e-05 6.11333e-05 -1.40032e-05 2.38635e-05 3.76371e-05 1.62767e-05 1.13961e-05 -5.62915e-05 -8.92928e-06 -1.11235e-05 -3.4253e-05 8.35417e-06 1.51609e-05 -9.72069e-06 5.11532e-06 1.02138e-05 8.50774e-06 2.07276e-05 1.5422e-05 2.43306e-05 -1.3305e-06 2.85092e-05 6.08348e-05 1.20572e-05 3.03109e-05 -4.60664e-05 -3.46007e-05 -1.42752e-05 -1.72016e-05 1.75777e-05 5.64657e-06 3.67076e-06 -5.96591e-06 -2.3172e-05 9.4332e-06 2.37417e-05 8.40819e-06 1.8365e-05 1.57449e-05 7.19969e-08
internal_weight=20580 12568 8012 7226 5342 1673 4481 1490 1440 145 6572 6278 307 4174 5553 334 294 2727 657 183 1295 6230 2688 1447 217 158 3542 3039 861 1156 968 1017 976 503 95 661 156 471 3766 605 433 1014 2070 1234 317 2182 252 188 278 90 102 497 172 325 347 73 953 869 95 2080 661 2974 1419 108 836 1787 563 262 570 249 88 343 86 659 230 787 661 1267 728 681 875 588 130 241 359 171 1584 229
internal_count=20580 12568 8012 7226 5342 1673 4481 1490 1440 145 6572 6278 307 4174 5553 334 294 2727 657 183 1295 6230 2688 1447 217 158 3542 3039 861 1156 968 1017 976 503 95 661 156 471 3766 605 433 1014 2070 1234 317 2182 252 188 278 90 102 497 172 325 347 73 953 869 95 2080 661 2974 1419 108 836 1787 563 262 570 249 88 343 86 659 230 787 661 1267 728 681 875 588 130 241 359 171 1584 229
is_linear=0
shrinkage=0.0337242


Tree=10
num_leaves=89
num_cat=0
split_feature=25 20 52 36 20 20 20 27 20 28 27 52 11 27 54 20 20 36 24 54 54 20 18 1 47 54 52 19 27 41 36 42 20 26 11 0 20 3 36 20 24 18 0 52 37 10 48 17 19 17 4 0 20 20 54 17 1 20 17 1 25 48 1 47 54 11 19 40 52 19 10 41 26 37 45 20 52 10 19 19 12 10 53 0 0 41 0 45
split_gain=0.00287327 0.00106092 0.000757325 0.000445134 0.000318098 0.000298242 0.000246147 0.000237481 0.000194745 0.000192624 0.000132821 0.000118288 0.000120444 0.000132849 0.000115603 0.000102074 9.74745e-05 9.39817e-05 8.93834e-05 8.64493e-05 8.6212e-05 8.46098e-05 7.95223e-05 7.85373e-05 7.2909e-05 7.08125e-05 7.07098e-05 7.03562e-05 7.1164e-05 6.95726e-05 6.64918e-05 6.37863e-05 6.31509e-05 6.25554e-05 6.20449e-05 6.00742e-05 5.80042e-05 5.47101e-05 5.44493e-05 5.2343e-05 5.12475e-05 4.919e-05 4.91667e-05 4.85678e-05 6.10484e-05 4.8178e-05 4.66927e-05 8.65324e-05 4.55745e-05 4.44997e-05 4.43075e-05 4.41548e-05 4.31905e-05 4.28385e-05 4.27725e-05 4.21635e-05 5.68636e-05 4.19677e-05 4.4747e-05 4.83814e-05 4.1599e-05 4.09536e-05 4.05693e-05 4.03952e-05 5.32645e-05 4.50152e-05 4.02082e-05 4.09512e-05 3.993e-05 3.86623e-05 3.76844e-05 3.79866e-05 3.76273e-05 3.68868e-05 4.64751e-05 4.44067e-05 3.59985e-05 3.46024e-05 3.36178e-05 3.33188e-05 3.44744e-05 3.31107e-05 3.27377e-05 3.7388e-05 3.24515e-05 3.41667e-05 3.1967e-05 4.05605e-05
threshold=-0.50336020902389966 1.112399732620321 0.30898654311297541 -0.0033841044434264607 0.19160277575689744 21.775000000000006 7.6545092838196309 458.34674807995469 0.064796071375018763 -0.74719916626344574 -31.579136940931019 0.20851911280123658 -0.78148854961832048 -58.4755354741256 6.7940153952713711 0.64719012605042037 0.035087852626459151 0.0016116045919692958 2000.999999999993 -30.593597602763296 -7.667666933843539 35.928571428571438 -0.10561002318034007 145.16135751127746 -41.666666666648759 3.8299529734190316 0.1692036045110657 0.034013612733932781 -1449.2399695552124 0.0024110918947199971 0.0015048917474408399 -0.0018467236428371667 0.43551971326164879 -0.0025740895059030351 -0.29866412213740451 4.5000000000000009 18.017241379310349 -0.4410584464678094 -0.0012430085596860649 7.1004464285714297 500.00000000004275 -0.13614443896465914 123.50000000000001 0.32365440609561741 -0.0032232091839384798 -1.5046992481203001 17.504710024377726 -0.17870125215763141 0.07024694308625358 -0.27081931482402499 -0.20503561535417489 5.5000000000000009 0.076230831315577091 0.69054196264141032 -13.824320569049894 -0.38709553553143555 2330.5830006822612 10.577380952380954 -0.39345140575173337 62.981191450798946 -0.98951241290654413 77.168273064035063 370.19768973177833 -111.11111111112022 -9.1624463756111307 -0.80248091603053429 2.7592461426914388 0.0031545741324922054 0.17211640216081511 0.74111673447920634 -1.2171052631578942 -0.0016625115394608423 -5.3751979250238068e-05 0.0013689260348931367 0.0039395946071787433 2.0706476530005946 0.19444148919142903 -1.3129699248120301 -0.13721915572822493 0.38507401473760444 -0.24522900763358776 -1.5498120300751876 31.334469218798798 187.50000000000003 9.5000000000000018 -0.0030326021980043301 19.500000000000004 0.0025396835634905472
decision_type=2 2 2 2 2 2 2 8 2 2 10 2 10 10 2 2 2 2 10 2 2 2 10 2 2 2 2 2 10 2 2 2 2 10 10 2 2 2 2 2 8 10 2 2 2 2 2 10 2 10 2 2 2 2 2 10 2 2 10 2 2 2 2 2 2 8 2 2 2 2 2 2 8 2 2 2 2 2 2 2 10 2 2 2 2 2 2 2
left_child=2 4 6 22 16 7 8 18 11 38 32 60 -13 -14 68 20 23 19 33 26 34 29 36 -2 84 31 -11 55 -29 -8 53 -18 41 57 45 -27 63 -22 43 46 81 -10 -20 44 -6 -4 47 -17 49 -35 -48 -19 61 -12 -52 -21 -57 58 59 -5 -1 -37 79 64 -3 -65 -34 -68 -7 -43 71 -30 -64 74 75 -50 78 -54 -55 -40 -81 -33 -39 -84 -9 -86 -32 -88
right_child=1 3 15 5 9 14 21 24 10 17 30 12 13 -15 -16 39 25 51 42 27 37 -23 -24 -25 -26 35 -28 28 70 -31 86 40 66 48 -36 52 -38 82 62 -41 -42 69 -44 -45 -46 -47 50 -49 73 -51 54 -53 77 76 -56 56 -58 -59 -60 -61 -62 -63 72 65 -66 -67 67 -69 -70 -71 -72 -73 -74 -75 -76 -77 -78 -79 -80 80 -82 -83 83 -85 85 -87 87 -89
leaf_value=-1.8936404575884116e-05 -1.6741774024534558e-05 9.068753240603043e-05 1.3378106364208107e-05 -3.8667740474753353e-05 -1.8175472267804654e-05 2.1965479398401914e-05 3.0509634422656387e-06 1.3875136045575894e-05 -2.6132975226708083e-06 -9.2834613113453608e-06 -1.5480192303165776e-05 -1.1445046001246215e-05 -0.00013682104260645655 -4.6661410381823195e-05 7.322752492469118e-05 -9.2044619183693103e-05 -6.9621778297367543e-05 -3.7159618230790469e-05 3.1861023468581562e-05 -1.7137443018273615e-05 -8.1952221814497804e-05 5.8097558631553833e-05 2.3527481670352465e-05 -6.6103479108667196e-05 -2.9715480287979991e-06 -1.9216421483768833e-05 -5.499281939343472e-05 -7.0168391439396114e-07 3.5043934757055752e-05 5.4269183395273135e-05 -2.9434014626484444e-05 -7.2349540744012296e-06 2.189628394347508e-06 -5.6445939536352805e-07 -5.689480905894583e-05 -4.2523387887619166e-05 8.5861153727287637e-05 -6.9854645630531011e-05 7.7035193923526732e-06 6.3954781436498268e-06 5.6323437045408318e-06 -3.1482638342202005e-06 -1.596062390181005e-06 5.2619929066286922e-05 2.3616279116106522e-05 -2.6775339850348062e-05 -1.009537107238321e-05 -1.629909501244651e-05 1.7366002263332889e-05 1.7992245158016449e-05 0 -4.5213449223408727e-06 2.1864837667143257e-06 -1.0834556117132555e-05 -3.6848774000900661e-05 -3.3184311247761093e-06 2.81050115460685e-05 3.3316022616036577e-05 8.6893313276363587e-06 1.1832470347583555e-05 -5.4664408225471775e-05 2.1407842184278533e-06 6.9030678750587202e-06 6.8802951839689623e-05 3.8648865114553122e-05 3.3006718019847709e-05 2.2829654955522264e-06 5.3926847625664514e-05 4.2745764350170395e-05 -3.3884739066605844e-05 1.4341693137637024e-06 1.3132647711213209e-05 -2.3591178394464408e-05 0 6.4321755500653042e-05 3.9315054646517684e-05 -1.7630477842054681e-05 3.1650201122796582e-05 -2.637191013291587e-07 7.1749538798987655e-06 4.1677028800281503e-05 -3.4239227938258981e-05 -4.6691832237599369e-05 -9.942095136352332e-06 2.3529771526012509e-05 -3.4299890797141928e-06 -2.0061272239450086e-05 3.6386745325834964e-06
leaf_weight=404 79 58 49 50 42 251 260 770 447 205 1505 43 34 52 99 38 34 116 682 232 68 49 143 81 868 199 50 809 120 35 381 85 679 153 52 36 63 80 386 45 67 83 48 61 362 96 161 38 272 1399 42 92 135 640 308 966 70 71 696 34 45 56 115 58 51 224 41 37 228 133 245 506 74 55 46 201 334 75 777 67 84 188 479 41 65 290 482 91
leaf_count=404 79 58 49 50 42 251 260 770 447 205 1505 43 34 52 99 38 34 116 682 232 68 49 143 81 868 199 50 809 120 35 381 85 679 153 52 36 63 80 386 45 67 83 48 61 362 96 161 38 272 1399 42 92 135 640 308 966 70 71 696 34 45 56 115 58 51 224 41 37 228 133 245 506 74 55 46 201 334 75 777 67 84 188 479 41 65 290 482 91
internal_value=-2.2566e-07 9.88107e-06 -1.59484e-05 1.87739e-05 -9.47656e-07 1.61041e-05 -1.09829e-05 1.37374e-05 -1.25305e-05 2.83345e-06 -1.05906e-05 -3.12583e-05 -6.01843e-05 -8.343e-05 3.92772e-05 -3.76166e-05 -1.78533e-05 -1.21741e-06 1.87924e-05 1.79174e-07 -4.53113e-05 1.66651e-05 4.66869e-05 -4.23353e-05 4.28632e-06 -1.32661e-05 -1.86252e-05 1.83852e-06 6.38736e-06 9.45537e-06 -1.36021e-05 -2.44342e-05 -1.59423e-06 1.61273e-05 -2.47383e-05 -4.73607e-06 5.37686e-05 -5.12337e-05 1.45162e-05 -2.69321e-05 -1.96311e-05 -9.24501e-06 2.95287e-05 2.36463e-05 1.90323e-05 -1.25396e-05 -2.96517e-05 -5.54438e-05 1.92547e-05 1.61006e-05 -2.56265e-05 -2.31882e-05 4.48556e-06 -1.12455e-05 -3.24947e-05 -4.1121e-06 -1.10192e-06 8.20069e-06 5.79063e-06 -1.70765e-05 -2.27324e-05 -1.42859e-05 8.53523e-06 4.83505e-05 6.7226e-05 4.07118e-05 4.97883e-06 2.802e-05 3.20585e-05 -2.25215e-05 1.30828e-05 1.74873e-05 -4.52507e-06 2.76146e-05 3.04008e-05 2.68975e-05 -7.5505e-06 1.31695e-05 -5.10634e-06 1.33119e-05 2.70083e-05 -2.61854e-05 -4.75912e-05 -4.39801e-05 9.97209e-06 1.23404e-06 -2.15438e-05 -1.61287e-05
internal_weight=20561 12512 8049 6875 5637 6278 6552 5700 6208 4602 5630 578 129 86 578 1497 1035 3411 3707 3203 865 344 597 160 1993 875 255 2948 1680 295 4210 374 1420 2977 197 501 454 668 1191 632 340 663 730 465 404 145 587 76 2126 1552 511 208 302 3256 350 1268 1036 851 780 84 449 92 726 391 109 282 757 78 479 216 871 626 189 574 519 473 1751 210 1417 537 151 273 600 520 1125 355 954 573
internal_count=20561 12512 8049 6875 5637 6278 6552 5700 6208 4602 5630 578 129 86 578 1497 1035 3411 3707 3203 865 344 597 160 1993 875 255 2948 1680 295 4210 374 1420 2977 197 501 454 668 1191 632 340 663 730 465 404 145 587 76 2126 1552 511 208 302 3256 350 1268 1036 851 780 84 449 92 726 391 109 282 757 78 479 216 871 626 189 574 519 473 1751 210 1417 537 151 273 600 520 1125 355 954 573
is_linear=0
shrinkage=0.0337242


Tree=11
num_leaves=89
num_cat=0
split_feature=25 20 52 52 20 20 20 31 20 28 27 45 27 52 7 20 20 31 20 4 13 19 54 20 1 48 54 38 31 25 44 51 20 47 41 0 54 39 24 20 11 54 52 0 47 19 3 43 4 28 38 20 18 44 22 55 4 52 31 13 18 37 52 20 11 20 7 43 39 31 0 25 19 29 52 41 19 22 30 0 41 31 18 52 0 41 20 19
split_gain=0.00268464 0.000991359 0.000707723 0.00036154 0.000297197 0.000230269 0.000185471 0.000290491 0.000182134 0.000180106 0.000160408 0.000125172 0.000124071 0.000110544 0.000152231 9.51345e-05 9.12723e-05 0.000109552 8.43538e-05 8.17094e-05 8.15274e-05 8.05482e-05 8.03426e-05 7.88669e-05 7.70618e-05 7.01569e-05 6.95818e-05 6.87715e-05 6.83019e-05 7.61477e-05 6.69137e-05 6.643e-05 6.55799e-05 8.04811e-05 6.49068e-05 6.35775e-05 6.32405e-05 6.08835e-05 9.0377e-05 5.91298e-05 5.78613e-05 5.63774e-05 6.14345e-05 5.59525e-05 5.36112e-05 5.1478e-05 5.0758e-05 5.30556e-05 5.07415e-05 5.47686e-05 4.94988e-05 4.73229e-05 4.59505e-05 4.59249e-05 4.34386e-05 4.33548e-05 5.32509e-05 4.32165e-05 5.71683e-05 4.63819e-05 4.31236e-05 4.30291e-05 4.25066e-05 4.19821e-05 4.1411e-05 4.03525e-05 3.92214e-05 3.91484e-05 4.35694e-05 3.91467e-05 3.89769e-05 3.87146e-05 3.76421e-05 5.79416e-05 3.60217e-05 4.50654e-05 3.59737e-05 3.57783e-05 5.11556e-05 3.47276e-05 5.19937e-05 3.41667e-05 5.74137e-05 3.41489e-05 4.23489e-05 3.37846e-05 4.36307e-05 3.30755e-05
threshold=-0.50336020902389966 1.112399732620321 0.30898654311297541 0.20161792586349139 0.19160277575689744 7.6545092838196309 21.775000000000006 27.500000000000004 0.064796071375018763 -0.74719916626344574 102.59622036467074 -0.0037313432835821554 -31.579136940931019 0.20851911280123658 0.037857184007374124 0.64719012605042037 0.030816714150047487 60.500000000000007 14.455555555555557 -0.0046568488891401425 -0.060549876743889237 -0.06063697503027931 -7.667666933843539 35.928571428571438 714.78068446180566 79.436577134502585 1.0165795564278388 0.0034188134087614901 257.50000000000006 -0.99214457454071137 -0.0032388685202960339 68.518518518519585 18.017241379310349 -1.0000000180025095e-35 0.0024110918947199971 37.500000000000007 3.8299529734190316 -0.0018467236428371667 500.00000000004275 0.43551971326164879 -0.29866412213740451 -32.624534435008087 0.14843814458689189 4.5000000000000009 -37.037037037050361 -0.086527910600588939 -0.4410584464678094 0.0037998748616258076 -0.0014062411668268411 -0.99009900990099042 0.0021482301905948469 0.076230831315577091 -0.13614443896465914 -0.003729025679058084 -0.91313812022900753 -2133.4999999999995 -0.55519673243258516 0.31557669968956664 22.500000000000004 -0.39038193945337418 -0.017098475990093079 0.0020040080160320666 0.1841903444441659 2.8034084809447131 -0.7910305343511449 6.0555984555984566 0.027136262818297039 -1.0000000180025095e-35 -0.0034071649137470956 98.500000000000014 9.5000000000000018 -0.98951241290654413 2.7592461426914388 6.5000000000000009 0.19444148919142903 0.0030097834948816797 0.74111673447920634 -0.72084027960574415 18.500000000000004 63.500000000000007 -0.0032128534783977254 252.50000000000003 0.032004803745799733 0.24559512179120904 72.500000000000014 0.003510826245942678 0.71704319761668334 0.021321289951503179
decision_type=2 2 2 2 2 2 2 2 2 2 10 2 10 2 8 2 2 2 2 2 10 2 2 2 2 2 2 2 2 2 2 2 2 2 2 2 2 2 8 2 10 2 2 2 2 2 2 2 2 2 2 2 10 2 10 2 2 2 2 10 10 2 2 2 10 2 10 2 2 2 2 2 2 2 2 2 2 8 2 2 2 2 8 2 2 2 2 2
left_child=2 4 5 10 16 8 7 24 13 57 32 21 39 71 -15 22 17 -2 44 25 27 35 40 34 48 30 81 41 29 74 69 65 64 -34 -7 -9 37 -18 62 52 55 42 -11 -38 70 53 -24 -48 49 -5 61 -45 -10 -22 -16 -4 -57 58 -6 -59 -37 -43 -39 67 -3 85 -53 68 -32 -13 -12 -1 -41 -74 75 -14 -54 78 -49 80 -47 82 -8 -51 -85 86 -17 -33
right_child=1 3 15 6 9 23 26 11 12 20 18 19 28 14 54 31 36 -19 -20 -21 45 -23 46 -25 -26 -27 -28 -29 -30 -31 63 87 33 -35 -36 60 43 38 -40 72 -42 50 -44 51 -46 79 47 77 -50 83 -52 66 76 -55 -56 56 -58 59 -60 -61 -62 -63 -64 -65 -66 -67 -68 -69 -70 -71 -72 -73 73 -75 -76 -77 -78 -79 -80 -81 -82 -83 -84 84 -86 -87 -88 -89
leaf_value=-1.8297790004668939e-05 -7.9458924710483774e-05 7.5299976599649323e-06 -4.5506559537219131e-05 9.8999023380425436e-06 -1.6507845611870504e-05 2.9480720882928656e-06 1.8936305345213899e-05 4.4409990061217784e-05 -2.5251662599377545e-06 -1.1761874120073526e-05 1.2539626363275194e-05 1.0347246188116645e-05 -1.0163101877632697e-05 -9.8628487694042572e-05 1.1843998917252317e-06 -6.6486735372598007e-06 -6.5404843055006948e-05 -1.5186829867320316e-05 2.1477527481775992e-05 5.644749594002092e-05 -3.0471026523242566e-05 6.1894270628856226e-05 -7.9188454668259451e-05 5.6138271105777141e-05 3.916826202990468e-05 4.2390875883757761e-05 8.3261291822919509e-05 -3.4534446275120908e-05 1.1817652983326307e-05 -2.160759488907145e-05 -1.0570423499261159e-05 -1.7371544043862302e-05 2.5792573072714648e-05 8.1696841194303001e-05 5.2439005875256266e-05 -1.7667104211456032e-05 -1.9160746366154708e-05 -1.8966865033145684e-05 1.7678275957064785e-05 2.1157850651177906e-06 -5.4976083114250986e-05 -1.7941128507303016e-06 -6.3593733218549135e-05 -1.4648415317354603e-05 -3.712568773783106e-06 4.8674288666062532e-05 -5.187173760968094e-05 -5.2909950779612184e-05 2.3956969282070763e-05 -6.6011216840771525e-06 2.8578098232787146e-05 3.7096208538169228e-05 -3.0420914169548436e-06 1.357271158138237e-07 -4.945238904562088e-05 3.3212046842106196e-05 -1.7346149437294119e-05 9.9074937771484605e-06 1.3712304871036308e-05 4.9947610636409894e-05 3.0903962895980505e-05 -2.3628544269709876e-05 -5.1179211933921488e-05 2.2629710441236422e-05 1.9341569371331875e-05 0 3.2567796405738277e-06 -9.1752039732457507e-07 3.1373793129415428e-05 4.2293394399583159e-05 -8.6691856891173941e-07 -5.2820900834640626e-05 0 5.8512316911550501e-05 -1.9508645518362982e-05 1.5259576527595728e-05 -3.2742005071267583e-05 8.319996686099138e-07 -1.7589566988199131e-06 9.6091123941495272e-08 1.1284634243107733e-05 9.064122626539343e-06 6.5135602252748559e-05 -2.1397399277050169e-05 -6.9741668391114735e-05 -1.7265484117986332e-05 -4.8001931484547749e-05 1.3771659870750095e-05
leaf_weight=404 57 457 34 60 74 260 53 163 447 146 703 68 2425 59 35 39 38 74 335 93 65 213 68 49 40 184 80 89 117 1091 34 158 151 40 35 39 207 214 60 679 52 1637 34 107 772 48 456 72 39 71 57 56 83 350 35 34 77 70 970 77 42 111 68 348 1718 40 154 270 108 190 360 45 42 36 498 79 133 34 38 304 570 34 104 70 36 91 256 48
leaf_count=404 57 457 34 60 74 260 53 163 447 146 703 68 2425 59 35 39 38 74 335 93 65 213 68 49 40 184 80 89 117 1091 34 158 151 40 35 39 207 214 60 679 52 1637 34 107 772 48 456 72 39 71 57 56 83 350 35 34 77 70 970 77 42 111 68 348 1718 40 154 270 108 190 360 45 42 36 498 79 133 34 38 304 570 34 104 70 36 91 256 48
internal_value=-2.18286e-07 9.5509e-06 -1.54163e-05 1.81473e-05 -9.16276e-07 -1.06155e-05 2.89488e-05 2.54244e-05 -1.21126e-05 2.73789e-06 1.25562e-05 3.0799e-05 -1.02358e-05 -3.02267e-05 -5.82052e-05 -3.63637e-05 -1.72575e-05 -4.38904e-05 5.86888e-06 2.52782e-05 -1.17827e-06 4.62318e-05 -4.37982e-05 1.6122e-05 -4.06802e-06 2.27862e-05 5.54863e-05 -5.38754e-06 -1.31464e-05 -1.38837e-05 1.91477e-05 -2.60354e-05 1.86486e-05 3.80064e-05 9.14755e-06 3.2163e-05 -1.32911e-05 -2.38433e-05 -1.89427e-05 -1.53817e-06 -2.3904e-05 -4.032e-06 -2.20894e-05 -5.45432e-06 2.96667e-06 5.279e-06 -4.95206e-05 -4.59971e-05 -1.06844e-05 -1.67927e-05 -2.17772e-06 3.19102e-06 -8.94306e-06 -4.4252e-06 -2.27532e-05 -1.20943e-05 -9.89044e-07 1.40349e-05 1.14777e-05 3.15384e-05 6.3246e-06 -3.23592e-06 -2.70772e-05 1.38944e-05 1.69042e-05 -3.37341e-05 1.27409e-05 6.28138e-06 2.06501e-05 3.42481e-05 7.90838e-06 -2.19731e-05 4.81954e-06 2.71168e-05 -1.10444e-05 -9.32243e-06 -2.1777e-05 -2.67227e-05 -3.61183e-05 9.75178e-06 1.43451e-05 4.33467e-05 5.01553e-05 -2.63871e-05 -3.87281e-05 -3.70784e-05 -4.28625e-05 -9.64566e-06
internal_weight=20561 12512 8049 6875 5637 6552 2339 2068 6208 4602 4536 1752 5630 578 129 1497 1035 131 2170 1295 3411 457 865 344 316 1202 271 2074 4210 4093 1018 632 2366 191 295 244 904 380 342 1420 197 1985 180 524 1835 1337 668 600 276 237 1805 317 663 415 70 145 111 1191 1044 147 81 1748 282 760 2175 426 210 412 142 258 1063 449 757 78 3002 2504 216 144 110 922 618 191 157 177 106 386 295 206
internal_count=20561 12512 8049 6875 5637 6552 2339 2068 6208 4602 4536 1752 5630 578 129 1497 1035 131 2170 1295 3411 457 865 344 316 1202 271 2074 4210 4093 1018 632 2366 191 295 244 904 380 342 1420 197 1985 180 524 1835 1337 668 600 276 237 1805 317 663 415 70 145 111 1191 1044 147 81 1748 282 760 2175 426 210 412 142 258 1063 449 757 78 3002 2504 216 144 110 922 618 191 157 177 106 386 295 206
is_linear=0
shrinkage=0.0337242


Tree=12
num_leaves=89
num_cat=0
split_feature=25 20 52 17 52 20 20 20 20 0 27 47 20 31 52 20 31 19 19 20 15 0 20 52 37 24 15 19 11 44 1 9 31 31 19 20 19 44 31 6 1 54 15 44 55 37 20 31 20 37 54 25 27 7 52 31 37 48 13 11 27 20 0 31 3 31 51 3 1 1 27 27 37 18 27 54 51 38 18 15 1 40 20 16 15 52 19 17
split_gain=0.00250987 0.00101236 0.000586741 0.000474279 0.000306401 0.000212535 0.000178895 0.000146443 0.000129595 0.000128291 0.000122921 0.000121219 0.00011978 0.000119264 0.000117316 0.000111073 0.000175667 0.00010945 0.000104185 9.79911e-05 9.43272e-05 9.00547e-05 8.5126e-05 0.000130286 8.34894e-05 7.68141e-05 7.05945e-05 8.61411e-05 9.19168e-05 7.06286e-05 6.99569e-05 6.83023e-05 6.72403e-05 9.61647e-05 7.68381e-05 6.63278e-05 0.000100285 7.51852e-05 6.1781e-05 6.15037e-05 5.99561e-05 5.97112e-05 5.88642e-05 5.99874e-05 5.62342e-05 5.54722e-05 5.38143e-05 5.21126e-05 5.35721e-05 5.10238e-05 5.48355e-05 5.08197e-05 5.03551e-05 5.02063e-05 4.93939e-05 4.73055e-05 4.56683e-05 4.54982e-05 4.47449e-05 4.43429e-05 4.42155e-05 4.83886e-05 4.17869e-05 4.17657e-05 4.08751e-05 5.21321e-05 4.15695e-05 4.68792e-05 4.39579e-05 3.94167e-05 3.78039e-05 4.58522e-05 4.28105e-05 3.75101e-05 4.0337e-05 3.73707e-05 3.68884e-05 5.00237e-05 6.33395e-05 7.34777e-05 4.33907e-05 3.53875e-05 3.49833e-05 3.42229e-05 3.42185e-05 3.41383e-05 3.36657e-05 3.33023e-05
threshold=-0.50309213770020811 2.5880107768298166 0.30898654311297541 -0.22122670489453203 0.23837809668605667 0.47558265582655829 0.5680236686390534 31.267857142857149 52.300000000000011 5.5000000000000009 97.821606864806895 47.619047619057049 8.3060200668896353 22.500000000000004 0.15933995774862775 21.775000000000006 29.500000000000004 -1.0698122138540211 0.35593497249219302 5.5557275541795681 0.10293491970869291 14.500000000000002 0.035087852626459151 0.41774928926321003 -0.003502637713164058 2000.999999999993 0.026741425110144032 0.081499575091122281 -0.66221374045801518 -0.0016597521804047053 114.1780982905983 -0.3540076335877862 23.500000000000004 124.50000000000001 -2.3025547077918271 0.026365441906653426 5.3367265831417408 0.0061462838215605728 40.500000000000007 -53.249999999999993 156.45785940986323 1.2760399555366588 0.29854409944706245 -0.0041987424340365611 50152.500000000007 -0.003502637713164058 0.016032128514056228 251.50000000000003 65.708333333333357 -0.0015140054096180464 -3.3317823390996337 -0.49513148331966034 -12.490767280033355 0.89172319679686607 0.28301800993058407 249.50000000000003 -0.0033955955263461064 51.978544290185454 -0.10364799801178153 -0.056297709923664112 -58.4755354741256 4.2417295936713417 9.5000000000000018 105.50000000000001 0.52895994408211189 237.50000000000003 22.222222222222271 -0.14303405504125913 156.15824222968175 32.7853820339731 -735.18884780404164 -1.4012410848872903 0.0015785329486048829 -0.2374841003333619 -156.52867319579224 -4.461089071281954 98.148148148148707 0.003510826245942678 -0.57720347158770779 0.049835947633839438 156.34276651146243 -0.0015163010990021928 7.9848484848484862 0.45018796992481208 0.17072590586315264 0.24123666125773477 -0.086527910600588939 -0.14770632807700182
decision_type=2 2 2 10 2 2 2 2 2 2 10 2 2 2 2 2 2 2 2 2 8 2 2 2 2 10 10 2 8 2 2 10 2 2 2 2 2 2 2 10 2 2 10 2 2 2 2 2 2 2 2 2 10 8 2 2 2 2 10 8 10 2 2 2 2 2 2 2 2 2 10 10 2 8 10 2 2 2 10 10 2 2 2 2 10 2 2 8
left_child=2 3 6 9 8 13 21 18 17 11 25 54 20 41 83 16 -6 -3 32 -20 46 39 40 57 75 38 -19 29 -29 30 -28 87 60 82 -35 37 52 -23 85 -1 -11 -5 43 -27 -22 84 -4 48 53 -40 -51 -26 -37 -17 -2 -10 -15 -24 -16 76 -8 69 63 -47 65 66 -53 68 -68 -62 -59 72 -72 -58 -75 86 77 78 79 80 -48 -52 -34 -13 -12 -7 -18 -30
right_child=1 4 12 5 15 10 7 -9 55 22 45 14 -14 56 58 47 24 26 19 -21 44 35 23 -25 51 42 27 28 31 -31 -32 -33 33 34 -36 36 -38 -39 49 -41 -42 -43 -44 -45 -46 62 59 -49 -50 50 81 64 -54 -55 -56 -57 73 70 -60 -61 61 -63 -64 -65 -66 -67 67 -69 -70 -71 71 -73 -74 74 -76 -77 -78 -79 -80 -81 -82 -83 -84 -85 -86 -87 -88 -89
leaf_value=-7.0334716272008808e-05 -5.2901985241755195e-06 4.9299604294652283e-06 -8.1192983106751515e-05 -6.5299515083139389e-05 -1.2300471028734573e-06 5.4566692362957598e-06 3.6503647744950803e-06 4.8983934994683777e-05 5.5166720781072225e-05 -6.7410285821898184e-06 4.9428496102425052e-05 1.4695685727505253e-05 1.9669844203633266e-05 -3.6315780583099664e-05 -5.1199498034400994e-05 7.3621906279298412e-05 4.4839145129922391e-05 -1.495810030316901e-06 4.105878233613102e-06 6.3116414253712412e-05 -2.6715327323798567e-05 -2.1054046646956712e-05 -7.9248128119092796e-06 6.3004445518143517e-05 -4.7291887310037967e-06 5.7892616082613013e-05 2.3521702333657538e-05 6.5044142679335338e-06 8.8079361607527513e-05 1.2546612323510518e-05 6.1128615058496879e-05 2.6136380133157775e-05 -1.4063484550113019e-07 -2.5615678249183926e-05 -7.694244065208742e-06 -6.6712107729721713e-06 4.229357295376385e-05 -7.8567938454881861e-05 2.4768239199975031e-05 -2.3671522595590457e-05 -6.2482814399454005e-05 -8.1424497330955615e-06 -2.5322665951467681e-07 2.5895145156864439e-05 1.4357496135500452e-05 1.8260825093168665e-05 -6.5037074254961847e-05 2.0111572248531758e-05 0.00010203019310912773 4.4401532985694442e-06 3.2720383645999794e-05 2.0051759742220431e-05 -1.7622271837955949e-05 2.6238426359222008e-05 3.5559095471904562e-05 1.080963397623326e-05 1.4183105283354251e-05 -4.6538160842455969e-06 -1.4449722519933092e-05 -1.1505890304485764e-06 -2.217548703631529e-05 -1.1689122804008844e-05 -7.4442829901022423e-06 7.3301543461129647e-08 6.7168511081732834e-05 0 4.3146414646119384e-05 3.1840008875472921e-05 9.812020366733357e-05 -6.4752180889045895e-05 1.2926821711474938e-05 3.4262370395195536e-07 5.4124281273019279e-05 -1.3533323279235337e-05 3.0101613166293034e-06 4.0220364336120475e-05 -1.556670779742381e-05 -3.3059992569694164e-05 -6.7660373074522785e-05 -1.4986667303118041e-05 -2.1116360522738632e-05 1.4363579791478709e-05 2.0934836853648908e-05 -1.6376145008169603e-05 7.448174452054478e-06 -2.8334557550102627e-05 8.6491896160247256e-05 4.7196924330694715e-05
leaf_weight=36 682 743 43 50 133 78 45 56 142 57 46 40 44 38 178 79 49 146 450 35 479 150 569 38 35 85 516 76 60 865 68 84 853 347 1420 1068 39 34 507 781 41 43 72 490 38 225 118 35 49 657 151 138 928 49 35 41 207 388 58 37 55 93 388 427 46 56 53 142 34 64 310 411 34 239 546 102 68 328 183 95 42 896 99 587 55 56 77 62
leaf_count=36 682 743 43 50 133 78 45 56 142 57 46 40 44 38 178 79 49 146 450 35 479 150 569 38 35 85 516 76 60 865 68 84 853 347 1420 1068 39 34 507 781 41 43 72 490 38 225 118 35 49 657 151 138 928 49 35 41 207 388 58 37 55 93 388 427 46 56 53 142 34 64 310 411 34 239 546 102 68 328 183 95 42 896 99 587 55 56 77 62
internal_value=2.28225e-07 9.64432e-06 -1.44961e-05 3.2326e-06 2.39698e-05 9.60493e-06 -1.01495e-05 -4.9328e-06 1.80315e-05 -6.50962e-06 1.31447e-05 -1.35675e-05 -3.37413e-05 -3.33641e-06 -2.21011e-05 3.93349e-05 3.37247e-05 1.6058e-05 -5.83312e-06 8.56368e-06 -3.54512e-05 -1.61609e-05 -4.2302e-07 1.23674e-06 4.02078e-05 1.67453e-05 2.04115e-05 2.23151e-05 3.96835e-05 1.88682e-05 2.80661e-05 5.14551e-05 -8.21185e-06 -6.60483e-06 -1.12683e-05 -1.25514e-05 -1.07267e-05 -3.2207e-05 1.38226e-05 -2.5846e-05 -3.10479e-05 -3.99114e-05 2.7189e-05 3.07933e-05 -2.35095e-05 3.61813e-06 -4.21002e-05 6.17698e-05 6.94612e-05 1.51855e-05 1.22776e-05 3.21084e-05 -1.18111e-05 5.62381e-05 -3.16135e-06 4.5757e-05 0 -7.78143e-08 -4.25774e-05 -4.00592e-05 -2.48377e-05 -3.13406e-05 1.20347e-06 6.49792e-06 3.50636e-05 3.13438e-05 3.59707e-05 4.51417e-05 6.57415e-05 -4.58862e-05 3.74396e-06 8.18766e-06 1.72797e-05 1.35583e-06 -1.90351e-06 5.76877e-05 -4.16695e-05 -4.38605e-05 -5.17279e-05 -3.9915e-05 -5.4112e-05 1.71033e-05 1.94951e-06 -1.42397e-05 2.7525e-05 -7.94372e-06 7.10608e-05 6.80954e-05
internal_weight=20592 12564 8028 8684 3880 5256 6553 3517 2803 3428 4133 1580 1475 1123 863 1077 865 2620 3461 485 1431 3036 1848 1750 732 2992 1877 1731 282 1449 584 206 2976 2719 1767 2219 2035 184 2345 817 98 93 647 575 517 1141 914 212 177 2211 1704 504 1996 128 717 183 1030 1712 236 871 257 212 1040 652 469 423 367 229 87 119 1143 755 344 992 785 228 834 766 438 255 160 1047 952 627 101 134 126 122
internal_count=20592 12564 8028 8684 3880 5256 6553 3517 2803 3428 4133 1580 1475 1123 863 1077 865 2620 3461 485 1431 3036 1848 1750 732 2992 1877 1731 282 1449 584 206 2976 2719 1767 2219 2035 184 2345 817 98 93 647 575 517 1141 914 212 177 2211 1704 504 1996 128 717 183 1030 1712 236 871 257 212 1040 652 469 423 367 229 87 119 1143 755 344 992 785 228 834 766 438 255 160 1047 952 627 101 134 126 122
is_linear=0
shrinkage=0.0337242


Tree=13
num_leaves=89
num_cat=0
split_feature=25 20 52 17 52 20 20 20 20 15 52 27 20 31 20 31 15 27 20 17 27 31 54 31 37 52 52 31 31 42 51 27 52 27 15 37 48 1 54 20 20 37 20 20 31 20 11 9 17 27 54 5 48 31 24 1 31 10 51 41 11 3 43 17 20 1 52 20 24 31 54 20 38 20 43 27 54 9 51 48 51 38 18 15 1 27 31 27
split_gain=0.0023456 0.000946549 0.000548272 0.000443078 0.000286503 0.000198704 0.000167109 0.000136764 0.000120989 0.000120286 0.000117476 0.000114672 0.00011209 0.000111558 0.000103689 0.000164442 8.82001e-05 8.59141e-05 8.51454e-05 8.36213e-05 7.99065e-05 7.91399e-05 7.80465e-05 8.33677e-05 7.44568e-05 7.27258e-05 7.25361e-05 0.000107952 6.85198e-05 6.58827e-05 6.43847e-05 6.30111e-05 8.2963e-05 7.00155e-05 6.10602e-05 6.07155e-05 5.85571e-05 5.83091e-05 5.55305e-05 5.51971e-05 5.33456e-05 5.19062e-05 5.08776e-05 4.99447e-05 4.83998e-05 4.95616e-05 4.75395e-05 6.58013e-05 6.60594e-05 4.69206e-05 4.6058e-05 4.54555e-05 4.51285e-05 4.39151e-05 4.337e-05 4.32328e-05 4.27342e-05 4.27149e-05 4.18796e-05 4.1427e-05 4.12251e-05 4.06452e-05 6.61882e-05 3.98907e-05 3.95406e-05 3.97538e-05 3.92539e-05 3.68508e-05 3.68296e-05 3.64148e-05 5.04315e-05 4.29754e-05 3.63522e-05 3.61743e-05 4.26187e-05 3.61312e-05 3.53952e-05 3.52813e-05 3.51262e-05 4.90929e-05 3.426e-05 4.65944e-05 5.8722e-05 6.84627e-05 4.02137e-05 3.38466e-05 3.37197e-05 4.11104e-05
threshold=-0.50309213770020811 2.5880107768298166 0.30898654311297541 -0.22122670489453203 0.23837809668605667 0.47558265582655829 0.5680236686390534 31.267857142857149 52.300000000000011 0.040100247801070833 0.38370822483623407 97.821606864806895 8.3060200668896353 22.500000000000004 21.775000000000006 29.500000000000004 0.10293491970869291 18.50562052587437 0.011560736560736562 -0.25627175916444805 -14.444613512656494 23.500000000000004 -4.461089071281954 184.50000000000003 0.0034188134087614901 0.19331308454115989 0.22508606901608166 36.500000000000007 124.50000000000001 -0.0018604667262016037 33.333333333334075 -735.18884780404164 0.15697612538958594 -1.4012410848872903 0.021972494850282846 0.0012995457078680552 22.927301825604861 61.184102212231345 1.2760399555366588 1.0843130553656872 5.5557275541795681 -0.003502637713164058 0.20446941323345821 0.016032128514056228 251.50000000000003 65.708333333333357 -0.66221374045801518 -0.3043893129770992 -0.14618135806442173 -12.490767280033355 -14.638256047642841 -0.52408316798020371 30.221406696916251 249.50000000000003 -0.99999999999989331 156.45785940986323 113.50000000000001 -1.8674812030075187 35.269360269362473 -0.0021041562897780026 -0.056297709923664112 -0.46173087990736111 0.0068634212152730587 -0.11274904186536379 4.2417295936713417 32.7853820339731 0.17757860722913418 0.070194107222709898 -0.99999999999996436 32.500000000000007 2.8883310689565174 2.7312382739212011 -0.0019980039920159949 0.050096525096525103 0.003733666660471036 -124.72509190063546 13.974490406892519 -0.61164122137404575 44.444444444444201 37.513025868384894 98.148148148148707 0.003510826245942678 -0.57720347158770779 0.049835947633839438 156.34276651146243 22.168827435028586 68.500000000000014 1.1498150969360046
decision_type=2 2 2 10 2 2 2 2 2 8 2 10 2 2 2 2 8 8 2 10 10 2 2 2 2 2 2 2 2 2 2 10 2 10 10 2 2 2 2 2 2 2 2 2 2 2 10 10 10 10 2 2 2 2 8 2 2 2 2 2 8 2 2 10 2 2 2 2 8 2 2 2 2 2 2 10 2 10 2 2 2 2 10 10 2 10 2 10
left_child=2 3 6 9 8 13 18 20 17 24 31 26 16 38 15 -6 43 34 25 -19 40 64 23 72 42 -1 52 39 86 57 66 32 67 73 -3 -30 -25 -36 -5 -28 69 -13 -2 -4 45 -16 -39 48 -48 61 58 -15 -7 -10 -42 -12 -44 -29 -18 -53 80 76 -63 -54 65 -22 -20 -11 -68 71 -71 -8 -17 -33 -75 -31 -32 -72 -34 -80 81 82 83 84 -45 -58 87 -23
right_child=1 4 12 5 14 11 7 -9 53 10 55 41 -14 51 44 22 50 19 30 -21 21 28 -24 36 -26 -27 27 29 35 75 49 33 78 -35 37 -37 -38 46 -40 -41 54 -43 56 60 -46 -47 47 -49 -50 -51 -52 59 63 -55 -56 -57 85 -59 -60 -61 -62 62 -64 -65 -66 -67 68 -69 -70 70 77 -73 -74 74 -76 -77 -78 -79 79 -81 -82 -83 -84 -85 -86 -87 -88 -89
leaf_value=-2.2021985136231218e-05 -2.7315635876047138e-05 -1.0139944727505385e-05 -7.8454824058526323e-05 -6.3097347212809146e-05 -1.1885646603377523e-06 6.2381071072810185e-06 2.3126854378108472e-06 4.7331995263756071e-05 5.3306269897880772e-05 -2.5583507441455326e-05 1.0781015816027994e-05 2.6628988363055278e-05 1.900649705976448e-05 2.7491006300992753e-05 5.4366984152934983e-05 8.774176047592427e-05 2.244626103698986e-05 -3.689475899570541e-06 -1.8663149599526855e-05 1.4696925988757648e-05 -2.1427638709069896e-05 -1.6753135698315893e-05 3.0084850848729446e-05 4.2231152445453877e-06 -4.8591276796985319e-05 -8.8439925263748769e-05 1.2944106702846381e-05 7.5960689304879273e-05 -6.968992081707038e-06 -1.1105026291408745e-05 -1.2002447227070306e-07 -1.8853702253798658e-05 1.6699197873300542e-06 -3.848119613360462e-06 1.9405673460545934e-05 -2.2119823776936201e-05 5.3283065432385148e-05 1.6001395864062096e-05 -7.8678525179075519e-06 -3.8290408252419807e-05 5.143752677759047e-05 1.1628802581814163e-06 2.6361148944212605e-06 -6.2843754212449433e-05 1.9433328443458047e-05 9.8589317574113058e-05 8.6717365096165692e-05 1.8619458717669697e-05 3.681820010740045e-05 -1.7422759523240224e-05 -2.7654210356659751e-05 -1.914181391844624e-05 9.9332651594246191e-06 1.0445089065189325e-05 2.7319250108633057e-06 6.6523318672934625e-05 -4.4822053808431244e-06 3.6302849094718085e-05 -2.1376251716658859e-05 8.5947839530496338e-07 -1.1117866326629393e-06 -8.4354065809794516e-06 -5.367710781825356e-05 2.1603207522192765e-05 -9.5663253754387635e-06 -6.6446339255986714e-05 -5.4685890742599975e-05 -7.6465475579933414e-07 -1.8826608926315301e-05 -5.2582471183550922e-06 2.359021750556178e-06 -4.5277416457540559e-05 4.8038101552404686e-05 1.1831298527724715e-05 5.2165844709941059e-05 2.3567928927888139e-05 3.7650356348732593e-05 2.505868234200041e-05 -6.3504267171405856e-05 -2.2450869148898042e-05 -1.5041734204092053e-05 -3.1945071804143591e-05 -6.5378584003817443e-05 -1.448125436071057e-05 -2.0404230427252542e-05 -2.5771702640679263e-05 9.614154829395144e-06 4.6344095656128952e-06
leaf_weight=54 231 53 43 50 133 775 37 56 142 78 37 101 44 64 128 84 44 347 310 1328 55 185 466 55 79 34 56 42 1200 34 108 35 41 1052 593 418 67 89 43 40 44 1040 234 118 35 49 66 70 74 1148 417 136 634 41 48 36 181 255 56 830 37 1148 39 815 72 51 93 612 66 428 198 42 60 333 35 341 36 141 44 215 68 328 183 95 42 185 324 218
leaf_count=54 231 53 43 50 133 775 37 56 142 78 37 101 44 64 128 84 44 347 310 1328 55 185 466 55 79 34 56 42 1200 34 108 35 41 1052 593 418 67 89 43 40 44 1040 234 118 35 49 66 70 74 1148 417 136 634 41 48 36 181 255 56 830 37 1148 39 815 72 51 93 612 66 428 198 42 60 333 35 341 36 141 44 215 68 328 183 95 42 185 324 218
internal_value=2.22047e-07 9.32493e-06 -1.40121e-05 3.12471e-06 2.3177e-05 9.28411e-06 -9.80972e-06 -4.76645e-06 1.74327e-05 -6.29104e-06 -2.44832e-06 1.27069e-05 -3.26167e-05 -3.22679e-06 3.80374e-05 3.26084e-05 -3.42716e-05 1.5524e-05 -1.56202e-05 1.08302e-05 -5.63735e-06 -8.77089e-06 3.88812e-05 5.39279e-05 -1.68177e-05 -4.87819e-05 1.6185e-05 2.5256e-05 -7.07161e-06 3.00645e-05 -1.45975e-05 -3.74312e-06 -1.03126e-05 6.60393e-07 2.37413e-05 -1.09429e-05 3.19582e-05 2.58628e-05 -3.86005e-05 -7.39678e-06 2.68811e-06 3.50183e-06 -1.36808e-05 -4.07054e-05 5.97328e-05 6.71555e-05 3.83457e-05 4.73552e-05 6.10326e-05 -1.23556e-05 -2.27103e-05 0 1.30091e-05 4.42317e-05 2.70766e-05 3.95945e-05 -8.27033e-06 4.22365e-05 -1.12776e-06 -1.85638e-06 -3.87307e-05 -7.91244e-06 -1.00033e-05 1.65638e-05 -3.06145e-05 -4.39995e-05 -2.62415e-05 -3.71035e-06 -4.04088e-05 0 2.2814e-06 -2.17649e-05 7.18699e-05 1.26694e-05 1.59301e-05 2.01665e-05 8.65136e-06 1.20856e-05 -2.51755e-05 -2.97984e-05 -4.02838e-05 -4.23984e-05 -5.00058e-05 -3.85944e-05 -5.23075e-05 -1.55074e-05 1.41122e-06 -4.94385e-06
internal_weight=20592 12564 8028 8684 3880 5256 6553 3517 2803 3428 2518 4133 1475 1123 1077 865 1431 2620 3036 1675 3461 2523 732 266 910 88 2992 768 2345 672 2948 2445 990 1455 945 1618 122 892 93 96 938 1141 831 914 212 177 299 210 140 2479 517 1030 2224 183 92 73 600 297 100 966 871 1331 1187 1449 178 106 469 690 159 846 767 79 144 403 368 375 144 339 300 259 834 766 438 255 160 366 727 403
internal_count=20592 12564 8028 8684 3880 5256 6553 3517 2803 3428 2518 4133 1475 1123 1077 865 1431 2620 3036 1675 3461 2523 732 266 910 88 2992 768 2345 672 2948 2445 990 1455 945 1618 122 892 93 96 938 1141 831 914 212 177 299 210 140 2479 517 1030 2224 183 92 73 600 297 100 966 871 1331 1187 1449 178 106 469 690 159 846 767 79 144 403 368 375 144 339 300 259 834 766 438 255 160 366 727 403
is_linear=0
shrinkage=0.0337242


Tree=14
num_leaves=89
num_cat=0
split_feature=25 17 38 4 37 15 10 0 0 4 4 54 42 4 19 24 28 13 6 4 7 13 45 12 27 50 21 40 10 55 40 10 13 19 26 37 4 17 7 4 27 7 51 1 55 1 1 47 4 25 50 22 10 27 19 53 1 7 19 22 13 4 13 13 1 53 27 15 15 55 22 53 4 19 51 1 22 55 15 13 42 47 45 55 1 22 38 15
split_gain=0.00216429 0.00076366 0.000222874 0.000194623 0.000199589 0.000180816 0.000177441 0.000120838 0.000100515 8.75627e-05 8.64097e-05 8.17129e-05 8.08461e-05 7.93714e-05 0.000100689 7.86828e-05 7.42531e-05 8.45974e-05 7.2339e-05 6.26101e-05 8.32732e-05 6.25034e-05 5.96186e-05 5.86935e-05 5.7825e-05 5.67921e-05 5.63382e-05 5.57707e-05 5.56949e-05 5.3627e-05 5.37985e-05 6.98266e-05 5.30334e-05 5.42399e-05 5.13767e-05 5.02331e-05 4.99912e-05 5.98081e-05 4.97541e-05 4.81297e-05 4.79707e-05 4.77354e-05 4.97129e-05 4.67981e-05 5.05768e-05 4.62162e-05 6.08365e-05 4.55765e-05 4.54402e-05 4.52284e-05 4.34969e-05 4.32249e-05 4.16058e-05 4.10913e-05 3.95179e-05 3.90348e-05 3.80625e-05 3.73004e-05 3.7267e-05 6.36239e-05 3.72012e-05 3.65964e-05 3.56273e-05 3.66452e-05 3.79341e-05 4.00676e-05 3.54765e-05 3.51775e-05 3.50507e-05 3.49811e-05 3.49458e-05 4.76862e-05 3.48141e-05 3.4768e-05 3.40271e-05 3.39729e-05 3.39723e-05 3.39642e-05 3.31069e-05 3.25439e-05 3.23641e-05 3.14016e-05 3.11216e-05 3.35624e-05 3.08171e-05 4.92756e-05 3.04484e-05 3.00704e-05
threshold=-0.50301931929395438 -0.22122670489453203 0.0030864491545606891 -0.20800356153541746 -0.0036452058677628458 0.029300073577979448 -1.5046992481203001 65.500000000000014 66.500000000000014 -0.66154107072191748 -0.36597603030131715 3.0480213417973494 0.0031662277946346022 -0.94389168409746149 1.5619776006284385 1501.0000000000036 -0.33167587071792376 -0.52049507311404708 -25.749999999999996 -0.90435440104019438 0.0041119368590851494 -0.033535227066638897 0.0027378520697862734 -0.15935114503816791 -1449.2399695552124 91.666666666666686 -0.16306197672584263 -0.003502637713164058 -1.1795112781954884 51642.000000000007 0.0035273478325785761 -2.2791353383458639 -0.095380871457646219 -2.7968375802241776 -0.0070221307682605469 0.0032077005391611961 -0.027792696025778729 -0.17870125215763141 0.77979893997004257 -0.80723189552829433 125.2513025037055 0.0041119368590851494 87.962962962962777 364.38846769939101 293.50000000000006 158.35226978493978 255.04151438920454 -10.75268817205558 -0.38944400474871382 -0.99252059785133262 88.888888888888914 -0.9777969301485675 -1.5723684210526316 73.682007363831161 0.089695694454174926 59.362203444362827 115.49982985003167 1.451114039635903 0.11833879549232408 -0.8967491445117135 -0.0096346312727956622 -0.0037275990728701442 -0.027942025967745181 -0.51321243711251563 48.148777982607122 36.82675243697998 -12.103356864364928 0.033233499494945362 0.11104119858278606 8892.0000000000018 -0.62955731085502065 58.363255525047919 -0.81647492792130694 2.3906006209800528 38.888888888888964 38.211337779094727 -0.68642332777631532 328.50000000000006 0.28225561606749078 -0.0080106396555545845 -0.0043620553510098628 71.428571428555912 0.0016090114999663954 -4079.4999999999995 81.109690766306144 -0.42663108301526714 -0.0034071649137470956 0.093893594058096289
decision_type=2 8 2 2 2 8 2 2 2 2 2 2 2 2 2 10 2 10 10 2 10 10 2 10 10 2 2 2 2 2 2 2 10 2 10 2 2 8 10 2 10 8 2 2 2 2 2 2 2 2 2 10 2 8 2 2 2 10 2 10 10 2 10 10 2 2 8 10 10 2 8 2 2 2 2 2 8 2 10 8 2 2 2 2 2 8 2 10
left_child=2 5 8 16 7 9 13 28 12 55 11 77 24 -4 29 18 19 -18 38 -3 -21 -12 36 74 -1 60 -8 80 51 30 31 -15 50 -34 -16 72 37 -20 -6 -13 68 -10 45 62 -45 57 -47 75 -26 61 -19 -5 -27 67 -23 73 -37 66 -41 -60 -14 84 63 -22 81 87 -43 -39 69 -29 -35 -72 -28 -2 -9 -38 -40 -7 -68 -44 -17 -65 83 -67 -50 -86 -77 -66
right_child=1 3 6 4 15 10 26 23 41 -11 21 39 25 14 34 27 17 32 22 20 43 54 -24 -25 48 52 35 40 -30 -31 -32 -33 33 70 -36 56 47 53 76 58 -42 42 79 44 -46 46 -48 -49 49 -51 -52 -53 -54 -55 -56 -57 -58 -59 59 -61 -62 -63 -64 64 65 82 78 -69 -70 -71 71 -73 -74 -75 -76 86 -78 -79 -80 -81 -82 -83 -84 -85 85 -87 -88 -89
leaf_value=2.9187308416693863e-05 -3.447585623033539e-05 -2.7317883780412002e-05 -6.2637724711481029e-05 1.6834425279043201e-05 -4.2158694902722846e-05 -4.5660776429150106e-05 -6.384505569500293e-06 -3.2661517904865977e-05 -4.3999938736822261e-05 -1.0464598864362304e-05 1.9358036807017358e-06 -1.2289597793142136e-05 -4.0840771241622936e-05 -3.9710329848236064e-05 5.4980255598441777e-05 1.7340301690984027e-05 -4.9301695931281476e-05 -1.9703261809504761e-06 -4.2386337283756633e-06 5.9478355654955446e-05 4.9278049153225288e-06 1.0106094508710019e-05 6.0600209554809671e-05 4.538483626937122e-05 -1.7446730651840251e-05 1.2385436454836567e-05 -6.4742109200706662e-05 6.951101155821732e-05 1.9131416842352953e-05 1.206260883965423e-05 -3.5403523544640935e-05 5.8556596203029906e-06 -2.4740657137488251e-05 7.2625377654581246e-06 0 -2.5792482221563471e-05 2.6899866017025779e-05 -6.1030947133845672e-06 1.2702574934612615e-05 -2.653458530824054e-06 1.160614095517135e-05 -5.7266667309597552e-06 7.7280551102183411e-06 2.8812393097017273e-05 -1.6084548183636204e-06 4.558468951251367e-05 -1.2000265848530734e-06 3.7333068502310822e-05 -3.0529204826600919e-06 -1.6523896978300084e-05 -4.0726703501176377e-05 6.0314385734327596e-05 -2.1581184748450823e-05 6.6018229990601344e-06 3.6082548365545569e-05 -9.1037708762370174e-06 -6.1216458098861502e-05 7.8597354871385542e-06 3.0378979706697017e-05 0 -2.3406321298421782e-06 1.8390619987628448e-05 -7.662699092299809e-06 1.0061278151284944e-05 3.1650282165264519e-05 5.6627185023352323e-06 -1.5545980777602011e-05 1.8685744608759875e-05 2.1780378989775809e-05 2.9125751807267994e-05 3.7157180864294702e-05 -2.7113157613131613e-06 -2.8106018045169618e-05 -7.5330455582691783e-05 1.0690909288038666e-05 3.4787596138121998e-05 -1.8162441765506615e-05 -1.3277866098115429e-05 -4.9118939415451834e-05 -1.2897573385619709e-05 5.2304030611394956e-05 3.9286091102973469e-05 3.4970907165768821e-06 4.346604599892151e-05 -1.3810596301695045e-05 2.5570097532670434e-05 1.1430530187746532e-05 0
leaf_weight=36 141 42 34 36 34 43 60 34 36 578 1326 236 267 54 37 52 35 491 237 45 241 237 34 35 1637 52 39 46 68 63 159 123 51 725 39 54 334 63 121 298 368 556 472 73 391 37 194 161 827 878 36 262 154 679 103 58 207 111 143 171 38 60 64 431 52 37 560 1124 295 83 111 43 279 36 48 75 60 526 39 104 126 50 39 232 897 36 763 86
leaf_count=36 141 42 34 36 34 43 60 34 36 578 1326 236 267 54 37 52 35 491 237 45 241 237 34 35 1637 52 39 46 68 63 159 123 51 725 39 54 334 63 121 298 368 556 472 73 391 37 194 161 827 878 36 262 154 679 103 58 207 111 143 171 38 60 64 431 52 37 560 1124 295 83 111 43 279 36 48 75 60 526 39 104 126 50 39 232 897 36 763 86
internal_value=-2.05238e-07 8.71166e-06 -1.37026e-05 1.44303e-05 1.85396e-05 -3.61223e-06 -2.7534e-05 3.93177e-05 -1.14175e-05 -1.77608e-05 8.74625e-08 -6.0025e-06 -1.4087e-05 -1.23999e-05 -8.60046e-06 1.6363e-05 7.95371e-06 2.32281e-06 1.40533e-05 1.26114e-05 1.36302e-05 5.32524e-06 1.52361e-05 8.47131e-06 -1.25615e-05 -2.69463e-05 -3.94379e-05 2.50377e-05 4.89144e-05 -1.55305e-05 -2.09919e-05 -7.49976e-06 3.62928e-06 8.51051e-06 2.65105e-05 -4.26962e-05 1.4759e-05 1.14121e-05 -4.58668e-06 5.21272e-07 2.09611e-05 -5.19212e-06 -4.47155e-06 1.23567e-05 2.96928e-06 -7.73268e-06 5.87522e-06 1.99668e-05 -1.29305e-05 -1.01545e-05 -4.80124e-06 5.53861e-05 -1.25379e-05 1.34517e-05 1.82597e-05 -3.52951e-05 -5.42577e-05 -1.0292e-05 5.61935e-06 1.37784e-05 -3.63609e-05 -7.02871e-06 1.58137e-05 1.71829e-05 2.02647e-05 2.7559e-05 -1.21201e-05 1.72886e-05 2.88526e-05 4.4276e-05 1.05497e-05 2.53974e-05 -3.29031e-05 -4.33314e-05 -6.10575e-06 1.74987e-05 1.93705e-06 -1.5895e-05 -1.78932e-05 3.83617e-06 4.26329e-05 1.33002e-05 3.44914e-05 3.86257e-05 -7.9502e-06 -1.21875e-05 1.36363e-05 1.13861e-05
internal_weight=20448 12309 8139 8413 5138 3896 1148 483 6991 813 3083 1417 4882 509 475 4655 3275 1492 3685 1783 1741 1666 3470 117 4371 511 639 970 366 399 336 177 1457 930 76 579 3436 2103 215 848 792 2109 2073 1696 464 1497 231 1333 4335 2698 527 298 206 1866 340 235 261 1266 612 314 305 1820 1232 1168 927 446 1155 1187 424 129 879 154 318 177 82 1172 181 569 599 576 178 481 308 269 1760 933 838 138
internal_count=20448 12309 8139 8413 5138 3896 1148 483 6991 813 3083 1417 4882 509 475 4655 3275 1492 3685 1783 1741 1666 3470 117 4371 511 639 970 366 399 336 177 1457 930 76 579 3436 2103 215 848 792 2109 2073 1696 464 1497 231 1333 4335 2698 527 298 206 1866 340 235 261 1266 612 314 305 1820 1232 1168 927 446 1155 1187 424 129 879 154 318 177 82 1172 181 569 599 576 178 481 308 269 1760 933 838 138
is_linear=0
shrinkage=0.0337242


Tree=15
num_leaves=89
num_cat=0
split_feature=16 47 52 26 26 16 52 15 52 26 0 47 7 0 15 53 38 27 0 37 19 52 1 35 7 44 26 0 15 1 15 45 1 42 7 27 36 9 5 15 36 36 7 40 17 35 7 39 40 42 7 2 2 0 0 1 12 0 15 41 36 44 17 7 26 51 18 7 42 39 18 16 47 18 43 19 16 44 42 50 15 55 38 12 1 11 37 0
split_gain=0.00130614 0.000635849 0.000486785 0.00029457 0.000226733 0.000216402 0.00016148 0.000154515 0.000145374 0.0001163 0.00010319 0.000101557 8.41185e-05 7.99842e-05 8.42415e-05 7.82739e-05 7.4867e-05 0.000101112 7.22696e-05 6.73453e-05 6.72013e-05 8.94146e-05 6.83818e-05 6.42383e-05 6.10505e-05 6.00146e-05 6.81886e-05 5.99761e-05 5.8055e-05 5.40313e-05 5.21609e-05 5.18431e-05 5.28793e-05 5.05149e-05 4.98588e-05 4.80371e-05 4.76415e-05 5.28811e-05 4.67962e-05 4.56551e-05 4.54335e-05 4.47401e-05 4.67288e-05 4.40269e-05 4.27115e-05 4.22169e-05 4.1816e-05 4.17122e-05 4.10061e-05 3.90506e-05 3.87152e-05 3.85665e-05 4.19749e-05 3.77564e-05 3.72658e-05 4.27671e-05 3.66204e-05 3.65408e-05 3.64587e-05 3.61903e-05 3.5511e-05 3.44161e-05 3.35173e-05 3.29307e-05 3.24834e-05 3.23076e-05 3.2183e-05 3.15071e-05 3.14881e-05 3.14623e-05 3.0984e-05 3.09749e-05 3.0668e-05 3.31696e-05 2.98825e-05 2.95368e-05 2.96563e-05 2.93969e-05 3.09366e-05 3.08584e-05 2.90783e-05 2.89e-05 3.88718e-05 2.99086e-05 2.8752e-05 2.84217e-05 3.05217e-05 2.83015e-05
threshold=0.54605263157894746 -32.25806451612339 0.30898654311297541 -0.0062053626398277367 -0.0023709154844002403 0.85996240601503771 0.30551207109196238 0.030562494274702187 0.21698582197887198 -0.00070697651280841737 200.50000000000003 83.333333333333883 0.11048579905519071 145.50000000000003 0.30307003219980994 72.333186407184726 0.0013651883493988051 -480.18937629105625 130.50000000000003 -0.0037523584241502812 1.4067708197185882 0.39050931425888508 254.69325425706458 1.0000000180025095e-35 0.57306429312132745 -0.0016326541492072686 -0.00043915435849162173 81.500000000000014 0.028687949702850067 142.98807776211473 0.048584868895210222 -0.0012944989241834291 2323.622188918242 0.0065520109468487639 0.11861065502938128 -116.61979365970159 0.0012399260810340709 -0.028625954198473278 -0.22517642424712128 0.10820790623133053 0.003137256831838076 0.0015961702105976585 0.029064408341974889 0.0040187559891038402 -0.022377197858459371 1.0000000180025095e-35 0.49422456504205559 0.0018331821084114355 0.0015987220447284403 -0.0032232091839384798 1.2578134001613093 -0.402942311071881 -0.4704821140830831 20.500000000000004 49.500000000000007 41.690253542635169 -0.85591603053435106 41.500000000000007 0.12960144364531476 0.0034188134087614901 -0.0034188134087615447 -0.0041987424340365611 -0.038702056698165642 0.037857184007374124 -0.0024709404413315755 50.000000000000107 0.21987315015484724 1.3322963475054734 0.0048475057521907292 -0.0018348623853211008 0.24881398516752251 0.49342105263157904 -94.01709401708132 -0.093773652878990796 -0.0031974440894568796 -1.6758041570233073 0.076127819548872197 -0.0013633271501908848 0.0043956256279464876 33.33333333333254 0.28225561606749078 22339.000000000004 -0.0012338067619612756 -0.66889312977099225 48.435431562991141 -0.029580152671755722 -0.0012978590799601617 27.500000000000004
decision_type=2 2 2 10 8 2 2 8 2 10 2 2 8 2 8 2 2 10 2 2 2 2 2 2 10 2 10 2 10 2 10 2 2 2 10 8 2 8 2 10 2 2 8 2 8 2 10 2 2 2 10 2 2 2 2 2 10 2 10 2 2 2 8 10 10 2 10 10 2 2 8 2 2 10 2 2 2 2 2 2 10 2 2 10 2 10 2 2
left_child=1 3 7 36 27 12 23 24 31 18 25 70 16 19 -15 35 45 -18 41 -8 21 47 -22 50 33 34 74 29 -24 63 -29 32 85 40 -10 -13 56 46 53 -40 57 42 -9 69 60 -2 -38 49 -30 72 64 52 -26 -36 -25 -56 71 -3 75 -53 65 -34 -43 -4 -7 -21 -58 68 -20 -11 -6 -1 73 -14 -27 -31 -77 -44 79 -79 -33 -51 -83 84 -84 86 87 -5
right_child=5 2 4 8 11 6 13 9 10 43 -12 15 20 14 -16 -17 17 -19 67 44 22 -23 28 54 51 26 -28 30 48 58 -32 80 61 -35 38 -37 37 -39 39 -41 -42 62 77 -45 -46 -47 -48 -49 -50 81 -52 59 -54 -55 55 -57 66 -59 -60 -61 -62 -63 -64 -65 -66 -67 -68 -69 -70 -71 -72 -73 -74 -75 -76 76 -78 78 -80 -81 -82 82 83 -85 -86 -87 -88 -89
leaf_value=-1.0006746410639783e-05 4.2849872870981582e-06 -1.9685752529835621e-05 0 2.7013137622551447e-05 3.2960138233863622e-05 8.4218405802424604e-06 5.9914550904635125e-05 -1.8395184286459461e-05 5.9141364019705922e-06 3.8409517369738134e-05 -1.9252328751626024e-05 -2.7940146591165869e-05 2.475343064880132e-05 -2.3913944881646476e-05 3.7593959421161228e-05 -5.1615888413510902e-05 -7.6309645670463619e-05 -2.2340633656941756e-06 -1.5396100102712531e-06 2.3357188999749001e-05 6.9531169685284509e-05 4.8055456231087204e-05 -1.4622154497342127e-05 1.2968121127041636e-05 -2.3274465970256802e-06 2.6491049833495286e-05 2.982103833778716e-05 -3.4613350996442803e-05 1.8473852034040057e-05 -2.9524729760855695e-05 1.2360930303117207e-06 2.2899133133658422e-06 -3.6542480037648341e-05 -5.7730240092207798e-05 3.8440112061067976e-05 2.8330284220935698e-05 -3.6007473395094124e-05 1.6209420852107578e-05 7.4146447822062301e-05 3.7875247780176882e-05 -4.8443573572068845e-05 -1.8568753116655633e-05 9.1883298220116541e-06 -2.3865206980243897e-05 5.9379204017202555e-05 -2.5050483813019164e-05 -9.9779854456384727e-06 -1.4513151114638552e-05 5.9500572794684299e-05 3.0206509639657305e-06 6.0085686684165977e-06 -8.4557339491668651e-06 3.4236343909020615e-05 -2.0929967181439319e-06 -3.784220406393261e-05 3.3713608737023918e-06 -2.6219054280508641e-08 -5.5768296951322722e-06 -2.3212582815157914e-05 -3.6923765848093241e-05 1.9294526661388652e-05 3.4214603918704394e-07 1.4385445336502618e-05 -3.1933744658500207e-05 2.1450305496180395e-05 6.4682327120548587e-05 -2.6433186106127141e-05 2.1272880488392312e-05 2.9082011378264559e-05 6.7402018375241822e-06 2.1140305910067696e-06 -4.1989780929072772e-05 -2.8226900482181294e-05 -1.4123507012496118e-05 -3.859307334448056e-06 -2.7636181988602164e-05 -5.8920929783646185e-05 2.943620170513652e-06 1.9731207052766833e-05 -7.6396657252362332e-06 -1.5200958210691623e-05 2.8452764722826449e-05 1.2353294170287064e-05 5.7267851835164776e-06 4.9867449609278683e-05 -9.2996635648602878e-06 9.5173254300636076e-06 4.8438515544873079e-06
leaf_weight=221 475 1027 35 283 69 286 150 359 67 39 63 34 44 50 50 62 36 57 534 55 36 60 46 92 171 46 197 86 179 85 89 1137 39 40 50 35 159 40 63 177 57 585 144 50 62 63 149 104 37 568 311 445 44 46 53 54 960 288 83 61 243 91 34 440 1481 51 56 99 41 835 96 45 57 56 175 53 308 336 50 2987 119 159 88 545 38 61 817 100
leaf_count=221 475 1027 35 283 69 286 150 359 67 39 63 34 44 50 50 62 36 57 534 55 36 60 46 92 171 46 197 86 179 85 89 1137 39 40 50 35 159 40 63 177 57 585 144 50 62 63 149 104 37 568 311 445 44 46 53 54 960 288 83 61 243 91 34 440 1481 51 56 99 41 835 96 45 57 56 175 53 308 336 50 2987 119 159 88 545 38 61 817 100
internal_value=-1.98023e-07 -5.42813e-06 -1.05188e-05 4.12201e-06 -2.83818e-05 1.36998e-05 2.00179e-05 -7.30408e-06 9.60833e-06 -4.54666e-06 2.14881e-05 -1.64892e-06 6.6532e-06 3.4813e-05 5.87344e-06 -2.41114e-05 -3.9841e-06 -3.19479e-05 -6.52587e-06 3.97992e-05 1.00289e-05 7.38576e-06 2.49514e-05 1.56806e-05 -1.51355e-05 2.47321e-05 1.5354e-05 -3.50114e-05 1.8457e-05 -3.82587e-05 -1.5829e-05 5.60439e-06 1.00935e-05 -1.9252e-05 3.42195e-05 0 -7.70346e-06 -1.88607e-05 3.9576e-05 4.77992e-05 -1.80598e-05 -8.07678e-06 -6.69027e-06 6.42076e-06 3.22227e-05 6.70126e-07 -2.37291e-05 5.85662e-06 2.59491e-05 7.28113e-06 1.74391e-05 -6.93953e-06 4.70582e-06 1.80112e-05 -2.197e-06 -1.61395e-05 -4.59941e-06 -1.66692e-05 -4.60087e-05 -1.20787e-05 2.71213e-05 -9.97974e-06 -1.66025e-05 -2.94241e-05 1.93963e-05 4.4152e-05 -1.57686e-06 3.67393e-06 4.7575e-07 8.26396e-06 1.55991e-05 -1.57808e-05 -8.34841e-06 2.01578e-06 2.02061e-06 -5.00343e-05 -5.45956e-05 -5.468e-06 -6.12237e-06 -6.54047e-06 5.55779e-07 9.10552e-06 1.31532e-05 9.38372e-06 2.44342e-05 1.22396e-05 1.34151e-05 2.14772e-05
internal_weight=20448 14862 9701 5161 1475 5586 2938 8226 3531 6093 884 296 2648 661 100 131 631 93 5169 561 2017 1719 298 2277 2133 821 418 1179 262 1004 175 2647 1391 1412 403 69 1630 348 336 240 1372 4495 3876 924 411 538 308 1659 216 1555 2078 721 215 96 199 107 1282 1315 529 506 349 130 619 475 1767 106 1016 674 575 874 165 266 157 100 221 446 361 3517 3373 3323 1256 1398 830 671 126 1261 1200 383
internal_count=20448 14862 9701 5161 1475 5586 2938 8226 3531 6093 884 296 2648 661 100 131 631 93 5169 561 2017 1719 298 2277 2133 821 418 1179 262 1004 175 2647 1391 1412 403 69 1630 348 336 240 1372 4495 3876 924 411 538 308 1659 216 1555 2078 721 215 96 199 107 1282 1315 529 506 349 130 619 475 1767 106 1016 674 575 874 165 266 157 100 221 446 361 3517 3373 3323 1256 1398 830 671 126 1261 1200 383
is_linear=0
shrinkage=0.0337242


Tree=16
num_leaves=89
num_cat=0
split_feature=25 20 52 20 52 20 49 52 20 41 31 20 31 20 31 17 15 22 51 31 23 9 27 47 9 17 25 23 50 4 48 18 52 2 48 1 53 3 54 52 1 17 49 10 48 27 0 31 22 20 27 1 13 52 41 51 27 31 24 20 24 10 0 3 41 20 0 13 1 49 31 18 11 53 52 52 22 20 52 41 1 9 3 10 51 36 11 22
split_gain=0.00199166 0.000712718 0.000506039 0.00027461 0.000268127 0.00016443 0.000163755 0.000148294 0.000120595 0.000108625 0.000103228 9.6219e-05 0.000117977 9.56692e-05 0.000115734 8.75195e-05 7.92423e-05 7.79492e-05 7.77893e-05 7.58623e-05 9.10251e-05 7.0346e-05 7.66912e-05 6.84376e-05 6.79144e-05 6.67735e-05 6.50733e-05 6.21997e-05 5.99654e-05 5.857e-05 5.85459e-05 5.78819e-05 7.63615e-05 5.67705e-05 8.48904e-05 5.67152e-05 5.55983e-05 5.53921e-05 6.22197e-05 5.43094e-05 5.38653e-05 5.27884e-05 5.17417e-05 5.11583e-05 5.05642e-05 4.80036e-05 4.72917e-05 4.6631e-05 4.86661e-05 4.56038e-05 4.43918e-05 4.4141e-05 4.25131e-05 4.23341e-05 4.02026e-05 3.96546e-05 3.95119e-05 3.88038e-05 3.80563e-05 3.79508e-05 3.74449e-05 3.72551e-05 3.69668e-05 3.65561e-05 3.63752e-05 3.63076e-05 3.48616e-05 3.47756e-05 3.43542e-05 3.43283e-05 3.41231e-05 3.39806e-05 3.29951e-05 3.26048e-05 3.21645e-05 3.20586e-05 3.1803e-05 3.17876e-05 3.82121e-05 3.17398e-05 3.15156e-05 3.1431e-05 3.07309e-05 3.04147e-05 4.14557e-05 3.49962e-05 3.48772e-05 2.93208e-05
threshold=-0.50301931929395438 1.8673632583431072 0.30898654311297541 0.20446941323345821 0.24559512179120904 0.69054196264141032 49.384503843330755 0.40730651661106587 14.455555555555557 0.0069324298346790112 136.50000000000003 21.775000000000006 28.500000000000004 5.5557275541795681 29.500000000000004 -0.23070199818612677 0.49790308329292882 -0.3728466555526308 72.222222222221475 24.500000000000004 1.0000000180025095e-35 -0.66316793893129755 48.780420825058648 126.1261261261384 -0.46851145038167935 -0.073774538486293534 -0.98416499751976172 -0.10000000000000496 69.444444444442851 -0.48039742212674541 72.42337695261385 -0.13184953800891727 0.20401921502516154 0.13004483581392592 23.383176804555521 40.950999833035389 67.414910883527071 -0.16791676011563336 22.419183507279318 0.25145972661420962 256.82563930359026 -0.32160593604634152 43.9215522594071 -1.8073308270676689 51.978544290185454 4.4514264531990912 5.5000000000000009 58.500000000000007 -0.67436213502836595 0.070194107222709898 2.3689628240735754 61.552546248755512 -0.51321243711251563 0.210029832092993 0.0038167938931298333 70.072751322751856 -869.29289306857436 41.500000000000007 499.99999999998948 0.045097374584000989 -0.83333333333327009 -1.5892857142857137 30.500000000000004 0.24677173745206812 -0.0019398660344697725 88.500000000000014 5.5000000000000009 -0.013367840566373581 633.74337829107844 2.5636476086900712 150.50000000000003 -0.50304081868234862 -0.45706106870229002 73.303445097621434 0.32645121644985692 0.14532777004479372 -0.91699964217557239 0.63960366755397813 0.33129198806959337 0.0013726842430545896 32.963394752006415 -0.70133587786259521 0.046645094100973276 -1.4501879699248115 88.888888888890804 0.0018921492810907161 -0.27385496183206098 -0.81660007156488545
decision_type=2 2 2 2 2 2 2 2 2 2 2 2 2 2 2 10 8 10 2 2 10 10 8 2 8 10 2 10 2 2 2 10 2 2 2 2 2 2 2 2 2 10 2 2 2 10 2 2 8 2 8 2 10 2 2 2 10 2 10 2 8 2 2 2 2 2 2 10 2 2 2 8 10 2 2 2 8 2 2 2 2 10 2 2 2 2 10 8
left_child=2 3 5 21 8 9 7 19 15 18 13 12 36 14 27 50 26 25 37 33 41 22 87 43 66 62 52 -7 65 79 75 32 -22 35 -35 -5 -6 -1 59 -26 -12 -21 -31 -15 -37 -27 -41 48 53 -20 -3 -32 -4 56 -51 68 -23 -57 -49 -39 -29 -56 63 -14 -13 -10 70 -64 81 -66 72 -34 -8 77 -43 -16 -53 -73 -79 -28 -62 -17 -55 84 86 -85 -54 -2
right_child=1 4 16 6 11 10 24 -9 28 -11 40 64 17 23 30 55 -18 -19 49 20 31 47 -24 -25 39 45 29 60 -30 42 51 -33 71 34 -36 44 -38 38 -40 46 -42 74 -44 -45 -46 -47 -48 58 -50 54 -52 76 83 82 61 57 -58 -59 -60 -61 80 -63 67 -65 69 -67 -68 -69 -70 -71 -72 73 -74 -75 -76 -77 -78 78 -80 -81 -82 -83 -84 85 -86 -87 -88 -89
leaf_value=-1.0395177090814809e-05 0 1.3951810033403957e-05 -4.5946642992561468e-05 -2.7592533683005157e-05 -1.2581371885436779e-05 1.583740916680383e-05 -3.6603962924420964e-06 4.9212670163814744e-05 2.0120708306633198e-05 -7.1379432139018128e-05 -3.94009491385724e-06 3.4566628848072235e-05 3.5907723529157072e-05 -9.9775550455805753e-06 7.723053972746569e-06 2.2065000855440616e-05 1.6024949207457614e-05 8.3603201492377436e-05 -1.7957889072780628e-05 -1.4136570303515743e-05 1.3240306558345378e-05 -4.6722754136919786e-05 4.5955017858494959e-05 5.4235909332557588e-05 -6.0990965938374204e-06 6.6655649059623015e-05 -8.4252002024764937e-05 -1.4333172071548611e-05 6.519140083333387e-05 -3.5246564239569731e-06 2.9865391207069042e-06 7.1489297014022529e-06 3.3670740098880625e-07 -3.4274157008992386e-08 -6.4306011817505366e-05 -6.0787291039610691e-06 3.1506594611526689e-05 -4.6609000087766559e-05 -5.1455423281712579e-05 -4.9374714645734692e-05 -1.6514639503629984e-05 3.7662229487700976e-06 -3.8656366402665638e-05 2.0719168002128095e-05 3.4978845481038631e-05 3.4069058572852862e-05 -1.1732620353762594e-05 -1.8171303876722084e-05 -7.5863839983921971e-06 -6.7576859821360122e-06 -4.3071906027257129e-06 4.8350032241262506e-05 -2.7414328643646248e-05 -3.8183139239334394e-05 3.1816510466277133e-05 0 0 2.9305293966950596e-05 7.297074734442086e-06 -1.8770433798690239e-05 -2.1167417417046067e-05 -8.1316339781480592e-06 0 8.1075134296125262e-06 4.5284472809648125e-05 4.5270748935825952e-05 7.1071799218399727e-06 3.5919243233363212e-05 1.1729174155168252e-06 8.8998964961296161e-05 -1.5013343037657884e-05 2.2770277514238776e-05 2.339890497931796e-05 1.4252045098289339e-05 2.3270057142236593e-05 -7.9943848460418988e-06 1.4342363813490724e-05 7.0980922117475464e-05 2.9458341221214307e-05 -4.5369725993024973e-05 -6.3890862165653933e-05 1.0803353170427022e-05 -8.8702612402244603e-05 -1.9155362858859393e-05 -2.6233502525959988e-06 9.0442062448029423e-06 -5.936233086084025e-05 -2.0674622486517528e-05
leaf_weight=652 238 208 106 53 111 36 195 99 569 38 936 82 201 83 223 416 37 34 418 179 803 42 34 53 706 68 52 96 45 60 176 934 36 55 45 65 46 65 86 70 695 1642 463 208 65 417 103 403 66 1184 552 60 273 39 62 59 35 303 74 949 44 41 138 87 55 83 657 38 305 54 211 63 68 61 105 420 90 79 52 81 55 1116 35 205 69 61 54 118
leaf_count=652 238 208 106 53 111 36 195 99 569 38 936 82 201 83 223 416 37 34 418 179 803 42 34 53 706 68 52 96 45 60 176 934 36 55 45 65 46 65 86 70 695 1642 463 208 65 417 103 403 66 1184 552 60 273 39 62 59 35 303 74 949 44 41 138 87 55 83 657 38 305 54 211 63 68 61 105 420 90 79 52 81 55 1116 35 205 69 61 54 118
internal_value=-1.71634e-09 8.48985e-06 -1.29812e-05 1.85599e-06 1.83541e-05 -9.02324e-06 4.54705e-06 8.24199e-06 1.35891e-05 -1.4079e-05 -3.42745e-06 3.13699e-05 2.74844e-05 2.77426e-06 -1.64654e-06 1.05617e-05 -3.09847e-05 3.18204e-05 -1.34212e-05 7.26187e-06 8.48207e-06 -1.3809e-05 -2.07055e-06 1.84766e-05 -3.37563e-06 2.98633e-05 -3.22741e-05 -2.31509e-05 2.63029e-05 -4.03284e-05 3.38015e-06 1.34834e-05 1.88031e-05 -9.44479e-06 -2.99232e-05 1.21742e-06 0 -1.84564e-05 -2.31466e-05 -1.04255e-05 -9.35761e-06 3.16565e-06 -3.48108e-05 1.16316e-05 1.37065e-05 3.88372e-05 -2.75223e-05 -2.02662e-05 -3.35563e-05 -8.19057e-06 5.62829e-07 1.50637e-05 -2.52685e-05 -4.42672e-05 -4.94318e-06 1.39735e-05 -2.464e-05 2.44319e-05 -1.40176e-05 -2.06503e-05 -3.08445e-05 1.49764e-05 2.0275e-05 2.78454e-05 5.40544e-05 2.34706e-05 2.01794e-06 7.33782e-06 1.18599e-05 6.7828e-05 -4.83221e-06 3.38213e-05 2.96841e-06 3.81695e-05 4.99379e-06 -2.39307e-06 2.85898e-05 4.51916e-05 5.52366e-05 -6.12986e-05 -4.58791e-05 1.39244e-05 -6.33838e-05 -2.18114e-05 -2.79394e-05 -1.23252e-05 -3.29858e-05 -6.92878e-06
internal_weight=20548 12417 8131 7430 4987 6670 6346 4336 3656 3495 3175 1331 1140 1544 1200 2959 1461 983 3457 4237 3954 1084 390 344 2010 949 1424 231 697 656 969 2028 1094 283 100 183 157 1752 1100 879 1631 1926 523 291 130 485 173 694 217 1705 760 326 768 151 1287 2199 77 362 477 1014 195 103 464 288 191 652 1131 176 1837 109 474 291 263 255 1747 643 150 194 131 133 99 1532 74 662 396 266 327 356
internal_count=20548 12417 8131 7430 4987 6670 6346 4336 3656 3495 3175 1331 1140 1544 1200 2959 1461 983 3457 4237 3954 1084 390 344 2010 949 1424 231 697 656 969 2028 1094 283 100 183 157 1752 1100 879 1631 1926 523 291 130 485 173 694 217 1705 760 326 768 151 1287 2199 77 362 477 1014 195 103 464 288 191 652 1131 176 1837 109 474 291 263 255 1747 643 150 194 131 133 99 1532 74 662 396 266 327 356
is_linear=0
shrinkage=0.0337242


Tree=17
num_leaves=89
num_cat=0
split_feature=25 20 52 52 20 20 20 20 0 28 27 27 5 43 15 10 36 20 26 9 27 20 20 27 47 19 43 51 54 18 47 36 47 55 43 27 53 15 10 3 1 22 27 19 37 1 21 20 15 19 1 40 5 17 55 27 45 19 17 20 34 43 20 9 22 20 0 52 22 54 15 17 19 1 9 21 20 52 19 21 51 8 9 15 19 54 45 15
split_gain=0.00186115 0.000667743 0.000472878 0.000271971 0.000193955 0.000153676 0.000131798 0.000125068 0.00013841 0.000110135 9.99774e-05 9.37811e-05 8.19972e-05 8.165e-05 7.42093e-05 7.28914e-05 7.2101e-05 7.19873e-05 7.04798e-05 6.57349e-05 7.16247e-05 6.26866e-05 6.2579e-05 7.27038e-05 6.40691e-05 6.16357e-05 6.02267e-05 5.87065e-05 5.83343e-05 5.82324e-05 5.48555e-05 5.37758e-05 5.2683e-05 5.47434e-05 5.09122e-05 4.98692e-05 4.9129e-05 4.89031e-05 4.82797e-05 4.66461e-05 6.75095e-05 4.61845e-05 4.54832e-05 5.33712e-05 4.52726e-05 4.68326e-05 4.47885e-05 4.40332e-05 4.37146e-05 5.33403e-05 4.32928e-05 4.55644e-05 4.47833e-05 4.3147e-05 4.21046e-05 4.19445e-05 4.03463e-05 8.57064e-05 3.96009e-05 3.88623e-05 3.79785e-05 3.77884e-05 3.74756e-05 3.66756e-05 4.6053e-05 3.64248e-05 3.67193e-05 3.64058e-05 5.99975e-05 3.91627e-05 3.58667e-05 3.51153e-05 3.5009e-05 3.48821e-05 3.43614e-05 3.36367e-05 3.30345e-05 3.30143e-05 3.11557e-05 3.97713e-05 3.07895e-05 3.06048e-05 3.0543e-05 2.95775e-05 3.01972e-05 2.91561e-05 2.88613e-05 3.03936e-05
threshold=-0.50301931929395438 1.0997237569060776 0.30898654311297541 0.24123666125773477 0.20446941323345821 0.69054196264141032 14.455555555555557 2.6568921232876721 50.500000000000007 -0.74719916626344574 125.2513025037055 -326.71719570627687 -0.014182408333647969 0.0074303434060878368 0.49790308329292882 -1.0780075187969922 0.0012277475467659118 7.6545092838196309 -0.00014275273497595291 -0.66316793893129755 48.780420825058648 88.500000000000014 0.10874113152628707 -326.71719570627687 91.176514010684272 0.019665043742746139 -0.0037558718560001809 82.962962962963246 -29.423880272042577 0.083042552335998249 -37.037037037050361 -0.0028149204651254918 -7.2463768116075169 8892.0000000000018 0.001668057874234852 673.82326454574115 62.794577594336957 0.04653422844989457 -0.94360902255639056 -0.19568485655858239 1334.1072246505275 -0.9235178848234914 70.651200972941865 0.29035629855341233 0.0024316118408410641 27.962108171055959 -1.0000000180025095e-35 1.3682105263157898 0.029300073577979448 2.3906006209800528 48.771039752975597 -0.003502637713164058 -0.17744470856340247 -0.15734252947543956 9104.5000000000018 -0.77216589609145703 0.0016220610831632067 0.072977206469138536 -0.12592156461191886 7.1004464285714297 1.0000000180025095e-35 -0.003225806451612911 31.267857142857149 -0.86164122137404575 -0.97051481494880776 0.070194107222709898 37.500000000000007 0.20672081706403328 -0.67436213502836595 -0.67247597999393649 0.017827265450284659 -0.77158179983031505 0.036748927727460419 27.691624573210088 -0.86164122137404575 0.22289268291097949 4.9174468085106389 0.19789757648351206 0.027249287750612087 0.077304156920427705 44.444444444444201 0.12500000000000358 -0.74332061068702282 0.06844845249118385 1.1037102318066874 -28.566103874311519 -0.0031923404211953161 0.25977514774968186
decision_type=2 2 2 2 2 2 2 2 2 2 8 10 2 2 8 2 2 2 8 10 8 2 2 10 2 2 2 2 2 10 2 2 2 2 2 10 2 10 2 2 2 10 8 2 2 2 2 2 10 2 2 2 2 10 2 10 2 2 10 2 2 2 2 8 10 2 2 2 8 2 10 10 2 2 10 2 2 2 2 2 2 10 10 8 2 2 2 10
left_child=2 4 5 6 19 13 10 8 12 31 46 37 41 15 22 27 28 25 53 20 -2 38 29 -24 59 60 -14 39 -11 -4 73 61 -8 35 62 -34 -26 71 50 -1 -41 -5 43 -28 45 -17 -3 -10 49 -21 -20 54 -53 -9 72 -33 58 -58 -48 -25 80 -6 75 64 -30 77 -67 69 -69 -50 -65 -7 -52 -12 -27 -19 -76 -29 -72 -80 81 85 -54 84 -47 -13 87 -75
right_child=1 3 14 7 9 11 32 18 47 16 30 17 26 -15 -16 44 -18 34 21 48 -22 -23 23 24 36 74 42 65 63 -31 -32 55 33 -35 -36 -37 -38 -39 -40 40 -42 -43 -44 -45 -46 83 56 -49 67 -51 51 52 82 -55 -56 -57 57 -59 -60 -61 -62 -63 -64 70 -66 66 -68 68 -70 -71 78 -73 -74 86 76 -77 -78 -79 79 -81 -82 -83 -84 -85 -86 -87 -88 -89
leaf_value=-7.3674681619138725e-06 -6.6976783885751703e-06 8.0043982083507032e-06 -5.6994795918165187e-05 1.0603793465525451e-05 4.6439687109061399e-06 1.9112190947077387e-05 1.9806529841078021e-05 7.5203752229383638e-07 -4.3478908395820248e-05 -1.3945922246444761e-05 2.1990329070210725e-05 -3.8781939824877834e-05 4.2133549164216622e-05 -6.0976858472681838e-05 1.5484522376180045e-05 -5.8668217115555909e-05 -1.5961091594563597e-05 -7.7285960294235562e-06 1.2729979621053697e-05 -2.4265312313302192e-05 4.4405226559631122e-05 8.7047281899079812e-05 1.1140843272147808e-05 -2.7786338125634484e-05 -3.1620894425110865e-05 -1.5103076812542068e-05 7.3126762265760064e-06 -9.8493983839728121e-06 3.9315421248680495e-05 -5.3962078536027585e-06 -3.3920955698313349e-06 1.5034465493304732e-05 9.594656291557199e-05 2.1763152006301631e-05 4.0382135924148836e-05 3.2529583032152362e-05 -7.2358334013204845e-05 0 5.221012383904434e-06 -1.6980444751418243e-05 -5.8710352212349406e-05 5.0990640271765516e-05 -1.0145643677240101e-05 5.023477554358683e-05 -5.9369413507900095e-05 -1.929071956534552e-05 5.6140956464118815e-06 -5.2024519737345996e-07 -2.3599981530000837e-05 -7.4325406096167304e-05 2.845385005424015e-05 1.5175909298280739e-05 2.0872176318905757e-05 2.8253725172747286e-05 7.970159567594851e-05 1.1700933546355791e-06 -3.3512700994809945e-07 5.6816302598552518e-05 1.9272422618880319e-05 4.4980481311208718e-06 -4.0505211541951395e-05 4.8276749109627638e-05 3.5746671400709178e-05 -1.4134648807947042e-05 6.7138323478729129e-06 -8.4879772070842712e-06 5.5549164431456105e-06 -4.2591682804557414e-05 2.3380413902856422e-07 -1.7034706101116548e-07 -2.5746195472383798e-06 6.6723469530562981e-05 7.2349243298884113e-05 2.2637716577813559e-05 1.9327698637391883e-06 2.7958488756694733e-05 3.5789589744477556e-05 -4.2636199269554616e-05 8.1760043551381299e-06 -8.6403887768845618e-06 -5.1459742590889997e-06 -3.269582425429604e-05 5.2537851085285142e-05 -7.0126325577480934e-06 -5.8002063183027472e-05 -9.4371181208682769e-06 1.5913176721953902e-06 -1.2441131761631746e-06
leaf_weight=675 356 1039 173 49 40 54 538 91 34 267 176 44 74 42 37 38 314 174 64 129 34 35 48 970 89 130 164 232 62 34 818 580 35 75 55 34 71 73 53 1203 48 153 103 44 46 121 356 159 128 34 77 97 59 314 75 462 42 81 931 39 47 74 36 165 305 416 426 108 50 245 896 34 37 181 720 36 35 45 1061 183 1022 96 161 169 34 619 695 80
leaf_count=675 356 1039 173 49 40 54 538 91 34 267 176 44 74 42 37 38 314 174 64 129 34 35 48 970 89 130 164 232 62 34 818 580 35 75 55 34 71 73 53 1203 48 153 103 44 46 121 356 159 128 34 77 97 59 314 75 462 42 81 931 39 47 74 36 165 305 416 426 108 50 245 896 34 37 181 720 36 35 45 1061 183 1022 96 161 169 34 619 695 80
internal_value=-1.45703e-09 8.20702e-06 -1.25487e-05 1.51732e-05 -5.56359e-07 -8.72187e-06 1.11148e-05 2.63095e-05 1.58196e-05 2.56745e-06 8.94187e-06 -3.31083e-06 2.40096e-05 -1.36098e-05 -2.99532e-05 -1.30057e-05 -5.81695e-07 -4.67681e-06 3.39157e-05 -1.33511e-05 -1.9947e-06 4.09103e-05 -3.12017e-05 -2.80972e-05 -2.9791e-05 -6.43526e-06 1.44913e-05 -1.11572e-05 1.02854e-06 -4.89866e-05 3.1792e-06 1.15128e-05 2.49887e-05 4.36785e-05 1.08515e-05 6.60986e-05 -5.03023e-05 2.16606e-05 3.81632e-05 -1.47518e-05 -1.86589e-05 4.16723e-05 7.60326e-06 1.68571e-05 -2.65648e-05 -2.21292e-05 1.34909e-05 -8.58893e-06 -1.95937e-05 -3.53003e-05 4.10567e-05 4.44485e-05 3.58216e-05 2.2313e-05 5.84064e-05 8.98007e-06 1.74652e-05 3.65154e-05 1.55695e-05 -2.64427e-05 -9.97613e-06 3.38149e-05 3.85616e-06 2.56104e-06 1.24848e-05 -4.88379e-06 -1.26834e-06 -1.45902e-05 -2.84276e-05 -8.46968e-06 9.39044e-07 3.86059e-05 4.35485e-05 8.0131e-06 7.69302e-07 -1.15052e-06 3.63032e-06 -1.55247e-05 2.14644e-06 5.62451e-06 -9.1162e-06 -1.43348e-05 4.44851e-05 -1.75454e-05 -2.84059e-05 -1.15304e-05 5.33877e-06 1.49473e-05
internal_weight=20548 12417 8131 6924 5493 6670 5081 1843 780 4409 4399 3175 587 3495 1461 3453 3253 3014 1063 1084 390 658 1424 1217 1169 2713 385 3045 2939 207 1950 1156 682 144 301 69 160 161 623 1926 1251 202 311 208 408 362 2449 193 694 163 570 506 317 405 189 1042 1410 123 1287 1009 1828 114 246 2672 367 1119 842 531 158 373 2305 88 114 1132 885 210 755 277 2140 1244 1781 759 220 324 155 663 956 261
internal_count=20548 12417 8131 6924 5493 6670 5081 1843 780 4409 4399 3175 587 3495 1461 3453 3253 3014 1063 1084 390 658 1424 1217 1169 2713 385 3045 2939 207 1950 1156 682 144 301 69 160 161 623 1926 1251 202 311 208 408 362 2449 193 694 163 570 506 317 405 189 1042 1410 123 1287 1009 1828 114 246 2672 367 1119 842 531 158 373 2305 88 114 1132 885 210 755 277 2140 1244 1781 759 220 324 155 663 956 261
is_linear=0
shrinkage=0.0337242


Tree=18
num_leaves=89
num_cat=0
split_feature=25 20 52 20 52 24 20 20 36 52 20 41 40 20 30 52 21 20 50 20 7 19 31 40 0 11 3 13 17 54 52 15 1 1 31 26 52 11 27 52 27 52 10 31 20 31 31 20 31 0 3 31 0 15 7 9 0 31 36 9 12 50 54 31 20 44 12 54 16 55 0 37 13 38 31 36 18 20 27 20 17 19 26 26 31 17 17 54
split_gain=0.00174538 0.000677171 0.000452757 0.000293659 0.000239755 0.000197597 0.000176252 0.000137999 0.000116369 0.000117041 0.000110294 0.000107521 9.48678e-05 9.92458e-05 8.27715e-05 8.65098e-05 0.000109391 7.53641e-05 6.68983e-05 6.64848e-05 6.36569e-05 6.32283e-05 6.08173e-05 6.07906e-05 6.48004e-05 6.39346e-05 5.9706e-05 5.5184e-05 6.07586e-05 6.26832e-05 5.41876e-05 5.37235e-05 6.65533e-05 5.35585e-05 7.13071e-05 5.26547e-05 5.25563e-05 5.25274e-05 5.17043e-05 5.12902e-05 5.01568e-05 5.86407e-05 5.21023e-05 5.00309e-05 4.82958e-05 5.32462e-05 4.72196e-05 4.70443e-05 4.64977e-05 4.40276e-05 4.26342e-05 4.11902e-05 4.05527e-05 4.03793e-05 3.99639e-05 4.70203e-05 6.67619e-05 4.46844e-05 4.21841e-05 3.84813e-05 3.79534e-05 3.68491e-05 3.67927e-05 3.59828e-05 4.17195e-05 3.55286e-05 3.53766e-05 3.50886e-05 3.47835e-05 4.74303e-05 3.46198e-05 3.43719e-05 3.43036e-05 3.38554e-05 3.32747e-05 3.32598e-05 4.348e-05 3.3228e-05 3.19369e-05 3.41736e-05 3.36532e-05 3.11372e-05 3.09464e-05 3.05015e-05 3.01196e-05 2.99081e-05 2.96032e-05 2.93354e-05
threshold=-0.50336020902389966 2.5880107768298166 0.31201143981053708 0.18526500638569607 0.24559512179120904 499.99999999993611 7.6545092838196309 7.1004464285714297 0.0012682313279676063 0.33668246350243608 65.708333333333357 0.0074372832136806464 -0.0032336318626450806 31.267857142857149 18.500000000000004 0.19331308454115989 0.10238431427692425 0.011560736560736562 99.999999999999886 0.1038018018018018 0.045346526097476678 -0.95523301517187054 99.500000000000014 -0.0018467236428371667 34.500000000000007 -0.10591603053435113 0.26384453097516325 -0.01138867655850131 -0.41978182323513064 7.8637540640857999 0.23360244510311348 0.030562494274702187 82.318141283958823 714.78068446180566 41.500000000000007 -0.0042398434413339113 0.090034756519504863 -0.018129770992366411 -8.116330460902434 0.18370058826235849 97.821606864806895 0.2725487618351583 -1.7734962406015033 228.50000000000003 0.1260686883449032 91.500000000000014 261.50000000000006 0.050096525096525103 240.50000000000003 57.500000000000007 -0.32365640493651832 85.500000000000014 119.50000000000001 0.25977514774968186 0.39602956849867499 -0.31488549618320605 15.500000000000002 208.50000000000003 0.0032388685202960903 -0.82251908396946549 -0.75095419847328226 99.999999999999929 28.297827076863118 125.50000000000001 0.62133049922445005 0.0026195165130752378 -0.56393129770992356 1.0165795564278388 0.93327067669172947 9104.5000000000018 78.500000000000014 0.0012795910548153435 -0.049448672393989666 0.0020040080160320666 76.500000000000014 -0.003055769545019515 -0.13184953800891727 13.455555555555557 -156.52867319579224 0.070194107222709898 -0.56800927415815794 -0.10780283283332891 -0.00070697651280841737 -0.012116002290648723 30.500000000000004 -0.070210789619964298 -0.24113542611392294 2.7212485057935476
decision_type=2 2 2 2 2 10 2 2 2 2 2 2 2 2 2 2 2 2 2 2 10 2 2 2 2 8 2 8 10 2 2 10 2 2 2 10 2 8 10 2 10 2 2 2 2 2 2 2 2 2 2 2 2 8 10 8 2 2 2 10 10 2 2 2 2 2 10 2 2 2 2 2 10 2 2 2 10 2 10 2 8 2 8 8 2 10 10 2
left_child=2 3 6 17 10 8 11 19 9 18 21 14 48 33 15 22 50 -2 37 27 -21 77 44 -19 51 -26 -18 28 29 -4 -10 -23 66 34 60 -32 -34 75 47 84 41 -7 -43 87 -1 65 71 -16 68 -44 -17 72 63 70 55 56 57 -22 -57 -58 -14 83 78 64 -42 -46 -33 -49 69 -6 82 -24 -25 -40 -68 76 -5 -3 -52 -80 -81 -76 -11 -56 -38 -36 -15 -8
right_child=1 4 7 5 12 40 43 -9 30 53 -12 -13 13 86 38 16 26 23 -20 20 54 31 46 24 25 -27 -28 -29 -30 -31 35 32 36 -35 85 -37 39 -39 73 -41 52 42 49 -45 45 -47 -48 67 -50 -51 62 -53 -54 -55 61 58 59 -59 -60 -61 -62 -63 -64 -65 -66 -67 74 -69 -70 -71 -72 -73 -74 -75 81 -77 -78 -79 79 80 -82 -83 -84 -85 -86 -87 -88 -89
leaf_value=-1.6486948520400693e-05 -6.2917214679457826e-05 1.152218289860701e-06 -1.0579658475219668e-05 3.8991751807299581e-05 4.5569115261989538e-05 1.2534923306351675e-05 1.507121849816028e-05 3.1582434287748175e-05 -8.5979799392980496e-06 5.430872516470779e-06 4.2878972592730011e-05 -5.7559237374010533e-05 -3.5798619582857274e-05 8.2174905722795472e-05 -1.9162657629331522e-05 0 -6.7585279742181511e-05 -4.4327139260536335e-05 -1.1481567827430904e-05 -1.1782431534603266e-06 -5.2428307560194133e-06 -1.164832143018242e-07 -1.001942297441257e-05 -3.3108509350679332e-05 -2.1849752526123454e-06 4.7147527877237677e-05 -2.0276176933608441e-05 -1.4629232053624671e-05 -8.8454535783591149e-05 -6.9865055984807281e-05 -6.9818446060782943e-05 2.1046190981417846e-05 6.5454680958114387e-05 4.8806471605596846e-05 1.2841596340872733e-05 -1.5332496625927263e-05 -1.131458847800524e-05 -1.7421799919325824e-05 -7.4854869635633582e-06 4.6920827118355697e-05 -7.8242095768409025e-06 5.6446410439010017e-05 2.8814555494760585e-05 -4.8675035685842552e-06 -5.0471211965451213e-06 2.3650015424291e-05 2.3266857155309364e-05 -2.5259144497322151e-06 1.5887322924851707e-05 -4.324872265514226e-07 4.9115045228820463e-06 -8.7369445905962582e-06 -3.337596377673239e-05 4.6954812809110943e-05 0 -3.9967365133526881e-05 -1.1466967395748725e-05 -4.3074712412138099e-05 -8.0698956240792474e-05 -5.625354615659739e-05 4.813506039970677e-06 -1.9821649072357624e-06 -5.3814133988511384e-05 -7.7113715187681638e-06 2.5384334720867864e-05 1.4096169195985185e-05 1.2384760028542878e-06 1.0248234839643821e-05 2.9819590168360884e-05 7.7463867479533736e-05 -8.1336761116808578e-06 -1.951692984489576e-05 0 -3.4646243108380134e-05 5.0111784681461655e-06 3.0319775384216907e-06 -3.7535728687667958e-06 1.7026171000348785e-05 -4.8764033374680009e-05 9.7976140437233452e-06 -1.9677615000616512e-05 2.3922101393465241e-05 3.2030529592000994e-05 -2.9478131040314411e-05 2.1801688178423528e-05 3.4185399683712632e-05 3.3802318008537403e-05 4.2240775133271495e-05
leaf_weight=218 36 618 46 67 180 1684 168 40 323 94 154 53 36 42 107 168 81 65 406 102 143 186 1834 195 226 34 60 46 58 44 38 642 50 65 180 56 35 139 548 94 58 64 220 90 660 106 41 440 58 71 60 388 34 64 39 117 34 51 50 116 86 86 36 134 133 131 317 525 86 99 50 614 42 61 190 3872 39 205 46 44 473 248 136 472 154 159 36 74
leaf_count=218 36 618 46 67 180 1684 168 40 323 94 154 53 36 42 107 168 81 65 406 102 143 186 1834 195 226 34 60 46 58 44 38 642 50 65 180 56 35 139 548 94 58 64 220 90 660 106 41 440 58 71 60 388 34 64 39 117 34 51 50 116 86 86 36 134 133 131 317 525 86 99 50 614 42 61 190 3872 39 205 46 44 473 248 136 472 154 159 36 74
internal_value=3.63314e-07 8.22016e-06 -1.1862e-05 2.94694e-06 1.98558e-05 5.18004e-06 -8.11892e-06 -2.90021e-05 1.5157e-06 2.99729e-06 1.4827e-05 -9.38944e-06 3.39274e-05 2.49991e-05 -8.96569e-06 -1.13245e-05 -2.03534e-05 -1.43533e-05 1.53204e-06 -3.0797e-05 -2.76762e-05 1.32145e-05 -8.87259e-06 -1.24112e-05 -9.95785e-06 3.89446e-06 -4.81393e-05 -4.9763e-05 -6.00299e-05 -4.06377e-05 -1.55448e-05 1.65964e-05 1.84492e-05 1.94637e-05 1.51168e-05 -3.83871e-05 3.22565e-05 2.83886e-06 -2.49273e-06 2.60495e-05 1.32141e-05 1.52656e-05 2.79467e-05 1.5722e-05 -2.21982e-06 1.1398e-06 -1.1814e-05 1.88918e-06 4.64475e-05 2.13465e-05 -1.54991e-05 -1.58751e-05 1.29312e-06 2.19818e-05 -3.00283e-05 -3.72921e-05 -2.95111e-05 -1.56866e-05 -5.27413e-05 -4.67463e-05 -6.37815e-06 -2.3649e-05 -1.9366e-05 5.21746e-06 1.4794e-05 -1.75454e-06 1.50888e-05 4.32359e-06 5.10388e-05 5.72331e-05 1.59285e-05 -1.2441e-05 -2.71532e-05 -1.03647e-05 9.89499e-06 3.57111e-06 2.23528e-05 5.22369e-06 -1.72203e-05 -1.97506e-05 -1.69821e-05 1.59394e-05 2.15796e-05 -2.71063e-05 1.51576e-05 2.31375e-05 6.10884e-05 2.37787e-05
internal_weight=20670 12588 8082 8668 3920 7682 6638 1444 5284 4867 2893 6306 1027 604 6253 4572 968 986 4523 1404 1210 2739 3604 950 885 260 141 194 148 90 417 1916 1730 526 461 94 333 4117 1681 283 2398 2039 355 332 1115 897 2489 1072 423 291 827 625 359 344 1108 511 344 194 167 150 122 597 659 325 191 791 1397 965 365 279 280 2448 237 609 755 3978 106 823 623 563 517 438 230 511 189 339 78 242
internal_count=20670 12588 8082 8668 3920 7682 6638 1444 5284 4867 2893 6306 1027 604 6253 4572 968 986 4523 1404 1210 2739 3604 950 885 260 141 194 148 90 417 1916 1730 526 461 94 333 4117 1681 283 2398 2039 355 332 1115 897 2489 1072 423 291 827 625 359 344 1108 511 344 194 167 150 122 597 659 325 191 791 1397 965 365 279 280 2448 237 609 755 3978 106 823 623 563 517 438 230 511 189 339 78 242
is_linear=0
shrinkage=0.0337242


Tree=19
num_leaves=89
num_cat=0
split_feature=25 20 20 20 36 37 24 20 39 36 20 54 7 54 50 17 25 18 31 7 20 31 1 31 17 51 18 9 46 6 7 24 53 48 51 7 20 36 31 20 11 20 37 8 20 1 7 45 18 39 41 43 16 18 39 13 29 13 39 17 20 13 51 21 47 48 31 17 47 8 54 30 17 9 50 47 45 48 15 43 13 24 2 36 7 13 17 43
split_gain=0.00163131 0.000633451 0.00028127 0.000274432 0.000253886 0.000188541 0.000184482 0.000183411 0.000134305 0.00010885 9.49061e-05 9.55916e-05 9.21956e-05 8.7818e-05 8.20227e-05 7.72491e-05 7.25987e-05 7.18622e-05 7.14658e-05 6.85652e-05 6.69511e-05 6.57492e-05 6.56628e-05 6.02116e-05 6.03206e-05 5.47538e-05 5.30449e-05 5.30139e-05 5.27977e-05 5.1717e-05 4.89163e-05 4.63697e-05 5.58513e-05 4.59947e-05 4.41894e-05 4.32084e-05 4.30781e-05 4.27251e-05 4.14652e-05 5.51442e-05 4.13951e-05 6.17438e-05 4.04548e-05 4.04256e-05 4.03428e-05 4.00044e-05 3.97893e-05 4.60297e-05 3.82313e-05 5.82733e-05 5.77942e-05 4.8294e-05 3.79345e-05 4.12465e-05 5.42354e-05 3.9364e-05 3.77136e-05 3.66908e-05 3.66283e-05 3.59057e-05 3.50462e-05 6.05439e-05 3.41028e-05 3.39639e-05 3.70677e-05 3.38513e-05 4.5149e-05 3.37671e-05 3.70942e-05 3.37391e-05 3.62988e-05 4.34136e-05 3.36839e-05 3.19513e-05 3.1805e-05 3.17037e-05 3.53012e-05 3.05052e-05 3.03686e-05 3.00926e-05 2.98254e-05 2.82224e-05 2.77993e-05 2.73626e-05 2.69876e-05 2.67324e-05 2.64152e-05 2.64003e-05
threshold=-0.50336020902389966 2.5880107768298166 7.6545092838196309 0.18526500638569607 0.003137256831838076 -0.003502637713164058 499.99999999993611 21.775000000000006 0.0064257069567954525 0.0012682313279676063 0.011560736560736562 39.751201471106349 1.4790856521488653 1.7678107151986244 99.999999999999886 -0.59394656388051825 -0.99193552599956447 -0.13184953800891727 91.500000000000014 0.29995535199907825 0.030816714150047487 171.50000000000003 144.37739017413534 30.500000000000004 -0.11469273865597845 88.888888888889426 0.1495000726695285 -0.68416030534351135 -0.70833333333333226 54.750000000000007 0.74062031916119375 -25000.499999999996 46.747256314402229 46.446448295959733 68.518518518519585 0.18766382935822104 0.69054196264141032 -0.0013726842430545891 259.50000000000006 88.500000000000014 -0.82729007633587781 0.35265507518796996 0.0031771267065384694 -0.27499999999999852 9.1509971509971546 154.70301905069422 0.0846187636824519 0.001809956233456478 0.41607111461739726 -0.0055904988865883012 -0.003454241737262886 -0.0064637763912873672 0.86184210526315808 -0.10843804081312969 -0.0014194471308833221 -0.11830263909133042 8.5000000000000018 -0.26292343679681879 -0.0012666249538753058 -0.079775679471051145 18.017241379310349 -0.30872481645922462 48.148148148147605 -0.4995194536225378 8.7337909992247216 74.657880795004289 101.50000000000001 -0.43378631403411244 91.176514010684272 -0.05000000000000248 1.0165795564278388 17.500000000000004 -0.07715909423363855 -0.62118320610687017 83.333333333334224 133.33333333333368 0.0025957181599205463 35.62896883333957 0.062389499614389304 0.0032128534783977263 -0.11156588660437809 -999.99999999996066 -0.30757509895379337 0.0034782713898567912 0.13269817951376892 -0.14388162711500094 -0.1610251309206869 -1.0000000180025095e-35
decision_type=2 2 2 2 2 2 10 2 2 2 2 2 8 2 2 8 2 10 2 8 2 2 2 2 10 2 8 8 2 8 10 10 2 2 2 10 2 2 2 2 10 2 2 10 2 2 10 2 8 2 2 2 2 10 2 10 2 10 2 10 2 10 2 2 2 2 2 8 2 10 2 2 10 10 2 2 2 2 10 2 10 10 2 2 10 10 8 2
left_child=2 3 4 18 8 29 9 23 10 14 27 16 15 38 28 -6 25 35 19 20 -2 60 -13 44 -25 31 -26 -1 37 33 83 32 -12 77 40 -17 58 45 39 -9 -18 -42 65 -43 81 -5 69 56 49 -8 -50 -51 53 54 55 -30 -48 -36 59 -33 61 -4 -34 -15 -65 79 74 68 -37 -22 -71 -72 -45 -53 -67 -27 -77 -3 -57 -38 -20 -7 -46 86 -82 -62 -11 -47
right_child=1 5 21 6 12 7 48 13 -10 30 11 22 -14 63 -16 17 34 -19 80 -21 46 -23 -24 24 26 75 -28 -29 52 -31 -32 36 62 -35 57 67 42 -39 -40 -41 41 43 -44 72 82 87 47 -49 50 51 -52 73 -54 -55 -56 78 -58 -59 -60 -61 85 -63 -64 64 -66 66 -68 -69 -70 70 71 -73 -74 -75 -76 76 -78 -79 -80 -81 84 -83 -84 -85 -86 -87 -88 -89
leaf_value=-1.2402381356018905e-05 -6.0067125591390125e-05 4.7160486545992761e-05 5.2742073408096128e-05 1.0433508432917621e-05 -3.9662857583115572e-06 -2.5088348905866022e-05 -3.0480924511523204e-05 2.2357513024409273e-05 -6.5618962163954109e-05 -1.1372949643859411e-05 0 -2.5391582293794553e-06 1.8848879486475505e-05 3.0170019438092243e-05 -1.1380096066074538e-05 -4.9653317834722273e-05 -8.2457006812220496e-06 -5.8978134983823107e-05 8.0520455221113115e-09 1.8601114057090074e-05 1.6371609217042085e-05 -5.6381637488398212e-06 5.9046232422654849e-05 8.4171224431501955e-06 1.4482283751023781e-05 -3.7606351142872121e-06 2.8158255875882132e-05 -6.7575069336878757e-05 -6.9991469335876108e-06 1.060250378415662e-05 3.5133766351994455e-06 -5.2864277726034553e-05 -2.2276694777101053e-05 2.5763798430609917e-05 1.8294466867754761e-05 -2.1403548838112776e-05 -5.7900599823871573e-06 6.8838800212423189e-06 -6.2753390806755369e-06 5.6057472253138934e-05 -4.0647721773037251e-05 8.9850074299883783e-06 -3.1766532004570477e-05 -2.7701182247913241e-05 -1.2712996826157238e-05 2.252632214284211e-05 -2.6113257358365869e-05 -8.3071590338499965e-06 4.8800153964588366e-05 5.1613599143349837e-05 1.6089795510017663e-05 1.6617039178306019e-05 -2.3072589253285379e-05 -1.195417572422704e-06 3.5282397414603493e-06 0 -8.1830397592771133e-05 -1.1872713571814754e-05 -1.1839662443969562e-05 -8.8062954768928345e-06 2.1735333996062328e-05 3.8546635475568307e-06 -7.4467725942310635e-05 4.7146467959251792e-05 9.2770723827522179e-05 3.4520310600389228e-05 -4.5276271544798278e-06 -2.012656079997663e-05 -7.3415443625886176e-05 -4.3869463251544495e-05 1.0253469113001086e-05 -2.8354508090155981e-05 -6.697263185386225e-06 6.7072978469358462e-06 0 -5.6453332196685668e-06 2.9050213873845922e-05 8.0122487311188218e-05 2.8044429106781508e-05 -3.4343068744349039e-05 -9.2588522878984748e-06 0 1.9011654767153085e-05 -4.3452207022979966e-05 -4.1875472984148573e-05 6.0973754914407388e-05 -4.5009992510613513e-05 6.0178618628604275e-05
leaf_weight=40 67 183 39 126 96 72 38 339 51 213 43 35 38 55 415 122 234 148 351 36 35 98 38 967 953 1052 535 52 54 61 110 53 35 102 47 41 1376 570 38 73 218 50 66 324 35 61 34 43 74 34 539 601 64 1517 1713 54 35 640 1860 45 50 131 36 64 45 78 184 326 35 49 64 64 137 1112 41 53 75 54 246 45 169 179 165 60 39 50 34 47
leaf_count=40 67 183 39 126 96 72 38 339 51 213 43 35 38 55 415 122 234 148 351 36 35 98 38 967 953 1052 535 52 54 61 110 53 35 102 47 41 1376 570 38 73 218 50 66 324 35 61 34 43 74 34 539 601 64 1517 1713 54 35 640 1860 45 50 131 36 64 45 78 184 326 35 49 64 64 137 1112 41 53 75 54 246 45 169 179 165 60 39 50 34 47
internal_value=3.49688e-07 7.94559e-06 -1.14692e-05 2.84501e-06 -1.28506e-05 1.91995e-05 5.00407e-06 1.66601e-05 -1.07392e-05 1.46273e-06 -1.0317e-05 -9.83592e-06 -3.08263e-05 3.35087e-05 2.89621e-06 -3.341e-05 -1.02652e-05 -3.74724e-05 -1.38784e-05 -2.43381e-05 -2.85388e-05 1.72232e-05 2.8195e-05 1.3067e-05 1.51523e-05 -8.21739e-06 1.94643e-05 -4.46376e-05 4.24871e-06 4.13041e-05 -1.50362e-05 -1.01654e-05 -3.17195e-05 4.65434e-05 -1.64643e-05 -3.12138e-05 -9.48402e-06 1.21031e-05 2.54065e-05 2.85632e-05 -2.12123e-05 -2.52419e-05 -5.60684e-06 -1.84803e-05 1.50111e-06 2.44036e-05 -2.17207e-05 -3.84147e-05 1.27671e-05 1.01617e-05 2.01962e-05 1.11011e-05 2.49114e-06 2.9746e-06 6.0818e-06 1.81654e-05 -5.57765e-05 -9.66818e-06 -1.29792e-05 -3.36199e-05 2.58791e-05 1.56386e-05 -5.01012e-05 5.51508e-05 6.6869e-05 -4.5493e-06 5.51012e-06 -2.53773e-05 -4.66283e-05 -1.24453e-05 -1.86897e-05 -8.29539e-06 -2.16689e-05 1.02405e-05 2.18429e-05 -1.75985e-06 1.3929e-05 5.50787e-05 2.30172e-05 -6.7623e-06 -5.71569e-06 -7.25757e-06 1.29765e-05 -2.19975e-05 -1.58392e-05 4.23212e-05 -1.63945e-05 3.98071e-05
internal_weight=20670 12588 8082 8668 7714 3920 7682 3520 6908 5284 6857 6765 806 614 4867 768 6692 672 986 427 391 368 73 2906 2455 5042 1488 92 4452 400 417 3862 114 339 1650 524 3748 804 450 412 963 729 1790 511 451 234 324 112 2398 1785 613 1747 3648 3584 2067 354 69 687 1958 98 270 170 71 164 109 1724 303 402 76 212 177 128 461 1713 119 1180 128 237 300 1421 559 251 200 307 208 100 247 108
internal_count=20670 12588 8082 8668 7714 3920 7682 3520 6908 5284 6857 6765 806 614 4867 768 6692 672 986 427 391 368 73 2906 2455 5042 1488 92 4452 400 417 3862 114 339 1650 524 3748 804 450 412 963 729 1790 511 451 234 324 112 2398 1785 613 1747 3648 3584 2067 354 69 687 1958 98 270 170 71 164 109 1724 303 402 76 212 177 128 461 1713 119 1180 128 237 300 1421 559 251 200 307 208 100 247 108
is_linear=0
shrinkage=0.0337242


Tree=20
num_leaves=89
num_cat=0
split_feature=49 20 20 52 52 20 20 19 36 39 20 17 1 20 31 31 20 52 17 0 20 20 9 52 15 45 16 19 55 39 27 55 37 16 19 31 37 31 19 1 5 0 52 15 0 54 40 16 52 31 17 31 31 3 47 17 15 22 27 54 19 48 5 5 49 10 20 54 31 20 20 31 48 10 39 17 52 18 39 19 50 15 17 17 4 4 47 20
split_gain=0.00126142 0.000485975 0.00038125 0.000224233 0.000211326 0.000207951 0.00019815 0.000176863 0.00012969 0.000119672 0.000103532 0.000117344 0.000119799 9.89875e-05 9.99556e-05 9.39471e-05 8.24324e-05 7.96067e-05 8.30854e-05 7.87449e-05 7.805e-05 7.78593e-05 7.24921e-05 7.10841e-05 6.71185e-05 6.34347e-05 6.26874e-05 6.09048e-05 6.20759e-05 6.02659e-05 5.73346e-05 5.26971e-05 5.07357e-05 4.86599e-05 4.78685e-05 4.72881e-05 5.75915e-05 4.71374e-05 5.92613e-05 4.64896e-05 4.62504e-05 4.44084e-05 4.39161e-05 5.09565e-05 4.86738e-05 4.20014e-05 4.18789e-05 4.07155e-05 4.64219e-05 5.74039e-05 7.11546e-05 4.06837e-05 3.96956e-05 3.90791e-05 3.79625e-05 5.04406e-05 4.43961e-05 5.23466e-05 4.00482e-05 3.79793e-05 3.78948e-05 3.66036e-05 3.61789e-05 3.68913e-05 3.56916e-05 3.53148e-05 3.51875e-05 4.71811e-05 3.46149e-05 4.28399e-05 3.45219e-05 4.09552e-05 4.97469e-05 3.43676e-05 3.422e-05 3.41165e-05 3.79589e-05 3.38822e-05 3.38653e-05 3.27525e-05 3.2466e-05 3.24474e-05 3.21031e-05 3.17883e-05 3.15412e-05 3.12296e-05 3.18943e-05 3.0913e-05
threshold=53.595091233917657 2.4921855921855927 0.69649014778325136 0.22715278170647726 0.24870785137133392 14.455555555555557 0.18526500638569607 0.034013612733932781 -0.0012158059204205316 -0.0018467236428371667 0.011560736560736562 -0.81358795822240415 258.2966297456349 21.775000000000006 28.500000000000004 16.500000000000004 5.3976744186046526 0.40730651661106587 -0.14770632807700182 215.50000000000003 52.300000000000011 12.589473684210528 -0.80248091603053429 0.25449742549086435 0.033876940208763258 -0.0037974744391514599 0.44642857142857145 0.10893851292061286 8196.0000000000018 0.0027266543003817705 0.090534192197844449 -2299.9999999999995 -0.0016597521804047053 0.52537593984962416 0.03578893547578766 144.50000000000003 0.0012430085596860654 30.500000000000004 0.039042834736115146 372.31641329646357 0.59603735289209114 190.50000000000003 0.360630730652578 0.23257881530612382 33.500000000000007 -4.461089071281954 0.0015785329486048829 0.25657894736842107 0.25834954704277663 67.500000000000014 -0.058837512068108007 134.50000000000003 256.50000000000006 0.035153546974773325 -72.916666666663914 -0.25151582750650942 0.011282132259763477 -0.75144057979623946 63.885965174545078 4.140135439362421 -3.1747501626417427 72.42337695261385 0.13919581179094709 0.079712867200879153 0.021684001901846599 -1.4671052631578945 0.23891518019657812 14.330894703712039 259.50000000000006 65.708333333333357 0.45796355925547794 68.500000000000014 78.958182423615213 -1.4483082706766914 0.001281230506582687 -0.15491976536672419 0.16006200980754209 0.17551761584117961 -0.0032441221663264126 0.20335307317687781 66.666666666666458 0.071081629098461677 -0.072430590093911798 -0.10744638834440184 -0.19832947029227199 -0.40479959296738083 -124.0983835005607 9.1509971509971546
decision_type=2 2 2 2 2 2 2 2 2 2 2 10 2 2 2 2 2 2 10 2 2 2 10 2 10 2 2 2 2 2 10 2 2 2 2 2 2 2 2 2 2 2 2 8 2 2 2 2 2 2 10 2 2 2 2 10 10 10 10 2 2 2 2 2 2 2 2 2 2 2 2 2 2 2 2 8 2 8 2 2 2 10 8 8 2 2 2 2
left_child=1 6 3 15 21 7 9 23 19 -1 -5 12 -12 14 33 -2 31 18 74 27 -7 32 41 35 -17 -25 -16 28 64 62 -23 75 60 -6 -26 -4 -37 87 -39 -18 61 70 43 83 -45 78 80 -20 -49 84 51 -51 77 65 -27 56 -56 59 -57 -58 -3 81 63 -24 -8 -15 73 -68 69 -32 71 -13 -73 -36 -10 76 -9 -38 -28 -19 -29 -33 -66 -11 -50 -21 -87 -34
right_child=2 4 5 10 13 20 8 16 17 42 11 22 -14 53 26 24 39 79 47 85 -22 30 29 25 34 54 45 46 -30 -31 68 40 37 -35 66 36 52 38 -40 -41 -42 -43 -44 44 -46 -47 -48 48 49 50 -52 -53 -54 -55 55 58 57 -59 -60 -61 -62 -63 -64 -65 82 -67 67 -69 -70 -71 -72 72 -74 -75 -76 -77 -78 -79 -80 -81 -82 -83 -84 -85 -86 86 -88 -89
leaf_value=-4.9343980029595296e-05 -4.7899318132378625e-05 -4.6961739260385812e-06 5.1846413984917129e-10 -7.0462936748583654e-05 -3.0934915007561302e-05 1.7856475223684883e-05 -8.522251331708191e-06 0 -3.8538433229414869e-06 -7.2876144292532875e-06 -2.4580510429651489e-05 -1.0898032539222223e-06 5.389454665255758e-05 0.00010036191144392474 0 -1.6946629108088499e-05 1.7539221613841721e-05 1.0219044959494857e-05 -7.0681383588582322e-06 8.7082754352068912e-06 6.7084148823195057e-05 5.9032045015881478e-05 -2.0938231745646465e-05 2.5020015048026194e-05 -1.4091341754627462e-05 -5.374244817830234e-05 5.6776894628452503e-05 1.7486157547273189e-05 1.5357124331905159e-05 -4.2437603490933022e-05 1.7356279638503293e-05 -7.1765256340500819e-06 -2.1049511790840418e-05 1.5277661265354685e-05 -9.9210374695653274e-07 -4.7931918426005311e-06 -2.8140784132179352e-05 4.5213782383781058e-06 2.4838665688365222e-05 6.6190044332744874e-05 4.0286218532111278e-05 2.0389601912012875e-05 -4.5905299466564666e-05 -8.6224501814284526e-06 3.4330351290962423e-05 2.6584632581982413e-05 -1.0501970890427441e-05 5.2088235527879582e-06 1.6509298518007416e-05 4.0855818043816003e-05 6.7431342546861412e-05 5.5231630353977681e-06 1.0045172342394102e-05 3.2341153266432858e-05 1.9420499279325894e-06 -1.608660013552297e-05 -4.8537844918480774e-05 -9.3992771332040764e-06 1.494566501260771e-05 -9.799047516176673e-06 2.3077874885969724e-05 1.2232827682196761e-05 -3.6347863473371481e-05 1.4652705374057269e-05 0 5.2413345266153132e-05 -2.3009936089595221e-06 1.9582903990910967e-05 -9.933839039612993e-06 4.2133231157527925e-05 3.5076189236180878e-06 -2.1767731613769072e-05 -7.1864849340149035e-05 -1.5086643130782227e-05 2.5602809763929372e-05 7.4434409730409863e-06 -4.2100134376350935e-05 -3.3906858166999777e-06 2.891752328414188e-05 6.0590998324027688e-05 3.3766192743994154e-05 7.833059429804725e-06 3.729006216857088e-05 -3.3980027835464961e-05 -2.4651612970420121e-05 -5.7864999443622466e-06 -4.9450559095812259e-05 1.144081891757225e-05
leaf_weight=92 78 59 974 62 45 221 268 39 2274 496 45 65 42 34 69 1140 82 34 239 48 47 48 297 34 748 41 145 387 658 403 526 361 113 59 378 969 317 988 201 36 44 38 34 52 63 391 38 1678 41 61 45 115 42 69 48 130 163 97 72 43 379 435 194 34 81 73 758 131 38 103 59 98 34 449 45 46 64 90 105 36 264 299 42 60 42 55 35 43
leaf_count=92 78 59 974 62 45 221 268 39 2274 496 45 65 42 34 69 1140 82 34 239 48 47 48 297 34 748 41 145 387 658 403 526 361 113 59 378 969 317 988 201 36 44 38 34 52 63 391 38 1678 41 61 45 115 42 69 48 130 163 97 72 43 379 435 194 34 81 73 758 131 38 103 59 98 34 449 45 46 64 90 105 36 264 299 42 60 42 55 35 43
internal_value=-1.01046e-07 7.84864e-06 -8.89583e-06 -1.53271e-05 1.8205e-05 -1.95209e-06 2.87548e-06 -3.71795e-06 4.8363e-06 -1.29604e-05 -2.70177e-05 -2.48861e-05 1.2193e-05 3.14592e-05 2.6271e-05 -1.09478e-05 6.12267e-06 1.76969e-06 1.19741e-06 1.23205e-05 2.68504e-05 1.29134e-05 -2.7605e-05 -8.33139e-06 -1.01213e-05 -1.8497e-05 3.08103e-05 1.42928e-05 9.01999e-06 -3.22963e-05 2.24082e-05 3.56685e-06 9.05169e-06 -3.78878e-06 -6.92425e-06 -5.62207e-06 -9.5523e-06 5.70239e-06 8.0373e-06 3.3201e-05 6.09473e-06 -1.24685e-05 -8.07534e-06 -6.01442e-06 1.40677e-05 3.40981e-05 2.21805e-05 5.87471e-06 7.4842e-06 1.97257e-05 2.87561e-05 1.83184e-05 -1.96078e-05 5.49054e-05 -2.11506e-05 -1.85594e-05 -2.63482e-05 -3.11488e-05 -4.54709e-06 -4.09208e-05 1.91159e-05 4.63255e-06 -2.43275e-05 -1.69903e-05 -1.39735e-06 6.85528e-05 -3.7438e-06 8.15018e-07 1.96277e-05 2.15672e-05 -1.77234e-05 -2.45726e-05 -3.54038e-05 -8.76128e-06 -3.24056e-06 -1.51083e-05 -2.61184e-05 -2.29053e-05 4.54626e-05 3.75055e-05 2.42367e-05 -2.30277e-07 1.3341e-05 -1.03419e-05 -3.15457e-06 -1.18191e-05 -2.3841e-05 -1.14742e-05
internal_weight=20518 10771 9747 5053 3488 4694 7283 4426 6486 797 1371 1309 87 990 814 3682 1406 4610 4540 1876 268 2498 1222 3020 3604 628 710 1738 1049 928 715 1288 1783 104 2464 2392 1418 1345 1189 118 1139 294 705 671 115 641 689 2221 1982 304 221 176 449 176 594 553 351 303 202 206 438 1095 525 331 391 107 1716 889 667 629 256 197 132 827 2319 149 103 407 250 70 651 660 123 556 83 138 90 156
internal_count=20518 10771 9747 5053 3488 4694 7283 4426 6486 797 1371 1309 87 990 814 3682 1406 4610 4540 1876 268 2498 1222 3020 3604 628 710 1738 1049 928 715 1288 1783 104 2464 2392 1418 1345 1189 118 1139 294 705 671 115 641 689 2221 1982 304 221 176 449 176 594 553 351 303 202 206 438 1095 525 331 391 107 1716 889 667 629 256 197 132 827 2319 149 103 407 250 70 651 660 123 556 83 138 90 156
is_linear=0
shrinkage=0.0337242


Tree=21
num_leaves=89
num_cat=0
split_feature=25 20 52 17 52 20 20 20 31 0 20 20 51 20 47 26 52 19 37 17 52 9 31 19 9 19 20 4 51 1 15 7 54 31 48 20 28 0 52 3 48 5 52 4 20 54 39 47 31 48 31 31 45 9 19 54 18 30 18 22 22 49 6 31 1 5 5 52 17 10 29 31 29 37 31 52 49 20 19 37 39 9 45 18 30 43 20 31
split_gain=0.00136663 0.000519265 0.000357145 0.000232765 0.000228925 0.000159714 0.000122685 0.000103977 0.000128486 9.51337e-05 9.46068e-05 9.45236e-05 8.99119e-05 8.59621e-05 8.52911e-05 8.20951e-05 7.32669e-05 7.31725e-05 6.81597e-05 6.63285e-05 6.46032e-05 9.31674e-05 6.2252e-05 6.01831e-05 5.94664e-05 5.54849e-05 7.2434e-05 5.55108e-05 5.47875e-05 5.45049e-05 5.37278e-05 5.35582e-05 5.15953e-05 6.47216e-05 5.07417e-05 0.00010813 6.02153e-05 5.05533e-05 7.95342e-05 4.94311e-05 5.40622e-05 4.87981e-05 4.92773e-05 8.03198e-05 4.75327e-05 4.66186e-05 4.65071e-05 4.43411e-05 7.39244e-05 4.40973e-05 4.2571e-05 4.52589e-05 4.81652e-05 4.24837e-05 4.20632e-05 4.26481e-05 4.11576e-05 4.09413e-05 4.54799e-05 4.83613e-05 4.64692e-05 4.00946e-05 3.98694e-05 3.97728e-05 3.87394e-05 3.59156e-05 3.56873e-05 3.56324e-05 3.63993e-05 3.50346e-05 3.49191e-05 3.41816e-05 3.3641e-05 3.3535e-05 3.29403e-05 5.11708e-05 3.27524e-05 3.25579e-05 3.23392e-05 3.69167e-05 3.1489e-05 3.1143e-05 5.38731e-05 3.10874e-05 3.0405e-05 2.97259e-05 2.90705e-05 2.87093e-05
threshold=-0.50301931929395438 2.1036721898790867 0.31201143981053708 -0.17870125215763141 0.24123666125773477 7.6545092838196309 0.055327558657808432 21.775000000000006 28.500000000000004 3.5000000000000004 65.708333333333357 0.504902431990772 27.777777777778216 0.1038018018018018 47.619047619057049 -0.012711844917278557 0.14401739226911264 0.12858018487483494 -0.0031720876411843175 -0.20541565489599481 0.20851911280123658 -0.79484732824427462 69.500000000000014 0.068427254649913408 -0.16316793893129769 0.35593497249219302 1.6556466302367945 -0.095730397422126731 88.888888888889085 1366.1769681215922 0.079142470470922613 0.13577313054499371 -4.461089071281954 192.50000000000003 75.857399403448611 0.092628342628342644 -0.66335174143582398 212.50000000000003 0.22508606901608166 -0.01956889608693314 55.50965577338436 0.18388355066269249 0.18541711703685326 -0.41399315959070609 0.78156090022215785 -4.9124090494134149 0.003192340421195317 -177.9875825928396 10.500000000000002 23.383176804555521 261.50000000000006 119.50000000000001 0.0012894911872298744 -0.57156488549618312 0.099585266693964072 10.404478689749661 -0.39985357724106363 18.500000000000004 -0.23167326798515545 -0.76319597699070207 -0.90842382539511868 95.910514216198322 -1.0000000180025095e-35 14.500000000000002 156.15824222968175 -0.33381204779160717 0.16303325824434925 0.2982229502139378 -0.031177774202042065 -1.8298872180451122 1.5000000000000002 148.50000000000003 2.5000000000000004 0.0019212313598110378 44.500000000000007 0.3685944569654418 15.5521614014728 2.6568921232876721 5.3367265831417408 1.0000000180025095e-35 0.0014164334366566502 -0.21278625954198468 -0.0043057100482016821 -0.28825005892933703 18.500000000000004 0.0055020736838918846 9.5879629629629655 82.500000000000014
decision_type=2 2 2 10 2 2 2 2 2 2 2 2 2 2 2 10 2 2 2 10 2 10 2 2 8 2 2 2 2 2 10 10 2 2 2 2 2 2 2 2 2 2 2 2 2 2 2 2 2 2 2 2 2 8 2 2 10 2 8 10 10 2 10 2 2 2 2 2 8 2 2 2 2 2 2 2 2 2 2 2 2 10 2 10 2 2 2 2
left_child=2 3 5 9 10 6 20 8 67 14 19 18 46 30 80 64 72 37 31 23 -1 -22 -23 86 39 47 29 -28 45 78 73 -5 33 -10 35 53 44 38 83 40 -7 87 -43 -44 -37 57 -8 -14 -49 -35 51 70 -53 -11 77 -56 -25 58 -17 60 -60 -61 -12 -38 -15 -40 76 -6 -69 -18 -50 -65 -16 -4 75 -47 -67 -34 -27 -80 -2 82 -21 -13 -54 -72 -3 -19
right_child=1 4 13 11 7 24 12 -9 32 34 62 17 25 15 16 28 69 41 -20 81 21 22 -24 56 -26 26 27 -29 -30 -31 -32 -33 54 49 -36 36 63 -39 65 -41 -42 42 43 -45 -46 74 -48 48 50 -51 -52 52 84 -55 55 -57 -58 -59 59 61 -62 -63 -64 71 -66 66 -68 68 -70 -71 85 -73 -74 -75 -76 -77 -78 -79 79 -81 -82 -83 -84 -85 -86 -87 -88 -89
leaf_value=-1.7879400407826544e-05 -4.7971810175779014e-06 -6.2460101833351838e-06 -7.9519241891863224e-05 -2.2872777326391632e-06 -2.1532219866550025e-05 8.7006477627397787e-06 -1.5235482699574556e-05 5.1680475014569156e-05 5.3656344545401212e-05 -5.7749050155621381e-05 5.2607235883273918e-05 1.1559004651203111e-05 2.4459671327637538e-05 -1.062726201595484e-05 4.7140774224280455e-06 1.1180050542515031e-05 -5.6971217800496682e-06 -5.2360070137283351e-06 1.085836594182629e-06 4.1380134168050774e-05 -5.8575004259575373e-06 -0.00010502710165873829 -3.603438544975124e-05 -4.864419881667395e-06 4.8318439138011369e-05 -2.192375677055903e-06 4.5290192545232804e-05 0 -7.5410309913728323e-06 -4.1736673465614644e-05 -1.6819237951010281e-05 -6.2978081401676828e-05 -4.5822772715322509e-07 -5.7103329333716375e-06 6.2875949545230622e-06 3.0815458203377868e-06 -2.9687628782713931e-05 -1.4793544981273006e-05 -1.474455474771778e-06 -1.5648457560323662e-06 6.2396076950598119e-05 1.828140143450943e-05 9.1830162759171436e-05 2.7674770775430761e-05 3.9986916771949513e-05 -4.0522942917855791e-05 -5.2252261083804648e-05 -4.0560250007429396e-05 -2.838705233407323e-05 3.8225713336798655e-05 2.2256546262200548e-05 -7.2475155273717303e-06 -2.2115874928013575e-05 -1.4522590279363577e-05 6.1571724906532544e-05 1.2431812712142232e-05 3.4579970227473526e-05 6.9244358824308065e-06 -1.6717285782343112e-05 -3.6624591359188357e-05 -5.6887435355481137e-05 6.2412407411828396e-06 9.9614461793758606e-06 2.3175336102202667e-06 3.8185834055328838e-05 2.4709246816359404e-05 1.2481249849595477e-05 -5.8618305286460991e-06 3.6947388756373309e-05 -4.3421581843541361e-05 -2.7565953758743513e-06 -8.5115099247500593e-06 -1.6596131423625121e-05 -4.0686958065427383e-05 -3.6573231580326201e-05 1.6134362714305322e-05 5.7301586492307809e-05 2.2521722471838729e-05 -8.5417913031149418e-08 4.5424743202587597e-05 2.2024192542714287e-05 6.1401804735962035e-06 1.40443624736847e-05 6.7570599672997033e-07 -4.0807848538038766e-06 2.3621675428260603e-05 9.1850583973832249e-06 1.5193962671157593e-05
leaf_weight=405 658 508 63 38 70 72 882 196 185 53 90 447 47 36 100 35 41 82 922 91 43 35 36 38 52 989 69 53 187 38 53 35 75 43 916 116 64 114 60 187 34 211 34 86 66 34 43 79 59 55 53 1447 535 66 62 38 96 58 66 38 87 64 43 762 34 134 159 53 36 167 1272 575 379 69 567 36 60 403 37 36 53 570 1573 963 150 50 188 614
leaf_count=405 658 508 63 38 70 72 882 196 185 53 90 447 47 36 100 35 41 82 922 91 43 35 36 38 52 989 69 53 187 38 53 35 75 43 916 116 64 114 60 187 34 211 34 86 66 34 43 79 59 55 53 1447 535 66 62 38 96 58 66 38 87 64 43 762 34 134 159 53 36 167 1272 575 379 69 567 36 60 403 37 36 53 570 1573 963 150 50 188 614
internal_value=-9.63665e-08 6.94977e-06 -1.08447e-05 1.79999e-06 1.62343e-05 -7.5631e-06 -8.78525e-06 2.87417e-05 2.42391e-05 -3.90457e-06 1.14468e-05 7.61109e-06 -7.36491e-06 -2.61917e-05 -1.10082e-05 -2.28478e-05 -1.95053e-05 1.06339e-05 -1.2965e-06 1.01956e-05 -2.45784e-05 -4.75297e-05 -7.14064e-05 1.91806e-06 1.46798e-05 -5.52012e-06 6.36052e-07 2.53499e-05 -2.49938e-05 -2.01707e-06 -4.81182e-05 -3.27097e-05 2.93942e-05 4.16371e-05 -7.43593e-08 -3.55509e-06 -1.16125e-06 6.69573e-06 8.09257e-06 8.37984e-06 2.68356e-05 1.79676e-05 2.88609e-05 4.66577e-05 1.69959e-05 -2.8209e-05 -1.70608e-05 -7.58391e-06 -8.02361e-06 1.79614e-05 -7.27569e-06 -7.74876e-06 -1.08464e-05 -3.4587e-05 2.32325e-05 4.38652e-05 2.26729e-05 -1.76876e-05 -2.29433e-05 -2.80059e-05 -4.01909e-05 -8.78078e-06 3.95463e-05 -3.58899e-06 1.17012e-05 2.11667e-05 2.52889e-05 -3.06808e-06 1.03682e-05 -3.64502e-05 -2.89655e-06 -2.26739e-06 -1.19454e-05 -5.99529e-05 -3.38053e-05 -1.00041e-05 3.52876e-05 1.87139e-05 -5.04825e-07 2.10339e-05 -2.66189e-06 1.32277e-05 1.55974e-05 4.1945e-06 -1.83077e-05 -1.68581e-06 -1.93897e-06 1.26481e-05
internal_weight=20518 12388 8130 7975 4413 6703 6358 1216 1020 4016 3197 3959 5839 1427 1398 1242 687 2964 995 3064 519 114 71 830 345 4914 1222 122 1172 1100 185 73 861 283 2618 1702 1583 1937 1823 293 106 1027 331 120 182 985 925 3692 3645 98 3566 3513 2132 119 578 100 134 348 290 255 153 102 133 1401 70 413 353 159 89 208 1381 1337 479 132 637 70 194 478 1062 73 711 2234 1664 1410 685 1322 696 696
internal_count=20518 12388 8130 7975 4413 6703 6358 1216 1020 4016 3197 3959 5839 1427 1398 1242 687 2964 995 3064 519 114 71 830 345 4914 1222 122 1172 1100 185 73 861 283 2618 1702 1583 1937 1823 293 106 1027 331 120 182 985 925 3692 3645 98 3566 3513 2132 119 578 100 134 348 290 255 153 102 133 1401 70 413 353 159 89 208 1381 1337 479 132 637 70 194 478 1062 73 711 2234 1664 1410 685 1322 696 696
is_linear=0
shrinkage=0.0337242


Tree=22
num_leaves=89
num_cat=0
split_feature=25 17 52 52 55 27 31 40 18 19 12 37 52 25 9 54 31 31 0 43 52 16 42 31 30 27 48 54 9 37 53 7 0 12 39 47 54 13 12 12 30 42 55 48 47 7 50 7 0 44 13 44 39 43 53 51 5 54 51 52 0 39 13 43 52 13 18 2 48 48 48 51 51 7 17 53 31 53 17 52 8 17 38 52 54 12 16 55
split_gain=0.00132096 0.000357956 0.000332715 0.000174916 0.000161418 0.000130278 0.000107745 8.70458e-05 8.90228e-05 8.66767e-05 0.000128653 8.84862e-05 8.3403e-05 7.22269e-05 6.72823e-05 6.4985e-05 6.20167e-05 6.17289e-05 0.000142225 5.54716e-05 5.48831e-05 5.34797e-05 5.17065e-05 4.80215e-05 4.6519e-05 4.65061e-05 4.55569e-05 4.33507e-05 4.2747e-05 4.24336e-05 4.13236e-05 4.66168e-05 4.0961e-05 7.50417e-05 4.0097e-05 4.00439e-05 3.96508e-05 4.87646e-05 3.87706e-05 3.80405e-05 3.72218e-05 3.75476e-05 3.68146e-05 3.6773e-05 4.37482e-05 3.56908e-05 3.51078e-05 3.52929e-05 3.41885e-05 3.40264e-05 3.3183e-05 3.24619e-05 3.23818e-05 3.2127e-05 3.19077e-05 3.48863e-05 3.12243e-05 3.06552e-05 3.20566e-05 4.68045e-05 2.93966e-05 3.18681e-05 3.46042e-05 3.63346e-05 3.57309e-05 2.93898e-05 2.88581e-05 2.85995e-05 2.8538e-05 2.80716e-05 2.7528e-05 3.32601e-05 2.93351e-05 2.82047e-05 2.749e-05 2.72992e-05 3.97403e-05 0.000110107 2.70343e-05 3.178e-05 2.69743e-05 3.34242e-05 2.68571e-05 3.49106e-05 2.66712e-05 2.65862e-05 2.64031e-05 3.3057e-05
threshold=-0.73556164400330615 -0.13775928147216288 0.28301800993058407 0.26523055165051096 54791.000000000007 -735.18884780404164 22.500000000000004 -0.003729025679058084 -0.49396283544917857 0.034013612733932781 -0.90553435114503811 -0.0018099562334565331 0.21350029365703074 -0.99217531234207446 -0.29675572519083965 -6.9749091736757949 22.500000000000004 44.500000000000007 145.50000000000003 0.0015810286559881927 0.35784695031121333 0.87875939849624074 0.0038167938931298333 254.50000000000003 16.500000000000004 -270.46682960514516 36.397437493730159 10.697130747680001 -0.21946564885496181 0.001655633677343338 66.26508125003032 0.90186441410300744 49.500000000000007 -0.84064885496183195 0.001281230506582687 -66.666666666668874 39.751201471106349 -0.1551542279868616 -0.37309160305343508 -0.25286259541984729 17.500000000000004 0.0013937288998185917 113552.00000000001 13.257827409363466 -53.306010928953164 0.73322279352459974 99.999999999999773 1.540258814379537 5.5000000000000009 -0.0040788598047915006 -0.35592037722415143 -0.0012666249538753058 0.0034188134087614901 -0.0063161233184929602 46.747256314402229 66.666666666665733 -0.28700534569817654 19.588417509817074 92.592592592593064 0.19659859071422126 33.500000000000007 0.0040376923745761859 -0.42532476473867681 0.0042298207581771283 0.16491696914564746 -0.023384297104321012 -0.043016364419764433 0.31333999890141595 94.874885231789335 3.0491814228270098 63.817939278629879 72.222222222222342 63.888888888891053 0.059921938011291628 -0.39345140575173337 70.68397550395504 105.50000000000001 37.510585630843572 -0.38019660045054265 0.23360244510311348 -0.05000000000000248 -0.56800927415815794 0.0032206202676070554 0.34498385841469054 3.3451953055315231 -0.58683206106870223 0.49342105263157904 352.50000000000006
decision_type=2 10 2 2 2 8 2 2 10 2 10 2 2 2 8 2 2 2 2 2 2 2 2 2 2 10 2 2 10 2 2 8 2 8 2 2 2 10 10 8 2 2 2 2 2 8 2 8 2 2 10 2 2 2 2 2 2 2 2 2 2 2 10 2 2 10 10 2 2 2 2 2 2 10 10 2 2 2 10 2 10 8 2 2 2 10 2 2
left_child=2 5 13 6 7 14 12 8 -5 11 -11 43 56 46 36 32 35 18 -12 27 34 28 30 25 -10 45 29 -13 -8 -16 31 70 40 -34 -19 -9 60 -38 53 -32 41 -4 -23 -7 65 -15 47 49 -21 -1 -18 -29 -28 -26 -24 -56 -3 80 59 -59 61 62 64 86 -2 -45 -30 -14 -53 -52 71 72 82 -72 -73 76 77 -71 79 -51 -27 -82 83 -17 -75 -36 -64 -88
right_child=1 3 15 4 -6 9 21 16 24 10 17 19 67 23 26 22 50 20 -20 48 -22 42 54 -25 38 57 52 51 66 -31 39 -33 33 -35 85 -37 37 -39 -40 -41 -42 -43 -44 44 -46 -47 -48 -49 -50 78 69 68 -54 -55 55 -57 -58 58 -60 -61 -62 -63 63 -65 -66 -67 -68 -69 -70 75 73 74 -74 84 -76 -77 -78 -79 -80 -81 81 -83 -84 -85 -86 -87 87 -89
leaf_value=-4.0512088660650166e-05 -9.201570773135526e-06 2.9673577950250831e-05 -2.0073152558134456e-05 5.2444785889896083e-05 -4.7716520872005828e-05 -1.3181308082392698e-05 1.0362118570891805e-05 -3.4702834945821528e-05 5.3970409681237041e-05 4.3009939169001751e-05 5.6309544430052338e-06 -1.5749094920801972e-06 -2.0136842460316845e-05 -8.684256155225029e-06 -2.0434887276473706e-05 5.6249516660828662e-06 1.0920530951901901e-05 6.0959877695619129e-06 -5.9163979144802736e-05 -2.1232049062110138e-05 3.8274425400828339e-05 1.6872551220502281e-05 5.3991240649150579e-06 1.3557528979975688e-05 1.8940624575983788e-05 -4.4623244206784841e-06 -5.2163735898143726e-06 2.7569300236800943e-05 7.306979960011428e-06 -6.4111307307298162e-05 -4.7666516052081121e-05 -4.3022987939687165e-06 -3.212565236621329e-05 2.7203161549906861e-05 9.0626049369e-06 1.0263717411436538e-05 4.9258296637693618e-05 2.3305701730108699e-06 3.1958541987062897e-05 -6.2545757807809873e-06 -1.0932697537083452e-05 -6.2463387173197313e-05 -4.2100609114123024e-07 5.0703365428084784e-05 8.1972774953249596e-06 2.7802399983003915e-05 2.0167446535856681e-07 1.3819178371938414e-05 -1.2526869448846604e-06 -9.3946620245347102e-06 0 7.9366516851182142e-06 -3.7261442181941068e-05 -1.8198374444014611e-05 -1.7451309289112313e-06 -3.9749173497977041e-05 -5.217697462817914e-06 -2.3366548800878703e-05 0 -6.5818586725171905e-05 8.2191814105375594e-06 -3.6128920546642057e-05 -1.1207419831753698e-05 2.3045874814948103e-05 -4.8740661826761822e-05 1.6560478139889356e-05 -5.0517714740093327e-06 -6.4189035415685756e-05 -1.9726979658071957e-05 2.2945281722086579e-05 -6.6748565097767305e-05 1.2583227586847408e-05 -5.8641732820894275e-05 -4.4213126265225589e-05 -2.2043424085780628e-05 1.6274393022685798e-05 2.3679442928566056e-05 8.4821451798695291e-05 -4.659392709382218e-06 -3.1029619571546192e-05 -4.3977819076871286e-05 -1.5452436330554719e-05 -3.7955077912811123e-05 -3.0859072769252413e-05 -1.3562906370366401e-05 4.1002791184713351e-05 3.1366312733071255e-05 -2.0624167815007872e-06
leaf_weight=36 100 36 87 225 35 35 2006 37 42 131 172 1771 52 82 96 54 262 909 49 225 80 1546 68 67 52 264 265 92 441 41 261 97 38 65 68 53 34 117 73 34 257 40 142 75 147 47 1027 89 191 1151 44 467 44 54 58 64 148 121 39 46 172 41 407 56 40 64 413 34 45 89 46 42 42 106 61 176 215 58 2225 88 54 858 105 58 62 70 36 512
leaf_count=36 100 36 87 225 35 35 2006 37 42 131 172 1771 52 82 96 54 262 909 49 225 80 1546 68 67 52 264 265 92 441 41 261 97 38 65 68 53 34 117 73 34 257 40 142 75 147 47 1027 89 191 1151 44 467 44 54 58 64 148 121 39 46 172 41 407 56 40 64 413 34 45 89 46 42 42 106 61 176 215 58 2225 88 54 858 105 58 62 70 36 512
internal_value=-6.71858e-08 6.61124e-06 -1.09717e-05 1.23983e-05 2.287e-05 1.09119e-06 9.30277e-06 2.47303e-05 3.72093e-05 4.21168e-06 1.09399e-05 9.8299e-07 -1.12229e-05 -7.36882e-06 -6.16506e-06 -2.44789e-05 1.86679e-05 7.75158e-06 -8.298e-06 -9.12655e-07 1.09846e-05 1.05426e-05 -2.89039e-05 -1.36355e-05 2.12606e-05 -1.49052e-05 -1.77178e-05 1.03969e-06 7.66518e-06 -3.42115e-05 -3.21239e-05 -2.71159e-05 -1.37587e-05 4.37642e-06 8.80709e-06 -7.14858e-06 -2.70025e-06 1.35372e-05 1.30457e-05 -4.32213e-05 -1.88748e-05 -3.41855e-05 1.53605e-05 1.77662e-05 2.18914e-05 3.86006e-06 -5.20561e-06 -6.77984e-06 -1.22912e-05 -7.33127e-06 2.15354e-05 8.86602e-06 -1.00922e-05 0 -1.19896e-05 -2.2474e-05 1.08356e-06 -1.67267e-05 -2.92006e-05 -3.56388e-05 -4.56866e-06 -6.49498e-06 -5.3554e-06 -3.06722e-06 -2.11889e-05 3.56783e-05 1.21702e-06 -3.86768e-05 5.31649e-06 2.61479e-05 -3.079e-05 -2.44396e-05 -3.10077e-05 -4.10806e-05 -6.98539e-06 2.82661e-05 3.38292e-05 4.80166e-05 -6.95853e-06 -1.10093e-05 -1.44595e-05 -1.72474e-05 -2.52137e-05 -1.24056e-05 -3.34771e-05 2.59646e-05 -4.69967e-06 0
internal_weight=20624 12785 7839 6233 1415 6552 4818 1380 446 4591 1479 3112 270 6194 1961 1645 934 1348 221 2791 1127 4548 1158 1578 221 1511 446 2375 2860 137 968 673 487 103 1047 90 1515 151 179 295 384 127 1688 321 286 129 4616 3589 416 3500 844 604 309 106 190 122 184 1382 206 167 1364 1192 1151 1011 140 139 854 86 512 582 576 362 259 214 103 538 362 147 3464 1239 1176 912 217 112 168 138 955 548
internal_count=20624 12785 7839 6233 1415 6552 4818 1380 446 4591 1479 3112 270 6194 1961 1645 934 1348 221 2791 1127 4548 1158 1578 221 1511 446 2375 2860 137 968 673 487 103 1047 90 1515 151 179 295 384 127 1688 321 286 129 4616 3589 416 3500 844 604 309 106 190 122 184 1382 206 167 1364 1192 1151 1011 140 139 854 86 512 582 576 362 259 214 103 538 362 147 3464 1239 1176 912 217 112 168 138 955 548
is_linear=0
shrinkage=0.0337242


Tree=23
num_leaves=89
num_cat=0
split_feature=25 20 52 37 20 36 20 20 52 20 55 16 52 20 19 37 19 17 15 54 45 36 0 52 45 6 47 11 54 13 11 50 6 9 47 50 4 21 36 11 55 7 41 15 20 38 37 21 52 20 15 22 11 22 19 9 39 12 20 10 20 9 48 19 10 7 7 3 20 22 7 20 52 39 18 9 11 0 30 15 20 20 1 3 19 15 55 7
split_gain=0.0012356 0.000551006 0.000317419 0.000182514 0.000167311 0.000148401 0.000127804 0.000124067 0.000114685 9.15171e-05 9.11464e-05 8.54757e-05 7.59989e-05 6.86427e-05 8.81286e-05 6.63305e-05 6.57739e-05 7.95985e-05 6.17574e-05 6.02106e-05 6.00319e-05 5.89072e-05 7.46944e-05 5.81433e-05 5.74037e-05 5.62481e-05 5.52304e-05 5.47704e-05 5.57102e-05 5.26622e-05 7.82566e-05 5.02685e-05 4.97858e-05 4.93232e-05 4.84177e-05 4.74428e-05 4.68378e-05 4.51986e-05 4.47529e-05 4.47401e-05 4.43595e-05 4.42585e-05 4.30915e-05 5.12827e-05 4.26679e-05 4.08983e-05 4.92176e-05 3.97444e-05 4.19692e-05 3.97039e-05 3.92561e-05 5.37658e-05 3.76812e-05 5.76546e-05 3.70348e-05 4.07261e-05 3.64273e-05 3.61591e-05 3.61333e-05 3.57237e-05 3.5317e-05 3.51339e-05 4.65625e-05 3.47545e-05 3.39262e-05 3.38345e-05 5.27665e-05 3.43849e-05 3.34455e-05 3.26997e-05 5.48337e-05 3.13605e-05 3.13366e-05 3.11178e-05 3.08296e-05 3.08175e-05 3.04896e-05 3.03229e-05 2.97156e-05 2.88485e-05 2.84389e-05 2.77517e-05 2.76559e-05 2.76515e-05 2.68459e-05 2.53284e-05 2.52226e-05 2.52016e-05
threshold=-0.49999999999999106 1.8673632583431072 0.27633600110353379 -0.0037842985621813758 88.500000000000014 0.0012172859043774189 0.19160277575689744 10.577380952380954 0.39864065729211123 0.55431677018633552 50877.500000000007 0.5234962406015039 0.34498385841469054 0.045097374584000989 0.076749478042883026 -0.004098368304458754 0.089695694454174926 -0.20659503817910532 0.11695594615387941 -0.07107801220419406 0.0063643636142699531 -0.001520913427063286 149.50000000000003 0.19444148919142903 0.0062422069825436308 -2.4999999999999996 -140.3508771930336 -0.059160305343511445 -6.9749091736757949 -0.28205621083176041 -0.29866412213740451 91.666666666667865 -46.749999999999993 -0.91507633587786252 -30.30303030302159 22.222222222221973 -0.015058793600542708 0.14201444052315512 0.0015785329486048829 -0.76622137404580137 113552.00000000001 0.49981996773821874 -0.0024110918947200517 0.026741425110144032 1.2302308802308806 -0.0039151717055075355 -0.0018281535648994594 -0.15372617951721732 0.20039329487206228 10.577380952380954 0.026741425110144032 -0.33460559796437656 -0.29103053435114495 -0.99617589424117448 0.036748927727460419 -0.39980916030534347 -0.0016038502695805976 -0.57538167938931284 0.32113237639553432 -1.0291353383458641 2.1036721898790867 -0.74999999999999989 75.02057868898963 0.0014741874814081515 -1.4050751879699244 0.013120751238621962 0.027136262818297039 0.45002560719567969 0.71050125313283219 -0.85085987540580843 1.0196217162115453 0.69054196264141032 0.16693791596278604 0.0038046939839029297 -0.13842888527160244 -0.39217557251908391 -0.40362595419847319 159.50000000000003 16.500000000000004 0.03800631531185656 4.2417295936713417 9.5879629629629655 114.38897919051099 -0.34437406287175581 -0.13721915572822493 0.028033215511461016 -2376.9999999999995 0.12164239831777855
decision_type=2 2 2 2 2 2 2 2 2 2 2 2 2 2 2 2 2 10 10 2 2 2 2 2 2 10 2 10 2 10 10 2 8 8 2 2 2 2 2 10 2 8 2 8 2 2 2 2 2 2 8 8 8 10 2 8 2 10 2 2 2 10 2 2 2 8 10 2 2 10 10 2 2 2 8 8 10 2 2 10 2 2 2 2 2 10 2 10
left_child=2 5 7 35 12 6 42 13 11 27 49 31 16 24 23 -13 17 81 -6 -10 41 22 33 38 -1 -7 -25 28 29 -4 34 45 -30 -17 -31 -3 57 74 71 -12 -19 56 -2 75 -41 -8 -47 -24 -49 52 -18 60 53 -11 -23 -56 -16 -9 -57 87 -52 62 -55 -54 78 -34 -67 -68 -61 70 -62 -15 -33 79 -38 -44 -66 -58 -63 -45 -43 -5 -37 -71 -73 -80 -84 -28
right_child=1 3 9 4 18 25 8 36 19 10 39 15 -14 14 20 21 50 40 -20 -21 -22 54 47 26 -26 -27 59 -29 32 30 -32 72 65 -35 -36 82 37 -39 -40 44 -42 80 43 73 -46 46 -48 48 -50 -51 51 -53 63 61 55 58 77 -59 -60 68 69 64 -64 -65 76 66 67 -69 -70 83 -72 84 -74 -75 -76 -77 -78 -79 85 -81 -82 -83 86 -85 -86 -87 -88 -89
leaf_value=-1.6383410817791165e-05 -4.6304868927568857e-05 1.5089442671951414e-06 -4.6394573523399538e-05 -2.97285911395777e-06 8.3355497203807223e-05 3.8403164712368817e-06 -2.9838791596649962e-05 5.4454839748568009e-05 1.380004333414508e-05 -5.6269543954212226e-05 -1.4650057008824426e-05 -2.5435988969852297e-05 2.7480509529469562e-05 -1.0665045396250476e-05 -3.852685144951585e-05 5.3904926405394208e-05 -3.3585245650118506e-06 1.361504562344801e-05 3.1290331563426956e-05 6.4772604458577344e-05 2.4317097168427954e-05 -1.6709916800420587e-07 1.9993933982471837e-05 1.7898990987084155e-05 -6.0726644868072313e-05 -2.1431502090960359e-05 -2.6716340321516741e-07 1.6985697640528201e-06 0 3.6472736377938429e-05 -4.674928929407546e-05 -5.3575591152848108e-06 -6.812555331991265e-05 1.8692407222549562e-05 -7.6795341418825397e-06 1.298511832393456e-05 1.2114355790829132e-05 3.9740075402301091e-05 -1.6207750903218968e-05 0 -3.2425638386078042e-06 2.7452448857029015e-06 -1.5372975591241094e-05 2.7308180117505787e-05 5.1124431367020643e-05 1.7066540209146827e-05 2.9570114875817624e-07 2.2443326201055602e-07 -4.9716441656830875e-05 9.1861802864980343e-06 4.5160794460160301e-06 6.0453241870861344e-05 -4.2746302726317667e-05 -9.3639467890843887e-06 1.4087289153568723e-05 -2.1099841603075864e-05 -6.4662600878251193e-06 6.4054536521375174e-06 5.212352982698223e-06 -6.3094960477412288e-05 2.6922103152824282e-05 1.1836536083398584e-05 3.4190465849638395e-05 -8.4520730157551764e-06 -4.8287369544325188e-05 -1.2967135145839658e-07 -3.6294394837213097e-05 -6.8449953236150192e-05 -2.1835721786355592e-05 -7.1878169921589557e-06 7.7375435915561836e-05 -6.8694448764757805e-06 -2.6442385097074402e-05 -3.2678470327754744e-05 -2.1808244665028219e-05 -5.1455169101471515e-05 -5.7476994895291112e-06 7.2431608365447838e-06 -3.880300304001802e-05 -3.7093822616775827e-06 3.2461482640206717e-05 1.0948971178377184e-05 6.9867927223241994e-05 2.2427280875215692e-05 2.2630310782176503e-06 -1.0233540898978087e-05 4.1083883026676037e-05 -2.0264695719939149e-05
leaf_weight=366 37 39 51 645 49 122 47 54 66 39 40 66 369 829 38 54 58 2385 75 52 98 767 34 42 39 437 96 53 36 42 41 318 50 497 80 38 60 34 559 35 182 635 114 36 42 220 2233 34 35 50 126 46 142 124 765 67 1436 34 482 44 139 46 36 54 70 47 471 50 68 40 34 734 116 40 59 42 34 204 50 543 40 217 58 166 709 182 215 476
leaf_count=366 37 39 51 645 49 122 47 54 66 39 40 66 369 829 38 54 58 2385 75 52 98 767 34 42 39 437 96 53 36 42 41 318 50 497 80 38 60 34 559 35 182 635 114 36 42 220 2233 34 35 50 126 46 142 124 765 67 1436 34 482 44 139 46 36 54 70 47 471 50 68 40 34 734 116 40 59 42 34 204 50 543 40 217 58 166 709 182 215 476
internal_value=-6.65869e-08 6.85346e-06 -9.91092e-06 1.5608e-05 1.37626e-05 9.24943e-07 2.33741e-06 -6.44408e-06 4.08861e-06 -2.22282e-05 -1.46468e-05 3.39291e-06 1.26467e-05 -7.34735e-06 -6.4182e-06 7.60925e-06 1.12672e-05 9.40318e-06 5.2644e-05 3.70817e-05 -1.45134e-06 8.44202e-06 1.7342e-05 -9.81352e-06 -2.08922e-05 -1.57431e-05 -1.84218e-05 -2.9894e-05 -3.19344e-05 -1.61776e-05 -6.13025e-06 -5.99356e-07 -3.69425e-05 2.23188e-05 6.72817e-06 3.92218e-05 1.71909e-05 5.17216e-06 -7.57181e-06 1.27266e-05 1.23822e-05 -2.56564e-06 -1.01664e-05 -8.31639e-06 2.82035e-05 1.20501e-06 1.83922e-06 -8.34308e-06 -2.37071e-05 -1.86363e-05 2.16039e-05 2.44069e-05 -2.05511e-05 -1.59182e-05 5.59857e-06 9.03763e-06 -5.52561e-06 3.69887e-05 1.82515e-06 -2.07933e-05 2.09321e-05 -1.28364e-05 0 -3.37911e-05 -1.83954e-05 -3.91902e-05 -3.64728e-05 -3.95659e-05 -3.89078e-05 2.61346e-05 3.73965e-05 -5.40449e-06 -1.12159e-05 -3.77745e-06 -3.89217e-06 -2.5707e-05 -3.53096e-05 -4.702e-06 -1.17201e-05 -1.61388e-06 4.64941e-06 4.19693e-07 4.36403e-05 1.62076e-05 -2.31533e-06 -1.68074e-05 4.75533e-05 -1.70774e-05
internal_weight=20624 12105 8519 4881 4531 7224 6665 6654 5853 1865 944 5735 4407 6413 6008 2801 4038 3429 124 118 2451 2735 654 3557 405 559 726 921 868 214 163 2934 654 551 122 350 241 153 2831 117 2567 2353 812 775 77 2500 2453 103 69 827 609 551 777 581 2081 1314 1678 88 549 684 505 542 160 196 382 618 568 521 112 379 173 2272 434 619 119 156 104 1640 278 579 675 862 311 206 1443 232 273 572
internal_count=20624 12105 8519 4881 4531 7224 6665 6654 5853 1865 944 5735 4407 6413 6008 2801 4038 3429 124 118 2451 2735 654 3557 405 559 726 921 868 214 163 2934 654 551 122 350 241 153 2831 117 2567 2353 812 775 77 2500 2453 103 69 827 609 551 777 581 2081 1314 1678 88 549 684 505 542 160 196 382 618 568 521 112 379 173 2272 434 619 119 156 104 1640 278 579 675 862 311 206 1443 232 273 572
is_linear=0
shrinkage=0.0337242


Tree=24
num_leaves=89
num_cat=0
split_feature=25 17 52 52 1 15 55 31 25 16 4 21 42 4 9 52 31 36 31 38 13 48 31 31 31 4 4 31 17 53 29 22 29 52 9 31 0 42 39 16 40 51 24 4 1 41 18 6 53 13 4 26 53 15 17 51 16 30 31 31 23 5 4 53 31 41 18 16 17 25 18 41 11 1 4 42 13 55 55 48 31 17 11 28 1 17 2 23
split_gain=0.001135 0.000416869 0.000328948 0.000127311 0.000138301 0.00011035 7.49464e-05 8.58064e-05 7.44113e-05 7.33189e-05 6.51731e-05 6.48921e-05 6.93796e-05 6.22668e-05 8.66615e-05 0.000111818 6.31768e-05 6.18308e-05 5.88614e-05 9.27077e-05 5.47796e-05 5.42606e-05 5.64292e-05 7.72281e-05 5.38359e-05 5.1139e-05 5.1095e-05 4.75059e-05 4.72599e-05 4.62576e-05 4.41385e-05 5.22235e-05 4.40837e-05 5.3664e-05 4.21285e-05 4.01796e-05 3.95735e-05 3.796e-05 4.1063e-05 4.8007e-05 3.77208e-05 3.75166e-05 4.59088e-05 3.98811e-05 3.70288e-05 3.6099e-05 5.22264e-05 5.09785e-05 3.79961e-05 3.7095e-05 3.60866e-05 3.57746e-05 3.43092e-05 4.946e-05 3.40851e-05 3.4174e-05 3.63424e-05 3.36677e-05 3.51087e-05 3.34538e-05 3.28695e-05 4.28667e-05 3.25693e-05 3.91005e-05 3.11915e-05 3.55561e-05 3.25559e-05 3.00055e-05 3.69949e-05 3.2201e-05 2.94806e-05 3.38737e-05 2.86262e-05 5.52897e-05 2.88159e-05 3.07012e-05 3.36965e-05 2.82192e-05 3.41764e-05 2.77861e-05 2.76503e-05 2.75262e-05 2.68146e-05 2.66343e-05 2.65823e-05 2.64653e-05 2.6943e-05 2.64494e-05
threshold=-0.50336020902389966 -0.13425221614347149 0.31407658132525668 0.22947859096834008 48.771039752975597 0.026741425110144032 9104.5000000000018 10.500000000000002 -0.49700420168239895 0.87124060150375948 -0.80723189552829433 0.50766595700228323 0.0034662149173395611 -0.93329894284583614 -0.92938931297709915 0.20039329487206228 121.50000000000001 0.0013956740920814117 127.50000000000001 -0.0034423509894537237 -0.49594529712447183 68.995685487696505 6.5000000000000009 36.500000000000007 40.500000000000007 -0.011493724913788228 -0.68146164282887656 32.500000000000007 -0.20659503817910532 40.940739626354677 8.5000000000000018 -0.75240207492115874 5.5000000000000009 0.2982229502139378 -0.085877862595419838 253.50000000000003 4.5000000000000009 0.0081312011565942716 0.0024767811353626494 0.46334586466165417 0.0036652426627976635 94.444444444444684 -3.9999999999997864 -0.24236107185256373 632.22269747279336 0.001110733687291199 0.18270931925036296 44.250000000000007 69.48394016570272 -0.060946727835730158 -0.022605856747130979 -0.0057184898305238105 56.462307003177408 0.42956288147647087 -0.067649059418975435 22.222222222222271 0.47838345864661663 18.500000000000004 227.50000000000003 83.500000000000014 0.55000000000000082 -0.095093203333809093 -0.66154107072191748 59.362203444362827 236.50000000000003 -0.001885015812102486 -0.27695470868551125 0.1231203007518797 -0.025379596852052305 -0.99195498432422158 -0.10843804081312969 0.0013726842430545896 -0.071564885496183187 146.71394698111678 -0.77343970829328945 0.0043057100482017949 -0.19112523089530278 4228.5000000000009 5226.5000000000009 66.978608485718027 23.500000000000004 -0.38019660045054265 -0.60019083969465636 0.79982406461438471 251.91811166156495 -0.07715909423363855 -0.078833561801477395 0.55000000000000082
decision_type=2 8 2 2 2 8 2 2 2 2 2 2 2 2 10 2 2 2 2 2 8 2 2 2 2 2 2 2 10 2 2 10 2 2 10 2 2 2 2 2 2 2 8 2 2 2 10 8 2 10 2 10 2 8 10 2 2 2 2 2 10 2 2 2 2 2 10 2 8 2 8 2 8 2 2 2 10 2 2 2 2 10 8 2 2 10 2 10
left_child=2 5 13 9 24 28 72 -8 -6 26 27 12 20 14 -1 -16 37 57 45 -20 60 22 84 25 52 29 -3 -7 62 -24 31 -9 -23 -34 -13 -19 -29 38 39 67 64 42 43 -40 77 47 48 81 -47 -49 -11 -25 53 -5 59 -56 -57 -18 -59 -53 -10 -62 63 -2 65 66 -21 69 -69 82 -67 -72 74 -74 -4 76 -76 80 -79 -77 -28 -12 -15 -37 -22 86 -78 -35
right_child=1 3 6 4 8 10 7 30 11 50 18 34 -14 16 15 -17 17 35 19 40 21 32 23 51 -26 -27 44 36 -30 -31 -32 -33 33 87 -36 83 -38 -39 41 -41 -42 -43 -44 -45 -46 46 -48 49 -50 -51 -52 54 -54 -55 55 56 -58 58 -60 -61 61 -63 -64 -65 -66 70 -68 68 -70 -71 71 -73 73 -75 75 79 85 78 -80 -81 -82 -83 -84 -85 -86 -87 -88 -89
leaf_value=1.4389778019975927e-05 -3.3205355894158001e-05 -1.2794009119301017e-05 -5.4892826576769665e-05 -5.9129570338631709e-06 -1.1106602289465101e-05 -4.2760936600367715e-05 2.5349569440318802e-05 -4.0683997927379075e-05 4.1113519958910488e-06 1.1718577256813465e-05 -1.3297662135592074e-05 -1.9536472912886034e-05 -1.9178546794904837e-05 -4.7955192475501057e-06 -1.8541098865205255e-05 -9.5954381342883306e-05 -9.0295995449272893e-06 -1.9846376305246332e-05 3.457348892068828e-05 3.1379349539224597e-05 3.3090032979028982e-05 1.2051086183849124e-05 -2.8812049464957363e-05 -1.7557627752481306e-06 2.2759030579163435e-05 3.2461842795680162e-05 -2.2102268882855833e-05 -2.1872666183740723e-05 7.4692998974870225e-06 9.7295041099195417e-06 -1.0118561320121288e-05 -5.5833201623083925e-06 8.44342952123871e-05 5.3088671711843242e-05 2.6932262520125984e-05 -1.4322851321417132e-05 1.292801947251797e-06 -3.5935028413837947e-05 7.121441358413854e-07 1.7629137158445753e-06 -2.8601873963913822e-05 2.7089216626056602e-05 -5.1351120793854327e-06 4.1024253414624794e-05 -7.5571853364475684e-07 8.904678715121963e-06 5.0856761549913634e-05 2.4441599759857937e-08 4.6619222309285952e-05 -3.4732423653900819e-05 2.3190122314776912e-05 4.4884214848544946e-05 0 -6.429557685737489e-05 2.2125254568336831e-05 9.5911367598378363e-06 4.8964224852151751e-05 -5.2210039310148015e-06 1.0302940140454128e-05 1.6296487521632247e-05 2.5760428944985953e-06 5.8531706691186729e-05 -9.3292792745221244e-06 0 6.3125779362789838e-06 1.7099930898266044e-06 0 -1.1187057167214745e-05 -4.8449112129318366e-05 -9.5649786049287291e-06 -5.0214670639325059e-06 -2.2748381560799693e-05 1.7196095612144662e-05 -3.9399764239200956e-05 -2.1523382739234204e-05 -2.7987459111572183e-05 -5.6102790909162611e-05 4.4867142036926006e-05 1.0264099394707632e-05 5.6329286609239326e-06 4.4204036929886233e-06 7.5547306605185168e-06 1.4975624882910603e-05 2.3778363730182961e-05 7.7572787709769301e-05 -1.5203832128621412e-05 -3.3694543381651597e-05 1.4542100868488989e-05
leaf_weight=35 169 155 76 38 68 48 52 169 191 1296 73 62 36 146 68 34 2027 736 84 63 46 41 59 36 41 55 50 124 130 84 300 77 52 66 34 39 238 38 67 999 57 88 270 55 540 521 43 69 34 61 449 63 48 36 143 37 245 597 228 287 35 35 542 55 544 615 79 592 34 377 1027 145 38 38 190 60 145 35 1587 45 392 1309 156 42 37 52 169 41
leaf_count=35 169 155 76 38 68 48 52 169 191 1296 73 62 36 146 68 34 2027 736 84 63 46 41 59 36 41 55 50 124 130 84 300 77 52 66 34 39 238 38 67 999 57 88 270 55 540 521 43 69 34 61 449 63 48 36 143 37 245 597 228 287 35 35 542 55 544 615 79 592 34 377 1027 145 38 38 190 60 145 35 1587 45 392 1309 156 42 37 52 169 41
internal_value=5.34281e-08 6.43629e-06 -9.81968e-06 1.2417e-05 1.97433e-05 5.27297e-08 -2.46304e-05 -1.52501e-05 2.25229e-05 9.27893e-06 1.97455e-06 2.39374e-05 2.55696e-05 -6.65211e-06 -2.93402e-05 -4.52932e-05 -6.15836e-06 -9.08541e-06 3.10988e-06 -2.36522e-07 2.66691e-05 2.9569e-05 2.64026e-05 2.40298e-05 -9.5565e-06 4.55944e-06 5.79897e-06 -1.08709e-05 -1.08512e-05 -5.49634e-06 -1.92938e-05 -3.00901e-05 4.63737e-05 5.46163e-05 -2.07193e-06 -1.73401e-05 -6.37532e-06 -2.31854e-06 -1.82497e-06 -3.72199e-06 -1.43048e-06 7.07934e-06 2.34074e-06 1.96779e-05 6.94281e-06 7.30141e-06 1.43889e-05 4.43436e-06 1.13893e-05 -1.5541e-05 1.47257e-05 2.86641e-05 -2.12089e-05 -3.56216e-05 3.02019e-05 3.69608e-05 4.4141e-05 -6.68684e-06 -8.13588e-07 2.17185e-05 1.19439e-05 3.19348e-05 -1.40867e-05 -2.51663e-05 -7.65118e-07 -2.81122e-06 1.32706e-05 -7.99485e-06 -1.33653e-05 -2.90124e-06 -4.14321e-06 -7.29712e-06 -3.14112e-05 -9.83004e-06 -3.35056e-05 -3.09003e-05 -3.41714e-05 9.00379e-06 1.10704e-05 -1.26582e-05 1.20141e-06 6.38332e-06 5.09733e-06 4.24003e-06 5.40843e-05 -4.04732e-05 -4.43501e-05 3.92219e-05
internal_weight=20489 12450 8039 6420 1916 6030 1411 598 1753 4504 5134 1685 1589 6628 137 102 6491 3669 4724 2614 1553 1292 1092 1009 163 198 2759 410 896 143 546 246 200 159 96 817 362 2822 2784 2304 2530 480 392 122 2604 2110 598 1512 555 130 1745 811 122 74 775 425 282 2852 825 350 261 70 766 224 2473 1929 142 1305 626 679 1787 1172 813 76 737 661 556 2064 1622 105 442 1382 302 81 83 366 314 107
internal_count=20489 12450 8039 6420 1916 6030 1411 598 1753 4504 5134 1685 1589 6628 137 102 6491 3669 4724 2614 1553 1292 1092 1009 163 198 2759 410 896 143 546 246 200 159 96 817 362 2822 2784 2304 2530 480 392 122 2604 2110 598 1512 555 130 1745 811 122 74 775 425 282 2852 825 350 261 70 766 224 2473 1929 142 1305 626 679 1787 1172 813 76 737 661 556 2064 1622 105 442 1382 302 81 83 366 314 107
is_linear=0
shrinkage=0.0337242


Tree=25
num_leaves=89
num_cat=0
split_feature=25 17 25 36 27 42 27 7 4 5 55 4 13 27 6 16 13 19 27 37 4 36 10 24 11 13 41 21 7 17 6 18 26 5 19 4 6 4 26 42 48 37 38 19 26 26 4 50 27 41 6 29 29 40 40 37 22 4 51 17 4 48 3 9 9 45 13 19 16 11 13 16 11 17 19 17 4 2 4 42 10 44 22 4 4 45 4 30
split_gain=0.00106111 0.000384719 0.000199738 0.000113767 0.00010825 9.79186e-05 9.63352e-05 7.65812e-05 7.53341e-05 6.67982e-05 6.3595e-05 6.00711e-05 5.6684e-05 5.64533e-05 5.5925e-05 5.216e-05 6.80393e-05 5.18552e-05 5.06922e-05 6.66259e-05 5.99075e-05 5.95149e-05 5.55711e-05 5.94103e-05 4.83927e-05 4.75026e-05 4.73672e-05 4.61401e-05 4.53827e-05 5.24424e-05 4.45691e-05 4.29289e-05 4.34072e-05 6.35852e-05 3.94747e-05 3.92088e-05 5.49136e-05 3.80436e-05 3.75379e-05 4.9905e-05 3.71828e-05 3.57416e-05 3.53193e-05 5.29221e-05 3.46779e-05 3.90027e-05 3.43145e-05 6.07419e-05 3.69531e-05 3.86365e-05 4.06146e-05 3.6108e-05 3.42994e-05 3.34822e-05 3.21131e-05 3.52603e-05 3.16826e-05 3.15058e-05 3.1176e-05 3.07979e-05 3.26879e-05 3.04002e-05 2.96802e-05 2.96159e-05 2.95812e-05 3.26799e-05 2.93124e-05 3.04906e-05 2.87645e-05 2.86194e-05 2.85824e-05 2.87139e-05 2.80185e-05 2.76438e-05 2.75594e-05 2.7345e-05 2.72534e-05 2.72505e-05 2.71382e-05 2.64452e-05 3.94291e-05 3.05148e-05 2.64382e-05 2.53815e-05 2.50438e-05 2.54205e-05 2.9592e-05 2.47766e-05
threshold=-0.66210828455976933 -0.13425221614347149 -0.98410207284395224 -0.003055769545019515 -433.53706054343314 0.0081312011565942716 97.821606864806895 1.4288008411107274 -0.58147012267510878 -0.41746408241621252 9104.5000000000018 -0.0032435411837865333 -0.47156074813436588 -14.444613512656494 49.750000000000007 0.87687969924812037 -0.70335873909334545 0.039042834736115146 -326.71719570627687 0.0016194342601479896 -0.065005087907739262 0.0018501403436708144 -1.239661654135338 -3.0000000000000706 -0.29484732824427479 -0.00059708349845845885 0.0015898251192368875 0.094630353098619405 0.10106291047355688 -0.43876166583774606 -13.249999999999998 -0.12528391908309242 -0.00018678137513336403 -0.35567958688177587 -0.47924820161863119 -0.23597292102436537 -1.0000000180025095e-35 -0.35145429362880881 -0.00772889450538548 0.0032284121111052504 65.290720300065701 -0.0010542965502216559 -0.0019980039920159949 -0.82833917911116817 -0.0076694581027109288 -0.0053395751984698309 -0.81647492792130694 61.111111111113949 -2.2142755532946992 0.003510826245942678 -57.249999999999993 18.500000000000004 9.5000000000000018 -0.0032546807552765729 -0.0043573191570153704 -0.0019550360812133345 -0.71290135741230276 -0.0051656396630674417 -1.8118839761882552e-13 -0.044904332816476981 -0.027792696025778729 85.566290961191939 -0.11686259694025776 -0.7127862595419846 -0.048664122137404571 0.0043956256279464876 -0.0014406523505981446 0.68244869694314414 0.5234962406015039 -0.66889312977099225 -0.026042786998663321 0.51597744360902265 -0.9417938931297708 -0.094006904420584528 -0.51099527014429202 -0.34178527544542286 -0.037304256882808515 -0.066341252338439308 -0.68146164282887656 -0.0040066782430013262 -1.3919172932330823 -0.0032025641025640868 -0.93989575638184342 -0.60044377861948095 -0.027792696025778729 -0.0024052925113393626 -0.20181327378596867 18.500000000000004
decision_type=2 8 2 2 8 2 10 8 2 2 2 2 10 10 8 2 10 2 10 2 2 2 2 10 8 10 2 2 10 10 10 10 8 2 2 2 8 2 10 2 2 2 2 2 8 10 2 2 10 2 10 2 2 2 2 2 10 2 2 10 2 2 2 8 10 2 10 2 2 8 10 2 10 10 2 8 2 2 2 2 2 2 10 2 2 2 2 2
left_child=2 4 5 13 8 18 46 10 9 -2 25 14 52 -3 15 16 37 -13 22 20 21 68 26 -24 -12 72 -1 41 -28 -30 -10 32 -15 -34 63 -33 74 -5 39 56 54 -22 43 -14 -23 -46 47 -6 49 50 -48 82 -8 -42 -36 -56 70 -44 -57 60 -29 -11 -35 -18 65 76 67 73 -20 -64 71 75 -4 -16 -37 -21 -32 -74 -55 80 -75 -81 -52 -60 85 86 -50 -79
right_child=1 3 7 11 6 -7 12 -9 30 61 24 17 42 31 66 -17 34 -19 19 38 27 44 23 -25 -26 -27 28 59 29 -31 64 35 33 62 40 36 -38 -39 -40 -41 53 -43 57 -45 45 -47 48 -49 84 -51 51 -53 -54 78 55 58 -58 -59 83 -61 -62 -63 69 -65 -66 -67 -68 -69 -70 -71 -72 -73 77 79 -76 -77 -78 87 -80 81 -82 -83 -84 -85 -86 -87 -88 -89
leaf_value=-7.4566103680648889e-07 1.0664881594435046e-05 -2.408574820590605e-06 -1.0246189746310228e-05 -4.7839141924746275e-05 -4.3189101127502744e-05 -6.2753700863677221e-05 -3.6731890320738429e-06 7.9712517957062239e-06 2.1064249772298683e-05 -2.2671175023134698e-05 -4.9079471942444325e-06 1.7785309493214084e-05 -2.5635363249822839e-06 1.7835281895257609e-05 -2.0695976047990543e-05 1.4728473744825597e-05 1.1957265456392532e-05 6.0475663658208385e-05 -8.2619735629354838e-06 -1.7396182627465397e-05 2.5533010109917245e-05 -3.4312651968934955e-05 1.0534644139571481e-05 -3.6428410861593741e-05 -3.9371145534122025e-05 8.7685464040406004e-07 0 5.2850929710405234e-06 1.5072830242137024e-05 6.8152889707497367e-05 -4.4535574848503799e-06 -1.1682202012849041e-05 0 6.8985297544451267e-05 -1.9968220677045169e-05 1.8881187905700918e-05 0 0 -9.814435264360385e-06 -5.1713835160796251e-05 5.1103827285907092e-05 -3.8037271286284525e-06 -3.0483404470448004e-06 3.8167529924247857e-05 1.7322586294124327e-06 -3.0421432342067484e-05 -1.8998395928742832e-05 4.6669796428298255e-06 0 4.3096427004379604e-05 2.2814725963478045e-05 3.8264467241410721e-05 -3.9160936679382215e-05 0 2.1780248378702545e-05 3.6655041743764126e-05 -2.047603968713065e-06 1.4229091447298883e-05 -5.0383204245508459e-06 -5.9114545497644111e-06 4.3848315118172371e-05 -6.9623658269670371e-06 6.3820758604087448e-05 -4.5263439948130901e-06 -3.0772250867062166e-05 2.9667162902723235e-05 -2.7332699827493988e-05 3.1365086911866208e-05 -7.6623536000768049e-07 3.1227228646301163e-05 -3.2749226125784859e-06 0 -4.8104938543318982e-05 4.6824416652227982e-05 6.4108661667323244e-05 -4.0268083253545809e-05 1.898414102546349e-05 -3.6961828456436408e-05 1.9852155939346304e-05 -2.642437198010011e-05 -1.1354032215739973e-06 2.9849996177750762e-06 7.7517316264172535e-06 7.6236508231880019e-06 1.763427218686725e-05 5.317169189861762e-07 3.7754903886904802e-05 -1.163590688737571e-05
leaf_weight=147 102 75 53 38 39 37 66 72 96 499 210 523 73 166 73 1769 176 37 2978 126 50 149 52 67 63 37 47 52 55 42 903 49 40 62 44 40 72 36 884 58 36 734 1668 65 100 69 41 123 43 54 197 70 72 88 210 40 127 128 198 38 63 223 49 417 42 36 47 34 760 164 84 43 227 34 37 161 59 194 361 50 37 187 518 1360 155 768 48 73
leaf_count=147 102 75 53 38 39 37 66 72 96 499 210 523 73 166 73 1769 176 37 2978 126 50 149 52 67 63 37 47 52 55 42 903 49 40 62 44 40 72 36 884 58 36 734 1668 65 100 69 41 123 43 54 197 70 72 88 210 40 127 128 198 38 63 223 49 417 42 36 47 34 760 164 84 43 227 34 37 161 59 194 361 50 37 187 518 1360 155 768 48 73
internal_value=5.19891e-08 6.10631e-06 -9.67951e-06 1.17797e-05 0 -7.68877e-06 3.10201e-06 -2.44107e-05 -6.52285e-06 -1.42933e-05 -2.7244e-05 1.01476e-05 -1.99239e-06 2.41954e-05 8.99187e-06 1.00799e-05 7.31019e-06 2.07785e-05 -7.37885e-06 -8.11188e-06 -6.21355e-06 -7.99267e-06 3.96361e-06 -1.50945e-05 -1.32151e-05 -3.36366e-05 1.20893e-05 1.38458e-06 2.58629e-05 3.90525e-05 -8.01432e-07 2.72763e-05 3.28601e-05 4.0471e-05 8.14155e-06 1.32237e-05 2.20629e-05 -2.43007e-05 -1.4438e-05 -2.11001e-05 1.01146e-05 -1.80947e-06 -4.51341e-07 1.5921e-05 -2.21335e-05 -1.08237e-05 8.28306e-06 -6.2573e-06 9.57778e-06 1.46932e-05 1.27193e-05 1.4499e-05 -2.2889e-05 1.85753e-05 7.84667e-06 8.57704e-06 -1.76394e-05 -1.76317e-06 6.78147e-06 1.83832e-05 2.72516e-05 -1.79532e-05 4.62505e-05 2.02928e-07 -2.91275e-06 -1.64345e-06 -2.03903e-06 5.92649e-07 -6.76382e-06 3.91791e-05 -2.21889e-05 -2.67105e-05 -3.61478e-05 -1.89976e-06 4.18692e-05 -3.05636e-05 -2.91563e-06 -3.87311e-05 1.5752e-05 2.24137e-06 2.04699e-05 -2.81168e-06 1.20371e-05 5.95245e-06 5.04305e-06 2.65854e-06 1.95457e-05 -3.03995e-05
internal_weight=20489 12637 7852 6549 6088 6923 4128 929 1960 824 857 5795 2072 754 5235 4773 3004 560 6886 6476 4993 4056 410 119 273 584 291 937 144 97 1136 679 481 315 2930 198 149 74 1483 599 2337 784 1934 138 318 169 2056 162 1894 880 826 785 138 485 1852 1808 541 1796 1598 153 115 722 275 593 1040 998 462 415 3738 213 414 330 547 381 77 287 962 494 449 308 71 237 715 1558 1014 859 91 267
internal_count=20489 12637 7852 6549 6088 6923 4128 929 1960 824 857 5795 2072 754 5235 4773 3004 560 6886 6476 4993 4056 410 119 273 584 291 937 144 97 1136 679 481 315 2930 198 149 74 1483 599 2337 784 1934 138 318 169 2056 162 1894 880 826 785 138 485 1852 1808 541 1796 1598 153 115 722 275 593 1040 998 462 415 3738 213 414 330 547 381 77 287 962 494 449 308 71 237 715 1558 1014 859 91 267
is_linear=0
shrinkage=0.0337242


Tree=26
num_leaves=89
num_cat=0
split_feature=20 25 49 20 38 20 31 19 0 19 52 37 20 38 40 1 20 19 47 31 16 1 26 18 19 20 31 43 20 31 15 15 47 11 20 0 44 13 52 15 52 53 31 21 18 22 4 53 13 20 38 16 52 26 40 48 22 37 38 53 22 37 52 9 30 31 31 11 42 53 9 50 47 12 20 40 11 47 51 15 16 19 1 21 22 1 22 15
split_gain=0.000982215 0.000467534 0.000240826 0.000211671 0.000189862 0.000179497 0.000137498 0.00013437 0.0001316 0.000127767 0.000125054 0.000118363 9.51474e-05 8.86426e-05 8.8556e-05 8.30927e-05 7.96614e-05 6.62755e-05 6.36834e-05 6.21231e-05 6.20788e-05 6.16219e-05 5.63484e-05 5.35365e-05 5.28391e-05 5.68593e-05 5.07372e-05 5.00232e-05 4.99625e-05 8.86953e-05 6.33176e-05 5.12922e-05 4.96319e-05 4.83488e-05 4.76343e-05 4.68805e-05 4.52973e-05 4.48309e-05 4.42383e-05 4.41803e-05 7.65936e-05 4.14474e-05 4.25166e-05 4.0084e-05 5.3771e-05 4.16265e-05 3.89956e-05 4.49666e-05 3.87684e-05 3.84132e-05 4.46853e-05 7.27054e-05 3.78037e-05 3.80904e-05 3.74472e-05 4.13419e-05 3.69469e-05 3.56913e-05 3.56724e-05 3.47251e-05 3.45354e-05 3.41428e-05 4.20124e-05 3.3981e-05 3.40288e-05 3.79151e-05 3.37957e-05 3.33169e-05 3.21193e-05 3.20576e-05 4.76061e-05 3.20403e-05 4.00444e-05 4.76284e-05 3.17878e-05 2.96991e-05 2.93011e-05 4.20267e-05 2.92385e-05 2.88708e-05 3.40112e-05 2.84813e-05 2.77982e-05 2.76758e-05 2.76196e-05 3.90934e-05 2.7378e-05 3.65193e-05
threshold=0.70307765151515167 -0.49999999999999106 47.004214295311492 65.708333333333357 -0.0032336318626450806 0.011560736560736562 78.500000000000014 1.9623125720919463 34.500000000000007 0.027249287750612087 0.25449742549086435 0.0032653082984145381 7.1004464285714297 -0.0037842985621813758 0.0031662277946346022 114.1780982905983 18.017241379310349 0.076749478042883026 -47.619047619031718 239.50000000000003 0.83552631578947378 48.771039752975597 0.0051015754036467485 -0.15519758637510719 -3.3083586119329591 13.455555555555557 14.500000000000002 -0.0028030847682691813 2.1036721898790867 31.500000000000004 0.030562494274702187 0.052207867759169004 62.499999999994962 -0.4837786259541984 0.43551971326164879 155.50000000000003 -0.0016625115394608423 -0.49594529712447183 0.36587254762506422 0.033876940208763258 0.28719961038599889 46.168886886148151 180.50000000000003 -0.84660176357701367 -0.51146897017203852 -0.8204615935114502 -0.51927045056249643 48.00214335672441 -0.20230458700806703 0.092628342628342644 -0.0019212313598110373 0.79981203007518809 0.22947859096834008 -0.0017452524094355281 0.0033955955263460518 36.02946272182789 -0.4885055783910745 0.0036968590744261847 -0.0016012820512820711 66.26508125003032 -0.66347869322336284 0.0012158059204204765 0.21350029365703074 -0.18893129770992365 18.500000000000004 112.50000000000001 260.50000000000006 -0.70133587786259521 -0.0034423509894537237 32.142823001183267 -0.32347328244274803 30.000000000000508 47.619047619025146 -0.71660305343511432 1.112399732620321 -0.0016353240696169167 -0.80820610687022898 83.333333333355867 9.9382716049379471 0.38025798470796396 0.85432330827067682 -0.032580591024997212 251.91811166156495 0.42671765840108355 -0.70554385657044238 158.38370984399054 -0.66730279898218814 0.033876940208763258
decision_type=2 2 2 2 2 2 2 2 2 2 2 2 2 2 2 2 2 2 2 2 2 2 8 10 2 2 2 2 2 2 10 10 2 8 2 2 2 8 2 10 2 2 2 2 8 10 2 2 8 2 2 2 2 10 2 2 8 2 2 2 8 2 2 8 2 2 2 8 2 2 10 2 2 10 2 2 10 2 2 10 2 2 2 2 10 2 10 10
left_child=2 7 13 4 15 6 48 10 11 12 24 26 18 34 -9 -3 43 -10 23 21 49 -5 39 35 -2 66 32 41 46 69 -31 -32 -7 -27 -1 36 -6 -22 -14 40 -19 68 84 -12 -45 71 47 -11 -4 58 51 -51 83 -54 55 -13 -33 -57 -15 -39 76 62 -52 64 65 -64 78 -60 -17 -30 82 -46 73 -73 -29 -47 -56 -78 -26 80 -76 -44 -71 -28 85 -43 -77 -88
right_child=1 3 5 19 9 8 -8 14 17 28 16 54 38 20 -16 27 -18 22 -20 -21 37 -23 -24 -25 25 33 52 74 29 30 31 56 -34 -35 -36 -37 -38 59 -40 -41 -42 42 81 44 45 75 -48 -49 -50 50 61 -53 53 -55 60 57 -58 -59 67 -61 -62 -63 63 -65 -66 -67 -68 -69 -70 70 -72 72 -74 -75 79 86 77 -79 -80 -81 -82 -83 -84 -85 -86 -87 87 -89
leaf_value=-5.7687047321653146e-05 -1.5665832048113548e-05 9.8353316779574925e-07 -5.0437729104354031e-05 3.0210687224537799e-05 2.0978227279052303e-05 -1.4106160473336651e-05 -1.4393778310684606e-05 6.5337197894936825e-06 -1.3276020287170757e-05 1.0457506874985976e-05 -5.5573780664526565e-05 -4.6785614111045992e-05 1.1677549160425518e-05 -4.5002521877417082e-05 6.4996564424044963e-05 3.1270853332878836e-05 2.9428449759920984e-05 -6.4417410134139722e-06 -2.2116059423194071e-06 1.1700042155067748e-05 -6.5262524478622834e-06 7.7326915019853627e-05 3.3896835036196977e-05 3.6822091209745408e-07 -2.0698140189536518e-05 -1.0025440792503728e-06 -9.6184363549663033e-06 -6.7281353780795383e-06 -1.9907702898316626e-05 -1.0912261981175951e-05 6.1962875660107847e-05 3.0463504001841509e-05 -7.2631856798540959e-05 3.7974294462804738e-05 -3.701618418193411e-06 -1.4060542431754401e-05 6.024220269105307e-06 1.3689147332872457e-05 4.5192978342373413e-05 1.5072857319830537e-06 -6.0151878809418751e-05 5.9844790277078591e-05 9.9031741364682708e-06 2.231046140662789e-05 -4.872721844723204e-05 1.3740843609923445e-05 9.490651707083475e-06 6.1373691122818463e-05 -0.00010505078232237204 2.0406880450757017e-05 -4.6174897951773864e-07 -2.8819031446917813e-05 -2.4790551284291412e-05 0 -2.5266356104907354e-05 -3.9930143869046795e-05 -2.3697710062081179e-06 -6.1304570876483951e-07 -3.1442136436024758e-05 4.672446241091946e-05 -1.3445928642674664e-05 2.7251287723219823e-05 -1.5140943994106846e-05 1.3212373471406929e-05 -1.5960897732309775e-06 -4.7924158793532763e-05 3.0824206380290151e-05 -2.0257540515625311e-06 0 8.3202854002803452e-06 -2.2279905485267446e-05 -3.188574444845031e-05 -3.3870164611043267e-05 2.8110241222132777e-06 4.1351870670180217e-05 -3.9833809565062002e-06 -3.5345064060150191e-05 -7.8273330982009853e-05 -8.2123391572660695e-07 -2.6332565562622937e-06 1.2559605871070285e-05 4.7517019580790161e-05 4.5100782822343974e-05 -2.534755477360737e-05 8.2733860024202457e-05 1.3497777468193894e-05 -5.4296045989933389e-05 -1.1312686480557391e-05
leaf_weight=48 266 150 38 67 492 42 73 80 732 53 34 56 1175 37 51 131 40 230 1845 54 88 80 52 897 88 57 1910 45 52 39 62 421 34 81 37 71 477 196 49 901 36 80 61 36 66 50 1454 38 42 219 1632 39 462 79 53 37 37 109 58 50 45 43 171 47 129 60 37 215 46 81 36 70 162 114 106 158 60 69 2425 37 106 47 39 146 44 36 38 75
leaf_count=48 266 150 38 67 492 42 73 80 732 53 34 56 1175 37 51 131 40 230 1845 54 88 80 52 897 88 57 1910 45 52 39 62 421 34 81 37 71 477 196 49 901 36 80 61 36 66 50 1454 38 42 219 1632 39 462 79 53 37 37 109 58 50 45 43 171 47 129 60 37 215 46 81 36 70 162 114 106 158 60 69 2425 37 106 47 39 146 44 36 38 75
internal_value=1.01996e-07 6.13628e-06 -8.88196e-06 1.06266e-05 9.7741e-06 -1.33014e-05 -4.94957e-05 -3.45069e-06 -1.21863e-05 7.9667e-06 -4.63133e-06 -1.65172e-05 4.90917e-06 -1.35373e-06 3.00319e-05 2.45433e-05 -1.60985e-05 -5.25086e-06 2.23332e-06 4.49522e-05 -3.53666e-07 5.65098e-05 -3.52513e-07 6.51703e-06 -1.32614e-06 5.69306e-08 -1.38159e-05 2.91946e-05 1.45451e-05 2.17112e-05 2.87244e-05 3.1883e-05 -4.15606e-05 2.11748e-05 -3.53247e-05 1.17274e-05 1.37167e-05 1.33084e-05 1.30982e-05 -1.96145e-06 -1.40742e-05 3.65403e-05 4.52904e-05 -1.84868e-05 -1.67213e-05 -1.87702e-05 1.0925e-05 3.27814e-05 -8.03179e-05 -2.11207e-06 -5.90911e-07 1.25911e-05 -1.29667e-05 -2.10892e-05 -3.31234e-05 -2.15721e-05 2.76e-05 -1.1239e-05 -1.32826e-05 2.07966e-05 -4.29768e-05 -2.27084e-06 -2.94083e-06 -1.2644e-05 -1.62882e-05 -2.40745e-05 -1.04801e-06 -8.62946e-06 2.27453e-05 2.39875e-06 1.04538e-05 -2.5998e-05 -2.1383e-05 -9.86353e-06 1.77475e-05 -9.1922e-06 -4.97473e-05 -5.9056e-05 -1.55575e-06 2.2559e-05 2.74117e-05 2.71672e-05 2.10795e-05 -1.07824e-05 5.69195e-05 4.62945e-05 -1.37801e-05 -2.66227e-05
internal_weight=20611 12336 8275 8408 8207 5206 153 3928 5053 7318 3797 3102 5006 3069 131 889 843 1951 3782 201 2984 147 1219 1937 2954 2688 2673 739 2312 767 559 520 76 138 85 1040 969 334 1224 1167 266 445 268 803 769 733 1545 91 80 2650 2340 258 2597 541 429 202 458 146 310 246 227 2082 2039 407 360 231 2550 273 177 208 156 412 346 184 294 321 182 129 2513 249 212 108 120 2056 160 116 271 113
internal_count=20611 12336 8275 8408 8207 5206 153 3928 5053 7318 3797 3102 5006 3069 131 889 843 1951 3782 201 2984 147 1219 1937 2954 2688 2673 739 2312 767 559 520 76 138 85 1040 969 334 1224 1167 266 445 268 803 769 733 1545 91 80 2650 2340 258 2597 541 429 202 458 146 310 246 227 2082 2039 407 360 231 2550 273 177 208 156 412 346 184 294 321 182 129 2513 249 212 108 120 2056 160 116 271 113
is_linear=0
shrinkage=0.0337242


Tree=27
num_leaves=89
num_cat=0
split_feature=25 27 27 36 36 0 43 0 27 53 22 4 31 0 3 15 25 37 44 19 51 37 11 27 54 53 0 37 2 16 28 4 55 31 9 19 7 29 1 7 16 19 4 43 22 39 37 7 4 4 15 31 4 1 8 22 5 48 48 53 13 27 39 31 48 48 48 13 44 11 37 55 0 16 49 40 38 51 4 27 26 51 13 54 31 53 11 27
split_gain=0.000905488 0.000294292 0.000225879 0.000164164 0.000152204 0.000148291 0.000109152 0.000111098 9.55848e-05 0.000102016 0.000125743 8.47805e-05 8.82465e-05 7.52973e-05 7.45668e-05 6.83907e-05 6.56426e-05 6.23842e-05 5.99223e-05 5.58703e-05 5.42357e-05 4.74111e-05 4.67507e-05 4.52778e-05 4.96377e-05 4.58535e-05 5.92704e-05 4.34176e-05 4.32439e-05 4.25979e-05 4.38862e-05 4.12335e-05 4.08418e-05 3.98447e-05 4.04232e-05 3.9191e-05 3.90889e-05 4.61052e-05 3.83499e-05 3.8324e-05 4.87252e-05 3.73769e-05 4.07507e-05 3.91225e-05 3.84124e-05 3.71846e-05 3.68263e-05 3.72706e-05 3.68253e-05 4.88364e-05 3.63316e-05 3.80544e-05 3.60138e-05 3.42133e-05 3.36451e-05 3.33603e-05 3.22923e-05 3.18771e-05 3.10942e-05 3.05301e-05 3.0471e-05 3.04131e-05 3.50355e-05 3.02176e-05 3.00694e-05 2.95095e-05 2.93942e-05 2.90613e-05 3.14419e-05 2.79706e-05 2.72769e-05 2.69425e-05 2.5465e-05 2.41317e-05 3.39983e-05 2.39992e-05 3.19808e-05 2.39605e-05 4.82245e-05 3.45377e-05 3.79356e-05 4.48854e-05 4.46051e-05 3.2927e-05 2.92997e-05 2.77261e-05 3.7922e-05 2.38338e-05
threshold=-0.49738630924863253 -1110.6953161687779 1238.8920294896673 0.0031974440894568805 -0.0027266543003817696 279.50000000000006 0.0083635003654304336 30.500000000000004 -326.71719570627687 40.51253410542845 -0.93989575638184342 -0.00048759115834699518 25.500000000000004 105.50000000000001 0.21821789023601065 0.026741425110144032 -0.98410207284395224 0.0027491421920582408 -0.0016181229773462589 0.24047916453992005 82.962962962963246 -0.0020151138615469573 -0.8177480916030534 -135.42836627245114 24.383771497600417 73.924082666612634 200.50000000000003 0.002195392326971302 -0.066341252338439308 0.89191729323308289 -0.99866855274509181 -0.86929730340889799 51176.000000000007 78.500000000000014 -0.28053435114503816 0.0014741874814081515 0.54275766217306154 1.5000000000000002 251.91811166156495 0.037857184007374124 0.45300751879699253 0.03578893547578766 -0.035940414947142278 -0.0039024427387914225 -0.43869641808573101 0.0037962673840463705 0.0016194342601479896 1.4049861735222955 -0.1121247668042286 -0.083268556730171292 0.033233499494945362 141.50000000000003 -0.069160212561478876 47.811516531101525 0.40000000000000219 -0.75144057979623946 -0.2517866283912239 68.601818855118026 50.05359056806833 99.488671599218307 -0.2418772946795005 -270.46682960514516 0.0015186037608793115 125.50000000000001 81.422509980216986 18.427748879852629 70.808379304414004 -0.07344448773148303 -0.0027378520697861615 -0.051526717557251904 0.0015785329486048829 328.50000000000006 51.500000000000007 0.46710526315789475 49.952810261992646 -0.0020212233559048771 -0.0020997381114040699 66.666666666666771 -0.42788597433433201 -0.89028169400975499 0.0026523489119305169 55.555555555554321 -0.053619118466922348 -1.535050658704568 146.50000000000003 78.096807648060249 -0.52767175572519076 -58.4755354741256
decision_type=2 8 10 2 2 2 2 2 10 2 10 2 2 2 2 8 2 2 2 2 2 2 8 8 2 2 2 2 2 2 2 2 2 2 10 2 8 2 2 10 2 2 2 2 10 2 2 8 2 2 8 2 2 2 10 10 2 2 2 2 10 10 2 2 2 2 2 10 2 10 2 2 2 2 2 2 2 2 2 10 8 2 10 2 2 2 10 10
left_child=3 15 4 6 5 22 7 17 9 10 -9 12 14 16 23 33 50 31 48 -16 21 -10 -3 -6 25 26 35 -20 54 30 -14 -1 -31 55 58 67 45 -38 56 40 -11 42 72 -43 64 60 70 65 63 -50 -5 -52 -7 -13 -18 57 -15 -2 -35 77 -17 71 -63 73 87 -48 -49 68 -25 -51 -23 -33 75 -4 -75 -32 -77 79 -79 -24 81 85 -82 84 -80 86 -81 -45
right_child=1 2 18 13 11 52 -8 8 20 39 -12 53 29 38 19 36 28 -19 27 -21 -22 46 59 24 -26 -27 -28 -29 -30 32 41 61 -34 34 -36 -37 37 -39 -40 -41 -42 43 -44 44 -46 -47 47 66 49 69 51 -53 -54 -55 -56 -57 -58 -59 -60 -61 -62 62 -64 -65 -66 -67 -68 -69 -70 -71 -72 -73 -74 74 -76 76 -78 78 83 80 82 -83 -84 -85 -86 -87 -88 -89
leaf_value=-2.6921845318902338e-05 -5.6305446784026168e-05 4.7338108856141386e-05 2.9110205754100563e-05 -3.3970492005473718e-05 4.0697788942145344e-05 -4.4370226790549912e-05 -5.5733055955945325e-05 9.2806140706956061e-05 -3.8513388924951627e-05 7.6071869934577437e-06 5.4815469417175554e-06 1.5829275739527078e-05 -4.6803308147861839e-06 -3.991623788842842e-05 -1.0468464743433631e-05 -1.2190467383613017e-05 -3.8149894003941186e-05 -2.4545405639749403e-05 -2.3376041379035266e-06 -6.3608521364654172e-05 1.8600282046963528e-06 -4.2584998379428206e-06 -4.9673586842306137e-06 -3.8821055373048879e-05 -2.9132296366761879e-05 4.0834536990865839e-05 -3.2865791682713883e-05 -4.0504764272739155e-05 -2.6941024692781106e-05 1.9351799061056524e-05 -8.5534611067374443e-06 3.0193349550651313e-05 5.3959147137898267e-06 -1.3237913002815917e-05 -2.9889473546211133e-05 2.3256537847174417e-05 4.1707853692116123e-05 3.7254705015576261e-06 2.6235120035399648e-05 2.1100590345633039e-05 -4.4096755512386491e-05 4.2284152532770184e-05 1.4140242241566485e-05 0 4.1336159492980006e-05 -2.596621406870079e-05 -4.6076151339495295e-05 -1.0315914803029244e-05 3.987233101977256e-05 1.1125851257833991e-05 8.3019233126984862e-06 -2.2728493576320453e-05 6.1007811515092085e-07 5.5289001318404077e-05 -7.5059289579637492e-05 -6.9398922245491238e-06 0 -1.7096915032660601e-05 9.2814004437820289e-06 5.3647182574244538e-05 0 -7.0668812906211976e-06 -1.5647658681054677e-05 -1.5239815981923041e-05 1.9989367852609909e-05 -1.4154968286955772e-05 2.7805609836024221e-05 1.216157022866162e-05 -9.5692276055972051e-07 -1.587715582447163e-05 2.3890061440071428e-05 -1.4580396517301077e-06 -3.6742765306485336e-06 8.4313836369401657e-06 -2.6147239060321254e-05 3.8994491234545649e-05 6.7962496982288784e-06 7.1275165905802415e-06 7.9801861497073674e-05 6.0221734533249591e-05 5.9465920621314324e-05 -9.1846179721049902e-06 1.3899416163293217e-05 2.474017712791666e-05 3.1672542554356738e-05 0 1.7443662132207738e-05 1.1195191067583711e-05
leaf_weight=149 63 145 41 84 34 36 52 39 53 45 41 54 241 34 85 293 92 347 1743 34 1245 1993 59 36 57 36 51 35 186 1047 99 35 336 140 77 105 42 343 39 64 35 54 521 279 53 83 39 48 67 501 91 84 37 66 58 64 86 52 136 45 1100 2111 773 119 384 484 41 100 100 45 39 212 435 140 42 39 627 68 43 37 58 66 54 74 35 40 96 1120
leaf_count=149 63 145 41 84 34 36 52 39 53 45 41 54 241 34 85 293 92 347 1743 34 1245 1993 59 36 57 36 51 35 186 1047 99 35 336 140 77 105 42 343 39 64 35 54 521 279 53 83 39 48 67 501 91 84 37 66 58 64 86 52 136 45 1100 2111 773 119 384 484 41 100 100 45 39 212 435 140 42 39 627 68 43 37 58 66 54 74 35 40 96 1120
internal_value=9.6931e-08 6.08223e-06 8.71852e-06 -8.25273e-06 1.19749e-05 2.50361e-05 -6.79074e-06 -6.45176e-06 -2.66375e-06 1.86914e-05 4.92606e-05 1.00125e-05 9.41732e-06 -2.33358e-05 -2.29978e-06 -4.47429e-06 -2.88597e-05 -1.07761e-05 4.78517e-07 -2.64636e-05 -3.90176e-06 -6.59737e-06 2.91853e-05 3.05445e-06 2.16229e-07 4.35064e-06 7.53488e-07 -3.14329e-06 -3.88916e-05 1.08638e-05 8.98342e-06 -9.28989e-06 1.60311e-05 -1.51559e-05 -8.19414e-06 6.06506e-06 -1.36882e-06 8.12007e-06 -2.05701e-06 1.03731e-06 -1.38051e-05 9.92211e-06 6.21964e-06 1.32424e-05 1.23356e-05 -3.90939e-06 -5.92105e-06 -1.32349e-05 7.32274e-06 1.22855e-05 -1.5472e-05 -6.04035e-06 -2.02479e-05 3.83376e-05 -5.3066e-05 -2.8345e-05 -1.20574e-05 -3.94169e-05 -1.79123e-06 2.51427e-05 -2.52578e-06 -8.41994e-06 -9.40031e-06 -1.28992e-06 1.14193e-05 -1.67201e-05 6.15966e-06 -1.17414e-06 -1.16905e-05 8.7233e-06 -3.67068e-06 2.63566e-06 2.70023e-06 5.72076e-06 0 6.4513e-06 8.82687e-06 2.29532e-05 3.24793e-05 1.76058e-05 2.16756e-05 1.34528e-05 3.83594e-05 4.3185e-05 5.94447e-05 2.26477e-05 3.00711e-05 8.99787e-06
internal_weight=20611 12012 9619 8599 6886 893 7845 7793 4166 224 80 5993 5873 754 638 2393 595 3627 2733 119 3942 2697 820 519 485 428 392 1778 336 5235 3852 3280 1383 532 353 341 1861 385 159 144 80 3611 1721 1890 1836 1476 2644 612 955 613 259 175 73 120 150 179 120 115 276 675 1393 3131 2884 342 1783 523 89 236 136 546 2032 247 1200 223 182 765 666 630 220 410 351 239 112 152 78 173 133 1399
internal_count=20611 12012 9619 8599 6886 893 7845 7793 4166 224 80 5993 5873 754 638 2393 595 3627 2733 119 3942 2697 820 519 485 428 392 1778 336 5235 3852 3280 1383 532 353 341 1861 385 159 144 80 3611 1721 1890 1836 1476 2644 612 955 613 259 175 73 120 150 179 120 115 276 675 1393 3131 2884 342 1783 523 89 236 136 546 2032 247 1200 223 182 765 666 630 220 410 351 239 112 152 78 173 133 1399
is_linear=0
shrinkage=0.0337242


Tree=28
num_leaves=89
num_cat=0
split_feature=20 20 25 25 52 37 27 11 18 27 31 4 51 31 22 31 31 52 52 52 0 53 10 51 22 1 52 48 4 1 27 31 52 0 20 22 22 4 10 22 20 29 27 52 12 55 52 16 1 9 52 0 5 20 31 31 1 1 23 20 31 51 12 19 22 4 18 27 19 5 55 31 31 51 41 19 54 20 5 11 7 21 10 22 51 51 25 25
split_gain=0.000860262 0.00030364 0.000260496 0.000249073 0.000202645 0.000155253 0.000139276 0.00013844 0.000122024 0.000104043 0.000105951 8.71308e-05 8.41976e-05 8.25319e-05 7.9423e-05 8.17595e-05 7.7087e-05 9.47994e-05 7.05989e-05 6.89141e-05 7.6029e-05 6.88837e-05 7.28562e-05 6.84184e-05 5.78664e-05 6.3829e-05 5.66315e-05 5.6006e-05 5.44352e-05 5.17178e-05 4.96428e-05 5.54133e-05 4.92204e-05 4.66716e-05 4.50569e-05 4.47573e-05 4.22003e-05 4.18127e-05 4.09915e-05 4.00494e-05 3.96457e-05 3.94786e-05 3.93443e-05 3.86383e-05 3.81957e-05 3.94571e-05 3.79606e-05 3.7159e-05 3.7099e-05 4.56201e-05 4.10474e-05 3.69861e-05 3.69135e-05 3.60012e-05 5.05228e-05 3.59406e-05 5.73533e-05 3.89071e-05 3.83243e-05 3.5012e-05 4.52037e-05 4.21925e-05 3.38925e-05 4.1209e-05 3.59938e-05 3.38755e-05 3.38665e-05 3.31594e-05 3.28999e-05 4.08021e-05 3.24052e-05 3.19939e-05 3.58108e-05 3.13041e-05 3.11032e-05 3.0947e-05 3.74596e-05 3.09063e-05 3.08621e-05 3.08439e-05 3.08355e-05 3.07668e-05 2.91258e-05 2.90425e-05 3.13042e-05 5.77002e-05 3.27905e-05 2.90302e-05
threshold=1.112399732620321 27.133928571428577 -0.49698614391840862 -0.50301931929395438 0.21911030697893061 -0.003729025679058084 -1.7976931348623157e+308 -0.83396946564885488 -0.47012562250787576 458.34674807995469 29.500000000000004 -0.91173893380066695 66.666666666667467 20.500000000000004 -0.80130099318722803 12.500000000000002 242.50000000000003 0.16649917098422476 0.19563263869960468 0.15933995774862775 5.5000000000000009 40.092650739888136 -2.2095864661654128 68.518518518519585 -0.84749224713740445 79.012095259468339 0.32070817585934719 78.048880405013648 -0.53053804624342793 131.19744600068279 119.60120716889686 122.50000000000001 0.34886973641768743 86.500000000000014 0.070194107222709898 -0.97323125968822188 -0.96357716189610776 -0.053267567414777534 -0.9501879699248118 -0.43869641808573101 135.16666666666671 1.5000000000000002 -21.075723428508301 0.23602442022334541 -0.27767175572519082 13090.500000000002 0.23837809668605667 0.46334586466165417 81.296109502628298 -0.48759541984732818 0.22947859096834008 13.500000000000002 -0.29068432889340151 5.5557275541795681 51.500000000000007 118.50000000000001 630.88568920756143 27.684331564108657 0.049999999999998941 3.3964740602671641 226.50000000000003 37.037037037040555 -0.10209923664122136 -0.19708317084393909 -0.85521529103053429 -0.23152806829102826 -0.090011252321324273 -26.267546955354614 0.085494636929944093 0.32736672975548237 5263.5000000000009 49.500000000000007 131.50000000000003 11.111111111111482 0.0034662149173395611 -0.31520203538118702 -5.8237531296577858 0.47558265582655829 -0.11201370133074852 -0.37309160305343508 0.11048579905519071 0.068035946545907139 -1.4765037593984958 -0.95559386029713533 22.222222222222722 11.111111111111555 -0.98313693253678947 -0.98405132327360512
decision_type=2 2 2 2 2 2 10 10 8 8 2 2 2 2 10 2 2 2 2 2 2 2 2 2 10 2 2 2 2 2 10 2 2 2 2 8 10 2 2 8 2 2 10 2 10 2 2 2 2 10 2 2 2 2 2 2 2 2 10 2 2 2 10 2 10 2 10 10 2 2 2 2 2 2 2 2 2 2 2 10 8 2 2 10 2 2 2 2
left_child=3 2 8 4 47 62 19 21 24 10 33 -9 26 14 48 -16 17 -3 -12 34 39 22 -6 35 25 -2 59 44 -24 -23 38 -32 78 -7 79 -13 67 -26 73 -21 -19 -14 -28 -35 -20 51 -40 77 50 -50 -8 -46 -44 54 65 56 58 -57 -11 61 81 -10 63 -4 -65 -43 -38 -25 -56 -70 82 -29 -73 -15 -54 -31 -77 87 -22 -5 -78 -61 -58 -37 85 -85 -86 -1
right_child=1 16 5 6 7 9 13 11 12 55 18 23 41 30 15 -17 -18 40 27 20 32 29 28 36 37 -27 42 71 -30 75 31 -33 -34 43 -36 83 66 -39 46 -41 -42 53 52 -45 45 -47 -48 -49 49 -51 -52 -53 74 -55 68 57 70 -59 -60 60 -62 -63 -64 64 -66 -67 -68 -69 69 -71 -72 72 -74 -75 -76 76 80 -79 -80 -81 -82 -83 -84 84 86 -87 -88 -89
leaf_value=-1.1933392509541285e-05 1.3476151193471562e-05 1.5446254249061387e-05 1.4893405690621212e-06 -1.0200823815643892e-05 -1.5773370462215754e-05 1.8330654891532904e-06 0 -6.554584880040958e-05 -1.8816155686512209e-05 -2.3830184343664595e-06 9.8024898731065828e-06 -5.2849383055703945e-05 3.303826313957185e-05 -1.5505979371700108e-06 -7.3914526945636821e-05 -1.1096351966865128e-05 7.8370114522259521e-06 4.335607537246422e-05 2.3398072638010595e-05 -2.6622724727534204e-05 2.6994676745860244e-06 -3.8706195727352191e-05 6.6745399976128646e-05 3.2372420967938969e-05 2.9317904573002129e-05 6.6927032398347925e-05 6.8028742744605879e-06 8.5882951608273519e-06 9.4188871590801025e-06 -3.1983474465434127e-05 3.3109387423311573e-06 -1.3760929075321102e-05 2.8844174069204916e-05 -6.571428979153128e-06 -2.4012568828195326e-06 -4.0827433471775827e-06 -1.4008343766849807e-05 -1.9079170933096536e-05 -5.3558098522170257e-07 -6.6574451024667473e-05 8.5290777747565289e-05 0 -6.009524775435509e-05 -5.2219876848489362e-05 6.2899369818501872e-06 -1.1015970986130005e-06 -3.9917263531891111e-05 -3.1930836040766385e-06 -7.4267548122296067e-06 2.8291217343141911e-05 -4.9400134016154634e-05 3.2474801912441196e-05 -2.9512517059406072e-05 1.6555070781521764e-05 -1.6037698255437921e-06 1.6018706673264832e-05 1.70501563738469e-05 -2.5218668844136694e-06 2.1886297582362249e-05 9.5837646188897554e-07 -1.608305846005364e-05 -3.5732941153143133e-06 4.5633329199959442e-05 4.5409213289459165e-05 1.6449296749838686e-05 -3.2184520585359457e-05 -3.898567640731872e-05 -8.2724533391768379e-06 5.9257973783643653e-06 5.0225187758441818e-05 9.2883126962381348e-06 7.4565932831160598e-05 3.079431099313938e-05 9.6497954839877651e-06 3.9185629291178854e-08 2.2930163139822454e-05 -3.2604305475517143e-05 -4.3274016687916886e-06 -2.1427044412836117e-05 -4.4420150164194323e-05 3.9516204826804037e-06 2.4341519419654098e-05 6.2465251266157246e-05 -1.6924983218143335e-05 -1.7300579565613119e-05 -6.6904777033662493e-05 -3.6101499545339575e-05 -3.765440630264807e-05
leaf_weight=1314 62 161 84 102 47 312 47 63 396 342 2047 98 50 317 43 62 141 268 574 198 85 68 37 34 35 51 37 34 48 37 628 326 36 63 1168 66 363 48 184 39 35 63 39 37 149 197 34 1690 97 67 34 120 147 154 346 142 38 1333 93 338 145 472 118 105 119 88 83 64 100 34 76 45 63 1889 47 62 42 755 164 50 60 82 42 53 291 68 202 56
leaf_count=1314 62 161 84 102 47 312 47 63 396 342 2047 98 50 317 43 62 141 268 574 198 85 68 37 34 35 51 37 34 48 37 628 326 36 63 1168 66 363 48 184 39 35 63 39 37 149 197 34 1690 97 67 34 120 147 154 346 142 38 1333 93 338 145 472 118 105 119 88 83 64 100 34 76 45 63 1889 47 62 42 755 164 50 60 82 42 53 291 68 202 56
internal_value=-6.9104e-08 7.40261e-06 5.81194e-06 -6.4131e-06 -1.14371e-05 9.67487e-06 -1.34373e-06 -2.084e-05 -2.81818e-06 8.1854e-06 1.16213e-05 -2.59022e-05 -4.82953e-06 2.38433e-06 -1.31399e-05 -3.77425e-05 3.05561e-05 3.72517e-05 1.36835e-05 -8.94139e-06 -1.93753e-05 -3.11479e-06 1.65178e-05 -2.39398e-05 2.27336e-05 3.84554e-05 -9.14763e-06 2.0323e-05 3.551e-05 -1.31079e-05 4.02144e-06 -2.42153e-06 -7.20306e-06 -4.30637e-06 -4.74203e-06 -3.04698e-05 -1.44233e-05 1.64695e-07 6.59703e-06 -3.36049e-05 4.85191e-05 3.86157e-06 -2.34513e-05 -2.4428e-05 1.74465e-05 9.90808e-06 -7.12108e-06 -7.00986e-06 -2.20143e-06 6.57598e-06 -2.11663e-05 1.83303e-05 -2.86705e-05 1.88004e-06 -1.54832e-06 2.08332e-06 9.12203e-06 -6.71412e-07 2.5834e-06 -6.38514e-06 0 -1.06388e-05 2.9402e-05 2.28697e-05 3.04558e-05 -1.86688e-05 -1.88733e-05 4.84255e-06 3.63612e-06 1.78873e-05 2.67351e-05 4.07101e-05 4.99275e-05 7.99649e-06 -2.18549e-05 -3.96691e-06 1.76455e-06 -9.99983e-06 -1.28029e-05 -2.20931e-05 -1.01532e-05 5.7538e-06 4.21014e-05 -2.71024e-05 -2.94194e-05 -4.58117e-05 -2.52001e-05 -1.30553e-05
internal_weight=20643 9472 8867 11171 5601 6133 5570 1786 2734 5707 3641 1385 2538 3728 350 105 605 464 3229 1842 522 401 132 1322 196 113 1703 1182 85 269 3378 954 285 412 1320 778 544 83 2424 237 303 835 270 100 1040 466 218 3815 245 164 81 269 233 785 631 2066 591 1475 435 1433 565 868 426 308 224 151 446 98 480 134 156 142 108 2206 194 201 164 2125 249 152 102 420 80 680 614 121 493 1370
internal_count=20643 9472 8867 11171 5601 6133 5570 1786 2734 5707 3641 1385 2538 3728 350 105 605 464 3229 1842 522 401 132 1322 196 113 1703 1182 85 269 3378 954 285 412 1320 778 544 83 2424 237 303 835 270 100 1040 466 218 3815 245 164 81 269 233 785 631 2066 591 1475 435 1433 565 868 426 308 224 151 446 98 480 134 156 142 108 2206 194 201 164 2125 249 152 102 420 80 680 614 121 493 1370
is_linear=0
shrinkage=0.0337242


Tree=29
num_leaves=89
num_cat=0
split_feature=20 25 20 37 52 25 11 27 18 20 27 22 52 0 52 33 19 20 51 27 12 29 1 1 52 1 20 52 55 30 38 41 55 22 7 42 41 11 20 1 51 19 48 10 18 2 39 10 17 42 1 41 7 0 6 13 39 20 22 1 51 27 23 54 52 0 12 22 22 15 48 38 19 36 23 42 20 36 15 1 54 11 0 39 52 16 20 12
split_gain=0.000805541 0.000289497 0.000264621 0.000220948 0.000193355 0.000146573 0.000139925 0.00012966 0.000107482 9.98836e-05 9.55016e-05 7.30523e-05 6.77426e-05 7.35143e-05 6.70505e-05 7.33057e-05 6.53192e-05 7.39104e-05 6.39379e-05 6.26264e-05 6.09821e-05 5.94842e-05 5.71111e-05 5.68427e-05 5.1628e-05 4.88777e-05 4.51809e-05 4.41526e-05 4.36185e-05 4.15851e-05 4.59469e-05 4.49734e-05 7.25249e-05 5.17478e-05 4.91327e-05 4.5694e-05 4.12446e-05 4.28885e-05 4.11655e-05 3.88269e-05 3.74763e-05 3.72483e-05 5.27532e-05 3.65655e-05 4.45308e-05 4.58207e-05 3.58822e-05 4.93728e-05 4.8651e-05 5.09769e-05 3.55135e-05 3.39503e-05 3.4469e-05 3.31409e-05 3.30031e-05 3.26528e-05 3.21342e-05 3.47707e-05 3.46625e-05 3.18177e-05 3.12544e-05 4.19217e-05 3.49441e-05 3.20325e-05 6.2926e-05 3.93906e-05 3.19378e-05 3.06424e-05 3.0441e-05 3.01501e-05 4.23807e-05 3.39006e-05 3.00612e-05 2.99676e-05 3.46237e-05 3.33193e-05 2.96019e-05 4.40075e-05 2.94269e-05 3.66958e-05 2.90198e-05 2.86762e-05 2.8589e-05 2.7951e-05 2.7374e-05 2.69888e-05 2.6093e-05 2.5596e-05
threshold=1.3887119603680118 -0.50378499623742889 27.133928571428577 -0.003430541825542532 0.20161792586349139 -0.49698614391840862 -0.83396946564885488 -1.7976931348623157e+308 -0.47012562250787576 0.016032128514056228 131.95912495434735 -0.86257733077674459 0.15933995774862775 5.5000000000000009 0.16771774418257981 1.0000000180025095e-35 0.076749478042883026 0.030816714150047487 72.222222222222001 -433.53706054343314 -0.91507633587786252 14.500000000000002 79.012095259468339 81.037091957401444 0.32070817585934719 156.91751033401189 0.070194107222709898 0.34886973641768743 51841.500000000007 18.500000000000004 0.0024645727162841973 0.0037914726007706183 54791.000000000007 -0.95947638358778609 0.076916983523447405 0.0038935772398808193 -0.0021390398799392414 -0.059160305343511445 88.500000000000014 33.270997435872495 16.66666666666643 0.085494636929944093 76.753680108613707 -1.7274436090225558 0.023619444832342965 1.0000000180025095e-35 0.0012698417817452736 -2.1569548872180442 -0.0085646996869605894 -0.0032388685202960339 26.530740049671508 0.003510826245942678 1.540258814379537 12.500000000000002 57.250000000000007 -0.091493723006240035 0.0043336995614652327 5.5557275541795681 -0.87059837478453572 255.04151438920454 -1.8118839761882552e-13 -1110.6953161687779 0.55000000000000082 3.6759416144856596 0.202809008490792 153.50000000000003 -0.44561068702290069 -0.88159798849535098 -0.79768764665696368 0.41451460891717246 45.718516725887746 -0.0034944682791016586 -25.454212405580844 0.0012070010431052272 -0.12500000000000352 0.0024737177055158548 0.47558265582655829 -0.0015140054096180464 0.011282132259763477 131.19744600068279 -13.824320569049894 -0.37309160305343508 41.500000000000007 0.0015186037608793115 0.20161792586349139 0.45300751879699253 0.6310612416107384 -0.72423664122137399
decision_type=2 2 2 2 2 2 10 10 8 2 8 10 2 2 2 2 2 2 2 10 10 2 2 2 2 2 2 2 2 2 2 2 2 10 10 2 2 10 2 2 2 2 2 2 10 2 2 2 8 2 2 2 8 2 8 10 2 2 10 2 2 10 10 2 2 2 10 8 8 10 2 2 2 2 10 2 2 2 10 2 2 10 2 2 2 2 2 10
left_child=1 4 3 54 40 8 19 12 11 -8 23 22 26 43 -4 38 51 -18 24 -6 -19 28 -5 39 -10 -26 81 -15 68 31 -31 32 53 -33 -35 55 37 -12 -16 83 -1 -41 -43 -14 45 -45 48 -48 49 59 -38 52 73 78 69 -36 57 -20 -59 -22 -25 62 66 65 -65 80 -62 -49 -21 70 71 -2 -52 75 -75 -9 -51 -78 -11 -80 -63 -3 86 -7 -13 -84 -42 -23
right_child=2 7 14 5 6 10 9 16 18 29 36 84 13 27 15 -17 17 20 56 21 46 87 -24 60 25 -27 -28 -29 -30 30 -32 33 -34 34 35 -37 50 -39 -40 41 82 42 -44 44 -46 -47 47 67 -50 76 72 -53 -54 -55 -56 -57 -58 58 -60 -61 61 63 -64 64 -66 -67 -68 -69 -70 -71 -72 -73 -74 74 -76 -77 77 -79 79 -81 -82 -83 85 -85 -86 -87 -88 -89
leaf_value=-1.9336076248445179e-05 5.365784907065892e-05 -9.8568098719287396e-06 1.446845816959384e-05 1.6758506247662895e-05 3.0093102659057956e-05 1.5453115558375476e-05 -6.9509855429894036e-05 4.9412305748338535e-07 -5.3927822255755602e-06 -2.9823702762011646e-06 1.7215155779105334e-05 1.7136893726464247e-05 -6.2408398579665058e-06 -1.1514586028867416e-05 3.680474027635198e-05 4.2194573131606936e-06 -3.5193382970990288e-05 4.6913579966530804e-05 1.9808229692033861e-06 1.3926408394372507e-06 4.0395967133620634e-05 -1.422065508738539e-05 7.3077700979332677e-05 4.8742017998994278e-05 -3.4407696502008796e-05 4.4223476217035471e-07 -1.7725091863918097e-06 2.7871431610999739e-05 2.7554448402706354e-05 -6.1699857096215282e-06 -2.9706554625753242e-05 2.0044032960088902e-05 -7.1852402536581652e-05 1.268650258925474e-05 4.3493954948078672e-06 -6.4398052708858602e-05 1.6258641661302924e-05 -1.8425846691086723e-05 6.6792945860372373e-05 -8.0315718363271349e-07 -1.074695431301823e-05 4.237529120118025e-06 4.1679884829898423e-05 -6.3038872078219048e-05 -4.4538100860717369e-06 -2.0835158775160357e-05 5.4569614112508274e-05 2.8871536827470269e-05 -3.0222287822477399e-05 -8.6976572302860344e-07 -2.4214917738281914e-05 -2.5507428616233287e-05 -3.2249358781507415e-05 -2.1208801112667246e-05 3.437263334662364e-06 -3.6644639892313335e-05 -2.5667852548914529e-05 1.4502097275430092e-06 3.6930347261713519e-05 5.3829545001870245e-06 0 3.5220502026189146e-05 -1.4568301138369612e-05 4.9826643468247354e-06 4.7638926118840505e-05 -1.7306361235269318e-05 3.0579447712052083e-05 -3.9557842608863052e-06 -2.3297969044323951e-05 0 1.7303761941492579e-05 2.756403489376993e-05 -2.1120756091194928e-09 3.0076327490455567e-06 -3.0054888114495747e-05 3.3740562336250026e-05 2.456240348834155e-05 4.9951880806525152e-06 -1.7797830070718215e-05 -4.7129322793281873e-05 1.5069680260743622e-05 -4.2922120344081271e-05 -6.349664820850672e-06 -1.3324784405392484e-05 -2.3143586996647763e-05 2.5021432441114478e-06 -2.0759347578448468e-06 -4.9926343810776902e-05
leaf_weight=243 143 102 229 50 56 696 55 2246 1323 34 325 44 57 256 226 65 45 46 511 180 80 73 43 40 145 59 1271 36 54 327 142 45 46 35 39 35 148 41 85 648 1368 162 62 92 39 55 42 57 41 611 61 63 38 524 65 42 37 64 75 58 83 108 76 66 122 34 67 65 79 38 141 131 1514 58 78 35 164 764 79 209 543 50 787 37 34 761 597 43
leaf_count=243 143 102 229 50 56 696 55 2246 1323 34 325 44 57 256 226 65 45 46 511 180 80 73 43 40 145 59 1271 36 54 327 142 45 46 35 39 35 148 41 85 648 1368 162 62 92 39 55 42 57 41 611 61 63 38 524 65 42 37 64 75 58 83 108 76 66 122 34 67 65 79 38 141 131 1514 58 78 35 164 764 79 209 543 50 787 37 34 761 597 43
internal_value=-6.71246e-08 -5.55731e-06 8.01867e-06 6.32294e-06 -1.09887e-05 4.77993e-06 -1.92151e-05 -6.12885e-07 -2.02874e-06 -2.40027e-05 8.1599e-06 2.36495e-05 -7.86702e-06 -1.81482e-05 2.95418e-05 3.84651e-05 2.52827e-06 7.12926e-06 -4.05568e-06 -3.10308e-06 8.16722e-06 -7.6617e-06 4.3838e-05 1.23061e-05 -7.92251e-06 -2.38547e-05 -3.93372e-06 -6.32775e-06 0 -2.23331e-05 -1.35023e-05 -2.6051e-05 -2.93304e-05 -1.0633e-05 -2.04152e-05 -3.12361e-05 2.66736e-06 1.29585e-05 4.53117e-05 8.1075e-06 -6.37013e-06 3.15389e-06 1.50326e-05 -3.19544e-05 -3.93147e-05 -4.79059e-05 7.16882e-06 2.2442e-05 5.65458e-06 6.58935e-06 4.2522e-07 -1.03849e-06 -3.71194e-07 -2.69041e-05 2.76372e-05 -1.57135e-05 4.39846e-06 6.25863e-06 2.12896e-05 2.63808e-05 1.81377e-05 1.69358e-05 3.46649e-06 2.0312e-05 3.3178e-05 1.66398e-05 1.32485e-05 1.05893e-05 -5.76528e-06 3.08962e-05 3.35352e-05 4.15351e-05 -1.00125e-06 9.00043e-08 -1.5244e-05 1.04664e-06 4.75187e-06 8.55735e-06 -3.5872e-05 -3.94192e-05 1.85612e-05 -2.13695e-05 -5.44574e-06 1.38686e-05 0 -1.93566e-06 -8.16174e-06 -2.82897e-05
internal_weight=20643 12302 8341 7736 5853 7218 2097 6449 2385 1612 4833 171 1958 535 605 376 4491 1973 2214 485 1928 429 93 2744 1527 204 1423 292 313 1557 469 1088 892 196 151 116 2089 366 311 1605 3756 872 224 243 186 147 1882 164 1718 1677 1723 2518 2455 846 518 81 687 650 139 138 1139 1099 226 873 188 685 150 122 259 453 415 274 1575 2417 136 2281 1539 928 322 288 651 152 3513 733 78 1548 1965 116
internal_count=20643 12302 8341 7736 5853 7218 2097 6449 2385 1612 4833 171 1958 535 605 376 4491 1973 2214 485 1928 429 93 2744 1527 204 1423 292 313 1557 469 1088 892 196 151 116 2089 366 311 1605 3756 872 224 243 186 147 1882 164 1718 1677 1723 2518 2455 846 518 81 687 650 139 138 1139 1099 226 873 188 685 150 122 259 453 415 274 1575 2417 136 2281 1539 928 322 288 651 152 3513 733 78 1548 1965 116
is_linear=0
shrinkage=0.0337242


Tree=30
num_leaves=89
num_cat=0
split_feature=25 16 52 13 36 8 17 41 37 0 17 0 6 52 52 30 7 9 16 22 54 11 16 54 42 42 17 31 31 7 31 37 31 36 36 17 36 9 29 13 38 42 9 1 51 16 2 44 48 17 3 15 2 31 15 2 38 1 18 22 6 0 15 54 42 38 26 52 9 26 16 55 3 54 3 41 11 2 26 26 44 22 52 49 21 52 54 55
split_gain=0.000845527 0.00026293 0.000214078 0.00012237 7.70196e-05 7.58475e-05 7.44488e-05 7.41752e-05 6.76712e-05 6.97334e-05 8.11206e-05 6.0037e-05 6.46897e-05 6.50757e-05 5.87147e-05 5.6869e-05 7.11854e-05 5.67475e-05 4.8874e-05 4.42958e-05 4.40539e-05 4.40481e-05 4.42963e-05 5.14663e-05 5.27072e-05 4.27835e-05 4.6684e-05 4.19605e-05 6.38165e-05 6.49045e-05 4.7716e-05 4.43222e-05 4.86011e-05 4.16369e-05 5.21214e-05 4.17133e-05 4.0906e-05 4.0788e-05 4.05285e-05 3.97495e-05 4.36497e-05 3.89525e-05 3.74022e-05 5.7708e-05 5.29417e-05 3.71863e-05 3.69622e-05 4.86096e-05 3.69594e-05 3.67543e-05 3.61794e-05 3.52309e-05 3.46666e-05 3.92588e-05 3.45615e-05 3.72237e-05 3.43355e-05 3.4227e-05 3.40608e-05 3.39545e-05 3.31596e-05 3.28529e-05 3.2611e-05 3.19622e-05 3.97556e-05 3.03013e-05 3.01954e-05 2.93058e-05 2.91082e-05 2.89946e-05 2.88219e-05 5.11818e-05 2.87974e-05 3.50608e-05 3.0941e-05 4.35955e-05 3.59693e-05 2.84551e-05 2.76311e-05 2.71325e-05 3.18815e-05 3.36682e-05 2.68311e-05 2.63838e-05 3.32153e-05 2.89954e-05 2.63546e-05 2.58775e-05
threshold=-0.50336020902389966 0.85432330827067682 0.30898654311297541 -0.057046723133862172 -0.0034188134087615447 2.2500000000000004 -0.079775679471051145 0.0074372832136806464 -0.0036452058677628458 31.500000000000004 -0.22122670489453203 61.500000000000007 58.750000000000007 0.19563263869960468 0.15305390395037749 18.500000000000004 1.4790856521488653 -0.78816793893129755 0.50093984962406024 -0.36450381679389304 -5.9936318977335095 -0.044847328244274801 0.52161654135338364 9.0263471809387514 0.003510826245942678 -0.0032388685202960339 -0.13775928147216288 127.50000000000001 23.500000000000004 1.1952413872565966 261.50000000000006 0.0013114759737601347 133.50000000000003 -0.0037986738912417768 -0.0043243293783250527 -0.058837512068108007 0.0035149493451940299 -0.14026717557251908 9.5000000000000018 -0.27371451936833757 0.0015735650968157213 0.003442350989453669 -0.51240458015267165 146.64969206064757 42.592592592595373 0.46898496240601512 -0.25597166712438341 -0.0015255539005771255 19.41661218117331 -0.46934700564641169 0.43120572002868118 0.033233499494945362 0.53901611530430238 60.500000000000007 0.052207867759169004 0.061032869648355303 0.0024434951085317018 624.12980367585646 0.11794748744177426 -0.65160469506689644 -1.0000000180025095e-35 91.500000000000014 0.073055847693012987 39.751201471106349 0.0042268409612006294 0.0036133724156390827 -0.0054888507185451392 0.19331308454115989 -0.28530534351145032 0.0039850069742390403 0.97462406015037606 33998.500000000007 0.1111319397886715 -12.988758747457338 0.22994519786368794 0.0033643643360402602 -0.5830152671755725 0.20481297560478881 -0.010035444708479105 -0.011754925778095381 0.0019474215153101329 -0.76685626874981427 0.34702139794647907 60.885795008413744 0.29374468020184946 0.25145972661420962 -1.7725196240337977 -2376.9999999999995
decision_type=2 2 2 10 2 8 8 2 2 2 10 2 8 2 2 2 8 8 2 8 2 10 2 2 2 2 8 2 2 10 2 2 2 2 2 10 2 10 2 10 2 2 10 2 2 2 2 2 2 10 2 8 2 2 10 2 2 2 8 10 8 2 10 2 2 2 10 2 10 8 2 2 2 2 2 2 10 2 10 10 2 8 2 2 2 2 2 2
left_child=2 3 7 8 17 6 21 15 -2 10 14 12 13 -5 51 27 63 -3 82 -20 -11 22 23 24 36 38 50 28 57 56 31 32 -29 34 35 -19 72 42 -13 59 45 -25 44 -44 -8 62 47 -28 -40 -26 -27 -10 -12 -54 -47 -56 86 67 60 -16 70 -58 -41 64 83 -33 -24 -1 -14 -35 -6 -72 73 -4 -74 76 -76 -62 -31 -75 -81 -82 -15 85 -85 -17 -30 -60
right_child=1 4 5 11 58 -7 37 -9 9 20 52 25 68 18 39 16 -18 33 19 -21 -22 -23 66 41 49 26 46 30 29 78 -32 65 -34 69 -36 -37 -38 -39 48 40 -42 -43 43 -45 -46 54 -48 -49 -50 -51 -52 -53 53 -55 55 -57 61 -59 87 -61 77 -63 -64 -65 -66 -67 -68 -69 -70 -71 71 -73 74 79 75 -77 -78 -79 -80 80 81 -83 -84 84 -86 -87 -88 -89
leaf_value=-5.0028558165749785e-06 3.0569863152172856e-05 5.4030152946902657e-05 4.6004018322625522e-06 6.8051476048926929e-06 9.9977728964752221e-06 -5.7170598685282816e-05 1.7307243721364226e-05 -4.6693454838799818e-05 -1.0573349524039101e-05 -5.3543938583006453e-06 4.2421930521912215e-06 8.3475962486552768e-06 -3.5760293266792093e-05 5.8973519861622125e-06 -3.1347646306780843e-05 2.7712661264618517e-06 3.8065741034022213e-05 5.4811614426287932e-05 2.2692020774761989e-05 6.3553479649561991e-05 9.0208316069581888e-06 1.3079252375301673e-05 5.5670006127034968e-06 -1.6339481450478836e-05 1.5230504111642189e-05 -6.7394887051250803e-07 5.4108845835178981e-05 -3.4395759814811063e-05 0 1.1828884865098851e-07 1.6815398029125353e-05 -1.655253317527041e-05 -7.1108697592277105e-06 4.5156582745218934e-05 -9.6340547615067353e-06 3.5707706824430375e-06 -6.7365448225062631e-06 -3.3490483714060004e-05 -1.1303264086025348e-05 -8.9786319234617318e-06 1.0261792360789795e-05 -6.5304259285890254e-05 -1.8213729036834858e-06 5.0299567566538338e-05 -3.0191765737625397e-05 -3.4380660887404474e-05 4.6198758302275378e-06 8.2677865951642215e-06 -5.9024363178687274e-05 -1.6176494742804022e-05 -3.0193675630680661e-05 -4.1826224868022134e-07 -3.9277836947524899e-05 -2.1030779890010892e-06 1.3579333285096752e-05 -1.9397182939431149e-05 0 1.7830799130591127e-06 3.5719427118011479e-05 0 9.8812480791900682e-06 2.7050501463389825e-05 -5.1533648384623406e-05 2.8791107650290953e-05 -2.5015615001547616e-05 -4.6337017130737062e-05 -2.4546363530834899e-05 -3.185168333412733e-05 0 6.2517526645174425e-06 4.7580889141619294e-05 0 -6.5851949485248187e-05 0 4.7082756266771204e-06 -5.8505681548758195e-05 -3.3774782722521738e-05 -7.0268560430353885e-06 3.4764221469786867e-05 -4.3932029738617648e-05 -3.1495533657830792e-05 3.3652145772618431e-06 2.3342432912618874e-05 -2.2129232712481182e-06 -2.4980368325019239e-05 3.3311001875130483e-05 -8.8984497495329194e-06 1.5152248861956131e-05
leaf_weight=76 79 83 36 1644 1017 63 47 51 582 305 1559 41 47 401 220 418 53 37 424 36 1064 36 94 34 53 390 47 80 640 49 68 638 1707 97 80 44 99 37 55 45 100 66 49 42 58 40 337 74 34 175 55 1234 43 157 99 64 149 68 84 46 216 75 51 38 84 46 60 171 49 36 66 44 54 34 38 56 73 235 75 137 81 44 146 1047 80 40 898 965
leaf_count=76 79 83 36 1644 1017 63 47 51 582 305 1559 41 47 401 220 418 53 37 424 36 1064 36 94 34 53 390 47 80 640 49 68 638 1707 97 80 44 99 37 55 45 100 66 49 42 58 40 337 74 34 175 55 1234 43 157 99 64 149 68 84 46 216 75 51 38 84 46 60 171 49 36 66 44 54 34 38 56 73 235 75 137 81 44 146 1047 80 40 898 965
internal_value=-4.13871e-10 5.48753e-06 -8.55003e-06 2.71677e-06 1.41882e-05 -2.02269e-05 -1.84991e-05 -5.92218e-06 -3.9258e-07 -8.45904e-07 -2.99758e-06 7.42116e-06 1.00291e-05 1.1036e-05 -6.93573e-06 -5.58741e-06 -3.52826e-07 2.86317e-05 1.78472e-05 2.61e-05 5.74756e-06 -2.19693e-05 -2.31672e-05 -2.58389e-05 -2.30264e-05 3.92469e-07 3.08786e-06 -7.51067e-06 -4.03094e-06 -1.62769e-06 -1.04891e-05 -1.12796e-05 -8.38645e-06 2.11326e-05 8.78524e-06 2.81704e-05 -2.79747e-05 -6.58777e-07 -1.75866e-05 -1.55555e-05 -8.45873e-06 -4.96229e-05 5.04591e-06 2.11723e-05 -8.00976e-06 -1.50431e-05 1.07099e-05 2.68727e-05 -3.06199e-05 -8.4518e-06 -4.53967e-06 -3.72604e-06 2.50206e-06 -1.0579e-05 -6.26747e-06 3.85007e-08 -3.33499e-06 -1.8113e-05 1.20787e-05 -2.58372e-05 8.81809e-06 8.84276e-06 -3.25929e-05 -1.6023e-06 -2.35221e-06 -1.86969e-05 -5.53784e-06 -2.39818e-05 -1.677e-05 3.53527e-05 1.19183e-05 2.87956e-05 -3.16021e-05 -2.45893e-05 -4.16997e-05 -3.33112e-05 -1.97296e-05 8.5672e-07 2.1853e-05 -2.84659e-05 -3.21441e-05 -1.84513e-05 1.07303e-05 -1.09014e-06 -3.91484e-06 5.64954e-06 -5.17145e-06 1.68913e-05
internal_weight=20489 12472 8017 9468 3004 1466 1403 6551 5688 5609 4240 3780 2747 2651 2481 6500 1760 377 1007 460 1369 1170 1134 980 880 1033 903 4740 2201 1886 2539 2471 1787 294 161 81 652 233 130 665 399 100 196 91 105 299 458 121 89 228 445 1816 1759 200 203 163 1762 315 2627 266 1578 224 96 1707 1669 684 154 247 96 133 1127 110 553 332 221 167 111 451 124 296 262 125 547 1585 1127 458 1538 1049
internal_count=20489 12472 8017 9468 3004 1466 1403 6551 5688 5609 4240 3780 2747 2651 2481 6500 1760 377 1007 460 1369 1170 1134 980 880 1033 903 4740 2201 1886 2539 2471 1787 294 161 81 652 233 130 665 399 100 196 91 105 299 458 121 89 228 445 1816 1759 200 203 163 1762 315 2627 266 1578 224 96 1707 1669 684 154 247 96 133 1127 110 553 332 221 167 111 451 124 296 262 125 547 1585 1127 458 1538 1049
is_linear=0
shrinkage=0.0337242


Tree=31
num_leaves=89
num_cat=0
split_feature=20 25 38 20 36 28 19 54 20 38 19 20 40 21 27 19 31 25 52 27 52 51 12 30 31 20 52 41 21 52 25 49 54 21 38 22 17 10 54 27 41 5 54 40 48 2 20 15 31 51 55 31 5 15 31 5 19 4 51 41 27 22 19 20 31 12 1 12 15 45 27 19 55 31 15 12 20 53 53 19 45 1 20 7 12 45 8 31
split_gain=0.000802297 0.00031594 0.000190526 0.000177754 0.000126545 0.00012041 0.000101756 9.84966e-05 9.17515e-05 8.49754e-05 8.3576e-05 8.17337e-05 6.96659e-05 8.22165e-05 6.81912e-05 6.62803e-05 6.12808e-05 5.91679e-05 7.36533e-05 6.27116e-05 5.38649e-05 5.29462e-05 4.94619e-05 4.844e-05 4.83762e-05 6.28617e-05 4.83333e-05 4.78621e-05 4.78166e-05 4.74515e-05 4.67957e-05 4.65897e-05 4.64148e-05 4.5535e-05 4.53623e-05 4.37173e-05 4.16114e-05 4.11382e-05 4.13971e-05 4.03257e-05 3.87324e-05 4.26983e-05 3.73334e-05 3.73221e-05 3.70281e-05 3.69011e-05 3.67653e-05 3.65145e-05 3.56367e-05 3.80469e-05 3.52692e-05 3.43251e-05 3.42539e-05 3.42146e-05 3.35621e-05 3.26231e-05 3.20172e-05 3.17935e-05 3.15826e-05 3.44202e-05 3.12673e-05 3.10535e-05 2.96365e-05 3.17669e-05 3.65557e-05 2.94051e-05 2.90769e-05 2.88908e-05 2.8812e-05 2.87892e-05 2.82824e-05 2.80411e-05 3.08353e-05 3.08115e-05 3.99076e-05 2.85923e-05 2.91565e-05 2.80103e-05 2.79029e-05 2.72326e-05 2.7221e-05 2.71636e-05 2.64641e-05 5.10954e-05 2.59538e-05 2.57151e-05 2.54012e-05 2.53561e-05
threshold=0.68214487396683621 -0.4999999999999733 0.0027586259379327465 21.775000000000006 -0.0018034279767131787 -0.4999125181208447 0.027249287750612087 0.87146255782622817 14.455555555555557 -0.0037842985621813758 1.9623125720919463 0.011560736560736562 0.0065412962784677795 -0.16306197672584263 10.703184315934474 -2.7968375802241776 10.500000000000002 -0.77371456855007825 0.22067748338303569 -1.7976931348623157e+308 0.19197956265114224 49.999999999999631 -0.94561068702290074 18.500000000000004 29.500000000000004 5.2444001991040325 0.18541711703685326 0.0015710928783704283 -0.76606632623327353 0.35312340573747153 -0.33538723127757253 7.8155948500723517e-14 -10.228800252628558 -0.033341284309180194 -0.0016625115394608423 -0.92391736912557421 -0.42634431409262458 -1.5046992481203001 9.0263471809387514 458.34674807995469 -0.0016181229773462589 0.21912915960646848 -4.461089071281954 -0.003729025679058084 92.333222910031765 0.20481297560478881 5.2444001991040325 0.15525298013802749 30.500000000000004 44.444444444444741 49287.500000000007 58.500000000000007 -0.14956934116602613 0.024180090177190649 33.500000000000007 -0.55725487120153783 0.26136178439128349 -0.01623890553451297 87.962962962962777 0.0026542811952895433 -18.839118343178335 -0.9747928801418182 5.9335644662959348 2.0706476530005946 50.500000000000007 -0.7910305343511449 131.63628753022297 -0.44179389312977096 0.15956099924165715 0.0020171462517495358 97.821606864806895 -2.7968375802241776 11587.000000000002 51.500000000000007 0.077434763972297468 -0.72041984732824416 0.34000600540486442 23.488047176457062 81.428811842636193 3.0111664906233391 -0.0063796015547099008 365.32586902720703 0.18526500638569607 0.15954459039059801 -0.4551526717557251 -0.0030135617848277558 3.5000000000000004 30.500000000000004
decision_type=2 2 2 2 2 2 2 2 2 2 2 2 2 2 8 2 2 2 2 8 2 2 10 2 2 2 2 2 2 2 2 2 2 2 2 10 8 2 2 8 2 2 2 2 2 2 2 8 2 2 2 2 2 10 2 2 2 2 2 2 10 10 2 2 2 10 2 10 10 2 8 2 2 2 10 10 2 2 2 2 2 2 2 8 10 2 10 2
left_child=2 8 5 4 21 29 16 51 10 -7 15 -11 13 27 -10 86 44 18 58 53 69 61 30 37 35 40 -9 60 -12 54 -21 -27 -15 -16 77 -8 -25 47 82 43 41 -26 -43 68 -6 -45 80 52 -29 -50 -34 66 -20 -19 56 -22 -1 -28 -13 -60 -4 70 63 79 -65 -30 -5 -37 -23 -17 -3 -24 75 74 -74 76 -73 85 84 -42 -36 -57 83 -39 -48 -18 -2 -71
right_child=1 3 12 7 6 9 24 26 14 11 28 17 -14 32 33 20 34 19 23 22 55 39 71 36 25 31 57 48 65 -31 -32 -33 50 -35 46 67 -38 38 -40 -41 62 42 -44 45 -46 -47 78 -49 49 -51 -52 -53 -54 -55 -56 81 -58 -59 59 -61 -62 -63 -64 64 -66 -67 -68 -69 -70 87 -72 72 73 -75 -76 -77 -78 -79 -80 -81 -82 -83 -84 -85 -86 -87 -88 -89
leaf_value=0 -1.4355591553615482e-05 -2.5956662639395097e-05 -8.2762174644064355e-06 1.833559332024506e-05 -3.1264374241359383e-05 -5.359465525741004e-05 1.6331588393816895e-05 2.4225931702510376e-05 4.5467165867087321e-05 -4.3203802457615283e-05 5.6427165073496058e-05 -1.0058959156319489e-05 -5.7747077632964647e-05 -5.8456588975964764e-06 -1.9566591121518205e-05 -1.0891474754777433e-06 5.1640721417446723e-05 -2.0077816801684053e-05 2.4802973757227264e-05 5.6653934558326446e-05 1.463372646207923e-05 1.8060237019403975e-05 -2.338095162627623e-05 -3.4060942515828556e-05 1.4653090998818998e-05 7.4039939184410825e-05 4.4024081201860086e-05 -2.8975555994929336e-05 -1.2305063714244508e-05 3.7156334299447236e-05 0 1.722523784926799e-05 -3.0682175606045806e-05 2.0531559853998648e-05 2.7128909819894721e-05 -3.0546741013221319e-05 -5.5836423331904828e-07 -3.3880834461243411e-05 -7.0968964945400536e-05 4.8112020145493471e-06 7.1734811746531527e-06 1.7394825247917982e-05 6.5157216113566306e-05 2.8237574862063453e-05 6.9733710537193825e-06 7.8717469272269117e-06 1.2810237189464763e-05 -4.167882646865043e-05 -1.9528916217195256e-05 9.2289882104019606e-06 -6.7589744076698252e-05 9.7910242237418427e-06 -1.4362878339072953e-05 -5.9684418946540035e-06 5.9627377462141799e-06 -8.4070729532078746e-06 -4.1418412378721098e-05 8.7483760369913127e-05 -5.1623317630490134e-06 1.3201671696553458e-05 -5.7623064097846429e-05 1.2420055510713886e-05 4.1013828828210601e-05 -2.2109139545849358e-06 2.4255796964144879e-05 2.5066358650010359e-05 4.9150573899940891e-05 1.2728905621651409e-06 5.4903782420391578e-05 -1.4778532585777722e-05 1.1558072028985886e-05 4.0538604651044922e-05 7.1284539669890733e-06 0 -3.047331802500915e-05 3.1917879949232523e-06 2.128673963154618e-06 7.5715306431940677e-06 2.7241621839087437e-05 -1.9057431123763968e-05 -8.7529437763989818e-07 -3.5041133264076117e-05 -3.8112980778907576e-05 1.5061539457421945e-05 0 1.4592813579900256e-05 -4.6427400481278708e-05 1.437870728308996e-05
leaf_weight=63 392 50 35 119 95 47 70 71 74 74 36 1864 63 87 52 1685 34 255 35 35 64 46 56 55 242 34 61 50 38 51 35 43 355 81 40 72 208 59 35 130 1139 43 46 342 36 165 316 37 69 209 38 281 88 1021 697 1187 34 44 687 138 34 528 35 69 254 56 62 49 88 36 38 56 44 690 91 341 47 710 79 45 2514 48 157 38 393 92 34 253
leaf_count=63 392 50 35 119 95 47 70 71 74 74 36 1864 63 87 52 1685 34 255 35 35 64 46 56 55 242 34 61 50 38 51 35 43 355 81 40 72 208 59 35 130 1139 43 46 342 36 165 316 37 69 209 38 281 88 1021 697 1187 34 44 687 138 34 528 35 69 254 56 62 49 88 36 38 56 44 690 91 341 47 710 79 45 2514 48 157 38 393 92 34 253
internal_value=-2.24325e-10 5.32411e-06 -8.36189e-06 9.02484e-06 7.61391e-06 -6.43805e-06 5.60422e-06 2.62048e-05 -2.42293e-06 -8.07375e-06 -3.62648e-06 -7.70992e-06 -2.26633e-05 -2.00328e-05 1.93728e-05 -4.58231e-06 2.5895e-06 -7.26143e-06 -1.02263e-05 -3.45006e-06 -2.91803e-06 1.68899e-05 1.43262e-06 -1.99556e-05 1.16265e-05 1.32254e-05 4.80007e-05 -8.33651e-06 2.2827e-05 5.4356e-06 2.90608e-05 4.35676e-05 -2.95052e-05 4.12733e-06 3.3215e-06 -4.19093e-06 -7.93214e-06 -2.6783e-05 -3.45708e-05 2.2867e-05 1.19264e-05 2.2612e-05 4.31671e-05 2.63781e-05 -2.00184e-05 2.18003e-05 1.52996e-06 -1.21122e-05 -2.64457e-06 1.74354e-06 -3.44968e-05 1.76924e-05 -2.43227e-06 -8.86386e-06 3.27638e-06 -8.25605e-06 -1.50302e-05 6.31564e-05 -7.6142e-06 -1.97337e-06 -3.3993e-05 9.25189e-06 9.56999e-06 8.77556e-06 1.83027e-05 8.93049e-06 2.9425e-05 -1.68623e-05 4.29774e-05 5.45722e-07 -8.65874e-06 0 1.00362e-06 -2.76567e-06 -1.75019e-05 8.22507e-06 2.39502e-05 1.03677e-05 7.90413e-06 6.09489e-06 -3.98854e-07 -9.52051e-06 -2.91747e-05 -1.37111e-05 5.61312e-06 2.5357e-05 -1.71422e-05 1.04122e-05
internal_weight=20489 12511 7978 8475 7837 7038 6450 638 4036 6193 3829 6146 940 877 207 3699 4309 6072 3401 2671 3273 1387 1395 712 2141 1950 176 397 130 845 70 77 480 133 4178 191 263 449 289 771 1873 331 89 641 131 507 3342 160 328 278 393 462 123 1276 794 1299 97 105 2689 825 69 616 1542 1507 323 94 181 121 134 1974 88 1325 1269 825 135 444 103 836 788 1184 2554 1235 254 97 709 126 426 289
internal_count=20489 12511 7978 8475 7837 7038 6450 638 4036 6193 3829 6146 940 877 207 3699 4309 6072 3401 2671 3273 1387 1395 712 2141 1950 176 397 130 845 70 77 480 133 4178 191 263 449 289 771 1873 331 89 641 131 507 3342 160 328 278 393 462 123 1276 794 1299 97 105 2689 825 69 616 1542 1507 323 94 181 121 134 1974 88 1325 1269 825 135 444 103 836 788 1184 2554 1235 254 97 709 126 426 289
is_linear=0
shrinkage=0.0337242


Tree=32
num_leaves=89
num_cat=0
split_feature=20 20 24 28 43 19 46 36 52 41 17 37 15 30 55 48 15 54 38 38 52 13 17 1 55 23 9 43 52 13 24 19 24 4 9 9 48 13 22 54 20 4 37 12 52 54 8 55 54 22 15 51 47 20 30 16 40 19 8 20 1 51 1 1 17 43 40 2 24 22 16 18 54 48 52 55 52 54 21 11 52 4 19 3 54 22 51 54
split_gain=0.000651059 0.000279896 0.000207812 0.000175255 0.000109063 0.000104808 9.50949e-05 9.36278e-05 8.95468e-05 7.52591e-05 6.70908e-05 6.66664e-05 6.59828e-05 5.82388e-05 5.99032e-05 5.31555e-05 5.33582e-05 5.01993e-05 4.97662e-05 4.97559e-05 4.75705e-05 4.52235e-05 6.45954e-05 7.21201e-05 6.39076e-05 4.51008e-05 5.36818e-05 4.32443e-05 5.44225e-05 7.92717e-05 4.29652e-05 4.25376e-05 4.15827e-05 5.69979e-05 5.41066e-05 5.16446e-05 4.05864e-05 3.87444e-05 3.739e-05 3.87086e-05 3.68794e-05 3.95453e-05 3.49254e-05 3.57809e-05 3.3622e-05 3.86856e-05 3.35799e-05 3.32591e-05 3.4241e-05 3.56471e-05 3.26534e-05 3.2542e-05 3.23527e-05 3.22254e-05 3.84333e-05 3.2143e-05 3.13891e-05 3.12148e-05 4.8276e-05 3.06163e-05 3.01742e-05 3.01072e-05 3.5106e-05 4.74393e-05 4.08106e-05 3.00035e-05 2.99407e-05 2.93156e-05 2.76943e-05 2.76483e-05 2.7515e-05 3.39524e-05 2.84407e-05 2.73464e-05 3.67235e-05 2.71928e-05 2.70969e-05 2.67613e-05 2.65794e-05 2.64627e-05 3.62103e-05 2.63092e-05 2.61543e-05 2.5446e-05 2.52376e-05 3.58988e-05 3.21644e-05 2.91282e-05
threshold=0.70307765151515167 14.455555555555557 499.99999999993611 0.99775511321496668 0.0083635003654304336 0.027249287750612087 -0.50000000000000877 0.0010531861793577903 0.23837809668605667 -0.0032493928835392589 -0.19851671981510191 -0.0032232091839384798 0.024180090177190649 18.500000000000004 -2829.4999999999995 66.580529515308271 0.0062114606053775678 10.404478689749661 -0.0038253111952238346 -0.0037842985621813758 0.26523055165051096 -0.27904308254465088 -0.0070269301658816294 47.736172751610802 15313.500000000002 0.25000000000000006 -0.84255725190839692 -0.003430541825542532 0.32468554499958052 -0.49594529712447183 -0.49999999999999106 -0.0494468342962655 -5000.2499999999991 -0.2976002035163095 -0.028625954198473278 -0.44561068702290069 77.617255606927003 -0.00059708349845845885 -0.85521529103053429 0.52812751011271009 0.23891518019657812 -0.41985132002939679 0.0038046939839029297 -0.93606870229007622 0.12833079107392645 10.697130747680001 0.19999999999999932 6592.5000000000009 -0.57376719394771036 -0.54110730894094927 0.04653422844989457 80.529100529099722 -32.25806451612339 2.7312382739212011 16.500000000000004 0.47650375939849626 0.0038167938931298333 3.0111664906233391 -0.74999999999999989 65.708333333333357 275.69676011263374 71.635802469135641 367.7423003771512 114.0596403647058 -0.2934360463415347 -0.0037558718560001809 0.0031545741324922054 0.28220528609490531 -0.99999999999996436 -0.78612587994178262 0.46898496240601512 -0.011481957060124509 26.755702921499044 39.522265792770433 0.14267952123517638 18335.000000000004 0.10766938975920151 -13.824320569049894 0.5628802207065412 -0.4837786259541984 0.1792947096199495 -0.30125360393464862 -1.1348786630817498 0.23791963871390395 -4.1858914869338841 -0.86630469841952473 5.5555555555555536 12.171662127085174
decision_type=2 2 10 2 2 2 2 2 2 2 10 2 8 2 2 2 10 2 2 2 2 8 8 2 2 8 8 2 2 8 8 2 10 2 8 8 2 10 10 2 2 2 2 8 2 2 10 2 2 10 10 2 2 2 2 2 2 2 8 2 2 2 2 2 10 2 2 2 8 10 2 10 2 2 2 2 2 2 2 8 2 2 2 2 2 8 2 2
left_child=3 2 5 4 6 7 27 10 51 17 32 83 78 14 30 16 -7 20 -18 -14 75 36 40 -24 -25 26 -17 -1 60 -30 -5 52 33 35 55 -2 44 57 46 -40 61 -42 43 -9 -21 -46 -10 50 -49 -50 -28 59 65 69 -55 -35 -38 58 -16 79 -29 62 63 -23 -65 -11 84 -64 -68 -45 72 76 -63 -15 -75 -4 -72 -43 -8 -3 -81 -27 -79 -12 -20 87 -87 -86
right_child=1 8 9 13 -6 15 12 42 38 31 11 -13 19 73 37 25 18 -19 66 21 -22 22 23 24 -26 81 47 28 29 -31 -32 -33 -34 34 -36 -37 56 -39 39 -41 41 77 -44 53 45 -47 -48 48 49 -51 -52 -53 -54 54 -56 -57 -58 -59 -60 -61 -62 70 67 64 -66 -67 68 -69 -70 -71 71 -73 -74 74 -76 -77 -78 82 -80 80 -82 -83 -84 -85 85 86 -88 -89
leaf_value=-1.9571318814346663e-05 -1.8738700836807881e-05 1.4826791072888371e-06 2.4747543288402464e-05 -6.6298387266310187e-05 -5.9285997346929719e-05 -3.7854220393297152e-05 -1.3214843593953786e-05 -3.0140381068957591e-05 3.7892991602161502e-05 -1.8989638077205623e-05 3.0272100129120074e-05 2.2589951202331123e-06 -3.8469071492166463e-05 1.0634937331883001e-05 4.1325546300679949e-07 -6.2165066485314159e-06 4.231740016181534e-05 -1.3053633353648151e-05 -1.3052940290784802e-06 -1.3588497819079351e-06 3.7086752225598275e-05 -1.2788212813803403e-05 -1.8103595565740428e-05 1.198808435547487e-05 7.4873308941437184e-05 6.4328078811707116e-06 5.1313039701150429e-05 9.0123415244130941e-06 0 6.9254179537003331e-05 -1.9732137705793505e-05 1.2522474090255485e-05 -1.5358283590345835e-06 -2.3445814340737909e-05 -4.5392214780349839e-05 3.1660765432610881e-05 -5.6715134209973819e-06 2.1498663479055442e-06 1.0814527394268726e-05 4.8705499614149912e-05 2.4330024952551226e-06 2.2523326538503107e-06 2.1340751347950323e-05 -1.9761368788878429e-05 -1.5698043672304455e-05 -4.4060359254209635e-05 7.9030578604139394e-05 -6.6976894615319122e-06 1.7880238870370815e-05 -1.4874300741941643e-05 1.64405410747979e-05 4.2071119126053454e-05 -6.4033172113190028e-06 2.3339425197796065e-05 -6.6269098022383049e-06 -1.8978408984537824e-06 2.1831481476209147e-05 -5.685230497487383e-05 -2.6491199061205e-05 2.7140587688144115e-05 -5.6796665666035602e-06 -7.3550279436440611e-06 8.87328094235047e-06 -6.9614236369171822e-05 -1.9896731567549033e-05 9.6620370110428409e-06 0 -2.7028152656539668e-05 -3.7795680198091577e-05 -4.7323856488669596e-06 -1.141864759954201e-05 -1.6861257673882014e-05 -4.0554941556554219e-05 8.8273137639522846e-06 -2.1200442158244992e-05 0 1.1247478099085194e-05 -3.7168856864604892e-05 -4.4867660045746225e-05 7.1245726375199513e-06 3.1843727254593149e-05 4.6429093217587409e-05 -7.6961405365438947e-06 3.7399402147476713e-06 3.8450207246236448e-06 3.8887260435016654e-05 1.0325155777894804e-05 -2.2501078482041467e-05
leaf_weight=72 37 303 119 69 43 36 1040 115 152 43 144 2280 51 67 84 176 37 36 627 168 242 334 34 50 34 34 51 513 39 38 44 1310 1804 155 71 56 315 64 118 47 1404 308 35 382 514 67 34 105 358 39 111 48 285 61 239 182 55 35 420 138 222 371 108 37 54 537 40 34 39 250 72 88 34 58 173 91 286 38 34 215 109 69 796 70 323 55 387 56
leaf_count=72 37 303 119 69 43 36 1040 115 152 43 144 2280 51 67 84 176 37 36 627 168 242 334 34 50 34 34 51 513 39 38 44 1310 1804 155 71 56 315 64 118 47 1404 308 35 382 514 67 34 105 358 39 111 48 285 61 239 182 55 35 420 138 222 371 108 37 54 537 40 34 39 250 72 88 34 58 173 91 286 38 34 215 109 69 796 70 323 55 387 56
internal_value=-5.70407e-08 4.87304e-06 3.21104e-06 -7.3747e-06 -5.5205e-06 6.0297e-07 -5.18644e-06 -1.85792e-06 2.06204e-05 1.1425e-05 1.42707e-07 3.99551e-06 -6.64093e-06 -2.05422e-05 -2.58147e-05 6.33209e-06 2.51333e-06 2.35108e-05 3.50431e-06 -5.05488e-06 2.66369e-05 -4.70864e-06 -3.02909e-06 2.14371e-05 3.85924e-05 1.27089e-05 9.96295e-06 5.1127e-06 7.42047e-06 3.45841e-05 -4.90218e-05 8.66887e-06 -3.98408e-06 -1.26068e-05 -1.81267e-05 1.057e-05 -1.07491e-05 -2.13054e-05 3.50485e-05 2.21935e-05 -3.78179e-06 -1.30881e-06 -1.08206e-05 -1.19881e-05 -1.5277e-05 -1.91351e-05 4.59325e-05 1.43971e-05 9.80967e-06 1.44191e-05 2.80156e-05 1.42724e-05 2.72104e-06 -9.64455e-06 -2.11555e-07 -1.20955e-05 -1.32199e-06 -2.42698e-05 -2.18153e-05 1.24018e-05 4.44325e-06 -8.15381e-06 -1.42423e-05 -1.90935e-05 -4.11738e-05 7.37121e-06 2.50055e-06 0 -1.75076e-05 -1.39693e-05 -3.98362e-06 1.60881e-06 -1.03809e-05 -7.54978e-06 -1.32426e-05 1.41343e-05 6.41893e-06 -5.99372e-06 -1.43069e-05 9.0037e-06 1.57389e-05 3.41649e-05 -9.15492e-06 2.2045e-05 3.65891e-06 7.56782e-06 1.4098e-05 0
internal_weight=20518 12251 11087 8267 7253 8424 7210 5881 1164 2663 4799 2494 6326 1014 716 2543 1600 488 1564 5252 452 5201 4082 118 84 943 840 884 812 77 113 2175 2305 501 408 93 1119 603 351 165 3964 2546 1082 1047 749 581 186 664 502 397 162 813 865 932 300 337 370 539 504 765 735 1418 567 425 91 580 1527 142 79 632 851 446 405 298 231 210 358 1142 1074 627 324 103 834 214 1448 821 442 379
internal_count=20518 12251 11087 8267 7253 8424 7210 5881 1164 2663 4799 2494 6326 1014 716 2543 1600 488 1564 5252 452 5201 4082 118 84 943 840 884 812 77 113 2175 2305 501 408 93 1119 603 351 165 3964 2546 1082 1047 749 581 186 664 502 397 162 813 865 932 300 337 370 539 504 765 735 1418 567 425 91 580 1527 142 79 632 851 446 405 298 231 210 358 1142 1074 627 324 103 834 214 1448 821 442 379
is_linear=0
shrinkage=0.0337242


Tree=33
num_leaves=89
num_cat=0
split_feature=20 20 25 28 52 1 43 46 18 52 52 19 25 22 15 19 22 54 19 55 22 19 38 19 3 10 0 15 0 4 19 20 49 43 52 3 10 7 11 29 43 9 39 22 54 8 22 36 1 12 43 40 39 40 51 29 1 5 53 15 5 7 21 42 20 52 42 2 47 9 23 0 55 36 18 47 50 0 18 54 15 36 5 3 9 38 2 1
split_gain=0.000608611 0.000262005 0.000233836 0.000163483 0.000125125 0.00012245 0.000101782 8.88598e-05 8.38587e-05 8.35937e-05 7.27709e-05 6.55308e-05 6.20398e-05 6.1725e-05 6.15428e-05 5.24434e-05 5.13081e-05 5.43638e-05 6.41337e-05 4.77951e-05 5.69054e-05 4.64637e-05 4.64151e-05 4.47114e-05 6.6782e-05 4.39039e-05 4.37875e-05 4.36974e-05 4.72159e-05 4.36742e-05 4.08855e-05 5.51595e-05 4.39263e-05 4.06293e-05 5.56624e-05 4.01376e-05 3.87334e-05 5.26214e-05 3.86037e-05 9.41533e-05 3.84011e-05 3.65973e-05 3.60486e-05 3.47055e-05 3.60188e-05 3.40061e-05 3.48189e-05 3.69387e-05 3.39713e-05 3.34126e-05 3.24159e-05 3.6296e-05 3.41631e-05 3.08217e-05 3.02739e-05 2.97777e-05 2.95635e-05 4.58816e-05 3.0662e-05 3.26381e-05 2.92781e-05 3.86629e-05 5.00473e-05 2.86311e-05 2.84797e-05 2.82804e-05 2.8104e-05 3.35843e-05 2.77932e-05 2.76097e-05 2.71636e-05 2.69734e-05 2.69109e-05 2.65979e-05 2.64736e-05 3.49946e-05 2.63945e-05 2.63919e-05 2.59439e-05 2.58304e-05 2.56453e-05 3.99244e-05 2.53132e-05 2.63774e-05 2.5184e-05 2.98216e-05 2.51505e-05 2.50493e-05
threshold=0.70307765151515167 14.455555555555557 -1.0000000180025095e-35 0.99775511321496668 0.202809008490792 41.690253542635169 0.0083635003654304336 -0.50000000000000877 -0.47709721873743322 0.23837809668605667 0.19789757648351206 0.029457060765711422 -0.97851849978122474 -0.38122431004110385 0.024180090177190649 2.0722347036662545 -0.5452743042148096 -21.737870116890324 -0.91619277091865559 50667.000000000007 -0.81273854961832048 -0.0023894673174655874 -0.0037842985621813758 0.19508506581659549 -0.41592745137744774 -1.5159774436090221 374.50000000000006 0.047090405881247847 147.50000000000003 -0.20181327378596867 0.076749478042883026 0.23891518019657812 44.802241120165107 -0.0037094284842828502 0.34702139794647907 -0.13424861514733105 -1.9088345864661649 0.75678901659177344 -0.8120229007633587 14.500000000000002 0.0020997381114040707 -0.74999999999999989 -0.0015961702105976581 -0.85521529103053429 0.52812751011271009 -0.74999999999999989 -0.39885496183206098 0.0032599858654239759 27.703137843588777 -0.55057251908396931 -0.0031974440894568796 0.0038046939839029297 -0.0015255539005771255 0.0015302227779573354 80.529100529099722 9.5000000000000018 145.25426731704283 -0.058546361081676969 72.333186407184726 0.082786699992023191 0.29807925886319897 0.13577313054499371 -0.4014438156655229 0.0043057100482017949 65.708333333333357 0.23602442022334541 -0.003660770124184753 0.095486098329055316 -16.666666666688069 -0.50667938931297696 -3.4999999999999996 110.50000000000001 5177.5000000000009 -0.003741818054534662 0.062668120577018122 -50.000000000013991 11.111111111112736 65.500000000000014 -0.12328839626613956 -1.4590610850137169 0.2349615021435095 -0.0010476692240991568 0.071704862973335823 -0.35471402958625159 -0.33110687022900759 0.0020975359726869152 0.65722223832237503 275.69676011263374
decision_type=2 2 2 2 2 2 2 2 8 2 2 2 2 10 8 2 8 2 2 2 10 2 2 2 2 2 2 10 2 2 2 2 2 2 2 2 2 10 10 2 2 10 2 10 2 8 8 2 2 8 2 2 2 2 2 2 2 2 2 10 2 10 2 2 2 2 2 2 2 10 10 2 2 2 10 2 2 2 10 2 10 2 2 2 8 2 2 2
left_child=3 2 8 6 11 48 7 33 36 54 40 41 45 16 84 19 17 18 -7 27 21 -21 -16 29 -25 35 30 28 -12 74 32 42 -24 -1 87 -26 37 -2 39 -28 53 72 -32 49 -45 70 47 71 -6 -11 52 86 -29 76 64 -15 57 -31 59 -59 61 -44 -63 -34 -3 -38 -18 -68 80 -22 -5 -47 79 -27 75 -19 -10 -75 -49 -4 81 -43 83 -42 -9 -86 -52 -35
right_child=1 9 4 12 5 13 -8 14 10 43 15 -13 -14 55 22 -17 66 23 -20 20 69 -23 26 24 25 73 38 50 -30 56 31 -33 63 34 -36 -37 65 -39 -40 -41 82 68 60 44 -46 46 -48 78 -50 -51 51 -53 -54 -55 -56 -57 -58 58 -60 -61 -62 62 -64 -65 -66 -67 67 -69 -70 -71 -72 -73 -74 77 -76 -77 -78 -79 -80 -81 -82 -83 -84 -85 85 -87 -88 -89
leaf_value=-2.2727434382946748e-05 5.4095247964486505e-05 8.7104571530733562e-06 8.3238260171769686e-06 -2.826123179395453e-05 4.7502694013277403e-06 8.0231180453405756e-05 -5.7286631674916082e-05 -1.0376145130377324e-05 -2.1981378594204216e-05 6.7980721413547982e-05 -2.0466441714748227e-05 9.459497470977422e-06 -6.0957974038345267e-05 2.166849793971704e-05 -3.7171736897995986e-05 2.2706708651687342e-05 2.1280026478465463e-05 1.2870722363839268e-05 1.9323928030855441e-05 -2.2687699178649698e-05 0 2.021532178020693e-05 -2.5516161735582637e-06 -1.4578292709375872e-05 3.8755848226503749e-05 1.14175630585605e-05 6.0092587411391352e-05 -6.1474989465378424e-06 -6.2785975139449755e-05 3.3965214754410209e-05 -3.4305200128791819e-05 1.7640313950855184e-06 -1.1700543433415792e-05 8.4048910460560292e-06 3.9895272464325072e-05 -5.6978737400888099e-06 1.2325811216807986e-05 7.3357150078841819e-06 -4.5960168199939953e-07 -6.8453489204716592e-06 0 1.3364871520454782e-05 1.086868714272721e-06 1.044981680789954e-05 4.7062951519725484e-05 -2.0436946797273712e-05 6.2472784825177709e-06 -2.8416755963457252e-05 -2.6415735101472065e-05 3.3499963515184581e-05 -2.4774521145435378e-06 -3.7249013168730695e-05 -5.1925268293391391e-05 -1.2192794249009761e-05 4.06523086025835e-05 7.1995491274986489e-05 9.1716610844346283e-06 -6.351367703554484e-06 -4.6926415494285974e-06 2.8063785614468755e-05 -1.5679498218531348e-05 2.9441940130237668e-06 -2.5569128549610401e-05 -4.4202957243800347e-05 2.6225294384743162e-05 -2.1444101372417361e-05 0 -3.778033346039363e-05 -5.2679850835068988e-06 3.3677837394902595e-05 5.1317041691033792e-06 7.7754115803751833e-06 1.1466875059897176e-05 5.102281936808569e-05 2.3645706544775419e-05 -1.502132660238091e-05 3.3542391391237304e-08 1.8281295123320408e-05 -6.5794226286707675e-05 -1.4851680558725159e-05 -5.3724868482847889e-06 2.6967458019883817e-07 0 3.4045096140313867e-05 -1.2743181815038744e-05 -3.5720693402595599e-05 -3.2062719666638679e-05 -4.7001871043704212e-06
leaf_weight=55 54 627 114 36 58 34 43 774 64 56 349 1614 42 34 51 49 48 76 61 125 54 35 832 39 35 44 47 43 36 200 57 1523 1287 546 55 60 97 67 154 44 42 385 648 118 47 606 46 100 101 130 520 43 42 320 48 34 484 36 81 127 297 111 167 34 138 39 121 34 965 62 112 36 569 151 44 145 1671 47 36 102 408 899 110 79 178 122 36 228
leaf_count=55 54 627 114 36 58 34 43 774 64 56 349 1614 42 34 51 49 48 76 61 125 54 35 832 39 35 44 47 43 36 200 57 1523 1287 546 55 60 97 67 154 44 42 385 648 118 47 606 46 100 101 130 520 43 42 320 48 34 484 36 81 127 297 111 167 34 138 39 121 34 965 62 112 36 569 151 44 145 1671 47 36 102 408 899 110 79 178 122 36 228
internal_value=-5.53545e-08 4.71114e-06 3.1028e-06 -7.1306e-06 6.74171e-06 1.36921e-05 -5.33912e-06 -5.0159e-06 -3.48127e-06 1.99474e-05 -4.8019e-06 3.84401e-06 -1.98494e-05 1.60536e-05 -6.42212e-06 -1.08825e-05 1.4829e-05 1.67848e-05 4.21398e-05 -1.21781e-05 0 -1.26985e-05 -4.88938e-06 1.5188e-05 2.55551e-05 3.04865e-05 -4.55424e-06 -1.54093e-05 -2.46747e-05 1.18396e-05 -5.2547e-06 -2.52154e-06 -8.76812e-06 4.93779e-06 6.88983e-06 9.66239e-06 1.50528e-05 2.90025e-05 9.22068e-06 2.66649e-05 -1.05168e-06 1.18275e-06 -7.69622e-06 3.38944e-05 2.14648e-05 -1.79737e-05 -2.06648e-05 -2.23802e-05 -1.44391e-05 4.4401e-05 -1.00528e-05 -7.0744e-06 -2.99043e-05 -2.55594e-06 1.38071e-05 4.82535e-05 1.52882e-05 2.17381e-05 1.13198e-05 1.98699e-05 -6.37703e-06 -3.28902e-06 -1.38366e-05 -1.26103e-05 1.19964e-05 1.93106e-06 -7.26667e-07 -8.16525e-06 -6.74072e-07 1.83169e-05 -2.33782e-06 -1.87044e-05 7.5907e-06 3.82618e-05 0 -4.99212e-06 -7.22826e-07 4.3739e-05 -3.90216e-05 -2.17267e-06 1.88885e-06 4.27147e-06 1.1912e-05 2.2557e-05 -1.38274e-05 -2.24096e-05 -4.5669e-06 4.4196e-06
internal_weight=20518 12251 11087 8267 7150 2094 7253 7210 3937 1164 3680 5056 1014 1935 6326 1394 1867 1664 95 1345 276 160 5252 1569 376 337 5201 1069 385 1193 4956 2803 2153 884 829 95 257 121 245 91 2286 3442 1280 351 165 972 824 778 159 186 684 599 85 2055 813 68 928 444 244 163 1223 926 278 1321 765 136 203 155 2657 116 148 642 785 242 265 221 1735 198 136 216 1692 1284 231 121 1074 300 556 774
internal_count=20518 12251 11087 8267 7150 2094 7253 7210 3937 1164 3680 5056 1014 1935 6326 1394 1867 1664 95 1345 276 160 5252 1569 376 337 5201 1069 385 1193 4956 2803 2153 884 829 95 257 121 245 91 2286 3442 1280 351 165 972 824 778 159 186 684 599 85 2055 813 68 928 444 244 163 1223 926 278 1321 765 136 203 155 2657 116 148 642 785 242 265 221 1735 198 136 216 1692 1284 231 121 1074 300 556 774
is_linear=0
shrinkage=0.0337242


Tree=34
num_leaves=89
num_cat=0
split_feature=49 52 16 16 4 23 4 42 7 19 41 18 52 0 7 54 16 4 44 11 31 52 4 49 0 51 52 52 52 51 16 0 53 22 15 6 13 16 24 13 26 2 1 18 16 31 15 47 29 52 19 18 6 39 16 29 13 19 2 22 5 31 31 38 13 37 49 0 11 31 1 11 18 4 2 38 53 8 27 31 37 13 29 39 22 44 43 31
split_gain=0.000509684 0.000153256 0.000132342 9.93436e-05 7.72647e-05 7.92445e-05 9.20897e-05 6.47118e-05 6.22701e-05 6.19997e-05 6.07925e-05 5.56448e-05 7.24748e-05 6.13122e-05 5.33409e-05 6.86946e-05 4.95354e-05 4.45592e-05 5.08287e-05 4.34925e-05 4.25537e-05 4.21402e-05 4.66579e-05 4.44716e-05 4.33694e-05 4.12177e-05 4.01474e-05 3.9651e-05 5.30326e-05 3.80774e-05 3.8277e-05 6.34131e-05 4.30509e-05 4.99428e-05 3.66898e-05 3.61e-05 3.5117e-05 3.60906e-05 3.43223e-05 4.30003e-05 3.37311e-05 4.09771e-05 3.38983e-05 3.71049e-05 3.34547e-05 3.7295e-05 3.32396e-05 3.30817e-05 3.30608e-05 3.29482e-05 5.19016e-05 5.02947e-05 4.92108e-05 4.20979e-05 3.25863e-05 5.20367e-05 3.23804e-05 3.21176e-05 4.38563e-05 3.20026e-05 3.01614e-05 3.00864e-05 2.99362e-05 2.94214e-05 2.88479e-05 2.87371e-05 2.96418e-05 2.79542e-05 2.68476e-05 2.68243e-05 3.49531e-05 3.17747e-05 3.0277e-05 2.7727e-05 2.66228e-05 2.65713e-05 2.59825e-05 3.79207e-05 2.58898e-05 4.96914e-05 2.51969e-05 2.47783e-05 4.12859e-05 2.39779e-05 2.38693e-05 2.37634e-05 2.49845e-05 2.37481e-05
threshold=48.963074175768817 0.2982229502139378 0.85996240601503771 0.78853383458646631 -0.0046568488891401425 0.049999999999998941 -0.81647492792130694 0.0037453183520600457 0.44779424472865542 0.11341586095083046 0.0074372832136806464 -0.14718917151904634 0.35784695031121333 109.50000000000001 1.451114039635903 19.081516746998535 0.45582706766917297 -0.0037275990728701442 -0.0034883768095955166 -0.032442748091603045 148.50000000000003 0.34498385841469054 -0.00033212731075809817 11.415000892220606 121.50000000000001 44.444444444442858 0.29080485207018447 0.26879412932124153 0.33129198806959337 1.3888888888890825 0.50281954887218061 105.50000000000001 68.939743687842395 -0.74417531927209568 0.077434763972297468 49.250000000000007 -0.26475042820583428 0.82424812030075201 1.06581410364011e-13 -0.28205621083176041 0.0023979647524262813 0.43217100591608193 80.921327115853174 0.41607111461739726 0.48120300751879702 105.50000000000001 0.055346592191362336 -83.333333333302974 16.500000000000004 0.35536920122190246 -0.13721915572822493 -0.38900360170015691 -42.249999999999993 0.0033361157484697039 0.51033834586466176 8.5000000000000018 -0.36880357610645026 -2.9880217000049636 -0.038897737597955943 -0.73260939683904946 0.36667577062348206 91.500000000000014 31.500000000000004 0.0032599858654239759 -0.33154199439806009 -0.0032493928835392589 45.190029509119647 19.500000000000004 -0.64980916030534341 62.500000000000007 630.26639093058589 -0.071564885496183187 -0.26181938017475753 -0.081137995364350693 0.40543093002894776 -0.0019212313598110373 44.138456893477418 -0.12500000000000352 -35.623842844161594 75.500000000000014 -0.0038095376309755231 -0.022240500547431773 19.500000000000004 -0.0010487679863434571 -0.44550466497031377 -0.0043620553510098628 -0.0036297653937478742 35.500000000000007
decision_type=2 2 2 2 2 10 2 2 8 2 2 10 2 2 8 2 2 2 2 8 2 2 2 2 2 2 2 2 2 2 2 2 2 8 8 8 10 2 10 10 8 2 2 8 2 2 10 2 2 2 2 10 8 2 2 2 8 2 2 8 2 2 2 2 10 2 2 2 8 2 2 8 10 2 2 2 2 10 8 2 2 10 2 2 10 2 2 2
left_child=2 8 4 14 5 38 78 21 10 17 16 12 83 44 15 19 84 18 -10 29 62 22 25 24 47 80 -15 34 -29 -3 31 49 33 46 -6 -11 37 -18 39 54 -27 42 48 -44 -13 61 -33 -23 64 52 51 -51 -31 -54 55 -1 -32 58 -41 -19 75 -46 -20 -22 -42 -59 69 -52 -5 70 71 81 -72 -71 -49 -14 77 -37 79 -7 -4 82 -67 85 -2 -8 -87 -64
right_child=1 3 7 68 27 6 11 -9 9 35 -12 13 60 26 -16 -17 36 59 20 -21 63 23 -24 -25 -26 40 -28 28 -30 30 56 32 -34 -35 -36 76 -38 -39 -40 57 41 -43 43 -45 45 -47 -48 74 -50 50 67 -53 53 -55 -56 -57 -58 65 -60 -61 -62 -63 87 -65 -66 66 -68 -69 -70 73 72 -73 -74 -75 -76 -77 -78 -79 -80 -81 -82 -83 -84 -85 -86 86 -88 -89
leaf_value=0 -1.0533487449583014e-05 8.1425331424114028e-06 -2.2169546027673384e-05 4.1333326370778255e-05 2.5265577205171839e-05 -6.2187564801783894e-05 -7.8746763547921136e-06 -3.3628024553879353e-05 -3.4129756731960451e-05 4.6437139604947341e-06 -5.0611514372453092e-05 -3.1193806393236588e-06 6.1113507485561409e-05 -6.4565654950274524e-06 1.0988905976279454e-05 -4.9611212454124717e-05 -9.0126127470419905e-06 3.918199935495734e-06 -8.0295028063413324e-06 1.5883021443610268e-05 -6.2091976537159949e-06 4.2805025370051587e-05 4.7017537166412019e-05 5.009189850396305e-05 -1.3665363946137298e-05 1.9256353132350662e-05 -5.0463026817954183e-05 6.4214439867611565e-05 1.6634546195263389e-05 -7.2422081287103559e-05 -2.2672647477940484e-05 -2.859524538058385e-05 -3.1560666409533828e-05 4.3515712998295387e-05 3.4554969367308663e-06 6.2024565988497119e-05 7.3549568060604825e-07 1.0952828828339177e-05 4.0298564628268998e-06 1.2420453591944537e-05 -3.4075177162222475e-05 -1.0752267223441884e-05 1.3290040697442052e-05 5.0770696098646413e-05 1.4125676271874871e-05 3.2038363264640762e-06 1.6907391894500293e-05 6.043240659355511e-06 1.6721273659847039e-05 -6.1766299094100531e-06 -1.5875066819805063e-05 -6.0420587890047889e-05 -1.9486621631233792e-05 -4.2995626307324888e-05 -6.672185764552821e-06 -5.2785206584261149e-05 -4.9105567362762852e-07 2.197639173693365e-05 -2.4039809048263169e-05 3.7926861455304195e-05 4.0915608842420099e-06 4.6020935035817839e-05 2.8182804874520933e-05 -3.8163214354001183e-05 1.3737647950924653e-06 -2.5108965279732999e-06 2.170992619799294e-05 8.4492910995238261e-06 2.5137986000371246e-06 -1.556632074198028e-06 3.2306809551188278e-05 7.6560710597297295e-06 -6.0826428581199884e-06 7.855462440989075e-06 3.8415765483150517e-05 2.5665068239806129e-05 2.5754431612969055e-06 8.7346645942462449e-06 -1.6600012562520284e-06 -6.646295752678681e-06 6.0489583460571657e-06 -2.8845866410510738e-05 -3.1083358897791261e-05 5.5712588001966624e-06 9.9839484888203615e-06 3.9873508951428144e-05 1.4641063668530984e-05 3.1766749768240261e-06
leaf_weight=39 1832 60 36 37 125 35 39 34 62 866 35 313 57 100 73 76 1047 120 277 44 1338 72 41 63 40 693 34 40 108 34 117 36 38 35 342 37 1503 110 1328 47 35 106 121 46 244 417 35 135 118 36 278 57 273 149 221 54 234 65 143 47 35 44 47 35 85 255 65 61 58 1562 43 82 44 459 41 66 45 34 69 48 1014 110 78 638 62 57 410 869
leaf_count=39 1832 60 36 37 125 35 39 34 62 866 35 313 57 100 73 76 1047 120 277 44 1338 72 41 63 40 693 34 40 108 34 117 36 38 35 342 37 1503 110 1328 47 35 106 121 46 244 417 35 135 118 36 278 57 273 149 221 54 234 65 143 47 35 44 47 35 85 255 65 61 58 1562 43 82 44 459 41 66 45 34 69 48 1014 110 78 638 62 57 410 869
internal_value=1.51593e-07 -5.25296e-06 5.3599e-06 -1.4404e-05 3.12563e-06 2.13001e-06 6.83036e-06 1.18399e-05 -3.34797e-06 -1.14755e-07 -5.98802e-06 8.43521e-06 1.32336e-05 2.92809e-06 -1.63825e-05 -1.77227e-05 -5.62384e-06 -2.70101e-06 -3.80342e-06 -1.60279e-05 -3.033e-06 1.24607e-05 1.07185e-05 2.35765e-05 1.74406e-05 1.00153e-05 -1.83437e-05 1.46261e-05 3.01471e-05 -1.70679e-05 -1.82316e-05 -2.15633e-05 -1.19913e-07 1.02395e-05 9.50029e-06 7.14788e-06 -2.60625e-06 -7.03089e-06 -5.147e-07 -2.3916e-06 1.43181e-05 7.43193e-06 1.24299e-05 2.41929e-05 5.82307e-06 9.93037e-06 -4.803e-06 2.28475e-05 3.76994e-06 -2.49318e-05 -1.77335e-05 -4.04623e-05 -3.15392e-05 -2.80163e-05 -1.42827e-05 -3.13284e-05 -8.1603e-06 -1.09446e-06 -1.4512e-05 1.40683e-05 3.4898e-05 1.93342e-05 1.55989e-06 -7.09416e-06 -8.16005e-06 -1.36809e-07 -7.05385e-07 -1.1213e-05 1.86505e-05 -1.29546e-06 -7.49205e-06 -1.08699e-05 1.17805e-05 5.33172e-07 1.41338e-05 4.28783e-05 2.50095e-05 3.78669e-05 -1.84437e-05 -3.12319e-05 4.98941e-06 -1.45173e-05 -9.49382e-06 1.0157e-05 -9.81082e-06 1.57481e-05 1.79278e-05 4.56527e-06
internal_weight=20593 10097 10496 1731 7816 7201 2606 2680 8366 3777 4589 2454 1302 1152 1636 1563 4554 2795 2628 1487 2566 2646 2295 351 288 2254 134 615 148 1443 1383 1032 144 106 467 982 2660 1157 4595 3267 1204 511 405 167 1018 705 71 248 238 888 432 93 456 422 314 93 351 2953 190 167 158 288 1193 1373 120 2763 2698 339 95 2633 612 525 87 2021 176 123 116 71 152 83 1050 443 333 1144 1894 506 467 916
internal_count=20593 10097 10496 1731 7816 7201 2606 2680 8366 3777 4589 2454 1302 1152 1636 1563 4554 2795 2628 1487 2566 2646 2295 351 288 2254 134 615 148 1443 1383 1032 144 106 467 982 2660 1157 4595 3267 1204 511 405 167 1018 705 71 248 238 888 432 93 456 422 314 93 351 2953 190 167 158 288 1193 1373 120 2763 2698 339 95 2633 612 525 87 2021 176 123 116 71 152 83 1050 443 333 1144 1894 506 467 916
is_linear=0
shrinkage=0.0337242


Tree=35
num_leaves=89
num_cat=0
split_feature=25 20 52 52 20 20 51 15 20 27 20 0 4 31 31 52 11 28 31 20 54 52 52 51 22 51 10 0 27 18 1 53 1 31 11 55 31 36 1 53 20 31 27 51 20 1 52 38 7 20 20 31 25 17 11 10 10 0 53 30 16 37 27 31 17 10 31 31 20 26 38 11 45 22 4 31 48 20 49 27 55 48 42 1 30 43 31 52
split_gain=0.000608454 0.000257961 0.000199622 0.000130204 0.000111157 7.68994e-05 7.70808e-05 7.28789e-05 6.10153e-05 5.89383e-05 5.7572e-05 7.50496e-05 7.77669e-05 5.35619e-05 5.22092e-05 4.72987e-05 9.1975e-05 5.02547e-05 4.65914e-05 4.61637e-05 4.52625e-05 4.41379e-05 4.3823e-05 4.25684e-05 6.49895e-05 5.34456e-05 6.4378e-05 4.03284e-05 6.39863e-05 6.12434e-05 4.98779e-05 4.60688e-05 3.97885e-05 3.95557e-05 3.86078e-05 3.99376e-05 3.84315e-05 3.97088e-05 4.04746e-05 3.77187e-05 3.68823e-05 4.57793e-05 4.57022e-05 3.88019e-05 3.67628e-05 4.60986e-05 6.34796e-05 4.45116e-05 4.15183e-05 4.13193e-05 4.41057e-05 3.9393e-05 3.59944e-05 3.59782e-05 3.56926e-05 3.50043e-05 3.45251e-05 3.49182e-05 3.46641e-05 3.40213e-05 3.40173e-05 3.35617e-05 3.33079e-05 3.58751e-05 3.28018e-05 3.25543e-05 5.90185e-05 7.5163e-05 4.07507e-05 4.06534e-05 4.03687e-05 3.24099e-05 5.3365e-05 4.72621e-05 3.20286e-05 3.15602e-05 3.14741e-05 3.29427e-05 3.10225e-05 2.97639e-05 2.95964e-05 2.90281e-05 2.89991e-05 2.87673e-05 2.82938e-05 3.70193e-05 2.79457e-05 2.78972e-05
threshold=-0.49738630924863253 1.112399732620321 0.30898654311297541 0.2725487618351583 7.6545092838196309 0.070194107222709898 33.333333333333563 0.026127829909919617 27.133928571428577 18.50562052587437 21.775000000000006 68.500000000000014 -0.0032435411837865333 30.500000000000004 20.500000000000004 0.21911030697893061 -0.8177480916030534 0.99009900990098976 261.50000000000006 0.011560736560736562 -29.423880272042577 0.20672081706403328 0.19097994088765699 38.888888888892275 -0.9777969301485675 66.666666666665549 -1.3768796992481198 71.500000000000014 -1.165201975059156 -0.4557784683283454 145.03137345989367 76.153627107028186 158.38370984399054 239.50000000000003 -0.14026717557251908 8892.0000000000018 133.50000000000003 0.0028070189262020544 144.73320359364729 37.949684588337 0.11434624697336564 129.50000000000003 2.3689628240735754 55.555555555555884 0.19160277575689744 61.84906993932352 0.20039329487206228 -0.0013670546373333867 0.10407845085839383 1.1624188311688315 3.2160256410256416 58.500000000000007 -0.98400028935955408 -0.37078713320265638 -0.91889312977099225 -0.92011278195488699 -1.4050751879699244 10.500000000000002 78.096807648060249 18.500000000000004 0.5234962406015039 -0.0036452058677628458 2.5891654492543243 26.500000000000004 -0.25627175916444805 -2.1381578947368411 60.500000000000007 148.50000000000003 1.7348168182935828 5.9607769916637979e-05 -1.0000000180025095e-35 -0.61545801526717547 0.0016220610831632067 -0.85850808692345926 -0.089232715246763517 16.500000000000004 41.107042490397362 0.6565036871785338 3.2969117079614283e-14 -40.052951019956147 52769.000000000007 39.910770656462667 0.0015898251192368875 41.690253542635169 18.500000000000004 0.0013201325883661632 234.50000000000003 0.22715278170647726
decision_type=2 2 2 2 2 2 2 10 2 8 2 2 2 2 2 2 10 2 2 2 2 2 2 2 10 2 2 2 8 8 2 2 2 2 8 2 2 2 2 2 2 2 10 2 2 2 2 2 8 2 2 2 2 10 10 2 2 2 2 2 2 2 10 2 8 2 2 2 2 10 2 10 2 10 2 2 2 2 2 10 2 2 2 2 2 2 2 2
left_child=2 7 4 8 5 15 22 -2 9 13 11 62 32 21 23 -1 -17 -18 36 -4 76 75 -7 24 -9 -25 -27 30 29 -29 34 52 78 83 35 -21 37 44 -39 -26 43 54 55 -22 48 46 -46 -47 -8 80 -51 -48 -30 -20 -42 60 58 -58 -32 -31 -43 -11 63 -5 -50 -64 -67 69 -69 70 -68 -15 -73 -74 -23 -3 -16 -78 -13 -6 -49 -71 -63 -10 85 -38 -86 -45
right_child=1 3 19 10 79 6 18 14 33 61 -12 12 -14 71 20 16 17 -19 53 27 40 74 -24 25 39 26 -28 28 31 59 56 -33 -34 -35 -36 -37 84 38 -40 -41 41 42 -44 87 45 47 51 49 64 50 -52 -53 -54 -55 -56 -57 57 -59 -60 -61 -62 82 65 -65 -66 66 67 68 -70 81 -72 72 73 -75 -76 -77 77 -79 -80 -81 -82 -83 -84 -85 86 -87 -88 -89
leaf_value=-1.1876834933472328e-05 -1.0343702801360632e-05 2.5339196463276443e-05 -5.6065865718695271e-05 3.3943187656226243e-06 3.5902133027009421e-05 -7.4593908344648717e-06 1.2689955160265226e-06 4.0151003960527323e-05 1.3532692329472945e-05 2.3617157541735616e-05 3.8427047233273157e-05 1.3314773857015179e-05 4.5889312002461113e-05 6.5998831088874756e-06 -3.0806586476247978e-06 4.6187916181243822e-06 -8.4284039877585915e-05 -2.3681384623157131e-05 0 -2.3285318841860122e-05 -3.2687499394312891e-05 0 -2.2118984788130841e-05 -4.6530556698662378e-05 -3.875218577938026e-05 -2.9858458278829555e-05 2.242049434541036e-05 -3.1208096671399012e-05 -2.9205124638291796e-05 3.0181373159531776e-05 -3.8942369409106895e-05 -5.1262895584920072e-05 -4.1195828286701184e-05 8.168635779165018e-07 8.600490341977529e-06 -3.0844082257783917e-06 -4.2008281549186783e-06 3.7052830862963296e-06 5.1805911374892393e-05 1.8381158352239769e-06 2.2754675161727811e-05 -2.6737699868367668e-06 -1.4572166341979521e-05 -6.469800092045402e-06 8.7062091268614457e-07 4.1838772291868499e-05 -3.3096901641726087e-05 -3.0815368054720574e-06 -1.1994721383160129e-05 3.0044825646993685e-05 0 0 8.1966449053167227e-06 4.9918686685757009e-05 6.1639194682496878e-06 -1.5809493579326523e-05 -2.9805331846774418e-05 -4.9111586902302383e-06 -3.7875656287237078e-07 -4.8243985896797048e-06 7.7042225153791806e-06 2.9111809609962096e-06 3.6479057336624815e-05 4.2599479085735354e-05 -4.6167341733735656e-05 -5.595812054447007e-06 3.7586511598390905e-05 -1.4360690058663798e-05 1.4646901928703191e-05 6.7440857770231178e-05 0 1.330956016291587e-05 6.1916995060326029e-05 1.7067173551908773e-05 -4.5091438842454257e-05 -3.9208608854839873e-06 -5.3299411813943188e-05 -5.6200880283688151e-06 -1.3883278552802603e-05 8.9036263806088e-06 2.1744079129405699e-05 2.5495641889918672e-05 -1.1130467588013144e-05 3.6091544304144105e-05 -3.022379648559868e-06 -1.4611463191686423e-05 1.3464068288719445e-05 2.3645000526668222e-05
leaf_weight=573 732 60 37 40 59 828 177 37 138 85 154 87 36 708 166 37 41 34 37 317 58 37 343 69 38 63 45 34 54 94 273 44 34 104 80 190 1248 60 34 70 168 581 211 252 815 43 114 408 143 135 93 57 58 34 1698 113 136 142 35 41 898 2511 95 134 47 129 68 62 353 60 53 933 54 69 42 127 37 39 104 325 63 41 177 160 602 593 145 40
leaf_count=573 732 60 37 40 59 828 177 37 138 85 154 87 36 708 166 37 41 34 37 317 58 37 343 69 38 63 45 34 54 94 273 44 34 104 80 190 1248 60 34 70 168 581 211 252 815 43 114 408 143 135 93 57 58 34 1698 113 136 142 35 41 898 2511 95 134 47 129 68 62 353 60 53 933 54 69 42 127 37 39 104 325 63 41 177 160 602 593 145 40
internal_value=1.48119e-07 5.07285e-06 -6.67693e-06 9.49786e-06 -4.27109e-06 -5.29217e-06 -4.05217e-06 -4.49595e-07 6.97822e-06 5.8931e-06 1.84758e-05 1.60305e-05 0 1.02761e-05 1.10961e-06 -1.60467e-05 -3.65172e-05 -5.80997e-05 -2.15213e-06 -1.77231e-05 2.11838e-06 -3.55063e-06 -1.18359e-05 -1.19393e-05 9.77051e-07 -2.30665e-05 -7.18058e-06 -1.67116e-05 -5.77148e-06 8.19441e-06 -1.96603e-05 -2.15208e-05 -7.49395e-06 1.97026e-05 -1.24011e-05 -1.59056e-05 -2.57353e-06 6.76414e-07 2.21317e-05 -1.15487e-05 2.99056e-06 4.0055e-06 1.18555e-07 -7.37276e-06 -2.40122e-07 1.77129e-06 -2.93523e-06 8.15578e-06 -9.97412e-06 5.94544e-06 1.77335e-05 -2.16395e-05 -8.97335e-06 2.4839e-05 7.70942e-06 2.12634e-06 -2.67669e-05 -1.74373e-05 -3.4874e-05 1.8834e-05 3.56205e-06 2.6496e-06 2.01059e-05 3.41423e-05 -2.09567e-05 1.71571e-05 1.46345e-05 1.88832e-05 1.00803e-05 3.49035e-05 2.03593e-05 1.24159e-05 1.62238e-05 3.75432e-05 -2.48971e-05 4.95052e-06 -1.19668e-05 -3.01043e-05 -9.88574e-07 1.33036e-05 3.38731e-08 5.13707e-05 1.9506e-06 2.59692e-05 -5.35977e-06 -7.60668e-06 4.84078e-08 -2.01346e-06
internal_weight=20593 11970 8623 6655 7088 6704 6019 5315 5205 4803 1450 1296 261 2030 4583 685 112 75 4848 1535 4261 266 1171 322 145 177 108 1498 325 169 1173 156 225 402 587 507 4777 2189 94 108 4019 3669 1803 350 2095 1728 986 742 367 699 228 171 112 71 1866 1592 586 278 308 135 1479 2773 1035 174 190 861 766 637 415 222 121 1764 1056 123 79 187 242 76 191 384 471 101 2688 298 2588 1841 747 292
internal_count=20593 11970 8623 6655 7088 6704 6019 5315 5205 4803 1450 1296 261 2030 4583 685 112 75 4848 1535 4261 266 1171 322 145 177 108 1498 325 169 1173 156 225 402 587 507 4777 2189 94 108 4019 3669 1803 350 2095 1728 986 742 367 699 228 171 112 71 1866 1592 586 278 308 135 1479 2773 1035 174 190 861 766 637 415 222 121 1764 1056 123 79 187 242 76 191 384 471 101 2688 298 2588 1841 747 292
is_linear=0
shrinkage=0.0337242


Tree=36
num_leaves=89
num_cat=0
split_feature=20 20 24 20 36 37 46 31 19 37 19 5 7 43 15 20 31 54 36 16 54 1 31 29 31 37 18 44 36 17 39 9 22 31 26 53 22 9 39 17 20 19 31 10 44 20 31 19 54 17 19 18 31 9 43 26 47 23 36 31 49 20 27 43 37 54 53 26 31 20 7 18 51 53 31 29 26 27 9 17 9 19 38 31 29 31 18 6
split_gain=0.000565851 0.000210356 0.000167814 0.000162422 0.000142366 0.000106225 0.000100188 7.61592e-05 7.58024e-05 7.39712e-05 7.14764e-05 7.11767e-05 6.04471e-05 5.49364e-05 5.35838e-05 5.33964e-05 5.3067e-05 5.20716e-05 5.40926e-05 5.75489e-05 5.00069e-05 4.94838e-05 4.90457e-05 5.15436e-05 4.88526e-05 4.86507e-05 4.68006e-05 4.64349e-05 4.41193e-05 4.76164e-05 4.25792e-05 5.71329e-05 4.25778e-05 5.63558e-05 4.06909e-05 4.05794e-05 3.98452e-05 3.94389e-05 5.5899e-05 4.16894e-05 3.93781e-05 3.92794e-05 4.07383e-05 4.40814e-05 4.07893e-05 3.84366e-05 3.77447e-05 3.69792e-05 3.69244e-05 3.76133e-05 3.68642e-05 3.57501e-05 4.24624e-05 3.42246e-05 4.0626e-05 3.79379e-05 3.41368e-05 3.40513e-05 3.32831e-05 4.91972e-05 4.81588e-05 3.28246e-05 4.06181e-05 3.22898e-05 3.20138e-05 3.19208e-05 4.84526e-05 3.09883e-05 3.07214e-05 3.02558e-05 3.00129e-05 2.98344e-05 2.9389e-05 2.87058e-05 2.79765e-05 2.73131e-05 2.72228e-05 2.56496e-05 3.61301e-05 2.83953e-05 2.53712e-05 3.30332e-05 2.52413e-05 2.70665e-05 2.40588e-05 2.38357e-05 2.34609e-05 2.5053e-05
threshold=1.0997237569060776 18.017241379310349 500.99999999998937 0.064796071375018763 0.0016326541492073245 -0.0037523584241502812 -0.70833333333333226 259.50000000000006 0.068427254649913408 0.0015860438205921314 -0.18301429015664003 0.46110671747129106 1.3111839641663787 0.0078817810495581692 0.035035426249850427 65.708333333333357 28.500000000000004 -29.423880272042577 -0.0037209334524032074 0.41165413533834588 -6.9749091736757949 24.966421568627457 86.500000000000014 12.500000000000002 30.500000000000004 0.0027491421920582408 -0.21056429242175725 0.0020335541605670531 0.0031974440894568805 -0.62495611597086087 -0.0032441221663264126 -0.31202290076335876 -0.97051481494880776 55.500000000000007 -0.010492720037978751 41.561207598677939 -0.7361367026410458 -0.80629770992366401 0.0040376923745761859 -0.30510736959129331 8.3060200668896353 -0.06063697503027931 146.50000000000003 -0.69454887218045114 -0.0037094284842828502 7.6545092838196309 257.50000000000006 -5.328843120284886 37.527062401327981 -0.11775182118720924 3.617881993781737 0.086638319624694302 43.500000000000007 -0.74999999999999989 0.0015898251192368875 -0.009374208597090131 -21.202334409883374 -0.74999999999999989 -0.0018165319254248578 12.500000000000002 11.775751608822688 1.5966726003012461 -11.647291493529936 -0.0027341092746667735 -0.0032025641025640868 10.933840518404631 51.145807489798401 -0.00058590460069469206 238.50000000000003 2.4353400222965447 0.31188969063256144 0.071148983706406169 83.333333333333371 98.921686761899011 110.50000000000001 16.500000000000004 -0.0025223053831985452 9.5736512677769454 -0.54484732824427462 -0.17053516573535002 -0.36354961832061067 0.20335307317687781 -0.0033841044434264607 24.500000000000004 19.500000000000004 81.500000000000014 -0.043016364419764433 -25.749999999999996
decision_type=2 2 10 2 2 2 2 2 2 2 2 2 8 2 8 2 2 2 2 2 2 2 2 2 2 2 8 2 2 8 2 10 10 2 8 2 10 8 2 8 2 2 2 2 2 2 2 2 2 8 2 10 2 8 2 8 2 10 2 2 2 2 10 2 2 2 2 10 2 2 10 8 2 2 2 2 10 8 10 10 10 2 2 2 2 2 10 10
left_child=3 2 5 10 6 35 50 15 9 21 -1 20 28 32 34 30 26 22 -19 48 -10 -7 23 -8 25 40 -4 -13 -6 -30 31 -3 57 72 -11 -2 85 38 -21 65 -22 42 43 44 -18 46 53 -41 49 -20 58 67 -53 63 55 -55 -17 -12 60 -60 64 74 -63 70 71 -39 -67 -49 82 -43 -23 -5 -34 -31 -26 -68 -46 78 -32 -80 81 -76 -47 -84 -35 -16 87 -57
right_child=1 7 16 4 12 8 17 -9 11 14 13 27 -14 -15 36 56 41 18 19 37 24 45 -24 -25 61 -27 -28 -29 29 73 77 -33 33 84 -36 -37 -38 39 -40 47 -42 69 -44 -45 76 68 -48 51 -50 -51 -52 52 -54 54 -56 86 -58 -59 59 -61 -62 62 -64 -65 -66 66 75 -69 -70 -71 -72 -73 -74 -75 80 -77 -78 -79 79 -81 -82 -83 83 -85 -86 -87 -88 -89
leaf_value=-6.0179335198178575e-05 1.8317807699558496e-06 6.4216520649127296e-05 -4.183996626667927e-05 -3.2808130304277088e-05 -9.736065397923052e-06 1.7159953123802383e-05 -5.3271318425219979e-06 -1.4691580901096225e-05 -7.4676295034307301e-06 -5.2535487309599571e-05 2.6074994354638337e-05 1.3017323657548976e-05 2.8710576842851857e-05 -5.3877483249030262e-05 3.2853682117769705e-06 3.1374937479700594e-05 4.8014211248018852e-05 -4.3762226542817585e-05 -1.1946683493462161e-05 7.0187870135418375e-06 -2.7292003232033926e-05 9.1260824471083185e-07 -9.4462741965269143e-06 -6.4349766986473251e-05 -8.727244490413022e-06 2.9005724726611278e-05 5.4475256943416238e-06 5.8917569077297586e-05 1.1948692859961287e-05 -2.7937334776477404e-05 7.1970487360872872e-06 6.8385137117509702e-06 -5.0118108378028493e-05 -8.8293782018486818e-06 -1.6112729649289323e-05 3.760956924326573e-05 1.2769002522915852e-05 -9.3132442836466663e-06 -3.2437600645838779e-05 3.0209288084159584e-05 9.5992622477765248e-06 1.4075606600776582e-05 4.1175987810423583e-06 -1.088904554202375e-05 3.9782613293790928e-05 3.8597310459351955e-05 1.9141061001287194e-05 -8.1076382693486507e-07 2.379266443588873e-05 -6.4210687690334319e-07 3.2081487608900841e-05 -3.5635823776258369e-05 -4.2986546755411499e-06 -1.3261661375133125e-05 -1.6046185592438894e-05 -1.783578323229389e-05 6.8909711786300474e-05 -7.4517332005852425e-06 -3.5214201448075288e-05 3.7578424412507526e-06 4.6521566879375517e-05 1.3741837286132318e-05 3.9750039021854484e-05 1.6708770439622064e-06 1.8006169194922507e-05 -8.0298624050943238e-06 6.4828958958445802e-06 8.7903748610131044e-06 -8.4717178925644431e-06 2.7456559453256639e-05 3.8096473279251045e-05 1.0519777319723466e-05 -1.5679021303228557e-05 0 0 4.0527117411354348e-05 6.2742107701803374e-06 1.1254756508135793e-05 6.622275575482003e-05 2.1356471624018942e-05 -7.4845800200804455e-06 4.3615572907038184e-05 -6.1440555538355084e-06 1.256035685623455e-05 -2.6321225758924204e-05 -1.8540856034879336e-05 -5.7346835975694933e-06 2.5240655273949402e-06
leaf_weight=45 58 53 34 34 742 207 34 59 235 46 41 63 35 43 79 154 72 37 1219 929 97 52 403 43 113 35 71 51 38 464 62 38 88 422 224 130 123 1205 42 46 45 466 542 39 41 37 102 1806 39 487 62 64 258 303 261 71 42 205 38 962 49 404 90 668 135 203 96 481 106 396 59 34 56 40 36 43 115 446 38 43 35 47 103 430 127 156 702 1597
leaf_count=45 58 53 34 34 742 207 34 59 235 46 41 63 35 43 79 154 72 37 1219 929 97 52 403 43 113 35 71 51 38 464 62 38 88 422 224 130 123 1205 42 46 45 466 542 39 41 37 102 1806 39 487 62 64 258 303 261 71 42 205 38 962 49 404 90 668 135 203 96 481 106 396 59 34 56 40 36 43 115 446 38 43 35 47 103 430 127 156 702 1597
internal_value=1.22833e-07 6.17965e-06 4.50283e-06 -5.04145e-06 -3.7261e-06 2.06391e-06 -2.15595e-06 2.13937e-05 1.33398e-06 -4.03361e-07 -1.78421e-05 8.80778e-06 -1.40677e-05 -1.58036e-05 -1.12868e-05 2.39344e-05 1.37385e-05 -3.68136e-06 -2.92249e-06 -2.69009e-06 6.15683e-06 1.0309e-06 -1.44757e-05 -3.95432e-05 9.8136e-06 -5.68836e-06 -8.94409e-06 3.43996e-05 -1.53091e-05 -2.27603e-05 1.91872e-05 4.13187e-05 -1.39571e-05 -1.82499e-05 -2.26761e-05 2.70859e-05 -2.42717e-06 -8.82585e-07 5.21258e-06 -2.31406e-06 -1.49204e-05 1.52217e-05 9.65394e-06 2.05305e-05 2.63288e-05 2.65956e-07 -1.02503e-06 2.14876e-07 -7.99301e-06 -8.7763e-06 6.40172e-06 -2.76917e-07 -1.08274e-05 -1.60505e-06 -3.29271e-06 -2.01126e-06 3.99113e-05 -1.47102e-06 5.05283e-06 2.18024e-06 1.60684e-05 1.37315e-05 1.86758e-05 4.62723e-06 8.24151e-06 -6.71676e-06 2.14902e-06 1.16628e-06 7.69461e-06 2.03349e-05 2.15478e-05 -9.72276e-06 -3.73964e-05 -2.5569e-05 2.73957e-06 1.771e-05 1.57005e-05 1.56038e-05 2.84918e-05 4.35982e-05 1.45396e-05 2.49915e-05 1.08706e-05 8.76446e-06 -1.30518e-05 -1.07922e-05 -5.32134e-07 1.59948e-06
internal_weight=20571 9476 8541 11095 10068 6765 8749 935 6577 5326 1027 1251 1319 982 628 876 1776 7435 6955 6918 1137 4698 480 77 902 177 105 114 1284 542 680 91 939 693 270 188 358 5173 971 4202 142 1671 809 267 228 4491 3815 2655 1745 1706 1314 2609 322 3713 2934 2673 196 246 1252 1000 252 725 494 779 203 1547 342 2287 676 862 111 68 144 504 231 139 156 589 143 81 118 83 570 533 549 235 2370 1668
internal_count=20571 9476 8541 11095 10068 6765 8749 935 6577 5326 1027 1251 1319 982 628 876 1776 7435 6955 6918 1137 4698 480 77 902 177 105 114 1284 542 680 91 939 693 270 188 358 5173 971 4202 142 1671 809 267 228 4491 3815 2655 1745 1706 1314 2609 322 3713 2934 2673 196 246 1252 1000 252 725 494 779 203 1547 342 2287 676 862 111 68 144 504 231 139 156 589 143 81 118 83 570 533 549 235 2370 1668
is_linear=0
shrinkage=0.0337242


Tree=37
num_leaves=89
num_cat=0
split_feature=20 20 25 20 28 52 52 1 9 19 52 19 30 22 22 1 50 44 0 43 45 5 1 19 52 15 15 49 51 38 15 48 18 37 41 4 51 36 16 6 42 17 19 9 44 52 19 17 5 20 54 29 10 22 42 20 51 1 4 54 21 42 1 8 54 48 29 51 54 29 24 40 18 52 50 24 36 22 18 17 51 39 17 20 49 20 43 40
split_gain=0.000531117 0.000224693 0.000189604 0.000131398 0.000118625 0.000114629 0.00010527 0.00010615 9.29534e-05 7.56662e-05 6.52102e-05 6.24472e-05 7.28801e-05 5.98335e-05 5.95834e-05 5.7265e-05 5.45676e-05 5.43054e-05 5.41882e-05 5.38945e-05 5.0512e-05 5.5165e-05 6.48839e-05 5.03237e-05 4.99816e-05 4.42822e-05 4.35139e-05 4.17319e-05 4.07385e-05 4.03288e-05 4.75814e-05 5.27342e-05 4.23561e-05 5.57124e-05 4.73803e-05 6.11982e-05 4.15112e-05 3.98723e-05 3.80714e-05 4.34237e-05 3.77895e-05 3.66259e-05 3.54696e-05 3.85953e-05 4.0446e-05 3.48296e-05 3.42341e-05 5.48804e-05 3.33678e-05 3.17034e-05 3.58246e-05 3.15005e-05 3.13771e-05 3.17493e-05 3.08412e-05 3.03595e-05 2.97255e-05 3.59389e-05 2.87997e-05 3.61215e-05 2.82215e-05 3.70993e-05 2.899e-05 2.81851e-05 2.79424e-05 2.75814e-05 3.01104e-05 2.93182e-05 3.97402e-05 2.7044e-05 4.1037e-05 2.69146e-05 3.29147e-05 2.65233e-05 2.62177e-05 2.56281e-05 2.53746e-05 2.52574e-05 2.52028e-05 2.51967e-05 2.77093e-05 2.4892e-05 2.63089e-05 2.47485e-05 2.45932e-05 2.7661e-05 3.56906e-05 3.94729e-05
threshold=0.74946808510638319 18.017241379310349 -1.0000000180025095e-35 0.011560736560736562 -0.4999125181208447 0.20672081706403328 0.20039329487206228 41.690253542635169 -0.80248091603053429 -0.0023894673174655874 0.24123666125773477 0.54394515662864873 16.500000000000004 -0.64107400748622112 -0.38122431004110385 33.270997435872495 7.9343938826544529e-14 0.0031071991761336686 22.500000000000004 -0.0037094284842828502 -0.0037313432835821554 -0.29068432889340151 145.09562867053276 -0.0023894673174655874 0.19659859071422126 0.024870211233971599 0.049107850126742715 21.197890840517065 27.77777777777867 -0.0037842985621813758 0.047779871308738127 94.481463546664031 -0.019427718783286526 -0.0015140054096180464 0.0027266543003817705 -0.37053394765108255 33.333333333335958 -0.0016116045919692399 0.5178571428571429 -46.749999999999993 -0.0049049681222182997 -0.10474020654749712 0.48681553571480413 -0.79484732824427462 -0.0015936265098183131 0.34886973641768743 0.031664368741388678 -0.10132456627951199 0.39621468049349207 1.6301945435708531 6.7940153952713711 9.5000000000000018 -1.5159774436090221 -0.75914842427302687 0.0037453183520600457 0.20446941323345821 33.3333333333319 144.37739017413534 -0.001703035784951099 -27.052249514346727 0.022212559072989236 -0.0038885304731759436 41.690253542635169 0.19999999999999932 0.87146255782622817 68.601818855118026 7.5000000000000009 66.666666666665549 -0.88703458641453437 9.5000000000000018 1.0000000180025095e-35 0.0047327945046945494 -0.25328815671832089 0.32070817585934719 33.333333333332973 1.0000000180025095e-35 -0.0037986738912417768 -0.89374798408773237 -0.062900867069006342 -0.035412583013955112 50.000000000003034 -0.0032025641025640868 -0.04293869401129282 0.070194107222709898 41.555018965263805 5.6957070707070718 0.0059113357871686265 0.0042402848032987448
decision_type=2 2 2 2 2 2 2 2 10 2 2 2 2 8 10 2 2 2 2 2 2 2 2 2 2 8 10 2 2 2 10 2 10 2 2 2 2 2 2 10 2 10 2 10 2 2 2 8 2 2 2 2 2 8 2 2 2 2 2 2 2 2 2 10 2 2 2 2 2 2 8 2 8 2 2 8 2 10 10 10 2 2 10 2 2 2 2 2
left_child=3 2 9 24 19 25 46 15 11 28 64 12 18 38 20 -8 -10 -13 -7 -5 21 22 -9 -15 -1 -6 -26 76 45 -18 36 32 33 -32 35 -34 55 -21 39 -14 -22 51 43 44 77 58 47 -4 84 50 69 -35 -44 -54 73 -31 -46 -58 59 -2 61 -49 -62 -12 -3 67 -67 79 -69 -45 -71 72 -38 -53 -48 -61 -23 -42 -78 80 -51 -39 -83 -27 -11 86 87 -86
right_child=1 10 6 4 5 8 7 14 16 48 63 17 13 23 -16 -17 29 -19 -20 37 40 27 -24 -25 26 83 -28 -29 -30 30 31 -33 34 41 -36 -37 71 81 -40 -41 42 -43 52 49 56 -47 74 60 -50 65 -52 54 53 -55 -56 -57 57 -59 -60 75 62 -63 -64 -65 -66 66 -68 68 -70 70 -72 -73 -74 -75 -76 -77 78 -79 -80 -81 -82 82 -84 -85 85 -87 -88 -89
leaf_value=-1.4542115554442604e-05 -3.8330017936659544e-05 1.0167550723735737e-05 -1.7912066610035768e-06 -2.4134278435248476e-05 -1.104147184887448e-05 -8.5674220320696623e-06 0 2.6400551833292435e-05 1.089331078117878e-05 -7.3672638327204776e-06 2.7876912299628551e-05 4.441145988324316e-05 1.1435887463444712e-05 4.0436066118066395e-05 4.5140709360822128e-05 -4.2859059503547405e-05 -5.5602282421697906e-05 0 -6.8922997605614479e-05 2.0796631738213366e-05 -2.2726857646410005e-05 7.5674285211345946e-06 -2.1286268632876776e-05 -4.5448874675246809e-06 -7.4325896166986422e-05 -1.0313548938930399e-05 -2.1758310091182547e-05 5.4131012125998862e-05 -3.3365625808478759e-06 -6.037731610648682e-05 1.7530302645852511e-05 2.5603084105962946e-05 -6.1069247258931328e-05 -9.0940799424481704e-06 3.4496796041430561e-06 -1.4671550305017066e-05 8.8113149051477014e-06 -2.3915734105851846e-05 1.9467727376164883e-05 -2.5662574520651545e-05 1.80782990968351e-05 4.0705979500636291e-06 5.0491449316035983e-06 5.1547316063664506e-06 -1.2391092787850862e-05 -3.5510087291296238e-05 1.9278939117857004e-06 3.1849156500459198e-05 1.6908760273294009e-05 8.477320066460425e-06 1.6131008446491928e-05 -4.4515405252257699e-05 4.8132404257028757e-05 1.0950237450779761e-05 -2.9618811125596805e-06 -2.7266093966615331e-05 4.1116632057345905e-05 2.9405867505460998e-06 1.0335209203411801e-05 -1.193576423325854e-05 9.59396489569778e-06 7.6673377528030541e-06 -8.999097726120861e-06 5.5998800297370503e-05 2.6848382491745333e-05 0 4.2100086079925773e-05 9.2427788406319655e-06 -3.5932513999932441e-05 -4.471534567579976e-05 -1.17140933636835e-06 -4.9699474623705172e-05 -2.0194375204282103e-05 -1.9696781048860529e-05 1.1565992525555315e-05 1.5585724602060981e-05 3.8805285864437521e-05 5.9983435276176835e-05 1.3401071357955827e-05 -6.7386949652354165e-06 3.2222324187256227e-05 3.30226025966445e-06 3.1068050278001124e-05 -1.9775150459276023e-06 2.2388643513531406e-06 2.2536966534230207e-05 2.7225994144364474e-05 -2.8753552574818419e-05
leaf_weight=79 59 486 1868 63 919 41 137 68 71 267 219 55 43 60 76 48 35 81 35 210 36 94 61 47 52 460 37 70 1737 62 68 37 71 324 34 72 46 34 37 151 41 103 71 48 43 74 521 81 189 327 59 101 81 50 67 102 51 76 64 468 165 1064 223 63 167 34 56 43 41 54 54 34 350 139 963 39 146 42 84 82 74 600 43 4038 710 86 60 50
leaf_count=79 59 486 1868 63 919 41 137 68 71 267 219 55 43 60 76 48 35 81 35 210 36 94 61 47 52 460 37 70 1737 62 68 37 71 324 34 72 46 34 37 151 41 103 71 48 43 74 521 81 189 327 59 101 81 50 67 102 51 76 64 468 165 1064 223 63 167 34 56 43 41 54 54 34 350 139 963 39 146 42 84 82 74 600 43 4038 710 86 60 50
internal_value=1.20123e-07 4.81056e-06 3.43106e-06 -6.14164e-06 -5.55355e-06 -6.94929e-06 6.71569e-06 1.29596e-05 -1.33384e-05 -2.617e-06 2.06931e-05 -1.08492e-06 -7.76333e-06 -7.60723e-07 1.52831e-05 -1.11604e-05 -1.72095e-05 1.85342e-05 -3.76346e-05 5.63261e-06 1.40287e-05 2.30947e-05 3.10169e-06 1.97747e-05 -3.57866e-05 -4.25879e-06 -5.35581e-05 2.93953e-05 -6.18522e-06 -1.84812e-05 -1.76142e-05 -1.29841e-05 -1.45412e-05 -1.10526e-05 -2.98022e-05 -3.83841e-05 -2.5371e-05 7.85581e-06 -1.06913e-05 -1.69415e-05 1.04791e-05 -1.38323e-05 1.14527e-05 8.98052e-06 2.07172e-05 -1.30765e-05 3.95166e-06 2.04883e-06 3.70706e-06 5.46441e-06 -5.49801e-06 -1.69078e-05 2.47428e-05 3.46786e-05 -2.48393e-05 -4.03732e-05 1.05154e-05 1.90322e-05 -1.0288e-05 -1.27908e-05 6.79106e-06 9.46244e-06 -8.43135e-07 3.45022e-05 1.45816e-05 9.19893e-06 2.68763e-05 6.22252e-06 -1.16564e-05 -1.42978e-05 -2.38384e-05 -1.94244e-05 -1.65809e-05 -3.0544e-05 8.2474e-06 -9.62808e-06 2.37528e-05 4.04479e-05 2.99475e-05 9.53202e-06 1.31002e-05 3.69889e-06 5.3094e-06 -2.85151e-06 1.49753e-06 4.21668e-06 2.17741e-06 7.27038e-08
internal_weight=20571 11770 10835 8801 8633 7683 7032 2147 2266 3803 935 550 414 338 1962 185 1716 136 76 950 1886 523 129 107 168 5417 89 394 2441 1645 1610 1016 979 802 177 143 594 887 231 194 1363 734 1327 1125 253 704 4885 3401 1362 872 215 631 202 131 307 164 170 127 630 566 1533 1145 388 282 653 657 90 567 84 156 108 430 396 240 1484 507 324 83 230 483 401 677 643 4498 1173 906 820 760
internal_count=20571 11770 10835 8801 8633 7683 7032 2147 2266 3803 935 550 414 338 1962 185 1716 136 76 950 1886 523 129 107 168 5417 89 394 2441 1645 1610 1016 979 802 177 143 594 887 231 194 1363 734 1327 1125 253 704 4885 3401 1362 872 215 631 202 131 307 164 170 127 630 566 1533 1145 388 282 653 657 90 567 84 156 108 430 396 240 1484 507 324 83 230 483 401 677 643 4498 1173 906 820 760
is_linear=0
shrinkage=0.0337242


Tree=38
num_leaves=89
num_cat=0
split_feature=49 20 20 20 25 31 27 0 27 38 31 1 29 0 42 35 15 50 27 26 20 19 27 1 31 7 31 0 51 0 7 19 53 40 16 31 47 48 47 39 47 8 10 29 16 20 0 7 1 17 31 51 22 26 20 26 53 44 38 11 10 31 31 31 8 31 9 48 31 17 16 39 11 17 19 31 50 8 39 19 24 26 22 1 55 11 29 9
split_gain=0.000487953 0.000209147 0.000160344 0.000132676 0.000122039 0.000110811 8.8491e-05 8.39615e-05 7.61327e-05 7.49412e-05 6.15591e-05 6.49307e-05 6.96541e-05 5.71116e-05 7.34063e-05 5.66686e-05 5.27105e-05 5.25378e-05 4.98978e-05 4.77008e-05 4.70233e-05 4.73232e-05 4.76719e-05 4.58537e-05 5.6479e-05 4.44362e-05 4.71502e-05 6.13821e-05 4.42676e-05 4.38584e-05 5.22991e-05 4.16003e-05 6.12749e-05 7.81454e-05 4.10416e-05 4.03685e-05 4.01443e-05 3.8491e-05 3.75809e-05 3.66476e-05 3.64826e-05 3.64078e-05 3.60507e-05 3.52701e-05 3.4547e-05 3.3635e-05 3.33073e-05 3.56173e-05 3.2964e-05 4.1801e-05 3.27557e-05 3.22011e-05 3.20813e-05 3.14572e-05 3.13838e-05 3.12955e-05 3.11745e-05 3.13967e-05 3.09266e-05 3.17509e-05 2.99153e-05 2.88653e-05 3.70115e-05 4.01595e-05 3.08811e-05 2.84435e-05 2.83327e-05 3.48824e-05 2.74237e-05 2.73619e-05 2.72129e-05 2.71159e-05 2.73948e-05 2.69371e-05 2.64529e-05 2.63861e-05 2.62903e-05 2.59495e-05 2.58011e-05 3.65774e-05 3.09164e-05 2.661e-05 2.51184e-05 2.50663e-05 2.79239e-05 2.50354e-05 3.39125e-05 2.49099e-05
threshold=48.963074175768817 6.0555984555984566 11.846052631578949 0.011560736560736562 -1.0000000180025095e-35 22.500000000000004 -3.8370548811900265 126.50000000000001 -1110.6953161687779 0.003192340421195317 239.50000000000003 82.6324042935412 5.5000000000000009 190.50000000000003 -0.0034944682791016586 1.0000000180025095e-35 0.2768635207098285 33.33333333333163 102.59622036467074 -0.0049316103150909476 0.5680236686390534 0.018928543174792981 -10.850609119871601 1337.1750026094032 41.500000000000007 1.571501613089066 41.500000000000007 105.50000000000001 33.333333333333378 27.500000000000004 0.057460896992741102 0.066133185009817921 46.448377945028334 0.0038167938931298333 0.48120300751879702 45.500000000000007 -98.765432098796126 52.281201952801815 122.22222222222675 0.0031662277946346022 55.555555555518069 3.5000000000000004 -1.4981203007518791 15.500000000000002 0.71898496240601517 0.51382517838939867 3.5000000000000004 0.069189998847793546 258.2966297456349 -0.021185015066849999 147.50000000000003 77.777777777778226 -0.61685261303581906 0.00081787277823867704 0.48586238140923149 0.00054179123249565502 57.95631974554454 0.0010443867077658544 -0.0031331601232976176 -0.62881679389312961 -1.7509398496240596 20.500000000000004 124.50000000000001 92.500000000000014 -0.099999999999996078 100.50000000000001 -0.21946564885496181 75.02057868898963 32.500000000000007 -0.39345140575173337 0.53289473684210542 0.0016299929327119325 -0.88645038167938928 -0.43172010766215146 5.9335644662959348 162.50000000000003 61.111111111111164 -0.05000000000000248 -0.001885015812102486 0.18332962030734737 1.0000000180025095e-35 -0.0060148481344392503 -0.85850808692345926 625.63510651332956 6466.5000000000009 -0.54293893129770987 7.5000000000000009 -0.20515267175572519
decision_type=2 2 2 2 2 2 10 2 10 2 2 2 2 2 2 2 10 2 10 10 2 2 10 2 2 8 2 2 2 2 10 2 2 2 2 2 2 2 2 2 2 10 2 2 2 2 2 10 2 8 2 2 10 8 2 10 2 2 2 10 2 2 2 2 10 2 8 2 2 8 2 2 10 10 2 2 2 10 2 2 8 10 8 2 2 10 2 10
left_child=2 3 4 5 17 -2 85 9 40 20 11 -4 -13 14 16 -15 54 44 23 -14 53 41 68 24 52 26 27 -19 -21 34 -31 48 33 -33 46 -26 -8 -30 -7 -34 78 61 73 55 50 76 83 -48 49 -9 70 -47 -16 71 -10 -18 57 -55 -56 -60 -41 82 63 64 -63 -65 67 -36 -23 -20 -1 -5 -73 -32 -70 77 -37 -38 -6 81 -81 -80 -22 84 -11 86 -3 -49
right_child=1 6 10 7 8 38 36 31 13 29 -12 12 19 15 18 -17 43 25 69 28 21 22 -24 -25 35 -27 -28 -29 37 30 42 32 39 -35 66 45 75 -39 -40 60 -42 -43 -44 -45 -46 51 47 87 -50 -51 -52 -53 -54 56 58 -57 -58 -59 59 -61 -62 62 -64 65 -66 -67 -68 -69 74 -71 -72 72 -74 -75 -76 -77 -78 -79 79 80 -82 -83 -84 -85 -86 -87 -88 -89
leaf_value=-9.8456897049350553e-06 -8.0612788131684366e-05 6.6115849226484584e-05 1.3107316026036694e-05 -7.7583925720579598e-06 -1.2798445891483047e-05 -4.7518469542110835e-05 -3.0526019857293461e-05 -5.2329670231414495e-06 -1.930788132559278e-06 2.4249976226271351e-05 2.2880610169646695e-06 8.2311522429240437e-06 6.8341960234839032e-05 -1.4767057771460567e-07 4.1493079113519907e-08 -3.9842678134757992e-05 2.927154808197424e-05 -6.4661267983720607e-06 -1.9423519994766877e-05 1.5430026215486968e-05 -4.7335038903999366e-05 -2.0504711742355007e-05 1.3173884648661208e-05 3.9330540980197343e-05 4.3405612110423561e-05 3.3720820601989743e-05 0 -5.268410781501758e-05 6.5506918962408319e-05 3.3276063120497447e-05 -7.8684208568693702e-06 9.6736659339477327e-06 3.7845935859943977e-06 5.2355591908235109e-05 -1.0488862696257288e-05 -4.114352563823415e-06 3.9736716664668555e-05 1.7459129344730358e-05 -3.4079697227846777e-06 -2.2352435957338745e-06 -1.4481422872922926e-05 -4.1463210719626941e-05 -2.6462481534986315e-05 -1.8959855298517777e-05 -4.0797659599678441e-05 9.4874157350228309e-06 -5.2149498588026976e-06 -2.9964651498366546e-05 1.9915050029697072e-05 -4.487377629239426e-05 -3.2393917131750203e-05 2.0774247469707041e-05 -2.7689411251542588e-05 3.6429761735683475e-05 3.3861813559655746e-05 -3.9862326747490674e-06 -1.3540054218114557e-05 0 2.8497257997293707e-05 7.0752197856277401e-06 -4.5188173932813988e-05 2.4391285144559769e-05 -7.6551677461680561e-06 3.2878849761876905e-05 -5.5440437375295315e-06 3.0369233739762775e-06 -2.5233153756586761e-05 2.4900663108233114e-05 -1.3733518821245524e-06 2.725776563125942e-06 2.1924481429332965e-05 -1.4544845491082038e-06 -1.7764646300436012e-05 2.6890305309779776e-05 2.8044174981700073e-05 -4.5884405198431886e-07 9.6904004877724722e-06 9.3109253927552686e-06 -2.5123258622355156e-05 4.4830409169003595e-06 2.7729930901354016e-05 0 -1.0365004684619424e-05 -3.2092911505207993e-05 -1.713653278904338e-05 1.5258001674308224e-05 2.5191913808632567e-05 -5.7060266514495361e-05
leaf_weight=158 48 44 444 2036 134 34 34 394 50 36 241 104 66 355 336 47 61 144 65 99 35 83 306 57 42 40 1373 45 64 36 98 260 319 63 96 327 41 36 78 50 229 34 92 63 57 1922 62 271 50 34 61 362 54 48 242 59 61 56 158 188 35 42 1676 69 469 94 69 47 965 1756 37 155 735 34 36 258 293 231 57 246 96 304 77 34 37 90 75 58
leaf_count=158 48 44 444 2036 134 34 34 394 50 36 241 104 66 355 336 47 61 144 65 99 35 83 306 57 42 40 1373 45 64 36 98 260 319 63 96 327 41 36 78 50 229 34 92 63 57 1922 62 271 50 34 61 362 54 48 242 59 61 56 158 188 35 42 1676 69 469 94 69 47 965 1756 37 155 735 34 36 258 293 231 57 246 96 304 77 34 37 90 75 58
internal_value=1.07077e-07 -5.18265e-06 5.21055e-06 -6.58854e-06 3.80144e-06 -3.71512e-05 1.16285e-05 -6.04366e-06 5.74601e-06 -7.30431e-06 1.77099e-05 2.21625e-05 3.27962e-05 7.13243e-06 7.95854e-06 -5.02908e-06 1.74015e-05 -3.76692e-06 6.45311e-06 4.20721e-05 -6.06098e-06 -3.55103e-06 1.37911e-06 8.87785e-06 8.32855e-06 -1.23248e-06 -2.18945e-06 -1.79819e-05 3.28737e-05 -1.61477e-05 -3.83378e-06 2.19011e-06 7.32805e-06 1.82979e-05 -2.05208e-05 9.93393e-06 4.48069e-06 4.91763e-05 -1.76617e-05 -1.20314e-06 -2.53514e-06 -6.3353e-06 -1.02294e-05 8.88473e-07 -1.64299e-05 9.41654e-06 -2.58945e-05 -3.05539e-05 -5.42207e-06 -8.60785e-06 -1.06267e-05 1.13186e-05 -3.55034e-06 -9.18522e-06 2.19865e-05 1.21143e-05 4.74956e-06 1.64065e-05 2.41847e-05 1.71369e-05 -2.10589e-05 -5.81093e-06 -4.961e-06 1.59503e-06 -2.89445e-06 1.62624e-05 -7.44192e-06 4.66742e-07 -1.86124e-06 1.88208e-06 -3.32181e-06 -1.00041e-05 -1.50327e-05 3.52344e-07 -2.18814e-07 6.90878e-06 2.25361e-06 1.42525e-05 6.17834e-07 3.31263e-06 1.12911e-05 -3.97819e-06 -2.27812e-05 -7.96461e-06 1.94918e-06 3.04547e-05 4.11358e-05 -3.50352e-05
internal_weight=20557 10085 10472 9312 9418 160 773 9152 7503 7947 1054 813 369 6437 6035 402 821 1915 5214 265 6977 3886 1390 3393 3336 1602 1562 189 199 970 260 1205 727 323 710 2946 564 100 112 404 1066 2496 224 183 313 2904 498 391 478 428 256 2284 390 3091 638 120 165 104 588 346 85 2462 2350 674 511 163 212 143 1084 1821 195 2926 890 132 1001 530 620 272 837 703 342 361 112 107 73 209 119 329
internal_count=20557 10085 10472 9312 9418 160 773 9152 7503 7947 1054 813 369 6437 6035 402 821 1915 5214 265 6977 3886 1390 3393 3336 1602 1562 189 199 970 260 1205 727 323 710 2946 564 100 112 404 1066 2496 224 183 313 2904 498 391 478 428 256 2284 390 3091 638 120 165 104 588 346 85 2462 2350 674 511 163 212 143 1084 1821 195 2926 890 132 1001 530 620 272 837 703 342 361 112 107 73 209 119 329
is_linear=0
shrinkage=0.0337242


Tree=39
num_leaves=89
num_cat=0
split_feature=25 20 28 20 20 27 27 31 0 31 31 20 51 10 36 31 15 31 36 27 40 27 1 26 39 55 31 20 41 0 43 31 5 1 10 31 54 16 45 20 51 30 0 31 55 6 31 31 27 40 51 28 27 1 21 42 47 26 26 55 3 1 7 4 31 4 50 42 40 12 20 47 12 44 15 15 0 31 16 31 20 12 27 47 51 6 51 5
split_gain=0.000452082 0.00020391 0.000107764 9.41568e-05 8.82356e-05 8.49003e-05 8.2384e-05 7.72247e-05 7.98683e-05 6.51523e-05 6.51098e-05 6.49313e-05 7.0845e-05 6.7928e-05 5.84377e-05 5.71639e-05 5.27916e-05 5.22496e-05 5.15454e-05 5.00662e-05 5.13172e-05 4.77036e-05 4.66272e-05 4.61734e-05 4.59732e-05 4.60941e-05 4.58242e-05 4.33005e-05 4.271e-05 4.6418e-05 4.57535e-05 4.14908e-05 4.12581e-05 7.66511e-05 5.84e-05 3.94471e-05 3.75852e-05 3.76876e-05 3.74781e-05 3.62891e-05 3.54439e-05 3.4437e-05 4.60847e-05 5.00709e-05 4.52918e-05 3.37905e-05 3.28662e-05 3.86364e-05 4.79915e-05 4.63466e-05 5.36452e-05 3.38331e-05 3.27291e-05 3.15922e-05 3.11926e-05 3.10317e-05 3.04087e-05 2.98197e-05 2.94651e-05 2.94376e-05 2.92225e-05 2.89372e-05 2.89228e-05 4.1984e-05 7.16943e-05 2.86008e-05 2.82461e-05 2.82188e-05 3.51693e-05 2.74377e-05 3.14897e-05 5.2646e-05 4.06235e-05 3.03765e-05 2.74094e-05 2.69854e-05 2.95795e-05 2.68352e-05 3.77833e-05 3.99075e-05 2.67892e-05 3.98549e-05 3.24778e-05 3.10353e-05 2.6685e-05 2.79597e-05 2.65453e-05 2.67973e-05
threshold=-0.4999999999999733 2.4921855921855927 0.999708420112566 10.577380952380954 21.775000000000006 -1110.6953161687779 88.80875756345965 32.500000000000007 145.50000000000003 122.50000000000001 261.50000000000006 0.011560736560736562 88.888888888889596 -1.7922932330827066 -0.0032336318626450806 254.50000000000003 0.028033215511461016 92.500000000000014 0.003733666660471036 -61.631537904564972 0.0060135308210407254 5.2106319591065775 79.012095259468339 0.0042746813186601501 -0.0034423509894537237 50987.000000000007 82.500000000000014 0.56155740810913235 -0.0018034279767131787 296.50000000000006 -0.0040788598047915006 197.50000000000003 0.29807925886319897 115.22047529595132 -1.3411654135338342 72.500000000000014 -17.765497567775625 0.51033834586466176 -0.0010065427813608638 88.500000000000014 72.222222222222001 18.500000000000004 5.5000000000000009 23.500000000000004 3221.5000000000005 -47.749999999999993 225.50000000000003 27.500000000000004 -1.5484355614436589 -0.002791348184162767 22.222222222222722 -0.98524558338186796 14.528233307481537 271.4809287207209 0.14201444052315512 0.0016090114999663954 -44.444444444455492 0.0015637012389770066 0.0038516265621834607 6219.5000000000009 -1.0000000180025095e-35 81.296109502628298 0.04053246341744441 -0.41985132002939679 40.500000000000007 -0.16758296116230423 33.333333333333073 0.003192340421195317 0.0032599858654239759 -0.8330152671755725 0.62133049922445005 -78.014184397151027 -0.30057251908396942 -0.0037313432835821554 0.052992770492620932 0.031975986957231438 182.50000000000003 118.50000000000001 0.15319548872180452 174.50000000000003 5.3976744186046526 -0.22805343511450379 -869.29289306857436 26.97107044932299 27.777777777778216 -50.249999999999993 3.4421848087933746e-13 0.42438722111635169
decision_type=2 2 2 2 2 10 10 2 2 2 2 2 2 2 2 2 10 2 2 10 2 8 2 8 2 2 2 2 2 2 2 2 2 2 2 2 2 2 2 2 2 2 2 2 2 10 2 2 10 2 2 2 10 2 2 2 2 8 8 2 2 2 8 2 2 2 2 2 2 10 2 2 8 2 10 10 2 2 2 2 2 10 10 2 2 10 2 2
left_child=2 5 3 10 14 17 7 8 23 45 11 26 19 60 -3 22 -16 41 31 36 27 -5 -6 52 -24 39 -1 32 29 30 -9 35 77 -34 -35 -4 37 -13 -32 56 67 42 43 -2 -44 57 47 51 80 50 -50 -18 -7 -47 -23 -51 -26 -8 -10 -53 -14 -25 -46 64 -64 86 -30 84 -69 -55 71 -71 -73 -72 -12 -15 -77 -21 -79 -80 81 82 -49 -82 -29 -86 -11 -88
right_child=1 4 18 21 15 6 9 28 58 65 74 12 13 75 16 -17 46 -19 -20 20 -22 54 24 61 25 -27 -28 40 66 -31 38 -33 33 34 -36 -37 -38 -39 -40 -41 -42 -43 44 -45 62 53 -48 48 49 55 -52 59 -54 69 -56 -57 -58 -59 -60 -61 -62 -63 63 -65 -66 -67 -68 68 -70 70 73 72 -74 -75 -76 76 -78 78 79 -81 83 -83 -84 -85 85 -87 87 -89
leaf_value=-5.2225966802538216e-05 -5.0853940009387328e-05 2.1920105052490863e-05 -3.7474277355552155e-06 3.4113010097456417e-05 1.3787956989754418e-05 -2.1965005747922121e-05 -2.3048529684009277e-05 3.7800799112876752e-05 -1.3034738896113388e-05 3.7223290057559068e-07 4.4825789884612659e-05 3.870783329916795e-05 6.3491183015336385e-06 -1.7106306088390557e-05 -8.229988806274167e-06 -3.0869572389288016e-06 -3.3024194463066642e-05 -8.6720878003863986e-07 -5.022370569887552e-05 -4.7978934662771196e-06 -4.8353657618978372e-05 -1.5079538009878002e-06 6.289982277458518e-05 -3.8289225547074709e-06 1.4495198979662878e-05 -3.2629178591661224e-06 -7.2166255435869334e-06 -1.2217325203301696e-05 4.9381517260997862e-07 -2.0731037390411712e-05 6.9664986635443102e-06 2.3757506124293074e-06 -8.5001605975676828e-06 -5.2098575358530928e-05 -1.1154371900529644e-05 -4.1429385607034123e-05 -2.505307100021523e-06 -4.548316985527224e-06 2.4532806622019498e-05 6.3072571843842131e-05 1.6049204561553727e-06 -2.7918056089532283e-05 3.511799793273981e-05 -1.0736974133437889e-05 -2.9839768089199892e-05 -1.1416529411970204e-06 -3.7376505954941938e-09 -8.963817229828506e-06 8.3242754612640031e-06 7.6951628680359201e-06 4.1089877587326281e-05 2.2899804225240482e-05 9.1807553469334945e-06 3.8899379474316846e-05 3.2647890707742725e-05 -1.7082959745640366e-05 4.4811447687640664e-05 1.0086985726045676e-05 -5.9230716139717318e-05 -3.3831909518976139e-06 3.1059709984101575e-05 3.137404755478305e-05 4.8052484247247512e-05 -2.9929364542742914e-05 -5.889302058497023e-06 -1.2716925267494436e-06 8.2254161002650498e-06 -3.4642078739019006e-05 0 -2.7998464605035253e-05 3.6551857913808024e-05 -4.46767880800412e-07 3.2677183346350206e-05 9.9874983060431429e-06 7.1608257920704313e-06 -2.6605644326764432e-06 1.4655843071680143e-05 -2.40710017665186e-05 -1.785899312744532e-05 -1.8071881731756416e-06 6.4294251533466112e-05 4.0722319005018779e-05 2.0284938423798888e-05 1.7176461149125863e-05 -2.3039272308415204e-05 -2.6566243046471829e-06 -1.9054261373568172e-05 3.9277609895929143e-06
leaf_weight=60 44 333 58 90 228 109 91 107 36 131 34 53 146 129 237 81 34 1551 77 789 38 170 59 37 115 40 55 655 802 37 419 75 244 121 69 90 895 34 225 44 588 133 41 250 39 402 437 67 143 1246 106 63 54 39 36 58 69 42 41 196 101 66 42 34 77 498 1817 94 59 59 67 148 56 259 87 1049 125 281 331 409 39 64 107 39 83 1391 424 59
leaf_count=60 44 333 58 90 228 109 91 107 36 131 34 53 146 129 237 81 34 1551 77 789 38 170 59 37 115 40 55 655 802 37 419 75 244 121 69 90 895 34 225 44 588 133 41 250 39 402 437 67 143 1246 106 63 54 39 36 58 69 42 41 196 101 66 42 34 77 498 1817 94 59 59 67 148 56 259 87 1049 125 281 331 409 39 64 107 39 83 1391 424 59
internal_value=1.02562e-07 4.31306e-06 -5.83942e-06 -5.09982e-06 1.07733e-05 1.31671e-06 3.39992e-06 6.4767e-06 -8.64076e-06 -1.62923e-06 -5.80631e-06 -6.19648e-06 -5.8046e-06 5.79575e-07 8.42351e-06 2.23296e-05 6.80467e-06 -4.31632e-06 -2.57724e-05 -7.43357e-06 -8.76466e-06 1.34769e-05 2.62132e-05 0 3.45812e-05 2.79861e-05 -3.15403e-05 -8.45159e-06 8.02703e-06 1.49913e-05 1.688e-05 -1.6896e-05 -1.19998e-05 -2.15229e-05 -3.77381e-05 -2.73152e-05 -3.51704e-07 2.06921e-05 1.32539e-05 3.38924e-05 -5.64363e-06 -1.22753e-05 -8.14406e-06 -1.70697e-05 2.70344e-06 3.89682e-06 8.21286e-06 9.91837e-06 1.17086e-05 9.1693e-06 2.26609e-05 -1.17147e-06 -1.10538e-05 6.02502e-06 3.99183e-06 6.51894e-06 2.63891e-05 -1.18579e-05 -3.88879e-05 2.63678e-06 1.68448e-05 1.77899e-05 -3.715e-06 2.31252e-06 1.23368e-05 -7.49564e-06 5.89472e-06 -7.55371e-06 -2.18145e-05 1.07665e-05 8.73961e-06 0 8.17228e-06 1.57436e-05 1.85432e-05 -2.42952e-06 -7.34491e-07 -9.66295e-06 -1.33279e-05 -9.11774e-06 2.38824e-05 1.75468e-05 8.46698e-06 4.19746e-05 -6.48346e-06 -3.86994e-06 -1.23863e-05 -1.60468e-05
internal_weight=20557 12041 8516 8216 3805 8236 6025 3750 343 2275 7920 7799 7684 1550 3169 636 2836 2211 300 6134 5152 296 555 266 327 268 115 5114 3407 788 751 223 2244 434 190 148 982 87 644 228 2870 660 527 294 233 1163 2599 2162 1869 1553 249 293 163 1030 206 1304 184 133 77 259 247 103 192 153 119 1112 2619 2282 153 628 589 263 204 326 121 1303 1174 1810 1021 740 316 238 174 78 2129 1474 614 483
internal_count=20557 12041 8516 8216 3805 8236 6025 3750 343 2275 7920 7799 7684 1550 3169 636 2836 2211 300 6134 5152 296 555 266 327 268 115 5114 3407 788 751 223 2244 434 190 148 982 87 644 228 2870 660 527 294 233 1163 2599 2162 1869 1553 249 293 163 1030 206 1304 184 133 77 259 247 103 192 153 119 1112 2619 2282 153 628 589 263 204 326 121 1303 1174 1810 1021 740 316 238 174 78 2129 1474 614 483
is_linear=0
shrinkage=0.0337242


Tree=40
num_leaves=89
num_cat=0
split_feature=25 17 52 31 52 53 38 26 13 52 38 31 19 39 40 21 50 50 53 52 55 52 31 31 27 2 13 38 6 53 41 27 26 31 31 25 41 31 31 6 21 1 6 22 7 53 22 50 1 26 13 13 1 7 18 9 16 45 31 26 27 47 38 5 47 9 17 27 27 39 18 10 53 9 1 9 17 13 50 53 9 48 47 48 10 19 3 41
split_gain=0.000415934 0.00014095 0.000139477 6.18467e-05 6.74185e-05 6.62928e-05 5.94049e-05 5.7456e-05 6.64971e-05 5.69982e-05 6.84796e-05 5.67041e-05 5.64342e-05 5.45448e-05 5.17373e-05 6.56739e-05 4.9426e-05 4.43309e-05 4.19561e-05 4.16617e-05 3.99972e-05 4.7576e-05 3.96579e-05 6.73071e-05 5.00645e-05 5.11293e-05 4.70252e-05 4.08242e-05 4.48228e-05 3.92918e-05 3.87735e-05 3.77682e-05 4.7568e-05 4.47201e-05 4.56174e-05 5.83417e-05 4.9756e-05 4.92921e-05 3.7387e-05 3.70187e-05 3.69568e-05 3.59874e-05 3.56258e-05 3.52851e-05 3.43682e-05 3.43301e-05 3.41368e-05 3.38555e-05 3.3806e-05 3.37859e-05 3.56318e-05 3.26306e-05 3.20441e-05 4.24866e-05 5.62472e-05 3.09866e-05 3.43597e-05 3.05315e-05 2.97657e-05 2.97081e-05 3.60546e-05 3.53226e-05 3.35483e-05 2.97854e-05 2.87225e-05 2.85131e-05 2.80712e-05 3.0683e-05 2.76197e-05 2.72121e-05 2.71678e-05 3.19848e-05 2.69448e-05 2.62134e-05 3.13347e-05 2.61414e-05 2.60916e-05 3.6308e-05 3.91798e-05 6.35661e-05 3.84678e-05 3.72332e-05 3.23737e-05 2.60216e-05 2.5926e-05 2.92945e-05 3.89122e-05 3.13839e-05
threshold=-0.50381386706673592 -0.11683025657529035 0.30898654311297541 23.500000000000004 0.24123666125773477 71.777003260092599 -0.0034944682791016586 -0.011935023193734419 -0.28205621083176041 0.37912215753209877 -0.0039151717055075355 148.50000000000003 0.54394515662864873 0.0065735459338001076 -0.0013468019575335608 -0.75240516446206962 38.888888888889817 -1.0000000180025095e-35 68.939743687842395 0.20401921502516154 49287.500000000007 0.28719961038599889 120.50000000000001 91.500000000000014 -270.46682960514516 -0.5434133748522757 -0.74311219328707578 0.0018501403436708144 1.0000000180025095e-35 34.45474099920051 0.0043336995614652327 -97.323144826611312 -0.012711844917278557 253.50000000000003 121.50000000000001 -0.99185007882035781 0.0036474177612615404 23.500000000000004 215.50000000000003 -35.249999999999993 -0.73586899128000749 30.036569418472311 49.750000000000007 -0.4575232585877862 1.1952413872565966 40.51253410542845 -0.86630469841952473 83.333333333333073 27.691624573210088 0.0044374031152362966 -0.0074634261840311128 -0.034671413314346734 145.09562867053276 0.12684353036064067 0.038323509053398215 -0.80248091603053429 0.46710526315789475 0.0043956256279464876 101.50000000000001 0.0038516265621834607 -2.0317120150576935 -1.0000000180025095e-35 -0.0010487679863434571 0.17684463212805027 -27.777777777776596 -0.5410305343511449 -0.24113542611392294 3.8269739105399476 24.274456302354412 -0.0018674152601478864 -0.12108809337153797 -2.3298872180451125 21.561235311897942 -0.66316793893129755 47.811516531101525 -0.23473282442748089 -0.07715909423363855 -0.23342497497934531 33.333333333333307 62.282608789658333 -0.23473282442748089 67.754716488075871 47.619047619067651 38.155814778008512 -1.0197368421052626 -0.95523301517187054 0.02314935320475053 0.0013995808113455024
decision_type=2 10 2 2 2 2 2 10 10 2 2 2 2 2 2 2 2 2 2 2 2 2 2 2 8 2 10 2 8 2 2 10 10 2 2 2 2 2 2 10 2 2 10 8 10 2 10 2 2 10 10 10 2 10 10 8 2 2 2 10 10 2 2 2 2 8 8 8 10 2 8 2 2 8 2 10 10 10 2 2 10 2 2 2 2 2 2 2
left_child=2 6 13 5 42 17 9 8 -4 10 -2 14 -13 31 15 -6 -10 -3 -18 -19 21 51 23 24 27 -26 -27 28 30 -17 55 32 45 34 37 -36 -37 40 49 66 -33 -35 48 52 84 -1 -31 59 -5 50 69 -21 -9 54 -54 -8 -57 -58 -25 60 61 -41 -62 65 -12 -63 -28 -68 -46 -24 71 -34 -71 74 -42 -50 77 80 -79 81 -55 82 -80 -75 85 86 87 -39
right_child=1 3 7 4 11 -7 22 43 16 -11 64 12 -14 -15 -16 29 18 19 -20 20 -22 -23 38 58 25 26 39 -29 -30 46 -32 33 70 41 35 36 -38 44 -40 47 73 -43 -44 -45 68 -47 -48 -49 75 -51 -52 -53 53 76 -56 56 57 -59 -60 -61 62 63 -64 -65 -66 -67 67 -69 -70 72 -72 -73 -74 83 -76 -77 -78 78 79 -81 -82 -83 -84 -85 -86 -87 -88 -89
leaf_value=4.8141693611477084e-05 -2.8614728712569718e-05 2.6357936184769198e-05 -2.8544028854949957e-05 1.6529513565207658e-05 7.8388299100798527e-05 4.0429910854030772e-05 -2.8422964133852009e-05 -1.3083596218730845e-05 4.4404657810534102e-05 4.7265044859576925e-05 3.1261996335917074e-05 1.1934030426036481e-05 -2.4439763933196969e-05 -4.3681777961994911e-05 1.1425174494831384e-05 4.2350141899845469e-06 2.2084293025120607e-05 0 -2.4348580208071571e-05 -4.8862281645590551e-05 -5.5950395776928677e-05 7.2854746941042993e-06 9.3867333320403574e-06 2.0060349305794526e-05 1.7914220233637213e-05 -2.6890558112155136e-05 2.8268828381455264e-06 -2.1852827947503946e-05 2.9591315824823774e-05 1.661920383501602e-05 2.6937443607629369e-05 -4.1169630236072983e-05 -1.5192620317249178e-05 3.2429133931312957e-05 -5.5460726266498121e-06 -1.4216223831676852e-05 -4.9731673744417497e-05 1.1250464524397417e-05 2.7219686746961205e-06 5.6179729788087922e-07 -1.1407494843359007e-05 1.781115926109008e-06 -5.7529710654252582e-06 3.481117552276517e-06 4.5459132868435882e-06 6.3982562739644651e-06 4.4961861046290629e-05 -9.4442855425537637e-06 8.5814791398748941e-06 -2.7744211317459906e-05 1.0922194394237605e-05 -5.8292634195078562e-06 -4.9114099891573987e-05 1.5306298528096464e-07 0 -2.356613550699542e-05 -2.9091263844879607e-06 3.0882569304186272e-05 6.38494161432563e-06 -1.5722804932481704e-05 1.810479083120658e-05 1.7634834105997211e-05 7.7962915669145238e-07 2.8154782190439236e-06 0 5.7667426632578422e-05 -4.8554723943941195e-05 -8.8001810193246829e-06 3.6295513569689445e-05 -1.8080535265772559e-05 -6.2306473118555315e-06 9.6629938183226974e-06 -4.7063912608009209e-06 -2.8683251290982292e-05 3.258785657376372e-05 1.8681219936954081e-06 7.7785223789048474e-07 -5.4960932774281435e-05 -1.6569815450624722e-05 -5.2284548419158545e-05 -3.8023858219954302e-05 -3.0502034097643414e-05 2.6364096504023072e-05 -3.8999179684339423e-06 -1.1935059094933665e-05 -1.0236482353353215e-06 -5.7490755168666505e-06 5.1457813048579856e-05
leaf_weight=42 43 36 56 452 34 34 76 581 44 57 87 519 52 39 250 75 48 158 41 50 36 61 134 286 233 66 82 171 44 95 37 49 67 58 2349 552 52 74 1165 75 36 208 228 76 103 62 139 166 2166 71 168 43 138 120 36 84 279 34 587 60 166 46 601 39 45 55 36 79 51 197 411 384 1829 89 34 1007 58 60 35 55 38 51 43 129 214 1433 67 38
leaf_count=42 43 36 56 452 34 34 76 581 44 57 87 519 52 39 250 75 48 158 41 50 36 61 134 286 233 66 82 171 44 95 37 49 67 58 2349 552 52 74 1165 75 36 208 228 76 103 62 139 166 2166 71 168 43 138 120 36 84 279 34 587 60 166 46 601 39 45 55 36 79 51 197 411 384 1829 89 34 1007 58 60 35 55 38 51 43 129 214 1433 67 38
internal_value=1.52488e-07 3.99496e-06 -5.83941e-06 8.08416e-06 9.12873e-06 -4.22199e-06 8.502e-07 -1.52096e-05 1.69543e-06 1.76407e-05 7.43928e-06 1.63034e-05 8.45225e-06 -3.70448e-06 2.37003e-05 3.23654e-05 1.51546e-05 -8.42727e-06 0 -1.23035e-05 -2.29486e-05 -1.46062e-05 2.68776e-07 2.94405e-06 1.75912e-08 3.21529e-06 8.21334e-07 -7.36478e-06 -2.71836e-06 2.69886e-05 -5.6954e-06 -3.44982e-06 2.64031e-06 -4.52997e-06 -5.22251e-06 -8.01031e-06 -1.74339e-05 -1.62775e-06 -2.18271e-06 2.1919e-06 -1.35585e-05 8.82715e-06 6.93615e-06 -1.77594e-05 3.54072e-07 2.41856e-05 3.38683e-05 4.45999e-06 7.76092e-06 -4.60481e-06 -3.85758e-06 -3.00047e-05 -1.91675e-05 -2.45904e-05 -3.93125e-05 -8.45243e-06 -4.38588e-06 4.52736e-07 1.09758e-05 6.76783e-06 8.24043e-06 2.05806e-05 4.6553e-06 3.06145e-05 1.99164e-05 4.03918e-05 -1.12253e-05 -2.20856e-05 1.56881e-05 -5.05187e-06 0 5.75615e-06 -6.05455e-06 -8.52514e-06 8.58087e-06 6.48136e-06 -1.88115e-05 -2.18783e-05 -3.01989e-05 -2.15989e-05 -8.41699e-06 -7.76661e-06 5.85968e-06 -1.44613e-05 -8.86222e-07 5.20598e-07 1.34232e-05 2.57553e-05
internal_weight=20554 12533 8021 5435 5017 418 7098 1480 189 232 175 1164 571 6541 593 343 133 384 89 348 190 154 6866 3302 2429 1704 1471 725 554 309 510 6502 966 5536 5270 2953 604 2317 3564 1405 337 266 3853 1291 1980 104 234 1208 3625 2399 2328 93 1215 634 174 473 397 313 873 1042 982 215 767 140 132 101 197 115 154 2160 862 451 2026 288 70 3173 460 402 244 184 158 129 78 218 1826 1612 179 112
internal_count=20554 12533 8021 5435 5017 418 7098 1480 189 232 175 1164 571 6541 593 343 133 384 89 348 190 154 6866 3302 2429 1704 1471 725 554 309 510 6502 966 5536 5270 2953 604 2317 3564 1405 337 266 3853 1291 1980 104 234 1208 3625 2399 2328 93 1215 634 174 473 397 313 873 1042 982 215 767 140 132 101 197 115 154 2160 862 451 2026 288 70 3173 460 402 244 184 158 129 78 218 1826 1612 179 112
is_linear=0
shrinkage=0.0337242


Tree=41
num_leaves=89
num_cat=0
split_feature=20 20 43 24 25 25 15 31 52 37 19 51 13 0 19 19 40 31 22 31 54 52 53 54 30 8 53 47 38 19 18 0 51 52 51 40 54 44 30 52 15 48 31 31 31 47 29 53 22 16 52 53 54 10 18 29 20 10 31 0 30 41 20 41 53 54 20 20 37 20 26 51 53 42 31 31 31 42 19 22 29 26 8 38 22 52 18 19
split_gain=0.00045311 0.000182564 0.00015995 0.000117983 0.000117033 0.00010595 7.37618e-05 7.06359e-05 5.94647e-05 5.84269e-05 6.9161e-05 6.86734e-05 5.38852e-05 5.70218e-05 4.88189e-05 4.7199e-05 4.62929e-05 4.44875e-05 7.08807e-05 8.79666e-05 4.43599e-05 5.00902e-05 4.30304e-05 4.81167e-05 6.00707e-05 8.70722e-05 4.94229e-05 4.64538e-05 4.13141e-05 4.18564e-05 4.09012e-05 3.93158e-05 3.91092e-05 3.84795e-05 3.71282e-05 3.64058e-05 3.50812e-05 4.30316e-05 3.4829e-05 3.43682e-05 3.39811e-05 3.3484e-05 3.33788e-05 6.12656e-05 3.89348e-05 3.33474e-05 4.93065e-05 3.3237e-05 3.175e-05 3.17411e-05 3.72191e-05 3.14297e-05 4.85798e-05 3.59222e-05 3.42167e-05 3.1139e-05 3.06492e-05 3.07588e-05 3.28526e-05 3.04539e-05 3.03075e-05 2.98915e-05 4.225e-05 2.96791e-05 2.9277e-05 2.92104e-05 2.90173e-05 2.87345e-05 3.1815e-05 2.80566e-05 2.73775e-05 2.69863e-05 2.66305e-05 2.66067e-05 2.62292e-05 3.43392e-05 3.10562e-05 2.6983e-05 2.61768e-05 2.60927e-05 2.59861e-05 2.57134e-05 2.54391e-05 3.16013e-05 2.53558e-05 2.52747e-05 2.74778e-05 2.52477e-05
threshold=1.112399732620321 21.775000000000006 0.0083635003654304336 500.99999999998937 -0.50301931929395438 -0.98479114933179546 0.021340335811957451 259.50000000000006 0.16851496608626443 -0.0012277475467659669 0.35593497249219302 91.666666666666814 -0.0025740577792405807 37.500000000000007 0.072977206469138536 2.0722347036662545 -0.0037558718560001809 22.500000000000004 -0.80130099318722803 12.500000000000002 19.081516746998535 0.24123666125773477 35.220606376626385 -3.7452812333428063 16.500000000000004 0.049999999999998941 63.690363620812924 41.666666666655949 -0.0037842985621813758 0.56196939332343743 -0.57720347158770779 171.50000000000003 100.00000000000045 0.19659859071422126 29.629629629629743 0.0018535697107124884 1.5327573952715563 0.0036843724689028527 16.500000000000004 0.19097994088765699 0.33011015141539907 72.892548505606229 121.50000000000001 213.50000000000003 92.500000000000014 -111.11111111109379 20.500000000000004 49.883083972507286 -0.86998040419993561 0.87124060150375948 0.21523617205139431 38.570486005919271 -14.091745811602861 -1.4201127819548869 0.21987315015484724 19.500000000000004 0.064796071375018763 -0.97932330827067626 119.50000000000001 209.50000000000003 17.500000000000004 0.0025756610808157503 0.14587804005722463 0.0012262420305545476 17.992527858071679 -21.737870116890324 135.16666666666671 0.71704319761668334 -0.0032025641025640868 0.69649014778325136 -0.00014275273497595291 98.148148148148707 26.150614459977636 0.0038046939839029297 27.500000000000004 110.50000000000001 93.500000000000014 -0.0037558718560001809 -2.4699325846480629 -0.93989575638184342 5.5000000000000009 -0.010366589288432272 0.55000000000000082 -0.0032336318626450806 -0.98525740747440382 0.17072890755403744 -0.33014411686968453 -0.19007103192997474
decision_type=2 2 2 10 2 2 10 2 2 2 2 2 8 2 2 2 2 2 10 2 2 2 2 2 2 8 2 2 2 2 8 2 2 2 2 2 2 2 2 2 10 2 2 2 2 2 2 2 10 2 2 2 2 2 10 2 2 2 2 2 2 2 2 2 2 2 2 2 2 2 8 2 2 2 2 2 2 2 2 10 2 10 10 2 8 2 10 2
left_child=2 3 4 9 5 14 12 8 -3 31 30 36 13 69 56 -13 40 18 45 -20 21 -7 48 24 -24 -26 27 -25 -18 59 33 84 35 -11 -21 82 -12 -38 -37 -31 65 -29 44 67 49 -8 -47 -41 63 51 -51 52 -19 60 -53 -55 -1 58 78 74 64 -16 -63 -23 -54 -5 -10 68 -44 70 -6 -46 -70 -22 -30 76 80 -77 -58 -64 -76 -40 83 -32 -2 -81 -87 -60
right_child=1 7 -4 16 6 20 17 -9 66 10 11 15 -14 -15 61 -17 28 42 19 34 73 22 23 26 25 -27 -28 41 29 39 32 -33 -34 -35 -36 38 37 -39 81 47 -42 -43 43 -45 71 46 -48 -49 -50 50 -52 54 53 55 -56 -57 57 -59 87 -61 -62 62 79 -65 -66 -67 -68 -69 72 -71 -72 -73 -74 -75 75 77 -78 -79 -80 85 -82 -83 -84 -85 -86 86 -88 -89
leaf_value=-2.4049716504995183e-05 -8.7040142828785535e-06 1.2127131028095972e-05 -5.8569535816412372e-05 5.2098646181860605e-05 -1.2447732300019578e-05 6.682678267630421e-07 2.6974015116568844e-05 -1.4519795024604055e-05 2.9209766936720295e-05 3.7564223966273703e-06 -4.1231843903677276e-06 1.1063678304578401e-05 -4.805731179018911e-05 2.3424901791162918e-05 -3.8066529146615662e-06 6.5488482807199216e-05 -1.5306344118324241e-05 1.5369313232475976e-05 -7.2361375457361525e-05 -3.4407817494889082e-05 -5.4060381637757496e-05 -7.3829546424871199e-05 -3.8296114668599615e-05 -4.0725285377290518e-05 -5.6031403507019834e-06 5.1523897701657186e-05 -4.050588246277462e-05 1.1708537201627898e-05 -1.0518313746390306e-05 1.0304407442657084e-05 1.6850853247662472e-05 -9.9793299076166998e-06 2.6590198207422024e-05 4.414704894548272e-05 1.1378621498445014e-05 6.8926407970626173e-06 2.2927552499459214e-05 -7.1809564633213402e-06 -3.2760737887021672e-05 6.1370235609288851e-05 2.2463734232516294e-06 -2.1910656848616431e-05 -3.9721528524769524e-05 6.7476454173645404e-06 1.2246317975955116e-05 -1.4178373071301052e-05 2.612719347339363e-05 1.3752248470393178e-05 -1.693716162567173e-05 9.6744065441561146e-07 4.5238458106782363e-05 9.2060099025117512e-06 3.493159770293819e-05 -1.1122095453343571e-05 -2.2148166380395676e-05 -3.982789169913451e-05 1.6811548249177094e-05 -2.1979236560940789e-05 -2.1538096672898554e-05 -1.0868718908833841e-05 -1.484905830705716e-05 -4.3781546197670939e-06 3.5405280183292892e-05 -2.6230099428958473e-05 4.7820354590272979e-07 2.231032968866825e-05 6.3716917914686722e-05 1.0013810991446523e-06 -2.1149147708312799e-05 9.7628214640017511e-07 -3.8388425297770673e-05 -1.3716184423468652e-05 -4.5854809832810588e-06 -1.4624180261972732e-05 0 3.3368492928376159e-05 4.677708637196892e-05 5.9355700904591911e-06 -3.4161094575462948e-06 2.8481358150898723e-05 2.3140523896346114e-05 -9.9259693638089752e-06 -1.5619672560463479e-05 -5.8510413933270183e-07 1.1191864741775507e-05 1.6667760672609291e-05 -1.8102774184190138e-05 -7.8500418416173098e-06
leaf_weight=150 72 302 62 59 340 169 42 55 389 88 189 40 44 55 1912 43 71 111 41 37 62 39 43 47 142 38 120 83 64 88 122 118 56 43 40 111 193 69 72 48 72 56 36 786 752 173 42 35 67 59 39 439 35 231 42 59 80 168 199 83 114 209 63 38 173 173 36 621 132 126 60 45 902 40 73 45 49 828 732 48 162 403 123 3797 1208 50 53 929
leaf_count=150 72 302 62 59 340 169 42 55 389 88 189 40 44 55 1912 43 71 111 41 37 62 39 43 47 142 38 120 83 64 88 122 118 56 43 40 111 193 69 72 48 72 56 36 786 752 173 42 35 67 59 39 439 35 231 42 59 80 168 199 83 114 209 63 38 173 173 36 621 132 126 60 45 902 40 73 45 49 828 732 48 162 403 123 3797 1208 50 53 929
internal_value=1.48016e-07 5.6182e-06 -4.43437e-06 4.18513e-06 -4.12365e-06 -7.59832e-06 -6.55951e-07 2.12492e-05 2.40882e-05 2.09891e-06 4.75323e-07 1.20015e-05 -1.15819e-05 -8.65318e-06 -5.45312e-06 4.04243e-05 1.17414e-05 7.03786e-07 -1.04286e-05 -3.20743e-05 -1.79334e-05 -1.52008e-05 -1.93293e-05 -1.45705e-05 -2.17251e-06 5.92005e-06 -2.32897e-05 -1.16628e-05 9.27316e-06 1.05218e-05 -7.82898e-07 8.24192e-06 -1.32192e-06 1.77523e-05 -9.36738e-06 -1.68055e-06 6.5564e-06 1.46293e-05 -9.54583e-06 2.64749e-05 2.39756e-05 -1.14051e-06 1.6372e-06 -9.8194e-07 4.77406e-06 -1.13958e-07 -5.85515e-06 4.2455e-05 -3.61404e-05 1.09734e-06 1.95718e-05 -3.26116e-07 -4.84627e-06 -8.67077e-06 6.26727e-06 -1.72956e-05 -9.00106e-06 -7.88438e-06 -6.61397e-06 8.35571e-06 -6.02916e-07 -1.98078e-06 6.04386e-06 -5.15943e-05 6.74037e-06 3.03025e-05 3.23602e-05 -4.63192e-06 -7.99167e-06 -1.21911e-05 -1.65805e-05 1.06592e-05 -6.79347e-06 -3.95429e-05 9.74169e-06 1.09459e-05 2.132e-05 7.46036e-06 -1.3042e-06 1.6674e-05 1.56006e-05 -1.35907e-05 -5.16342e-07 -1.76515e-08 9.99721e-06 8.21886e-06 -2.85448e-07 -1.03506e-05
internal_weight=20554 9379 11175 8597 11113 5537 5576 782 727 6747 5349 534 625 581 4593 83 1850 4951 375 118 944 842 673 529 223 180 306 186 1546 1475 4815 1398 4684 131 77 4628 451 262 586 171 304 139 4576 2477 2099 257 215 83 144 1302 98 1204 723 612 481 290 2258 2108 1940 1304 322 2335 423 77 208 232 425 1691 1070 526 400 797 1034 102 1221 1157 284 873 812 214 235 475 4042 3919 1280 151 103 1128
internal_count=20554 9379 11175 8597 11113 5537 5576 782 727 6747 5349 534 625 581 4593 83 1850 4951 375 118 944 842 673 529 223 180 306 186 1546 1475 4815 1398 4684 131 77 4628 451 262 586 171 304 139 4576 2477 2099 257 215 83 144 1302 98 1204 723 612 481 290 2258 2108 1940 1304 322 2335 423 77 208 232 425 1691 1070 526 400 797 1034 102 1221 1157 284 873 812 214 235 475 4042 3919 1280 151 103 1128
is_linear=0
shrinkage=0.0337242


Tree=42
num_leaves=89
num_cat=0
split_feature=20 20 36 20 25 19 37 25 50 0 40 6 36 48 36 22 4 52 42 1 15 19 1 4 0 26 52 19 42 55 12 12 52 51 5 13 39 45 2 0 1 22 29 50 48 22 55 52 19 38 38 26 43 1 15 0 36 11 52 42 1 22 4 9 5 45 26 42 52 55 0 13 15 48 20 19 53 44 2 19 36 26 15 19 26 19 45 45
split_gain=0.000399416 0.000148586 0.000129383 0.00012449 0.000101369 7.55126e-05 6.99818e-05 6.45853e-05 6.05716e-05 5.74164e-05 5.67813e-05 5.36094e-05 5.28062e-05 4.7006e-05 5.01354e-05 4.83556e-05 5.76505e-05 8.39965e-05 4.85946e-05 4.69204e-05 4.62891e-05 4.61319e-05 4.45558e-05 7.04001e-05 7.00918e-05 3.8118e-05 4.24898e-05 3.79485e-05 3.73934e-05 3.55833e-05 6.73035e-05 3.50161e-05 3.361e-05 4.23227e-05 3.29283e-05 3.24342e-05 3.88135e-05 3.19165e-05 3.19233e-05 3.05608e-05 2.97836e-05 4.64346e-05 3.54942e-05 3.48252e-05 4.02161e-05 3.55423e-05 3.77884e-05 3.03803e-05 2.89878e-05 2.84985e-05 2.83359e-05 2.82023e-05 2.81418e-05 2.77059e-05 2.74366e-05 3.53244e-05 5.41919e-05 3.36095e-05 2.72918e-05 3.16964e-05 2.75658e-05 3.47019e-05 2.83152e-05 3.20321e-05 2.61655e-05 3.37683e-05 2.82548e-05 2.53938e-05 4.2954e-05 4.19427e-05 2.91203e-05 2.53884e-05 2.53654e-05 2.47409e-05 2.7594e-05 2.46687e-05 2.44476e-05 2.53969e-05 3.16746e-05 2.42133e-05 2.45105e-05 2.34649e-05 2.84169e-05 3.14856e-05 2.21997e-05 2.20312e-05 3.39318e-05 2.90325e-05
threshold=1.6556466302367945 0.064796071375018763 0.0011983227789026387 65.708333333333357 -0.49700420168239895 1.8694798051233479 -0.003502637713164058 -0.25350426943294108 99.999999999999886 82.500000000000014 -0.0012143295308426614 -1.0000000180025095e-35 0.0031974440894568805 37.161791509319393 -0.0034188134087615447 -0.25381679389312967 -0.4591730736615976 0.22067748338303569 -0.0043243293783250527 114.38897919051099 0.12416552257163051 -0.1320711995638035 620.24002739256991 -0.93329894284583614 33.500000000000007 -0.0069123143075713166 0.31201143981053708 -1.0698122138540211 -0.0037558718560001809 14436.000000000002 -0.052480916030534348 -0.97900763358778609 0.16416124195504408 99.999999999998565 -0.19311365497411584 -0.039705280197747127 -0.0020020040080160335 0.0037998748616258076 0.38044895604752554 121.50000000000001 82.318141283958823 -0.41504651717557245 9.5000000000000018 66.666666666666686 63.817939278629879 -0.8320461593511449 8755.0000000000018 0.25834954704277663 0.040779818288488208 -0.0018066862078194854 -0.0015163010990021928 0.0051015754036467485 -0.0018674152601478864 26.945812287348094 0.026741425110144032 12.500000000000002 0.0034542417372628313 -0.28530534351145032 0.19331308454115989 0.0012070010431052272 143.17690767362961 -0.9502866251352694 -0.17933461473231946 -0.82538167938931284 -0.40460822766794396 -0.0024052925113393626 0.00095744152259771679 0.003510826245942678 0.32070817585934719 44880.000000000007 17.500000000000004 -0.00042504886584227242 0.18301283714198271 78.958182423615213 3.2160256410256416 1.5619776006284385 75.522548087264767 -0.0010443867077659095 -0.3776903571498586 0.61519472368947004 0.0012399260810340709 -0.011027825399821242 0.018543201839386448 -0.0494468342962655 0.00060265654492485559 0.036748927727460419 -0.0034423509894537237 -0.0014958871494678558
decision_type=2 2 2 2 2 2 2 2 2 2 2 10 2 2 2 8 2 2 2 2 8 2 2 2 2 10 2 2 2 2 8 10 2 2 2 8 2 2 2 2 2 8 2 2 2 10 2 2 2 2 2 8 2 2 8 2 2 10 2 2 2 10 2 8 2 2 10 2 2 2 2 10 8 2 2 2 2 2 2 2 2 10 10 2 10 2 2 2
left_child=1 10 7 4 5 21 19 29 13 12 -1 -5 48 14 20 18 17 -17 -15 -6 -9 67 25 24 -24 79 -27 64 -20 30 34 -29 -10 -34 37 49 -37 38 -3 -21 50 43 -43 44 -42 46 -46 -45 -4 -31 -33 -52 -51 -23 -14 57 -57 -56 59 -55 62 -62 -60 -64 -8 66 -66 68 -2 70 -70 81 -16 74 -65 -25 77 78 -74 80 -12 -36 -83 -84 -47 86 -30 -88
right_child=3 2 9 11 6 -7 27 8 32 -11 22 -13 54 15 72 16 -18 -19 28 39 -22 53 23 75 -26 26 -28 31 85 35 -32 40 33 -35 71 36 -38 -39 -40 -41 41 42 -44 47 45 84 -48 -49 -50 52 51 -53 -54 58 55 56 -58 -59 60 -61 61 -63 63 73 65 -67 -68 -69 69 -71 -72 -73 76 -75 -76 -77 -78 -79 -80 -81 -82 82 83 -85 -86 -87 87 -89
leaf_value=-5.8839821563240924e-05 -5.2907475863735386e-06 1.2303181362324061e-05 -1.3425423319010743e-05 3.922611340765695e-05 -1.4037727607475236e-06 4.1333143341275053e-05 -1.3198434212209216e-05 5.1889917007982709e-05 -4.9744472779273847e-06 -1.3342506089905029e-08 5.3811209410536473e-06 0 -3.2762929290441333e-05 -2.6033250555675447e-05 -1.3279486864582794e-07 8.9907851102814631e-06 5.6253648698008596e-07 8.3206451205227697e-05 3.4456127092710268e-05 2.8413195664897933e-05 2.0656012274273752e-06 -1.6248024950555298e-05 -8.4871059539259463e-05 -3.1339419036715604e-05 -1.522915659745497e-05 -1.1691058913899882e-05 -4.2650128691286346e-05 -1.3875542751257867e-05 -2.3674547249693323e-05 3.1702282275893302e-05 -5.0965124363564257e-05 1.2295322302513259e-05 -1.0234704052513466e-05 -5.7588763970596947e-05 0 -4.290877748215286e-05 -5.5033886275338434e-06 -2.1421392610875268e-05 -8.9292625397132144e-06 -2.2089357619545207e-06 8.8529646811386033e-06 2.0473270195565312e-05 6.0215845939455812e-05 3.7383196700773644e-06 6.5568538437521829e-05 -5.5580545431129787e-07 1.8434471364035342e-05 -3.336004195736537e-05 -3.392017999346586e-06 -2.4664753537743694e-05 4.9369703410236324e-06 -1.4294936985384132e-05 1.2880182610942221e-06 2.8057057046607565e-06 -3.2563286347315793e-05 -4.1258779274190157e-05 6.4647750575675281e-06 0 -2.2764936069668461e-05 1.9724995946282255e-05 3.9745191984678995e-05 -7.8707069952503556e-07 -2.6379199656042329e-05 -2.5170598467409095e-05 6.3942669846861573e-06 -5.927097371861768e-07 3.2809270788550109e-05 2.06180848456054e-05 -1.7974766863812917e-05 7.9173275845420703e-07 -6.2944593169546941e-05 9.5689462954609146e-06 -3.3596643443714293e-05 2.9133727792438817e-05 7.552830935396691e-06 -4.1045263168135798e-06 6.1446642394744632e-06 -2.5103554752702444e-05 -2.8730199903641265e-06 1.5218303060999865e-05 -1.7254918622224486e-05 3.2909646823283184e-06 -2.9594797757747745e-05 -1.213821728996324e-05 3.1968178671041439e-05 6.3419653389855278e-06 1.6275396430902837e-05 -2.9770160704215331e-07
leaf_weight=35 900 230 719 180 84 47 127 37 347 581 96 57 178 59 1389 41 70 35 48 349 60 76 41 65 34 439 61 76 63 34 42 652 70 36 141 34 758 62 119 35 788 137 37 77 44 58 48 35 660 49 1451 90 1453 337 152 34 126 40 88 218 37 56 44 39 201 742 66 35 42 35 39 61 45 40 117 115 99 125 326 82 113 82 173 494 35 1899 137 901
leaf_count=35 900 230 719 180 84 47 127 37 347 581 96 57 178 59 1389 41 70 35 48 349 60 76 41 65 34 439 61 76 63 34 42 652 70 36 141 34 758 62 119 35 788 137 37 77 44 58 48 35 660 49 1451 90 1453 337 152 34 126 40 88 218 37 56 44 39 201 742 66 35 42 35 39 61 45 40 117 115 99 125 326 82 113 82 173 494 35 1899 137 901
internal_value=-1.40691e-07 -3.70352e-06 -2.61585e-06 6.04907e-06 5.25014e-06 -8.56837e-07 7.82743e-06 -8.14414e-07 1.4038e-06 -9.46374e-06 -1.56972e-05 3.01888e-05 -1.22893e-05 2.42399e-06 -1.49864e-06 4.96307e-06 2.40654e-05 4.44409e-05 4.03433e-06 2.03582e-05 2.20673e-05 -1.84571e-06 -1.41612e-05 -2.66532e-05 -5.45889e-05 -1.00118e-05 -1.56614e-05 6.54933e-06 4.64806e-06 -4.27998e-06 -8.53742e-06 8.27987e-06 -1.03953e-05 -2.72291e-05 -7.15811e-06 -1.67082e-06 -7.23122e-06 5.97822e-07 4.78651e-06 2.53704e-05 8.79565e-06 1.30043e-05 2.94798e-05 1.0273e-05 1.23597e-05 2.6774e-05 4.20275e-05 -6.99192e-06 -8.69345e-06 1.13333e-06 6.33541e-06 3.75103e-06 3.77002e-07 3.08359e-06 -2.1463e-05 -1.54742e-05 -3.07239e-06 -2.53055e-05 4.68796e-06 9.62564e-06 -1.59175e-06 1.42994e-05 -6.39215e-06 0 1.0898e-06 2.98402e-06 1.32858e-05 -6.87166e-06 -7.91379e-06 -2.74317e-05 -4.08203e-05 -1.06117e-05 -2.69952e-06 5.4458e-06 -8.43747e-09 -1.44764e-05 -8.52897e-06 -1.16527e-05 -6.86015e-06 0 -6.39503e-06 -1.21035e-05 -1.44811e-05 -1.68109e-05 1.06451e-05 4.13891e-06 2.51305e-07 1.79657e-06
internal_weight=20609 13090 12009 7519 7282 2150 5132 9519 5787 2490 1081 237 1909 5334 2081 3253 146 76 3107 468 97 2103 1046 255 75 791 500 4664 3048 3732 1404 3528 453 106 1362 2328 792 411 349 384 3452 1259 174 1085 973 185 92 112 1379 1536 2193 1541 1502 1052 530 352 160 192 976 555 421 93 328 240 1136 1009 267 1051 1016 116 81 951 1984 196 156 180 595 496 371 291 209 890 749 667 93 3000 1101 1038
internal_count=20609 13090 12009 7519 7282 2150 5132 9519 5787 2490 1081 237 1909 5334 2081 3253 146 76 3107 468 97 2103 1046 255 75 791 500 4664 3048 3732 1404 3528 453 106 1362 2328 792 411 349 384 3452 1259 174 1085 973 185 92 112 1379 1536 2193 1541 1502 1052 530 352 160 192 976 555 421 93 328 240 1136 1009 267 1051 1016 116 81 951 1984 196 156 180 595 496 371 291 209 890 749 667 93 3000 1101 1038
is_linear=0
shrinkage=0.0337242


Tree=43
num_leaves=89
num_cat=0
split_feature=25 17 41 55 51 39 40 31 1 8 54 51 45 9 44 31 38 22 39 44 38 21 44 42 1 30 55 12 1 42 44 50 55 1 50 1 31 10 3 29 12 54 9 1 17 49 42 50 43 31 48 38 54 49 42 55 19 1 31 55 47 31 47 11 22 31 31 1 38 53 29 53 5 5 39 21 29 19 12 3 55 38 48 31 19 50 11 19
split_gain=0.000340193 0.000113 9.31535e-05 6.84131e-05 5.43258e-05 5.97125e-05 5.06561e-05 4.58106e-05 6.47767e-05 6.70396e-05 4.21083e-05 4.05371e-05 5.03232e-05 4.12889e-05 3.78433e-05 3.58067e-05 4.341e-05 3.56987e-05 4.04745e-05 3.49137e-05 3.43844e-05 3.374e-05 5.68953e-05 4.19602e-05 3.34323e-05 3.72398e-05 3.56047e-05 4.29377e-05 3.22551e-05 3.31466e-05 3.20226e-05 6.56944e-05 4.68863e-05 3.17405e-05 3.11882e-05 3.11595e-05 2.9335e-05 4.11495e-05 3.36935e-05 2.96243e-05 2.89343e-05 2.75416e-05 2.70563e-05 2.68573e-05 4.98531e-05 4.47996e-05 2.67226e-05 2.65371e-05 2.65061e-05 2.55376e-05 2.54378e-05 2.5272e-05 2.96011e-05 2.52282e-05 2.9922e-05 2.63506e-05 2.52089e-05 2.7806e-05 2.50676e-05 2.49414e-05 2.45402e-05 2.72385e-05 2.4373e-05 2.36053e-05 2.63845e-05 3.33441e-05 3.34471e-05 2.28529e-05 2.27611e-05 2.35798e-05 2.43172e-05 2.27174e-05 3.40265e-05 3.06282e-05 2.2347e-05 2.83518e-05 2.21918e-05 2.44258e-05 3.43587e-05 3.40627e-05 2.24045e-05 2.20421e-05 2.19837e-05 3.76452e-05 4.39644e-05 2.81682e-05 4.33838e-05 2.2496e-05
threshold=-0.49698614391840862 -0.13775928147216288 0.0041237132880874725 48132.000000000007 27.777777777778216 0.0072970676393132603 0.0037771516210721727 22.500000000000004 1337.7583949476659 0.050000000000002494 6.6310285013361172 84.444444444445679 -0.0037313432835821554 -0.22423664122137402 0.0063545861779338306 12.500000000000002 -0.0034944682791016586 -0.95099729130755961 -1.0000000180025095e-35 -0.0020020040080160335 -0.0013063362856020608 -0.18556173115919147 0.0065573946718481277 0.0049782222139613816 114.95742753623189 18.500000000000004 -2097.4999999999995 -0.74141221374045785 41.690253542635169 -0.0012012016344999374 0.0051380881823971389 99.999999999999773 53860.000000000007 256.82563930359026 33.333333333333073 114.1780982905983 129.50000000000003 -1.2171052631578942 0.30161287830394279 16.500000000000004 -0.95706106870228991 -6.807222323580004 -0.92461832061068694 131.19744600068279 -0.026301161463971209 5.2024066004179166e-14 -0.0031323433460393453 11.111111111111148 -0.0043811662635802042 115.50000000000001 71.503786543339615 -0.002419843595831916 -20.589557705484925 2.5636476086900712 -0.003660770124184753 3820.5000000000005 1.6811561245475135 156.91751033401189 182.50000000000003 -2299.9999999999995 -40.22988505746649 151.50000000000003 -74.588235294125113 -0.70896946564885488 -0.78612587994178262 72.500000000000014 29.500000000000004 82.6324042935412 -0.0043010951605741967 24.516082034291866 4.5000000000000009 26.150614459977636 -0.086245781829667953 -0.29068432889340151 -0.0012461064027353694 0.0075387160250301481 20.500000000000004 -0.79577957739444105 -0.51622137404580137 0.10279213798237495 45159.500000000007 0.0015785329486048829 21.999902601580768 29.500000000000004 -0.0052772606477393671 7.9343938826544529e-14 -0.52767175572519076 0.63767261098178107
decision_type=2 8 2 2 2 2 2 2 2 8 2 2 2 10 2 2 2 10 2 2 2 2 2 2 2 2 2 8 2 2 2 2 2 2 2 2 2 2 2 2 10 2 10 2 8 2 2 2 2 2 2 2 2 2 2 2 2 2 2 2 2 2 2 10 10 2 2 2 2 2 2 2 2 2 2 2 2 2 8 2 2 2 2 2 2 2 10 2
left_child=3 6 7 4 17 21 10 8 9 43 15 13 -13 20 19 -2 58 18 -1 -12 36 23 24 63 41 76 27 -27 -11 -30 51 32 -32 -31 68 -8 37 38 71 -39 -25 67 -20 74 -45 -46 47 -19 62 56 60 -5 -53 55 -55 -36 57 -18 -17 -38 61 -51 -22 -6 65 66 -65 -23 -15 -70 -71 72 -9 -73 75 -3 80 -78 79 -79 -26 -28 87 -84 -85 86 -86 -50
right_child=1 2 -4 30 5 -7 35 11 -10 28 14 12 -14 34 -16 16 49 46 42 -21 48 22 -24 40 25 26 81 -29 29 33 31 -33 -34 -35 53 -37 59 39 -40 -41 -42 -43 -44 44 45 -47 -48 -49 82 50 -52 52 -54 54 -56 -57 -58 -59 -60 -61 -62 -63 -64 64 -66 -67 -68 -69 69 70 -72 73 -74 -75 -76 -77 77 78 -80 -81 -82 -83 83 84 85 -87 -88 -89
leaf_value=3.1019014892138381e-05 -3.470029038292367e-05 1.7918331525814309e-05 -4.4980400949278579e-05 -3.0844915593617164e-05 -5.349347483729387e-06 -4.8276868328678664e-05 8.5167110794606802e-06 2.2465100243988453e-05 4.4756658636222726e-05 -4.338182638895304e-05 2.175421454362082e-05 5.235758279823344e-05 1.3841407204825794e-05 1.7643812510814154e-05 3.9510917905622238e-05 0 -8.8922661098731596e-07 -6.9175264614018049e-06 1.5637315044686841e-05 2.7058703555953824e-06 4.6839552680733246e-06 1.431271032617607e-06 -4.1748291728036992e-05 0 -1.0437156277402813e-05 0 5.1911615748941052e-06 -4.0170538060755547e-05 -3.0006986714578598e-05 2.6360842584472407e-05 5.4440097693207418e-06 -2.0856109147425606e-05 5.8043329991853667e-05 -1.7639391594764057e-05 -1.5522700524768623e-05 -2.1018200237063663e-05 3.0810029002994652e-05 1.2703194910763489e-05 4.6225500683534982e-05 -2.5665384884003726e-05 3.4064211224679929e-05 -6.0894182867244666e-06 -1.5195800847532401e-05 -9.7341610382923393e-06 5.5725356106930066e-06 4.7817550712876485e-05 -1.5260741866167564e-05 -4.6416322544127648e-05 3.0930280589140466e-06 -1.4788295688312436e-05 2.9396930883948007e-06 1.200206088005284e-05 -2.3426225986038949e-06 4.3666744224727131e-05 1.0692199334298317e-05 6.513627902077985e-06 -1.6459301852850003e-05 9.5551781929907779e-06 4.1369417572118806e-05 6.8998503839922626e-06 -9.3345351379963335e-06 4.3431034560542836e-06 4.707882812348229e-05 2.1968866071814521e-06 -7.5907067304039048e-06 5.8478302888742747e-07 4.9533046763013046e-05 3.0193849501980035e-05 1.0285997324741745e-05 4.306109394518646e-06 -9.9519455823594477e-06 2.5061833960964099e-06 -1.8682176655214245e-05 2.9370520411838191e-05 -9.3175148133374041e-06 -1.3493809907841653e-05 0 0 -6.304165672870406e-05 -4.1545903473755624e-05 -3.8363451120285664e-05 -1.0777568302363914e-05 -2.4864863757163062e-05 3.0065481950062828e-06 5.7645808013586237e-05 1.2039334071085569e-05 9.3772891857410446e-06 -1.5240245162778457e-05
leaf_weight=34 37 101 39 34 1004 38 46 51 34 53 118 46 373 62 35 34 732 35 38 2009 37 418 55 47 904 62 361 59 57 37 44 36 42 36 74 196 57 70 70 34 62 985 156 65 68 58 679 72 549 110 412 173 2614 40 231 339 79 465 42 681 1021 367 36 35 108 118 44 35 116 178 486 70 40 248 218 45 35 40 35 41 37 134 37 742 44 630 52 88
leaf_count=34 37 101 39 34 1004 38 46 51 34 53 118 46 373 62 35 34 732 35 38 2009 37 418 55 47 904 62 361 59 57 37 44 36 42 36 74 196 57 70 70 34 62 985 156 65 68 58 679 72 549 110 412 173 2614 40 231 339 79 465 42 681 1021 367 36 35 108 118 44 35 116 178 486 70 40 248 218 45 35 40 35 41 37 134 37 742 44 630 52 88
internal_value=-1.36946e-07 3.53003e-06 6.64651e-06 -5.25443e-06 -7.42236e-06 -5.84734e-06 7.47343e-08 6.98396e-06 -5.91492e-07 -2.81168e-06 7.60668e-07 8.0686e-06 1.83006e-05 7.20257e-06 4.43076e-06 -1.61523e-06 -1.21032e-06 -1.45606e-05 -2.31737e-06 3.80806e-06 9.21375e-06 -5.47735e-06 -7.40105e-06 -1.06663e-06 -6.76984e-06 -9.98336e-06 -3.14768e-06 -1.95767e-05 -2.0579e-05 -1.0539e-05 -1.0441e-06 1.57913e-05 3.2256e-05 3.33802e-06 2.47898e-06 -1.50047e-05 1.35895e-05 1.93884e-05 2.35634e-05 0 1.89242e-05 -2.88575e-06 -8.65808e-06 2.87259e-06 1.31918e-05 2.57858e-05 -1.79891e-05 -3.43995e-05 6.56045e-06 -1.83937e-06 -4.32227e-06 -1.80645e-06 -1.41751e-06 7.85478e-06 1.5916e-05 2.33119e-06 1.80144e-06 3.08737e-06 2.38885e-05 8.87755e-06 -6.38408e-06 0 2.69151e-05 -2.8051e-06 5.25317e-06 1.27851e-05 2.97849e-05 3.86693e-06 -1.77327e-06 -3.4406e-06 -5.98419e-06 1.94484e-05 3.31621e-06 2.37609e-05 -2.27662e-06 7.57446e-06 -1.37509e-05 -2.6278e-05 -3.37397e-05 -1.9885e-05 -1.16379e-05 6.73043e-07 5.82163e-06 8.0485e-06 8.94391e-06 1.4879e-05 3.25073e-05 4.08589e-07
internal_weight=20609 11995 6292 8614 5671 4657 5703 6253 772 738 5461 5481 419 5062 2162 3299 3262 1014 228 2127 3536 4619 3201 1418 3146 1708 616 121 183 130 2943 122 86 73 1526 242 1321 583 479 104 109 1438 194 555 191 126 786 107 2215 3186 1910 2821 2787 684 271 413 1276 1197 76 738 1498 477 73 1309 305 197 79 453 842 780 664 409 91 318 364 146 1092 151 116 81 941 495 2142 1505 1468 726 96 637
internal_count=20609 11995 6292 8614 5671 4657 5703 6253 772 738 5461 5481 419 5062 2162 3299 3262 1014 228 2127 3536 4619 3201 1418 3146 1708 616 121 183 130 2943 122 86 73 1526 242 1321 583 479 104 109 1438 194 555 191 126 786 107 2215 3186 1910 2821 2787 684 271 413 1276 1197 76 738 1498 477 73 1309 305 197 79 453 842 780 664 409 91 318 364 146 1092 151 116 81 941 495 2142 1505 1468 726 96 637
is_linear=0
shrinkage=0.0337242


Tree=44
num_leaves=89
num_cat=0
split_feature=20 20 24 20 40 19 20 54 31 19 49 31 19 44 31 31 48 1 1 19 16 20 42 15 42 45 20 7 51 30 31 1 20 1 0 36 26 31 2 1 49 30 31 51 0 52 1 7 31 5 53 4 51 0 20 39 7 31 20 52 52 3 55 4 39 4 26 31 52 52 31 4 19 53 7 1 42 31 1 15 3 42 43 10 0 15 51 55
split_gain=0.000359372 0.00015094 0.00011707 9.48555e-05 8.96699e-05 8.75255e-05 7.13868e-05 8.0313e-05 6.73744e-05 6.54282e-05 7.18583e-05 6.67867e-05 9.94814e-05 6.21935e-05 6.09627e-05 5.65656e-05 5.56971e-05 5.52838e-05 5.89698e-05 5.52628e-05 5.38172e-05 8.46312e-05 5.23999e-05 5.00457e-05 4.80153e-05 4.54879e-05 4.51491e-05 4.40197e-05 4.27159e-05 4.60997e-05 3.94223e-05 5.72987e-05 4.23728e-05 3.83983e-05 5.22414e-05 3.85805e-05 3.82956e-05 3.74643e-05 8.18053e-05 8.51873e-05 5.02314e-05 4.56595e-05 7.78361e-05 4.31976e-05 3.58692e-05 4.75331e-05 4.09122e-05 3.83041e-05 3.52031e-05 3.39256e-05 3.37153e-05 3.34204e-05 3.3183e-05 3.30342e-05 3.25839e-05 3.16717e-05 3.11983e-05 3.09366e-05 5.851e-05 3.06834e-05 3.02004e-05 2.98891e-05 3.28581e-05 2.97122e-05 2.92329e-05 3.20786e-05 3.1871e-05 2.77008e-05 2.66298e-05 2.65828e-05 4.69893e-05 2.63257e-05 2.63254e-05 2.60217e-05 2.50832e-05 2.48553e-05 2.4824e-05 2.47269e-05 2.40162e-05 2.43458e-05 2.357e-05 3.08528e-05 2.95158e-05 3.7962e-05 2.41676e-05 2.29971e-05 2.47514e-05 2.55904e-05
threshold=1.112399732620321 18.017241379310349 2000.999999999993 0.026365441906653426 0.0065412962784677795 0.036748927727460419 0.309266714761118 6.7940153952713711 79.500000000000014 -0.0023894673174655874 47.004214295311492 31.500000000000004 2.0722347036662545 0.0013764631433756949 242.50000000000003 133.50000000000003 79.863434531076322 131.13395890701079 714.78068446180566 5.3367265831417408 0.48966165413533841 0.011560736560736562 0.0030690545114315797 0.16538823755776824 -0.0032388685202960339 -0.0038734683670917365 35.928571428571438 0.33660992049775323 38.888888888888637 16.500000000000004 18.500000000000004 1337.7583949476659 0.070194107222709898 61.403197110367721 175.50000000000003 0.003407164913747041 -0.0019002537613765451 12.500000000000002 0.38705170254208626 40.950999833035389 41.107451441208873 16.500000000000004 6.5000000000000009 40.740740740740399 147.50000000000003 0.20541864465659007 41.514042042973124 0.53719466528401905 28.500000000000004 0.18388355066269249 27.31203135011646 -0.026442987167166029 49.999999999999972 47.500000000000007 0.15257640732421213 0.0031662277946346022 0.78745031109574837 90.500000000000014 2.5448791714614503 0.32365440609561741 0.34136355903304122 0.039129927599571845 36135.000000000007 -0.37053394765108255 -0.0015961702105976581 -0.7362591158346995 0.0018329274579836129 191.50000000000003 0.23360244510311348 0.210029832092993 52.500000000000007 -0.069160212561478876 6.6913851333035845 48.00214335672441 0.61433668913469297 60.945203375550221 0.0036923090905784943 226.50000000000003 61.363715440341494 0.098282171755685335 -0.4410584464678094 0.0013522656621439701 -0.0018399279601343241 -1.6231203007518797 25.500000000000004 0.058335296777585595 66.666666666666188 8796.5000000000018
decision_type=2 2 10 2 2 2 2 2 2 2 2 2 2 2 2 2 2 2 2 2 2 2 2 8 2 2 2 10 2 2 2 2 2 2 2 2 10 2 2 2 2 2 2 2 2 2 2 10 2 2 2 2 2 2 2 2 10 2 2 2 2 2 2 2 2 2 8 2 2 2 2 2 2 2 10 2 2 2 2 8 2 2 2 2 2 10 2 2
left_child=3 2 9 8 5 22 7 19 20 10 44 12 49 15 17 48 25 -3 23 64 21 55 37 51 27 36 -25 -8 -24 -30 32 52 -9 -26 35 80 -13 38 39 53 54 -41 43 -43 45 46 -2 -46 -4 76 60 -19 -32 -5 -39 -1 -31 58 63 -54 -47 -60 -63 -27 65 -7 77 78 -23 -18 -71 -56 -33 -65 -36 -51 -11 -66 -52 -80 81 -35 83 -82 -85 -50 87 -87
right_child=1 14 13 4 -6 6 24 30 -10 11 -12 16 -14 -15 -16 -17 69 18 -20 -21 -22 68 28 26 33 57 -28 -29 29 56 31 72 -34 34 74 -37 -38 40 -40 41 -42 42 -44 -45 47 50 -48 -49 85 75 67 -53 59 -55 71 -57 -58 -59 61 -61 -62 62 -64 73 66 -67 -68 -69 -70 70 -72 -73 -74 -75 -76 -77 -78 -79 79 -81 82 -83 -84 84 -86 86 -88 -89
leaf_value=-2.1992464159897064e-05 7.1264326383973822e-06 1.4067894715692616e-05 -1.0744562441241339e-06 -1.7230861223344141e-05 -4.6403843357346187e-05 -4.8170699006029303e-05 4.3052485387053291e-05 -1.5342724234499349e-07 -7.1650232961545181e-06 -1.3308001844184157e-06 -5.1381719806258614e-06 4.4112755197157524e-06 3.9250087407367048e-05 -2.7073612287180155e-05 7.7453141358973523e-07 8.7034612772097184e-06 1.4056904699025265e-05 3.7711934142030038e-05 1.0526968753548958e-05 -4.1896759402997978e-05 -6.9340781883062551e-05 -1.8704592177719871e-05 -4.2674609450518093e-05 4.3018774665915198e-07 6.1044669061363323e-06 1.3021823575459457e-05 4.5911702121648705e-05 0 -4.2267379130757761e-05 -1.1711848846070957e-05 -8.6193714142171071e-06 -3.6476050091286873e-05 4.7214712714723108e-05 1.4009438858724586e-06 3.5230991575060044e-05 -2.0877340171770123e-05 5.1957761897163521e-05 -2.8321472949387412e-05 -6.5872538094301046e-05 -2.960426819251463e-05 -8.3091653876260691e-06 6.2306884720213549e-05 -1.9450104740204325e-05 8.999017651057441e-06 -4.248271881740684e-05 -1.6819915543555234e-05 -2.9819215521261986e-06 -3.1753828625602835e-06 4.9165982359086141e-05 -1.04340934538008e-05 0 8.6877460808457962e-05 4.0334732955973842e-06 -6.2474220847210567e-05 1.4692662018614672e-06 -7.2370648017261026e-05 2.2205472059326343e-05 8.2477497475978672e-06 -1.4625804560239537e-06 3.3181525564813139e-05 2.0200537320393176e-05 3.3708422672434755e-05 0 -1.0642763169594034e-05 -1.0559431230129755e-05 -5.5850681725167895e-06 1.2969199704077105e-05 3.6907471183395608e-06 2.2968884744207233e-05 0 4.873642742510276e-05 -2.0273032093636102e-05 0 -3.8151011560187609e-05 3.2203905807721225e-06 -4.9106284084194435e-05 -3.0415042651693554e-05 2.0177706736737984e-06 1.0838050309994179e-05 3.1778055175154321e-05 4.2408358534181942e-05 3.3980677496767004e-05 -4.0593966981545396e-06 1.3279229744645277e-05 -1.970313794898111e-05 8.3108334796419325e-06 4.2516186131079541e-05 3.2026326889174286e-05
leaf_weight=34 807 412 47 53 56 45 62 35 218 257 2208 43 49 41 199 753 323 39 94 61 44 34 74 46 1290 38 68 54 53 231 231 67 43 143 62 124 44 46 36 35 2176 36 47 43 35 76 1031 184 58 48 50 45 731 37 1454 38 34 854 149 45 36 81 61 176 1137 47 79 170 35 37 79 66 42 58 64 43 40 196 117 200 35 46 1553 73 38 148 70 95
leaf_count=34 807 412 47 53 56 45 62 35 218 257 2208 43 49 41 199 753 323 39 94 61 44 34 74 46 1290 38 68 54 53 231 231 67 43 143 62 124 44 46 36 35 2176 36 47 43 35 76 1031 184 58 48 50 45 731 37 1454 38 34 854 149 45 36 81 61 176 1137 47 79 170 35 37 79 66 42 58 64 43 40 196 117 200 35 46 1553 73 38 148 70 95
internal_value=-2.20733e-07 4.63136e-06 3.22574e-06 -4.31176e-06 -3.70027e-06 -3.46827e-06 -8.9906e-07 -4.97769e-06 -2.04289e-05 1.59785e-06 -6.0712e-07 6.19108e-06 -5.58602e-06 1.29429e-05 1.77648e-05 1.44265e-05 8.88961e-06 2.24302e-05 3.3898e-05 -1.00119e-05 -3.55362e-05 -2.43017e-05 -7.10931e-06 4.45052e-05 2.24888e-06 5.7136e-06 2.84074e-05 2.36449e-05 -1.89929e-05 -1.31781e-05 1.53975e-06 0 2.47206e-05 1.49666e-06 -1.23834e-06 -2.60005e-06 2.95688e-05 -5.92911e-06 -1.78043e-05 -1.05249e-05 -4.99249e-06 3.6214e-06 1.36179e-05 3.45148e-05 3.05434e-06 4.23383e-06 1.40371e-06 -9.89876e-06 2.4505e-05 -1.14974e-05 1.20999e-05 6.52014e-05 2.43353e-06 -3.69049e-05 -3.22159e-07 -4.99235e-05 -6.99544e-06 4.18073e-06 -1.81674e-06 5.84832e-06 -4.05746e-06 8.4934e-06 1.96208e-05 -1.32024e-05 -8.65439e-06 -2.74657e-05 -7.36027e-06 1.56498e-05 1.03329e-06 1.95503e-05 3.40135e-05 4.616e-07 -2.33056e-05 -1.78741e-05 1.97388e-05 -2.977e-05 -5.57333e-06 -8.63761e-06 2.09261e-05 2.43543e-05 -1.34844e-06 9.84184e-06 -2.65016e-06 1.16778e-05 1.11717e-06 2.80061e-05 2.37762e-05 1.79801e-05
internal_weight=20592 9409 8506 11183 10780 10724 6303 2759 403 7294 4914 2380 437 1212 903 1171 1943 704 292 1565 185 141 4421 198 3544 1504 114 116 392 318 1194 1116 78 3428 2138 2012 87 4029 287 251 3742 161 126 79 2706 2487 1838 219 418 388 649 84 1007 90 1566 72 265 1417 563 776 112 291 142 272 1504 92 1412 537 69 439 116 1520 109 234 126 91 297 1333 367 317 1888 189 1699 146 111 371 313 243
internal_count=20592 9409 8506 11183 10780 10724 6303 2759 403 7294 4914 2380 437 1212 903 1171 1943 704 292 1565 185 141 4421 198 3544 1504 114 116 392 318 1194 1116 78 3428 2138 2012 87 4029 287 251 3742 161 126 79 2706 2487 1838 219 418 388 649 84 1007 90 1566 72 265 1417 563 776 112 291 142 272 1504 92 1412 537 69 439 116 1520 109 234 126 91 297 1333 367 317 1888 189 1699 146 111 371 313 243
is_linear=0
shrinkage=0.0337242


Tree=45
num_leaves=89
num_cat=0
split_feature=20 20 24 52 20 4 37 26 44 31 19 31 31 0 45 49 55 0 1 12 1 31 18 4 19 16 55 0 38 3 12 37 31 50 22 55 27 4 19 20 31 9 20 55 12 38 27 10 20 27 26 31 20 19 31 31 22 20 0 55 22 31 4 2 10 10 31 18 30 27 20 50 52 52 24 20 22 19 49 20 20 54 50 31 2 52 12 30
split_gain=0.00033603 0.00014131 0.000109387 8.90022e-05 8.44778e-05 6.37652e-05 6.06797e-05 5.83042e-05 5.81658e-05 5.73056e-05 5.65239e-05 6.91379e-05 5.28743e-05 5.10523e-05 5.03252e-05 4.91327e-05 4.49443e-05 4.4769e-05 4.4132e-05 8.83371e-05 4.33793e-05 0.0001048 5.45266e-05 5.14822e-05 4.66645e-05 4.27515e-05 4.56515e-05 4.49708e-05 4.24122e-05 4.23222e-05 4.13205e-05 4.07453e-05 4.04685e-05 3.94366e-05 5.98737e-05 4.8912e-05 3.82367e-05 3.75967e-05 3.7438e-05 3.69319e-05 3.66221e-05 5.34873e-05 3.63501e-05 3.56059e-05 3.49927e-05 3.48793e-05 3.63332e-05 3.31418e-05 3.13646e-05 2.99772e-05 2.97886e-05 2.96786e-05 2.93131e-05 3.20768e-05 3.31983e-05 2.93397e-05 2.90973e-05 3.24242e-05 2.87039e-05 2.8686e-05 5.32276e-05 3.42012e-05 2.86756e-05 2.79775e-05 2.76808e-05 2.74442e-05 2.7304e-05 2.72071e-05 3.52048e-05 3.30443e-05 2.68657e-05 2.67742e-05 4.33805e-05 4.64388e-05 2.67302e-05 2.66443e-05 4.50735e-05 3.38664e-05 2.68699e-05 3.26055e-05 2.63704e-05 3.69687e-05 3.41283e-05 2.98109e-05 2.63504e-05 2.61142e-05 2.56731e-05 2.50775e-05
threshold=1.112399732620321 18.017241379310349 2000.999999999993 0.20851911280123658 0.011560736560736562 -0.57381706145061895 -0.0037523584241502812 -0.0038351141498604514 0.0013764631433756949 56.500000000000007 -1.4350140563321074 31.500000000000004 145.50000000000003 260.50000000000006 0.0038167938931298333 48.220477336137286 4756.5000000000009 3.5000000000000004 131.19744600068279 -0.60973282442748078 80.616164491822758 58.500000000000007 -0.27924199798442323 -0.72822799479902744 -0.66359670848038721 0.52161654135338364 53165.500000000007 56.500000000000007 -0.0012961768243919811 0.41907621680191259 -0.45896946564885494 0.0032653082984145381 6.5000000000000009 49.999999999999886 -0.25381679389312967 51548.000000000007 -13.405891622859244 -0.80723189552829433 0.072977206469138536 0.24619250096637033 120.50000000000001 -0.63263358778625933 0.040169606999426281 37393.500000000007 -0.090648854961832045 0.0036957194758838745 -91.664428752025785 -1.5498120300751876 6.0555984555984566 14.528233307481537 -0.0094834345096997553 28.500000000000004 7.1004464285714297 -0.0023894673174655874 258.50000000000006 90.500000000000014 -0.85521529103053429 2.4353400222965447 15.500000000000002 6931.0000000000009 -0.95559386029713533 14.500000000000002 -0.31347871558595736 -1.0000000180025095e-35 -1.482142857142857 -1.0704887218045109 204.50000000000003 -0.25689131985275848 17.500000000000004 -326.71719570627687 2.5448791714614503 36.111111111110937 0.34136355903304122 0.20161792586349139 -1.0000000180025095e-35 5.3976744186046526 -0.93499020209996775 0.056170471165426512 41.555018965263805 1.9859126984126989 0.24619250096637033 6.2317938519733387 93.333333333332988 125.50000000000001 -0.39022022263198047 0.17292779432616087 -0.13263358778625953 16.500000000000004
decision_type=2 2 10 2 2 2 2 8 2 2 2 2 2 2 2 2 2 2 2 8 2 2 8 2 2 2 2 2 2 2 10 2 2 2 8 2 10 2 2 2 2 10 2 2 10 2 10 2 2 10 10 2 2 2 2 2 10 2 2 2 10 2 2 2 2 2 2 10 2 8 2 2 2 2 10 2 8 2 2 2 2 2 2 2 2 2 10 2
left_child=3 2 5 15 31 36 86 25 12 18 40 13 51 29 28 66 -16 42 49 -20 21 32 23 -22 30 27 47 67 -13 75 -24 -5 -9 34 39 44 -2 -29 -19 -26 41 -8 -17 -21 59 46 -39 -27 -31 -3 -42 -4 53 54 -30 65 84 -58 -11 60 -35 -61 64 -15 -41 70 80 68 -6 -70 -55 -53 73 -73 -62 77 -77 78 79 -12 81 -1 -83 -82 -18 -44 -7 -54
right_child=1 9 8 4 7 6 10 20 -10 58 11 14 -14 63 16 17 56 38 19 43 22 -23 24 -25 33 26 -28 37 52 48 -32 -33 -34 35 -36 -37 -38 45 -40 62 50 -43 85 -45 -46 -47 -48 -49 -50 -51 -52 71 87 55 -56 -57 57 -59 -60 61 74 -63 -64 -65 -66 -67 -68 -69 69 -71 -72 72 -74 -75 -76 76 -78 -79 -80 -81 83 82 -84 -85 -86 -87 -88 -89
leaf_value=-1.456680680845932e-05 5.8935696052627866e-05 2.8373745441016268e-05 -1.0382218755842106e-06 -7.3179240412563377e-05 -2.3441370428982943e-05 1.2176637839787459e-05 3.4384318110238415e-05 -2.3613695858113999e-05 -2.6160579711969821e-05 1.9180586230365808e-05 3.1236211399743282e-05 9.2136868739882644e-06 7.674501583707377e-06 -4.5774755464971675e-06 -5.0174380341566004e-06 -4.565409366581954e-05 6.4843220021693507e-05 -6.5914008731078343e-06 8.6094334736215111e-05 3.761546245098635e-05 -4.2314837497563543e-05 7.2754614719811714e-06 -2.9571725675535696e-05 -2.7086749341886558e-06 -1.9584895685480046e-05 3.5168425449644569e-05 -3.4466435023258293e-05 2.8878645389014553e-05 -3.2829140056811172e-06 -4.7608626357624677e-05 4.5106863026754541e-06 -1.7831726828546536e-05 -7.2635439059593083e-05 4.1331940382022572e-05 4.787536967583094e-05 2.9125481459531165e-05 5.5610244960020326e-06 2.6724844801986162e-05 1.3260250330177588e-07 5.0705395732123702e-05 -2.1382391110985977e-05 -2.7679510923685462e-06 -8.1454755948846408e-06 -6.8056065101055631e-08 -3.4074474633224507e-05 -2.8965446356312471e-05 -7.3807162046580008e-06 0 -2.4628935517006231e-06 4.5900791574272849e-06 -5.4722888522257545e-06 1.8844183526715568e-05 3.0610478219373335e-05 -1.315920331176696e-05 2.3855857351017218e-05 8.6815807505096943e-06 -5.7912445912118169e-06 3.4061663086886585e-05 1.8935934430307894e-06 -3.3654069051431965e-05 -2.1305594911520193e-05 -1.3003065169693348e-06 0 -4.5650720559755822e-05 1.3065724191555959e-05 1.5488830835497706e-05 7.1264539472268941e-06 -2.5066110685368328e-05 1.5155475754452198e-05 -1.1198988131603815e-05 3.2085403242456095e-06 2.2050297624628519e-05 7.439856369749781e-06 7.2508560164625193e-05 1.5761770991270427e-05 3.2940096567138488e-05 0 -2.8568711088419967e-05 -1.1750158033970885e-05 -2.1325903254388157e-06 4.6961937450475318e-06 7.9852358168012861e-06 -2.3785810648490284e-05 -3.2129388063271662e-06 1.9036860432643197e-05 -3.2820207371486743e-05 4.3042131243333664e-05 6.0156296598715094e-06
leaf_weight=327 35 138 47 34 266 150 60 63 41 190 48 989 683 37 55 36 40 1722 39 82 63 92 88 106 43 35 39 35 1881 41 67 38 35 47 54 59 35 42 2018 36 162 152 719 36 39 69 219 226 39 127 1016 298 60 231 52 751 41 45 291 45 45 258 103 56 88 87 635 405 60 390 211 45 44 54 42 59 252 68 154 94 1190 219 46 984 34 56 45 314
leaf_count=327 35 138 47 34 266 150 60 63 41 190 48 989 683 37 55 36 40 1722 39 82 63 92 88 106 43 35 39 35 1881 41 67 38 35 47 54 59 35 42 2018 36 162 152 719 36 39 69 219 226 39 127 1016 298 60 231 52 751 41 45 291 45 45 258 103 56 88 87 635 405 60 390 211 45 44 54 42 59 252 68 154 94 1190 219 46 984 34 56 45 314
internal_value=-2.1267e-07 4.47903e-06 3.11854e-06 -4.16875e-06 -8.89874e-06 1.54448e-06 1.2202e-06 -8.03824e-06 1.25118e-05 1.71874e-05 6.91134e-07 2.20478e-06 1.39484e-05 -6.62982e-06 3.78867e-06 -2.23475e-06 1.98157e-05 -4.5296e-06 2.63781e-05 4.10172e-05 -2.72145e-06 -1.76872e-05 -2.36118e-07 -1.80451e-05 2.63672e-06 -1.20714e-05 -1.30044e-07 -1.44172e-05 3.01453e-06 -3.58008e-06 -1.42157e-05 -4.53106e-05 -4.21078e-05 5.79014e-06 1.5077e-05 0 3.36292e-05 -3.79489e-06 -2.93747e-06 8.15935e-06 -5.37994e-06 7.29092e-06 -1.17527e-05 2.52997e-05 -3.4236e-06 -7.55318e-06 -1.52212e-06 4.63036e-06 -2.68083e-05 1.73403e-05 -7.74232e-06 2.25311e-05 1.27836e-06 2.07478e-07 -2.50284e-06 4.376e-06 2.89561e-05 1.39381e-05 8.92309e-06 -4.66975e-07 1.22824e-05 -6.42434e-06 1.38407e-05 -3.03491e-05 2.47729e-05 -1.55374e-06 8.07659e-07 -1.77896e-05 -1.35387e-05 -7.47026e-06 -5.12696e-06 2.52622e-05 3.79609e-05 5.05494e-05 -2.3e-06 -6.839e-07 6.40415e-06 -7.00544e-06 -1.72516e-06 8.46633e-06 -6.08023e-07 -6.94042e-06 2.10551e-06 1.07189e-06 4.51033e-05 -1.00531e-05 1.97951e-05 1.02198e-05
internal_weight=20592 9409 8506 11183 3231 7294 7224 3159 1212 903 7029 5639 1171 848 4791 7952 215 4551 422 157 1373 190 1183 169 1014 1786 300 1486 4576 755 155 72 98 859 324 535 70 365 3740 270 1390 212 811 118 476 330 261 261 80 265 1178 488 3587 3213 1933 1280 160 86 481 437 134 303 227 93 124 529 3401 1121 716 450 442 441 143 99 87 675 311 364 296 142 2766 592 265 2174 74 775 195 374
internal_count=20592 9409 8506 11183 3231 7294 7224 3159 1212 903 7029 5639 1171 848 4791 7952 215 4551 422 157 1373 190 1183 169 1014 1786 300 1486 4576 755 155 72 98 859 324 535 70 365 3740 270 1390 212 811 118 476 330 261 261 80 265 1178 488 3587 3213 1933 1280 160 86 481 437 134 303 227 93 124 529 3401 1121 716 450 442 441 143 99 87 675 311 364 296 142 2766 592 265 2174 74 775 195 374
is_linear=0
shrinkage=0.0337242


Tree=46
num_leaves=89
num_cat=0
split_feature=20 20 19 31 20 29 37 31 49 10 19 31 19 45 5 24 1 20 20 4 31 49 6 48 4 39 40 31 9 48 4 19 52 4 4 31 19 31 31 9 19 9 20 31 19 1 53 10 31 52 52 19 7 45 51 41 31 4 52 38 52 16 11 41 50 9 20 36 21 17 52 54 38 16 1 19 20 16 53 27 45 27 13 23 20 17 20 53
split_gain=0.000322879 0.000142643 0.000117741 0.00010635 9.30432e-05 8.95532e-05 8.21878e-05 7.7605e-05 7.75935e-05 7.2216e-05 6.9199e-05 6.04827e-05 5.63278e-05 4.86738e-05 4.82403e-05 5.5761e-05 5.99719e-05 4.78347e-05 4.74813e-05 4.64215e-05 4.85231e-05 4.38867e-05 4.34185e-05 4.04167e-05 4.00918e-05 5.35955e-05 3.82286e-05 3.80564e-05 3.78896e-05 4.66185e-05 3.66957e-05 3.58979e-05 4.18713e-05 3.58667e-05 3.52425e-05 5.99072e-05 3.61571e-05 4.13535e-05 4.33677e-05 3.48726e-05 4.93872e-05 3.36978e-05 4.54345e-05 3.813e-05 3.60275e-05 3.36716e-05 3.30594e-05 3.21924e-05 4.80267e-05 3.18647e-05 4.82283e-05 5.60353e-05 4.17304e-05 3.15953e-05 3.13963e-05 3.13836e-05 3.12689e-05 3.10926e-05 3.08891e-05 3.07161e-05 3.03421e-05 3.34877e-05 3.03008e-05 3.48108e-05 5.49535e-05 2.90359e-05 4.53174e-05 3.41896e-05 2.86638e-05 5.18209e-05 2.8283e-05 6.84356e-05 2.8258e-05 3.31268e-05 2.70175e-05 2.68428e-05 2.64024e-05 2.6151e-05 2.59781e-05 2.57471e-05 2.61623e-05 2.54958e-05 2.50216e-05 2.87174e-05 2.72763e-05 3.14279e-05 2.55988e-05 2.47521e-05
threshold=0.68214487396683621 8.7192118226601014 0.027249287750612087 30.500000000000004 0.035087852626459151 10.500000000000002 0.0032653082984145381 223.50000000000003 44.331607280427093 -1.5046992481203001 5.3367265831417408 12.500000000000002 0.076749478042883026 -0.0031529173183468813 -0.15366310279765924 -80000.499999999985 1366.596529440327 2.1036721898790867 88.500000000000014 -0.39509723557012827 89.500000000000014 47.004214295311492 -35.249999999999993 22.468220257617716 -0.02038343038046243 -0.0018066862078194854 -1.0000000180025095e-35 18.500000000000004 -0.68034351145038163 97.912002992920279 -0.21747978969981341 3.2243351769609778 0.26148092408849305 -0.80026428854090104 -0.27897280795974894 122.50000000000001 -9.2756910664502339 22.500000000000004 175.50000000000003 -0.31202290076335876 -0.017530697576559003 -0.77290076335877844 3.2160256410256416 97.500000000000014 -0.54022653477796456 26.974809438296543 29.891588327793809 -0.9567669172932326 41.500000000000007 0.22067748338303569 0.30213559502178183 0.872883855608663 0.087142815992625897 0.0019436364323222046 66.666666666668547 0.0016220610831632067 261.50000000000006 -0.0040773927299451625 0.34886973641768743 -0.0041768191624845232 0.18888895222646221 0.49906015037593993 -0.7232824427480915 0.0020020040080160899 33.333333333333883 -0.08206106870229006 0.93156539046950015 -0.001586043820592131 -0.10607986317835987 -0.025379596852052305 0.19444148919142903 14.330894703712039 -0.0041768191624845232 0.87124060150375948 624.12980367585646 -8.0478244248973265 13.455555555555557 0.94266917293233099 49.24796677238394 237.6290091096451 0.0032180229999326797 0.090534192197844449 -0.25752742196578376 0.12500000000000358 0.16465746792544181 -0.013596735028232056 0.10874113152628707 60.229274358685714
decision_type=2 2 2 2 2 2 2 2 2 2 2 2 2 2 2 10 2 2 2 2 2 2 8 2 2 2 2 2 8 2 2 2 2 2 2 2 2 2 2 8 2 10 2 2 2 2 2 2 2 2 2 2 10 2 2 2 2 2 2 2 2 2 10 2 2 8 2 2 2 10 2 2 2 2 2 2 2 2 2 8 2 8 10 8 2 8 2 2
left_child=4 2 8 5 10 11 12 18 13 33 28 -4 21 41 31 -16 22 19 24 -5 23 72 -17 -21 25 -3 -20 -7 -1 47 -29 -14 46 -8 35 -10 -36 -38 57 40 68 43 75 44 -2 81 -33 48 -30 -24 51 55 53 -52 -18 -51 76 -39 -40 -22 -44 -62 -11 -64 -65 67 -67 -47 -26 -70 -23 79 -6 82 -25 -43 -9 -63 -59 80 -72 -15 83 -74 86 -86 -84 -54
right_child=1 7 3 17 6 27 9 56 34 62 -12 -13 14 45 15 16 54 -19 26 20 59 70 49 74 39 -27 -28 30 29 -31 -32 32 -34 -35 36 -37 37 38 58 -41 -42 42 60 -45 -46 65 -48 -49 -50 50 52 -53 87 -55 -56 -57 -58 78 -60 -61 61 77 63 64 -66 66 -68 -69 69 -71 71 -73 73 -75 -76 -77 -78 -79 -80 -81 -82 -83 84 -85 85 -87 -88 -89
leaf_value=-3.4527727873452259e-06 6.8179509899352341e-05 4.389690510082966e-05 4.3878233602612239e-05 1.6982554697130782e-05 -3.0255062577084323e-05 -1.0666983425531546e-05 2.40403916684816e-05 -7.9095947507631803e-06 2.3236865631345242e-05 0 -5.801335714290418e-05 -6.352669086743961e-06 2.5060783650541536e-06 -1.3375479638603084e-05 3.197012856168727e-05 1.4024958202569749e-05 -5.2617165554085199e-05 1.5389496421636851e-05 1.5284707316673359e-05 2.2367033948927184e-05 3.0662510478377694e-05 -7.3565533763447673e-06 -2.0104421337368248e-06 -7.3822493814654773e-06 7.6162912874142905e-07 1.5645084299816558e-05 5.9284748329299342e-05 -1.9841890705408791e-05 -4.4065032003326664e-05 -5.7465949800867865e-05 -6.8912572249139195e-05 -6.8572026296332362e-06 5.0702225618678413e-05 -9.1969217688504365e-06 -2.1390587136516974e-05 -4.3108897969623746e-06 -2.1974988650038613e-05 -1.1261481675436849e-06 -7.2334564053733158e-06 -5.347761879531241e-07 3.797039877964434e-05 2.0434004492819512e-05 3.2075525423479167e-07 8.4464335647309212e-06 1.5597153904243109e-05 9.4210471579151648e-06 2.5817774874140733e-05 7.91891993753114e-06 -9.7242374880720974e-06 -2.230141461685451e-05 -1.6865213378424673e-06 -5.2023375827069823e-05 -2.500364106004213e-06 3.3243463597481964e-05 -7.7011578311093351e-06 1.2275164402529989e-05 -2.490145000191678e-05 0 -2.943621848014931e-05 5.1336483111399382e-06 0 4.2791820121689016e-05 -1.8284277971477355e-05 -1.7613905011668859e-05 -6.3484798187868994e-05 -4.2367027824331221e-05 -4.9294873114550746e-06 -1.538954587410313e-06 9.4045079308154074e-06 5.3540796520729384e-05 -1.2519802925854496e-05 2.7990565199954098e-05 -5.586934661331843e-06 2.7674966073216527e-05 -3.5218212633482504e-05 -4.3213774339199002e-06 9.1043314246988046e-06 9.4727308117593244e-06 4.0345604115230423e-05 -4.6124274227567846e-05 -3.364658539075123e-05 1.4726087800859261e-05 1.9458075234859787e-06 -3.9071043261374022e-05 1.0822298765172199e-06 3.3140136436705295e-05 -3.0366226842600368e-05 -2.9917583638621808e-05
leaf_weight=217 34 104 37 378 38 73 45 150 130 37 48 96 1001 39 50 160 43 832 52 37 57 1339 1927 171 231 380 53 41 77 40 43 64 39 192 173 279 159 1161 975 260 86 57 101 103 37 388 70 44 142 98 60 61 112 50 40 39 49 41 81 1914 44 95 137 60 77 45 255 1938 162 40 327 34 158 45 58 377 313 49 39 45 96 267 43 39 757 37 59 64
leaf_count=217 34 104 37 378 38 73 45 150 130 37 48 96 1001 39 50 160 43 832 52 37 57 1339 1927 171 231 380 53 41 77 40 43 64 39 192 173 279 159 1161 975 260 86 57 101 103 37 388 70 44 142 98 60 61 112 50 40 39 49 41 81 1914 44 95 137 60 77 45 255 1938 162 40 327 34 158 45 58 377 313 49 39 45 96 267 43 39 757 37 59 64
internal_value=-7.29729e-08 3.31306e-06 1.78446e-06 6.60453e-06 -5.36168e-06 -1.28798e-05 -4.3407e-06 1.18836e-05 -8.24537e-07 -1.69543e-05 -1.85703e-05 6.89462e-06 -3.32418e-06 2.35165e-06 -6.08182e-07 -3.1088e-06 -3.80609e-06 8.27181e-06 1.60781e-05 5.97025e-06 4.06622e-06 -6.78324e-06 -2.85394e-06 -9.31369e-06 1.41446e-05 2.19154e-05 3.84148e-05 -3.0247e-05 -1.47435e-05 -2.25106e-05 -4.61122e-05 5.06901e-06 1.93397e-05 -2.47819e-06 -4.85951e-06 4.2088e-06 -6.30706e-06 -5.20522e-06 -4.00233e-06 9.19235e-06 1.42515e-05 9.22878e-06 5.84101e-06 2.275e-05 4.21389e-05 2.14727e-07 9.4905e-06 -1.68267e-05 -2.22398e-05 -4.01415e-06 -1.1792e-05 -2.46477e-05 -2.55399e-06 1.33121e-05 -3.21355e-05 -1.17529e-05 4.87747e-07 1.96306e-07 -9.02804e-06 5.92097e-06 1.62196e-05 2.42469e-05 -2.76751e-05 -3.15454e-05 -4.41009e-05 -9.85273e-07 -1.08673e-05 2.47728e-07 9.31737e-06 1.86229e-05 -1.00444e-05 -1.70212e-05 -1.59581e-06 -5.53886e-07 -1.48545e-05 -8.47376e-07 3.3835e-06 3.21253e-05 2.05966e-05 -2.04978e-05 -1.7543e-05 1.08286e-05 -1.80454e-06 -1.27064e-05 4.84547e-07 2.69785e-06 -1.57969e-05 -1.30195e-05
internal_weight=20495 12484 10604 3737 8011 290 7443 1880 6867 548 568 133 6895 3829 3878 2704 2654 3447 1368 2615 2237 3017 2571 266 1263 484 105 157 520 303 84 1174 173 237 3038 409 2629 2456 2297 779 519 897 723 174 71 2932 134 263 219 2411 484 198 286 110 83 137 512 1241 1056 1971 289 188 311 274 137 2626 300 2326 433 202 1841 502 1176 1138 229 434 463 144 80 468 423 306 1093 197 896 794 102 176
internal_count=20495 12484 10604 3737 8011 290 7443 1880 6867 548 568 133 6895 3829 3878 2704 2654 3447 1368 2615 2237 3017 2571 266 1263 484 105 157 520 303 84 1174 173 237 3038 409 2629 2456 2297 779 519 897 723 174 71 2932 134 263 219 2411 484 198 286 110 83 137 512 1241 1056 1971 289 188 311 274 137 2626 300 2326 433 202 1841 502 1176 1138 229 434 463 144 80 468 423 306 1093 197 896 794 102 176
is_linear=0
shrinkage=0.0337242


Tree=47
num_leaves=89
num_cat=0
split_feature=25 52 52 22 27 27 51 9 9 36 24 0 29 4 3 41 4 51 4 19 26 5 7 49 52 7 4 26 19 6 31 10 48 51 26 26 36 3 5 41 10 0 9 7 4 4 4 22 8 1 9 52 0 21 22 24 29 55 27 2 43 2 31 31 4 21 15 10 48 9 26 26 7 22 55 41 1 55 52 45 19 39 4 4 1 31 36 38
split_gain=0.000271595 0.000106314 9.51279e-05 7.075e-05 6.74945e-05 8.251e-05 5.67061e-05 7.61698e-05 4.75449e-05 4.70033e-05 4.90837e-05 8.55532e-05 7.91369e-05 4.12805e-05 4.10164e-05 8.82645e-05 3.93786e-05 3.88797e-05 3.94096e-05 3.77392e-05 3.7647e-05 4.08326e-05 3.71237e-05 4.08363e-05 3.65995e-05 3.6015e-05 3.50802e-05 3.24192e-05 3.16394e-05 3.21007e-05 3.15062e-05 3.12127e-05 3.19525e-05 3.10545e-05 3.053e-05 2.9709e-05 3.121e-05 3.39914e-05 2.87585e-05 2.83218e-05 2.83089e-05 2.94471e-05 2.82922e-05 2.81517e-05 5.52993e-05 2.80742e-05 2.99878e-05 2.79469e-05 2.77427e-05 2.74406e-05 2.89999e-05 2.71589e-05 4.05296e-05 2.96603e-05 2.71511e-05 2.66744e-05 2.78522e-05 2.65184e-05 2.60465e-05 2.60133e-05 2.58182e-05 2.52979e-05 2.46153e-05 3.94879e-05 3.44355e-05 2.85936e-05 5.17952e-05 2.43015e-05 2.40337e-05 2.93029e-05 2.84856e-05 2.858e-05 2.51325e-05 5.64129e-05 3.49323e-05 3.60222e-05 2.43128e-05 2.37807e-05 2.37716e-05 2.33593e-05 2.30969e-05 2.28827e-05 3.00665e-05 3.52135e-05 2.51135e-05 2.2927e-05 2.28408e-05 2.21885e-05
threshold=-0.49698614391840862 0.34886973641768743 0.31201143981053708 -0.41504651717557245 -1110.6953161687779 125.2513025037055 37.03703703703659 -0.68988549618320605 -0.23187022900763357 0.0016116045919692958 -5000.2499999999991 159.50000000000003 10.500000000000002 -0.0063881508281983142 -0.46173087990736111 0.0074372832136806464 -0.7935970094408954 34.786324786325046 -0.00066425462151619634 -0.40325061447047966 -0.0002347743957647741 -0.33381204779160717 1.451114039635903 48.963074175768817 0.25834954704277663 0.95102582382763001 -0.02038343038046243 -0.00061471532011244203 -11.699974573151847 49.750000000000007 114.50000000000001 -0.91165413533834549 89.214577400680653 84.444444444445679 -0.0050147903180622127 0.0038516265621834607 -0.0027266543003817696 0.29571747862578462 0.3319262695795473 0.00304105501334806 -1.2791353383458646 33.500000000000007 -0.075381679389312964 0.51054268924991375 -0.065005087907739262 -0.1025920063316185 -0.027792696025778729 -0.86630469841952473 1.7500000000000002 629.37401662353466 -0.063931297709923646 0.18370058826235849 5.5000000000000009 -0.62596043629268594 -0.41873592465853582 1.0000000180025095e-35 12.500000000000002 325.50000000000006 -10.526012566311719 0.56836010635463985 -0.0048820211329149146 -1.0000000180025095e-35 105.50000000000001 88.500000000000014 -0.31773277177907172 0.2477208240006544 0.1119911085828421 -0.54417293233082675 7.6910032783017055 -0.16316793893129769 -0.0088506581015560786 -0.0048101791051164905 0.12684353036064067 -0.71701617384691863 50667.000000000007 0.0043525622809510453 143.17690767362961 11269.000000000002 0.21523617205139431 0.0031405393409881248 4.6002721057025449 0.002838894261766645 -0.81647492792130694 -0.58147012267510878 1337.7583949476659 81.500000000000014 -0.0037209334524032074 -0.0034944682791016586
decision_type=2 2 2 8 10 10 2 10 8 2 10 2 2 2 2 2 2 2 2 2 10 2 8 2 2 10 2 10 2 8 2 2 2 2 8 8 2 2 2 2 2 2 10 10 2 2 2 10 10 2 8 2 2 2 10 8 2 2 10 2 2 2 2 2 2 2 10 2 2 10 10 10 10 10 2 2 2 2 2 2 2 2 2 2 2 2 2 2
left_child=2 4 14 13 8 16 -5 -8 25 10 12 20 -3 26 24 17 38 18 60 -13 86 -22 31 -24 -1 51 48 49 43 34 -27 58 39 35 59 36 37 47 -6 -33 41 -23 -31 44 -7 -37 77 61 68 55 -51 57 -53 -54 62 -10 -57 79 81 -30 -16 -18 63 65 78 -36 -67 80 -4 72 -71 -72 73 76 75 -74 -70 -47 -64 -2 -38 84 -83 85 -19 -84 -12 -66
right_child=1 9 3 6 5 28 7 -9 27 -11 11 19 -14 -15 15 -17 33 22 -20 -21 21 40 23 -25 -26 30 -28 -29 29 42 -32 32 -34 -35 54 45 67 -39 -40 -41 -42 -43 -44 -45 -46 46 -48 -49 -50 50 -52 52 53 -55 -56 56 -58 -59 -60 -61 -62 -63 64 -65 87 66 -68 -69 69 70 71 -73 74 -75 -76 -77 -78 -79 -80 -81 -82 82 83 -85 -86 -87 -88 -89
leaf_value=2.0993851859517623e-06 6.0785234232346885e-06 9.2842579114953911e-06 8.1717850842629825e-06 3.8051267160909239e-05 -6.8443967528681625e-07 -5.2264129332280406e-05 -3.9775509038515561e-05 2.0896880325880377e-05 -2.6757975270977687e-06 -1.8411568733670145e-05 -1.0423817439479036e-05 1.5124366722727784e-06 7.8367415418741131e-05 1.341989989785679e-05 -3.6341438398971812e-05 -4.958740872295614e-05 3.3020065914842261e-05 0 2.4162665797439415e-05 -4.4296206520586972e-05 0 3.7555072596178759e-05 3.9654649893625091e-05 2.3506760086224096e-06 3.0263476433192924e-05 3.9349502620770056e-05 -4.409864693722174e-05 -3.1705681432672519e-05 9.5823277855527653e-06 -1.8373373527437576e-05 -4.528459557694239e-07 -3.1634847817815544e-06 -4.158394112117948e-05 1.4982988384164061e-05 -2.5581650848696753e-06 5.236173061990851e-06 6.5445207549787774e-06 0 -3.2279371112459096e-05 -3.1481905971696398e-05 6.2539023446173976e-06 1.0819615981740563e-05 7.2298554492168198e-06 -2.518003848465807e-06 -8.0056026899229315e-07 -4.6007656254568776e-05 2.1183495276369365e-06 3.8752405024858051e-05 -4.3534161443561367e-05 -5.4873759131994834e-06 3.0616190446334138e-05 -2.435525112577516e-05 -2.4339484307655014e-05 8.6234977350593148e-06 2.3281749255798636e-05 -3.8994452276608776e-05 -9.0587496570300343e-06 -1.0936801551868501e-06 -4.3201470892217917e-06 -1.1880948588409299e-05 -8.6418573697100966e-06 -8.1686369573181919e-07 -9.5365732762382191e-06 2.2240778575063071e-05 2.0292255414439857e-05 4.5254424782658176e-05 -1.6856208560801302e-06 -7.4122274489338229e-06 -1.3020184165369496e-05 -5.1866577151168113e-05 -2.188747738228848e-06 -3.8361359531398855e-05 -9.1854762795061238e-06 4.7063496758817927e-06 2.0583142903443493e-05 -4.5144509232740577e-05 -4.1975351520745533e-05 -1.0871731323046529e-05 -3.8719032728966252e-05 3.7632570358139951e-05 3.1758719494389269e-05 -9.7563870812721148e-06 5.1259892475462821e-05 4.9966776178726061e-06 -2.8440956476979513e-05 1.0842342594559391e-05 1.2071247881693008e-05 -1.9603857359372135e-06
leaf_weight=695 168 46 49 52 167 47 42 52 172 45 64 36 37 53 42 48 38 1732 39 38 71 240 48 131 58 48 52 81 685 174 34 243 40 523 515 349 3265 76 43 51 71 72 62 185 56 34 116 100 40 67 38 133 41 127 54 70 94 1285 2366 67 1291 59 236 115 53 43 61 134 63 47 66 47 696 59 40 35 112 96 41 35 44 65 43 148 36 37 206 1120
leaf_count=695 168 46 49 52 167 47 42 52 172 45 64 36 37 53 42 48 38 1732 39 38 71 240 48 131 58 48 52 81 685 174 34 243 40 523 515 349 3265 76 43 51 71 72 62 185 56 34 116 100 40 67 38 133 41 127 54 70 94 1285 2366 67 1291 59 236 115 53 43 61 134 63 47 66 47 696 59 40 35 112 96 41 35 44 65 43 148 36 37 206 1120
internal_value=-7.12363e-08 3.23092e-06 -4.63336e-06 -1.23568e-05 2.29258e-06 3.69737e-06 9.55297e-06 -5.1838e-06 -2.69093e-06 1.42235e-05 1.60002e-05 1.32533e-05 4.1245e-05 -1.47817e-05 -2.98562e-06 -3.87491e-06 6.462e-06 -3.51197e-06 -8.55731e-06 -2.07048e-05 1.68577e-05 2.28754e-05 -2.09114e-06 1.2894e-05 4.3971e-06 -1.27733e-07 -1.60002e-05 -1.1693e-05 -2.43479e-07 6.84487e-07 2.16674e-05 -2.67485e-06 -1.26676e-05 7.0935e-06 1.65782e-06 6.11394e-06 7.23681e-06 1.84005e-05 -7.61417e-06 -8.40464e-06 2.72313e-05 3.16952e-05 -1.12375e-05 -1.09736e-05 -2.52224e-05 -7.36372e-07 -9.60253e-06 2.5796e-05 -1.47579e-05 -7.79802e-06 6.65815e-06 -1.18076e-06 -1.04385e-05 3.60421e-09 -2.75997e-07 -1.26032e-05 -2.24256e-05 6.26988e-07 -1.8991e-06 7.54151e-06 -9.58713e-06 1.14424e-05 -9.02727e-07 4.06907e-06 -3.48615e-06 5.36916e-07 1.67929e-05 6.32356e-06 -1.37302e-05 -1.47343e-05 -2.86156e-05 -1.80894e-05 -1.24282e-05 -2.24096e-05 -9.27345e-06 -1.10394e-05 -3.21038e-05 -2.08047e-05 -1.4205e-05 1.1995e-05 6.90901e-06 8.33341e-07 9.5814e-06 1.55183e-05 -5.61751e-07 3.3775e-05 6.38109e-06 -8.72534e-07
internal_weight=20495 11877 8618 1505 10951 8558 146 94 2393 926 881 798 83 1359 7113 6360 5044 6312 1372 74 724 454 4940 179 753 1871 1306 522 3514 3226 82 4761 334 4834 2990 4311 3716 273 210 294 383 312 236 288 103 595 246 197 1254 441 105 1789 301 168 2238 336 164 1488 4427 752 1333 97 2184 734 1450 619 104 3443 1214 1165 160 113 1005 234 771 731 175 130 277 203 3309 2061 293 228 1768 80 270 1173
internal_count=20495 11877 8618 1505 10951 8558 146 94 2393 926 881 798 83 1359 7113 6360 5044 6312 1372 74 724 454 4940 179 753 1871 1306 522 3514 3226 82 4761 334 4834 2990 4311 3716 273 210 294 383 312 236 288 103 595 246 197 1254 441 105 1789 301 168 2238 336 164 1488 4427 752 1333 97 2184 734 1450 619 104 3443 1214 1165 160 113 1005 234 771 731 175 130 277 203 3309 2061 293 228 1768 80 270 1173
is_linear=0
shrinkage=0.0337242


Tree=48
num_leaves=89
num_cat=0
split_feature=16 26 4 1 37 0 13 9 4 31 17 4 39 22 15 9 17 0 8 22 37 12 12 1 8 3 53 55 19 5 39 6 1 38 51 42 31 42 8 11 40 25 26 4 10 5 49 12 31 12 40 8 17 11 22 17 27 45 45 31 5 12 55 2 54 17 25 29 37 55 1 51 4 5 12 11 15 45 54 55 54 15 38 2 9 31 40 9
split_gain=0.00021943 9.93665e-05 9.15247e-05 7.98724e-05 7.29982e-05 6.26271e-05 6.11504e-05 4.48328e-05 4.30448e-05 4.0418e-05 4.01309e-05 5.55744e-05 3.8738e-05 3.77154e-05 3.53064e-05 4.94082e-05 3.52558e-05 3.49242e-05 5.67962e-05 4.63787e-05 4.39439e-05 3.29243e-05 4.54672e-05 3.61004e-05 3.29042e-05 4.49884e-05 4.00511e-05 3.15619e-05 3.12812e-05 3.32412e-05 3.05571e-05 2.95595e-05 3.45166e-05 2.92896e-05 2.83943e-05 3.814e-05 2.80523e-05 2.79308e-05 2.75374e-05 3.57347e-05 2.74614e-05 4.50531e-05 4.40135e-05 3.14392e-05 3.38136e-05 2.66386e-05 2.60439e-05 2.46547e-05 2.45847e-05 2.44211e-05 2.4129e-05 2.3585e-05 2.33413e-05 3.92272e-05 2.32296e-05 2.31046e-05 5.06024e-05 2.23061e-05 2.23014e-05 3.07311e-05 2.20226e-05 2.19128e-05 2.08372e-05 2.51947e-05 2.85702e-05 3.52915e-05 2.17026e-05 2.16477e-05 2.05371e-05 2.04759e-05 3.43745e-05 2.02738e-05 2.31226e-05 4.83598e-05 2.98989e-05 2.64146e-05 2.42983e-05 2.02099e-05 2.16523e-05 2.02081e-05 1.98868e-05 3.8888e-05 1.98622e-05 2.53383e-05 1.95542e-05 1.93038e-05 2.03538e-05 2.32388e-05
threshold=0.53853383458646631 -0.00028434093716925068 -0.83785120696478022 256.43352483275322 0.0016326541492073245 97.500000000000014 -0.50154704554766671 -0.80629770992366401 -0.0040773927299451625 25.500000000000004 -0.12740813609900234 -0.62618011193397016 0.0041688481248872708 -0.91699964217557239 0.031975986957231438 -0.90267175572519076 -0.39005222199467537 107.50000000000001 -0.10000000000000496 -0.26959580006434436 0.0016194342601479896 -0.55057251908396931 -0.10591603053435113 255.04151438920454 -0.12500000000000352 0.20247231637228078 42.81992644001437 -2133.4999999999995 0.03578893547578766 0.21590945323490132 -0.0032025641025640868 -50.249999999999993 131.18359692131955 0.003192340421195317 33.333333333333215 -0.001586043820592131 59.500000000000007 -0.0034423509894537237 -0.30000000000000066 -0.53912213740458004 0.0032180229999326797 -0.98629218185781775 -0.0094834345096997553 -0.14802984905873703 -1.976503759398496 0.26500977652457475 55.735493808674711 -0.34828244274809156 22.500000000000004 -0.73759541984732813 0.0025756610808157503 0.050000000000002494 -0.13289912524501915 -0.87499999999999989 -0.87364261907321772 -0.42634431409262458 -80.654799504202828 -0.0031529173183468813 0.0041943381566023072 82.500000000000014 0.6255577097282371 -0.68606870229007622 5371.5000000000009 -0.066341252338439308 -19.243297331131341 -0.14954397179719725 -0.66210828455976933 5.5000000000000009 0.0031771267065384694 24134.500000000004 61.458900269820383 -1.8118839761882552e-13 -0.0032435411837865333 0.051846337675848932 -0.46660305343511443 -0.83874045801526698 0.12311621334104154 -0.001853569710712599 1.0000000180025095e-35 12703.500000000002 -20.946839500991967 0.011282132259763477 -0.0019212313598110373 0.016387302869118079 -0.41698473282442744 149.50000000000003 0.0037771516210721727 -0.49141221374045796
decision_type=2 10 2 2 2 2 10 10 2 2 8 2 2 8 8 10 8 2 10 10 2 10 10 2 10 2 2 2 2 2 2 10 2 2 2 2 2 2 10 10 2 2 10 2 2 2 2 8 2 10 2 10 8 10 8 10 10 2 2 2 2 10 2 2 2 8 2 2 2 2 2 2 2 2 10 8 10 2 2 2 2 10 2 2 10 2 2 10
left_child=1 4 3 47 7 40 33 10 9 46 48 -12 16 -5 38 -16 31 19 -19 24 21 69 23 -23 25 26 -8 -14 29 82 -13 49 61 80 71 -36 68 -10 -7 -40 50 42 -42 44 -44 52 -3 -2 -1 -9 -6 60 53 -43 -24 56 -37 -30 -50 -60 -18 -33 -53 -64 -65 79 67 -67 -17 -20 -71 -26 75 74 -74 76 -73 78 -57 -66 -4 -82 83 -11 -39 86 87 -59
right_child=2 8 6 13 5 14 17 12 37 28 11 30 27 -15 15 36 51 18 20 -21 -22 22 54 -25 34 -27 -28 -29 57 -31 -32 32 -34 -35 35 55 -38 84 39 -41 41 45 43 -45 -46 -47 -48 -49 58 -51 -52 62 -54 -55 -56 77 -58 85 59 -61 -62 -63 63 64 65 66 -68 -69 -70 70 -72 72 73 -75 -76 -77 -78 -79 -80 -81 81 -83 -84 -85 -86 -87 -88 -89
leaf_value=-2.5433288389390936e-05 -6.4546374293710878e-06 -3.7629381932293714e-06 2.3313265750026618e-05 -6.049741208823526e-05 -1.0385405106438427e-05 9.913744825334079e-06 1.2304879123035717e-05 2.0152981582017334e-05 0 4.2488141251835651e-05 4.0256981699028548e-05 2.765991935247882e-05 -4.5476211122989747e-05 -1.8890705517839385e-05 -7.387296836377157e-06 1.3990431236622524e-05 -1.6009966565163627e-06 -3.4228338897038455e-05 -3.6450289404488993e-06 4.1753844476599283e-05 4.1457965633514968e-05 -4.2319399587468107e-06 0 -3.4277836972126314e-05 1.9521769864873933e-05 2.0534443480433868e-06 3.6450874133510752e-05 -5.0338591039530516e-06 3.7939480639705991e-05 -9.9868931408036032e-06 2.612591137213823e-06 2.2970980584093769e-06 -1.4884600331147056e-05 -2.9377447153795491e-05 1.6810374391073614e-05 5.4983798612749057e-05 8.3431649293632858e-06 1.1495794880425432e-05 -7.3849890800091605e-06 -4.7634604209471503e-05 -3.7922800373950168e-05 -6.6245134542881993e-06 1.9205738289229956e-05 2.7760021034877621e-05 -1.7049178240648446e-05 -7.1961499739878212e-06 -4.0102484038513132e-05 2.0765793746818322e-05 -1.0981047850893347e-06 -9.5946172534518237e-06 7.5939029006538757e-06 -1.7620305804633878e-05 -5.9842157119754153e-06 -4.8780604823525766e-05 2.5336006899370248e-05 2.6410162139183372e-05 1.7827517550296505e-06 2.5457726518504486e-05 3.7934134883975028e-05 0 8.6367242157499936e-06 -9.5481946105501098e-06 -1.5119666497665071e-05 2.0751825735221273e-05 2.3500717247391649e-05 -5.1599417447247359e-06 0 -4.0685231500830523e-05 5.5187604831715201e-05 9.1519353834134517e-06 4.3350955250247925e-05 3.0512119249408134e-05 9.8693745006773749e-06 -1.4375881775879359e-05 5.3225082278798723e-05 -2.8414748286381394e-06 1.4504157235028939e-06 4.6012924114532228e-06 0 -5.5012437334550531e-07 -3.6123103996611493e-05 1.7424391055575747e-08 2.1271553417348162e-06 1.7237483631719935e-06 4.1728427789576079e-05 1.1806010458496154e-06 -9.3463537258812511e-06 6.6090940052171108e-06
leaf_weight=44 111 83 39 41 1208 51 187 75 45 35 63 66 45 92 143 36 5741 47 73 50 34 376 69 54 78 175 159 55 34 240 432 328 643 41 611 36 142 53 111 36 43 38 38 37 109 63 35 56 1119 49 85 183 35 130 82 105 56 168 41 56 247 363 167 66 56 43 67 51 35 198 44 55 49 39 37 781 100 1530 51 112 35 885 446 45 72 252 34 165
leaf_count=44 111 83 39 41 1208 51 187 75 45 35 63 66 45 92 143 36 5741 47 73 50 34 376 69 54 78 175 159 55 34 240 432 328 643 41 611 36 142 53 111 36 43 38 38 37 109 63 35 56 1119 49 85 183 35 130 82 105 56 168 41 56 247 363 167 66 56 43 67 51 35 198 44 55 49 39 37 781 100 1530 51 112 35 885 446 45 72 252 34 165
internal_value=-4.79932e-09 -2.34888e-06 5.18546e-06 -1.28953e-05 -3.39962e-06 -8.78074e-06 6.0941e-06 -2.14483e-06 5.25934e-06 3.40338e-06 2.61752e-06 1.01314e-05 -3.20247e-06 -3.24436e-05 9.64967e-07 7.47256e-06 -2.93432e-06 7.59888e-06 1.74523e-06 8.97052e-06 3.66719e-06 2.12528e-06 -2.50006e-06 -8.22994e-06 8.54181e-06 1.66015e-05 2.36802e-05 -2.41995e-05 5.03187e-06 2.78294e-07 6.12621e-06 -7.71057e-06 -9.20791e-06 -1.44749e-06 7.3242e-06 9.43106e-06 1.79027e-05 2.14708e-05 -1.02474e-05 -1.78996e-05 -1.18579e-05 -1.88197e-05 -7.2046e-06 0 -7.01961e-06 -2.83684e-05 -1.53608e-05 2.09439e-06 -6.51223e-07 7.61839e-06 -9.12872e-06 -1.88569e-06 -3.44629e-05 -3.98207e-05 1.31767e-05 6.84084e-06 2.36512e-05 1.046e-05 1.6601e-07 1.57454e-05 -1.16256e-06 -3.78566e-06 -7.56823e-06 -4.12305e-06 2.81452e-07 -3.53128e-06 -1.50076e-05 -2.54626e-05 3.56603e-05 1.09633e-05 1.57694e-05 2.82029e-06 1.50137e-06 1.51382e-05 2.96464e-05 -2.16522e-07 1.23862e-05 5.86621e-06 1.76525e-05 6.89149e-06 -1.52613e-07 -1.25243e-06 5.14579e-06 2.07664e-05 2.96831e-05 8.7945e-06 1.37592e-05 1.64086e-05
internal_weight=20535 14159 6376 300 12452 2340 6076 10112 1707 1537 1821 561 8291 133 554 356 8191 5076 977 4099 930 896 581 430 4049 521 346 100 1419 766 498 1458 1334 1000 3528 2389 213 170 198 147 1786 493 227 184 147 266 118 167 1260 124 1293 6733 203 168 151 1778 92 653 1216 97 5988 691 745 562 395 329 161 94 71 315 242 1139 1061 125 86 936 155 1686 156 168 959 920 526 80 125 619 367 333
internal_count=20535 14159 6376 300 12452 2340 6076 10112 1707 1537 1821 561 8291 133 554 356 8191 5076 977 4099 930 896 581 430 4049 521 346 100 1419 766 498 1458 1334 1000 3528 2389 213 170 198 147 1786 493 227 184 147 266 118 167 1260 124 1293 6733 203 168 151 1778 92 653 1216 97 5988 691 745 562 395 329 161 94 71 315 242 1139 1061 125 86 936 155 1686 156 168 959 920 526 80 125 619 367 333
is_linear=0
shrinkage=0.0337242


Tree=49
num_leaves=89
num_cat=0
split_feature=16 26 4 1 37 0 13 24 12 4 4 5 4 24 1 22 10 15 0 37 8 22 38 31 41 31 31 4 40 4 31 39 4 19 8 5 13 1 38 0 51 7 12 12 1 50 37 8 47 40 13 6 54 38 51 43 42 54 51 1 50 5 0 38 43 15 22 50 26 47 8 40 38 12 53 41 19 47 3 30 31 10 53 19 3 15 21 41
split_gain=0.000205134 9.29708e-05 8.56344e-05 7.46728e-05 6.81739e-05 5.8574e-05 5.71699e-05 4.59212e-05 4.72959e-05 4.63133e-05 4.01745e-05 3.80355e-05 3.78015e-05 3.5741e-05 3.573e-05 3.50346e-05 3.4309e-05 3.30066e-05 3.29501e-05 4.76341e-05 4.66653e-05 3.94903e-05 3.07408e-05 3.51514e-05 4.47151e-05 4.25199e-05 4.96424e-05 5.1682e-05 3.82286e-05 3.78061e-05 3.58297e-05 2.95191e-05 2.89677e-05 2.81973e-05 2.80507e-05 3.79533e-05 3.24865e-05 2.76443e-05 2.73537e-05 2.70798e-05 2.66927e-05 3.87582e-05 2.6567e-05 3.5804e-05 3.13422e-05 2.63894e-05 2.58352e-05 2.58106e-05 5.20062e-05 2.57056e-05 4.26189e-05 3.39875e-05 2.61279e-05 3.70445e-05 2.55953e-05 4.06966e-05 2.73919e-05 2.51231e-05 2.50585e-05 2.43945e-05 2.825e-05 3.17986e-05 2.7936e-05 2.42372e-05 2.37e-05 2.49713e-05 2.51965e-05 3.01431e-05 2.74721e-05 2.35444e-05 3.61978e-05 2.29377e-05 2.4257e-05 2.2839e-05 2.25953e-05 2.21234e-05 2.61419e-05 2.594e-05 2.17501e-05 2.17464e-05 2.2345e-05 2.16967e-05 2.79801e-05 2.15042e-05 2.14804e-05 2.11892e-05 2.0745e-05 2.12854e-05
threshold=0.53853383458646631 -0.00028434093716925068 -0.83785120696478022 256.43352483275322 0.0016326541492073245 97.500000000000014 -0.50154704554766671 498.99999999997164 -0.39599236641221369 -0.64708999943467682 -0.0040773927299451625 0.29807925886319897 -0.93329894284583614 1000.0000000000499 82.6324042935412 -0.91699964217557239 -0.90037593984962372 0.031975986957231438 118.50000000000001 0.0016194342601479896 -0.10000000000000496 -0.26959580006434436 0.0042964603811898048 123.50000000000001 0.0038973696868433998 89.500000000000014 100.50000000000001 -0.60816043869071168 0.0013504395083342449 -0.67493922776866966 236.50000000000003 -0.0031250076294132008 -0.12948018542597092 -1.3418413010465569 -0.12500000000000352 0.1663885476446979 -0.27648625375309815 145.25426731704283 0.003192340421195317 56.500000000000007 66.666666666667467 0.17046174674501674 -0.55057251908396931 -0.10591603053435113 255.04151438920454 73.333333333333172 -0.0021762811404755218 -0.30000000000000066 126.1261261261384 0.0032180229999326797 -0.32549231244584448 -45.249999999999993 29.249697998362951 0.0042964603811898048 33.333333333333378 -0.0043057100482016821 -0.001586043820592131 -16.065321024509696 55.555555555554321 625.63510651332956 49.999999999999524 0.044025653225236168 4.5000000000000009 -0.0031331601232976176 -0.0069204980842911814 0.42956288147647087 -0.67877511625866449 8.3333333333343322 0.0015637012389770066 -134.75177304970165 1.2500000000000002 0.0031545741324922054 0.0038722204729132463 -0.43797709923664113 27.31203135011646 -0.0031974440894568796 -0.1145122257509925 -55.555555555554712 0.18320902789069266 17.500000000000004 260.50000000000006 -1.5780075187969924 50.197276538706767 4.0465208089923985 -0.4542355287539947 0.055346592191362336 0.0075387160250301481 -0.0024110918947200517
decision_type=2 10 2 2 2 2 10 8 10 2 2 2 2 8 2 8 2 8 2 2 10 10 2 2 2 2 2 2 2 2 2 2 2 2 10 2 10 2 2 2 2 10 10 10 2 2 2 10 2 2 10 10 2 2 2 2 2 2 2 2 2 2 2 2 2 10 10 2 10 2 8 2 2 10 2 2 2 2 2 2 2 2 2 2 2 10 2 2
left_child=1 4 3 13 7 49 38 12 9 16 11 75 14 -2 -1 -5 -9 47 21 20 -20 34 23 24 25 29 27 -27 30 39 32 -11 33 73 35 36 -8 -12 69 -14 41 -13 84 44 -44 -10 58 -7 -49 71 51 -51 53 -52 64 -56 -57 -33 -31 62 -61 -62 -34 -45 -36 66 67 -66 86 -4 -71 72 -6 -25 -35 77 -77 -3 -29 -32 -81 -26 -83 -30 -22 -78 87 -69
right_child=2 10 6 15 5 17 18 8 45 31 37 40 22 -15 -16 -17 -18 -19 19 -21 42 -23 -24 28 81 26 -28 78 83 46 79 57 59 74 54 -37 -38 -39 -40 -41 -42 -43 43 63 -46 -47 -48 48 -50 50 52 -53 -54 -55 55 56 -58 -59 -60 60 61 -63 -64 -65 65 -67 -68 68 -70 70 -72 -73 -74 -75 -76 76 85 -79 -80 80 -82 82 -84 -85 -86 -87 -88 -89
leaf_value=-3.6124789123305164e-06 -5.4067073006930907e-06 6.9327905851377843e-06 2.6496312146845933e-05 -5.8457192650210915e-05 -1.0697198055970807e-05 9.5794131087016616e-06 4.0149871285012411e-05 1.5244581729576458e-05 -1.5210198798057574e-06 2.7103928767984427e-05 9.2521781768898316e-06 -4.4913535955923022e-05 -1.7515339901136433e-05 3.271566802238835e-05 -4.9876317323608133e-05 -1.825363273983908e-05 5.9894811961669944e-05 7.2297160556478632e-06 -3.6400935888292161e-05 3.9238516012548167e-05 3.3559440756120507e-05 3.8305115765438156e-05 -2.3524081740145577e-05 -2.6495979665674206e-05 3.511920218934853e-05 -6.3561760399288964e-06 0 1.3555791312494053e-05 -1.1386752494631638e-05 -5.9598436085259097e-07 -1.3336901209288718e-06 -1.8225503906075926e-05 1.1776784888179426e-05 -1.3647211152035072e-05 3.0428394661523162e-05 2.3420384745399282e-06 1.5389505775859119e-05 3.9230222860991362e-05 -2.8386719245645849e-05 6.2348417070199e-06 5.7995741727668988e-06 -6.413792004437604e-06 -4.4437899259075944e-06 3.5088247680142692e-05 -3.4243660478842439e-05 -3.0796832211946058e-05 -5.9705916037922125e-07 -4.4106060400011558e-05 -1.1859882644277774e-06 2.7183779572553962e-05 -2.4931290551384953e-05 -1.2195595649707663e-05 -4.8259636846039513e-05 4.6829605888054272e-06 3.8814452379686464e-05 1.4887654545984452e-05 6.2476130520107857e-06 5.740510094120542e-06 -3.9168171548452305e-05 -1.3614863927660377e-05 2.8973150393108491e-05 -7.6906916735619611e-06 -1.0218539232524376e-06 1.7063246460217795e-06 6.1484273715128172e-06 -1.8979786527451437e-05 1.4622512984042933e-05 -2.3321162146879693e-05 1.3788699681998841e-05 6.457883311376235e-08 -3.1880420631055513e-05 1.7137455067937362e-05 1.0689870186917976e-05 -2.7584684886730354e-06 -3.600784237115098e-06 -3.0118480418209793e-06 -1.9790300785754861e-06 4.3197761705928278e-05 3.4357288355032333e-05 1.3734209684585046e-05 -7.9514398721955363e-06 -1.1483212843757764e-05 2.8762081052301108e-05 1.4780719387438292e-05 5.5628984302341218e-06 1.141259807335001e-05 -3.0176224198900917e-05 -3.8137976960770998e-07
leaf_weight=48 132 70 36 41 1199 51 91 67 215 67 108 37 300 35 38 92 34 356 39 36 39 52 80 141 58 92 826 171 915 47 417 55 275 315 35 178 257 62 41 60 132 206 333 37 48 44 2072 53 94 35 271 86 49 52 53 579 1815 430 40 261 44 63 621 96 522 60 184 63 61 881 42 35 59 83 1655 325 161 40 110 298 60 41 35 34 240 566 53 205
leaf_count=48 132 70 36 41 1199 51 91 67 215 67 108 37 300 35 38 92 34 356 39 36 39 52 80 141 58 92 826 171 915 47 417 55 275 315 35 178 257 62 41 60 132 206 333 37 48 44 2072 53 94 35 271 86 49 52 53 579 1815 430 40 261 44 63 621 96 522 60 184 63 61 881 42 35 59 83 1655 325 161 40 110 298 60 41 35 34 240 566 53 205
internal_value=-3.56714e-09 -2.27016e-06 5.01462e-06 -1.24713e-05 -3.28668e-06 -8.48741e-06 5.89389e-06 -2.07363e-06 5.10715e-06 1.00048e-05 5.08842e-06 3.29285e-06 -2.79597e-06 2.00424e-06 -2.51786e-05 -3.1374e-05 3.12324e-05 9.32425e-07 7.34897e-06 1.23516e-06 -2.93043e-07 8.58711e-06 -2.57416e-06 -2.37794e-06 3.71938e-08 -6.27448e-07 4.56728e-06 1.4779e-05 -4.19187e-06 -3.13842e-06 -2.78902e-06 5.94562e-06 -4.27091e-06 -6.61487e-06 8.19202e-06 1.56254e-05 2.2142e-05 2.07539e-05 -1.39542e-06 -1.32885e-05 -5.91334e-06 -1.26737e-05 1.36087e-06 -3.04426e-06 -8.45181e-06 -6.86773e-06 -1.40119e-06 -9.9018e-06 -1.73181e-05 -1.14635e-05 -1.82048e-05 -6.02627e-09 -2.38645e-05 -1.98644e-05 7.08828e-06 9.07636e-06 8.37762e-06 2.82342e-06 -1.94414e-05 -1.25892e-07 -7.50862e-06 6.4827e-06 2.79842e-06 1.17198e-05 2.89427e-06 1.97062e-06 3.21481e-06 7.85967e-07 -6.28876e-06 -1.40669e-07 -1.28432e-06 -8.81834e-06 -9.61731e-06 -1.81319e-05 -5.25626e-06 6.34705e-06 4.72314e-06 2.09988e-05 2.20427e-05 3.69838e-06 9.82975e-06 1.91998e-05 5.77901e-06 -1.03474e-05 9.82285e-06 8.31396e-06 -1.04052e-05 -6.13461e-06
internal_weight=20535 14159 6376 300 12452 2340 6076 10112 912 653 1707 1537 9200 167 86 133 101 554 5076 868 832 4208 9114 9034 3852 3718 1199 373 5182 2519 4233 552 3458 2194 4156 526 348 170 1000 360 375 243 793 514 381 259 2159 198 147 1786 493 121 372 323 3630 2447 2394 485 87 1264 368 107 896 133 1183 1148 1088 904 382 959 923 1293 1258 224 1970 1162 1052 110 281 775 358 134 76 949 279 727 321 268
internal_count=20535 14159 6376 300 12452 2340 6076 10112 912 653 1707 1537 9200 167 86 133 101 554 5076 868 832 4208 9114 9034 3852 3718 1199 373 5182 2519 4233 552 3458 2194 4156 526 348 170 1000 360 375 243 793 514 381 259 2159 198 147 1786 493 121 372 323 3630 2447 2394 485 87 1264 368 107 896 133 1183 1148 1088 904 382 959 923 1293 1258 224 1970 1162 1052 110 281 775 358 134 76 949 279 727 321 268
is_linear=0
shrinkage=0.0337242


Tree=50
num_leaves=89
num_cat=0
split_feature=20 25 39 25 52 52 1 42 20 31 52 31 51 1 31 19 31 31 8 37 47 48 44 54 41 4 37 41 45 20 31 2 37 31 13 19 41 48 49 39 54 0 4 19 20 4 42 44 20 27 52 13 21 44 8 40 3 51 2 51 31 47 4 24 54 31 24 19 41 55 50 31 52 52 40 43 4 48 6 25 15 52 21 24 3 44 31 55
split_gain=0.000301102 0.000117854 0.000111104 7.85218e-05 7.11855e-05 5.86694e-05 6.61112e-05 5.55051e-05 5.49612e-05 5.09746e-05 4.33668e-05 5.48484e-05 6.79599e-05 7.50042e-05 5.57781e-05 6.72257e-05 4.63678e-05 6.64253e-05 4.61771e-05 4.30438e-05 4.19686e-05 3.78096e-05 3.72767e-05 3.70307e-05 3.69035e-05 4.11534e-05 3.58798e-05 4.50865e-05 3.55238e-05 3.42161e-05 3.76573e-05 3.40063e-05 3.24067e-05 3.16937e-05 4.06721e-05 3.12452e-05 4.19261e-05 3.10557e-05 2.96625e-05 2.94849e-05 2.9194e-05 3.48933e-05 2.91638e-05 4.77158e-05 7.72917e-05 3.82165e-05 4.73032e-05 3.46391e-05 2.90726e-05 4.60859e-05 4.03762e-05 3.41168e-05 3.18743e-05 2.87295e-05 2.85032e-05 4.11837e-05 3.10589e-05 3.63847e-05 3.05655e-05 2.99475e-05 4.87411e-05 2.81426e-05 2.80329e-05 2.77459e-05 4.3327e-05 2.76455e-05 2.74297e-05 2.71003e-05 2.6414e-05 2.63554e-05 2.61802e-05 3.06325e-05 2.58263e-05 2.57973e-05 3.04392e-05 3.33819e-05 2.51086e-05 2.51034e-05 3.17218e-05 2.66465e-05 3.01558e-05 2.62268e-05 2.51006e-05 2.74471e-05 2.50531e-05 3.35164e-05 2.78189e-05 2.51369e-05
threshold=2.4921855921855927 -0.50301931929395438 0.0065735459338001076 -0.4999999999999733 0.31557669968956664 0.18807726410477638 61.403197110367721 -0.0035971223021583061 0.19865281683752153 259.50000000000006 0.43103014748747753 12.500000000000002 38.888888888892275 47.736172751610802 126.50000000000001 -0.51099527014429202 93.500000000000014 103.50000000000001 0.050000000000002494 -0.0012586537395244399 116.6666666666856 59.222709097593501 0.0048445708340015834 3.6759416144856596 0.0027991616226910048 -0.32632568262762163 0.0036429885925279852 0.0021482301905948469 0.0032180229999326797 8.7192118226601014 40.500000000000007 0.7936721590231387 0.0016326541492073245 261.50000000000006 -0.23575577154295149 5.3367265831417408 0.0015710928783704283 80.683856414896809 30.067159916677614 -0.0043336995614652865 10.697130747680001 300.50000000000006 -0.50750466391542759 -1.0698122138540211 0.6310612416107384 -0.23964398778902138 -0.0024645727162840299 -0.0058309092969665013 13.455555555555557 -49.111975604623503 0.19197956265114224 -0.37965736816298012 -0.0077693604676146799 -0.0021482301905949015 -0.10000000000000496 -0.0027266543003817696 -0.035472917128017672 66.666666666666771 -0.20662145024949172 38.888888888889312 87.500000000000014 -91.836734693878142 -0.18903697212957202 1.9999999999998936 9.3868357964928322 30.500000000000004 -5.3290705182007507e-11 2.2095830421200167 -0.0018467236428371667 360.50000000000006 91.666666666666387 64.500000000000014 0.24123666125773477 0.19097994088765699 0.0019436364323222046 -0.0031974440894568796 -0.18257462264684263 60.6802675801489 -41.249999999999993 -0.98151615843738926 0.15373459672090692 0.32365440609561741 0.22289268291097949 -500.00000000004263 -0.52181554747104875 -1.0000000180025095e-35 12.500000000000002 44194.500000000007
decision_type=2 2 2 2 2 2 2 2 2 2 2 2 2 2 2 2 2 2 8 2 2 2 2 2 2 2 2 2 2 2 2 2 2 2 10 2 2 2 2 2 2 2 2 2 2 2 2 2 2 8 2 8 2 2 8 2 2 2 2 2 2 2 2 10 2 2 8 2 2 2 2 2 2 2 2 2 2 2 8 2 8 2 2 10 2 2 2 2
left_child=1 2 4 48 7 32 29 61 54 20 11 12 13 -10 16 62 42 68 37 40 23 -19 26 39 -24 -26 33 -28 -21 30 -7 77 66 35 -35 -9 -37 -14 -31 -8 41 67 73 44 53 82 -47 -46 50 -50 -2 -52 -51 -44 58 -56 -57 59 -3 -58 -61 -1 -16 -25 -65 -54 -5 -17 -18 -64 -59 -72 -60 -13 75 -75 -12 84 -79 80 81 -80 83 -45 -6 87 -87 -86
right_child=3 8 -4 5 31 6 9 22 10 -11 76 14 18 -15 15 19 17 21 -20 28 -22 -23 24 63 25 -27 27 -29 -30 38 -32 -33 -34 34 -36 36 -38 -39 -40 -41 -42 -43 43 45 47 46 -48 -49 49 52 51 -53 65 -55 55 56 57 70 72 60 -62 -63 69 64 -66 -67 -68 -69 -70 -71 71 -73 -74 74 -76 -77 -78 78 79 -81 -82 -83 -84 -85 85 86 -88 -89
leaf_value=-1.0671453525867899e-05 3.5448834247698167e-06 -1.2053092148989358e-05 -4.9777835779865219e-05 -2.6383509112501161e-06 1.4130630743900472e-05 -2.263721330941072e-05 4.1182980370108763e-05 -3.7096548520697307e-06 -2.5834912043642622e-05 -1.6774763110348728e-05 4.8560980281806862e-05 2.6015838310097084e-06 -3.7011546491385086e-05 3.6255825759652284e-05 -1.6337770916352232e-05 9.5331885517532005e-06 5.4526484211828361e-05 0 -6.4050353376671768e-05 -7.3962595170389782e-08 -1.3978712777194715e-05 1.522402593247568e-05 -1.5401705245079977e-05 4.2864140318191679e-05 8.3822137386625776e-06 4.8943278949248393e-05 3.3532253576297282e-06 -3.3205887106414793e-05 -2.1923566087354489e-05 4.6236695188185651e-06 6.0324905667522653e-06 1.9779782136420942e-05 -2.2642916171003294e-05 -4.9524428530300753e-06 4.3336137135015494e-05 -3.4966256718909377e-07 4.5787466353850638e-05 0 4.0588856251208417e-05 1.5700275963067772e-05 -1.1285349614881226e-05 -2.2053630793803253e-05 -3.5199175897996451e-05 -2.9374404904252427e-05 4.6270053697400329e-05 -2.6930818968296158e-05 -4.0530153884996041e-06 1.3297745463849014e-05 4.4840033951741616e-05 -1.201909609717304e-05 1.0894711735712448e-05 -1.3265833346235762e-05 -5.0354932669368316e-07 0 -4.4667869228958977e-05 6.3980638241827846e-08 -6.2129345676913822e-06 3.0209822873167854e-06 1.243787127256052e-06 -5.7421573451290113e-05 -1.2440271140528798e-05 -5.3413508393648013e-05 1.5767917545007139e-05 4.3631092648517238e-05 0 3.0235184331622243e-05 8.2899465940842834e-06 3.236222712041623e-05 2.0482429332407941e-05 -7.8269234774002382e-06 -4.3371778827963922e-05 -5.5266463056047954e-06 4.2508984131708174e-05 0 -7.4569072377396601e-06 3.3420214694940586e-05 5.8087591294135262e-06 4.0000177392181252e-07 -5.1777713927334598e-05 -4.1401761707441146e-05 4.230362854659983e-06 -1.7951713504818665e-05 2.0038631449227596e-05 1.753510162060953e-06 -1.0195711381459348e-05 1.2734177438129652e-05 -1.0622336196526853e-05 -5.2677043639024805e-05
leaf_weight=47 641 48 64 289 45 96 61 4953 39 42 35 337 49 49 389 609 34 498 35 2468 37 297 50 147 168 37 55 100 88 117 106 34 42 35 38 54 34 59 37 835 75 34 43 35 48 146 395 228 39 79 75 408 56 67 36 365 80 180 43 58 65 37 68 45 64 65 1864 71 257 240 36 100 36 50 38 125 39 65 35 84 49 208 78 383 39 61 566 38
leaf_count=47 641 48 64 289 45 96 61 4953 39 42 35 337 49 49 389 609 34 498 35 2468 37 297 50 147 168 37 55 100 88 117 106 34 42 35 38 54 34 59 37 835 75 34 43 35 48 146 395 228 39 79 75 408 56 67 36 365 80 180 43 58 65 37 68 45 64 65 1864 71 257 240 36 100 36 50 38 125 39 65 35 84 49 208 78 383 39 61 566 38
internal_value=2.51955e-07 -2.10983e-06 -5.38289e-06 7.31662e-06 -4.95286e-06 9.81863e-06 1.48026e-05 -3.32101e-06 5.48916e-07 1.85129e-05 1.58193e-06 1.30882e-06 -1.48171e-05 7.63996e-06 1.84702e-06 -7.32203e-07 5.28667e-06 1.09053e-05 -2.93127e-05 1.22733e-06 1.98407e-05 5.70053e-06 -2.88795e-06 2.10108e-05 9.60405e-06 1.61745e-05 -3.51086e-06 -1.96097e-05 -8.64035e-07 1.70138e-06 -7.11422e-06 -1.23506e-05 6.17114e-06 -3.00402e-06 1.886e-05 -3.33982e-06 1.63777e-05 -1.71601e-05 1.38923e-05 1.7543e-05 8.1249e-06 1.02992e-05 2.14502e-06 -3.38874e-07 9.70846e-06 -4.17198e-06 -1.04057e-05 1.93823e-05 3.032e-07 1.10447e-05 -1.89481e-06 -9.31407e-06 3.97133e-06 -1.36853e-05 -6.66584e-06 -8.78376e-06 -7.21307e-06 -1.25171e-05 7.91544e-06 -2.37903e-05 -3.44368e-05 -3.0649e-05 -1.02749e-05 3.27706e-05 1.82713e-05 1.52102e-05 6.77813e-06 1.2059e-05 2.47923e-05 -2.30384e-06 -4.96923e-06 -1.62552e-05 2.12717e-05 8.74728e-06 1.80169e-05 2.41007e-05 2.73356e-05 -1.33498e-05 -1.99334e-05 -2.37056e-05 -1.82839e-05 -2.32216e-05 2.43246e-06 -6.21663e-07 -9.34438e-06 -1.09822e-05 -8.19585e-06 -3.24159e-05
internal_weight=20494 15349 6896 5145 6832 3782 1587 5608 8453 1231 7406 7332 231 88 7101 4042 3059 1086 143 3345 1189 795 5524 1152 255 205 5269 155 2556 356 202 1224 2195 5114 73 5041 88 108 154 896 789 714 1973 1423 386 1037 541 276 1363 239 1124 483 200 110 1047 920 884 519 127 203 123 84 697 256 109 121 2153 680 291 308 316 136 79 550 213 175 74 1190 441 376 292 243 496 418 749 704 627 77
internal_count=20494 15349 6896 5145 6832 3782 1587 5608 8453 1231 7406 7332 231 88 7101 4042 3059 1086 143 3345 1189 795 5524 1152 255 205 5269 155 2556 356 202 1224 2195 5114 73 5041 88 108 154 896 789 714 1973 1423 386 1037 541 276 1363 239 1124 483 200 110 1047 920 884 519 127 203 123 84 697 256 109 121 2153 680 291 308 316 136 79 550 213 175 74 1190 441 376 292 243 496 418 749 704 627 77
is_linear=0
shrinkage=0.0337242


Tree=51
num_leaves=89
num_cat=0
split_feature=20 25 39 52 20 15 20 51 48 17 0 51 0 31 27 0 53 17 43 10 36 4 31 31 5 20 31 22 36 16 13 15 18 1 13 12 9 27 0 43 15 12 36 31 0 26 47 48 26 26 43 48 10 16 54 0 20 39 53 1 1 47 31 15 26 52 30 45 52 0 18 31 26 39 51 47 12 26 53 22 20 31 54 36 43 45 47 12
split_gain=0.000281705 0.00012456 0.000102855 6.78834e-05 6.49079e-05 5.95066e-05 5.50229e-05 5.04841e-05 4.36556e-05 5.3257e-05 4.89043e-05 4.36531e-05 4.22024e-05 3.90988e-05 3.78538e-05 5.10122e-05 3.69681e-05 4.80771e-05 3.69504e-05 4.91048e-05 3.61659e-05 3.56925e-05 4.83198e-05 4.82165e-05 4.10611e-05 3.54879e-05 3.4125e-05 3.4119e-05 3.3427e-05 3.6655e-05 3.28507e-05 3.18963e-05 3.8396e-05 4.58372e-05 3.17571e-05 3.30561e-05 3.13246e-05 3.61256e-05 4.51165e-05 4.13024e-05 4.74103e-05 3.49626e-05 3.17109e-05 3.45781e-05 3.06709e-05 3.86975e-05 3.03449e-05 2.94935e-05 4.59206e-05 4.14553e-05 3.75955e-05 3.09727e-05 2.88297e-05 3.16192e-05 2.8399e-05 2.82991e-05 5.21658e-05 2.78089e-05 2.77604e-05 4.04989e-05 2.7707e-05 2.74478e-05 3.36072e-05 3.05255e-05 2.71294e-05 2.69336e-05 2.68407e-05 2.65752e-05 2.64605e-05 2.63327e-05 2.75632e-05 2.55454e-05 2.55356e-05 2.54882e-05 2.49011e-05 2.62455e-05 2.45319e-05 2.44667e-05 2.43923e-05 5.63721e-05 2.41582e-05 2.76927e-05 3.23267e-05 2.39635e-05 2.38255e-05 2.37406e-05 2.50924e-05 2.61135e-05
threshold=2.9569842738205372 -0.50301931929395438 0.0065735459338001076 0.31557669968956664 65.708333333333357 0.031975986957231438 0.20446941323345821 25.925925925926737 54.560677251873201 -0.23871814750884993 5.5000000000000009 81.48148148148077 241.50000000000003 261.50000000000006 -326.71719570627687 113.50000000000001 59.755824731549872 -0.10548440654164593 -0.003430541825542532 -1.4031954887218039 0.0012217475542659619 -0.00016253038611566505 24.500000000000004 225.50000000000003 0.60870199420544135 6.3042929292929299 126.50000000000001 -0.95411073089409482 0.0018709090272672759 0.47838345864661663 -0.23575577154295149 0.089212694695413416 -0.2853132579553691 80.17263938827962 -0.02569291428494663 -0.8330152671755725 -0.80248091603053429 5.2106319591065775 96.500000000000014 -0.0058651082436399484 0.11383675521935856 -0.87881679389312961 -0.001586043820592131 145.50000000000003 30.500000000000004 0.0057915024684998921 -55.555555555586146 60.292971023932076 -0.0031432523552146776 -0.0032516997891260464 0.0036652426627976635 6.6643195320656838 -0.91165413533834549 0.47838345864661663 -3.7452812333428063 110.50000000000001 0.10874113152628707 0.0015186037608793115 55.254631100360605 1327.3893081939834 80.616164491822758 -65.476190476191888 254.50000000000003 0.20174689200305121 0.0023979647524262813 0.32468554499958052 17.500000000000004 -0.0037558718560001809 0.13650453522230596 8.5000000000000018 -0.22110343465240459 45.500000000000007 -0.0011762176077657436 0.0032388685202960903 92.592592592591743 83.333333333324234 -0.52958015267175562 -0.00075038147813310261 55.254631100360605 -0.65160469506689644 0.026365441906653426 123.50000000000001 31.753968895436341 -0.0014194471308833221 -0.003502637713164058 0.0018034279767131791 55.555555555555777 -0.37690839694656481
decision_type=2 2 2 2 2 10 2 2 2 10 2 2 2 2 8 2 2 10 2 2 2 2 2 2 2 2 2 8 2 2 10 10 8 2 10 10 8 8 2 2 10 10 2 2 2 8 2 2 8 8 2 2 2 2 2 2 2 2 2 2 2 2 2 8 10 2 2 2 2 2 8 2 8 2 2 2 10 10 2 8 2 2 2 2 2 2 2 8
left_child=1 2 3 7 5 12 16 18 20 10 -10 21 25 14 15 74 17 44 19 -1 36 22 -7 24 31 34 -11 -13 29 -27 -15 32 33 -24 35 -2 68 61 39 66 42 -40 43 -41 -3 71 -6 49 50 51 76 -5 80 -54 -25 56 -53 -56 59 -33 -23 -38 63 -63 69 -12 -39 -34 -8 -60 -71 -46 -42 -20 -9 -76 -49 -70 -51 -80 -16 82 -82 -28 -29 86 87 -18
right_child=4 6 -4 47 46 11 8 13 9 26 65 27 -14 30 52 -17 85 -19 73 -21 -22 60 23 54 -26 28 83 84 -30 -31 -32 58 67 -35 -36 -37 37 38 41 40 72 -43 -44 -45 45 -47 -48 48 -50 78 -52 55 53 -55 57 -57 -58 -59 64 -61 -62 62 -64 -65 -66 -67 -68 -69 77 70 -72 -73 -74 -75 75 -77 -78 -79 79 -81 81 -83 -84 -85 -86 -87 -88 -89
leaf_value=-7.549800838840177e-06 -3.926900495748661e-05 -1.1358677267173162e-05 -4.727635141070838e-05 1.5632625401123655e-05 1.6171422834707611e-05 -4.6069784349216053e-06 -1.1042328324908597e-06 -4.5258649488971981e-06 -7.5834284645593399e-06 1.4077616225302388e-05 3.178120505519993e-06 -2.0615861559955557e-06 -3.0963606291743828e-05 0 -1.5609079096701756e-05 3.4881643170331427e-05 -6.2470714124504351e-06 -3.7969294791714526e-05 -6.8951215792162008e-06 -6.4840180001513799e-05 -1.2843903915616764e-05 2.900172028935057e-06 1.1045783156718348e-05 -8.0326334897016361e-06 3.4460190937266085e-05 -1.2341796758103156e-05 1.408473066205253e-05 4.9013295683923743e-05 4.0039068329009986e-05 1.3894925660254517e-05 4.2338082589813955e-05 5.4931730826635027e-06 3.8878905709830325e-05 5.4482128728709249e-05 1.4829751936501396e-05 -6.8507906003266205e-06 7.5601460936403561e-06 4.0823899025577696e-05 -4.5286657404603146e-05 3.042149433842864e-05 -3.3246543609057969e-06 -1.0708584137861703e-05 -5.8451240274313793e-08 -4.9148278728549275e-06 -2.8015524828694733e-05 3.1829399411280359e-05 4.5450179475279033e-05 -3.0403963619132405e-05 -5.3898129521549334e-05 3.3290067088578726e-05 -1.2080815214504037e-06 -5.5340101465980124e-05 -2.0439924874707821e-05 8.3566428154708505e-07 9.6715548404103268e-06 7.3438506160296746e-06 -1.2795277507911045e-05 -2.1826571246777001e-05 2.4673700684618436e-05 -1.8775251375886563e-05 4.6235360556855409e-05 3.1053210182951325e-07 3.0218960392617268e-05 -1.645383714411635e-05 3.3690216908652218e-05 2.4572820899157526e-05 0 8.3448881330373401e-06 2.0329182983259155e-05 3.1516604780539831e-05 -8.7354880996167028e-07 3.210471738661319e-06 -1.5369772408672926e-05 -3.6170016617582467e-05 0 3.8495963261775428e-05 -7.3935099980735306e-06 7.4877544247133391e-07 2.71589439524425e-05 -2.4818919848817184e-05 5.6450065874162733e-07 -4.1641024683308957e-06 2.9050234015648444e-05 9.6091735636932907e-07 1.8356914690073902e-05 1.8144508892341276e-05 -1.9832006196739085e-05 2.9935045795856786e-05
leaf_weight=43 48 563 66 42 143 399 210 191 568 795 762 78 55 39 155 67 51 65 613 34 246 34 63 292 80 95 215 36 34 159 41 935 38 61 51 189 792 41 44 86 494 199 767 43 38 44 68 177 41 35 153 37 217 112 309 61 503 34 97 84 47 835 38 143 70 76 40 402 224 34 209 123 370 38 36 37 93 123 46 49 1585 2513 47 673 416 96 62 37
leaf_count=43 48 563 66 42 143 399 210 191 568 795 762 78 55 39 155 67 51 65 613 34 246 34 63 292 80 95 215 36 34 159 41 935 38 61 51 189 792 41 44 86 494 199 767 43 38 44 68 177 41 35 153 37 217 112 309 61 503 34 97 84 47 835 38 143 70 76 40 402 224 34 209 123 370 38 36 37 93 123 46 49 1585 2513 47 673 416 96 62 37
internal_value=2.43058e-07 -1.86724e-06 -5.20729e-06 -4.79712e-06 7.63827e-06 6.72202e-06 7.86583e-07 -3.23672e-06 1.78559e-06 4.90077e-06 0 8.35367e-06 -2.7389e-06 -2.01436e-06 -2.40911e-06 8.52895e-06 -6.33074e-06 -9.76249e-06 -1.15664e-05 -3.41022e-05 -2.43409e-07 6.81372e-06 6.19799e-06 7.8257e-06 1.03173e-05 0 8.94827e-06 1.74343e-05 8.32693e-06 3.70143e-06 2.12519e-05 9.2997e-06 1.6208e-05 3.31932e-05 -8.41457e-06 -1.38244e-05 4.31589e-07 -6.15918e-07 -3.66258e-06 -1.80113e-06 -2.9332e-06 -1.73674e-05 2.41827e-06 1.78934e-05 -7.24933e-06 3.56484e-06 2.60653e-05 -1.1995e-05 -1.88658e-05 -7.74568e-06 -1.52417e-05 -1.13257e-05 -3.21212e-06 -1.29034e-05 -1.56101e-07 -1.33704e-05 -1.58894e-05 6.26748e-06 6.50547e-06 3.39778e-06 2.92386e-05 2.84237e-06 -7.40124e-07 -2.04187e-06 1.39935e-05 5.2338e-06 2.16036e-05 1.12016e-05 7.9245e-06 9.65396e-06 3.26065e-06 -3.55929e-06 -8.59474e-06 -8.75243e-06 1.47482e-06 1.84993e-05 -2.28361e-05 1.36671e-05 9.218e-06 0 -2.44815e-06 -1.93268e-06 1.44409e-06 4.24727e-06 2.10124e-05 4.89686e-06 -2.93725e-06 7.8675e-06
internal_weight=20494 15934 7071 7005 4560 4349 8863 5768 7784 3089 1406 3718 631 5040 4960 331 1079 833 728 77 4695 3188 3107 2708 2073 576 1683 530 288 254 80 1993 564 124 288 237 4449 3892 2084 1841 1760 243 896 129 768 205 211 1237 464 773 423 643 4629 329 635 601 540 343 1429 1019 81 1808 1016 978 410 838 81 440 557 340 243 161 864 651 264 73 270 347 130 95 4300 4145 1632 888 452 246 150 88
internal_count=20494 15934 7071 7005 4560 4349 8863 5768 7784 3089 1406 3718 631 5040 4960 331 1079 833 728 77 4695 3188 3107 2708 2073 576 1683 530 288 254 80 1993 564 124 288 237 4449 3892 2084 1841 1760 243 896 129 768 205 211 1237 464 773 423 643 4629 329 635 601 540 343 1429 1019 81 1808 1016 978 410 838 81 440 557 340 243 161 864 651 264 73 270 347 130 95 4300 4145 1632 888 452 246 150 88
is_linear=0
shrinkage=0.0337242


Tree=52
num_leaves=89
num_cat=0
split_feature=20 20 20 19 39 38 36 0 55 23 54 9 47 36 31 16 20 52 55 19 50 44 37 37 44 31 54 20 37 31 30 41 44 3 9 38 19 31 0 10 15 12 2 4 31 47 36 31 4 12 26 4 18 26 31 31 9 55 15 43 50 17 2 4 47 0 12 10 4 26 45 31 20 31 55 52 0 9 31 15 54 15 17 31 1 47 18 55
split_gain=0.000271741 0.00010866 8.24172e-05 8.10603e-05 7.50703e-05 7.36275e-05 6.26289e-05 7.75668e-05 6.21667e-05 5.75055e-05 4.48907e-05 4.37627e-05 4.33185e-05 4.18133e-05 4.1408e-05 4.10815e-05 6.60542e-05 7.22206e-05 3.99708e-05 5.36295e-05 3.86684e-05 6.40749e-05 3.90955e-05 4.15434e-05 4.07719e-05 3.76909e-05 3.73148e-05 3.50534e-05 3.7757e-05 4.22561e-05 4.41756e-05 4.6673e-05 4.20764e-05 4.16908e-05 3.67982e-05 3.88661e-05 3.71305e-05 4.91009e-05 3.66261e-05 3.49354e-05 3.4609e-05 3.49682e-05 3.53697e-05 3.45184e-05 3.34343e-05 3.12535e-05 3.09864e-05 3.35723e-05 3.07901e-05 2.98514e-05 2.9774e-05 2.87298e-05 2.85742e-05 2.7962e-05 2.79046e-05 2.76388e-05 2.7305e-05 2.69747e-05 4.03629e-05 3.15951e-05 3.57988e-05 2.924e-05 2.69572e-05 2.67022e-05 2.66903e-05 3.16834e-05 3.08186e-05 2.59962e-05 2.49312e-05 2.61821e-05 2.493e-05 2.47306e-05 2.45615e-05 2.44707e-05 2.40113e-05 2.38379e-05 2.45758e-05 2.37115e-05 2.73789e-05 2.3385e-05 2.98692e-05 2.44348e-05 2.32811e-05 2.87e-05 4.03784e-05 2.31852e-05 2.30232e-05 2.29429e-05
threshold=1.0997237569060776 0.011560736560736562 65.708333333333357 0.35593497249219302 0.0065735459338001076 -0.0031974440894568796 0.0016116045919692958 14.500000000000002 4028.5000000000005 -0.74999999999999989 2.7212485057935476 -0.84637404580152664 -44.444444444455492 -0.0037842985621813758 123.50000000000001 0.45018796992481208 0.076230831315577091 0.40730651661106587 15313.500000000002 4.0465208089923985 36.111111111110937 0.0011737234724029657 -0.00135777387764735 0.0015936265098182025 0.002010052281560815 41.500000000000007 13.974490406892519 8.7192118226601014 0.0015186037608793115 145.50000000000003 17.500000000000004 0.0019512213693957394 0.002437538991711508 0.18320902789069266 -0.78339694656488545 0.0024860171193720197 -0.05241943671448545 83.500000000000014 67.500000000000014 -1.3411654135338342 0.35974247405586218 -0.54484732824427462 -1.0000000180025095e-35 -0.0040773927299451625 239.50000000000003 -16.666666666688069 -0.0016625115394608423 24.500000000000004 -0.13990332975295378 -0.052480916030534348 -0.0013713883331260234 -0.046434224659392835 -0.27362188138308502 -0.0056231210935642683 35.500000000000007 166.50000000000003 -0.51622137404580137 5324.5000000000009 0.0087419706878095454 -0.003430541825542532 8.3333333333331598 -0.019824610163541142 -0.25020259535990469 -0.87927525580869459 -66.666666666668874 77.500000000000014 -0.49332061068702288 -1.0357142857142851 -0.0057592288993159576 -0.0054888507185451392 -0.003925420855965144 49.500000000000007 1.5966726003012461 115.50000000000001 11943.000000000002 0.34498385841469054 41.500000000000007 -0.071564885496183187 34.500000000000007 0.3155598884414616 -27.052249514346727 0.23257881530612382 -0.018617799362218773 28.500000000000004 633.34955842946385 -111.11111111110802 -0.50304081868234862 42344.000000000007
decision_type=2 2 2 2 2 2 2 2 2 10 2 10 2 2 2 2 2 2 2 2 2 2 2 2 2 2 2 2 2 2 2 2 2 2 10 2 2 2 2 2 10 10 2 2 2 2 2 2 2 10 8 2 10 10 2 2 8 2 10 2 2 8 2 2 2 2 8 2 2 8 2 2 2 2 2 2 2 8 2 10 2 8 8 2 2 2 8 2
left_child=1 8 3 5 6 40 13 -8 -1 54 14 -12 -4 -3 39 50 25 18 57 46 -13 74 -23 24 -24 -17 77 28 34 30 33 32 -32 -30 35 70 38 -38 86 53 41 -2 51 48 64 55 47 -20 -40 71 -15 -43 -26 -5 -9 -16 -19 79 -59 60 -60 -61 -27 -52 68 -66 -67 -65 69 -29 -7 -44 -39 -10 -22 76 -48 78 -11 80 81 -18 83 84 -82 -49 -36 -64
right_child=2 4 12 10 -6 27 7 9 73 26 11 20 -14 15 45 16 17 56 19 -21 21 22 23 -25 52 62 -28 44 29 -31 31 -33 -34 -35 36 -37 37 72 43 -41 -42 42 49 -45 -46 -47 75 85 -50 -51 63 -53 -54 -55 -56 -57 -58 58 59 61 -62 -63 87 67 65 66 -68 -69 -70 -71 -72 -73 -74 -75 -76 -77 -78 -79 -80 -81 82 -83 -84 -85 -86 -87 -88 -89
leaf_value=-7.1670066109839049e-05 2.7340597860874125e-05 -2.8720923125472313e-05 1.5315012310231876e-05 6.1694514529923182e-06 -3.9618046332873335e-05 2.7005458901661384e-05 -1.816694144887917e-05 4.4212754116787831e-05 -2.898270457116893e-05 -3.2964482406401722e-05 0 4.8558991804152058e-06 5.2147201627692495e-05 -6.7773598895447169e-06 2.9678246100161865e-05 -3.0595711936181822e-05 -1.7920604510684014e-05 9.611096745214853e-06 -1.624735329169703e-05 4.0348916770286741e-05 7.3669072460297503e-05 -1.1029145310569789e-05 1.1668188766130086e-06 1.9511583915555066e-06 1.942858048373782e-05 3.0684756961023778e-06 1.1147489461331317e-05 3.5325066403128843e-05 2.2077269271481952e-06 -1.4297278386572187e-05 -3.918882671400546e-06 -2.5696027153540903e-05 3.7173336200199087e-05 5.0954837205197055e-05 2.3950458431137292e-05 3.7715142690528989e-05 -3.3889570593147247e-06 1.9455856414243192e-07 0 7.4743883110934138e-06 0 1.0013978595281449e-05 -2.7949323186085468e-05 1.1902206448565924e-05 -3.8624122545893937e-06 4.6843248591141452e-05 -1.7799990419969289e-06 5.6280625984160207e-07 -1.989824443745669e-05 2.7345973201409701e-05 3.2639916300138518e-05 3.9895439355540275e-05 6.0770365476572538e-05 -2.5826095525498271e-05 4.3889179466799575e-06 -1.4818700915376537e-06 5.5612074026733591e-05 -3.889687195883178e-05 0 -4.4529196565477952e-06 -4.050680070504086e-05 2.3536180047653578e-05 -7.705897813613056e-06 4.9693750344277051e-06 9.0746613473600341e-06 4.2928387288700648e-05 9.1669429839105596e-06 -2.6636716334392049e-05 -6.1084944633884671e-06 3.5860426865077718e-06 3.9520773235004582e-06 1.1649126894717948e-06 1.1827941432195781e-05 0 3.2426481929116965e-05 -2.2048912287039118e-05 4.655132676627067e-06 1.4555018577501993e-05 -8.2163392608536552e-06 -1.3322528982029867e-05 0 9.449795144974934e-06 -1.9978626364602601e-05 2.9746840599018851e-06 4.6322802265843617e-05 2.4965853427082292e-05 -1.1929497848021383e-06 -3.3742029359320418e-05
leaf_weight=35 211 67 169 40 65 59 664 39 93 60 99 103 52 2301 49 105 143 35 35 43 46 35 34 65 38 157 120 40 57 403 121 86 36 35 42 46 642 313 111 165 197 118 41 61 279 36 1261 72 313 40 34 63 67 94 54 80 36 42 40 1266 58 43 169 222 518 75 67 34 203 150 889 147 722 43 43 49 1418 42 562 130 35 45 45 1165 43 164 2180 57
leaf_count=35 211 67 169 40 65 59 664 39 93 60 99 103 52 2301 49 105 143 35 35 43 46 35 34 65 38 157 120 40 57 403 121 86 36 35 42 46 642 313 111 165 197 118 41 61 279 36 1261 72 313 40 34 63 67 94 54 80 36 42 40 1266 58 43 169 222 518 75 67 34 203 150 889 147 722 43 43 49 1418 42 562 130 35 45 45 1165 43 164 2180 57
internal_value=-1.95227e-07 -3.78323e-06 3.99231e-06 3.49432e-06 -3.35557e-06 2.38559e-06 -3.12952e-06 -9.44495e-06 -3.05282e-05 -2.73109e-06 1.26161e-05 1.93823e-05 2.44188e-05 -2.07426e-06 4.67911e-06 -1.87074e-06 -4.52418e-07 4.77481e-07 6.77971e-08 2.81962e-06 2.40301e-05 2.97565e-05 2.00155e-05 2.58156e-05 3.62798e-05 -1.24038e-05 -5.8033e-06 1.31678e-06 2.20675e-07 -6.91285e-06 1.68198e-06 -5.53828e-06 4.8879e-06 2.18035e-05 1.21755e-06 7.0774e-06 -8.90266e-08 3.83122e-06 -2.55335e-06 -2.5227e-06 1.20108e-05 1.59243e-05 9.79839e-06 -1.09633e-05 6.27709e-06 1.83154e-05 2.24929e-06 1.31596e-05 -1.44809e-05 5.22627e-07 -5.47693e-06 2.09487e-05 4.67292e-05 -1.55539e-05 2.21286e-05 9.60487e-06 3.4297e-05 -2.64067e-06 -5.98048e-06 -4.9292e-06 -2.35718e-05 -3.45965e-06 -7.16409e-06 4.50797e-06 9.05542e-06 1.3224e-05 2.76794e-05 3.94111e-07 1.80888e-06 1.07767e-05 5.4888e-06 -4.67034e-06 8.40322e-06 -1.92294e-05 5.4829e-05 1.13002e-06 1.59005e-06 -9.01226e-06 -1.0759e-05 3.12451e-07 1.57885e-06 -1.0855e-05 3.46878e-06 4.39541e-06 2.43759e-05 1.79304e-05 -6.7419e-07 -1.47002e-05
internal_weight=20571 11091 9480 9259 10920 8265 10855 1541 171 877 994 530 221 9314 464 9247 6656 6168 6097 3042 431 328 239 204 139 488 784 7448 6116 738 335 243 157 92 5378 994 4384 1677 2707 299 817 620 409 485 1332 165 2999 271 424 228 2591 181 105 134 93 129 71 3055 1449 1407 98 1309 383 290 1053 660 142 256 393 190 948 188 1035 136 89 2728 2679 664 622 1606 1476 188 1288 1243 78 236 2222 226
internal_count=20571 11091 9480 9259 10920 8265 10855 1541 171 877 994 530 221 9314 464 9247 6656 6168 6097 3042 431 328 239 204 139 488 784 7448 6116 738 335 243 157 92 5378 994 4384 1677 2707 299 817 620 409 485 1332 165 2999 271 424 228 2591 181 105 134 93 129 71 3055 1449 1407 98 1309 383 290 1053 660 142 256 393 190 948 188 1035 136 89 2728 2679 664 622 1606 1476 188 1288 1243 78 236 2222 226
is_linear=0
shrinkage=0.0337242


Tree=53
num_leaves=89
num_cat=0
split_feature=49 42 24 4 17 36 42 36 10 4 22 18 36 31 22 11 37 48 13 7 5 31 28 3 19 43 47 7 31 54 4 10 27 53 54 37 24 1 29 15 40 19 15 12 53 37 40 12 26 31 40 26 17 18 17 30 54 44 48 51 40 36 31 22 19 46 41 42 54 17 13 53 31 3 17 2 47 47 11 47 43 10 30 27 29 22 54 31
split_gain=0.000159048 7.88942e-05 5.77214e-05 4.74317e-05 6.38968e-05 4.42691e-05 5.1462e-05 4.18254e-05 4.30302e-05 3.99672e-05 3.61347e-05 3.57257e-05 3.21996e-05 2.96531e-05 3.7082e-05 3.27199e-05 2.92371e-05 2.90733e-05 5.1688e-05 4.79933e-05 2.8463e-05 3.19356e-05 2.71689e-05 2.69839e-05 3.73744e-05 3.65174e-05 2.94535e-05 2.79497e-05 2.76821e-05 2.61326e-05 2.77264e-05 5.10743e-05 2.53802e-05 2.53531e-05 3.54191e-05 3.94189e-05 3.87024e-05 6.15497e-05 3.12418e-05 4.62167e-05 2.9307e-05 2.91872e-05 3.45382e-05 2.62073e-05 3.70613e-05 4.51241e-05 3.95158e-05 2.54183e-05 3.40112e-05 2.5246e-05 2.51375e-05 2.68558e-05 2.48453e-05 2.40738e-05 2.56089e-05 2.72228e-05 2.54447e-05 6.32978e-05 2.81811e-05 2.64423e-05 2.4382e-05 2.43642e-05 2.3887e-05 2.36466e-05 3.04142e-05 2.85043e-05 2.59979e-05 2.38816e-05 2.92923e-05 2.34655e-05 2.32791e-05 2.31686e-05 2.28134e-05 2.2493e-05 2.19569e-05 2.18244e-05 2.18104e-05 2.26704e-05 2.1548e-05 2.12997e-05 2.40089e-05 2.19121e-05 2.11491e-05 2.09088e-05 2.07386e-05 2.00957e-05 2.00934e-05 2.59982e-05
threshold=55.735493808674711 0.0089907828886440794 499.99999999993611 -0.83093306574707437 -0.17449021386150199 0.003137256831838076 0.0047808795294548298 0.0011689074711701555 -0.8515037593984961 -0.027792696025778729 -0.20038167938931295 -0.13614443896465914 -0.0016625115394608423 25.500000000000004 -0.80497060629990336 -0.57156488549618312 -0.0024286590616853228 28.587263126904883 -0.0041660699772295244 0.44779424472865542 0.6255577097282371 114.50000000000001 0.99173824667235 -0.21439281606951241 0.096469916950116655 -0.0043243293783250527 -66.666666666657036 0.15954459039059801 35.500000000000007 -9.0019344379179014 -0.00066425462151619634 -1.9088345864661649 -249.99058415677516 73.924082666612634 20.685430672257233 0.0015785329486048829 10000.16666666667 81.296109502628298 6.5000000000000009 0.021972494850282846 0.0043149996276160571 -0.16296669341080158 0.057465002981990594 -0.82347328244274798 40.30879444780367 0.0031771267065384694 0.003192340421195317 -0.7910305343511449 -0.00064669346677054512 188.50000000000003 -0.003502637713164058 0.0013287554759701451 -0.41408055644948943 -0.068825591301407654 -0.39345140575173337 16.500000000000004 1.4079828007794233 -0.001309758256537674 30.999457263083581 4.4724717756455199e-13 -0.0038119502460572381 -0.0010509724394490159 66.500000000000014 -0.87762861571758644 0.54394515662864873 0.66666666666667462 0.003192340421195317 0.0032284121111052504 -0.20144467639220678 -0.027354378163307099 -0.15810589614245316 63.690363620812924 41.500000000000007 0.043104277686101658 -0.061402899271525105 -1.0000000180025095e-35 49.456457520978113 81.081081081098617 -0.60019083969465636 166.66666666673183 0.0012430085596860654 -1.7998120300751876 16.500000000000004 -71.707106361805174 6.5000000000000009 -0.93116609634114222 -0.27901371810479392 91.500000000000014
decision_type=2 2 8 2 10 2 2 2 2 2 8 10 2 2 10 10 2 2 8 10 2 2 2 2 2 2 2 10 2 2 2 2 10 2 2 2 8 2 2 10 2 2 8 10 2 2 2 10 8 2 2 10 10 10 10 2 2 2 2 2 2 2 2 10 2 2 2 2 2 10 10 2 2 2 10 2 2 2 10 2 2 2 2 10 2 8 2 2
left_child=2 5 3 4 78 9 11 8 12 23 29 63 32 14 16 -16 -14 19 70 -10 53 72 -8 24 -2 -25 -26 -28 -29 30 31 -11 -4 34 36 38 43 -38 39 -36 41 42 -35 44 45 46 -27 -37 -49 -31 51 -15 -13 54 55 -5 59 58 -58 86 69 76 -63 64 65 73 -65 -68 -69 -55 -19 -18 -22 -7 82 -57 -59 -78 -1 -45 -81 -82 -52 -76 -33 -67 87 -56
right_child=1 -3 7 20 -6 6 22 -9 17 10 -12 52 13 50 15 -17 71 18 -20 -21 21 -23 -24 25 26 33 27 28 -30 49 -32 84 -34 40 35 47 37 -39 -40 -41 -42 -43 -44 79 -46 -47 -48 48 -50 -51 74 -53 -54 60 56 75 57 61 -60 -61 -62 62 -64 66 -66 85 67 68 -70 -71 -72 -73 -74 -75 83 -77 77 -79 -80 80 81 -83 -84 -85 -86 -87 -88 -89
leaf_value=-1.9451111859125777e-05 -4.0782365567489476e-06 -4.8556152821726106e-05 -1.0249948093892064e-05 -3.0337348279998026e-05 -5.3738847317279484e-05 0 3.2982803976586244e-05 3.4501815424564087e-05 -4.3778964045527801e-05 -4.1358432198946607e-05 3.4377851435697208e-05 -5.4568240594922669e-06 -2.320901858302527e-05 2.5653991564606275e-05 -4.93069574844281e-05 -1.2370137748408716e-06 0 7.4471912590530134e-06 3.5050174357404286e-05 -1.3715915273259312e-07 1.3736848682694944e-06 2.4812898027505977e-06 -1.9787536641923706e-06 -3.8633474482387097e-05 -2.5478693841626927e-05 -1.5588262434173053e-05 -1.4654988562404147e-06 3.5538518615736555e-05 8.0321679496359223e-06 1.2543425870206912e-05 1.7621004386934358e-05 -1.7129553364425884e-05 1.2546069763164146e-05 -4.2364130194018343e-05 -4.9339324251313255e-05 -9.0237963115472296e-06 -1.1861672724059263e-05 3.0400330955654904e-05 4.6312703551113782e-06 0 -3.4837321453669237e-05 -5.0709751835845998e-06 -6.2924574120286928e-06 -2.1175402572235192e-06 0 -4.643685746635269e-05 1.1300128003514433e-05 -1.9348809426721651e-05 -6.4233718530085467e-05 -1.6068195949649212e-06 8.7588579501910019e-06 -6.5053417678602513e-07 -3.4426364408706388e-05 -3.3087416625856688e-05 3.9385335237593053e-05 9.5575581087516798e-06 5.7413773994596175e-06 5.7312846373336308e-06 3.1950588313226718e-05 -5.8444016235848597e-08 -1.2268931029040895e-06 -9.1722468621545123e-06 3.8445002644616468e-06 4.7293522890516987e-06 4.5533575688487852e-06 -1.9127759882116504e-05 6.0855508023308439e-07 -4.8895254055958703e-05 -6.240259925563368e-06 -1.3237757820402516e-06 -1.7165953465533891e-05 2.6980213674895763e-05 3.840020940532927e-05 -2.9470735514245349e-05 2.9287429557396664e-05 -1.3086625423522389e-05 4.8406086035921494e-05 6.1863743521943194e-06 6.668544960086513e-07 -8.221686420643207e-06 3.0899414400473175e-05 4.1941922222328091e-06 -4.2802469026676949e-07 7.5080926396834991e-06 3.1966976529088022e-06 -5.2572945015486238e-05 -8.2156954620856069e-06 8.9511163622342177e-06
leaf_weight=89 1170 44 54 51 38 87 43 58 52 46 43 57 46 136 36 37 160 70 42 74 34 173 50 36 34 336 342 48 564 360 53 79 1033 58 36 84 60 101 174 61 50 811 79 2847 335 47 72 64 35 220 387 55 130 56 44 90 83 195 147 2439 1895 218 601 206 58 60 64 36 50 63 102 48 68 44 59 101 35 35 163 62 66 96 1016 634 191 47 44 174
leaf_count=89 1170 44 54 51 38 87 43 58 52 46 43 57 46 136 36 37 160 70 42 74 34 173 50 36 34 336 342 48 564 360 53 79 1033 58 36 84 60 101 174 61 50 811 79 2847 335 47 72 64 35 220 387 55 130 56 44 90 83 195 147 2439 1895 218 601 206 58 60 64 36 50 63 102 48 68 44 59 101 35 35 163 62 66 96 1016 634 191 47 44 174
internal_value=-1.85835e-07 -3.34914e-06 2.59285e-06 6.79485e-07 -1.26363e-05 -3.13169e-06 -1.01471e-05 5.76024e-06 5.3238e-06 -2.36552e-06 3.96083e-06 -1.28444e-05 6.39132e-06 4.30287e-06 -5.04088e-06 -2.62669e-05 6.78967e-07 -6.01228e-06 1.13311e-06 -1.89152e-05 1.28417e-06 1.19291e-05 1.3147e-05 -3.19656e-06 0 -4.44855e-06 4.82982e-06 6.01132e-06 1.03475e-05 2.48075e-06 -4.37557e-06 -8.37076e-06 1.13247e-05 -4.20607e-06 -3.08953e-06 -1.20628e-05 -2.05261e-06 1.40502e-05 -3.47606e-06 -1.90156e-05 -9.11687e-06 -7.65834e-06 -2.22692e-05 -2.74911e-06 -8.25057e-06 -1.452e-05 -1.06063e-05 -2.42504e-05 -3.61936e-05 7.00944e-06 5.68112e-06 1.75733e-05 -2.6113e-05 8.01944e-07 2.25046e-06 -8.30073e-06 2.9105e-06 6.77264e-06 2.29127e-05 9.95839e-07 -2.21181e-06 3.25891e-06 2.61705e-07 -8.89061e-06 -1.60055e-05 -2.14218e-05 -2.70336e-06 -1.35553e-05 -2.52198e-05 -1.70836e-05 -6.58701e-06 6.4266e-06 2.70057e-05 -9.82032e-06 4.55132e-06 -1.91053e-06 1.21572e-05 2.86771e-05 -6.05474e-06 -1.30242e-06 8.62617e-06 1.56708e-05 2.03717e-06 9.5018e-06 -2.39263e-06 -3.4722e-05 1.11792e-05 1.55372e-05
internal_weight=20571 9636 10935 6836 290 9592 932 4099 4041 8660 992 839 3701 2614 327 73 254 340 214 126 6546 275 93 7668 2158 5510 988 954 612 949 369 316 1087 5474 4476 454 4022 161 271 97 998 948 137 3861 790 455 408 183 99 580 2287 191 187 6271 4257 242 4015 1314 230 2701 2014 1084 819 652 296 238 356 150 86 119 172 208 102 131 2096 191 265 70 252 3071 224 162 1403 693 270 107 262 218
internal_count=20571 9636 10935 6836 290 9592 932 4099 4041 8660 992 839 3701 2614 327 73 254 340 214 126 6546 275 93 7668 2158 5510 988 954 612 949 369 316 1087 5474 4476 454 4022 161 271 97 998 948 137 3861 790 455 408 183 99 580 2287 191 187 6271 4257 242 4015 1314 230 2701 2014 1084 819 652 296 238 356 150 86 119 172 208 102 131 2096 191 265 70 252 3071 224 162 1403 693 270 107 262 218
is_linear=0
shrinkage=0.0337242


Tree=54
num_leaves=89
num_cat=0
split_feature=20 20 20 28 9 37 19 36 37 6 54 11 9 39 24 5 41 13 17 30 17 10 54 5 55 17 11 16 26 6 47 53 7 16 20 15 27 9 26 38 55 38 47 7 27 55 1 20 11 26 24 24 49 51 11 53 5 39 49 41 19 25 9 27 5 7 5 54 54 1 36 50 26 50 10 38 53 37 17 26 10 26 5 55 15 55 54 48
split_gain=0.000262848 0.000109874 0.000109135 7.4392e-05 6.93255e-05 6.86804e-05 7.77805e-05 5.13432e-05 5.08932e-05 4.91843e-05 4.5e-05 5.01254e-05 4.3054e-05 4.25091e-05 4.01374e-05 3.95842e-05 5.17876e-05 3.8977e-05 3.6696e-05 3.46899e-05 5.43501e-05 3.40093e-05 3.16076e-05 3.11199e-05 5.20138e-05 0.000103355 3.06752e-05 3.02445e-05 2.99479e-05 2.9377e-05 3.02452e-05 2.99529e-05 2.91615e-05 2.82314e-05 2.81907e-05 2.7763e-05 2.77006e-05 2.7359e-05 2.93025e-05 2.72453e-05 2.62491e-05 2.59667e-05 2.59768e-05 2.57245e-05 2.46895e-05 2.8399e-05 2.40796e-05 2.8181e-05 2.40187e-05 2.48811e-05 2.38169e-05 2.88215e-05 2.63341e-05 2.33126e-05 2.91418e-05 2.28185e-05 2.62808e-05 2.44379e-05 2.43316e-05 2.27859e-05 2.26341e-05 2.36298e-05 2.2298e-05 2.87763e-05 2.21395e-05 2.19068e-05 2.26236e-05 2.17773e-05 2.16679e-05 2.15872e-05 2.11125e-05 2.8795e-05 2.10044e-05 2.07292e-05 2.07493e-05 2.0693e-05 2.06737e-05 2.04545e-05 2.74847e-05 2.45604e-05 2.82555e-05 2.04287e-05 2.09348e-05 2.03645e-05 3.1275e-05 2.68569e-05 2.47762e-05 2.02044e-05
threshold=1.4561469780219782 0.011560736560736562 65.708333333333357 -0.74719916626344574 -0.28053435114503816 -0.0037523584241502812 0.35593497249219302 0.001668057874234852 -0.0037842985621813758 -1.0000000180025095e-35 2.7212485057935476 -0.89408396946564872 -0.78339694656488545 0.0015885633532691792 -1000.0000000000495 -0.21320447641315471 0.0064557806118196179 -0.48830267267610167 -0.02996182089464907 16.500000000000004 -0.46114434919984787 -1.2114661654135335 -33.802755036730623 0.30756392604644062 9104.5000000000018 -0.29584418244053706 -0.4608778625954198 0.48402255639097752 -0.0008276891270614094 50.250000000000007 -7.2463768116075169 17.992527858071679 1.3616182019817953 0.94454887218045125 2.4921855921855927 0.13709559854342235 -26.267546955354614 -0.39599236641221369 -0.00088824674291838749 0.0024645727162841973 -2829.4999999999995 -0.0015163010990021928 -83.333333333347824 0.77979893997004257 458.34674807995469 51430.000000000007 251.91811166156495 13.455555555555557 -0.72041984732824416 -0.0084009751690497046 -12500.499999999998 -749.99999999999272 7.2120181492492425e-14 50.925925925927153 -0.16698473282442747 42.81992644001437 0.549373724572222 -0.0012812347130067845 4.9233526103816113e-14 -0.0036036036036036219 -0.095293485085852211 -0.50489712694621125 -0.22709923664122134 -58.4755354741256 -0.35567958688177587 0.34927699043668631 -0.36722133880658142 3.0480213417973494 -60.042401704928771 258.2966297456349 -0.0028149204651254918 66.666666666666558 -0.0041388769201505171 3.1382304162737767e-13 -1.3073308270676687 -0.002419843595831916 20.336142789545612 0.0012714563307695272 -0.34178527544542286 -0.0046148886138026321 -1.8749999999999993 0.0045928669676150655 0.20449631939901025 8262.0000000000018 0.10640526626292977 -2376.9999999999995 -4.461089071281954 59.222709097593501
decision_type=2 2 2 2 8 2 2 2 2 10 2 10 10 2 8 2 2 8 8 2 10 2 2 2 2 10 8 2 8 8 2 2 8 2 2 10 10 8 10 2 2 2 2 8 8 2 2 2 8 10 10 10 2 2 10 2 2 2 2 2 2 2 10 10 2 10 2 2 2 2 2 2 10 2 2 2 2 2 8 8 2 8 2 2 10 2 2 2
left_child=1 4 5 17 -1 64 13 8 21 27 26 -12 32 14 -7 41 22 28 62 20 -15 -5 23 24 25 -17 -8 -4 -3 30 31 -24 40 55 -16 -21 -30 38 -32 72 -9 69 -43 -29 45 46 48 -48 49 -36 52 -52 -33 73 -55 56 57 58 -19 -51 61 -53 63 87 -2 66 -42 -44 -27 -10 71 -57 -14 74 -50 -35 -47 78 -46 -80 -81 82 -31 84 -66 -86 -85 -13
right_child=2 3 9 7 -6 6 10 12 15 -11 11 18 39 19 34 16 -18 33 -20 35 -22 -23 29 -25 -26 68 -28 43 36 81 37 50 -34 75 44 -37 -38 -39 -40 -41 65 42 67 -45 77 76 47 -49 53 59 51 60 -54 54 -56 70 -58 -59 -60 -61 -62 -63 -64 -65 83 -67 -68 -69 -70 -71 -72 -73 -74 -75 -76 -77 -78 -79 79 80 -82 -83 -84 86 85 -87 -88 -89
leaf_value=-1.639428562377686e-05 -2.9517225690328552e-06 5.953237038552157e-06 6.5525676510951635e-05 -6.0873972687391991e-06 -6.6375944021248001e-05 -5.333450625201791e-06 -6.1061657803571896e-06 -2.7779521801863788e-05 1.0582621462556307e-06 4.8641268317701496e-08 -1.3708325307004336e-05 0 -1.3772837035630223e-05 4.4722549058561396e-05 5.9636251025389069e-07 -7.9301982279492858e-05 -4.1502935826995415e-05 -8.4117569936860154e-08 6.0380281477160124e-05 -1.2192812554489388e-05 -2.6794355519693538e-06 -5.1449675883064226e-05 -1.9116250837994684e-05 3.6246640846186457e-06 0 3.7452521421563578e-06 1.4379576020700623e-05 8.0127206475745149e-06 5.935594646755881e-06 0 -3.7363193481645997e-06 -3.3084483055642325e-06 2.7610547080193564e-05 -2.4600704086425764e-05 -2.405232185165806e-05 6.3036773337433037e-06 -1.9047604484846668e-05 -8.0460291418795686e-06 5.9812346125492884e-06 -2.3853599748295843e-05 3.0912873610809004e-05 -1.208745775294799e-05 -1.7788183160352859e-06 4.0247812719697804e-05 2.3861622116232736e-05 2.4581967150778667e-05 1.4041729232674864e-05 4.552851957953518e-05 9.426327381082058e-06 -1.7565196607496426e-05 -1.0782148726894144e-05 -1.7852843900389095e-05 2.8350913621429901e-05 1.2822326070619214e-05 3.865574624228675e-05 4.7843902967333164e-05 2.8426098638308356e-05 7.5408711592220592e-06 -2.7137724592128402e-05 8.2243721406745327e-06 4.6110765787410015e-06 2.5026869946421452e-07 0 5.1511320001478558e-05 3.6221720846985128e-05 -7.8353111979045702e-06 6.1719860009117462e-07 5.3737950931685587e-06 -2.4303835254534229e-05 2.6358415063523869e-05 1.0277492622727235e-05 7.0575215119845729e-06 5.9249683216349009e-08 2.7309884863871014e-06 3.8630439478557564e-05 3.3456688528419398e-06 0 -1.8598454075501744e-05 7.3958092793747357e-06 1.0873998032892438e-05 -7.5113927701292636e-06 -3.5526874325076475e-05 -1.9850620062240717e-05 3.8982758466397741e-05 1.8431759569031452e-05 -1.2082293122624892e-05 9.8956619027907214e-06 2.5498887732566055e-05
leaf_weight=136 44 161 37 45 45 584 155 50 88 63 37 51 481 37 1931 39 42 158 35 515 95 41 82 81 95 39 170 56 62 142 2256 41 34 52 42 105 187 1438 412 261 36 181 1109 82 65 42 204 44 144 45 218 111 76 368 64 47 45 303 53 237 1194 276 45 45 44 288 160 844 93 82 451 45 150 504 40 60 633 54 408 118 440 44 118 112 64 65 62 163
leaf_count=136 44 161 37 45 45 584 155 50 88 63 37 51 481 37 1931 39 42 158 35 515 95 41 82 81 95 39 170 56 62 142 2256 41 34 52 42 105 187 1438 412 261 36 181 1109 82 65 42 204 44 144 45 218 111 76 368 64 47 45 303 53 237 1194 276 45 45 44 288 160 844 93 82 451 45 150 504 40 60 633 54 408 118 440 44 118 112 64 65 62 163
internal_value=-1.39372e-07 -3.21408e-06 4.60527e-06 -2.82063e-06 -2.93547e-05 3.90534e-06 3.16355e-06 -3.85071e-06 -2.90211e-06 2.71703e-05 1.38771e-05 2.18877e-05 -9.75353e-06 2.03141e-06 2.99418e-06 -2.64641e-06 -3.94455e-06 3.87311e-06 2.60579e-05 -5.47947e-06 9.87526e-06 -2.88376e-05 -3.69672e-06 -1.36936e-05 -1.93306e-05 -3.04502e-05 4.31205e-06 3.63818e-05 -4.98075e-06 -3.14029e-06 -2.61103e-06 7.511e-07 -2.29199e-06 6.94291e-06 3.9156e-06 -8.90444e-06 -1.24387e-05 -4.27059e-06 -2.19948e-06 -1.43965e-05 -4.37691e-06 1.14126e-06 8.51109e-08 2.78673e-05 5.74433e-06 7.68503e-06 1.00303e-05 2.00179e-05 8.24802e-06 0 1.65182e-06 6.36945e-07 1.64305e-05 1.05877e-05 1.68733e-05 8.62722e-06 3.6061e-06 1.24509e-06 -7.33768e-06 3.76625e-06 2.27263e-06 -4.69234e-06 2.17884e-05 2.55955e-05 1.77351e-05 -1.75958e-06 6.67488e-06 1.26273e-06 -1.52844e-05 1.38305e-05 1.36183e-05 2.89447e-05 -1.03315e-05 6.50051e-06 1.63004e-05 -8.76643e-06 1.66308e-06 1.42147e-06 2.5638e-06 1.03065e-06 -3.45022e-06 -1.34494e-05 -9.3414e-06 2.06368e-05 1.14916e-05 2.30718e-06 2.91739e-05 1.96942e-05
internal_weight=20501 12452 8049 12271 181 7811 7420 10647 9187 238 701 376 1460 6719 5967 9101 6797 1624 339 752 132 86 6755 347 266 171 325 175 410 6408 6104 1998 568 1214 5383 620 249 4106 2668 892 534 2304 2134 138 3452 2367 1692 248 1444 324 1916 1799 117 1120 432 1102 559 514 211 282 1581 387 304 259 391 484 196 1953 132 170 543 92 631 688 184 112 675 1085 1031 966 558 304 260 347 173 129 174 214
internal_count=20501 12452 8049 12271 181 7811 7420 10647 9187 238 701 376 1460 6719 5967 9101 6797 1624 339 752 132 86 6755 347 266 171 325 175 410 6408 6104 1998 568 1214 5383 620 249 4106 2668 892 534 2304 2134 138 3452 2367 1692 248 1444 324 1916 1799 117 1120 432 1102 559 514 211 282 1581 387 304 259 391 484 196 1953 132 170 543 92 631 688 184 112 675 1085 1031 966 558 304 260 347 173 129 174 214
is_linear=0
shrinkage=0.0337242


Tree=55
num_leaves=89
num_cat=0
split_feature=20 20 20 37 52 50 9 9 30 1 22 53 20 55 54 9 9 48 0 52 0 4 43 15 15 36 20 37 7 5 11 41 54 26 26 17 20 24 42 7 26 16 10 10 51 3 11 43 51 48 50 52 0 10 41 42 54 15 20 29 4 26 7 40 52 52 44 42 20 16 47 26 9 52 9 11 15 3 11 9 24 48 24 15 9 16 2 51
split_gain=0.000245973 0.000102828 0.000102333 7.55178e-05 6.74605e-05 7.12047e-05 6.45659e-05 5.67577e-05 5.8781e-05 9.33056e-05 7.46443e-05 0.000100187 8.64806e-05 9.78897e-05 0.000101892 8.46822e-05 7.02251e-05 6.58648e-05 5.798e-05 4.83621e-05 4.6041e-05 4.52964e-05 4.19371e-05 4.17096e-05 4.14624e-05 3.7577e-05 3.6164e-05 3.51277e-05 3.64475e-05 3.6023e-05 3.49204e-05 3.488e-05 6.22579e-05 3.904e-05 3.3115e-05 3.23755e-05 3.22632e-05 4.45478e-05 3.18805e-05 3.18587e-05 3.13012e-05 2.99822e-05 2.99496e-05 2.92087e-05 5.80853e-05 2.83089e-05 2.87613e-05 2.72846e-05 2.63313e-05 4.92884e-05 2.72641e-05 2.6829e-05 3.64583e-05 2.91614e-05 2.70286e-05 2.59434e-05 2.59171e-05 2.56987e-05 2.63531e-05 2.54986e-05 2.52756e-05 2.50238e-05 2.50205e-05 3.71312e-05 2.46604e-05 2.4007e-05 2.39141e-05 2.34475e-05 2.34279e-05 2.33908e-05 2.54253e-05 2.33482e-05 3.14895e-05 2.88071e-05 2.32189e-05 2.2914e-05 2.28143e-05 2.65091e-05 2.24975e-05 2.23175e-05 2.20732e-05 2.17955e-05 2.17446e-05 2.14277e-05 2.77543e-05 2.12104e-05 2.56628e-05 2.11704e-05
threshold=1.3887119603680118 65.708333333333357 0.011560736560736562 -0.0037523584241502812 0.20851911280123658 7.9343938826544529e-14 -0.28053435114503816 -0.80248091603053429 18.500000000000004 41.690253542635169 -0.39885496183206098 46.448377945028334 0.70307765151515167 54791.000000000007 2.7212485057935476 -0.51049618320610668 -0.071564885496183187 47.738454483188612 38.500000000000007 0.34291527713266534 288.50000000000006 -0.57381706145061895 0.0065181985554454433 0.13077471060525392 0.028687949702850067 0.0010178119684327582 5.2444001991040325 -0.0018604667262016037 0.31188969063256144 0.28045756306690989 -0.063931297709923646 -0.0018165319254248578 -3.7452812333428063 5.9607769916637979e-05 0.00010902970030269716 -0.69970890260671126 0.26080727544537191 30000.500000000004 0.0031529173183468821 0.99614010830740873 -0.010909055797049158 0.87124060150375948 -1.0780075187969922 -1.0197368421052626 38.888888888892275 -0.69214429119139487 -0.68034351145038163 -0.0018587360594794486 80.529100529099722 61.118371325618448 83.333333333333471 0.18105773102688374 250.50000000000003 -1.3411654135338342 -0.0033841044434264607 0.0037998748616258076 -21.374410916640752 0.024180090177190649 0.035087852626459151 10.500000000000002 -0.19832947029227199 -0.0038966897763228364 0.35385701117640284 0.0036253789671065744 0.32070817585934719 0.23837809668605667 0.0024767811353626494 0.0057859263061575969 0.89603203439610024 0.12875939849624063 83.333333333295897 -0.0072042826796457878 -0.65553435114503811 0.32468554499958052 -0.12118320610687021 -0.53912213740458004 0.093893594058096289 -1.0000000180025095e-35 -0.1440839694656488 -0.48759541984732818 -1.0658141036401098e-13 41.377581626492081 -499.99999999998931 0.38025798470796396 -0.16603053435114501 0.79041353383458657 0.021906850140864801 88.88888888888782
decision_type=2 2 2 2 2 2 8 8 2 2 8 2 2 2 2 10 8 2 2 2 2 2 2 10 10 2 2 2 10 2 10 2 2 10 8 8 2 8 2 8 8 2 2 2 2 2 8 2 2 2 2 2 2 2 2 2 2 8 2 2 2 8 10 2 2 2 2 2 2 2 2 10 10 2 8 10 10 2 8 10 8 2 10 10 8 2 2 2
left_child=2 3 6 83 25 47 -1 20 9 16 12 18 13 22 -15 17 60 -13 -12 31 62 -5 27 34 35 57 41 29 30 64 40 32 -14 42 -3 -23 55 -38 85 43 -29 67 76 56 -45 -28 -47 75 51 -50 -51 61 53 54 -53 65 -37 80 -59 -30 -9 -48 68 69 -11 -10 -41 82 87 -64 -71 73 -73 -42 -43 -6 77 -33 -55 -61 -4 -27 -26 84 -2 86 -21 -7
right_child=1 23 4 21 5 7 -8 8 36 10 11 15 19 14 -16 -17 -18 -19 -20 38 -22 24 -24 -25 26 81 45 28 59 -31 -32 33 -34 -35 -36 39 37 -39 -40 66 71 74 -44 44 -46 46 48 -49 49 50 -52 52 -54 78 -56 -57 -58 58 -60 79 -62 -63 63 -65 -66 -67 -68 -69 -70 70 -72 72 -74 -75 -76 -77 -78 -79 -80 -81 -82 -83 -84 -85 -86 -87 -88 -89
leaf_value=-1.5841402245275099e-05 1.4500011057166643e-05 1.9142813543119987e-05 1.8682522121048003e-06 3.2029391613210712e-05 4.7895940323652014e-05 1.1839235957816668e-05 -6.4137475493298299e-05 -2.9854734248821757e-06 0 -9.2831781441954146e-07 6.8740875624324327e-06 1.1961382699269904e-06 0 -9.9678929279951739e-05 -1.4473049640090111e-05 2.4052050067332424e-05 -8.4861310312343881e-05 -5.5242289770422207e-05 7.2750796102624151e-05 -1.1577418325315781e-05 3.081125732845071e-05 1.9978401941188639e-05 -5.1839068867205602e-05 1.3028862400079502e-05 -5.2320805088928213e-06 -1.2111717843382872e-05 3.7858930410926426e-05 2.1486649151787195e-06 -1.4560929996808624e-05 -2.5619914501949597e-05 3.6395002841847525e-06 2.9323027020006919e-05 5.5623434514045857e-05 -2.9252874928698211e-05 6.16958410304599e-05 1.3579400239208356e-05 2.3024785460284781e-07 3.9171058615958578e-05 5.1337105463350596e-06 -1.0716132013707959e-05 -1.9224699283631632e-05 9.911737417157316e-06 3.3406488102682206e-05 5.0565526793345743e-05 -6.0580631720345576e-06 4.4139360248938006e-07 1.022104043369907e-05 1.1603353424051439e-06 3.8569308964065433e-06 6.3845902613313881e-05 2.281800676495824e-05 2.9373570000002288e-05 -1.3604916697726237e-05 3.2276653146580244e-05 3.0468910031412538e-06 1.1052982531462364e-05 -7.2782359023093433e-06 -1.5259056384550191e-05 1.0714198745685085e-06 -1.3793393365818488e-05 -4.354707586052854e-05 -2.248775915490795e-06 -1.8435140412216571e-05 -2.9972806554505798e-05 3.5238910909473695e-05 -2.6091355874782464e-05 -4.1737273985124102e-05 2.8161908177406135e-05 -1.474372910449277e-05 -1.6713332711810758e-06 3.143244766787216e-05 0 -2.6573237703201155e-05 -5.2828710018654707e-05 -2.2193073713624164e-06 1.000996493200946e-05 -1.4373672871109985e-05 -6.5703568243706488e-06 7.5297188176535495e-06 1.8820698390158407e-05 -1.0239565592437659e-05 -3.2846780606517149e-06 1.4269758847263066e-06 0 3.7029204910984476e-05 -1.1343568014755126e-06 -4.7821935468580699e-05 -1.2435628173907643e-05
leaf_weight=136 242 47 248 61 35 254 45 41 56 38 34 39 61 35 35 54 34 49 34 50 53 59 39 136 708 433 35 39 177 34 48 44 38 48 55 77 401 37 53 238 62 750 34 35 44 636 307 141 111 34 68 57 51 154 255 40 457 114 5904 35 40 432 65 75 38 123 36 34 61 98 34 66 280 84 220 56 80 43 73 64 478 1414 2627 67 99 42 58 45
leaf_count=136 242 47 248 61 35 254 45 41 56 38 34 39 61 35 35 54 34 49 34 50 53 59 39 136 708 433 35 39 177 34 48 44 38 48 55 77 401 37 53 238 62 750 34 35 44 636 307 141 111 34 68 57 51 154 255 40 457 114 5904 35 40 432 65 75 38 123 36 34 61 98 34 66 280 84 220 56 80 43 73 64 478 1414 2627 67 99 42 58 45
internal_value=-1.32405e-07 4.38477e-06 -3.15453e-06 3.7181e-06 -2.76964e-06 -6.70456e-06 -2.83828e-05 -7.99435e-06 -1.02662e-05 -1.32117e-05 -1.12933e-05 7.32931e-06 -1.37594e-05 -1.93471e-05 -5.84569e-05 -8.22605e-06 -4.29817e-05 -2.91315e-05 4.12339e-05 -2.69261e-06 5.10782e-07 2.93998e-06 -1.65241e-05 2.62951e-05 2.69043e-06 -1.14429e-06 3.65096e-06 -1.49966e-05 -1.73191e-05 2.17646e-06 -2.22032e-05 4.72551e-06 2.17339e-05 -1.64868e-06 4.30357e-05 -3.85999e-06 -1.37662e-06 3.74046e-06 -1.58855e-05 -5.55461e-06 -2.47213e-05 1.83162e-06 4.46249e-06 -1.11034e-06 1.78049e-05 7.17442e-06 6.63694e-06 1.11804e-05 9.12962e-06 2.03936e-05 3.74417e-05 7.25161e-06 1.26627e-05 1.53275e-05 8.16638e-06 -1.20521e-05 -4.08966e-06 8.64235e-09 7.46007e-07 -6.72293e-06 -2.42092e-05 2.80072e-06 -1.8773e-06 -9.6985e-06 1.58835e-05 -1.77553e-05 -1.51447e-05 2.97376e-07 3.76355e-06 -1.48919e-06 6.12316e-06 -2.70477e-05 -2.16318e-05 -3.92206e-05 7.06072e-06 2.56437e-05 -8.51526e-07 1.04716e-05 2.47442e-05 6.31412e-06 -5.97042e-06 -5.40637e-06 0 1.78974e-05 2.13242e-05 -2.39567e-05 -3.19371e-05 7.86255e-06
internal_weight=20501 8205 12296 7967 12115 3524 181 3292 2607 1950 1835 210 1625 1074 70 142 115 88 68 551 685 7559 1004 238 7498 8591 6552 965 855 110 579 348 99 249 102 946 657 438 203 887 531 4339 201 613 79 2213 2178 232 1542 213 102 1329 590 539 312 219 534 6744 6018 276 81 739 632 272 76 179 274 3369 360 197 132 492 346 146 970 91 167 87 227 99 726 1847 3335 408 341 150 108 299
internal_count=20501 8205 12296 7967 12115 3524 181 3292 2607 1950 1835 210 1625 1074 70 142 115 88 68 551 685 7559 1004 238 7498 8591 6552 965 855 110 579 348 99 249 102 946 657 438 203 887 531 4339 201 613 79 2213 2178 232 1542 213 102 1329 590 539 312 219 534 6744 6018 276 81 739 632 272 76 179 274 3369 360 197 132 492 346 146 970 91 167 87 227 99 726 1847 3335 408 341 150 108 299
is_linear=0
shrinkage=0.0337242


Tree=56
num_leaves=89
num_cat=0
split_feature=20 20 37 20 36 19 54 31 31 31 20 43 51 4 21 4 17 4 31 19 54 12 29 19 21 4 19 29 0 52 31 20 40 52 12 51 42 54 16 16 55 20 7 4 12 0 52 36 52 18 18 42 31 12 40 30 17 5 54 5 31 19 54 54 12 54 52 38 20 38 18 53 49 12 5 18 17 30 44 31 5 20 16 54 51 23 1 7
split_gain=0.000191715 0.000102442 8.98266e-05 7.89948e-05 6.50958e-05 6.11352e-05 5.86032e-05 6.97101e-05 5.81644e-05 5.20362e-05 5.16628e-05 4.47553e-05 4.27644e-05 4.07101e-05 4.03423e-05 4.65537e-05 4.30002e-05 3.95245e-05 6.2434e-05 6.83285e-05 3.94797e-05 4.19246e-05 5.19539e-05 3.56979e-05 8.9501e-05 3.32249e-05 3.27264e-05 3.18992e-05 3.42889e-05 3.18049e-05 3.15033e-05 4.81921e-05 3.94816e-05 3.8955e-05 3.75456e-05 3.74135e-05 3.58989e-05 3.49016e-05 5.13658e-05 3.23861e-05 3.16478e-05 3.11128e-05 3.07905e-05 3.04781e-05 3.01583e-05 2.95126e-05 2.90884e-05 2.87776e-05 2.84446e-05 5.0011e-05 2.79404e-05 2.74951e-05 2.7487e-05 2.70495e-05 2.65145e-05 2.61176e-05 2.59195e-05 3.54585e-05 2.54684e-05 2.80885e-05 2.67083e-05 3.14704e-05 2.62664e-05 3.12311e-05 2.51276e-05 2.50439e-05 6.09431e-05 3.22748e-05 3.00831e-05 4.48953e-05 3.12658e-05 2.4983e-05 2.4981e-05 3.23778e-05 2.45744e-05 3.8581e-05 2.57512e-05 2.44227e-05 2.41073e-05 2.37204e-05 2.31545e-05 2.61067e-05 2.30975e-05 2.30398e-05 2.47379e-05 2.29179e-05 2.27277e-05 2.26032e-05
threshold=1.3887119603680118 65.708333333333357 -0.0036452058677628458 0.011560736560736562 0.001339585329701243 0.35593497249219302 -30.593597602763296 12.500000000000002 78.500000000000014 260.50000000000006 0.19865281683752153 -0.0031771267065384685 87.962962962962777 -0.089232715246763517 -0.73586899128000749 -0.88662445587653338 -0.0085646996869605894 -0.18594889479337437 125.50000000000001 -0.40325061447047966 -21.374410916640752 -0.9837786259541984 12.500000000000002 3.617881993781737 -0.13144666912272834 -0.00016253038611566505 3.0111664906233391 20.500000000000004 8.5000000000000018 0.12659887213142987 41.500000000000007 18.017241379310349 -0.0031331601232976176 0.202809008490792 -0.56393129770992356 72.222222222224659 0.0018885758105361419 -9.5898740432444907 0.50657894736842113 0.51597744360902265 150653.00000000003 5.6957070707070718 0.021405835925797909 -0.91173893380066695 -0.079198473282442741 91.500000000000014 0.1831068975238081 0.0012158059204204765 0.37221846521512597 -0.13614443896465914 -0.16024702710872768 0.0053872273736450546 10.500000000000002 -0.17461832061068699 -0.0025300452879706277 17.500000000000004 -0.024282496123577423 0.4844605179651012 -2.7964689241912235 -0.082022715333747581 102.50000000000001 0.48681553571480413 16.847928608130321 11.9059997273169 -0.70324427480916019 9.3868357964928322 0.30551207109196238 -0.0017873115256836212 0.495432932932933 -0.0034071649137470956 -0.30803247872221962 23.488047176457062 5.0456432970388105 -0.43797709923664113 -0.3725404928874228 -0.26488680384486857 -0.35195539919838503 17.500000000000004 -0.0025078852945153436 55.500000000000007 -0.42966569665215454 0.51382517838939867 0.5234962406015039 -1.6531177594069473 66.666666666667467 0.050000000000002494 365.52359294905051 1.451114039635903
decision_type=2 2 2 2 2 2 2 2 2 2 2 2 2 2 2 2 8 2 2 2 2 10 2 2 2 2 2 2 2 2 2 2 2 2 8 2 2 2 2 2 2 2 10 2 8 2 2 2 2 10 10 2 2 10 2 2 8 2 2 2 2 2 2 2 10 2 2 2 2 2 10 2 2 10 2 8 10 2 2 2 2 2 2 2 2 10 2 8
left_child=3 2 -2 8 6 25 7 -5 42 87 11 -8 43 41 15 -13 58 18 20 -20 72 22 -22 52 -25 30 45 -19 -29 -9 31 33 37 55 39 36 74 50 64 -33 -37 47 -1 -6 -35 53 -27 -7 -45 -50 -32 -14 -23 86 -31 56 57 -4 60 -60 61 -16 63 83 -39 67 -67 68 69 -54 -70 77 73 -12 78 -76 -77 82 -34 -64 -73 -82 -21 -61 -85 -72 -15 -3
right_child=1 9 5 4 12 13 10 29 -10 -11 17 14 51 26 16 -17 -18 27 19 71 21 23 -24 24 -26 46 -28 28 -30 54 32 34 35 44 -36 40 -38 38 -40 -41 -42 -43 -44 48 -46 -47 -48 -49 49 -51 -52 -53 65 -55 -56 -57 -58 -59 59 62 -62 -63 79 -65 -66 66 -68 -69 70 -71 85 80 -74 -75 75 76 -78 -79 -80 -81 81 -83 -84 84 -86 -87 -88 -89
leaf_value=-5.9398389214676028e-05 1.80877540187296e-05 2.3671268017812436e-05 1.7748342712885137e-05 -5.4363159421212323e-05 1.450303155746811e-05 9.4436996000061945e-06 -4.330020232400638e-05 -4.9796413793116308e-07 -2.3402915573318315e-06 -8.9231395872586922e-06 2.8481231453117157e-05 -5.2255864622489694e-05 0 2.693830697726436e-05 -1.064701330582231e-05 -9.8434733352383079e-06 2.1332159958231717e-05 -1.9278044666379728e-06 -1.7103915037875758e-05 -3.7491857896823097e-05 -4.7685769692373559e-05 -1.9373109224976525e-05 4.4342745042676106e-06 6.1358555249386336e-05 -9.241769488751743e-06 0 -1.6754971000420279e-05 0 -2.970356819674839e-05 2.501685744107007e-06 1.6570603508197866e-05 5.1517134077146468e-05 -2.2418769423277923e-05 -1.7675432804233695e-05 2.9854054208598579e-07 6.0723198096115439e-06 -1.2580554163604887e-05 6.0797445978298156e-05 7.7927437293539485e-06 3.1109726263290181e-06 3.8467773385272744e-05 4.2625722537008691e-05 -1.5488077409620883e-05 -8.2876780828153295e-06 4.9865834078120355e-06 -9.17896386794449e-06 4.4263068179091902e-05 3.8138225879269539e-05 -1.3242454969752229e-05 -6.0497439371509045e-05 -1.1467488660800215e-05 3.0385551747827041e-05 -2.921289098707479e-05 4.0318885829123489e-05 -2.4204217128379455e-05 -8.2378093538772149e-06 -1.5238226331099813e-05 -1.7282462141154153e-05 5.5330862860766303e-06 1.843074878775185e-05 -3.8189993235863039e-06 -4.3981875475958037e-05 -3.5267021702940578e-05 1.4234205754791624e-05 2.3139589482330065e-05 7.883785529459978e-06 4.5596127268298027e-05 1.2121189766742834e-06 4.8161470933542043e-05 1.3982284475540112e-05 3.07652476027131e-05 1.0708819581527417e-05 3.851289034512962e-05 -1.2826657954012125e-05 1.2389011464192645e-05 -9.5930748079868089e-06 1.7583814261775188e-06 0 -2.4143274196791141e-06 -7.8111081477429721e-06 -3.5695114256992809e-06 3.6438275327975883e-06 -5.8932219838744205e-06 -1.9209627260470418e-05 -2.1724001420003355e-06 0 9.0063724017041593e-07 5.0707969308414533e-05
leaf_weight=57 457 131 191 41 58 235 35 296 78 36 46 40 139 57 112 148 79 1381 274 53 38 50 44 43 35 36 68 84 105 48 65 39 82 391 155 972 239 38 215 34 37 63 37 1737 73 73 39 53 142 34 106 46 38 41 169 257 47 37 417 41 248 53 55 113 74 583 55 1459 45 96 48 281 68 37 368 248 2570 147 530 144 1024 1281 70 144 347 67 141 66
leaf_count=57 457 131 191 41 58 235 35 296 78 36 46 40 139 57 112 148 79 1381 274 53 38 50 44 43 35 36 68 84 105 48 65 39 82 391 155 972 239 38 215 34 37 63 37 1737 73 73 39 53 142 34 106 46 38 41 169 257 47 37 417 41 248 53 55 113 74 583 55 1459 45 96 48 281 68 37 368 248 2570 147 530 144 1024 1281 70 144 347 67 141 66
internal_value=2.07451e-07 4.18501e-06 3.53154e-06 -2.45493e-06 -2.12464e-06 2.64049e-06 -9.65717e-07 -1.16307e-05 -2.52013e-05 2.62937e-05 -3.28781e-07 -5.18438e-06 -7.44546e-06 1.19318e-05 -4.44728e-06 -1.93816e-05 -2.79051e-06 9.45777e-07 2.22504e-06 -1.00653e-06 5.93561e-06 4.91492e-06 -1.85402e-05 5.71682e-06 2.84398e-05 1.63382e-06 3.96355e-06 -3.78542e-06 -1.68473e-05 -8.02696e-06 1.3713e-06 -3.49295e-06 2.46266e-06 -6.75358e-06 1.03269e-05 1.54645e-06 7.0461e-08 1.15521e-05 1.80165e-05 3.02959e-05 7.35606e-06 2.0283e-05 -4.31429e-05 -8.92366e-06 -1.39018e-05 8.78893e-06 2.40352e-05 1.50599e-05 -9.68446e-06 -2.29205e-05 -2.44479e-07 7.78089e-06 4.95113e-06 1.46815e-05 -1.78515e-05 -3.37391e-07 6.69443e-06 1.16396e-05 -3.98666e-06 -1.51711e-06 -1.12928e-05 -2.19404e-05 -5.11496e-06 -1.64221e-06 3.67794e-05 5.50022e-06 1.12864e-05 3.33923e-06 1.35664e-05 1.01156e-06 2.3477e-05 5.03979e-07 2.2877e-05 8.90233e-06 8.92012e-07 2.10267e-06 7.25088e-07 -9.20637e-06 -5.2526e-06 -1.58852e-05 1.5552e-06 3.97356e-07 -2.02948e-05 -5.19614e-06 -7.36592e-06 1.29773e-05 8.88451e-06 3.32199e-05
internal_weight=20574 8264 8031 12310 12138 7574 9982 554 172 233 9428 1976 2156 731 1941 188 1753 7452 5882 3130 2752 2601 82 2519 78 6843 380 1570 189 513 6768 1224 5544 996 228 5046 4037 498 327 73 1009 351 94 1971 464 312 75 288 1913 176 171 185 2441 239 217 532 275 228 1674 1261 413 165 844 645 112 2391 638 1753 294 134 160 2856 151 83 3798 3186 2818 270 612 199 2586 2305 123 532 491 115 198 197
internal_count=20574 8264 8031 12310 12138 7574 9982 554 172 233 9428 1976 2156 731 1941 188 1753 7452 5882 3130 2752 2601 82 2519 78 6843 380 1570 189 513 6768 1224 5544 996 228 5046 4037 498 327 73 1009 351 94 1971 464 312 75 288 1913 176 171 185 2441 239 217 532 275 228 1674 1261 413 165 844 645 112 2391 638 1753 294 134 160 2856 151 83 3798 3186 2818 270 612 199 2586 2305 123 532 491 115 198 197
is_linear=0
shrinkage=0.0337242


Tree=57
num_leaves=89
num_cat=0
split_feature=20 20 37 20 36 19 7 39 31 19 31 20 39 51 4 15 15 40 30 3 52 19 7 20 31 19 5 4 19 31 4 29 19 20 44 41 22 38 15 31 8 22 20 16 22 42 31 31 38 22 42 22 4 31 31 20 52 48 48 40 42 51 16 19 20 12 20 52 17 11 38 16 52 15 17 31 22 41 47 51 21 17 5 31 22 31 13 3
split_gain=0.000179388 9.55905e-05 8.38071e-05 7.39824e-05 6.07137e-05 5.71944e-05 5.48863e-05 5.47585e-05 4.87696e-05 4.09002e-05 4.61919e-05 5.06324e-05 4.05367e-05 4.00145e-05 3.8037e-05 4.27002e-05 4.67736e-05 3.78259e-05 3.48247e-05 3.71435e-05 3.18035e-05 3.0605e-05 3.05286e-05 3.71368e-05 4.22102e-05 3.84424e-05 3.74165e-05 3.45664e-05 3.08397e-05 5.21399e-05 3.31665e-05 5.66574e-05 3.43625e-05 3.18364e-05 3.49126e-05 3.34408e-05 3.02143e-05 4.07538e-05 3.0063e-05 2.89865e-05 2.8808e-05 3.34672e-05 2.63546e-05 2.59855e-05 2.89186e-05 2.56533e-05 2.43245e-05 3.49207e-05 2.97191e-05 2.88845e-05 2.60565e-05 3.63511e-05 2.42072e-05 2.93529e-05 4.94839e-05 4.15381e-05 3.83856e-05 3.52978e-05 4.28352e-05 3.20261e-05 3.18893e-05 3.35394e-05 3.18252e-05 4.30398e-05 3.14589e-05 2.63267e-05 2.40229e-05 2.39801e-05 5.52983e-05 5.94119e-05 2.52271e-05 2.5178e-05 2.39073e-05 2.3893e-05 2.37505e-05 2.36262e-05 2.35356e-05 2.30796e-05 2.29414e-05 2.27083e-05 2.25663e-05 2.25381e-05 2.44648e-05 2.20731e-05 2.19571e-05 2.17523e-05 2.43884e-05 2.42219e-05
threshold=1.3887119603680118 65.708333333333357 -0.0036452058677628458 0.011560736560736562 0.001339585329701243 0.35593497249219302 0.019259851365364674 0.0060839588792980246 260.50000000000006 0.036748927727460419 6.5000000000000009 0.19160277575689744 0.0015071598611642314 87.962962962962777 -0.089232715246763517 0.047090405881247847 0.031975986957231438 -0.0018467236428371667 16.500000000000004 0.21043539505024858 0.20851911280123658 3.0111664906233391 1.6429384145638901 0.081672357659016925 124.50000000000001 -1.85179643809343 0.26500977652457475 -0.27897280795974894 -6.1231088937066707 76.500000000000014 -0.18257462264684263 20.500000000000004 -0.037606937234517794 0.6565036871785338 -0.0027378520697861615 -0.0028429296521401688 -0.82453601533953169 0.0013504395083342449 0.026741425110144032 210.50000000000003 -0.74999999999999989 -0.95947638358778609 0.75695771157122949 0.47368421052631587 -0.88159798849535098 0.0053872273736450546 130.50000000000003 197.50000000000003 0.0015735650968157213 -0.91586967330584057 1.0000000180025095e-35 -0.98953547266741426 -0.00016253038611566505 41.500000000000007 36.500000000000007 18.017241379310349 0.22508606901608166 82.189741331406324 84.39164186352933 -0.0031331601232976176 -1.0000000180025095e-35 13.333333333334371 0.5084586466165415 -1.9696181013346459 2.8870581982460806 -0.56393129770992356 0.7305719459679586 0.24559512179120904 -0.12431979754834556 -0.63645038167938928 -0.0018814692097475769 0.85244360902255656 0.1831068975238081 0.036764469514874901 -0.010766215148766857 161.50000000000003 -0.62547709923664108 0.0056926201175251387 166.66666666664347 77.777777777777075 0.11124717959792572 -0.21827733243614872 -0.3725404928874228 69.500000000000014 -0.90108590474142558 239.50000000000003 -0.43138622487019479 -0.11686259694025776
decision_type=2 2 2 2 2 2 10 2 2 2 2 2 2 2 2 8 10 2 2 2 2 2 8 2 2 2 2 2 2 2 2 2 2 2 2 2 10 2 10 2 10 10 2 2 10 2 2 2 2 8 2 10 2 2 2 2 2 2 2 2 2 2 2 2 2 8 2 2 8 10 2 2 2 10 8 2 10 2 2 2 2 10 2 2 10 2 10 2
left_child=3 2 85 6 7 12 20 9 -3 22 -11 17 52 40 15 16 84 -12 19 -14 -1 36 23 -5 28 26 75 -24 29 -25 33 42 -33 34 35 -30 37 -16 -35 43 41 83 -32 80 -45 -15 48 66 67 73 51 -49 53 54 55 56 -4 59 -59 62 61 -58 63 -55 -65 -57 81 70 -69 -70 -13 -71 -54 -50 -36 -26 -38 -42 -52 -61 -19 82 -48 -6 -7 86 -2 -88
right_child=1 8 5 4 13 14 -8 -9 -10 10 11 46 18 45 21 -17 -18 39 -20 -21 -22 -23 27 24 25 -27 -28 -29 30 -31 31 32 -34 38 74 -37 76 -39 -40 -41 77 -43 -44 44 -46 -47 47 50 49 -51 78 -53 72 57 -56 65 60 58 -60 79 -62 -63 -64 64 -66 -67 -68 68 69 71 -72 -73 -74 -75 -76 -77 -78 -79 -80 -81 -82 -83 -84 -85 -86 -87 87 -89
leaf_value=-1.6890510697403277e-05 4.7868249365783139e-05 3.2116157080343445e-05 1.4238123416909246e-06 -2.3913186804943225e-05 3.8649918502438213e-05 4.0156268109362104e-05 -4.0783995306986289e-06 -3.9407120745052382e-05 -8.6222149621019583e-06 3.3370266074331737e-05 -3.2137558222589017e-05 -1.8503674825497605e-05 -2.4214965616375644e-06 0 2.9298367298475424e-05 1.1365043511207277e-05 7.1786766974711423e-05 -1.510132086240956e-05 -8.8083295286704922e-06 3.1764530547269681e-05 -6.268885241949219e-05 -1.6189924266209602e-05 -2.8481940138920107e-06 4.3160126620526462e-05 -4.5158993338307067e-05 -4.61596263141523e-06 4.2647335193806186e-06 -4.5414626702629674e-05 -2.5476831734360695e-06 -4.9495601712342957e-07 -2.1657952105631036e-05 -5.4630530137523267e-05 -7.8273377796081099e-06 3.2982091837130074e-05 0 -3.7244321222641366e-05 -1.3478171569327278e-05 -2.4061791984740188e-06 5.8652480282942765e-06 5.0854120817836856e-06 -9.6198434959729458e-06 -5.6006350548293068e-06 4.3608057585065602e-07 5.4493294927843808e-06 -8.5006952797800946e-06 2.9360826531402985e-05 2.1721850312881871e-05 -1.3260205890353843e-05 1.3279078797218351e-05 6.0632082214495592e-06 -4.8313897952128327e-06 1.0250001723718714e-05 0 -6.208957469904599e-06 -2.4250137671684264e-05 3.2504545500545477e-05 -9.348870549097518e-07 4.0579442207664535e-05 8.2129586927509909e-06 3.567180533438127e-07 -3.756524684925811e-06 -4.388553064721341e-05 4.273528099875291e-06 8.4866042960754881e-06 4.7303778392253246e-05 4.5360358248956473e-06 2.6455061073385872e-06 1.4318159541879137e-06 6.7160171890511686e-05 3.2963180254354794e-05 2.9820451826718439e-06 -5.4291598933653022e-06 4.0587035417025354e-05 5.1849909646082686e-05 2.684559785696403e-05 -1.3242366035738874e-05 1.8016969218282497e-05 -3.6510841677573911e-05 2.1821797914423455e-05 7.4442130312916997e-06 5.5693092930989664e-06 -1.1741065184570998e-05 -3.6826181850597301e-06 0 0 -4.3744657039556683e-06 3.0318923460364285e-05 1.0735772685248709e-05
leaf_weight=38 36 197 459 94 38 34 86 42 36 50 55 66 100 139 118 246 34 406 668 53 48 68 56 51 68 1481 41 42 88 69 71 43 40 54 880 56 90 67 502 342 1643 212 400 326 344 46 48 79 47 117 375 808 36 37 110 59 37 56 380 3415 141 66 316 45 74 140 536 202 37 35 909 36 38 43 39 61 37 40 40 613 63 440 400 38 37 40 115 266
leaf_count=38 36 197 459 94 38 34 86 42 36 50 55 66 100 139 118 246 34 406 668 53 48 68 56 51 68 1481 41 42 88 69 71 43 40 54 880 56 90 67 502 342 1643 212 400 326 344 46 48 79 47 117 375 808 36 37 110 59 37 56 380 3415 141 66 316 45 74 140 536 202 37 35 909 36 38 43 39 61 37 40 40 613 63 440 400 38 37 40 115 266
internal_value=2.00426e-07 4.04813e-06 3.41642e-06 -2.37478e-06 -2.05486e-06 2.55522e-06 -2.43894e-05 -9.35241e-07 2.5407e-05 -7.62959e-07 1.05055e-06 7.5291e-07 1.581e-06 -7.19371e-06 1.15428e-05 1.96176e-05 3.80315e-05 -4.46597e-06 -5.41119e-06 8.78899e-06 -4.35764e-05 3.82989e-06 -3.33121e-06 -2.85232e-06 -2.32585e-06 -6.44255e-06 -2.17867e-05 -2.20773e-05 5.9609e-07 1.7253e-05 -2.79277e-07 -7.44071e-06 -3.32394e-05 2.11157e-06 -1.22931e-06 -1.67121e-05 8.50298e-06 1.72937e-05 8.67275e-06 -3.37306e-06 -8.62437e-06 9.2782e-07 -2.68923e-06 -5.99769e-06 -1.56881e-06 7.52609e-06 2.6763e-06 7.41165e-07 6.14716e-06 1.81468e-05 4.76105e-06 8.04711e-06 2.55033e-06 2.29366e-06 -2.88723e-06 -1.7484e-07 -4.13064e-06 3.37546e-06 1.25918e-05 2.46101e-06 -1.49755e-05 -2.93951e-05 1.08045e-05 2.34144e-05 3.34373e-05 1.33139e-05 -2.86644e-06 4.13892e-06 1.23519e-05 3.18814e-05 1.42849e-06 1.21353e-05 2.18742e-05 3.27814e-05 1.09154e-06 -3.08159e-05 -3.54133e-06 -1.03164e-05 -2.02949e-06 1.45932e-06 -1.21186e-05 -6.30233e-06 -7.44951e-07 2.04106e-05 2.05055e-05 1.74778e-05 1.98057e-05 1.69004e-05
internal_weight=20574 8264 8031 12310 12138 7574 172 9982 233 9940 5804 5754 6843 2156 731 351 105 1536 821 153 86 380 4136 4038 3944 1651 170 98 2293 120 2173 554 83 1619 1063 144 312 185 556 1481 1971 288 471 1139 670 185 4218 2726 1492 207 1302 887 6022 5948 1012 902 703 4936 436 4500 244 103 472 156 119 199 1424 1285 310 108 975 71 74 90 919 129 127 1683 415 4028 469 888 448 76 71 457 417 381
internal_count=20574 8264 8031 12310 12138 7574 172 9982 233 9940 5804 5754 6843 2156 731 351 105 1536 821 153 86 380 4136 4038 3944 1651 170 98 2293 120 2173 554 83 1619 1063 144 312 185 556 1481 1971 288 471 1139 670 185 4218 2726 1492 207 1302 887 6022 5948 1012 902 703 4936 436 4500 244 103 472 156 119 199 1424 1285 310 108 975 71 74 90 919 129 127 1683 415 4028 469 888 448 76 71 457 417 381
is_linear=0
shrinkage=0.0337242


Tree=58
num_leaves=89
num_cat=0
split_feature=20 19 20 15 48 20 7 38 31 40 20 20 19 31 31 19 31 19 9 52 54 19 12 54 2 38 31 36 2 39 20 12 0 36 0 3 12 19 0 18 19 20 44 7 9 22 31 55 20 31 52 40 38 18 9 43 31 52 18 53 36 40 54 3 36 47 29 26 20 52 52 0 47 52 44 52 12 52 53 47 31 20 42 20 52 38 31 26
split_gain=0.000225337 8.59127e-05 0.000100996 6.65379e-05 8.17452e-05 6.49502e-05 5.79614e-05 5.01472e-05 4.97014e-05 6.37341e-05 4.83759e-05 4.55621e-05 9.62187e-05 8.90966e-05 6.07845e-05 5.68836e-05 4.41078e-05 7.59809e-05 6.58452e-05 6.51726e-05 8.17024e-05 5.70017e-05 4.75895e-05 3.96466e-05 3.96108e-05 4.15303e-05 3.64112e-05 3.6262e-05 3.55793e-05 3.55079e-05 3.53369e-05 4.41151e-05 3.43849e-05 3.41306e-05 3.74913e-05 3.67116e-05 3.4491e-05 3.29409e-05 3.29387e-05 3.73525e-05 3.19796e-05 3.1133e-05 3.09058e-05 3.05339e-05 3.45339e-05 2.98762e-05 2.98346e-05 3.63226e-05 2.80132e-05 3.38571e-05 3.37276e-05 2.79522e-05 2.7663e-05 2.71996e-05 3.41339e-05 2.81301e-05 2.70943e-05 2.56081e-05 2.55761e-05 3.3343e-05 2.4972e-05 2.4499e-05 2.44283e-05 2.9281e-05 2.63057e-05 2.42553e-05 2.40339e-05 2.37685e-05 2.37589e-05 3.40936e-05 2.36562e-05 3.58987e-05 2.64178e-05 2.33534e-05 3.22625e-05 2.32503e-05 2.32151e-05 4.15216e-05 2.36333e-05 2.2615e-05 2.25264e-05 2.44924e-05 2.31874e-05 2.24984e-05 2.2155e-05 2.59636e-05 3.2958e-05 3.26887e-05
threshold=0.47558265582655829 0.072977206469138536 2.8034084809447131 0.62665269762861664 77.168273064035063 0.016032128514056228 0.019259851365364674 -0.0037842985621813758 225.50000000000003 -0.0030287741185823776 65.708333333333357 5.2444001991040325 2.5959922663337811 30.500000000000004 28.500000000000004 1.1037102318066874 125.50000000000001 -0.37340957868894969 -0.8482824427480915 0.25145972661420962 -26.14392200568108 -0.51099527014429202 -0.20515267175572519 -5.8237531296577858 0.56836010635463985 0.0019550360812132799 257.50000000000006 -0.0012666249538753058 0.31861781979238119 0.0041688481248872708 13.455555555555557 -0.75095419847328226 57.500000000000007 0.0019743355863757199 111.50000000000001 -0.48967673935434514 -0.37690839694656481 -0.12680091642533495 28.500000000000004 0.10053255102145366 3.0111664906233391 0.71704319761668334 -0.0036496350364963455 1.4288008411107274 -0.067748091603053423 -0.77841803546499533 43.500000000000007 4104.5000000000009 6.3042929292929299 76.500000000000014 0.32645121644985692 0.0016542608505281111 0.0013097582565375634 -0.67689059372716287 -0.98568702290076315 0.0064360793248070544 89.500000000000014 0.39864065729211123 0.3142911533971387 40.51253410542845 0.0018639345173573354 0.0012202567080615847 3.8299529734190316 0.30721643348706135 -0.0015760451079261937 133.33333333333368 12.500000000000002 -0.0045469016865061895 0.28833019065577209 0.18594821991966429 0.24870785137133392 48.500000000000007 107.84313725488532 0.14691847117708065 -0.0018467236428371667 0.18716310343696127 -0.65935114503816783 0.27988993496199205 40.30879444780367 -33.333333333331645 260.50000000000006 15.452083333333336 -0.0021762811404755218 1.4561469780219782 0.15226271070228442 -0.0012202567080615843 42.500000000000007 -0.00075038147813310261
decision_type=2 2 2 8 2 2 10 2 2 2 2 2 2 2 2 2 2 2 8 2 2 2 8 2 2 2 2 2 2 2 2 10 2 2 2 2 8 2 2 10 2 2 2 10 10 8 2 2 2 2 2 2 2 8 8 2 2 2 8 2 2 2 2 2 2 2 2 8 2 2 2 2 2 2 2 2 10 2 2 2 2 2 2 2 2 2 2 10
left_child=3 2 16 5 -5 6 29 -7 9 43 48 13 14 15 30 45 17 18 79 22 -21 41 46 66 25 76 52 -15 61 51 32 -32 -13 35 36 40 -35 60 57 70 68 -18 -26 84 -45 -3 47 -19 49 -11 -50 -1 -23 -37 -55 62 -41 73 -48 -60 80 83 -56 64 75 -66 -24 -30 -9 -70 -40 -72 -73 -29 -75 -64 77 -20 -78 -2 81 82 -10 -22 -4 -86 -87 -88
right_child=1 11 8 4 -6 7 -8 33 37 10 -12 12 -14 27 -16 -17 21 19 24 20 28 26 23 -25 42 -27 -28 38 67 -31 31 -33 -34 34 -36 53 -38 -39 39 56 -42 -43 -44 44 -46 -47 58 -49 50 -51 -52 -53 -54 54 55 -57 -58 -59 59 -61 -62 -63 63 -65 65 -67 -68 -69 69 -71 71 72 -74 74 -76 -77 78 -79 -80 -81 -82 -83 -84 -85 85 86 87 -89
leaf_value=-4.9919202052350417e-05 1.645845457831027e-05 -1.3710610551311802e-05 6.3405099415022425e-07 4.9768977150898318e-05 -1.4735040891723464e-05 -3.9012894801536867e-05 -4.6188495105447472e-06 -5.0159681810064912e-06 -2.7376935797994891e-05 -6.1349685666669277e-06 2.6860296684146309e-05 1.170203070255388e-06 6.7631532209155778e-05 1.4264214623381377e-05 3.6906866820294066e-05 5.1572560340015138e-06 -2.7993535476844582e-05 -3.6523108102109704e-05 9.5399262136343191e-08 -5.2753825399048827e-05 -4.8547035725490164e-07 -4.759226185271588e-07 5.7646314556685478e-05 4.3861464022401717e-06 4.5616488948465996e-05 3.4945512667855506e-05 1.8738582242441434e-05 4.2321274289856944e-06 -4.1910290912447628e-06 -6.7214128392281165e-05 4.45784196404707e-05 -2.1821855304371421e-06 -3.6952904966616538e-05 -1.9793468575310787e-05 4.6904779832833771e-06 -3.3969823121761139e-05 9.8368868160244977e-07 1.0117274583576059e-05 5.0148302737688677e-06 5.4085113823058395e-05 2.9754371267394757e-05 -8.1269939775652691e-06 9.3191270431742307e-06 -1.505566122764856e-05 2.7480264890161053e-05 -5.6171217238284817e-05 -1.1505327398057423e-06 -5.3526439909720016e-06 5.4620098237665184e-06 4.818487973684279e-06 2.470770065385361e-05 -8.2043336057996976e-06 -1.0763417324564381e-05 1.6153056805141431e-05 -6.8666047893753905e-06 -2.7803724442567774e-05 1.4698389086445389e-05 2.3520633521298533e-05 4.398554102558177e-05 1.4439867004965766e-06 -2.7830013175189804e-05 -3.6653062305982933e-05 0 -1.1021698718415078e-05 -2.8137695543966968e-06 8.6270410922439609e-06 1.2744153719615696e-05 3.231329920873569e-05 2.4861792906789165e-06 3.8227102666458117e-05 4.683809387275814e-05 0 3.201848831269531e-05 1.2232465930753465e-05 -8.1331663350847421e-06 3.4252672346189096e-05 -1.8081865167532436e-06 -3.0597890313960846e-05 1.3845280690742575e-05 4.7472794061820463e-05 -2.0631117171503426e-05 7.922296932204942e-06 -2.6592575674222349e-06 -3.0412835923865355e-05 3.1483973355116827e-05 -1.5617399772756792e-05 -3.6788580365598669e-07 3.7764272668861088e-05
leaf_weight=34 73 44 59 54 35 50 114 244 52 543 109 77 41 591 77 56 102 54 161 58 125 2141 34 144 45 41 100 797 41 39 39 47 38 449 117 37 103 199 1129 34 53 1273 89 60 34 47 546 259 1103 782 119 55 350 87 2418 62 74 57 35 65 53 50 40 321 1289 250 34 34 145 41 41 101 42 104 508 47 252 69 183 60 77 215 339 40 239 34 37 58
leaf_count=34 73 44 59 54 35 50 114 244 52 543 109 77 41 591 77 56 102 54 161 58 125 2141 34 144 45 41 100 797 41 39 39 47 38 449 117 37 103 199 1129 34 53 1273 89 60 34 47 546 259 1103 782 119 55 350 87 2418 62 74 57 35 65 53 50 40 321 1289 250 34 34 145 41 41 101 42 104 508 47 252 69 183 60 77 215 339 40 239 34 37 58
internal_value=3.10344e-08 2.31943e-06 7.24226e-07 -5.41229e-06 2.33162e-05 -5.8549e-06 -2.30842e-05 -5.11335e-06 4.86205e-06 6.88012e-06 4.71486e-06 6.57011e-06 1.89131e-05 5.45727e-06 1.13803e-05 -2.00987e-05 -1.89548e-06 1.59266e-06 8.97587e-06 -3.07304e-06 -1.58987e-05 -4.1116e-06 6.55959e-07 1.51802e-05 5.34567e-06 2.0041e-06 -1.124e-06 6.5652e-06 -8.19431e-06 -3.87748e-05 1.12057e-06 1.78993e-05 -1.05865e-05 -4.79919e-06 -1.20237e-05 -3.81989e-06 -1.57415e-05 -1.89167e-06 4.95565e-06 8.62732e-06 4.92248e-06 -9.67103e-06 2.22299e-05 1.77328e-05 0 -3.6703e-05 -2.45404e-06 -1.10391e-05 3.72919e-06 2.56688e-07 7.41528e-06 -2.52264e-05 -1.96018e-06 -4.76896e-06 -4.50819e-06 -4.93606e-06 2.79929e-05 1.33074e-06 1.55599e-06 1.73001e-05 -5.26998e-06 -1.53636e-05 -4.58911e-06 -1.71102e-06 6.76261e-08 -8.92482e-07 3.66167e-05 1.10689e-05 1.63701e-06 1.08842e-05 6.96079e-06 1.83756e-05 9.53912e-06 3.64467e-07 -4.5144e-06 1.81626e-05 0 -8.69235e-06 4.55487e-06 3.11767e-05 -3.37782e-06 -1.02607e-06 -6.19373e-06 -8.32641e-06 2.1564e-05 2.46569e-05 1.1259e-05 2.18954e-05
internal_weight=20598 14514 10570 6084 89 5995 242 5753 4112 3177 2656 3944 319 3625 278 147 6458 2492 973 1519 348 3966 1171 212 840 706 2591 3478 290 128 201 86 115 5703 669 5034 552 935 2887 1421 483 1375 134 521 94 91 959 313 2547 1325 1222 89 2491 4551 4514 4427 108 1466 646 100 736 215 4365 1947 1626 1539 68 75 430 186 1313 184 143 1409 612 87 665 230 435 133 683 606 391 165 427 368 129 95
internal_count=20598 14514 10570 6084 89 5995 242 5753 4112 3177 2656 3944 319 3625 278 147 6458 2492 973 1519 348 3966 1171 212 840 706 2591 3478 290 128 201 86 115 5703 669 5034 552 935 2887 1421 483 1375 134 521 94 91 959 313 2547 1325 1222 89 2491 4551 4514 4427 108 1466 646 100 736 215 4365 1947 1626 1539 68 75 430 186 1313 184 143 1409 612 87 665 230 435 133 683 606 391 165 427 368 129 95
is_linear=0
shrinkage=0.0337242


Tree=59
num_leaves=89
num_cat=0
split_feature=20 16 15 48 4 31 31 37 40 38 8 16 39 39 1 20 1 3 52 1 5 20 4 43 39 45 48 27 20 13 22 48 5 1 45 20 44 28 22 18 42 44 1 52 21 20 31 31 4 47 52 22 27 22 10 5 1 4 7 3 31 49 5 1 48 4 48 48 10 11 13 1 15 7 22 18 47 22 22 1 12 30 30 12 20 27 27 1
split_gain=0.000210623 8.20119e-05 6.20047e-05 7.64536e-05 7.08942e-05 6.15162e-05 5.01935e-05 4.95834e-05 4.83037e-05 4.76175e-05 5.76173e-05 5.12384e-05 4.78056e-05 5.33452e-05 3.88383e-05 4.51511e-05 3.7708e-05 3.61234e-05 3.90817e-05 4.01558e-05 4.74867e-05 3.81152e-05 4.83401e-05 4.58694e-05 3.59653e-05 3.51638e-05 3.47747e-05 3.39936e-05 3.27392e-05 3.4921e-05 3.22515e-05 3.21643e-05 3.16659e-05 3.6046e-05 3.3165e-05 3.10177e-05 3.06558e-05 3.5985e-05 2.99828e-05 2.91728e-05 3.02164e-05 2.91536e-05 5.08063e-05 2.85134e-05 2.81287e-05 2.78985e-05 3.87575e-05 5.34821e-05 4.12039e-05 3.31688e-05 2.83336e-05 2.72007e-05 2.62244e-05 3.28097e-05 2.61504e-05 2.58124e-05 2.94584e-05 2.58105e-05 3.38823e-05 3.07228e-05 2.70047e-05 2.57995e-05 2.52409e-05 2.64341e-05 2.49596e-05 2.89215e-05 2.46298e-05 2.58753e-05 2.45312e-05 2.37982e-05 2.67586e-05 2.50204e-05 3.64447e-05 4.39274e-05 2.67174e-05 2.31497e-05 2.97691e-05 2.3886e-05 2.30638e-05 4.17732e-05 2.28014e-05 3.03139e-05 2.83308e-05 2.51511e-05 2.6324e-05 2.62962e-05 2.58266e-05 3.57806e-05
threshold=0.47558265582655829 0.53853383458646631 0.62665269762861664 77.168273064035063 -0.95239272994516355 98.500000000000014 125.50000000000001 0.0014074602325627741 -0.003634162447721689 -0.0015760451079261937 -0.74999999999999989 0.093045112781954889 0.003733666660471036 0.0032388685202960903 60.945203375550221 2.9569842738205372 155.73442750757491 0.1931704166235417 0.202809008490792 620.24002739256991 0.28964928773986792 0.16465746792544181 -0.49669992650799927 -0.0020997381114040699 0.0038784760873271655 0.003158726199384732 43.229364598514856 -31.579136940931019 88.500000000000014 -0.00014810884152689798 -0.4575232585877862 47.099261632812293 0.54022205269736345 986.98362746914165 -0.0037313432835821554 2.0105823068309077 0.0042068362379307231 0.49962531221901546 -0.9313631406761177 0.034735656353481616 -0.0014114333070370242 0.0041131116271004861 82.6324042935412 0.28719961038599889 0.38191981836230432 8.7192118226601014 90.500000000000014 100.50000000000001 -0.2976002035163095 63.492063492078003 0.15933995774862775 -0.27290076335877861 210.28429979668522 -0.88527682723523726 -1.7584586466165413 -0.33381204779160717 131.63628753022297 -0.0024803550228955844 1.3322963475054734 0.007978755340960186 55.500000000000007 94.244498717593601 0.063318692140410429 131.18359692131955 39.186380436088378 -0.02907880603765051 81.846833621146914 84.699061125988905 -1.2227443609022555 -0.65553435114503811 -0.46777987197485166 131.74414484993991 0.042771869117378729 0.18766382935822104 -0.82453601533953169 -0.099955399650132823 -39.127362656754748 -0.96568157033805879 -0.91699964217557239 145.09562867053276 -0.89790076335877844 17.500000000000004 16.500000000000004 -0.4551526717557251 1.3887119603680118 345.65438689872025 27.834419629260719 258.2966297456349
decision_type=2 2 8 2 2 2 2 2 2 2 8 2 2 2 2 2 2 2 2 2 2 2 2 2 2 2 2 10 2 8 8 2 2 2 2 2 2 2 10 10 2 2 2 2 2 2 2 2 2 2 2 10 10 8 2 2 2 2 8 2 2 2 2 2 2 2 2 2 2 8 10 2 10 10 10 10 2 10 10 2 10 2 2 10 2 10 8 2
left_child=2 6 4 -4 5 24 9 16 31 14 11 -11 13 45 -2 39 25 21 44 20 62 23 69 -10 -1 75 -21 -25 29 32 41 -6 34 -34 43 -18 54 -38 -17 40 -16 -29 -43 -3 -19 46 48 -48 50 68 -12 57 -9 -54 -14 -45 -57 58 66 60 -59 -52 -20 -64 65 -60 -36 -68 -47 70 -23 -72 -73 74 -74 76 -8 -77 79 -22 82 83 -50 84 85 -82 -85 -88
right_child=1 28 3 -5 8 -7 7 52 17 10 12 -13 36 -15 15 38 35 18 19 26 78 22 -24 27 -26 -27 -28 30 -30 -31 -32 -33 33 -35 51 -37 37 -39 -40 -41 -42 42 -44 55 -46 49 47 -49 80 -51 61 -53 53 -55 -56 56 -58 59 64 -61 -62 -63 63 -65 -66 -67 67 -69 -70 -71 71 72 73 -75 -76 77 -78 -79 -80 -81 81 -83 -84 86 -86 -87 87 -89
leaf_value=-2.4815274676238201e-05 0 4.8806909494571011e-06 4.809056259403004e-05 -1.4238115570774486e-05 -6.3207245186476826e-06 3.0708463183068953e-06 9.7618623567117151e-06 -4.9646506957552015e-06 -4.5531522069952537e-05 5.0090936734499338e-05 1.607834366434116e-05 3.8627740551381986e-06 -5.2156094931870287e-05 2.9145097612939961e-05 2.9468488133235787e-05 6.3764976930775461e-05 -8.0364580271522816e-06 -3.3079130629098314e-06 -1.9796046648689568e-05 -6.4426245983266657e-05 1.2572692206919162e-05 -6.4702341311849028e-06 -6.605928227564836e-06 -1.4723403588208414e-06 -6.9800647801522523e-05 -1.7147684315494072e-05 -1.3890638522214638e-05 -1.0813717932021381e-05 2.8736271586590237e-05 -2.2602954439524469e-05 1.5150601107507651e-05 -4.9417652535768365e-05 1.1578707453614977e-05 4.9069487117690877e-05 2.4865385880355907e-06 5.3998773967916786e-07 -1.9899967649815917e-05 2.4869113265735087e-05 2.3547233434453411e-05 -6.9942934809997108e-06 0 -3.3334654775545033e-06 -6.4432769830852164e-05 0 -1.9340246320328966e-05 -7.192639344019206e-07 2.033440204118169e-05 0 -3.4901400842056193e-05 2.9785214689877584e-05 -1.0926502008344628e-05 3.0053888515972621e-05 -3.4763995301633461e-05 -8.8125289179896281e-06 -1.436492862174063e-05 8.8398094219891268e-06 3.4212789677249613e-05 5.5591881247210164e-05 -4.0022938494634847e-05 -4.0445720281083666e-07 9.5800689748282122e-06 1.0634889146099243e-05 -9.8744630218386275e-06 2.4716962484841618e-05 0 -3.9522841638444847e-06 2.4951237006766635e-05 6.3967390324580206e-06 1.9012898537714499e-05 -1.6723272675633664e-08 3.9875027956025407e-06 0 2.9044818166368793e-05 5.033502053275569e-05 -2.6363437803810044e-06 1.818605430735287e-05 1.0817659094087949e-06 -4.053664706250518e-06 -2.772829957726668e-05 -3.3189672017581255e-05 -1.0632908751390298e-05 -8.1423650471462785e-06 -7.5693259917622437e-06 3.6116836350824279e-06 1.6667684325386368e-05 2.1016435623847721e-05 -3.5413394373028532e-05 4.9251833984031682e-06
leaf_weight=62 195 338 54 35 44 42 835 588 35 52 193 68 34 80 100 35 1007 1021 38 37 53 107 880 887 40 101 37 602 71 49 45 47 298 35 3006 878 44 38 91 74 68 35 34 62 147 250 223 442 62 75 138 45 92 177 85 99 148 34 50 45 36 115 35 68 149 65 113 471 96 952 272 76 60 65 51 59 1035 650 185 38 112 674 192 116 189 40 61 36
leaf_count=62 195 338 54 35 44 42 835 588 35 52 193 68 34 80 100 35 1007 1021 38 37 53 107 880 887 40 101 37 602 71 49 45 47 298 35 3006 878 44 38 91 74 68 35 34 62 147 250 223 442 62 75 138 45 92 177 85 99 148 34 50 45 36 115 35 68 149 65 113 471 96 952 272 76 60 65 51 59 1035 650 185 38 112 674 192 116 189 40 61 36
internal_value=3.09204e-08 2.2435e-06 -5.23153e-06 2.24933e-05 -5.65925e-06 -2.91778e-05 3.62675e-07 -1.73656e-06 -5.06391e-06 3.24822e-06 1.71716e-06 2.47005e-05 8.508e-07 1.9139e-06 1.23635e-05 1.88119e-05 -3.17268e-07 -4.65883e-06 -8.88675e-06 -1.69642e-05 -1.2562e-05 -2.92492e-06 -2.32815e-07 -6.91393e-06 -4.34043e-05 2.23021e-06 -4.04647e-05 -6.01045e-06 5.68174e-06 5.33799e-06 -1.14974e-05 -2.96418e-05 5.63149e-06 1.58095e-05 4.8836e-06 -3.99042e-06 -1.50326e-05 0 3.5486e-05 9.73084e-06 1.76732e-05 -1.34286e-05 -3.48413e-05 1.20364e-05 -5.40844e-06 1.15904e-06 -1.11578e-07 6.86952e-06 -2.56961e-06 9.21453e-06 6.31901e-06 3.70658e-06 -9.18394e-06 -1.80475e-05 -2.59747e-05 1.95509e-05 2.44344e-05 3.38351e-06 2.88419e-06 1.92766e-05 3.33095e-05 -7.43822e-07 2.76298e-06 1.20242e-05 -8.6662e-06 -2.04757e-05 3.7605e-06 1.01524e-05 4.4762e-06 3.24898e-06 8.32918e-06 1.15357e-05 1.92993e-05 2.77274e-05 1.36178e-05 3.02658e-06 5.00933e-06 -2.06664e-06 -2.07413e-05 -5.47471e-06 -5.30982e-06 -3.30507e-06 -1.46215e-05 2.40554e-06 8.21104e-06 -1.66822e-06 -6.43494e-06 -1.94459e-05
internal_weight=20598 14514 6084 89 5995 144 9400 5422 5851 3978 3415 120 3295 3094 563 368 4565 5760 1659 491 417 4101 2463 1638 102 2680 74 1603 5114 5043 716 91 4994 333 4661 1885 201 82 126 242 168 671 69 647 1168 3014 2593 665 1928 421 446 4014 857 269 119 309 247 3969 3854 115 70 253 141 103 264 115 3590 584 346 1583 631 524 252 176 111 2579 1870 709 276 91 1482 1228 254 554 341 152 213 97
internal_count=20598 14514 6084 89 5995 144 9400 5422 5851 3978 3415 120 3295 3094 563 368 4565 5760 1659 491 417 4101 2463 1638 102 2680 74 1603 5114 5043 716 91 4994 333 4661 1885 201 82 126 242 168 671 69 647 1168 3014 2593 665 1928 421 446 4014 857 269 119 309 247 3969 3854 115 70 253 141 103 264 115 3590 584 346 1583 631 524 252 176 111 2579 1870 709 276 91 1482 1228 254 554 341 152 213 97
is_linear=0
shrinkage=0.0337242


Tree=60
num_leaves=89
num_cat=0
split_feature=16 4 42 13 4 52 12 24 52 1 17 0 8 26 12 11 10 50 18 45 11 54 10 6 52 42 2 41 18 19 4 0 12 47 51 8 7 9 12 27 27 2 47 11 16 48 19 54 26 47 52 1 0 15 33 51 15 0 1 7 1 48 4 24 27 22 42 18 4 54 40 9 0 26 12 51 40 39 19 16 55 17 41 55 1 18 26 47
split_gain=0.000145804 5.4862e-05 4.17607e-05 3.92467e-05 4.56892e-05 5.63734e-05 4.50968e-05 3.62119e-05 3.93752e-05 5.0242e-05 7.2157e-05 6.1789e-05 5.65183e-05 5.22254e-05 4.8241e-05 6.47727e-05 6.52333e-05 4.79188e-05 4.002e-05 4.73389e-05 3.87162e-05 3.5657e-05 4.86192e-05 3.4985e-05 3.48055e-05 3.41206e-05 4.5933e-05 4.32271e-05 4.97307e-05 3.8781e-05 4.71579e-05 3.36666e-05 3.29623e-05 3.44031e-05 3.24056e-05 3.22891e-05 3.08703e-05 4.7213e-05 3.24863e-05 3.14688e-05 3.32011e-05 3.21945e-05 3.02338e-05 2.9375e-05 3.04165e-05 2.91067e-05 3.46797e-05 6.28037e-05 8.78995e-05 2.79215e-05 2.67854e-05 2.62265e-05 2.60542e-05 2.72153e-05 2.57196e-05 2.54495e-05 2.51944e-05 2.89086e-05 2.41372e-05 2.62254e-05 2.41347e-05 2.34032e-05 2.33019e-05 2.83501e-05 4.27704e-05 3.14894e-05 2.32939e-05 2.45762e-05 2.3275e-05 4.17313e-05 4.08171e-05 3.24081e-05 2.70648e-05 2.32177e-05 2.2908e-05 2.28866e-05 2.26291e-05 2.21531e-05 2.19605e-05 2.19528e-05 2.76747e-05 3.17679e-05 2.74946e-05 2.62716e-05 2.1733e-05 2.16521e-05 2.1275e-05 2.10029e-05
threshold=0.5413533834586467 -0.0037275990728701442 0.0089907828886440794 -0.50154704554766671 -0.92238114082197964 0.30551207109196238 -0.021946564885496182 500.00000000004258 0.20039329487206228 41.831283378963995 -0.59394656388051825 19.500000000000004 0.050000000000002494 -0.00367688548770229 -0.4837786259541984 -0.66221374045801518 -0.90037593984962372 1.0000000180025095e-35 -0.25689131985275848 -0.0061050152066312582 -0.12118320610687021 7.2276356714364889 -1.3693609022556388 -54.749999999999993 0.16071706797161414 -0.0066750816750816835 0.28815440658211994 -0.003225806451612911 0.17551761584117961 0.14503404644183251 -0.33024761150997789 19.500000000000004 -0.97232824427480902 93.495934959329489 27.777777777778216 2.2500000000000004 0.53161366516879838 -0.80248091603053429 -0.75095419847328226 -38.495952281963589 -249.99058415677516 0.061032869648355303 -79.710144927537627 -0.80248091603053429 0.43045112781954892 40.490431252163951 3.2243351769609778 6.7940153952713711 -0.0017943233236491344 16.666666666674203 0.25834954704277663 131.19231325436186 123.50000000000001 0.024870211233971599 1.0000000180025095e-35 66.666666666667467 0.019220561834812026 215.50000000000003 158.35226978493978 0.78745031109574837 144.73320359364729 5.5634270862114539 -0.17652213239866579 1999.4999999999579 125.2513025037055 -0.92391736912557421 0.001857011814526355 0.37202402091259945 -0.39509723557012827 19.081516746998535 -1.0000000180025095e-35 -0.43606870229007627 10.500000000000002 0.00054179123249565502 -0.93988549618320605 44.444444444444457 -0.0013012367251842292 0.0010198880775551535 -0.51099527014429202 0.50657894736842113 8196.0000000000018 -0.39632580966033754 0.0031662277946346022 46819.500000000007 33.270997435872495 0.3527105404489313 -0.0010916169767281067 47.619047619025146
decision_type=2 2 2 10 2 2 10 10 2 2 10 2 8 10 10 10 2 2 8 2 10 2 2 10 2 2 2 2 8 2 2 2 10 2 2 8 10 10 8 10 10 2 2 10 2 2 2 2 10 2 2 2 2 8 2 2 10 2 2 10 2 2 2 8 8 10 2 8 2 2 2 10 2 8 10 2 2 2 2 2 2 10 2 2 2 8 10 2
left_child=1 2 7 -2 -5 23 21 8 35 12 11 74 54 17 15 16 32 -12 79 -20 36 25 49 -6 76 -7 29 -28 -29 30 -27 60 33 -13 42 52 37 75 58 40 41 -39 -32 44 -26 56 77 -48 -49 -23 -17 87 53 -1 -10 -9 -25 62 -38 -60 -31 -45 -58 84 65 -65 67 -53 70 78 -15 86 -73 -30 -11 -21 -3 -47 85 80 82 -82 -19 -83 -64 -70 -72 -22
right_child=3 24 -4 4 5 6 -8 55 9 10 13 14 -14 68 -16 50 -18 18 19 20 51 22 -24 45 43 26 27 28 73 31 34 -33 -34 -35 -36 -37 38 39 -40 -41 -42 -43 -44 61 -46 46 47 48 -50 -51 -52 66 -54 -55 -56 -57 57 -59 59 -61 -62 -63 63 64 -66 -67 -68 -69 69 -71 71 72 -74 -75 -76 -77 -78 -79 -80 -81 81 83 -84 -85 -86 -87 -88 -89
leaf_value=-6.0227513505951246e-06 -1.2461180173768992e-06 -1.2389570107911244e-05 -3.3888360744667196e-05 -2.3746389844860789e-05 -7.1382713074265075e-06 3.5803965911818027e-05 4.2945790102719147e-05 1.2889993589971705e-06 -1.5092758588852259e-05 -2.7105048328617738e-05 2.0619448342052059e-05 7.1967702727240353e-06 -5.2878086078391503e-05 -3.7179167378073286e-05 -1.5571422984484431e-05 2.2414648051418473e-05 4.7448801810400522e-05 -6.4748475120777634e-07 -5.2112377943541641e-05 2.0178493068044966e-05 0 2.2291338334690241e-05 1.8848895001401176e-06 -1.547629185057583e-05 -2.854148770403702e-05 3.7861766188605266e-05 1.1131501026081626e-05 -5.4326478572989297e-05 -2.4139290475777231e-05 2.0017794942984525e-05 -4.1463800369850968e-05 3.6449583410851829e-06 1.7762749657351085e-05 -3.7073378508116467e-05 8.8020190074485605e-06 -2.4399973724442512e-05 -3.0264825460691446e-05 -3.6267061683689742e-05 0 -1.6130371934778721e-05 -4.882571361101948e-05 9.2716805994644429e-07 -2.2160554014112986e-07 -3.7895722420420205e-06 1.3420514287405229e-05 8.3907414558962694e-06 -3.1181609641899195e-06 8.2222146069273322e-05 8.825766759798977e-06 6.4799422687007548e-05 6.8235846946006911e-05 1.9257873839698371e-05 4.6352686179701741e-06 -7.1503835028368004e-07 1.2741937276003962e-05 1.4534126866037409e-05 -4.3039910702600617e-07 -1.1579871963274793e-05 -2.4909139690139364e-05 9.8026611337842243e-06 6.2370369304151524e-05 2.1800501789400787e-05 1.3143993333641234e-05 6.088173405141016e-05 5.9435860832641809e-06 1.7292170392437779e-05 -2.6698311392963685e-05 -1.6559851120845716e-05 7.4610880733046327e-06 -2.5655051206702873e-05 -7.5232543716552816e-07 -4.0743936409910087e-07 -3.663862774409272e-05 1.2951374815811042e-05 1.5878476040336454e-06 -8.4085274033379073e-06 6.2263800696473303e-06 -1.2852202925917168e-06 1.1958928677514995e-05 2.1534805370416049e-05 -2.8754961956077768e-05 -1.3709053789010374e-05 3.3415332145651502e-05 1.8977685547350175e-05 -2.3660549733538807e-07 -1.6471794863061457e-05 2.3968147906370641e-05 3.7243553104897436e-05
leaf_weight=1326 1026 121 47 57 264 49 60 815 321 55 59 34 45 43 40 34 43 75 34 45 36 48 60 87 34 43 75 36 37 41 34 49 63 40 165 68 90 51 330 534 88 45 62 40 44 1693 49 37 44 41 43 50 837 6799 39 214 604 137 43 54 38 291 199 38 148 55 43 37 100 46 96 64 43 37 61 109 189 300 385 49 71 67 38 48 407 73 60 36
leaf_count=1326 1026 121 47 57 264 49 60 815 321 55 59 34 45 43 40 34 43 75 34 45 36 48 60 87 34 43 75 36 37 41 34 49 63 40 165 68 90 51 330 534 88 45 62 40 44 1693 49 37 44 41 43 50 837 6799 39 214 604 137 43 54 38 291 199 38 148 55 43 37 100 46 96 64 43 37 61 109 189 300 385 49 71 67 38 48 407 73 60 36
internal_value=2.64346e-07 -1.55325e-06 -2.02973e-06 4.684e-06 5.92167e-06 6.28379e-06 1.41018e-05 -1.91438e-06 -2.40884e-06 -5.31609e-06 -3.92384e-06 9.18619e-06 -1.66108e-05 -5.79709e-06 1.74674e-05 2.29857e-05 1.12098e-05 -8.80827e-06 -9.73725e-06 -1.19624e-05 -1.10436e-05 1.18597e-05 2.70683e-05 4.5759e-06 7.50131e-06 8.31204e-06 5.97206e-06 -7.77401e-06 -2.15428e-05 1.20824e-05 5.13231e-06 2.78338e-05 0 -1.54269e-05 0 -1.18758e-06 -1.30612e-05 -1.69992e-05 -6.23209e-06 -2.06335e-05 -3.3177e-05 -1.78254e-05 -1.58351e-05 1.39751e-05 -3.63143e-06 5.41561e-06 8.05357e-06 2.52136e-05 4.35459e-05 4.29598e-05 4.92585e-05 2.35133e-06 -1.00067e-06 -1.59315e-06 -1.18088e-05 4.13751e-06 2.01438e-06 3.03349e-06 -1.7463e-05 -4.58858e-06 4.16135e-05 1.8416e-05 4.47987e-06 8.09552e-06 1.79981e-05 3.61423e-05 -6.13731e-06 2.91404e-06 8.20557e-07 4.75341e-06 -6.62646e-06 -1.26362e-06 -1.5871e-05 -4.28778e-06 -1.11833e-05 0 -7.28048e-07 6.88575e-06 7.43343e-06 3.75265e-07 -2.76909e-06 -1.10171e-05 9.95191e-06 0 3.99785e-06 -2.07905e-06 8.13596e-06 1.90205e-05
internal_weight=20605 14585 13866 6020 4994 4937 875 13819 12790 3760 3355 413 405 2942 297 257 180 2032 1973 1625 1591 815 149 4062 719 666 617 185 110 432 304 128 137 74 261 9030 1389 872 517 718 184 96 96 409 78 3798 2123 130 81 89 77 202 8962 8125 360 1029 1675 1588 187 97 79 331 1451 847 241 93 130 87 910 604 306 263 107 74 116 154 310 1993 558 348 299 186 113 115 606 173 156 72
internal_count=20605 14585 13866 6020 4994 4937 875 13819 12790 3760 3355 413 405 2942 297 257 180 2032 1973 1625 1591 815 149 4062 719 666 617 185 110 432 304 128 137 74 261 9030 1389 872 517 718 184 96 96 409 78 3798 2123 130 81 89 77 202 8962 8125 360 1029 1675 1588 187 97 79 331 1451 847 241 93 130 87 910 604 306 263 107 74 116 154 310 1993 558 348 299 186 113 115 606 173 156 72
is_linear=0
shrinkage=0.0337242


Tree=61
num_leaves=89
num_cat=0
split_feature=20 20 20 31 23 52 1 16 20 4 52 31 52 54 3 1 4 12 22 39 31 1 26 51 24 52 36 50 20 31 31 12 10 41 20 4 53 21 36 9 31 6 9 26 1 39 7 11 40 54 16 31 9 31 38 9 40 31 50 11 40 53 45 38 31 37 11 9 21 53 1 52 0 20 10 50 31 31 31 12 26 29 37 0 24 16 47 1
split_gain=0.000195473 8.33445e-05 6.97215e-05 6.52941e-05 6.2982e-05 5.01111e-05 4.53013e-05 4.36541e-05 5.88203e-05 5.0931e-05 5.61233e-05 4.39236e-05 4.36002e-05 3.79951e-05 3.67196e-05 4.20248e-05 3.92291e-05 5.7817e-05 4.62731e-05 4.17927e-05 4.00845e-05 5.54539e-05 5.20356e-05 3.65325e-05 3.58284e-05 3.53158e-05 3.42706e-05 3.41091e-05 3.25904e-05 3.26524e-05 3.52067e-05 3.25752e-05 3.25205e-05 3.16072e-05 3.13488e-05 3.12128e-05 3.11765e-05 3.08996e-05 3.56326e-05 5.16773e-05 4.09826e-05 3.02732e-05 2.93714e-05 6.33671e-05 2.92067e-05 2.8934e-05 2.82046e-05 2.80686e-05 3.78026e-05 3.56264e-05 2.78847e-05 2.77706e-05 2.76888e-05 2.68378e-05 2.62772e-05 7.26675e-05 2.59845e-05 2.59433e-05 2.48904e-05 2.4701e-05 2.4371e-05 3.22953e-05 2.68058e-05 2.3966e-05 2.34709e-05 2.47033e-05 2.30063e-05 3.43856e-05 3.23366e-05 3.13767e-05 3.10256e-05 2.40372e-05 2.20969e-05 2.20099e-05 2.56101e-05 2.19948e-05 2.1879e-05 3.07407e-05 2.95633e-05 2.26659e-05 2.28485e-05 2.18253e-05 2.16373e-05 2.25962e-05 2.21464e-05 2.07171e-05 2.05924e-05 2.05592e-05
threshold=1.0997237569060776 88.500000000000014 0.011560736560736562 78.500000000000014 0.049999999999998941 0.23185749465095642 60.945203375550221 0.52161654135338364 0.035087852626459151 -0.95239272994516355 0.20039329487206228 83.500000000000014 0.32365440609561741 -41.649512110594458 0.17917766147854519 631.68192192832782 -0.84575866357623375 -0.19370229007633585 -0.90842382539511868 0.0055147804225295092 74.500000000000014 158.0034473261687 -0.0011762176077657436 44.444444444444883 1.06581410364011e-13 0.41774928926321003 -0.0012113874825738222 55.555555555555365 21.775000000000006 29.500000000000004 188.50000000000003 -0.95706106870228991 -0.92011278195488699 0.0039344279212805153 5.3976744186046526 -0.20181327378596867 63.690363620812924 0.0075387160250301481 -0.0027266543003817696 -0.27003816793893126 10.500000000000002 49.250000000000007 -0.48187022900763354 -0.0060148481344392503 256.0709528940418 0.0012995457078680552 0.18766382935822104 -0.83396946564885488 0.0024645727162841973 17.297374641395532 0.047932330827067673 83.500000000000014 -0.24332061068702285 242.50000000000003 -0.0038253111952238346 -0.34255725190839686 -0.003634162447721689 59.500000000000007 16.666666666668466 -0.70896946564885488 -0.0031331601232976176 43.859442093098259 -0.0010147136046786962 0.0032206202676070554 20.500000000000004 0.0018399279601344356 -0.29293893129770987 -0.11354961832061067 -0.0077693604676146799 42.287847023286552 131.19231325436186 0.34886973641768743 71.500000000000014 2.0390253188654106 -1.0084586466165411 66.666666666666558 125.50000000000001 139.50000000000003 87.500000000000014 -0.42652671755725186 -0.0028036770165931978 22.500000000000004 0.0015860438205921314 209.50000000000003 -30000.499999999996 0.51409774436090239 -37.037037037050361 48.771039752975597
decision_type=2 2 2 2 8 2 2 2 2 2 2 2 2 2 2 2 2 8 10 2 2 2 8 2 10 2 2 2 2 2 2 10 2 2 2 2 2 2 2 10 2 8 10 10 2 2 8 10 2 2 2 2 10 2 2 10 2 2 2 10 2 2 2 2 2 2 8 10 2 2 2 2 2 2 2 2 2 2 2 10 10 2 2 2 10 2 2 2
left_child=2 4 3 31 24 82 -7 9 11 -4 76 -9 23 -10 16 33 18 19 -12 20 21 42 -23 36 28 37 -25 -19 29 34 47 -1 51 64 -2 -36 44 38 39 46 -40 -42 63 -44 -8 -32 -15 57 60 75 -37 -22 73 87 55 -14 -39 72 -30 -43 61 -49 -62 -18 -16 -66 67 68 86 -68 -70 -71 -31 -26 81 -50 78 -78 79 -11 -81 -75 83 84 -6 -80 -56 -3
right_child=1 53 7 -5 5 6 12 8 13 10 14 -13 54 25 15 -17 17 27 -20 -21 32 22 -24 26 52 -27 -28 -29 58 30 45 -33 -34 -35 35 50 -38 56 40 -41 41 59 43 -45 -46 -47 -48 48 49 -51 -52 -53 -54 -55 66 -57 -58 -59 -60 -61 62 -63 -64 -65 65 -67 69 -69 70 71 -72 -73 -74 74 -76 -77 77 -79 85 80 -82 -83 -84 -85 -86 -87 -88 -89
leaf_value=-7.1418650381070166e-05 -1.5712235085313847e-05 1.7954511093348986e-05 3.1222063265057066e-05 -1.8578768508208307e-06 2.8908804667969634e-05 -1.133998052053517e-05 3.4299438784039266e-05 -5.659774279119763e-05 -2.8394933885033425e-05 -5.8964748583541329e-06 2.8628026332649119e-05 -2.7573355043102655e-06 -6.7330921901648299e-06 1.3810612779539592e-05 -4.2132280936748734e-05 -3.7716731250847834e-05 -3.2287457922596141e-06 -1.4280757053912408e-05 -8.398165283970592e-06 -3.7705522217123086e-05 -3.0221465251113671e-05 8.016245549624749e-06 5.4328108726435331e-05 2.6788045030647602e-05 1.3223012443191212e-06 3.460692054815783e-05 6.6294617049069324e-05 -5.9280213563174979e-05 -6.0821154566680605e-07 -3.4243377577682774e-05 -1.0536807113986734e-06 -2.40297803954708e-05 -3.9855324309389623e-05 1.0884082009814495e-05 2.0272767137596911e-05 -2.9198140480210459e-05 -1.2299981338313581e-05 -2.8437863933142221e-05 -2.2738388030265584e-05 -7.6553632465184294e-06 3.3322178342511687e-06 5.1495610444201329e-06 -4.8285034986323574e-05 3.1991708709865687e-06 2.6605224169277609e-06 -1.2300140284349078e-05 5.8315976937789217e-05 0 2.8923850712987672e-05 3.9914009038095519e-05 3.8835680370551398e-07 -5.1636039031752912e-06 -1.5907423408253084e-06 7.06953289131401e-07 -8.8996771526718655e-06 5.4561719327385791e-05 -3.3814949243195728e-06 0 2.0546894850991198e-05 -2.8010172795591439e-05 -5.0289516481195761e-06 4.3391970396868267e-05 4.8297572235093796e-06 2.6419281991328917e-05 -6.4788002833010787e-06 -2.2305321828331712e-05 -2.0688986480728663e-05 -1.5687119912393082e-05 -4.3292243519556115e-06 3.0911106595797201e-05 2.8086966621013455e-05 -3.0364175107596908e-06 0 1.510082718138833e-05 -5.8490778601630608e-06 -2.8191443683769498e-06 -1.2913107482949239e-05 -2.6422609167021719e-06 2.9967078257826139e-06 -3.6546285008167511e-07 2.0022657389012776e-05 -4.819848616239575e-06 -1.5645455563008344e-05 -9.6908804069624913e-06 4.9788488682299037e-06 2.3394333565401666e-05 2.2041896723685108e-05 5.0312366318335585e-05
leaf_weight=36 308 53 46 81 47 76 77 35 48 974 79 42 36 40 35 85 123 56 69 45 56 119 39 174 389 37 35 37 96 56 1147 47 37 59 66 47 41 55 74 42 2596 35 47 57 71 346 39 45 35 65 132 816 426 37 81 48 448 256 147 65 427 39 1125 40 347 187 73 45 35 35 184 61 37 686 81 71 401 2201 1058 259 79 61 59 112 1905 62 35 64
leaf_count=36 308 53 46 81 47 76 77 35 48 974 79 42 36 40 35 85 123 56 69 45 56 119 39 174 389 37 35 37 96 56 1147 47 37 59 66 47 41 55 74 42 2596 35 47 57 71 346 39 45 35 65 132 816 426 37 81 48 448 256 147 65 427 39 1125 40 347 187 73 45 35 35 184 61 37 686 81 71 401 2201 1058 259 79 61 59 112 1905 62 35 64
internal_value=2.55549e-07 3.82094e-06 -2.76922e-06 -2.46603e-05 3.40247e-06 7.216e-06 1.30738e-05 -2.43311e-06 6.15222e-07 -3.90842e-06 -4.1409e-06 -2.84856e-05 1.49672e-05 1.28709e-06 -8.47858e-06 -1.49382e-05 -5.57587e-06 -7.27925e-06 1.07127e-05 -5.45949e-06 -4.29927e-06 4.09878e-06 2.00594e-05 2.38704e-05 1.36332e-06 1.73052e-06 3.38665e-05 -3.32232e-05 -1.88575e-07 -9.04384e-07 2.27152e-07 -4.57486e-05 -8.33209e-06 -1.17012e-05 -8.54568e-06 6.91922e-08 1.23051e-05 1.34363e-06 2.7093e-06 2.07044e-05 1.88834e-06 2.60015e-06 -4.98409e-06 -1.91384e-05 1.97744e-05 -3.72477e-06 3.70052e-05 3.00863e-06 4.72894e-06 1.99216e-05 -6.84019e-06 -6.88367e-06 5.62068e-06 2.85134e-05 9.21663e-06 2.71419e-05 -6.31343e-06 -5.62156e-06 1.17916e-05 -1.54377e-05 3.08188e-06 2.09028e-05 2.05506e-06 3.45386e-06 -1.4213e-05 -1.22021e-05 6.29791e-06 1.0968e-05 1.48371e-05 -3.63093e-06 2.24649e-05 8.33345e-06 -2.08772e-05 8.2244e-06 1.13503e-05 6.75019e-06 -2.11141e-06 -4.26227e-06 1.50057e-07 -3.24392e-06 4.11384e-06 1.33447e-05 4.11602e-06 4.72773e-06 5.60455e-06 4.21217e-06 0 3.64807e-05
internal_weight=20605 9472 11133 164 9318 3230 1107 10969 3556 7413 7367 77 1031 3479 2333 713 1620 1472 148 1379 1334 425 158 398 6088 3431 209 93 4445 4202 3649 83 909 628 553 245 189 3394 2891 121 2770 2696 267 104 148 1493 79 2156 1807 171 179 872 1643 154 633 84 503 349 243 100 1636 84 1552 163 569 534 549 380 335 169 219 96 93 1217 828 106 5034 2602 2432 1312 338 747 2123 2064 1952 1120 116 117
internal_count=20605 9472 11133 164 9318 3230 1107 10969 3556 7413 7367 77 1031 3479 2333 713 1620 1472 148 1379 1334 425 158 398 6088 3431 209 93 4445 4202 3649 83 909 628 553 245 189 3394 2891 121 2770 2696 267 104 148 1493 79 2156 1807 171 179 872 1643 154 633 84 503 349 243 100 1636 84 1552 163 569 534 549 380 335 169 219 96 93 1217 828 106 5034 2602 2432 1312 338 747 2123 2064 1952 1120 116 117
is_linear=0
shrinkage=0.0337242


Tree=62
num_leaves=89
num_cat=0
split_feature=20 20 31 31 1 26 48 49 52 9 4 54 1 53 1 20 5 52 5 1 22 1 10 31 44 37 15 31 52 10 39 37 1 20 25 52 39 26 4 9 4 53 11 23 22 51 1 12 1 4 48 22 12 17 15 3 54 39 12 52 10 45 45 9 18 48 5 53 1 31 31 2 53 54 48 1 11 31 20 31 31 44 4 17 2 31 42 54
split_gain=0.000126894 7.99336e-05 7.38249e-05 8.39927e-05 7.34577e-05 6.73284e-05 0.000113479 5.77369e-05 5.2762e-05 4.61298e-05 6.46283e-05 8.35028e-05 5.18862e-05 4.26222e-05 4.24005e-05 5.07427e-05 4.16282e-05 4.13468e-05 4.93868e-05 5.36214e-05 6.60701e-05 5.33236e-05 4.20965e-05 3.96722e-05 5.02664e-05 3.88811e-05 3.87389e-05 3.8147e-05 3.83596e-05 3.81003e-05 3.76534e-05 4.96362e-05 4.10606e-05 3.807e-05 3.75582e-05 3.74882e-05 4.65731e-05 3.82681e-05 5.31934e-05 4.46718e-05 3.62044e-05 3.61663e-05 3.78828e-05 3.52394e-05 4.74218e-05 3.97385e-05 3.63326e-05 3.45584e-05 3.82399e-05 3.3616e-05 3.24248e-05 3.20763e-05 3.16007e-05 3.12985e-05 3.05441e-05 3.01554e-05 3.01426e-05 2.94985e-05 2.92521e-05 2.84725e-05 4.87251e-05 2.82386e-05 2.73186e-05 2.71878e-05 3.03187e-05 2.71704e-05 2.70729e-05 3.35689e-05 2.68447e-05 2.63553e-05 3.58653e-05 2.47979e-05 2.61059e-05 2.92655e-05 2.46408e-05 2.44426e-05 2.43967e-05 2.43473e-05 2.41809e-05 3.53755e-05 2.54906e-05 2.41507e-05 2.41419e-05 2.47981e-05 2.4078e-05 2.66826e-05 2.39836e-05 2.25101e-05
threshold=0.56155740810913235 27.133928571428577 30.500000000000004 126.50000000000001 620.24002739256991 -0.0059077200371760652 41.698721876806744 35.348443710100831 0.210029832092993 -0.85782442748091592 -0.93329894284583614 27.466729457953662 156.91751033401189 42.575641868866768 80.616164491822758 10.020000000000001 0.51452798365840013 0.20039329487206228 0.28517413681657677 131.18359692131955 -0.70554385657044238 2321.1493067698943 -1.3129699248120301 125.50000000000001 0.0011737234724029657 0.0027491421920582408 0.028687949702850067 262.50000000000006 0.16851496608626443 -1.9971804511278195 0.0042872503699075146 0.0013360059401840154 33.047478104378065 3.1267668501711059 -0.96296507258396857 0.22715278170647726 -0.0037059927665614718 0.0021798722250677685 -0.027792696025778729 -0.30820610687022892 -0.0028124823336536822 80.83897821817861 -0.64408396946564872 0.12500000000000358 -0.43470010905125406 -1.8118839761882552e-13 617.60978835978847 -0.80057251908396931 156.91751033401189 -0.43321414438351519 52.281201952801815 -0.67877511625866449 -0.60591603053435106 -0.12431979754834556 0.033233499494945362 0.035153546974773325 26.755702921499044 0.0037962673840463705 -0.76240458015267165 0.24342507069695665 -0.9567669172932326 0.0018885758105361419 0.0025396835634905472 -0.25095419847328237 -0.18492886322484614 32.192072833601181 -0.33381204779160717 78.096807648060249 80.337638181346662 225.50000000000003 125.50000000000001 0.31861781979238119 58.363255525047919 -16.687055237811744 18.873493681281769 27.139904439154069 -0.80248091603053429 139.50000000000003 0.1260686883449032 35.500000000000007 55.500000000000007 0.0037998748616258076 -0.015058793600542708 -0.06405422603200607 0.36687152732284262 84.500000000000014 0.0064585650723024699 -4.461089071281954
decision_type=2 2 2 2 2 10 2 2 2 10 2 2 2 2 2 2 2 2 2 2 8 2 2 2 2 2 10 2 2 2 2 2 2 2 2 2 2 10 2 10 2 2 10 10 10 2 2 10 2 2 2 10 10 10 8 2 2 2 10 2 2 2 2 10 10 2 2 2 2 2 2 2 2 2 2 2 10 2 2 2 2 2 2 10 2 2 2 2
left_child=9 2 4 16 8 6 -6 35 68 34 11 12 -11 -7 15 40 30 69 21 -20 63 22 41 25 -25 -24 50 28 -3 -28 31 43 -33 -34 86 75 87 74 39 -39 71 51 -43 49 45 -45 53 -18 -49 -4 -16 57 65 -47 81 -54 76 78 -31 -36 -61 -53 -58 64 -21 -30 -55 82 -2 70 -12 72 73 -10 -38 -5 -51 -72 80 -80 -19 -9 83 -68 85 -48 -1 -37
right_child=1 27 3 7 5 13 -8 54 14 10 17 -13 -14 -15 26 -17 47 18 19 20 -22 -23 23 24 -26 -27 29 -29 52 58 -32 32 33 -35 59 36 37 38 -40 -41 -42 42 -44 44 -46 46 84 48 -50 56 -52 61 55 66 -56 -57 62 -59 -60 60 -62 -63 -64 -65 -66 -67 67 -69 -70 -71 77 -73 -74 -75 -76 -77 -78 -79 79 -81 -82 -83 -84 -85 -86 -87 -88 -89
leaf_value=-4.1896242273566462e-06 2.3500199436405165e-06 4.5500046328347293e-06 1.4106227735566331e-05 9.868852757255622e-06 0 -2.231244596424705e-05 7.6551015161767545e-05 -1.0687213389655255e-05 -6.7113466569811858e-05 1.3048314307906471e-06 -4.4445561236299646e-07 -6.5649092549397543e-05 -3.4477106243481029e-05 1.5073867584878577e-05 -6.6013234999722587e-06 0 -9.0365608896690757e-07 -3.0622954940306896e-05 0 -2.4712519254799711e-05 0 3.3317487930587054e-05 0 -5.3025176534875627e-05 -7.4903641039991789e-06 -3.7303923054747239e-05 3.2683571913692089e-05 -1.9586104729010544e-05 1.9586044414109826e-05 -2.3846863114325168e-05 -1.4132333212697312e-05 -1.6536320347384059e-06 1.5332621803411489e-05 4.3789935354533868e-05 4.1985989657319435e-06 3.1155169001117079e-05 -5.6584802246023653e-06 0 2.6118921399499602e-05 -4.0825390001349442e-05 0 -3.8434467418727033e-05 -3.4498534187793161e-06 3.7186006896094569e-05 4.8565273355901669e-05 -7.8322877134994123e-07 -1.48908758341262e-05 1.4619568003079199e-05 4.5891212173930123e-05 -6.8954315362488703e-06 -5.1846879067811468e-05 -2.6290954209825521e-05 2.4481921011246074e-05 -3.8217627102131686e-06 -1.428078319650452e-06 -1.3972199419247227e-07 4.3794443556571172e-06 2.5796767784565101e-05 3.8585044346340814e-06 8.8456556851715266e-06 5.7991940008600683e-05 4.5923314580837754e-06 4.32829057659682e-05 -1.3058309753585167e-05 -6.1388799303437635e-05 5.0415944870631976e-05 4.1374294421618562e-05 -2.792792230182634e-06 -1.5221566054760696e-05 4.0551591779704907e-06 -1.6192335833642166e-05 -6.3154549098723574e-05 -9.9314839095739822e-06 -2.683389604768538e-05 1.1362665317732306e-05 -1.7783621594111474e-07 1.8044453570883035e-06 -5.1490948971443607e-06 2.5166066969379277e-05 0 0 1.2302249837804718e-05 5.6574924213395103e-05 1.1736150025080096e-05 1.5432204590538142e-05 5.4292792016233901e-06 2.2990996519260761e-05 9.1598579815594849e-06
leaf_weight=756 427 242 241 304 50 68 40 750 36 112 1801 43 73 69 51 75 74 49 111 54 70 38 152 66 57 39 36 35 87 64 111 105 281 74 422 130 112 66 34 63 39 61 100 52 36 113 166 166 70 464 34 85 118 41 2461 94 66 63 122 91 34 48 35 43 81 72 58 38 127 598 312 40 60 84 494 2764 1746 1028 81 295 72 52 36 103 75 123 38 116
leaf_count=756 427 242 241 304 50 68 40 750 36 112 1801 43 73 69 51 75 74 49 111 54 70 38 152 66 57 39 36 35 87 64 111 105 281 74 422 130 112 66 34 63 39 61 100 52 36 113 166 166 70 464 34 85 118 41 2461 94 66 63 122 91 34 48 35 43 81 72 58 38 127 598 312 40 60 84 494 2764 1746 1028 81 295 72 52 36 103 75 123 38 116
internal_value=1.09552e-09 1.88291e-06 1.30029e-06 2.19397e-06 -5.93451e-06 1.14622e-05 3.42119e-05 0 -9.32004e-06 -3.73313e-06 -5.09808e-06 -2.2779e-05 -1.22921e-05 -2.77731e-06 -1.59248e-05 -2.43497e-05 5.95293e-06 -4.31982e-06 -8.94456e-06 -2.00303e-05 -2.87523e-05 -5.56443e-06 -6.91218e-06 -1.75335e-05 -3.27095e-05 -7.25437e-06 -6.44404e-06 1.34598e-05 1.55042e-05 5.45713e-07 4.98835e-06 5.56428e-06 1.60333e-05 2.15369e-05 1.82559e-06 2.67972e-06 8.30808e-06 4.06589e-06 -1.01805e-05 -2.04971e-05 -3.14232e-05 -2.89374e-06 -1.73053e-05 4.11648e-06 1.01339e-05 8.29514e-06 6.17165e-06 1.79754e-05 2.43046e-05 2.09559e-06 -2.58367e-05 3.14924e-07 2.2389e-05 1.33606e-05 -3.33748e-06 1.31088e-05 8.0125e-07 3.98668e-06 -5.15487e-06 8.66876e-06 2.29868e-05 -1.44184e-05 1.88179e-05 -3.9673e-05 -4.74343e-05 3.41547e-05 1.95015e-05 2.3982e-05 -1.50365e-06 -2.35823e-06 -3.61002e-06 -3.67372e-05 -3.03297e-05 -3.97233e-05 8.05734e-06 7.86159e-07 0 -7.79249e-06 1.02754e-06 5.42517e-06 -1.1839e-05 -9.0761e-06 2.96373e-05 2.30136e-05 -1.24547e-06 -5.90805e-06 -2.76705e-06 2.11763e-05
internal_weight=20563 13690 13042 11620 1422 227 90 7346 1195 6873 5532 228 185 137 641 334 4274 5304 1565 359 248 1206 1168 314 123 191 307 648 613 222 3964 3853 460 355 1341 4083 1015 769 163 129 259 854 161 3393 841 805 753 310 236 2552 85 693 371 389 3263 212 2311 560 186 547 125 133 101 178 135 159 276 235 554 3739 3141 220 180 120 606 3068 2210 1340 497 376 121 802 197 161 364 289 794 246
internal_count=20563 13690 13042 11620 1422 227 90 7346 1195 6873 5532 228 185 137 641 334 4274 5304 1565 359 248 1206 1168 314 123 191 307 648 613 222 3964 3853 460 355 1341 4083 1015 769 163 129 259 854 161 3393 841 805 753 310 236 2552 85 693 371 389 3263 212 2311 560 186 547 125 133 101 178 135 159 276 235 554 3739 3141 220 180 120 606 3068 2210 1340 497 376 121 802 197 161 364 289 794 246
is_linear=0
shrinkage=0.0337242


Tree=63
num_leaves=89
num_cat=0
split_feature=36 15 44 19 0 4 10 11 4 26 0 18 1 7 40 28 54 43 10 13 4 4 31 0 16 31 36 22 31 54 19 9 31 12 53 31 0 18 45 54 42 19 53 25 52 25 19 41 11 52 31 51 10 9 22 19 52 13 26 1 22 7 18 22 2 52 18 53 4 1 12 19 42 52 22 3 22 16 53 0 4 19 18 49 54 0 31 6
split_gain=9.87684e-05 6.29953e-05 6.84055e-05 5.04288e-05 5.01928e-05 4.46226e-05 4.01361e-05 3.98372e-05 3.96727e-05 3.67976e-05 4.23629e-05 3.63283e-05 3.3659e-05 3.17722e-05 5.2288e-05 3.23066e-05 3.45323e-05 3.67218e-05 3.19433e-05 3.07606e-05 3.07062e-05 4.23607e-05 3.55244e-05 3.49041e-05 3.31722e-05 3.03758e-05 2.91554e-05 2.95177e-05 2.85985e-05 2.70171e-05 4.07443e-05 2.98431e-05 5.31557e-05 3.14544e-05 2.71724e-05 2.68282e-05 4.19629e-05 2.5456e-05 2.98596e-05 2.4453e-05 2.82001e-05 2.40672e-05 3.12486e-05 2.38449e-05 2.53248e-05 4.21295e-05 2.5248e-05 3.18358e-05 2.44254e-05 2.35249e-05 2.34529e-05 3.56559e-05 4.48564e-05 3.9748e-05 3.61194e-05 3.38187e-05 2.56215e-05 2.95534e-05 2.29477e-05 2.25088e-05 3.24496e-05 2.24718e-05 2.74892e-05 2.86365e-05 2.74955e-05 2.22819e-05 2.22167e-05 2.19974e-05 2.18394e-05 2.45378e-05 2.29544e-05 2.16755e-05 2.1472e-05 2.42106e-05 2.13266e-05 2.1275e-05 2.11539e-05 2.11394e-05 2.08524e-05 2.24445e-05 2.07898e-05 2.07159e-05 1.98703e-05 1.95003e-05 1.94574e-05 1.9176e-05 2.02246e-05 1.88985e-05
threshold=-0.0016625115394608423 0.033233499494945362 0.0075244587372045322 0.036748927727460419 121.50000000000001 -0.0040773927299451625 -2.7124060150375935 -0.68988549618320605 -0.0024803550228955844 0.00081787277823867704 408.50000000000006 0.41607111461739726 2335.7034383793448 0.28835407304989064 0.0065412962784677795 0.99958351380790789 -2.3995209823588541 -0.0018501403436708694 -1.7058270676691725 -0.30380695473444513 -0.17361071852563739 -0.17933461473231946 125.50000000000001 9.5000000000000018 0.9671052631578948 111.50000000000001 0.0018132381177831116 -0.98953547266741426 234.50000000000003 -30.593597602763296 -6.1231088937066707 -0.75381679389312961 12.500000000000002 -0.60591603053435106 23.310645746138871 24.500000000000004 329.50000000000006 -0.2853132579553691 0.0034188134087614901 -20.11292372820196 0.0032599858654239759 -3.4869657367887039 67.414910883527071 -0.50336020902389966 0.28719961038599889 -0.98127393855887368 2.3906006209800528 0.0021390398799392423 -0.61164122137404575 0.360630730652578 114.50000000000001 44.444444444445502 -1.3186090225563905 -0.57919847328244256 -0.91699964217557239 1.4854535854793485 0.24342507069695665 -0.20158486871712886 0.0039850069742390403 81.406772596776932 -0.93116609634114222 1.4288008411107274 0.0081275385089140621 -0.59152137107553382 0.30761672472610252 0.39864065729211123 0.14272839920150535 22.006299180260154 -0.0014062411668268411 42.538543221903957 -0.76622137404580137 0.50607482713051521 0.0015810286559881927 0.14620052415815857 -0.98470357696469824 -0.46173087990736111 -0.86257733077674459 0.97838345864661658 20.336142789545612 30.500000000000004 -0.70876674769630832 -1.6758041570233073 -0.25935755099897456 50.001449457178623 2.8883310689565174 116.50000000000001 133.50000000000003 45.750000000000007
decision_type=2 8 2 2 2 2 2 10 2 10 2 8 2 8 2 2 2 2 2 10 2 2 2 2 2 2 2 10 2 2 2 10 2 10 2 2 2 10 2 2 2 2 2 2 2 2 2 2 10 2 2 2 2 8 10 2 2 10 10 2 10 10 8 10 2 2 10 2 2 2 8 2 2 2 8 2 10 2 2 2 2 2 8 2 2 2 2 8
left_child=4 2 8 20 11 6 25 -4 26 10 -6 12 66 14 15 16 71 18 -18 59 21 22 29 24 41 -5 50 -28 37 -3 -31 39 33 -33 -34 36 68 38 -24 -32 -41 42 74 44 46 48 -15 -48 -46 -50 51 52 -2 -53 -54 56 -55 -58 65 -19 -61 62 78 -64 -65 -45 87 -52 69 -25 -71 85 -36 -74 -22 -30 -62 -13 79 -37 -78 -39 -11 -72 -68 86 -8 -1
right_child=1 3 7 5 9 -7 13 -9 -10 82 -12 77 -14 43 -16 -17 17 19 -20 -21 23 -23 28 35 -26 -27 27 -29 75 30 31 32 34 -35 72 61 -38 81 -40 40 -42 -43 -44 58 45 -47 47 -49 49 -51 67 53 54 55 -56 -57 57 -59 -60 60 76 -63 63 64 -66 -67 84 -69 -70 70 83 -73 73 -75 -76 -77 80 -79 -80 -81 -82 -83 -84 -85 -86 -87 -88 -89
leaf_value=9.7203849448492832e-06 0 -1.8525431706518223e-05 -9.2624278483479135e-06 -3.443485844045679e-05 -3.4820310232505574e-05 3.3294363807636493e-05 6.4531256713000747e-06 -6.4894051355744153e-05 2.2110811062204052e-05 -1.4654066200957228e-05 7.2196777614616421e-06 1.3571111523224535e-05 -2.6746949690412497e-05 1.6970225024272166e-06 4.0069176567463713e-05 -3.0753066253652597e-05 4.934809802150943e-05 0 7.5894381343556549e-06 3.587854033973603e-06 1.6130275016008406e-05 -3.2123074108761802e-05 -2.2327004564337086e-06 -2.8006667976128087e-05 3.3566705608000567e-05 0 1.1213285059034568e-05 -1.3347602757120725e-05 2.5832506147170226e-05 3.0733598826147765e-05 3.3782743450139968e-05 0 -1.3609744186023819e-05 -4.0361983586864153e-05 3.7011971598216145e-06 -6.5860840250393916e-06 2.4315343066238256e-05 -2.7654977823155999e-05 -3.3180181743741981e-05 1.3635802798787803e-06 2.9794106073158422e-05 5.9751493436322734e-06 2.7349084233535805e-05 7.8321939417203906e-06 -2.0898837676706282e-05 -3.6668598337775107e-05 0 4.5761719333644162e-05 -5.5968347513645671e-06 2.776016844828997e-05 -1.8874035048971035e-05 2.763124790661369e-06 0 -1.8565847682459893e-06 3.2006439418127432e-05 -3.5040800879213171e-05 -4.5225743942889044e-05 0 -4.864941705145166e-06 -3.6482373915471659e-05 1.1335434634349914e-05 6.5316810778538782e-06 -8.2711492021286044e-07 4.3414623654598843e-06 3.2354323337145933e-05 3.5496508587057932e-05 6.3012239773919395e-07 -4.6020227174427681e-06 3.2167721877980845e-06 -2.946753439273914e-05 -9.0491515849650876e-06 -1.1661764750774192e-05 7.1611502777806655e-06 -2.4093356409949789e-05 -8.0306113339934809e-06 -1.6920630018690276e-06 -2.8931231144448818e-05 3.8913091742501357e-05 -7.2230605557707302e-06 2.2930978779419505e-05 1.2276667980187772e-06 -1.1235797410228423e-05 7.83563711461166e-06 2.211288158680505e-05 -2.8501117802013817e-05 -2.5495932878201475e-05 -5.7487113545346675e-06 -6.7678512335499756e-06
leaf_weight=859 381 87 34 59 77 53 300 34 63 56 37 640 35 956 37 39 34 293 73 1718 44 61 535 145 43 57 57 603 35 50 36 34 161 66 725 53 34 123 39 424 45 1128 35 1680 44 50 40 35 45 44 143 402 57 251 114 64 39 35 151 57 50 404 1017 151 60 36 87 1276 59 38 68 365 40 72 407 342 54 45 1068 57 39 480 198 34 34 35 318 80
leaf_count=859 381 87 34 59 77 53 300 34 63 56 37 640 35 956 37 39 34 293 73 1718 44 61 535 145 43 57 57 603 35 50 36 34 161 66 725 53 34 123 39 424 45 1128 35 1680 44 50 40 35 45 44 143 402 57 251 114 64 39 35 151 57 50 404 1017 151 60 36 87 1276 59 38 68 365 40 72 407 342 54 45 1068 57 39 480 198 34 34 35 318 80
internal_value=7.42494e-10 -7.92804e-07 -4.82786e-06 1.65337e-07 6.84889e-06 2.35067e-06 2.0879e-06 -3.84997e-05 -4.14311e-06 -4.31129e-06 -2.03279e-05 9.21046e-06 5.26457e-06 2.45223e-06 1.81001e-07 -2.27653e-07 1.00236e-07 2.4024e-06 2.17619e-05 1.42179e-06 -1.59833e-06 -4.07906e-06 -3.53038e-06 9.95473e-08 4.08881e-06 -1.74724e-05 -4.6547e-06 -1.108e-05 -7.23796e-06 -1.6357e-07 7.44371e-07 -1.30742e-07 -3.31023e-06 -2.67855e-05 -8.61144e-07 -1.9436e-06 -1.03997e-05 -9.83284e-06 -4.5038e-06 6.59088e-06 4.29756e-06 3.24357e-06 -2.89751e-06 4.9361e-06 1.16154e-06 -1.02735e-05 3.28498e-06 2.22373e-05 0 9.80824e-06 -3.08433e-06 3.88979e-08 6.6876e-06 -4.47871e-06 2.10407e-05 -1.2211e-05 -7.4179e-06 -2.49751e-05 7.3387e-06 -5.93043e-06 -1.46524e-05 -7.71694e-07 -2.0382e-06 1.42968e-06 1.27653e-05 8.46889e-06 6.41274e-06 -6.10841e-06 -1.41118e-05 -1.80382e-05 -7.02337e-06 -5.04687e-06 1.47562e-06 -1.2068e-05 -5.45913e-06 6.06889e-07 -5.27497e-06 1.5377e-05 -5.73533e-06 7.83042e-06 -1.52446e-05 -1.47453e-05 2.49673e-06 3.9058e-07 -6.75671e-06 -1.2014e-06 1.81061e-08 8.2127e-06
internal_weight=20563 18415 3553 14862 2148 6662 6609 68 3485 368 114 1780 1095 6493 3412 3375 3336 2318 107 2211 8200 3355 3294 4845 1657 116 3422 660 1554 1740 1653 1603 1098 100 998 3188 378 1177 574 505 469 1614 486 3081 1214 183 1031 75 133 89 2762 1343 552 791 171 389 325 74 1867 493 200 2810 2406 1228 211 1716 1060 1419 344 285 140 1018 837 112 451 377 143 685 1178 110 93 603 254 102 121 653 618 939
internal_count=20563 18415 3553 14862 2148 6662 6609 68 3485 368 114 1780 1095 6493 3412 3375 3336 2318 107 2211 8200 3355 3294 4845 1657 116 3422 660 1554 1740 1653 1603 1098 100 998 3188 378 1177 574 505 469 1614 486 3081 1214 183 1031 75 133 89 2762 1343 552 791 171 389 325 74 1867 493 200 2810 2406 1228 211 1716 1060 1419 344 285 140 1018 837 112 451 377 143 685 1178 110 93 603 254 102 121 653 618 939
is_linear=0
shrinkage=0.0337242


Tree=64
num_leaves=89
num_cat=0
split_feature=25 42 15 55 37 24 25 11 8 1 37 45 50 47 37 10 44 48 54 6 9 17 18 48 10 1 18 9 55 30 21 7 40 12 12 40 40 12 21 3 37 54 5 55 9 0 2 44 18 40 0 55 18 11 50 51 48 51 1 47 38 11 12 50 3 42 7 51 43 0 45 10 3 42 18 3 42 2 37 53 1 43 21 5 2 17 9 53
split_gain=9.99672e-05 6.79173e-05 5.53654e-05 5.21054e-05 4.77779e-05 4.07676e-05 3.64335e-05 3.43395e-05 6.44529e-05 3.47653e-05 3.44725e-05 3.28833e-05 3.27359e-05 3.17596e-05 2.80204e-05 3.42988e-05 2.97776e-05 2.85872e-05 4.45276e-05 2.71444e-05 2.70011e-05 3.21005e-05 3.9516e-05 3.86912e-05 2.66986e-05 2.54913e-05 2.77068e-05 4.20032e-05 3.19781e-05 2.62326e-05 2.48665e-05 2.33864e-05 2.30541e-05 2.22277e-05 2.28534e-05 2.18306e-05 4.26529e-05 2.8747e-05 2.77776e-05 2.56571e-05 2.10655e-05 2.10525e-05 2.25595e-05 2.09772e-05 2.36435e-05 1.99336e-05 1.97917e-05 2.31048e-05 4.80378e-05 2.28992e-05 3.04284e-05 2.58608e-05 2.43746e-05 2.20047e-05 1.9758e-05 2.27159e-05 2.76951e-05 2.25453e-05 2.82719e-05 2.14681e-05 1.90289e-05 2.29477e-05 5.60148e-05 1.86931e-05 2.80698e-05 2.73473e-05 2.2056e-05 2.19973e-05 2.18483e-05 2.23393e-05 2.14404e-05 2.10174e-05 1.89329e-05 1.84232e-05 4.04283e-05 2.34827e-05 2.98083e-05 2.16038e-05 1.87758e-05 1.87546e-05 1.82158e-05 1.8202e-05 1.79535e-05 1.86608e-05 1.77829e-05 2.89468e-05 1.77533e-05 1.75546e-05
threshold=-0.49874372113721172 0.0081312011565942716 0.026741425110144032 -2097.4999999999995 0.0038167938931298333 -4000.749999999985 -0.99062798670629226 -0.014312977099236639 0.17499999999999719 33.047478104378065 -0.0021482301905949015 -0.0042171862008865682 61.111111111110802 38.46153846154013 0.0030511078011544739 -1.3016917293233081 0.0032520325203252436 60.6802675801489 4.6464294355923101 -1.0000000180025095e-35 -0.26622137404580148 -0.061402899271525105 -0.54028972627981287 78.958182423615213 -0.51973684210526294 131.19744600068279 -0.50304081868234862 -0.4608778625954198 39548.500000000007 16.500000000000004 0.19198770083528802 1.0196217162115453 0.0043149996276160571 -0.90171755725190827 -0.86545801526717547 0.0034188134087614901 0.0047327945046945494 -0.68606870229007622 -0.2367471377546192 -0.20557446679916055 0.0032206202676070554 -29.423880272042577 0.22323950221114472 51841.500000000007 -0.32347328244274803 9.5000000000000018 0.23496344988594861 0.0043525622809510453 -0.22110343465240459 -0.0019980039920159949 16.500000000000004 328.50000000000006 -0.070884761102611035 -0.62118320610687017 66.666666666667865 34.786324786325046 34.530315159018507 55.555555555554612 615.58555431131037 166.66666666667422 -0.0031974440894568796 -0.38645038167938922 -0.33683206106870223 16.66666666666838 -0.50640374360263352 -0.003729025679058084 0.50484646848715298 100.00000000000045 0.0013522656621439701 6.5000000000000009 0.003158726199384732 -2.2095864661654128 0.27732880528351783 -0.0017969466437621759 -0.39985357724106363 -0.25881174205126839 -0.0032232091839384798 -0.33178151675851325 0.0021436251849537018 23.64646387144197 131.63628753022297 0.0043149996276160571 -0.83825495038584996 -0.27838806302446173 -0.41483760918081475 -0.56800927415815794 -0.23854961832061067 37.510585630843572
decision_type=2 2 10 2 2 10 2 8 10 2 2 2 2 2 2 2 2 2 2 8 8 8 8 2 2 2 10 10 2 2 2 10 2 10 10 2 2 10 2 2 2 2 2 2 10 2 2 2 8 2 2 2 10 10 2 2 2 2 2 2 2 10 10 2 2 2 10 2 2 2 2 2 2 2 10 2 2 2 2 2 2 2 2 2 2 8 8 2
left_child=1 3 11 5 7 13 -6 10 9 -9 -5 -2 -8 -1 35 17 -17 19 40 -16 21 23 -23 41 25 31 27 28 -27 -28 46 -24 -14 45 -35 63 37 38 39 -37 -19 42 -4 44 82 -7 47 49 -49 -25 51 -51 -53 -54 55 -13 -57 58 86 -56 61 -43 -63 64 -12 -65 68 72 70 -70 -67 -66 -68 74 75 -22 -77 -76 -75 -79 -72 -36 -31 -84 -38 -86 -58 -85
right_child=2 -3 20 4 6 33 12 8 -10 -11 14 54 32 -15 15 16 -18 18 -20 -21 73 22 24 30 -26 26 29 -29 -30 43 -32 -33 -34 34 81 36 84 -39 -40 -41 -42 60 -44 -45 -46 -47 -48 48 -50 50 -52 52 53 -55 59 56 57 -59 -60 -61 -62 62 -64 65 71 66 67 -69 69 -71 80 -73 -74 78 77 76 -78 79 -80 -81 -82 -83 83 87 85 -87 -88 -89
leaf_value=-4.1840346221587491e-05 2.6261998214405257e-05 -3.936421468033213e-05 -1.3793761481279606e-05 -2.7051805457868438e-05 3.5196231829299491e-05 -3.8179987688725025e-05 2.3188703251015844e-05 -2.5433933649208945e-05 5.3863909874643974e-05 1.1670306646563659e-05 1.6336832351374129e-05 -7.2566267340526743e-06 -2.7963464730712649e-05 -1.3363625139313005e-05 -2.5335299235529653e-06 -4.9938070021481975e-05 -8.6897938567199686e-06 -6.5891567585435178e-06 0 2.7777849580566798e-05 -3.0582527321788485e-06 -1.7565447450577152e-05 2.290414539161442e-06 2.7830984817838623e-05 -2.0339481414202481e-05 2.6273100540475553e-05 2.376854407563608e-05 4.9855844679638127e-05 -2.8610381351513883e-06 -9.3901492391232819e-06 2.7354946536751518e-05 1.6637125013105248e-05 5.6621358067024275e-06 1.7442681689988668e-05 -3.5678579566046292e-06 1.1142002910968727e-05 4.1129687197522669e-06 -4.7362656828249861e-08 7.6395285772520932e-06 5.3001872074028723e-05 -3.9865480432305814e-05 1.868020155051659e-05 1.0202708459684784e-05 -1.1490471352628624e-05 -1.4473960511158349e-05 -8.0023319124769382e-06 -4.1127711937188741e-06 3.3997167036614662e-06 5.3646378693510341e-05 1.6599325369495596e-05 1.1051910231717181e-05 0 0 -3.4954633549327567e-05 -1.6145617285936751e-05 -1.0503337163259269e-05 2.088269856597636e-05 -8.2336257050919734e-07 4.557747989159295e-05 5.8599127816500022e-06 6.3417324913410146e-07 -3.5815311732428684e-05 1.6915149771955559e-05 -2.8614373957326982e-05 4.6845641263882779e-06 -5.3073471767547076e-07 -1.4411191986766021e-06 2.2331215533415199e-05 -1.78158523219297e-05 -4.9481468412395808e-06 0 -1.7232366965207309e-05 5.9423578690408215e-06 -1.6119852805216054e-06 -1.9890340545958892e-05 2.9694330305090531e-05 4.0436131956171213e-06 1.3423803899109514e-05 -2.1795695204638784e-05 -1.1507305357302914e-06 -2.7676038045691428e-05 -2.9043235465661356e-05 2.9271632609191625e-05 0 0 -3.9907447831885686e-05 -8.7479749623593533e-06 1.822433075659345e-05
leaf_weight=74 36 59 208 67 64 44 61 38 34 113 38 560 40 154 191 43 50 41 132 40 63 67 748 54 34 103 119 56 64 37 69 163 47 53 485 37 46 114 102 46 76 150 52 66 42 84 175 61 38 78 453 319 39 50 312 98 55 93 37 53 3809 36 62 44 53 2134 1655 53 187 1175 38 271 517 1912 61 131 101 117 55 667 63 36 76 133 36 42 34 124
leaf_count=74 36 59 208 67 64 44 61 38 34 113 38 560 40 154 191 43 50 41 132 40 63 67 748 54 34 103 119 56 64 37 69 163 47 53 485 37 46 114 102 46 76 150 52 66 42 84 175 61 38 78 453 319 39 50 312 98 55 93 37 53 3809 36 62 44 53 2134 1655 53 187 1175 38 271 517 1912 61 131 101 117 55 667 63 36 76 133 36 42 34 124
internal_value=-4.17873e-07 -3.17288e-06 1.5879e-06 -2.9139e-06 -1.98632e-06 -1.04779e-05 1.37326e-05 -2.445e-06 1.18034e-05 1.69268e-06 -2.8198e-06 -5.01842e-06 3.79792e-06 -2.303e-05 -2.58167e-06 -9.77973e-06 -2.88009e-05 -5.89299e-06 -1.38789e-05 2.29677e-06 2.39413e-06 3.49197e-06 7.39421e-06 2.21025e-06 8.39646e-06 9.01672e-06 1.34019e-05 2.38339e-05 1.45291e-05 9.34327e-06 7.23264e-06 4.96349e-06 -8.68692e-06 -6.26345e-06 -3.22562e-06 -1.94701e-06 5.39553e-06 1.24443e-05 2.06643e-05 3.5506e-05 -2.90307e-05 6.3356e-07 -8.6227e-06 5.54982e-06 8.51418e-06 -1.91311e-05 6.0605e-06 7.77934e-06 2.36627e-05 6.09846e-06 4.74573e-06 -9.33369e-07 -4.52212e-06 -2.01302e-05 -6.00293e-06 -3.11149e-06 3.90623e-06 1.07957e-05 2.01388e-05 -1.26855e-05 1.25059e-06 1.03283e-05 -1.46894e-06 -2.46123e-06 -9.96567e-06 -1.98164e-06 -1.76376e-06 8.40766e-07 -3.40171e-06 -6.78583e-06 -1.2962e-06 -1.33489e-05 2.71864e-07 -2.19539e-07 3.15682e-06 1.39176e-05 1.89441e-05 -4.85519e-07 -2.22549e-06 9.01009e-07 -1.65124e-05 -5.51368e-06 1.13849e-05 1.39835e-05 -1.08215e-05 -2.08683e-05 8.47708e-06 9.08638e-06
internal_weight=20547 8677 11870 8618 7688 930 212 7476 185 151 7291 1278 148 228 7224 573 93 480 249 231 10592 7485 1832 5653 1765 1731 820 223 167 597 1336 911 87 702 574 6651 423 299 185 83 117 4317 260 478 412 128 1267 1092 99 993 939 486 408 89 1242 877 317 219 126 365 4057 248 98 6228 362 5866 5822 2225 3597 1362 2235 324 2172 3107 1140 295 232 845 1967 784 101 521 370 333 124 78 89 257
internal_count=20547 8677 11870 8618 7688 930 212 7476 185 151 7291 1278 148 228 7224 573 93 480 249 231 10592 7485 1832 5653 1765 1731 820 223 167 597 1336 911 87 702 574 6651 423 299 185 83 117 4317 260 478 412 128 1267 1092 99 993 939 486 408 89 1242 877 317 219 126 365 4057 248 98 6228 362 5866 5822 2225 3597 1362 2235 324 2172 3107 1140 295 232 845 1967 784 101 521 370 333 124 78 89 257
is_linear=0
shrinkage=0.0337242


Tree=65
num_leaves=89
num_cat=0
split_feature=20 20 19 43 31 1 40 17 31 31 20 40 1 4 8 16 22 40 18 45 27 31 22 4 1 36 55 31 27 2 52 4 55 21 22 23 26 16 54 39 23 50 4 26 30 23 47 12 29 18 31 20 24 1 10 55 52 17 27 50 6 55 19 41 12 55 18 29 31 54 30 52 19 31 29 16 19 16 26 54 39 55 26 28 3 20 31 54
split_gain=0.000164026 6.35136e-05 7.15492e-05 6.15543e-05 5.27018e-05 9.76464e-05 8.00598e-05 6.15728e-05 4.79311e-05 4.78609e-05 3.99342e-05 4.98475e-05 4.64675e-05 4.58317e-05 6.61431e-05 5.3386e-05 4.53135e-05 3.79661e-05 3.343e-05 3.15944e-05 4.12341e-05 3.13077e-05 6.98335e-05 6.95538e-05 9.54439e-05 4.07993e-05 3.72395e-05 3.25608e-05 3.03681e-05 2.9714e-05 2.93964e-05 2.76626e-05 2.6936e-05 3.41183e-05 3.88962e-05 2.54284e-05 3.57057e-05 2.80396e-05 2.49845e-05 2.46198e-05 2.36629e-05 2.47098e-05 2.36596e-05 3.50744e-05 3.41591e-05 4.20333e-05 2.87773e-05 2.29827e-05 3.5749e-05 4.90723e-05 5.92291e-05 2.59302e-05 3.57044e-05 2.58121e-05 2.266e-05 2.25857e-05 2.22822e-05 2.18093e-05 2.16894e-05 2.16171e-05 2.156e-05 2.23065e-05 2.34657e-05 2.20255e-05 2.10071e-05 2.01218e-05 2.00954e-05 1.93934e-05 1.9302e-05 2.60326e-05 2.25629e-05 2.19115e-05 2.13826e-05 2.14853e-05 2.30922e-05 2.65579e-05 1.9193e-05 1.91618e-05 1.87594e-05 1.84835e-05 1.84825e-05 2.04464e-05 2.08533e-05 3.09165e-05 1.8231e-05 1.78406e-05 3.11089e-05 2.17684e-05
threshold=0.73716117216117227 10.577380952380954 0.072977206469138536 0.0083635003654304336 30.500000000000004 372.31641329646357 0.0010106116779523557 -0.056358064421754762 239.50000000000003 35.500000000000007 0.076230831315577091 -0.0013956740920813557 1334.1072246505275 -0.88662445587653338 2.2500000000000004 0.82800751879699253 -0.91313812022900753 -0.0016597521804047053 -0.18738485406899474 0.003158726199384732 -40.052951019956147 12.500000000000002 -0.80130099318722803 -0.66849101136299394 251.91811166156495 -0.0012202567080615843 49939.500000000007 24.500000000000004 -1.4012410848872903 -0.45259282440499787 0.16771774418257981 -0.0032435411837865333 54608.000000000007 -0.033341284309180194 -0.72084027960574415 0.099999999999999659 -0.0065428669193264505 0.58552631578947378 9.3868357964928322 0.0050922999627235352 0.049999999999998941 3.9553545623978919e-13 -0.56065916671377669 0.00492831675136757 18.500000000000004 0.19999999999999932 -94.01709401708132 -0.55057251908396931 10.500000000000002 0.51956774889350299 31.500000000000004 18.017241379310349 -40000.499999999993 631.68192192832782 -1.4313909774436089 51841.500000000007 0.35784695031121333 -0.090900280857786467 178.63088245134691 83.333333333334224 -54.749999999999993 293.50000000000006 2.3906006209800528 0.0016220610831632067 -0.44942748091603046 12703.500000000002 -0.33375359950758782 9.5000000000000018 125.50000000000001 -30.593597602763296 18.500000000000004 0.16347123458509988 -6.7361877645009818 91.500000000000014 18.500000000000004 0.45864661654135347 2.0722347036662545 0.10432330827067669 0.0023979647524262813 -0.37001821442862676 -0.002461539393719125 30598.500000000004 -0.0056005585894267698 -0.4999125181208447 0.46841142676938519 2.7312382739212011 210.50000000000003 -9.8032026341548484
decision_type=2 2 2 2 2 2 2 8 2 2 2 2 2 2 8 2 10 2 10 2 10 2 10 2 2 2 2 2 10 2 2 2 2 2 10 10 10 2 2 2 10 2 2 8 2 10 2 10 2 8 2 2 10 2 2 2 2 8 10 2 10 2 2 2 10 2 10 2 2 2 2 2 2 2 2 2 2 2 8 2 2 2 8 2 2 2 2 2
left_child=3 2 17 10 5 7 -7 59 30 -6 11 -1 28 65 21 16 -16 18 29 40 60 22 23 24 -15 27 39 -23 35 57 80 42 33 34 55 37 -37 56 -29 68 -11 -42 64 -44 45 46 -45 48 51 50 -50 -32 -53 -49 -30 -28 -13 -2 -33 -4 -21 -62 63 -63 -19 -12 -14 -60 69 -27 71 -70 -71 77 76 -76 -75 79 -31 -74 -3 82 -82 -84 -34 -20 -87 -88
right_child=1 8 4 -5 9 6 -8 -9 -10 19 13 12 66 14 15 -17 -18 31 85 20 -22 25 -24 -25 -26 26 32 38 54 78 47 58 84 -35 -36 36 -38 -39 -40 -41 41 -43 43 44 -46 -47 -48 53 49 -51 -52 52 -54 -55 -56 -57 -58 -59 67 -61 61 62 -64 -65 -66 -67 -68 -69 70 72 -72 -73 73 74 75 -77 -78 -79 -80 -81 81 -83 83 -85 -86 86 87 -89
leaf_value=-4.9075687734445822e-05 4.3738862074362654e-05 -1.3807253790376435e-05 -1.9180143314108153e-06 -3.7595125468905707e-05 4.3116934331707901e-05 -1.1352199061335143e-05 5.8477401303431487e-05 -6.4689034812363228e-05 -3.0585092853954294e-06 1.9898588648493636e-06 4.1369970245091243e-05 -4.8997731489445524e-06 -5.1430603142573477e-05 -1.8202669901139704e-05 -6.6808257396754614e-05 6.540922099800099e-06 -1.6166769944031509e-05 3.4070839294884958e-05 -4.1080212197917508e-06 -6.4129455237615098e-06 4.0532682719270858e-05 3.6314886950934652e-05 -5.2056573188829297e-05 -3.1379561289287623e-05 5.7643532267016171e-05 -2.2960380258446605e-05 -9.1303609283713017e-08 0 -4.7729586932883748e-05 9.3010809055526224e-06 -1.0561243835293901e-05 3.3389587181538657e-07 0 1.4205132056941892e-06 5.4282627277926826e-05 4.7374163150456277e-06 -3.4710053201177294e-05 2.7463550414729499e-05 1.6287861859470061e-05 -3.3665540085925808e-05 -5.8301865729214656e-06 1.1465010977255849e-05 -1.8939134211093272e-06 -5.5697752367930231e-05 7.6138223533710131e-06 1.1410147837308131e-05 -1.9587790146547181e-05 6.6169226176478374e-06 0 5.6424505993083398e-05 4.4469244521042788e-05 0 4.5491794761215554e-05 3.8450321539184743e-05 -8.824202366832356e-06 3.0025438540780433e-05 2.0237672111890401e-05 1.0165094195100596e-05 7.1035216388924845e-06 -3.4784553756789227e-05 -6.265369513320879e-06 3.0812123601885064e-05 4.5041391575425105e-05 0 0 3.2291224562924333e-06 -1.5484402612004777e-05 3.8544464066456767e-05 -5.3051338616092294e-06 1.9886435744933844e-05 -2.1688280081439849e-06 -1.3775071175756984e-05 2.6287906033279754e-05 -2.922903095482707e-06 3.730295420111173e-05 5.6056627821827502e-06 2.1451775957520825e-05 -6.1115420070440579e-06 -3.4952885729947431e-06 -7.0831491384205944e-07 2.9746865870062729e-05 0 2.6869858035323016e-05 -2.3004471726876184e-06 -1.4435779466342218e-05 1.0525139444479203e-05 -3.0308242587394256e-05 3.637017242906261e-06
leaf_weight=36 47 49 86 62 43 35 36 35 306 1203 37 799 38 37 43 34 50 38 574 61 68 38 47 58 36 66 65 483 34 540 48 166 1197 287 34 36 68 34 139 34 99 779 5344 37 56 34 138 330 81 66 61 45 35 34 50 43 41 60 67 35 36 46 39 71 36 38 54 43 859 52 917 655 41 536 39 186 39 1121 159 76 72 212 60 117 109 295 41 36
leaf_count=36 47 49 86 62 43 35 36 35 306 1203 37 799 38 37 43 34 50 38 574 61 68 38 47 58 36 66 65 483 34 540 48 166 1197 287 34 36 68 34 139 34 99 779 5344 37 56 34 138 330 81 66 61 45 35 34 50 43 41 60 67 35 36 46 39 71 36 38 54 43 859 52 917 655 41 536 39 186 39 1121 159 76 72 212 60 117 109 295 41 36
internal_value=-4.04344e-07 2.15918e-06 1.20688e-06 -3.94274e-06 5.96509e-06 -9.39201e-06 2.2693e-05 -2.46144e-05 8.61772e-06 7.43042e-06 -3.68848e-06 -9.4558e-06 -8.13606e-06 -2.74746e-06 -3.02786e-06 -2.72339e-05 -4.0621e-05 -4.29396e-07 3.918e-06 6.75132e-06 1.67357e-05 -2.5871e-06 -1.66386e-05 -3.19347e-06 1.78769e-05 -2.21682e-06 -3.05546e-06 5.71308e-06 -6.03123e-06 8.96914e-06 1.16504e-05 -1.72379e-06 1.11256e-06 8.47348e-06 2.20477e-05 -4.24114e-06 -2.01258e-05 -2.24038e-06 3.68811e-06 -4.64131e-06 5.16476e-06 9.40478e-06 -2.24368e-06 -2.50859e-06 -1.45395e-05 -2.09378e-05 -2.77748e-05 1.62055e-05 2.27964e-05 3.15909e-05 1.93678e-05 7.75026e-06 1.99454e-05 9.85593e-06 -2.57224e-05 1.10047e-05 -3.55775e-06 2.58158e-05 8.63078e-06 -1.22237e-05 9.95762e-06 1.56621e-05 2.13419e-05 1.26159e-05 1.65299e-05 2.33341e-05 -3.13824e-05 2.02728e-05 -4.4051e-06 -2.01652e-06 -6.48372e-06 -9.03332e-06 -1.30889e-06 -1.89712e-06 2.3301e-06 1.15295e-05 -1.10156e-06 -4.70684e-06 6.25204e-06 7.92578e-06 5.20891e-06 7.43983e-06 1.39953e-05 7.04171e-06 -1.23137e-06 -2.83444e-07 5.35809e-06 -1.31825e-05
internal_weight=20547 11899 10383 8648 2672 227 71 156 1516 2445 8586 1190 1154 7396 7321 127 93 7711 1752 2402 321 7194 178 131 73 7016 6356 660 1062 806 1210 5959 1735 429 142 978 104 874 622 4621 2081 878 5683 5609 265 209 175 700 336 208 142 128 80 364 84 108 840 107 276 121 253 192 156 117 74 75 92 110 4587 2156 2431 1514 2090 2038 800 225 575 1238 699 117 510 461 249 177 1306 946 372 77
internal_count=20547 11899 10383 8648 2672 227 71 156 1516 2445 8586 1190 1154 7396 7321 127 93 7711 1752 2402 321 7194 178 131 73 7016 6356 660 1062 806 1210 5959 1735 429 142 978 104 874 622 4621 2081 878 5683 5609 265 209 175 700 336 208 142 128 80 364 84 108 840 107 276 121 253 192 156 117 74 75 92 110 4587 2156 2431 1514 2090 2038 800 225 575 1238 699 117 510 461 249 177 1306 946 372 77
is_linear=0
shrinkage=0.0337242


Tree=66
num_leaves=89
num_cat=0
split_feature=20 42 20 13 31 30 1 31 9 29 8 29 31 21 1 38 1 20 26 1 31 31 4 1 41 13 55 20 10 31 12 13 1 43 43 31 10 31 30 7 42 3 12 1 49 38 48 17 44 15 42 54 10 31 15 36 8 21 42 55 41 6 9 3 49 20 20 50 30 11 38 20 31 48 20 39 10 31 31 7 3 17 20 4 38 48 6 44
split_gain=0.000134279 9.66723e-05 5.49381e-05 5.3435e-05 4.85397e-05 5.37098e-05 4.70026e-05 7.29882e-05 5.22582e-05 5.05538e-05 4.97766e-05 4.90838e-05 7.33851e-05 6.49229e-05 4.5909e-05 4.44677e-05 4.15725e-05 4.11652e-05 3.86874e-05 3.65015e-05 3.58621e-05 4.50095e-05 5.68322e-05 8.34519e-05 3.52595e-05 3.51689e-05 3.4463e-05 3.41263e-05 3.81502e-05 3.30097e-05 3.29506e-05 3.24342e-05 3.04903e-05 4.27541e-05 4.18888e-05 3.03196e-05 5.16405e-05 3.37573e-05 3.0485e-05 3.03018e-05 2.95991e-05 4.23259e-05 2.95021e-05 2.93113e-05 2.91465e-05 2.76266e-05 3.30809e-05 3.30126e-05 6.71806e-05 2.75025e-05 2.887e-05 3.51306e-05 3.21304e-05 2.86056e-05 2.70949e-05 2.65818e-05 2.64357e-05 2.62626e-05 2.76348e-05 2.49489e-05 2.4886e-05 2.78166e-05 2.48592e-05 2.47461e-05 2.47006e-05 2.70886e-05 2.46766e-05 2.43358e-05 2.69786e-05 2.39558e-05 2.68213e-05 2.79142e-05 2.53925e-05 2.37397e-05 2.36651e-05 2.36322e-05 2.2643e-05 2.19799e-05 3.46107e-05 2.19778e-05 2.15604e-05 2.12701e-05 2.01997e-05 2.97056e-05 2.01399e-05 2.2768e-05 3.10325e-05 3.06799e-05
threshold=2.4353400222965447 0.0089907828886440794 0.1038018018018018 -0.56105024281789651 129.50000000000003 18.500000000000004 144.73320359364729 31.500000000000004 -0.8177480916030534 12.500000000000002 -0.05000000000000248 6.5000000000000009 16.500000000000004 -1.0000000180025095e-35 1336.1602026446387 -0.0016012820512820711 258.2966297456349 65.708333333333357 0.0051015754036467485 257.7343483081637 224.50000000000003 30.500000000000004 -0.00066425462151619634 61.458900269820383 -0.0012714563307694158 -0.49594529712447183 52198.500000000007 0.76246546961325989 -1.0216165413533831 234.50000000000003 -0.079198473282442741 -0.092624246861503098 114.95742753623189 0.0025015644555693721 0.0038046939839029297 35.500000000000007 -1.1672932330827064 41.500000000000007 18.500000000000004 0.82905936743864517 0.0031529173183468821 -0.24988022317178557 -0.33683206106870223 79.012095259468339 7.5317590394604403 -0.0027416051261814896 78.048880405013648 -0.3777610368333284 0.0021063723587155807 0.062389499614389304 0.0037174721189591202 12.467942480946851 -0.93609022556390931 212.50000000000003 0.024180090177190649 0.0018639345173573354 -0.10000000000000496 0.28298866060694616 0.0030690545114315797 51841.500000000007 -0.0037558718560001809 41.750000000000007 -0.77958015267175562 0.10279213798237495 1.3743003851007234e-13 1.112399732620321 10.020000000000001 27.77777777777855 17.500000000000004 -0.43606870229007627 -0.0037842985621813758 5.5557275541795681 184.50000000000003 89.214577400680653 1.3887119603680118 0.0021621646891625272 -2.3674812030075181 35.500000000000007 42.500000000000007 0.25417494815070868 0.46841142676938519 -0.044904332816476981 0.51382517838939867 -0.066920119848493401 -0.0015760451079261937 68.601818855118026 45.250000000000007 0.0015710928783704283
decision_type=2 2 2 10 2 2 2 2 8 2 10 2 2 2 2 2 2 2 8 2 2 2 2 2 2 8 2 2 2 2 8 10 2 2 2 2 2 2 2 8 2 2 10 2 2 2 2 10 2 8 2 2 2 2 10 2 10 2 2 2 2 10 10 2 2 2 2 2 2 10 2 2 2 2 2 2 2 2 2 10 2 8 2 2 2 2 8 2
left_child=1 2 14 18 6 19 7 9 16 42 -11 54 13 -13 15 -1 -8 20 -4 27 21 22 25 -24 -19 -2 59 28 40 60 81 -30 33 77 64 36 67 38 -37 56 -6 -42 -5 -20 -26 69 75 -48 -49 57 52 -52 53 -51 79 -22 -27 58 -17 84 -7 82 -31 -16 -34 -66 -58 -23 -69 70 71 -39 -71 -60 -21 80 -56 -9 -79 -10 -47 -12 -62 -84 -14 86 -86 -87
right_child=17 -3 3 4 5 29 8 32 11 10 30 12 26 -15 63 49 -18 24 43 74 55 35 23 -25 44 39 -28 -29 31 62 -32 -33 34 -35 -36 37 -38 45 -40 -41 41 -43 -44 -45 -46 46 47 48 -50 50 51 -53 -54 -55 76 -57 66 -59 73 -61 61 -63 -64 -65 65 -67 -68 68 -70 72 -72 -73 -74 -75 -76 -77 -78 78 -80 -81 -82 -83 83 -85 85 87 -88 -89
leaf_value=-3.8663424939473358e-05 1.9722126578526505e-05 -5.2582839602695967e-05 -6.6167489156477144e-06 -8.0776160964398315e-06 -2.0511754851676277e-06 2.7830406763215083e-05 3.3089526797148101e-05 2.3720579753885771e-05 -3.1559223130938856e-05 -5.5103930135080743e-05 -9.9621644825144198e-06 6.7908675582456908e-05 1.3385815772316123e-05 1.0597286608454325e-05 -3.6288129793457329e-05 -1.345366963910722e-06 9.7290410184539596e-06 4.6884985362118555e-06 -5.647765076964988e-05 -1.2267418914012165e-05 -4.7283691392559503e-08 3.4241753107464045e-05 -4.9260790057574928e-07 6.6402184020361563e-05 1.3028507580923254e-05 2.412199625745893e-05 -1.8971870135323893e-05 1.1149589856894201e-06 -8.5823854491279022e-06 3.1411002876379264e-05 9.6890757222005316e-06 -4.3984659729344171e-05 -2.1647405180122284e-05 1.6633202855586849e-05 -3.5028727331814403e-05 2.3110440705663872e-06 5.5638537693258961e-05 -1.9702176073423682e-05 -2.7526845854868556e-05 -1.3127197470196658e-05 1.3772115746623364e-05 -2.4144437850885812e-05 1.8100802095245033e-05 -8.1408426780153424e-06 4.9665427654949234e-05 4.0740656529962234e-06 0 1.4695660047740667e-05 6.6899688705015486e-05 -9.648289252311332e-06 4.0877626630402923e-05 2.6570040093928058e-07 2.2551974563340989e-05 9.495518990665178e-06 -2.5085186314632421e-05 -2.3333398639873961e-05 -9.2339080269654226e-06 -2.5964369927403879e-05 -2.6038880571141263e-05 3.1313708827020018e-05 -4.0851642650205386e-06 -2.3077518785930924e-05 7.3615203227790158e-06 -2.0297211984984512e-06 -3.3203196086270235e-06 2.4655628310615582e-05 7.6483868666680209e-06 2.3174611860941632e-05 -1.2015162441010148e-05 3.5162171244678709e-05 2.2004191052488335e-05 1.3706129563012527e-05 2.1343495391589113e-06 -3.3097447872982121e-06 -3.2765341821035934e-06 -1.3361705749372313e-05 8.8826814916233408e-07 -1.8087727350175648e-05 2.0427606167155548e-06 -9.6848053080425886e-07 1.5635544048067422e-05 -3.1523631583395104e-05 6.1386121990135524e-06 -1.1353201848832497e-05 1.177442524902368e-06 3.6169663497489934e-05 -2.9272477742408005e-05 2.1042227260804552e-06
leaf_weight=45 67 42 731 139 1427 37 116 50 62 42 139 42 259 59 91 488 441 117 34 799 913 37 49 34 59 47 62 1915 89 62 48 52 58 243 54 100 40 56 59 340 39 158 75 34 58 1791 89 171 36 382 42 69 52 111 40 60 254 90 123 46 599 58 347 41 158 51 156 41 61 113 89 56 43 110 632 77 797 102 1852 59 214 106 837 124 491 48 41 99
leaf_count=45 67 42 731 139 1427 37 116 50 62 42 139 42 259 59 91 488 441 117 34 799 913 37 49 34 59 47 62 1915 89 62 48 52 58 243 54 100 40 56 59 340 39 158 75 34 58 1791 89 171 36 382 42 69 52 111 40 60 254 90 123 46 599 58 347 41 158 51 156 41 61 113 89 56 43 110 632 77 797 102 1852 59 214 106 837 124 491 48 41 99
internal_value=1.46556e-07 -1.43036e-06 -1.28454e-06 -5.80401e-07 -5.08256e-08 -1.9108e-06 2.24173e-06 -5.40765e-07 5.53613e-06 -1.17257e-05 -1.9917e-05 3.04749e-06 7.77469e-06 3.53868e-05 -7.11631e-06 -5.37067e-06 1.47676e-05 4.82278e-06 -9.0453e-06 -3.77285e-06 4.14998e-06 5.56153e-06 -7.74584e-07 2.57456e-05 1.87656e-05 -3.43411e-06 5.01609e-06 -1.96122e-06 -5.35359e-06 2.65328e-06 -1.45432e-05 -2.23241e-05 1.81278e-06 3.23222e-06 -7.82223e-06 7.54556e-06 2.12647e-05 6.6636e-06 -8.15298e-06 -5.50203e-06 -3.82065e-06 -1.61475e-05 6.45396e-07 -3.37307e-05 3.20166e-05 7.56031e-06 6.18157e-06 1.68558e-05 2.42416e-05 -4.28353e-06 7.15817e-07 1.65032e-05 -2.32224e-06 -5.14196e-06 -2.51141e-06 -1.58256e-06 0 -8.44657e-06 -6.12581e-06 6.62576e-06 4.71976e-07 -9.39122e-08 1.12435e-05 -2.63795e-05 -1.95776e-06 3.04388e-06 -2.57465e-06 1.06776e-05 1.18213e-06 1.64734e-05 8.07261e-06 -2.13501e-06 2.6678e-05 -1.57232e-05 -8.36415e-06 4.61758e-06 -2.37518e-07 1.55902e-06 9.42469e-07 -1.74419e-05 5.35627e-06 -1.96853e-05 6.98648e-07 3.78102e-06 5.312e-06 2.08995e-06 -9.8758e-07 1.38852e-05
internal_weight=20666 15439 15397 13753 12954 7175 5779 3117 2662 549 335 2105 1147 101 1644 1512 557 5227 799 5111 4993 4020 947 83 234 864 1046 3680 1765 2064 293 141 2568 2247 321 3073 179 2894 159 797 1624 197 214 68 117 2735 2378 296 207 1467 656 111 545 493 958 973 457 811 721 984 1655 1618 409 132 267 209 410 139 102 357 201 112 156 233 1431 2082 837 2004 1954 121 2005 245 1560 961 938 679 532 147
internal_count=20666 15439 15397 13753 12954 7175 5779 3117 2662 549 335 2105 1147 101 1644 1512 557 5227 799 5111 4993 4020 947 83 234 864 1046 3680 1765 2064 293 141 2568 2247 321 3073 179 2894 159 797 1624 197 214 68 117 2735 2378 296 207 1467 656 111 545 493 958 973 457 811 721 984 1655 1618 409 132 267 209 410 139 102 357 201 112 156 233 1431 2082 837 2004 1954 121 2005 245 1560 961 938 679 532 147
is_linear=0
shrinkage=0.0337242


Tree=67
num_leaves=89
num_cat=0
split_feature=25 44 48 36 0 7 27 4 12 15 48 8 37 0 37 12 9 36 31 48 22 26 39 39 0 8 26 18 18 39 6 48 51 37 3 17 22 26 0 51 44 0 19 48 19 25 26 53 0 0 51 0 49 48 15 13 18 26 44 37 1 11 45 15 51 22 4 28 38 27 9 19 4 6 30 9 31 22 26 19 31 48 11 45 12 31 12 36
split_gain=9.9938e-05 6.07985e-05 6.24024e-05 4.50565e-05 6.53794e-05 5.49839e-05 3.98679e-05 5.55465e-05 3.97447e-05 3.83941e-05 3.68538e-05 3.18747e-05 2.99564e-05 3.43648e-05 2.91191e-05 6.07123e-05 2.77622e-05 3.53991e-05 3.21615e-05 3.28104e-05 4.34381e-05 2.55872e-05 2.47701e-05 2.36817e-05 2.46422e-05 4.33128e-05 2.35746e-05 2.31748e-05 2.77717e-05 4.30912e-05 2.40601e-05 2.31428e-05 2.23681e-05 2.20329e-05 2.1571e-05 2.14841e-05 2.22744e-05 2.12532e-05 2.88233e-05 2.11232e-05 4.05664e-05 2.108e-05 2.09085e-05 2.85229e-05 2.03833e-05 1.96272e-05 2.61995e-05 6.46115e-05 2.17676e-05 2.15431e-05 2.02914e-05 3.51545e-05 2.64976e-05 2.87612e-05 2.81508e-05 3.5724e-05 3.17718e-05 2.21717e-05 2.03458e-05 1.98383e-05 2.42401e-05 2.30455e-05 2.15716e-05 2.23184e-05 2.35829e-05 2.26425e-05 2.15172e-05 1.943e-05 1.9317e-05 1.91656e-05 1.91356e-05 2.7331e-05 4.03326e-05 3.25853e-05 2.60186e-05 2.48612e-05 3.54693e-05 3.01052e-05 2.26856e-05 2.70221e-05 2.74802e-05 2.18924e-05 2.15143e-05 2.06188e-05 2.25893e-05 1.89311e-05 1.87649e-05 2.46763e-05
threshold=-0.49738630924863253 0.0088559521408886361 92.812404898606374 -0.0012961768243919811 145.50000000000003 0.23240004608825901 -270.46682960514516 -0.93329894284583614 -0.086832061068702268 0.024870211233971599 60.008415597705735 3.5000000000000004 -0.0018066862078194854 187.50000000000003 0.0013745710960291204 -0.87118320610687017 -0.10877862595419846 -0.0010085731258747674 211.50000000000003 85.988189002516819 -0.5606899931683843 -0.0070221307682605469 0.0037488317839099454 0.0031545741324922054 540.50000000000011 2.2500000000000004 -0.0017943233236491344 -0.26181938017475753 -0.60578474288865425 0.001668057874234852 49.750000000000007 7.6910032783017055 61.111111111111597 -0.0033955955263461064 -1.0000000180025095e-35 -0.43663511892571893 -0.91313812022900753 0.0010187610537763887 206.50000000000003 33.333333333333378 -0.0013689260348931363 107.50000000000001 -3.4869657367887039 54.560677251873201 -0.18301429015664003 -0.99249815421164045 0.00073567765911970197 43.859442093098259 1307.0000000000002 66.500000000000014 33.333333333333563 408.50000000000006 97.900151336146209 14.293521197300846 0.0087419706878095454 -0.022739815418096814 -0.35345608430030234 -0.0019580382857658511 0.0043956256279464876 -0.0012040943557623527 80.616164491822758 -0.93320610687022887 0.0013670546373334427 0.10369172981844009 99.999999999998565 -0.8204615935114502 -0.41985132002939679 -0.66225165562914678 -0.0012338067619612756 113.38746483697319 -0.43416030534351141 0.027249287750612087 -0.12703516309570917 -47.249999999999993 17.500000000000004 -0.70706106870228991 164.50000000000003 -0.86257733077674459 -0.005207435765550255 -0.017530697576559003 16.500000000000004 22.468220257617716 -0.54484732824427462 0.0015710928783704283 -0.75095419847328226 28.500000000000004 -0.53339694656488545 0.0021528550241008975
decision_type=2 2 2 2 2 10 8 2 8 8 2 10 2 2 2 10 8 2 2 2 8 10 2 2 2 8 10 10 8 2 8 2 2 2 2 10 10 10 2 2 2 2 2 2 2 2 8 2 2 2 2 2 2 2 10 10 10 8 2 2 2 10 2 10 2 10 2 2 2 10 10 2 2 10 2 10 2 10 10 2 2 2 10 2 10 2 10 2
left_child=1 6 -3 4 27 32 7 -1 37 26 -9 45 13 16 -12 -16 17 -11 19 20 39 -17 23 24 25 70 42 28 -2 31 41 -30 -6 -18 -26 -28 -37 -7 -39 -19 44 -29 -5 85 -41 46 59 -48 50 -49 51 57 -52 -54 58 56 -56 -47 -55 68 -61 -62 -63 64 -64 -65 -67 -40 -8 -13 71 73 -73 74 -14 -74 77 -77 79 80 -75 -82 -72 -84 -85 -44 87 -58
right_child=3 2 -4 9 5 8 11 10 -10 12 14 69 22 -15 15 21 33 18 -20 -21 -22 -23 -24 -25 34 -27 35 30 29 -31 -32 -33 -34 -35 -36 36 -38 38 67 40 -42 -43 43 -45 -46 48 47 49 -50 -51 52 -53 53 54 55 -57 86 -59 -60 60 61 62 63 65 -66 66 -68 -69 -70 -71 82 72 75 78 -76 76 -78 -79 -80 -81 81 -83 83 84 -86 -87 -88 -89
leaf_value=-3.069687794290752e-05 -1.3026645771212676e-05 0 -6.4969336826860031e-05 1.828274393157634e-05 -5.548081259798346e-05 -2.7306295390267109e-05 2.3903192449293126e-05 -1.9138744231009677e-06 2.5892953100454037e-05 -1.1112155764174235e-05 6.4047863340483154e-06 -5.1745848162693687e-06 -3.6001293767000441e-05 -1.5529028481847794e-05 6.6317144346063646e-06 7.3555264186828999e-05 -1.7919827786230833e-05 5.4690692730431408e-06 0 -1.0553662785162987e-05 4.9870939439602202e-05 2.5758021386638699e-05 -1.2887437939907178e-05 2.0834383954628793e-05 4.3339724512525729e-07 -3.0735773459783894e-05 -3.5554162078584072e-06 7.0611941114313843e-06 3.1120516480677542e-05 4.8311964382215637e-05 -8.2607960174329609e-06 9.5668989270192707e-06 -1.2025521910495969e-05 6.598426342972882e-06 3.6833870995839849e-05 -2.7959507069254035e-06 -3.2817707695428424e-05 2.0296490427991637e-05 -2.3604032366089565e-05 5.6813009824016932e-05 9.8261594775206876e-06 -1.4943186188901494e-05 7.007449323386698e-06 6.632616204793911e-06 2.4710267158666811e-05 -1.3900628697614924e-05 1.786421177774029e-05 -1.6142425043937305e-05 1.9927975375197508e-05 -5.6939518065678029e-05 -7.1467613776515351e-06 1.9716756329095875e-05 2.3302248263836252e-05 -2.357048003848385e-05 -2.1579120141061848e-06 -4.7048480606196314e-06 -6.3379094132464617e-07 5.9297613254033128e-06 3.7394842629759236e-06 8.1411386918824469e-07 9.6066929842188714e-06 -2.3638977763745816e-06 -1.6292823514987156e-05 -1.0648319260406996e-05 5.9378069361179543e-06 3.0760017015276534e-05 -5.8398541587728851e-07 2.021857196261484e-06 0 -4.3904760157948359e-05 -5.6065061161703207e-06 3.1431028585501716e-06 3.0942504312381827e-06 3.5636556889953865e-05 0 5.3014794707749976e-05 6.1743288271423159e-06 1.6182706062557093e-05 -9.5606747528723873e-07 -6.5952233801039298e-06 -1.9179693578480267e-06 1.4776992216043889e-05 2.1920724366330298e-06 4.3642349652553645e-06 -1.5852952723586241e-05 -1.1864571922697906e-05 2.9412023313941915e-05 3.0495055792893294e-05
leaf_weight=42 48 34 36 53 34 48 70 199 50 65 188 36 50 67 84 34 69 151 147 38 54 34 143 70 44 49 146 1188 65 38 143 1042 34 99 41 51 93 48 63 44 161 49 66 199 87 643 36 42 38 34 1150 40 58 99 156 510 91 64 37 2488 128 1367 441 109 55 40 51 59 83 35 840 1400 119 49 41 61 91 60 1643 117 141 207 1709 93 161 356 91 39
leaf_count=42 48 34 36 53 34 48 70 199 50 65 188 36 50 67 84 34 69 151 147 38 54 34 143 70 44 49 146 1188 65 38 143 1042 34 99 41 51 93 48 63 44 161 49 66 199 87 643 36 42 38 34 1150 40 58 99 156 510 91 64 37 2488 128 1367 441 109 55 40 51 59 83 35 840 1400 119 49 41 61 91 60 1643 117 141 207 1709 93 161 356 91 39
internal_value=1.41725e-07 -2.60856e-06 -3.40137e-05 2.14228e-06 5.80125e-06 -8.05003e-06 -2.34207e-06 6.13486e-06 -8.06984e-07 9.58743e-07 9.1842e-06 -2.96737e-06 1.72401e-06 7.26108e-06 1.59641e-05 2.71516e-05 9.0355e-06 1.18483e-05 1.41784e-05 1.80175e-05 2.03965e-05 5.10782e-05 9.4773e-07 1.24477e-06 1.03251e-06 7.93191e-07 -5.37983e-06 7.64761e-06 1.11473e-05 1.22452e-05 4.55208e-06 1.09198e-05 -3.51747e-05 -2.89623e-06 1.91285e-05 -1.34726e-05 -2.28562e-05 -7.37422e-06 -1.17775e-06 1.65855e-05 2.20031e-05 6.11142e-06 -1.75437e-06 -3.62011e-06 3.62308e-05 -2.7531e-06 -1.41754e-06 -1.75966e-05 -4.91037e-06 -3.56656e-05 -5.25977e-06 -1.01427e-05 -3.5815e-06 1.21907e-07 -1.09784e-06 9.90654e-07 8.95183e-06 -1.19688e-05 -1.54298e-05 -1.02253e-06 -1.43155e-06 -4.02574e-06 -4.91842e-06 -9.79684e-06 -1.36329e-05 0 1.21314e-05 -1.04189e-05 1.08543e-05 -2.56283e-05 1.03524e-06 2.54603e-06 5.73191e-06 4.98571e-08 -1.96713e-05 1.63895e-05 2.33965e-05 3.55498e-05 9.26668e-07 7.13288e-06 1.14222e-05 7.7349e-06 -1.07492e-06 8.14977e-07 -8.07005e-06 -8.68398e-06 1.72314e-05 7.96136e-06
internal_weight=20666 8682 70 11984 2909 336 8612 581 268 9075 539 8031 8111 982 340 152 915 747 682 535 497 68 7129 6986 6916 6831 964 2573 1193 1145 1380 1107 68 168 85 290 144 218 170 443 292 1237 674 621 131 7960 4944 112 3016 76 2978 747 2231 1081 1023 887 377 707 136 4832 4679 2191 2063 696 496 200 91 122 153 71 6782 3979 1731 2248 91 331 212 121 2157 514 397 348 2803 1963 254 422 221 130
internal_count=20666 8682 70 11984 2909 336 8612 581 268 9075 539 8031 8111 982 340 152 915 747 682 535 497 68 7129 6986 6916 6831 964 2573 1193 1145 1380 1107 68 168 85 290 144 218 170 443 292 1237 674 621 131 7960 4944 112 3016 76 2978 747 2231 1081 1023 887 377 707 136 4832 4679 2191 2063 696 496 200 91 122 153 71 6782 3979 1731 2248 91 331 212 121 2157 514 397 348 2803 1963 254 422 221 130
is_linear=0
shrinkage=0.0337242


Tree=68
num_leaves=89
num_cat=0
split_feature=20 20 38 27 20 19 34 29 43 27 48 36 22 0 42 0 26 16 10 7 4 5 19 40 12 26 36 23 40 37 48 7 32 9 42 2 20 23 1 9 4 17 40 41 1 22 43 1 4 54 38 38 53 41 12 1 10 26 24 27 10 4 32 20 12 53 17 19 4 42 20 5 5 53 7 20 40 6 22 20 24 2 24 29 16 11 41 53
split_gain=0.000119015 5.75932e-05 4.85273e-05 4.49682e-05 6.10876e-05 8.16411e-05 5.42243e-05 8.90072e-05 4.72792e-05 4.33834e-05 4.01692e-05 3.98429e-05 3.91637e-05 3.56989e-05 8.48625e-05 3.38424e-05 3.90627e-05 4.35415e-05 3.26875e-05 3.25822e-05 3.0959e-05 3.0679e-05 5.40146e-05 2.6971e-05 2.93215e-05 2.62134e-05 2.5594e-05 2.53066e-05 2.85847e-05 3.04528e-05 3.02731e-05 4.48181e-05 2.82182e-05 2.47225e-05 3.00638e-05 2.46636e-05 2.46595e-05 3.27714e-05 3.46127e-05 2.8082e-05 6.28277e-05 3.13574e-05 2.44385e-05 2.33034e-05 3.10272e-05 2.32429e-05 2.28441e-05 2.19067e-05 2.16043e-05 2.21865e-05 2.15299e-05 2.28029e-05 2.06282e-05 2.12334e-05 3.36308e-05 3.25719e-05 2.45589e-05 2.01732e-05 2.99574e-05 2.18359e-05 2.01171e-05 2.15984e-05 1.94732e-05 1.9583e-05 2.43733e-05 1.97342e-05 2.15392e-05 2.45274e-05 1.93149e-05 2.12162e-05 1.99036e-05 1.89042e-05 1.86032e-05 1.85536e-05 1.85263e-05 1.84155e-05 3.77037e-05 2.60129e-05 2.39747e-05 3.32943e-05 2.44193e-05 2.24048e-05 2.46846e-05 2.25354e-05 2.09108e-05 1.92904e-05 1.92123e-05 1.84658e-05
threshold=0.45796355925547794 88.500000000000014 -0.0037842985621813758 55.936431504305027 5.6957070707070718 2.2095830421200167 1.0000000180025095e-35 12.500000000000002 -0.0043057100482016821 -15.097731477274687 47.099261632812293 -0.0012202567080615843 -0.46462519376444089 342.50000000000006 0.007729475814582166 15.500000000000002 -0.007362057123054478 0.97838345864661658 -1.9539473684210522 0.40899369166954724 -0.33514472270902818 0.549373724572222 1.3225777038221056 0.0018744158919550282 -0.82729007633587781 -0.0079960662286458779 0.0027081935230718339 1.0000000180025095e-35 0.0016194342601479896 -0.0012894911872297075 72.42337695261385 0.74846612512962329 1.0000000180025095e-35 -0.16316793893129769 0.0015048917474408399 0.4911850240355054 0.011560736560736562 -0.47500000000000137 80.565459810548973 -0.98568702290076315 -0.8939312567132115 -0.32464856206664516 0.0048192802175967006 -0.0025268487657867929 81.185555617285189 -0.51477644492911656 0.0034782713898567912 26.530740049671508 -0.12449120922607269 -5.3680002962965681 -0.0031974440894568796 -0.0020997381114040699 59.362203444362827 -0.0037998748616258067 -0.58683206106870223 47.811516531101525 -1.3261278195488717 0.0037018203770053338 500.49999999998948 34.55324707291981 -1.8364661654135337 -0.00066425462151619634 1.0000000180025095e-35 0.66510533539574312 -0.48950381679389304 51.542364121496362 -0.043851116117141098 -0.54022653477796456 -0.044957318107298312 -0.001885015812102486 4.3608510638297888 0.035427051848329852 0.34654071451837964 31.956586118003962 0.99614010830740873 0.19865281683752153 -0.0015961702105976581 -28.249999999999996 -0.70171975081161697 0.38104222821203959 -1000.9999999999608 0.1121902914222128 -40000.499999999993 10.500000000000002 0.43045112781954892 -0.76622137404580137 0.0022050957891666116 28.293101118280216
decision_type=2 2 2 8 2 2 2 2 2 10 2 2 8 2 2 2 10 2 2 10 2 2 2 2 10 10 2 10 2 2 2 10 2 10 2 2 2 8 2 10 2 8 2 2 2 8 2 2 2 2 2 2 2 2 8 2 2 10 10 10 2 2 2 2 10 2 8 2 2 2 2 2 2 2 10 2 2 8 8 2 10 2 8 2 2 10 2 2
left_child=2 3 -1 4 6 18 8 -8 9 -2 -9 12 72 14 20 16 48 26 35 -3 36 27 -23 25 -25 -22 50 32 30 -30 45 -32 33 47 -35 -6 37 -13 -39 40 -38 -42 -15 44 -11 57 62 -10 49 -5 -18 73 60 -54 55 -55 -56 59 -59 -29 -20 -62 63 64 -17 -65 68 -68 69 -67 -70 -26 -4 -52 -71 76 -41 -77 79 -79 -80 82 -78 87 -81 -86 -83 -84
right_child=1 19 11 15 5 -7 7 10 21 43 -12 13 -14 42 -16 46 17 -19 52 -21 23 22 -24 24 71 -27 -28 28 29 -31 31 -33 -34 34 -36 -37 39 38 -40 75 41 -43 -44 -45 -46 -47 -48 -49 -50 -51 51 -53 53 54 56 -57 -58 58 -60 -61 61 -63 -64 65 -66 66 67 -69 70 74 -72 -73 -74 -75 -76 77 81 78 80 84 -82 86 83 -85 85 -87 -88 -89
leaf_value=-3.9121901635247129e-05 -7.2882177381785517e-06 4.4278549026885212e-05 5.8146036430736097e-06 -2.3024023264536331e-06 -6.9177611982956536e-06 6.0211803887874789e-05 1.703676546386417e-05 -6.669151640485604e-05 -9.0647528085308702e-06 6.4033969082028802e-06 -1.9234486129193794e-05 3.1078459172969093e-06 3.4852253883795414e-05 2.3617893809273524e-06 -5.8588821386469104e-05 -3.4247747197850433e-05 1.2927368973189797e-05 3.99949477203622e-05 3.0788196969117941e-05 8.9150760096836429e-06 3.6982290923668606e-06 6.4753940603527493e-06 5.0070316972486853e-05 -6.7043741267814693e-06 -5.6623022982401142e-05 -1.7168610842711115e-05 -2.6890884697561099e-05 4.8635555498553956e-06 -3.8347314125303735e-05 0 9.8736575578560302e-06 5.0141042195641261e-05 2.2256789243081844e-05 -2.1912457658237033e-06 -1.8348669413094216e-05 2.2952704994739043e-05 4.4522043285598499e-05 -8.4807069476305998e-06 -5.72175925987226e-05 -2.8401226846248567e-05 1.0989459284431263e-05 -2.4837577728804202e-05 3.0866034478039902e-05 8.8337097661877e-07 4.2929546117676277e-05 -1.0723387285581126e-05 1.5760438716865948e-05 1.1646166949310241e-06 -2.0138944748085399e-06 -3.2521574519171883e-05 8.4628655272392484e-07 2.2471181632689592e-06 -4.0224515523880856e-06 1.631976172680224e-05 2.1001949601410117e-05 6.601686172988241e-05 -5.8291168213957166e-06 5.4344512559806881e-06 -2.3403747324384873e-05 2.3587632941773398e-05 4.1056111487897374e-06 2.8614507820858817e-05 -2.3082707851232378e-05 -3.3291215821034197e-07 0 -4.1956186631926238e-05 8.9882979448436704e-06 -1.2251234107642346e-05 6.9670156051989622e-06 -6.6893043696264517e-06 -1.1206969835248506e-05 -1.8731256971427672e-05 -1.1224116382790395e-05 -2.3180815298139532e-05 -2.7961888320890475e-05 9.7546722970179357e-06 -3.0408726356549744e-05 -2.3084610812682839e-06 2.0143520499225382e-05 3.265157978245659e-06 0 -7.7750772401747487e-06 -7.1964788707311803e-06 -6.0626720138733278e-06 -3.2644022624558519e-05 -1.1990916104285856e-05 -2.398948352098026e-05 6.0049046219386324e-06
leaf_weight=45 58 54 346 55 218 36 52 35 252 46 70 40 47 243 34 54 205 35 42 86 124 448 36 63 42 138 34 1213 34 89 265 38 63 587 176 36 44 41 36 87 70 45 42 43 95 118 60 4007 186 76 57 2383 34 37 138 36 47 92 69 79 613 46 68 1038 34 38 158 101 103 182 183 39 90 75 73 194 37 1154 81 57 420 506 158 781 80 230 111 461
leaf_count=45 58 54 346 55 218 36 52 35 252 46 70 40 47 243 34 54 205 35 42 86 124 448 36 63 42 138 34 1213 34 89 265 38 63 587 176 36 44 41 36 87 70 45 42 43 95 118 60 4007 186 76 57 2383 34 37 138 36 47 92 69 79 613 46 68 1038 34 38 158 101 103 182 183 39 90 75 73 194 37 1154 81 57 420 506 158 781 80 230 111 461
internal_value=3.4986e-08 1.6731e-06 -4.00799e-06 1.45735e-06 2.87077e-06 9.71675e-06 1.75589e-06 -1.78007e-05 2.16151e-06 1.68793e-05 -3.59741e-05 -3.72091e-06 5.4653e-06 -4.56705e-06 -5.23041e-06 -1.03875e-06 1.17e-06 2.47288e-06 8.18148e-06 2.32457e-05 -4.8512e-06 1.67798e-06 9.91771e-06 -1.38795e-05 -2.58638e-05 -6.92378e-06 1.96092e-06 1.10121e-06 4.31976e-06 -1.1176e-05 5.3884e-06 1.52427e-05 -1.43785e-07 -4.44044e-07 -6.04494e-06 -2.3036e-06 -4.03917e-06 -1.95148e-05 -3.25221e-05 -3.61682e-06 1.01292e-05 -2.18932e-06 6.90158e-06 2.50226e-05 3.16987e-05 3.42627e-06 -4.36429e-06 5.36662e-07 -9.98793e-06 -2.0572e-05 2.35711e-06 1.45708e-06 1.09608e-05 1.8726e-05 2.20985e-05 4.21521e-05 1.36629e-05 4.6419e-06 -6.32443e-06 6.08326e-06 7.58835e-06 5.96308e-06 -5.0061e-06 -4.33101e-06 -2.01181e-05 -3.53894e-06 -7.39478e-06 3.32502e-07 -1.10183e-05 -1.7223e-05 -4.32383e-06 -3.95722e-05 2.07574e-06 -1.20732e-05 -1.31582e-05 -4.14064e-06 -6.39114e-06 -1.92269e-06 -3.09087e-06 -5.22284e-06 3.18871e-06 -5.41181e-06 -3.0101e-06 -2.21695e-06 -1.41235e-05 -1.76326e-05 -1.08488e-05 2.47909e-06
internal_weight=20472 14586 5886 14446 9248 1283 7965 157 7808 242 105 5841 483 5358 5073 5198 3106 2789 1247 140 5039 7566 484 406 144 262 2754 7082 1997 123 1874 303 5085 5022 763 254 4633 117 77 4516 159 115 285 184 141 1571 2092 4259 317 131 2720 2515 993 292 258 73 185 1453 161 1292 701 659 2032 1964 88 1876 838 259 579 293 286 81 436 132 255 4357 2141 2216 2022 1521 501 2054 1437 1400 367 310 617 619
internal_count=20472 14586 5886 14446 9248 1283 7965 157 7808 242 105 5841 483 5358 5073 5198 3106 2789 1247 140 5039 7566 484 406 144 262 2754 7082 1997 123 1874 303 5085 5022 763 254 4633 117 77 4516 159 115 285 184 141 1571 2092 4259 317 131 2720 2515 993 292 258 73 185 1453 161 1292 701 659 2032 1964 88 1876 838 259 579 293 286 81 436 132 255 4357 2141 2216 2022 1521 501 2054 1437 1400 367 310 617 619
is_linear=0
shrinkage=0.0337242


Tree=69
num_leaves=89
num_cat=0
split_feature=20 31 47 38 20 26 52 11 21 18 31 27 51 18 31 20 31 10 18 1 51 43 18 12 31 31 24 13 20 2 27 18 20 18 25 45 47 16 16 31 31 5 17 21 31 31 20 2 54 29 53 36 7 12 52 18 16 13 44 5 31 20 45 31 52 1 26 53 22 29 24 18 2 1 16 31 52 10 20 5 13 37 38 41 31 12 52 20
split_gain=0.000111302 5.4805e-05 9.7714e-05 8.33472e-05 5.42174e-05 4.50369e-05 4.05211e-05 5.23533e-05 5.77323e-05 4.19923e-05 3.83419e-05 3.68942e-05 3.59447e-05 3.31584e-05 3.42468e-05 4.19561e-05 4.1566e-05 3.83883e-05 3.37869e-05 4.03445e-05 3.33222e-05 3.32232e-05 3.31309e-05 3.28756e-05 3.13263e-05 3.88523e-05 3.0242e-05 3.30389e-05 2.98371e-05 2.97642e-05 3.49733e-05 2.97203e-05 4.2875e-05 5.32073e-05 3.56411e-05 2.97876e-05 4.04214e-05 2.90971e-05 4.38459e-05 3.44378e-05 2.82388e-05 3.85619e-05 3.35694e-05 2.80536e-05 2.80015e-05 5.71801e-05 2.81798e-05 2.74959e-05 4.37618e-05 2.70027e-05 5.96924e-05 2.64801e-05 2.62909e-05 2.58476e-05 3.46297e-05 4.38208e-05 3.71624e-05 2.57427e-05 2.92814e-05 2.54718e-05 2.64595e-05 3.68246e-05 4.52225e-05 4.11196e-05 2.71957e-05 2.95206e-05 2.44238e-05 2.35736e-05 2.34337e-05 2.82667e-05 2.32095e-05 3.3438e-05 2.28696e-05 2.26986e-05 2.39318e-05 2.26013e-05 2.23089e-05 2.2164e-05 2.19163e-05 2.18689e-05 2.34982e-05 2.1812e-05 3.33948e-05 2.09383e-05 2.07902e-05 2.25723e-05 2.38343e-05 2.09124e-05
threshold=0.45796355925547794 6.5000000000000009 83.333333333324234 -0.0037842985621813758 65.708333333333357 -0.0083042972882890909 0.20672081706403328 -0.890267175572519 -0.75643207679515523 -0.60578474288865425 241.50000000000003 102.59622036467074 88.888888888887365 0.41607111461739726 31.500000000000004 5.3976744186046526 34.500000000000007 -1.2283834586466162 0.0081275385089140621 366.08020652302429 8.3333333333344175 -0.0043057100482016821 -0.54028972627981287 -0.73759541984732813 229.50000000000003 121.50000000000001 -999.99999999996066 -0.2391037500755657 2.3511142721669045 -0.21729802072077917 -13.844446160001775 -0.4340755278420676 0.1038018018018018 0.17551761584117961 -0.99397954573133729 0.0043525622809510453 135.80246913579666 0.94642857142857151 0.54793233082706772 177.50000000000003 120.50000000000001 0.20840265970241026 -0.16495458002984112 -0.83825495038584996 104.50000000000001 90.500000000000014 1.3887119603680118 -0.49718056791220472 3.8299529734190316 13.500000000000002 56.037015189685441 -0.0013651883493987491 0.15318225025924651 -0.93606870229007622 0.24342507069695665 -0.14718917151904634 0.50093984962406024 -0.27027393754575918 0.0018921492810907161 0.549373724572222 41.500000000000007 2.9569842738205372 0.0038167938931298333 45.500000000000007 0.19331308454115989 145.25426731704283 -0.0028036770165931978 53.365518855590558 -0.69789564505279156 2.5000000000000004 -2000.2499999999925 -0.19252810732153128 0.65722223832237503 156.91751033401189 0.53571428571428592 125.50000000000001 0.2982229502139378 -1.5498120300751876 1.7183493589743593 0.43924089513298609 -0.11684860656783787 0.002195392326971302 0.0034662149173395611 0.0036122830672872257 91.500000000000014 -0.44942748091603046 0.18541711703685326 0.35961717813207805
decision_type=2 2 2 2 2 10 2 10 2 10 2 10 2 10 2 2 2 2 10 2 2 2 8 8 2 2 10 10 2 2 10 10 2 10 2 2 2 2 2 2 2 2 10 2 2 2 2 2 2 2 2 2 10 10 2 10 2 10 2 2 2 2 2 2 2 2 10 2 8 2 10 8 2 2 2 2 2 2 2 2 10 2 2 2 2 10 2 2
left_child=1 2 49 -3 5 12 24 9 -9 -8 23 13 22 14 15 20 17 66 19 -17 -7 37 -2 -6 25 51 -22 -28 -14 -29 -31 35 33 34 -33 36 -10 38 -18 -40 41 57 -43 -24 45 70 79 -11 -49 50 -1 -5 -42 54 55 78 -56 -34 -59 60 64 63 -63 -62 -23 -66 -16 -30 69 -27 71 -13 76 -61 -75 -15 -72 -36 -45 80 -46 -55 -83 -54 85 87 -87 -53
right_child=4 3 -4 6 10 11 7 8 31 47 -12 44 28 75 16 18 21 -19 -20 -21 26 59 43 -25 -26 68 27 29 67 30 -32 32 40 -35 77 -37 -38 -39 39 -41 52 42 -44 53 46 -47 -48 48 -50 -51 -52 84 83 81 56 -57 -58 58 -60 73 61 62 -64 -65 65 -67 -68 -69 -70 -71 72 -73 -74 74 -76 -77 -78 -79 -80 -81 -82 82 -84 -85 -86 86 -88 -89
leaf_value=4.8437405595241099e-05 2.2043078283141975e-05 -5.3176667728435011e-05 -1.9623394419067937e-05 1.3410949108200573e-05 0 1.6306899807534309e-05 -1.6971169504615646e-05 -4.4813634473580397e-05 -3.4044660445829144e-06 -6.1628782837558659e-06 -5.4188076344426976e-06 3.3512738111545592e-05 9.6251090042940191e-07 3.5862499178097583e-05 3.0337259861499351e-05 3.0263397502275327e-06 1.2017201683715637e-06 5.4071614775340564e-05 -1.5362893833432006e-05 3.4196053110438298e-05 -4.1843672999219483e-05 7.7602173530304502e-07 -2.4101052884403361e-05 3.5688244608624982e-05 4.8543399741255546e-06 2.0526832598621993e-06 3.8326217969259995e-06 -3.438920963734397e-07 4.6405391340461e-05 -5.4431928029927551e-05 -1.4946784088947863e-05 -6.2348090387732936e-05 -1.0360379635526797e-05 1.2876661878909823e-06 -4.4085445656017639e-05 2.3774964576994856e-05 -4.0322896467187895e-05 -1.0790123039068837e-05 4.9409848038275522e-05 8.4600385503200596e-06 -2.2582839018124609e-09 -3.2560758947507317e-06 -4.4552170093005696e-05 3.163839204065316e-05 -1.8402045021891713e-05 2.3184376849635411e-05 -4.1865953713337612e-07 0 4.3734391995905413e-05 5.843346663298046e-05 -7.4126473842678919e-06 -5.6136615536731599e-06 -1.6724756845528507e-05 -9.5866231840786661e-07 -1.1099196537279779e-05 -2.2409183173388646e-05 -4.8403529165681072e-05 2.475177669141063e-06 3.7204159131668229e-05 6.3940059391035097e-06 2.757530535041313e-05 6.7501068599107285e-06 4.1297955825914532e-05 1.2730694589010507e-06 -3.5903361033896035e-05 0 -4.2273214192795556e-06 6.1642070157989392e-06 1.4732763498117785e-07 -1.1864452862385894e-05 -3.8250116724194976e-07 0 2.0829962685223225e-05 6.1077843509905851e-06 4.1014058869043826e-05 3.2688878713987546e-06 -1.7686975786954259e-05 -1.2951012577338609e-05 0 1.0340621717895749e-05 -4.4810918320581778e-06 -2.2690172242681802e-05 9.2450325347600241e-06 -5.162129815777346e-05 2.4860242921213155e-06 -4.4366818995723977e-07 2.909140414412776e-05 -2.2971235996002482e-05
leaf_weight=42 49 40 60 146 46 42 54 57 526 35 52 57 249 61 39 251 82 35 76 61 43 134 92 120 583 184 109 77 35 42 93 46 57 54 49 40 37 34 72 44 62 75 36 39 254 151 2027 40 64 36 40 596 73 1233 91 73 54 81 48 350 69 1266 46 4988 63 37 48 44 331 1037 726 80 50 51 54 52 98 84 54 59 356 131 47 36 805 300 34 98
leaf_count=42 49 40 60 146 46 42 54 57 526 35 52 57 249 61 39 251 82 35 76 61 43 134 92 120 583 184 109 77 35 42 93 46 57 54 49 40 37 34 72 44 62 75 36 39 254 151 2027 40 64 36 40 596 73 1233 91 73 54 81 48 350 69 1266 46 4988 63 37 48 44 331 1037 726 80 50 51 54 52 98 84 54 59 356 131 47 36 805 300 34 98
internal_value=3.32857e-08 -3.87634e-06 1.44237e-05 -4.46395e-06 1.61759e-06 1.35706e-06 -4.10312e-06 -8.76527e-06 -1.11249e-05 7.3737e-06 1.83453e-05 2.16263e-06 -3.07596e-06 3.42839e-06 3.16474e-06 -3.42736e-06 3.88395e-06 2.35472e-05 4.32472e-06 9.43023e-06 -1.10738e-05 3.54162e-06 -4.91921e-06 2.63718e-05 -2.31857e-06 -3.53025e-06 -1.44987e-05 -1.05345e-05 7.09878e-06 -1.83773e-05 -2.79471e-05 -9.5782e-06 -1.43532e-05 -2.63657e-05 -3.52481e-05 -3.86683e-06 -6.00241e-06 1.61987e-05 2.13213e-05 3.47104e-05 -8.1661e-06 -1.52303e-06 -1.75202e-05 -5.7008e-06 -5.4166e-07 3.80223e-06 -2.44977e-06 1.75268e-05 2.64287e-05 3.25549e-05 2.00148e-05 -3.46138e-07 -1.91388e-05 -4.66161e-06 -1.35393e-05 -2.37093e-06 -2.56585e-05 7.50403e-06 1.61469e-05 3.11188e-06 2.56088e-06 2.98133e-06 8.03506e-06 1.65106e-06 -8.46975e-06 -2.18257e-05 1.01562e-05 2.52161e-05 -7.52813e-06 -9.68803e-06 8.11759e-07 1.37727e-05 -1.10929e-06 1.08956e-05 2.49802e-05 2.17191e-05 -2.55786e-06 -2.51484e-05 1.23187e-05 -8.45933e-06 -1.04361e-05 -2.63638e-06 -1.37148e-05 -2.9137e-05 -1.49464e-06 -4.70581e-06 2.27351e-06 -8.20401e-06
internal_weight=20472 5886 178 5708 14586 14368 5668 1554 1361 193 218 12177 2191 8319 8206 794 7412 122 388 312 406 7290 1863 166 4114 3531 364 321 328 212 135 1304 701 233 179 603 563 232 198 116 468 297 111 1814 3858 1162 2696 139 104 118 82 1979 171 1722 311 166 145 186 129 7058 6603 6369 1312 5057 234 100 87 79 1552 1221 1011 137 874 455 105 113 824 133 93 669 610 1411 178 109 1833 1028 334 694
internal_count=20472 5886 178 5708 14586 14368 5668 1554 1361 193 218 12177 2191 8319 8206 794 7412 122 388 312 406 7290 1863 166 4114 3531 364 321 328 212 135 1304 701 233 179 603 563 232 198 116 468 297 111 1814 3858 1162 2696 139 104 118 82 1979 171 1722 311 166 145 186 129 7058 6603 6369 1312 5057 234 100 87 79 1552 1221 1011 137 874 455 105 113 824 133 93 669 610 1411 178 109 1833 1028 334 694
is_linear=0
shrinkage=0.0337242


Tree=70
num_leaves=89
num_cat=0
split_feature=20 42 20 19 22 48 16 23 12 52 16 45 47 0 38 11 26 43 23 52 11 55 50 55 52 48 48 16 4 16 53 48 8 49 16 5 19 32 52 53 5 19 10 11 0 22 52 22 41 22 0 51 5 19 27 16 26 36 15 44 22 48 51 51 26 10 27 48 5 12 53 48 38 39 36 3 10 44 3 11 20 19 26 26 27 3 12 13
split_gain=0.000104231 5.82599e-05 5.29398e-05 4.03693e-05 4.49549e-05 5.28357e-05 3.85743e-05 8.20512e-05 3.78915e-05 4.13405e-05 3.77516e-05 3.76086e-05 3.38602e-05 3.34596e-05 3.76105e-05 3.25635e-05 3.07432e-05 3.04441e-05 3.48811e-05 2.84201e-05 6.59994e-05 5.25791e-05 6.09769e-05 4.70996e-05 4.04278e-05 4.64126e-05 3.34985e-05 3.52821e-05 3.18841e-05 3.95904e-05 2.96633e-05 3.47926e-05 4.22994e-05 3.00509e-05 2.74351e-05 2.72771e-05 4.33414e-05 2.70511e-05 2.55328e-05 2.52086e-05 4.38198e-05 4.9877e-05 4.60739e-05 4.03815e-05 3.50518e-05 3.37334e-05 4.13541e-05 3.34103e-05 3.17615e-05 3.34067e-05 2.50824e-05 2.32913e-05 2.22634e-05 3.92144e-05 2.20734e-05 3.09312e-05 2.44383e-05 2.19717e-05 2.1382e-05 2.13471e-05 2.06414e-05 2.03971e-05 2.03062e-05 2.67375e-05 2.09839e-05 2.09828e-05 2.01934e-05 2.01155e-05 1.95912e-05 2.33044e-05 2.36188e-05 1.95762e-05 1.87393e-05 2.54915e-05 1.8338e-05 2.84663e-05 2.75231e-05 2.72492e-05 2.95944e-05 1.77982e-05 1.76896e-05 2.64791e-05 2.32001e-05 1.75883e-05 1.74583e-05 2.21155e-05 1.97603e-05 1.96666e-05
threshold=0.74433954203691066 0.007729475814582166 21.775000000000006 0.072977206469138536 -0.83938755812933208 82.189741331406324 0.83928571428571441 2.5000000000000004 -0.93606870229007622 0.11948701768433732 0.17199248120300756 0.0043336995614652327 -41.666666666666288 215.50000000000003 -0.0031974440894568796 -0.89885496183206093 0.0037018203770053338 -0.0021436251849537564 1.2500000000000002 0.20672081706403328 -0.82729007633587781 55099.000000000007 50.000000000004299 47739.500000000007 0.23837809668605667 73.352158494099371 83.937175319173036 0.49718045112781956 -0.68829498558426139 0.46710526315789475 36.363365382354495 80.683856414896809 0.40000000000000219 87.433127410576176 0.45018796992481208 0.39621468049349207 2.2095830421200167 1.0000000180025095e-35 0.16771774418257981 71.240475785786842 0.29351467910153356 0.2708462974805706 -1.4671052631578945 -0.7395038167938931 36.500000000000007 -0.94646251937644399 0.35536920122190246 -0.90822146178818974 0.0031298981191222324 -0.66026850187155517 10.500000000000002 62.222222222222122 -0.57051157586153545 4.0465208089923985 -124.72509190063546 0.4953007518796993 0.0045928669676150655 -0.0018399279601343241 0.45248818887114345 0.0012172859043774189 -0.95947638358778609 -1.0000000180025095e-35 66.66666666666535 98.148148148148707 -0.0079960662286458779 -1.4483082706766914 -75.443217687950877 58.886092501870301 0.64277193144724842 -0.72805343511450371 34.650832202867086 58.631246541998372 -0.0021344741493995452 -0.0015255539005771255 -0.0015003759381570501 0.43120572002868118 -1.2734962406015033 -0.0037094284842828502 0.27250826398975397 -0.1364503816793893 0.5852965631929048 0.054206150645317315 -0.0084009751690497046 -0.0059516805126684077 11.260660920314518 -1.0000000180025095e-35 -0.86545801526717547 -0.0118235321775694
decision_type=2 2 2 2 8 2 2 8 10 2 2 2 2 2 2 10 8 2 8 2 10 2 2 2 2 2 2 2 2 2 2 2 10 2 2 2 2 2 2 2 2 2 2 10 2 8 2 8 2 8 2 2 2 2 8 2 8 2 10 2 10 2 2 2 10 2 10 2 2 10 2 2 2 2 2 2 2 2 2 10 2 2 10 8 10 2 10 10
left_child=1 6 3 13 5 15 7 19 -7 -10 -3 60 37 14 58 -5 -15 -8 72 34 23 30 -23 24 -21 28 27 -25 29 -26 31 32 33 59 -1 54 -37 38 -4 40 41 45 -42 -43 47 -32 -47 -45 62 71 -40 -18 -17 74 55 -6 -56 -36 84 -22 -11 -16 65 64 -64 -41 -62 -30 -63 -70 -71 -50 -19 -74 77 -76 -77 -54 -79 -44 81 82 -35 -27 85 -2 -86 -88
right_child=2 10 12 4 35 8 17 -9 9 11 -12 -13 -14 16 61 52 51 18 -20 20 21 22 -24 26 25 83 -28 -29 67 -31 39 -33 -34 80 57 36 -38 -39 50 48 42 43 79 44 -46 46 -48 -49 49 -51 -52 -53 53 -55 56 -57 -58 -59 -60 -61 66 68 63 -65 -66 -67 -68 -69 69 70 -72 -73 73 -75 75 76 -78 78 -80 -81 -82 -83 -84 -85 86 -87 87 -89
leaf_value=-4.8818600149470589e-06 1.6130658911757482e-05 -5.7867051731545302e-06 -4.8217324994196815e-07 -1.1050642148500148e-05 -2.4783038832610802e-05 -4.7343936387264908e-06 -1.0973706552089044e-05 -4.1670279875732195e-05 0 1.227268969546922e-06 -5.8873727901303601e-05 5.753165890115252e-05 2.2029359008221702e-05 -3.5742614603441946e-06 1.96940586323547e-05 3.347882903574942e-05 -1.1081047811847962e-05 -1.513421806884179e-05 4.292444615407525e-05 -2.6338411500830489e-05 -3.3731928138711935e-06 -6.9862644043244438e-05 -7.6465529315366735e-06 1.067265600032068e-05 0 2.8020764581484889e-06 -4.4979081303897065e-06 5.4195497502191081e-05 1.3516085089962983e-05 -4.6035955966880846e-05 -2.2805760072239325e-05 -3.5607608912134832e-05 -3.315166835622372e-05 -1.294859691618341e-05 1.8886298469776057e-05 3.3440020693908052e-06 4.4566860295753587e-05 -1.858604336088646e-05 3.4936354475232288e-05 1.4740280417974727e-05 -4.4742804395954827e-05 -1.3531560313978747e-05 -1.5720921173545807e-05 3.426814966151003e-05 4.6118539145788921e-05 -5.9687569885468942e-06 2.3424053604990297e-05 0 -4.3959410086360327e-05 4.3861248809351607e-06 9.052532427907756e-06 -4.6970213849117131e-05 -3.3434779336356755e-06 -2.1567003882738666e-05 3.5798662835432446e-06 -2.4094282819248047e-06 -2.1186771166302677e-05 -3.1478697332850633e-07 -5.6563880771454479e-06 2.097662335091762e-05 1.1009805110952625e-05 -5.4176842702290607e-07 -4.2306306214748671e-05 1.0176626750870668e-06 -9.933001458834543e-06 -1.172213671896539e-05 4.5274344921152357e-05 -1.26340637264145e-05 -8.8918044974371518e-06 3.5500021815853014e-05 6.6902653504670049e-06 -1.5121888967853643e-05 2.9281816637627977e-05 4.4616556903998427e-06 3.2434606927306604e-06 4.378186450029073e-05 6.6398254788909165e-07 3.5616342180887126e-05 0 1.4061734875925611e-05 3.7815848559518128e-06 -4.3988195685245971e-06 -5.6161349544901107e-05 3.6077780840857475e-05 -8.0961997542278208e-06 -1.3073374208108421e-05 1.2344887042389813e-05 3.3005454035092252e-05
leaf_weight=1945 52 35 202 116 97 46 82 63 51 43 35 59 216 335 59 38 67 34 37 62 125 35 45 52 46 37 34 46 101 39 86 80 79 36 69 151 38 45 59 94 48 40 55 49 54 219 72 83 68 35 226 38 42 52 658 301 48 3805 96 58 43 6980 41 97 77 50 58 47 53 51 122 67 65 222 673 42 36 96 34 37 35 69 35 55 36 68 329 73
leaf_count=1945 52 35 202 116 97 46 82 63 51 43 35 59 216 335 59 38 67 34 37 62 125 35 45 52 46 37 34 46 101 39 86 80 79 36 69 151 38 45 59 94 48 40 55 49 54 219 72 83 68 35 226 38 42 52 658 301 48 3805 96 58 43 6980 41 97 77 50 58 47 53 51 122 67 65 222 673 42 36 96 34 37 35 69 35 55 36 68 329 73
internal_value=-1.59231e-07 -2.94736e-06 1.90207e-06 1.30595e-06 4.87405e-06 8.99879e-06 -2.68902e-06 -3.21471e-06 2.16911e-05 2.68574e-05 -3.37111e-05 3.36771e-05 1.06039e-05 1.3248e-07 6.46806e-07 5.54055e-06 -8.90454e-06 6.97184e-06 1.13523e-05 -2.90773e-06 -6.02063e-06 -8.99246e-06 -3.60744e-05 4.49515e-06 -1.2026e-06 3.29514e-06 2.19322e-05 3.20881e-05 -4.36497e-06 -2.10395e-05 -7.72739e-06 -1.46335e-05 -1.05727e-05 -5.32019e-06 -1.61365e-06 2.40697e-07 1.21436e-05 5.78325e-06 8.23352e-06 -4.84442e-06 -6.9808e-07 3.11226e-06 -1.78002e-05 1.57313e-05 2.25441e-05 -4.19608e-06 9.7154e-07 1.21677e-05 -1.04854e-05 -2.26406e-05 1.47501e-05 -2.49901e-05 7.53585e-06 6.4256e-06 -1.70948e-06 -8.10516e-06 1.7591e-06 2.25462e-09 8.39379e-06 3.81606e-06 2.32321e-05 -3.72779e-08 -4.4602e-06 -1.1166e-05 -2.20005e-05 4.8807e-06 3.16435e-05 4.55855e-06 -2.12245e-07 9.53739e-06 1.5742e-05 -3.03635e-05 7.41197e-06 1.04197e-05 8.10737e-06 5.64436e-06 2.51205e-05 1.82996e-05 2.60355e-05 -2.69248e-06 -1.54264e-05 -2.09188e-05 -3.56121e-05 2.37458e-05 1.09842e-05 0 1.41082e-05 1.63371e-05
internal_weight=20609 8780 11829 11081 2722 1429 8710 8270 300 254 70 203 748 8359 7919 1129 440 440 358 8207 2388 1869 80 519 387 325 132 98 233 85 1789 517 437 358 5819 1293 189 532 487 1272 743 603 140 226 186 377 291 132 529 170 285 105 1013 975 1104 398 706 3874 654 183 144 7265 359 215 118 144 101 148 7206 226 173 135 321 287 923 751 78 172 130 92 175 140 71 92 558 120 438 402
internal_count=20609 8780 11829 11081 2722 1429 8710 8270 300 254 70 203 748 8359 7919 1129 440 440 358 8207 2388 1869 80 519 387 325 132 98 233 85 1789 517 437 358 5819 1293 189 532 487 1272 743 603 140 226 186 377 291 132 529 170 285 105 1013 975 1104 398 706 3874 654 183 144 7265 359 215 118 144 101 148 7206 226 173 135 321 287 923 751 78 172 130 92 175 140 71 92 558 120 438 402
is_linear=0
shrinkage=0.0337242


Tree=71
num_leaves=89
num_cat=0
split_feature=25 52 15 47 31 27 26 50 31 22 27 10 15 44 47 22 53 27 4 22 12 30 54 22 37 44 54 54 15 17 12 24 19 9 22 54 12 19 31 22 31 4 24 6 41 38 9 21 54 31 53 17 11 38 10 15 12 54 7 53 15 18 19 22 26 31 44 5 7 16 39 9 9 26 31 15 53 19 19 36 12 49 31 37 41 31 10 29
split_gain=9.70993e-05 3.93983e-05 3.54075e-05 4.35489e-05 3.46922e-05 3.37688e-05 3.24569e-05 3.61036e-05 3.41813e-05 3.85374e-05 3.03558e-05 2.94536e-05 2.94511e-05 4.91367e-05 4.25734e-05 4.25045e-05 3.1157e-05 3.49465e-05 3.10613e-05 3.00911e-05 3.16902e-05 3.01042e-05 2.83414e-05 2.82912e-05 2.82443e-05 2.78437e-05 2.68938e-05 3.73302e-05 3.58883e-05 2.45377e-05 3.28361e-05 3.8597e-05 3.266e-05 3.43361e-05 3.27585e-05 2.43633e-05 2.41824e-05 2.35391e-05 2.3911e-05 2.31235e-05 2.15066e-05 2.51178e-05 2.25259e-05 3.36164e-05 3.0847e-05 2.83575e-05 2.76452e-05 3.52734e-05 2.89602e-05 2.65573e-05 2.54488e-05 3.59237e-05 2.35036e-05 2.37157e-05 2.61662e-05 2.26901e-05 2.22064e-05 2.21839e-05 2.21461e-05 2.18974e-05 2.12211e-05 2.05299e-05 1.99008e-05 1.96517e-05 1.95223e-05 3.39258e-05 3.65252e-05 2.87744e-05 2.06828e-05 2.05518e-05 1.94072e-05 2.52374e-05 3.55151e-05 2.48956e-05 2.71447e-05 3.27462e-05 2.46557e-05 2.97591e-05 2.73248e-05 2.51645e-05 2.08098e-05 2.0586e-05 1.87696e-05 2.76179e-05 2.33236e-05 2.1088e-05 3.94969e-05 1.96897e-05
threshold=-0.49698614391840862 0.20851911280123658 0.026741425110144032 -37.037037037032292 261.50000000000006 1238.8920294896673 -0.010755115775313779 33.33333333333335 124.50000000000001 -0.73996080839987122 80.655968547250026 -0.54417293233082675 0.033233499494945362 0.0079507059392452967 114.28571428574067 -0.64491290636328802 54.872861310415786 -169.33577092032689 -0.48039742212674541 -0.69024743353514073 -0.18988549618320608 17.500000000000004 -1.7725196240337977 -0.70554385657044238 0.0018709090272672759 0.0034188134087614901 -22.333890677390421 -30.593597602763296 0.14249512852012836 -0.30848095433135364 -0.93034351145038163 -1001.0000000000497 0.05815059312024929 -0.46851145038167935 -0.90822146178818974 -3.7452812333428063 -0.83683206106870223 1.7796223378291389 74.500000000000014 -0.90439735602936433 262.50000000000006 -0.94389168409746149 2000.999999999993 57.250000000000007 -0.002791348184162767 0.0015898251192368875 -0.43416030534351141 0.068035946545907139 -29.423880272042577 30.500000000000004 54.12786132969304 -0.15360507299376844 -0.71660305343511432 -0.0015661716730196449 -0.9501879699248118 0.29298510036254316 -0.34446564885496178 -24.16030553192493 1.2128593443945157 48.972559334082298 0.072137185672748197 -0.15008915368520875 0.03578893547578766 -0.79768764665696368 -0.00113840214497663 216.50000000000003 -0.0027378520697861615 -0.19311365497411584 0.78745031109574837 0.9163533834586467 -0.0018674152601478864 -0.75381679389312961 -0.30820610687022892 -0.0089408482351292871 228.50000000000003 0.078267244470877032 61.905972454706834 0.11341586095083046 0.29035629855341233 0.0019323689536455693 -0.68988549618320605 75.464177462642866 37.500000000000007 0.0042811279084330476 0.0042402848032987448 24.500000000000004 -1.1795112781954884 12.500000000000002
decision_type=2 2 8 2 2 8 8 2 2 10 10 2 8 2 2 10 2 10 2 10 10 2 2 10 2 2 2 2 8 8 10 10 2 10 10 2 10 2 2 8 2 2 8 8 2 2 10 2 2 2 2 10 10 2 2 10 10 2 10 2 10 8 2 8 10 2 2 2 10 2 2 10 10 8 2 10 2 2 2 2 10 2 2 2 2 2 2 2
left_child=1 4 3 -2 82 11 7 10 -9 -10 -3 40 13 15 19 23 17 -16 -18 20 26 24 -23 29 35 -7 27 -14 -29 32 -31 -32 33 -8 -34 -21 -17 -5 -39 -33 41 -4 46 44 55 64 47 48 56 -50 51 -45 59 54 -54 57 -43 -44 -51 -48 -6 -61 -49 -13 -46 66 69 -68 -67 -66 71 -28 -73 74 75 -72 77 80 -78 -79 81 -75 85 84 -84 87 -87 -1
right_child=2 6 5 37 60 25 12 8 9 -11 -12 63 14 -15 16 36 18 -19 -20 21 -22 22 -24 -25 -26 -27 70 28 -30 30 31 39 34 -35 -36 -37 -38 38 -40 -41 -42 42 43 50 45 -47 52 62 49 58 -52 -53 53 -55 -56 -57 -58 -59 -60 61 -62 -63 -64 -65 65 68 67 -69 -70 -71 73 72 -74 76 -76 -77 78 79 -80 -81 -82 -83 83 -85 -86 86 -88 -89
leaf_value=7.770618248934749e-06 8.4978782514518256e-06 -2.4886195085107467e-05 -1.9956298357716662e-05 -5.0015770977162976e-06 3.9942697178085057e-05 -4.3945398406342941e-07 -2.7554374630573519e-05 2.7290432598165272e-05 1.0466206474185412e-05 -2.9320052224170416e-05 5.9758196013490833e-06 -1.5080641232238063e-05 -1.418888666579e-05 -4.8341635050666557e-05 4.0146405592361873e-05 -5.3140743762470025e-05 -3.0666739852696286e-05 4.6702778564865799e-06 1.1376400144126286e-05 -3.7180058982083194e-05 -3.1302060636161639e-05 2.1527047877359357e-05 -4.1684717481859038e-06 1.8661501082641668e-05 1.1659566554858657e-05 -2.4566466536421601e-05 0 0 4.7293484758318992e-05 8.8539751250665562e-07 -4.1786096207107313e-05 -2.5107322659503586e-05 2.8186808560100798e-05 8.9738385203834503e-07 -3.9572745273786303e-06 0 -1.7109232727320185e-05 -3.7560034175669611e-05 -6.787099376452602e-06 9.9100050264006807e-06 -1.1402054418641753e-05 0 3.9546782580887365e-05 -4.489245728233927e-05 9.3037953909017396e-06 3.2347085153513303e-05 8.2504470943362464e-08 5.895236143202364e-06 -6.1445833069354791e-06 5.0686247758174586e-06 1.2842695330467383e-05 -2.066753967214051e-06 9.788067009404429e-06 -3.862514276365173e-07 -1.0293797042527193e-05 0 -3.3549774743378026e-05 1.5441891674146961e-05 1.9031249484708925e-05 -3.07460536344514e-05 3.9225239465568043e-06 -6.1392727253997325e-06 3.0910085800131669e-05 2.2547727715120822e-06 -2.8529418613257818e-05 1.9336958965333819e-06 1.9326526995312488e-05 -2.7360976434246028e-06 2.9177635678185961e-05 0 -5.3572204254429517e-06 -5.6823326480498331e-05 -6.2471703927448887e-06 0 3.0085648035461145e-06 -3.9838094679582541e-05 -7.3478847762373592e-06 2.2946653561418873e-06 -3.5912684292754321e-05 3.2739876425058693e-05 5.0310105103460415e-07 -2.6790277374029204e-05 -2.2702807713317988e-06 -2.9900129818386565e-05 1.3673998335370416e-05 5.5625517210554794e-06 4.5194450680330269e-05 -1.1284250145247087e-05
leaf_weight=118 241 77 48 710 36 2421 88 91 118 36 61 159 51 44 52 38 38 100 38 49 74 114 76 43 41 56 36 35 35 68 85 43 60 93 80 42 78 58 76 38 101 65 57 35 563 45 207 77 221 2709 45 76 580 1534 80 98 38 384 142 67 53 123 94 124 85 76 83 338 67 34 61 40 34 54 41 85 200 132 52 44 170 86 5073 41 105 184 36 125
leaf_count=118 241 77 48 710 36 2421 88 91 118 36 61 159 51 44 52 38 38 100 38 49 74 114 76 43 41 56 36 35 35 68 85 43 60 93 80 42 78 58 76 38 101 65 57 35 563 45 207 77 221 2709 45 76 580 1534 80 98 38 384 142 67 53 123 94 124 85 76 83 338 67 34 61 40 34 54 41 85 200 132 52 44 170 86 5073 41 105 184 36 125
internal_value=-1.54999e-07 -2.86979e-06 1.817e-06 -3.95769e-06 -1.23339e-06 2.40435e-06 -6.06971e-06 2.90132e-06 1.08691e-05 5.37858e-07 -1.05439e-05 3.4323e-06 -7.46158e-06 -1.31088e-05 -5.00245e-06 -1.08022e-05 8.41346e-06 1.74428e-05 -8.37337e-06 -7.03562e-06 -9.45211e-06 1.89487e-06 1.07401e-05 -6.96587e-06 -1.01047e-05 -1.02394e-06 -7.96979e-06 6.60485e-06 2.31354e-05 -9.12558e-06 -1.75128e-05 -2.56317e-05 -2.71042e-06 -1.24015e-05 9.12836e-06 -2.09727e-05 -2.9746e-05 -7.62884e-06 -2.08281e-05 -7.48614e-06 3.81505e-06 4.01999e-06 4.17745e-06 7.32288e-06 8.62857e-06 5.68034e-06 3.10898e-06 5.13698e-06 4.29465e-06 4.90735e-06 -7.3743e-06 -1.64412e-05 4.5274e-07 1.85403e-06 7.20745e-06 1.55108e-05 -1.30409e-05 1.87767e-05 5.79797e-06 -7.04796e-06 1.95786e-05 -1.53251e-05 2.02114e-05 -7.14337e-06 4.63968e-06 6.53508e-07 -3.06578e-06 1.38395e-06 1.53743e-05 -1.96203e-05 -9.76708e-06 -2.36235e-05 -3.48919e-05 -8.01479e-06 -1.91962e-05 -2.60938e-05 -5.05059e-06 -4.05307e-07 -1.36258e-05 1.04552e-05 -6.88306e-06 -1.65424e-05 -1.57639e-06 -2.16656e-06 -1.92829e-06 4.86733e-06 1.24871e-05 -1.6335e-06
internal_weight=20609 8692 11917 1085 5771 10832 2921 383 245 154 138 8355 2538 758 1780 714 228 152 76 1552 1230 322 190 598 132 2477 1156 121 70 555 234 166 321 181 140 91 116 844 134 81 8072 7971 7923 1986 1830 1291 5937 3346 3175 3072 156 111 2591 2194 660 539 103 441 2851 397 89 190 171 283 1246 683 540 421 143 119 1035 110 74 925 187 146 738 486 252 176 310 140 5682 5219 5178 463 220 243
internal_count=20609 8692 11917 1085 5771 10832 2921 383 245 154 138 8355 2538 758 1780 714 228 152 76 1552 1230 322 190 598 132 2477 1156 121 70 555 234 166 321 181 140 91 116 844 134 81 8072 7971 7923 1986 1830 1291 5937 3346 3175 3072 156 111 2591 2194 660 539 103 441 2851 397 89 190 171 283 1246 683 540 421 143 119 1035 110 74 925 187 146 738 486 252 176 310 140 5682 5219 5178 463 220 243
is_linear=0
shrinkage=0.0337242


Tree=72
num_leaves=89
num_cat=0
split_feature=20 4 20 4 31 37 30 31 31 1 55 45 20 54 42 20 31 47 31 47 37 31 52 4 40 47 55 10 1 3 8 20 55 55 22 40 30 36 20 12 17 27 10 47 54 6 20 42 18 3 8 31 4 50 5 1 20 22 10 3 7 4 52 20 18 50 47 52 20 4 27 4 54 11 50 26 54 1 18 1 22 20 4 26 13 22 50 37
split_gain=8.49003e-05 5.32589e-05 4.721e-05 4.42843e-05 4.25026e-05 5.38067e-05 4.14927e-05 5.95361e-05 7.5184e-05 7.76467e-05 5.68277e-05 6.00745e-05 4.76079e-05 4.48815e-05 4.35192e-05 3.73238e-05 4.3419e-05 3.54342e-05 3.41152e-05 3.35901e-05 4.39963e-05 3.32989e-05 3.27785e-05 6.36636e-05 3.24903e-05 3.18666e-05 3.17449e-05 3.05353e-05 3.0388e-05 6.86165e-05 2.96853e-05 2.93357e-05 2.92157e-05 2.85614e-05 4.14013e-05 3.03527e-05 2.84829e-05 2.83415e-05 2.80196e-05 2.7849e-05 3.48944e-05 2.69821e-05 2.65775e-05 2.62292e-05 2.57629e-05 2.56553e-05 3.16557e-05 3.72894e-05 2.56107e-05 3.19612e-05 3.55057e-05 3.02373e-05 2.81309e-05 2.69005e-05 2.84133e-05 2.51788e-05 2.64814e-05 3.00575e-05 2.51226e-05 2.492e-05 2.48661e-05 2.48394e-05 3.11736e-05 2.67766e-05 3.86494e-05 3.58431e-05 2.57741e-05 2.4583e-05 3.54041e-05 4.15916e-05 3.92595e-05 2.4322e-05 2.39281e-05 2.39109e-05 2.52648e-05 2.33373e-05 2.3253e-05 2.30896e-05 2.92352e-05 3.18421e-05 3.62694e-05 2.71134e-05 2.73345e-05 2.29638e-05 2.29377e-05 2.1965e-05 2.15361e-05 2.15067e-05
threshold=1.3887119603680118 -0.57381706145061895 0.064796071375018763 -0.88662445587653338 190.50000000000003 0.0012492197253433093 18.500000000000004 122.50000000000001 20.500000000000004 992.03006778974418 50667.000000000007 0.0038046939839029297 0.1260686883449032 -28.566103874311519 0.0032128534783977263 31.267857142857149 30.500000000000004 -54.726368159220755 209.50000000000003 -128.90985324948426 -0.0013633271501908848 195.50000000000003 0.18232517660950967 -0.0046568488891401425 -0.0011661811545125576 53.333333333347667 6219.5000000000009 -1.8524436090225558 633.27524664140572 0.0039947340892578795 -4.4999999999999991 0.087046725599855684 5177.5000000000009 8706.5000000000018 -0.93881430785879316 0.0027991616226910048 17.500000000000004 -0.0012202567080615843 14.455555555555557 -0.93034351145038163 -0.41724569205113943 -0.64628367572589607 -1.2734962406015033 46.875000000000654 -20.946839500991967 41.750000000000007 0.51382517838939867 0.0036122830672872257 0.017771798805383595 0.52895994408211189 0.049999999999998941 46.500000000000007 -0.073103341059415447 33.333333333333307 -0.39127699146437073 707.69715943941571 3.7860195360195363 -0.88527682723523726 -1.0216165413533831 -0.47335093278729412 0.023202557898375394 -0.33024761150997789 0.35536920122190246 0.495432932932933 -0.083931243739560166 74.999999999999716 -100.0000000000251 0.210029832092993 8.7192118226601014 -0.26368081858782283 -0.77216589609145703 -0.61994742495336075 4.6464294355923101 -0.83396946564885488 87.500000000000412 -0.0057387149874077179 -0.37001821442862676 259.55752976097102 -1.7976931348623157e+308 114.42232017728261 -0.87416575790621576 0.83970301850048701 -0.10753505003109276 -0.0054888507185451392 -0.10131253988191592 -0.92734199058231692 73.333333333333172 0.0032388685202960903
decision_type=2 2 2 2 2 2 2 2 2 2 2 2 2 2 2 2 2 2 2 2 2 2 2 2 2 2 2 2 2 2 10 2 2 2 8 2 2 2 2 10 10 10 2 2 2 8 2 2 10 2 10 2 2 2 2 2 2 10 2 2 10 2 2 2 10 2 2 2 2 2 10 2 2 10 2 10 2 2 10 2 10 2 2 8 8 8 2 2
left_child=2 -2 24 60 15 -6 7 8 9 13 14 58 27 -5 21 16 33 -11 45 -15 -21 28 39 48 -1 -17 -25 -10 32 -30 -26 -29 -9 34 -3 38 -28 -20 44 -18 -41 87 -31 -22 -36 46 59 -48 51 50 -50 52 -24 54 -53 -42 -57 -58 -12 -8 -4 62 63 76 65 -65 -66 -35 69 -69 -71 83 -47 -16 -75 -39 -14 78 -63 -80 -81 85 -83 -61 -70 -79 -45 -32
right_child=1 4 3 6 5 -7 18 10 12 17 11 -13 61 19 73 25 22 -19 37 20 43 -23 23 26 30 -27 36 31 29 42 41 -33 -34 67 35 -37 -38 75 -40 40 55 -43 -44 86 -46 72 47 -49 49 -51 -52 53 -54 -55 -56 56 57 -59 -60 71 -62 77 -64 64 66 -67 -68 68 84 70 -72 -73 -74 74 -76 -77 -78 81 79 80 -82 82 -84 -85 -86 -87 -88 -89
leaf_value=-4.1313423669058517e-05 3.3246518692450664e-05 3.4677950276533739e-05 3.9401010906996041e-05 -4.5980668629249519e-05 5.6665113611369649e-07 -1.3933237617433249e-05 1.1870154500722144e-05 0 5.9098193529640976e-06 -1.3796455721906021e-06 1.3573843945378276e-06 3.8323994931879599e-05 6.5293197694104293e-06 1.1908305115041419e-05 -1.4337636840343761e-06 1.0678793072000082e-05 -1.1234802713286679e-05 4.3899169196543001e-05 2.7172628563674376e-05 -4.134723275649755e-05 -6.7397577429495649e-07 -1.6995878834310233e-06 7.7396500879213047e-06 5.3204997774659194e-06 -3.861418639968994e-05 4.3689888250050906e-05 6.6187442600402639e-05 -2.0733065117851381e-07 -3.9279228516358357e-05 -1.5342481159472112e-05 -7.3270133218571065e-06 -2.4239466253868484e-05 -1.0374436152951408e-05 -6.3004339243752446e-07 1.9785124563179932e-05 -2.6973690591303389e-05 2.2927824163229442e-05 1.2032542997787639e-05 3.1016554125438422e-05 1.9150992690656196e-05 3.9933703251229701e-06 -3.0613191682064637e-05 1.7663045413471127e-05 -3.3943514756423528e-06 -7.0764076404672415e-06 -2.6684805291558335e-05 6.3749037240233367e-06 -1.9533075708318108e-05 3.0607045953322982e-05 -2.6789878910798374e-06 -7.0868074827083638e-07 -2.0819442321158391e-05 -2.0293047217852848e-05 1.0653950963032967e-05 3.6537175931475854e-06 -1.2017749518306866e-05 2.5646681844157359e-05 -4.3831064704162925e-06 -1.8190404725135798e-05 -1.0864116079778164e-05 3.8440397805837521e-06 5.3039035130799189e-06 2.3287044183059808e-05 1.0120482810085402e-05 0 -1.0292236778899461e-05 2.6980768103701705e-05 6.1847961666577113e-06 -1.6709574428503952e-05 -5.8878245546124579e-05 -1.8339689599756308e-05 -1.194723846050973e-05 1.3704937188377723e-06 -3.2555395944302975e-05 -8.3238798652606364e-06 0 -2.0611208552859914e-06 1.5048167985531627e-05 -3.3272387132004023e-06 -6.3798317813537263e-06 -4.1230140938106356e-05 6.7663584604021067e-06 3.7124157083293298e-05 7.1119558897507874e-06 1.1809703695695559e-05 -1.270764089773349e-05 -3.9760796817456681e-05 5.804791939851266e-06
leaf_weight=35 64 45 46 59 2448 329 94 415 95 36 826 48 609 48 75 289 157 35 81 70 150 1107 62 44 35 41 39 100 116 70 782 170 1081 318 54 41 49 340 38 150 1778 51 45 40 163 78 979 66 155 69 48 67 101 622 268 256 55 111 82 130 57 240 104 321 44 137 179 35 58 47 91 400 51 165 87 375 848 43 401 88 65 177 46 213 71 114 49 165
leaf_count=35 64 45 46 59 2448 329 94 415 95 36 826 48 609 48 75 289 157 35 81 70 150 1107 62 44 35 41 39 100 116 70 782 170 1081 318 54 41 49 340 38 150 1778 51 45 40 163 78 979 66 155 69 48 67 101 622 268 256 55 111 82 130 57 240 104 321 44 137 179 35 58 47 91 400 51 165 87 375 848 43 401 88 65 177 46 213 71 114 49 165
internal_value=-1.7054e-07 2.49349e-06 -1.93735e-06 -1.28648e-06 2.23854e-06 -1.11639e-06 -1.49712e-06 -2.69017e-06 7.85357e-08 -1.23694e-05 -5.58389e-06 1.53676e-06 1.70742e-06 -1.80546e-05 -7.76801e-06 4.00729e-06 3.25641e-06 1.95796e-05 2.0323e-06 -1.31686e-05 -1.73768e-05 -6.3731e-06 4.8016e-06 8.72621e-06 -8.73034e-06 1.50731e-05 3.13045e-05 -9.80825e-06 -9.31283e-06 -2.0933e-05 -7.53279e-06 -1.56967e-05 -7.45392e-06 -3.12444e-06 4.54007e-06 0 4.31981e-05 7.94589e-06 4.28853e-06 2.37728e-06 3.32781e-06 -6.3459e-06 -1.58677e-06 -9.95176e-06 0 -2.60372e-07 6.87884e-07 4.64611e-06 6.51572e-06 1.59261e-05 2.27262e-05 4.14403e-06 -9.03731e-06 6.49013e-06 -9.52389e-07 2.20502e-06 -5.10071e-06 4.98426e-06 -3.01495e-07 -4.13851e-06 2.06623e-05 2.96616e-06 5.05412e-06 4.12199e-06 9.66856e-06 3.80345e-06 2.12809e-05 -7.49582e-06 -1.44053e-05 -2.43915e-05 -3.28468e-05 -6.29392e-06 -1.48439e-05 -1.95617e-05 -2.45733e-05 5.63256e-06 1.46319e-06 -9.38889e-07 -4.28128e-06 -8.60817e-06 -2.18173e-05 5.79058e-06 1.3462e-05 1.70644e-08 -2.63635e-07 -4.49007e-06 -2.45024e-05 -4.93693e-06
internal_weight=20526 8163 12363 11295 8099 2777 11192 8385 4268 487 4117 956 3781 416 3161 5322 4992 71 2807 357 309 2834 4031 1524 1068 330 132 365 1727 231 1033 270 1496 961 341 296 88 796 255 2507 2350 998 115 239 217 2011 1882 1045 1392 272 203 1120 163 957 335 2200 422 166 908 837 103 3416 2242 2138 681 458 223 620 302 173 138 743 129 327 252 715 1457 1174 794 554 153 380 223 343 129 157 89 947
internal_count=20526 8163 12363 11295 8099 2777 11192 8385 4268 487 4117 956 3781 416 3161 5322 4992 71 2807 357 309 2834 4031 1524 1068 330 132 365 1727 231 1033 270 1496 961 341 296 88 796 255 2507 2350 998 115 239 217 2011 1882 1045 1392 272 203 1120 163 957 335 2200 422 166 908 837 103 3416 2242 2138 681 458 223 620 302 173 138 743 129 327 252 715 1457 1174 794 554 153 380 223 343 129 157 89 947
is_linear=0
shrinkage=0.0337242


Tree=73
num_leaves=89
num_cat=0
split_feature=20 19 20 19 31 1 52 1 18 29 43 5 19 53 54 31 52 20 9 22 22 0 47 51 15 51 54 53 31 18 31 16 22 12 9 43 47 53 48 1 12 27 20 51 5 19 31 21 1 4 31 36 12 19 20 12 7 12 39 48 16 10 15 39 15 26 21 15 31 12 52 31 1 54 51 22 17 50 4 12 0 17 31 4 15 20 5 54
split_gain=7.93977e-05 5.29011e-05 4.413e-05 5.03629e-05 5.46416e-05 5.37684e-05 8.24051e-05 7.34669e-05 4.81316e-05 6.8197e-05 3.73279e-05 3.58234e-05 3.35669e-05 3.26447e-05 3.18502e-05 6.02143e-05 6.37496e-05 4.66818e-05 3.41219e-05 3.0214e-05 7.92289e-05 3.81767e-05 4.98201e-05 2.83798e-05 2.82221e-05 2.78596e-05 2.77294e-05 2.91504e-05 2.77213e-05 3.09374e-05 2.7551e-05 6.33909e-05 5.84461e-05 3.35759e-05 3.23802e-05 2.68305e-05 2.73718e-05 2.58362e-05 3.73262e-05 2.55944e-05 5.98474e-05 4.30061e-05 3.99733e-05 3.0179e-05 2.53998e-05 2.51852e-05 5.52151e-05 5.55561e-05 4.63891e-05 2.51314e-05 2.45499e-05 2.5602e-05 2.66663e-05 2.62056e-05 2.43489e-05 2.42087e-05 2.54668e-05 2.36363e-05 2.62901e-05 2.35444e-05 2.39903e-05 2.33907e-05 2.30416e-05 2.37003e-05 2.26834e-05 2.19172e-05 2.66118e-05 2.47212e-05 2.18134e-05 3.18926e-05 2.96709e-05 2.1807e-05 2.16877e-05 2.13913e-05 2.2724e-05 2.09227e-05 2.07712e-05 2.04764e-05 2.9688e-05 2.39798e-05 1.982e-05 1.97999e-05 2.43206e-05 1.97236e-05 2.33355e-05 1.96866e-05 1.94933e-05 1.90991e-05
threshold=1.3887119603680118 0.062914533438679157 0.064796071375018763 0.036748927727460419 122.50000000000001 156.34276651146243 0.24123666125773477 40.950999833035389 -0.57720347158770779 10.500000000000002 0.0015186037608793115 0.6255577097282371 -1.4350140563321074 23.488047176457062 0.77047525711088738 16.500000000000004 0.27633600110353379 0.309266714761118 -0.95133587786259521 -0.93499020209996775 -0.95559386029713533 57.500000000000007 -16.666666666688069 33.333333333333378 0.033876940208763258 77.777777777776663 -8.6305862787955991 29.670278310145928 85.500000000000014 -0.11265966909819462 80.500000000000014 0.48966165413533841 -0.9502866251352694 -0.80057251908396931 -0.63263358778625933 -0.0031323433460393453 -118.05555555556121 41.150790272187628 8.5116561068389682 625.63510651332956 -0.067748091603053423 981.16300850484993 18.017241379310349 67.499999999999304 -0.16931093539821757 3.2243351769609778 100.50000000000001 -0.16890592224717318 723.55959587467089 -0.27170840635423138 262.50000000000006 -0.0033841044434264607 -0.39026717557251905 0.023633312036341895 0.64719012605042037 -0.68988549618320605 0.39602956849867499 -0.96660305343511432 0.0016515287892425736 65.716727598018181 0.51973684210526327 -1.1945488721804509 0.063173590619805195 0.0010136850044493164 0.011928365560576195 -0.0064788176162803371 -0.38211405934445558 0.19334280306746141 41.500000000000007 -0.21660305343511446 0.20401921502516154 257.50000000000006 115.29248493150162 -32.624534435008087 22.222222222221831 -0.90061864621395737 -0.34178527544542286 3.8961426677512162e-13 -0.27606139408672054 -0.4971374045801526 13.500000000000002 -0.027354378163307099 77.500000000000014 -0.0051656396630674417 0.093893594058096289 1.112399732620321 0.071704862973335823 9.6746035919728204
decision_type=2 2 2 2 2 2 2 2 10 2 2 2 2 2 2 2 2 2 10 8 10 2 2 2 10 2 2 2 2 10 2 2 10 10 10 2 2 2 2 2 8 10 2 2 2 2 2 2 2 2 2 2 10 2 2 8 10 10 2 2 2 2 10 2 8 10 2 10 2 8 2 2 2 2 2 10 10 2 2 8 2 10 2 2 10 2 2 2
left_child=2 10 30 4 5 6 68 -8 9 37 39 12 23 59 17 16 -16 18 -5 20 65 22 -22 -6 -17 44 -25 -28 29 55 31 32 34 -33 -1 36 -19 -7 -39 50 42 -42 43 -41 -20 49 -47 48 -48 -26 51 53 71 -2 -10 -9 -57 -34 -59 60 -14 -54 63 -56 -21 -3 -67 -68 69 83 -70 77 -46 -37 -75 -38 -74 -53 79 -79 -44 -66 -83 84 -4 -29 -64 -51
right_child=1 19 3 14 11 8 7 28 54 -11 -12 -13 13 -15 15 24 -18 35 25 64 21 -23 -24 26 45 -27 27 85 -30 -31 -32 33 57 -35 -36 73 75 38 -40 40 41 -43 80 -45 72 46 47 -49 -50 87 -52 52 61 -55 62 56 -58 58 -60 -61 -62 -63 86 -65 81 66 67 -69 70 -71 -72 -73 76 74 -76 -77 -78 78 -80 -81 -82 82 -84 -85 -86 -87 -88 -89
leaf_value=2.2745822515340593e-05 1.8312282902337045e-05 3.0023267298177313e-05 -5.3818629035275972e-06 2.0798811386470513e-05 -2.9876313538207472e-05 -1.0092798819362287e-05 -5.6071087156374652e-05 -2.6169738539917647e-05 -3.1704056864137864e-06 5.8176684949252685e-05 -6.0375070534152912e-06 1.2226838884545138e-05 -4.0238173908179629e-05 -4.9588343372629447e-06 -2.1218516239352734e-06 -4.1105648938539825e-06 5.4701662827398054e-05 -5.2167507496337752e-06 -1.0821192074435669e-06 -1.4143251780415925e-05 2.4064850588079495e-05 1.1108329908907018e-05 8.7097885875258996e-05 8.38597184592743e-06 4.4370039473648248e-06 -1.6811781109326863e-06 4.4151003944663906e-06 -3.7719044437800393e-05 6.2063220698056559e-06 -3.7269809776487034e-05 -3.6475534330872554e-06 -6.3947528870843728e-05 -4.5253804757742313e-05 -2.2397827175476886e-05 -8.8963914518183944e-06 -1.4185154280231269e-05 4.2689501996985068e-05 -5.4864501852613723e-06 2.6565781814863297e-05 -9.2792840709647242e-06 4.1116034730788358e-05 -2.3717164955276642e-06 2.1733068101654138e-05 8.8049301262703098e-06 -8.0903286791850147e-06 -1.6680399902422811e-05 5.654686680589795e-05 8.6453734575254101e-07 1.4349454630135319e-05 8.2929602017889006e-08 -1.9406146473706303e-05 1.1954459450786316e-05 -1.9800863413912757e-06 -3.0154607509276801e-06 8.5524660320711562e-06 -1.204888406921309e-05 2.2837657963792952e-05 -3.0248189391335638e-05 0 -2.5104421358137095e-07 -7.8966669175958355e-06 8.1323732165845168e-06 9.7400511429302905e-06 4.4796727636497655e-05 8.3272710586443817e-06 -1.3352874478053863e-05 0 3.0687670352907067e-05 1.0216192506061673e-06 1.0923450014673885e-05 3.3039306997513091e-05 3.0491812376193252e-05 -4.7730939850805289e-06 -8.2109887818013259e-06 2.2670913338984365e-06 1.0833071090831085e-05 -3.1138629001658788e-05 4.1123598259993821e-06 2.3448879894109801e-06 4.5487295636606097e-05 -2.3932264979694124e-06 -2.0367750686244154e-05 7.7299816372977201e-06 8.6028365604959485e-06 -2.7548283092407332e-05 -5.9521681601869513e-06 -6.6718421600760676e-06 -1.5264142067303568e-05
leaf_weight=84 241 37 124 42 146 53 54 59 627 40 733 95 78 1624 34 599 52 53 133 61 34 38 34 62 1757 329 43 71 64 69 622 37 36 88 60 116 42 56 121 866 59 39 89 114 152 53 63 102 71 257 53 372 1571 80 76 63 38 57 84 57 52 311 186 34 945 81 81 47 730 78 35 39 53 273 1642 81 182 41 1971 34 57 65 70 36 118 44 142 134
leaf_count=84 241 37 124 42 146 53 54 59 627 40 733 95 78 1624 34 599 52 53 133 61 34 38 34 62 1757 329 43 71 64 69 622 37 36 88 60 116 42 56 121 866 59 39 89 114 152 53 63 102 71 257 53 372 1571 80 76 63 38 57 84 57 52 311 186 34 945 81 81 47 730 78 35 39 53 273 1642 81 182 41 1971 34 57 65 70 36 118 44 142 134
internal_value=-1.65086e-07 2.41099e-06 -1.87383e-06 -1.24422e-06 -3.74057e-06 -5.52803e-07 -5.03748e-06 -1.94069e-05 4.30626e-06 1.70471e-05 1.10975e-06 -7.63081e-06 -8.54176e-06 -6.57462e-06 7.77057e-07 3.19151e-06 3.11127e-05 -1.6249e-06 -8.15195e-06 8.15956e-06 1.69276e-05 4.1462e-05 5.70029e-05 -1.80112e-05 2.36876e-06 -9.698e-06 -9.69778e-06 -1.74057e-05 -1.23197e-05 -1.79194e-05 -8.44202e-06 -1.49117e-05 -6.60513e-06 -3.54699e-05 8.89033e-06 9.66371e-07 1.3602e-05 9.47384e-06 1.58789e-05 2.00846e-06 -2.29106e-06 2.28234e-05 -4.56271e-06 -7.07698e-06 -1.45843e-05 4.001e-06 1.34327e-05 2.0605e-05 3.49099e-05 2.68703e-06 3.14558e-06 3.42281e-06 2.71452e-06 1.26958e-05 9.85433e-07 -8.9704e-06 1.19749e-07 -1.97577e-05 -1.25625e-05 -2.009e-05 -2.80451e-05 -2.57646e-07 7.15522e-06 2.0634e-05 5.36991e-06 5.96285e-06 1.24086e-06 1.12311e-05 -5.03285e-07 -7.47095e-06 2.61284e-06 5.03046e-06 -1.89748e-05 -8.10026e-08 7.22875e-07 2.24967e-05 -2.56037e-05 4.57981e-06 3.19173e-06 2.41578e-05 1.16519e-05 6.56154e-06 -5.08258e-06 -1.29797e-05 -1.65897e-05 -2.64053e-05 2.34021e-06 -4.92948e-06
internal_weight=20526 8163 12363 11295 5075 2803 1468 347 1335 270 6670 2272 2177 1811 6220 3122 86 3098 891 1493 352 106 68 366 3036 849 220 158 293 229 1068 446 321 125 144 2207 176 230 177 5937 1224 98 1126 980 520 2437 289 236 134 2148 4713 4660 4339 321 1065 160 101 177 141 187 130 1882 438 110 1141 246 209 128 1121 356 765 2457 387 2031 1915 123 235 2418 2046 75 146 1080 135 278 242 115 328 391
internal_count=20526 8163 12363 11295 5075 2803 1468 347 1335 270 6670 2272 2177 1811 6220 3122 86 3098 891 1493 352 106 68 366 3036 849 220 158 293 229 1068 446 321 125 144 2207 176 230 177 5937 1224 98 1126 980 520 2437 289 236 134 2148 4713 4660 4339 321 1065 160 101 177 141 187 130 1882 438 110 1141 246 209 128 1121 356 765 2457 387 2031 1915 123 235 2418 2046 75 146 1080 135 278 242 115 328 391
is_linear=0
shrinkage=0.0337242


Tree=74
num_leaves=89
num_cat=0
split_feature=20 31 20 31 31 31 20 19 4 31 20 31 20 1 4 4 12 37 50 54 31 53 43 40 45 50 52 0 29 9 0 18 50 30 13 3 52 43 11 40 26 10 19 19 31 38 15 47 19 0 15 31 30 15 31 29 53 20 26 26 52 48 9 52 5 18 3 50 5 2 22 31 20 22 26 15 54 19 48 9 18 5 52 13 15 19 52 40
split_gain=9.65159e-05 5.31111e-05 5.14916e-05 5.43743e-05 5.34514e-05 5.2912e-05 5.27125e-05 4.74188e-05 4.66977e-05 4.50808e-05 5.31572e-05 5.2675e-05 4.50778e-05 4.43395e-05 4.38313e-05 5.3264e-05 4.33266e-05 4.21737e-05 4.0659e-05 4.32708e-05 3.95846e-05 3.94399e-05 4.14667e-05 3.79421e-05 3.71946e-05 3.54667e-05 3.34137e-05 6.62171e-05 4.16122e-05 4.34596e-05 3.36392e-05 3.31e-05 3.21641e-05 3.17576e-05 3.14064e-05 2.98082e-05 2.97554e-05 2.91244e-05 2.84371e-05 3.18571e-05 2.91823e-05 2.79567e-05 2.77867e-05 2.76631e-05 5.44798e-05 3.49356e-05 2.7527e-05 2.74619e-05 2.74467e-05 2.80625e-05 2.74443e-05 3.37554e-05 4.62693e-05 2.7342e-05 2.72099e-05 4.77349e-05 3.92085e-05 2.71086e-05 2.74817e-05 3.85757e-05 2.69856e-05 2.6509e-05 4.0252e-05 3.86108e-05 7.69607e-05 3.46467e-05 2.56566e-05 2.49929e-05 2.49299e-05 2.47896e-05 3.06649e-05 2.418e-05 2.37944e-05 2.36305e-05 2.36163e-05 2.36016e-05 2.3577e-05 2.34804e-05 2.32768e-05 2.26614e-05 2.24477e-05 2.48852e-05 2.22977e-05 2.22731e-05 2.4112e-05 2.16454e-05 2.15506e-05 2.15438e-05
threshold=2.0105823068309077 235.50000000000003 0.064796071375018763 129.50000000000003 93.500000000000014 103.50000000000001 0.31514399578915714 -0.91619277091865559 -0.88662445587653338 191.50000000000003 35.928571428571438 66.500000000000014 0.45796355925547794 156.45785940986323 -0.00066425462151619634 -0.12948018542597092 -0.47232824427480907 0.0015026304499988765 3.1382304162737767e-13 -13.824320569049894 6.5000000000000009 36.581540514232408 -0.0030287741185823776 0.0024645727162841973 -0.0018467236428371667 16.66666666666838 0.18716310343696127 400.50000000000006 11.500000000000002 -0.79484732824427462 2.5000000000000004 -0.095627685470285814 33.333333333334615 18.500000000000004 -0.31755619739785185 -0.099093574887146305 0.29462694579954096 -0.003502637713164058 -0.39599236641221369 0.0013504395083342449 -0.006799082606046297 -0.83646616541353347 0.37181013041414351 -7.3400299025776112 59.500000000000007 -0.0039151717055075355 0.16097152983632343 111.11111111112338 -0.1145122257509925 15.500000000000002 0.021972494850282846 150.50000000000003 17.500000000000004 0.035035426249850427 28.500000000000004 10.500000000000002 29.067410594898163 0.10874113152628707 0.0038516265621834607 -0.00028434093716925068 0.15007141873957944 75.857399403448611 -0.65171755725190827 0.18991669230733335 0.11566611257616728 0.083042552335998249 -0.37062055223305607 8.3333333333329609 -0.31445729935341743 -1.0000000180025095e-35 -0.87416575790621576 108.50000000000001 10.020000000000001 -0.87364261907321772 -0.0012696350515560958 0.10450977418591977 -20.589557705484925 -11.699974573151847 69.762163179761586 -0.8692748091603052 0.16809140345410153 -0.2517866283912239 0.18485270734046927 -0.024516557292261393 0.042196767656459959 0.027249287750612087 0.2725487618351583 -0.0016273403776383419
decision_type=2 2 2 2 2 2 2 2 2 2 2 2 2 2 2 2 8 2 2 2 2 2 2 2 2 2 2 2 2 8 2 8 2 2 10 2 2 2 10 2 10 2 2 2 2 2 10 2 2 2 10 2 2 10 2 2 2 2 10 10 2 2 10 2 2 8 2 2 2 2 10 2 2 10 10 10 2 2 2 10 8 2 2 10 8 2 2 2
left_child=1 2 61 4 8 6 -6 77 -4 10 11 14 36 26 15 38 18 48 -17 76 -15 32 60 69 -8 67 42 28 41 34 -31 -16 -13 -3 -30 -27 -9 -14 39 72 -40 46 -10 44 -22 -45 -28 -7 49 -11 -38 -52 -53 -21 55 56 -47 -56 59 -59 -23 78 65 -64 -65 -63 -32 -12 -61 -24 85 -49 -2 86 -55 -70 -20 -5 83 -35 81 -62 -37 -1 -85 -71 -58 -26
right_child=9 33 3 7 5 47 24 12 13 17 25 21 37 20 31 16 -18 -19 19 53 43 22 23 -25 87 35 27 -29 29 30 66 -33 -34 79 -36 82 50 -39 40 -41 -42 -43 -44 45 -46 54 -48 71 -50 -51 51 52 -54 74 57 -57 73 58 -60 68 80 62 63 64 -66 -67 -68 -69 75 70 -72 -73 -74 -75 -76 -77 -78 -79 -80 -81 -82 -83 -84 84 -86 -87 -88 -89
leaf_value=-1.6399113638390822e-05 -7.9004304817233802e-06 9.0547397342166473e-07 2.5235542298329182e-05 -3.0332957820615499e-05 -8.8601385473410973e-07 1.9334567107545694e-07 5.2971144498921202e-05 -5.1674236717957644e-06 -5.1773003697986184e-07 4.0342841590671319e-06 1.779219326284215e-05 -2.4323740548959642e-06 1.3814382374653542e-05 3.1506535964294152e-05 7.9581348841226934e-07 3.1187457521966837e-05 -1.0551661491790603e-05 -1.4210287843831715e-05 -6.2783626855191545e-07 -8.4478114830808172e-06 4.7430206034874578e-05 0 0 4.0254466769917617e-05 4.2822841941757528e-05 5.9120279811188112e-05 -2.3390994519134551e-06 2.9496763634300444e-05 2.2258167857629363e-05 2.4786487009623496e-06 0 4.3819549517695875e-05 1.1117129681384951e-05 3.8563649060180565e-05 -1.2567411795266498e-05 0 5.6493843455547146e-07 -1.083496222085455e-06 0 2.2543013410093491e-05 3.112401726772899e-05 -2.7837186307886105e-05 -2.7086124655312417e-05 -2.5131124214498317e-05 -2.8476471994125511e-06 -2.6833342200803933e-05 2.7883186912037806e-05 -6.8276167224124542e-06 7.8953031117784491e-06 -5.3614404109723649e-06 1.626007896777673e-06 -5.6870389350937317e-05 -1.6303895520472518e-05 1.400751605265748e-05 -2.3062528051585179e-05 4.489102898285459e-05 3.6243577261790478e-05 -1.9468422654874552e-06 -2.3524320860183299e-05 -8.5987712720144789e-06 3.9309808926081636e-05 -3.1519723900281761e-07 -3.220730851976835e-06 -6.3626623869127329e-05 0 3.231637029612986e-05 -2.8681707061322464e-05 -1.4238061577459548e-05 3.1597440737071062e-05 1.589099970633667e-05 3.35908161866406e-06 2.1817274723952095e-05 2.1697570323772403e-05 0 -1.3780742956013913e-06 6.3171518865620847e-06 -3.0675571338963472e-05 -9.5180605583461839e-06 -3.4776642804148845e-05 9.2908125298178451e-06 4.0748634971914699e-05 3.5436027474107502e-06 2.9144782247592125e-05 -1.768834180609778e-05 1.8584939326186651e-05 4.7084511629073301e-05 0 1.3598455222215915e-05
leaf_weight=299 189 929 72 74 182 1450 39 1314 1181 661 65 470 156 50 45 49 596 220 61 159 42 40 316 43 36 34 219 44 45 47 38 46 336 35 85 39 59 3272 46 74 108 41 47 61 51 37 40 39 535 787 39 55 101 269 61 40 56 910 54 42 38 227 143 44 39 43 360 46 90 139 207 130 36 103 178 101 74 688 67 484 114 70 110 35 49 38 36 329
leaf_count=299 189 929 72 74 182 1450 39 1314 1181 661 65 470 156 50 45 49 596 220 61 159 42 40 316 43 36 34 219 44 45 47 38 46 336 35 85 39 59 3272 46 74 108 41 47 61 51 37 40 39 535 787 39 55 101 269 61 40 56 910 54 42 38 227 143 44 39 43 360 46 90 139 207 130 36 103 178 101 74 688 67 484 114 70 110 35 49 38 36 329
internal_value=1.69901e-07 -1.35118e-06 -2.0458e-06 -1.43503e-06 7.54764e-07 4.97224e-06 1.36806e-05 -3.79374e-06 -1.57331e-06 3.67476e-06 5.79386e-06 4.67479e-06 -2.57365e-06 -2.09557e-06 7.43489e-07 -3.35281e-07 -3.66716e-06 -1.62692e-07 1.40436e-06 -4.34665e-07 1.87432e-06 8.81105e-06 1.32982e-05 9.02514e-06 2.0482e-05 1.97046e-05 -5.34683e-06 -1.02305e-05 -1.23387e-05 -1.76721e-05 -2.2685e-05 2.36063e-05 3.09613e-06 4.75206e-06 0 2.8916e-05 -7.31366e-06 -3.77333e-07 9.64558e-06 3.19772e-06 2.15368e-05 -1.7942e-06 -1.61331e-06 9.37105e-07 1.88192e-05 -4.74184e-08 1.95525e-06 1.76054e-06 1.34705e-06 -1.00562e-06 -1.80361e-05 -2.41598e-05 -3.12258e-05 3.27757e-06 8.89478e-07 1.05968e-05 4.2673e-06 -1.13256e-06 0 1.09569e-06 2.5047e-05 -9.63689e-06 -3.9947e-06 -1.45992e-05 -3.30386e-05 4.5237e-06 -2.58994e-05 3.6476e-06 1.33934e-05 6.96868e-06 1.27258e-05 1.4635e-05 -2.73515e-06 1.06641e-05 7.66458e-06 1.87354e-05 -1.78144e-05 -1.16663e-05 -1.5641e-05 1.14511e-05 2.96419e-05 1.7023e-05 2.13749e-05 -1.20412e-05 2.32038e-06 2.3134e-05 2.30905e-05 1.67457e-05
internal_weight=20548 14310 12862 11916 6158 2205 586 5758 3953 6238 4035 3741 4996 3881 1930 1839 1386 2203 790 741 1734 1811 1005 743 404 294 2147 919 875 575 445 91 806 1448 130 183 1568 3428 453 299 154 300 1228 1684 93 1591 259 1619 1983 1448 254 195 156 606 1530 272 232 1258 1197 1143 262 946 496 226 83 270 398 111 233 700 384 169 225 195 447 191 135 762 450 519 222 108 149 383 84 177 92 365
internal_count=20548 14310 12862 11916 6158 2205 586 5758 3953 6238 4035 3741 4996 3881 1930 1839 1386 2203 790 741 1734 1811 1005 743 404 294 2147 919 875 575 445 91 806 1448 130 183 1568 3428 453 299 154 300 1228 1684 93 1591 259 1619 1983 1448 254 195 156 606 1530 272 232 1258 1197 1143 262 946 496 226 83 270 398 111 233 700 384 169 225 195 447 191 135 762 450 519 222 108 149 383 84 177 92 365
is_linear=0
shrinkage=0.0337242


Tree=75
num_leaves=89
num_cat=0
split_feature=20 33 20 52 26 13 16 20 38 47 48 52 48 45 48 19 20 29 26 19 15 52 26 52 27 19 19 22 1 18 39 2 45 22 21 27 19 37 2 27 9 54 15 15 39 5 20 3 27 2 22 19 20 21 52 40 17 7 47 19 50 19 8 48 43 15 55 7 9 39 0 26 37 15 0 52 13 52 48 39 29 40 47 27 26 22 19 22
split_gain=9.0841e-05 4.76916e-05 4.89758e-05 4.11891e-05 5.38182e-05 3.80651e-05 4.07523e-05 3.79085e-05 4.42215e-05 4.0394e-05 3.08865e-05 4.2219e-05 2.81339e-05 3.21314e-05 2.78602e-05 2.79858e-05 3.95588e-05 3.04014e-05 2.77205e-05 2.66427e-05 3.33903e-05 2.91075e-05 2.64913e-05 2.87547e-05 2.9604e-05 4.17122e-05 3.00293e-05 2.59784e-05 2.64734e-05 4.39559e-05 2.71401e-05 2.62958e-05 2.80468e-05 2.74242e-05 2.5655e-05 2.92386e-05 2.49602e-05 2.48741e-05 2.51813e-05 2.43837e-05 2.58811e-05 2.51647e-05 2.41584e-05 2.38623e-05 5.64606e-05 3.00723e-05 2.42212e-05 2.36525e-05 2.54707e-05 2.36124e-05 2.69868e-05 2.34836e-05 2.29884e-05 2.59097e-05 2.53443e-05 2.24954e-05 2.93661e-05 2.39899e-05 2.22768e-05 2.17369e-05 2.15243e-05 2.13904e-05 2.1317e-05 2.09809e-05 2.4962e-05 2.5554e-05 2.11815e-05 2.08199e-05 2.05983e-05 2.01847e-05 1.98647e-05 3.10806e-05 2.92556e-05 3.46993e-05 2.77933e-05 4.08149e-05 5.70182e-05 2.45703e-05 1.98363e-05 2.20667e-05 3.35225e-05 1.97254e-05 2.65239e-05 2.54246e-05 2.29783e-05 1.96219e-05 1.99246e-05 1.93018e-05
threshold=2.4921855921855927 1.0000000180025095e-35 0.064796071375018763 0.43290022781961374 -0.0091698369160515634 -0.56105024281789651 0.51409774436090239 27.133928571428577 -0.0032336318626450806 -62.805297557620676 60.6802675801489 0.40730651661106587 75.857399403448611 0.0086353141070539836 -1.0000000180025095e-35 0.018928543174792981 1.9636834667922753 8.5000000000000018 -0.0098142879564572568 -0.0023894673174655874 0.026741425110144032 0.090034756519504863 0.00054179123249565502 0.23185749465095642 -37.09639258520955 4.6002721057025449 0.58566108782892468 -0.97323125968822188 2330.5830006822612 0.034735656353481616 0.0036979972695220247 -0.39634542956867047 0.0013670546373334427 -0.7093679623292678 -0.52712072005239163 -0.52562796498953424 -11.699974573151847 -0.0021390398799392414 0.18840786638501791 -80.654799504202828 -0.27003816793893126 6.9778619865122744 0.011928365560576195 0.45248818887114345 -0.0043573191570153704 -0.2205144566874582 7.9848484848484862 0.63923856363064846 -75.443217687950877 -0.0046244455624706192 -0.96357716189610776 -0.79577957739444105 0.31514399578915714 -0.42174303998343415 0.18621922877603661 0.0024645727162841973 -0.26455669816564753 0.082159522986519198 -81.481481481483186 -1.0698122138540211 33.33333333333335 9.1750323222410675 -0.099999999999996078 24.821946771388266 0.0033955955263460518 0.026741425110144032 42557.500000000007 0.59634606521488664 -0.30820610687022892 0.0012084596557021545 96.500000000000014 0.005307830213189437 -0.0012730749906807446 0.12416552257163051 540.50000000000011 0.19659859071422126 -0.017229975080099675 0.29080485207018447 5.5634270862114539 -0.0032025641025640868 13.500000000000002 0.0015302227779573354 72.916666666666686 -4.2894873295093019 -0.0002347743957647741 -0.9502866251352694 0.37181013041414351 -0.93881430785879316
decision_type=2 2 2 2 10 10 2 2 2 2 2 2 2 2 2 2 2 2 10 2 10 2 10 2 8 2 2 8 2 10 2 2 2 8 2 8 2 2 2 10 10 2 10 10 2 2 2 2 10 2 10 2 2 2 2 2 10 10 2 2 2 2 10 2 2 10 2 8 10 2 2 10 2 10 2 2 10 2 2 2 2 2 2 10 8 10 2 8
left_child=1 2 12 5 -5 18 14 8 43 78 11 61 34 42 -7 27 22 -18 -4 81 62 -22 23 52 25 26 49 -16 30 68 31 33 36 60 -1 39 -33 -12 55 40 41 -36 -14 44 -2 -46 -47 48 -23 -25 -51 -11 53 54 -17 56 -39 -57 -40 -35 -29 70 -21 -26 65 -65 -67 -64 -30 -28 71 72 73 87 75 -72 77 -77 -9 80 -80 82 83 -10 -84 -50 -87 -8
right_child=7 -3 3 4 -6 6 10 9 19 51 37 -13 13 -15 15 16 17 -19 -20 20 21 47 -24 24 63 -27 69 28 29 -31 -32 32 -34 59 35 -37 -38 38 58 -41 -42 -43 -44 -45 45 46 -48 -49 85 50 -52 -53 -54 -55 -56 57 -58 -59 -60 -61 -62 -63 67 64 -66 66 -68 -69 -70 -71 74 -73 -74 -75 -76 76 -78 -79 79 -81 -82 -83 84 -85 -86 86 -88 -89
leaf_value=-3.2288097403166587e-05 5.0818086597254013e-05 6.916852184436039e-06 -2.6197629173797589e-05 5.3631232758600807e-05 0 2.5322557865130151e-05 0 -1.4204694141121181e-05 -2.8709317898592039e-05 3.7681503692855814e-06 -9.0736147194505296e-06 3.3271309666784823e-05 1.5885775031094523e-05 -3.202624379448101e-05 -1.1737873359854398e-05 0 4.4958752900376171e-05 5.5673616993101567e-06 -5.9242132757101481e-06 1.519966879445614e-05 3.300943157084805e-05 -2.2503561494699192e-06 9.0804804486475609e-06 0 1.3421272374181671e-05 1.717371476518209e-05 -5.4420520331722808e-05 -1.3501716722095156e-05 8.4734929997499663e-06 -2.0060124225004003e-05 -2.0003438202874382e-05 -3.0717407596697168e-05 -1.162588003637364e-05 3.8410365175576193e-05 1.2340035006249246e-05 -3.7845299568271821e-05 -2.50959450710958e-06 -3.6422010026292359e-06 4.0508592490042602e-05 9.9872254451472975e-07 -4.2682756801585818e-05 -2.0158665734669454e-05 -4.2653683855871893e-06 -4.287018556770416e-06 -4.2270736715513122e-06 9.5955636851149834e-06 3.479633130332656e-05 3.4470257109243821e-05 -4.9103759294575742e-07 -4.79301855075262e-05 -1.057430902853544e-05 2.7810418059103011e-05 2.8212184823187509e-06 -6.9145037212608369e-06 2.6687003103939649e-05 -2.9534520784653148e-06 7.4099838396372353e-06 2.8295173934325763e-05 1.1437831219964775e-05 7.2080773852305269e-06 3.3453991081588673e-06 -2.7013460731877417e-05 0 -2.2270791132140171e-05 -1.7244281255073487e-05 5.9014560748023923e-07 2.9433788049399226e-05 -2.6874474783407499e-05 3.8358973877361859e-05 -1.900449800456844e-05 -1.667470016301776e-06 -2.7473609647679534e-05 -9.4311110550990173e-07 1.5134821092400788e-06 1.9872471345904261e-05 -2.7074522131487953e-05 -6.158184381721851e-05 2.1123825739840859e-06 4.5261834803316676e-05 1.6872583711817326e-06 0 -7.6426727242791205e-06 5.6728040719954418e-06 6.3220714786963512e-07 3.5099937889604234e-05 1.0748651720163629e-05 3.7036616667733495e-05 2.2929632468862683e-05
leaf_weight=86 49 789 91 36 46 41 54 54 34 73 119 42 81 41 478 195 37 74 706 34 55 279 279 127 88 41 39 119 96 42 118 37 547 37 39 42 2255 460 38 175 36 74 398 67 94 160 70 36 141 34 93 199 1491 759 51 34 648 84 278 121 302 35 66 46 125 214 35 68 44 59 325 43 1692 448 40 58 35 63 39 221 39 328 127 2472 45 414 40 184
leaf_count=86 49 789 91 36 46 41 54 54 34 73 119 42 81 41 478 195 37 74 706 34 55 279 279 127 88 41 39 119 96 42 118 37 547 37 39 42 2255 460 38 175 36 74 398 67 94 160 70 36 141 34 93 199 1491 759 51 34 648 84 278 121 302 35 66 46 125 214 35 68 44 59 325 43 1692 448 40 58 35 63 39 221 39 328 127 2472 45 414 40 184
internal_value=1.65176e-07 -1.13578e-06 -1.57894e-06 -1.04755e-06 2.27228e-05 -1.19908e-06 -7.42211e-07 4.01961e-06 2.92812e-06 1.18616e-05 1.74732e-06 -2.54326e-07 -8.90518e-06 -3.31528e-06 -2.20628e-06 -2.35977e-06 -2.30863e-07 1.95687e-05 -8.36028e-06 1.8204e-06 6.2296e-06 8.69165e-06 -8.55022e-07 -1.69949e-06 -6.86598e-06 -1.38434e-05 -1.77308e-05 -4.25813e-06 -3.27051e-06 9.11388e-06 -3.93528e-06 -3.35227e-06 -4.70178e-06 3.0978e-06 -1.51222e-05 -1.08246e-05 -3.00713e-06 5.44366e-06 6.62668e-06 -7.02355e-06 -1.70944e-05 -8.08692e-06 -6.5597e-07 1.31285e-05 1.65159e-05 1.10299e-05 1.76856e-05 7.11567e-06 5.87834e-06 -1.10403e-05 -2.13362e-05 2.17133e-05 1.26768e-07 -3.77449e-06 5.52067e-06 4.32788e-06 2.7343e-06 1.84722e-05 1.52396e-05 1.51267e-05 -1.18702e-06 -7.59781e-07 -7.33719e-06 -1.27781e-06 -4.58776e-06 4.47519e-07 5.03267e-06 -1.37768e-05 1.85565e-05 -3.4085e-05 -4.14594e-07 8.35709e-07 1.38826e-06 7.27941e-06 -6.41006e-06 -8.79668e-06 -2.30296e-05 -1.10792e-05 3.99678e-06 7.60728e-06 2.31414e-05 1.26363e-07 1.114e-06 1.95546e-07 1.39337e-05 9.85239e-06 1.32777e-05 1.77268e-05
internal_weight=20548 15344 14555 13583 82 13501 12704 5204 4579 625 4680 3019 972 520 8024 7983 3787 111 797 4139 1133 965 3676 3397 901 393 352 4196 3718 182 3536 3418 2839 579 452 366 2292 1661 1542 324 149 113 479 440 373 324 230 910 874 254 127 272 2496 1005 246 1226 1108 118 316 158 421 2977 168 508 420 295 249 134 140 98 2942 2421 2378 686 521 481 156 121 353 299 78 3006 2678 2506 172 595 454 238
internal_count=20548 15344 14555 13583 82 13501 12704 5204 4579 625 4680 3019 972 520 8024 7983 3787 111 797 4139 1133 965 3676 3397 901 393 352 4196 3718 182 3536 3418 2839 579 452 366 2292 1661 1542 324 149 113 479 440 373 324 230 910 874 254 127 272 2496 1005 246 1226 1108 118 316 158 421 2977 168 508 420 295 249 134 140 98 2942 2421 2378 686 521 481 156 121 353 299 78 3006 2678 2506 172 595 454 238
is_linear=0
shrinkage=0.0337242


Tree=76
num_leaves=89
num_cat=0
split_feature=20 19 42 20 55 20 31 9 4 37 38 36 0 54 45 53 4 43 21 41 52 31 3 52 0 20 19 31 31 31 0 53 10 17 52 20 12 19 26 52 17 45 52 53 26 38 9 41 54 55 3 53 43 50 52 48 50 52 20 8 31 17 52 52 31 7 19 48 13 20 3 19 48 48 10 29 31 52 52 16 11 9 10 12 31 38 52 41
split_gain=7.03532e-05 4.84846e-05 4.13278e-05 4.52465e-05 3.63908e-05 3.18943e-05 3.67614e-05 3.43067e-05 3.26549e-05 3.26053e-05 2.98462e-05 2.97284e-05 3.41144e-05 4.51951e-05 4.18789e-05 3.4419e-05 2.96734e-05 4.05766e-05 5.57859e-05 3.28944e-05 3.33292e-05 3.33341e-05 3.03549e-05 3.77335e-05 3.76256e-05 2.91646e-05 8.52068e-05 5.36453e-05 7.30847e-05 4.10117e-05 3.56885e-05 2.8953e-05 2.81978e-05 2.81564e-05 2.77079e-05 2.74928e-05 2.72742e-05 2.71615e-05 3.33299e-05 2.66989e-05 2.58894e-05 2.51815e-05 2.50898e-05 2.47154e-05 2.47989e-05 2.46331e-05 2.38904e-05 2.29737e-05 2.29212e-05 2.67422e-05 2.27138e-05 2.67878e-05 2.3103e-05 2.25725e-05 2.2469e-05 2.16547e-05 2.13849e-05 2.48084e-05 2.57398e-05 2.3183e-05 2.11096e-05 2.09729e-05 2.01324e-05 2.65771e-05 2.00737e-05 2.04191e-05 5.39223e-05 2.44627e-05 3.48376e-05 2.30688e-05 2.87185e-05 2.98644e-05 2.06718e-05 2.00843e-05 2.7217e-05 2.40907e-05 4.24118e-05 1.99455e-05 1.98016e-05 1.97823e-05 2.00008e-05 1.96527e-05 1.96078e-05 1.98324e-05 1.95467e-05 1.9412e-05 2.04968e-05 1.91694e-05
threshold=0.68214487396683621 0.027249287750612087 0.007729475814582166 0.011560736560736562 4974.5000000000009 8.7192118226601014 239.50000000000003 -0.79484732824427462 -0.0037275990728701442 0.0031771267065384694 0.0025429126615388324 0.0013956740920814117 145.50000000000003 -27.833440768842845 -0.0064637763912873672 37.731212507578533 -0.41985132002939679 -0.0037558718560001809 -0.25685933222528851 0.0032128534783977263 0.35784695031121333 260.50000000000006 0.39014660518268846 0.33944824827596509 4.5000000000000009 5.6957070707070718 2.5959922663337811 30.500000000000004 16.500000000000004 28.500000000000004 7.5000000000000009 27.685665970487729 -1.3543233082706763 -0.53956510927123247 0.17850984204699796 35.928571428571438 -0.80057251908396931 1.1569823295540973 -0.0075361375736321392 0.25834954704277663 -0.12431979754834556 0.0069324298346790112 0.38022810865057005 37.510585630843572 -0.0020445902099726749 -0.0036341624477217445 -0.94561068702290074 0.0032599858654239759 -12.456327348191797 41333.500000000007 0.20655682045241852 37.084232666547713 -0.0015255539005771255 3.8961426677512162e-13 0.22947859096834008 76.333581512990207 8.3333333333331598 0.19563263869960468 52.300000000000011 -0.049999999999998927 256.50000000000006 -0.02996182089464907 0.28719961038599889 0.22947859096834008 126.50000000000001 0.39995967277336103 0.040779818288488208 79.436577134502585 -0.057046723133862172 0.28833019065577209 -0.48967673935434514 0.76610532265769404 53.847983669921391 77.168273064035063 -1.3693609022556388 11.500000000000002 74.500000000000014 0.19659859071422126 0.24123666125773477 0.49718045112781956 -0.3043893129770992 -0.060114503816793889 -1.0291353383458641 -0.27385496183206098 142.50000000000003 0.0042964603811898048 0.43103014748747753 -0.0022026538582829987
decision_type=2 2 2 2 2 2 2 8 2 2 2 2 2 2 2 2 2 2 2 2 2 2 2 2 2 2 2 2 2 2 2 2 2 10 2 2 8 2 10 2 10 2 2 2 10 2 8 2 2 2 2 2 2 2 2 2 2 2 2 10 2 10 2 2 2 8 2 2 8 2 2 2 2 2 2 2 2 2 2 2 10 8 2 10 2 2 2 2
left_child=2 5 3 4 -1 7 34 9 11 10 53 12 14 -14 15 -9 17 18 -5 20 21 33 24 -24 46 27 29 28 54 35 -30 62 84 -18 87 -27 -13 64 39 -39 -22 85 60 44 -10 -45 -19 -11 -35 -50 56 52 -52 -2 -3 -6 -36 -58 59 -59 -16 79 63 -26 65 69 67 68 -67 70 -33 73 -71 75 -75 82 -77 -32 -68 80 -47 -48 83 -72 -21 86 -29 -7
right_child=1 25 -4 16 55 6 -8 8 43 47 -12 36 13 -15 42 -17 19 22 -20 32 40 -23 23 -25 31 26 -28 41 30 -31 77 37 -34 48 50 -37 -38 38 -40 -41 -42 -43 -44 45 -46 61 81 -49 49 -51 51 -53 -54 -55 -56 -57 57 58 -60 -61 -62 -63 -64 -65 -66 66 78 -69 -70 72 71 -73 -74 74 -76 76 -78 -79 -80 -81 -82 -83 -84 -85 -86 -87 -88 -89
leaf_value=-5.1185408791891043e-05 1.7070339407827219e-05 2.9456311297616452e-05 -2.8884169579629334e-05 7.383450515548923e-06 -3.2811374560473628e-05 -1.118890416716397e-05 -4.637624326298955e-06 -6.004452294774214e-08 -2.0089731524976032e-05 -3.181608868819971e-05 2.965958281879086e-05 -2.0417701806629437e-05 -4.4186331774740947e-05 -6.7480817357474923e-06 -1.186489388492123e-06 4.1608336894055966e-05 -3.1098553836472946e-05 1.591483976182525e-05 -4.5656881470650348e-05 2.183793596250158e-08 0 2.4766652418879717e-05 -3.8148884992729839e-06 -3.1048401753056995e-05 -3.8665295733161336e-06 -4.872163683935056e-06 6.5374996889993177e-05 4.5120378218667197e-06 -3.628898920779408e-06 2.5523661922708037e-05 -2.2865022035882344e-05 -1.8950362587533714e-05 -3.5550129357076446e-05 1.7369642165364152e-06 2.266884194870319e-05 2.7287199320619795e-05 -4.2608274969927681e-06 1.0432482931450874e-05 6.0199854247655056e-06 4.674551341129987e-05 3.6930765405845591e-05 2.7135585792079104e-05 -2.0799653307348312e-05 3.7484830278188096e-05 1.0584097486195989e-05 -1.4854762329405227e-06 -5.2613967309960455e-06 4.1886905974860578e-07 -1.0961161283796313e-05 -2.5644139328693946e-07 5.8830316121389805e-05 1.0320880447900413e-05 1.703689276425378e-05 2.6289132190643264e-06 -4.4888012864015681e-06 0 2.4168586729096477e-05 1.0981770744044544e-05 2.3018745609817952e-05 -1.0977835381784123e-05 1.4152109608340649e-05 -4.9554500872100025e-06 -2.448075697518121e-05 2.3372261785029725e-05 -5.2523113908010174e-07 -1.1128612649523236e-06 1.2079364678385919e-05 -1.6635485014235086e-05 3.4856355594276775e-05 5.4090634510522354e-07 -1.9901308296016138e-06 -2.638084595309498e-05 1.6139475465355072e-05 1.9468122164125625e-05 -3.3046823806511773e-06 -2.5809273549234178e-05 3.7920711067285382e-06 -6.5278387931595302e-05 5.0020697397418161e-05 3.6901683518712609e-05 2.84806649868485e-05 -3.2098319538269715e-05 2.8891823242501755e-05 2.4863980470415109e-05 -2.0599419545302847e-05 -1.6747452170320945e-05 2.7390700765835588e-05 4.8230425839091148e-06
leaf_weight=35 145 38 66 35 34 98 367 34 61 46 58 188 43 342 4048 48 48 56 52 103 57 42 700 65 620 188 34 3241 41 109 34 82 68 460 93 36 382 59 351 50 39 59 73 43 55 73 876 43 732 446 37 104 40 1037 44 82 58 75 47 180 104 77 50 43 1297 81 34 50 45 183 178 39 242 166 83 94 122 36 51 40 35 34 39 37 90 46 47 554
leaf_count=35 145 38 66 35 34 98 367 34 61 46 58 188 43 342 4048 48 48 56 52 103 57 42 700 65 620 188 34 3241 41 109 34 82 68 460 93 36 382 59 351 50 39 59 73 43 55 73 876 43 732 446 37 104 40 1037 44 82 58 75 47 180 104 77 50 43 1297 81 34 50 45 183 178 39 242 166 83 94 122 36 51 40 35 34 39 37 90 46 47 554
internal_value=2.43829e-07 1.82725e-06 -2.1988e-06 -1.968e-06 -2.03099e-05 3.97967e-07 4.61654e-06 -5.87932e-07 -1.74759e-06 4.26593e-06 5.73787e-06 -2.45438e-06 -1.54635e-06 -1.11806e-05 -6.62712e-07 2.31525e-05 -1.60514e-06 -3.49435e-07 -2.32078e-05 -5.06029e-06 -3.39087e-06 -4.50895e-06 0 -6.2552e-06 9.6185e-07 4.92242e-06 1.40814e-05 3.95811e-06 -1.32006e-05 8.55392e-06 -3.12571e-05 2.42204e-06 -1.63568e-05 -5.29557e-06 7.33267e-06 0 -9.75934e-06 3.77441e-06 1.14329e-05 2.79766e-05 1.57278e-05 4.96262e-06 -1.1478e-06 7.68591e-06 -4.71285e-06 1.34132e-05 -4.97836e-06 -1.51559e-05 -4.48043e-06 -6.99032e-06 1.23886e-05 2.27895e-05 3.83748e-05 4.48227e-06 1.00631e-05 -1.01607e-05 8.01944e-06 3.96651e-06 0 -4.14007e-06 -7.79005e-07 8.38324e-06 -3.6694e-06 -1.95412e-06 2.49224e-06 5.12024e-06 1.38252e-05 2.5756e-06 1.09662e-05 3.24778e-06 0 2.05934e-06 9.65035e-06 3.73643e-06 1.1489e-05 -1.65137e-07 -8.64251e-06 -4.60585e-05 3.59814e-05 1.59761e-05 7.33081e-06 -6.37032e-06 6.66343e-06 2.18171e-06 -9.09348e-06 4.54124e-06 4.86847e-06 2.26809e-06
internal_weight=20697 12581 8116 8050 151 8628 1653 6975 5646 1329 1240 5262 4692 385 4307 82 7899 5814 87 2085 1824 1728 5727 765 4962 3953 367 3586 193 333 111 3996 261 1686 1286 224 570 3283 460 109 96 3393 4225 384 116 268 966 89 1638 1178 634 181 77 1182 82 116 453 360 302 255 4152 225 713 663 2823 1526 261 176 126 1265 840 758 425 719 249 470 216 70 85 148 108 910 254 215 193 3334 3288 652
internal_count=20697 12581 8116 8050 151 8628 1653 6975 5646 1329 1240 5262 4692 385 4307 82 7899 5814 87 2085 1824 1728 5727 765 4962 3953 367 3586 193 333 111 3996 261 1686 1286 224 570 3283 460 109 96 3393 4225 384 116 268 966 89 1638 1178 634 181 77 1182 82 116 453 360 302 255 4152 225 713 663 2823 1526 261 176 126 1265 840 758 425 719 249 470 216 70 85 148 108 910 254 215 193 3334 3288 652
is_linear=0
shrinkage=0.0337242


Tree=77
num_leaves=89
num_cat=0
split_feature=20 44 42 20 31 40 31 31 20 38 44 48 29 24 48 17 29 55 39 55 4 4 10 4 40 37 5 27 31 26 13 25 4 15 31 17 4 24 42 47 12 17 55 31 27 42 48 41 26 4 48 49 55 9 27 15 18 20 37 18 44 29 26 26 44 51 27 4 39 5 31 20 22 44 12 30 9 9 18 55 55 55 55 4 48 11 24 47
split_gain=6.57641e-05 4.147e-05 3.85727e-05 4.24047e-05 3.52138e-05 4.43574e-05 4.4062e-05 5.98902e-05 4.77278e-05 3.98343e-05 3.728e-05 3.46867e-05 4.08048e-05 3.40745e-05 5.75107e-05 3.92649e-05 4.24195e-05 3.78461e-05 3.51152e-05 3.38284e-05 3.12701e-05 3.10722e-05 3.01386e-05 2.769e-05 3.3809e-05 3.11776e-05 3.07193e-05 3.41593e-05 3.42858e-05 3.00446e-05 3.73549e-05 3.74839e-05 3.42449e-05 5.8799e-05 2.97415e-05 2.7464e-05 2.72028e-05 2.61095e-05 2.60592e-05 2.4848e-05 3.01502e-05 2.46426e-05 2.45338e-05 2.40313e-05 3.28825e-05 2.39545e-05 2.67559e-05 2.37818e-05 2.31843e-05 2.28608e-05 2.28009e-05 4.27572e-05 3.34914e-05 3.84155e-05 2.8136e-05 2.62946e-05 2.41631e-05 3.29707e-05 2.27227e-05 2.76459e-05 3.35335e-05 2.22879e-05 2.225e-05 2.19052e-05 2.17638e-05 2.15256e-05 2.13378e-05 3.67308e-05 2.44382e-05 2.45441e-05 2.36312e-05 2.5456e-05 2.23617e-05 2.92464e-05 2.11434e-05 2.70944e-05 2.57067e-05 3.42716e-05 2.38564e-05 2.233e-05 2.51807e-05 2.10395e-05 2.07753e-05 2.04759e-05 2.0182e-05 2.01035e-05 2.70146e-05 5.90647e-05
threshold=0.68214487396683621 0.0055814001786048681 0.007729475814582166 0.011560736560736562 144.50000000000003 0.0015209134270631754 91.500000000000014 102.50000000000001 10.020000000000001 -0.0018066862078194854 0.0043525622809510453 67.371036891117072 7.5000000000000009 2000.999999999993 24.821946771388266 -0.0096325443960094768 7.5000000000000009 3897.5000000000005 -0.003660770124184753 4974.5000000000009 -0.17933461473231946 -0.093603369325569549 -1.1607142857142854 -0.41985132002939679 -0.0021041562897780026 0.001233806761961276 0.31239327578463333 237.6290091096451 32.500000000000007 0.0014071760563925996 -0.23575577154295149 -0.97830874945841562 -0.58745548080728127 0.022676114759764953 56.500000000000007 -0.053412348965799702 -0.0028124823336536822 1000.9999999999965 0.0032441221663264135 86.956521739112176 -0.044847328244274801 -0.1773902167871039 274.50000000000006 54.500000000000007 -8.4853886701112806 -0.004296460381189692 64.89077650753417 0.0039344279212805153 -0.0013713883331260234 -0.38944400474871382 10.940095056157801 50.001449457178623 8755.0000000000018 -0.29293893129770987 320.96259406060148 0.16731191462914868 -0.12955396541269884 35.928571428571438 0.0016194342601479896 -0.4557784683283454 0.0031662277946346022 23.500000000000004 -0.0053679750187383387 -0.006799082606046297 -0.0065861769809137929 38.888888888888005 44.236323421316392 -0.16758296116230423 -0.0041870222762441225 -0.022840497377061914 161.50000000000003 1.0843130553656872 -0.98470357696469824 -0.0020909571840173054 -0.85019083969465636 18.500000000000004 -0.7910305343511449 -0.23854961832061067 -0.14242832184813392 60813.000000000007 5493.5000000000009 5571.5000000000009 12703.500000000002 -0.31773277177907172 76.333581512990207 -0.75095419847328226 1.0000000000001068 -66.666666666645582
decision_type=2 2 2 2 2 2 2 2 2 2 2 2 2 10 2 8 2 2 2 2 2 2 2 2 2 2 2 10 2 8 10 2 2 10 2 8 2 8 2 2 8 10 2 2 10 2 2 2 10 2 2 2 2 10 10 10 10 2 2 8 2 2 10 10 2 2 10 2 2 2 2 2 10 2 10 2 10 10 10 2 2 2 2 2 2 10 10 2
left_child=2 4 3 19 6 66 8 9 10 -8 11 13 22 15 64 20 -17 -18 -16 -1 43 48 35 24 85 49 29 28 82 -26 31 -31 33 -33 -35 -13 74 -19 -12 40 -32 65 -11 62 -45 -9 61 -30 -3 -25 51 -10 53 55 56 -52 57 -54 59 -14 -61 -47 63 -2 -15 -7 68 70 69 -6 71 -68 73 -69 -22 76 -76 79 -77 80 -78 -44 -28 -46 -21 -5 87 -87
right_child=1 21 -4 23 5 41 7 45 50 42 38 12 58 14 18 16 17 37 -20 84 36 -23 -24 25 26 -27 27 -29 47 30 39 32 -34 34 -36 -37 -38 -39 -40 -41 -42 -43 81 44 83 46 -48 -49 -50 -51 52 -53 54 -55 -56 -57 -58 -59 -60 60 -62 -63 -64 -65 -66 -67 67 72 -70 -71 -72 -73 -74 -75 75 78 77 -79 -80 -81 -82 -83 -84 -85 -86 86 -88 -89
leaf_value=-4.9459227797908861e-05 4.185037623594908e-06 4.0320412427030577e-05 -2.7910076459185444e-05 1.8138100949516461e-06 4.3400396198578873e-05 -2.2089641555624463e-05 4.743994820729885e-05 2.785842595906253e-05 7.1308026236462839e-06 -2.7888817828861251e-06 -4.4540563397839385e-05 3.5724068309036642e-06 3.1970816936370108e-05 4.7141402411850839e-05 -2.9340430801117249e-05 1.0228630776423582e-05 -1.0915151892630215e-06 -1.3545050647021872e-05 5.0178149662131981e-06 -3.1704842069741349e-05 -1.5430084094025298e-05 0 3.6897506432315879e-05 -1.1842953061823916e-05 3.9878160844961365e-07 -1.1213623632284051e-05 -8.5091390386887241e-06 2.0064403379788681e-05 -5.5922897412859428e-06 -3.3583905995157396e-05 1.6142983926809171e-05 5.1031221099708291e-05 -2.091251824945047e-05 -1.8260270475015938e-05 1.1735631751504639e-05 3.6482815242149579e-05 8.4755732072440273e-06 -5.1247128001427626e-05 -3.5588945461292435e-06 0 5.1278530091299495e-05 4.9625875885687809e-06 4.147029137768076e-05 -1.441198567962967e-05 2.5707279380240872e-05 1.920340058258879e-06 1.1967340420112325e-05 2.0230641953341926e-05 3.1961047269844583e-06 -1.8954505426083512e-07 3.897340117786495e-05 -3.4232195870776569e-05 -3.0642972028815117e-06 -6.1180314741145741e-06 -1.1184308154003627e-05 7.2622547028617088e-06 2.2154685304779268e-05 2.1206727455549154e-05 -1.2412358311613345e-05 -1.2560243061674643e-06 2.4528599888812615e-05 -2.1320999524355141e-05 3.7077087287149708e-06 3.8843965152357111e-05 1.4551075300694547e-05 -6.8830048166431764e-06 -5.3078957809987069e-06 4.0200806749845545e-05 2.2796577484244228e-06 2.3508951126089975e-06 -5.4515228731987407e-06 -4.1193294802325784e-05 -4.4391237937765643e-07 4.9157331002729932e-06 1.5829341237451612e-05 -1.8279497153748029e-05 0 1.038795083300335e-05 0 8.8539149674690604e-06 -1.9599653814824919e-05 1.4489466643954163e-05 -4.8177686262336986e-05 0 0 -9.5502994579581492e-06 -3.5430270274888478e-06 -6.2110359039706481e-05
leaf_weight=35 43 73 66 88 34 156 53 49 107 64 36 175 38 42 45 45 56 43 127 34 238 63 67 231 3775 627 39 58 931 34 199 34 48 54 119 37 156 65 46 88 37 125 45 129 52 975 323 41 34 1227 116 38 202 37 83 51 130 90 114 451 65 49 153 58 84 438 53 34 2743 43 455 51 1976 173 100 220 130 155 125 66 196 240 35 121 82 80 115 39
leaf_count=35 43 73 66 88 34 156 53 49 107 64 36 175 38 42 45 45 56 43 127 34 238 63 67 231 3775 627 39 58 931 34 199 34 48 54 119 37 156 65 46 88 37 125 45 129 52 975 323 41 34 1227 116 38 202 37 83 51 130 90 114 451 65 49 153 58 84 438 53 34 2743 43 455 51 1976 173 100 220 130 155 125 66 196 240 35 121 82 80 115 39
internal_value=2.35617e-07 1.76666e-06 -2.12582e-06 -1.90242e-06 1.53156e-06 -2.28705e-07 3.35095e-06 7.80176e-06 1.48132e-06 1.93436e-05 -2.45767e-07 2.68668e-07 5.77431e-06 -1.82083e-06 8.77797e-06 -3.33413e-06 -1.72775e-05 -2.54143e-05 -3.40931e-06 -1.96606e-05 -1.78375e-06 1.83622e-05 1.66326e-05 -1.55071e-06 -3.3709e-07 -4.88852e-06 2.6845e-07 -4.7385e-06 -6.20622e-06 1.5502e-06 8.48325e-06 -3.72944e-10 4.09839e-06 1.0365e-05 1.81403e-06 9.77216e-06 -4.5306e-06 -3.71311e-05 -2.27296e-05 1.63488e-05 2.20611e-05 -8.12297e-06 1.47999e-05 4.88974e-06 -1.25216e-06 4.40887e-06 3.48408e-06 -4.40361e-06 2.94273e-05 -2.10216e-06 8.62825e-06 -3.04257e-06 1.11514e-05 2.28673e-05 6.22727e-06 2.9868e-05 9.88088e-06 4.08548e-06 1.09449e-06 4.04836e-06 1.80472e-06 7.13811e-07 1.25729e-05 2.50452e-05 2.61817e-05 -1.10394e-05 7.7441e-07 -1.31991e-06 2.84508e-06 2.1732e-05 -9.04462e-06 -2.3835e-05 6.13872e-07 1.11783e-05 -6.25874e-06 -3.96092e-06 0 -2.76435e-06 -1.15944e-05 -8.21145e-06 -1.19629e-05 1.90888e-05 -2.85775e-05 8.00195e-06 -9.83635e-06 -1.09653e-05 -1.61842e-05 -2.75882e-05
internal_weight=20697 12581 8116 8050 12411 6281 6130 1798 4332 402 3478 3396 947 2449 298 2151 209 164 172 151 1942 170 279 7899 5814 2085 5492 1104 1046 4388 613 289 255 207 173 212 1386 108 82 324 236 719 349 556 302 1396 1347 972 107 1458 854 145 709 204 505 167 422 292 668 554 516 1024 254 101 126 594 5562 2742 2820 77 559 104 2183 207 1230 992 647 547 345 392 326 285 74 173 116 322 234 119
internal_count=20697 12581 8116 8050 12411 6281 6130 1798 4332 402 3478 3396 947 2449 298 2151 209 164 172 151 1942 170 279 7899 5814 2085 5492 1104 1046 4388 613 289 255 207 173 212 1386 108 82 324 236 719 349 556 302 1396 1347 972 107 1458 854 145 709 204 505 167 422 292 668 554 516 1024 254 101 126 594 5562 2742 2820 77 559 104 2183 207 1230 992 647 547 345 392 326 285 74 173 116 322 234 119
is_linear=0
shrinkage=0.0337242


Tree=78
num_leaves=89
num_cat=0
split_feature=20 20 41 19 31 4 4 31 19 23 31 19 38 36 36 23 28 2 20 23 17 4 10 7 18 40 36 30 37 54 31 19 15 31 53 45 53 54 55 9 16 7 54 37 43 20 15 24 39 22 4 31 31 30 15 0 8 15 51 40 15 22 18 1 7 27 19 37 19 12 17 51 49 0 44 8 20 1 1 39 9 31 20 51 4 9 55 53
split_gain=7.51061e-05 4.66175e-05 3.85422e-05 3.22703e-05 4.75832e-05 3.0716e-05 2.84985e-05 4.10867e-05 5.11752e-05 3.95176e-05 3.95136e-05 5.11262e-05 3.01905e-05 2.90978e-05 3.78606e-05 2.81586e-05 3.70681e-05 3.08807e-05 2.7662e-05 3.45179e-05 3.3805e-05 3.07889e-05 2.86582e-05 3.63555e-05 2.73605e-05 2.84652e-05 2.76023e-05 2.73265e-05 2.68441e-05 2.65942e-05 3.49903e-05 3.46156e-05 5.25223e-05 2.56127e-05 2.4731e-05 2.4642e-05 3.38011e-05 3.54795e-05 2.25321e-05 2.23768e-05 2.66508e-05 2.17541e-05 2.52644e-05 2.2405e-05 2.16905e-05 2.74133e-05 2.54747e-05 2.29449e-05 2.13926e-05 2.11436e-05 2.06153e-05 2.05934e-05 4.58776e-05 3.00224e-05 2.25235e-05 2.15917e-05 2.05917e-05 2.14825e-05 1.98699e-05 3.72817e-05 2.05302e-05 1.9437e-05 1.92306e-05 2.15216e-05 1.90524e-05 3.32484e-05 1.90262e-05 1.87928e-05 1.90369e-05 1.86957e-05 1.86023e-05 1.84944e-05 2.04009e-05 1.80043e-05 3.33923e-05 2.02903e-05 1.876e-05 1.89771e-05 2.422e-05 2.24358e-05 2.00641e-05 2.75952e-05 1.76297e-05 2.6926e-05 2.81383e-05 2.48398e-05 2.51463e-05 2.473e-05
threshold=0.71050125313283219 21.775000000000006 0.0012040943557624086 -2.7968375802241776 46.500000000000007 -0.00016253038611566505 -0.46912982644581375 29.500000000000004 -2.6149675448644412 -0.10000000000000496 148.50000000000003 -0.10420091921289297 0.0037914726007706183 -0.0028149204651254918 -0.0037986738912417768 0.55000000000000082 0.49504950495048611 0.16302851488778802 0.064796071375018763 1.2500000000000002 -0.15360507299376844 -0.88662445587653338 -0.58176691729323282 0.65268716153934803 -0.18738485406899474 0.0024645727162841973 -0.0013559328266281032 16.500000000000004 0.002195392326971302 23.055425434492957 46.500000000000007 3.0111664906233391 0.1119911085828421 256.50000000000006 51.145807489798401 0.0063643636142699531 57.95631974554454 21.231010831598045 19251.500000000004 -0.41698473282442744 0.78853383458646631 0.013120751238621962 9.8793543088070326 0.0013995808113455024 -0.0026809844172273052 65.708333333333357 0.114867359646131 1.0000000000000357 -0.0041870222762441225 -0.69407153929396614 -0.025340607156990214 35.500000000000007 41.500000000000007 17.500000000000004 0.052207867759169004 11.500000000000002 -0.74999999999999989 0.017827265450284659 16.666666666666668 -0.0032154340836013091 0.22411008357878912 -0.88910093299406256 -0.10843804081312969 1336.1602026446387 0.77979893997004257 -51.00709512779904 -0.28604646571811537 0.0020060200722731296 3.617881993781737 -0.51240458015267165 -0.12061891109095695 16.666666666666668 33.357587444403499 7.5000000000000009 -0.0020020040080160335 0.19999999999999932 9.5879629629629655 32.7853820339731 40.730826159950361 -0.0016597521804047053 -0.39599236641221369 18.500000000000004 0.22546186104499608 71.635802469135641 -0.80723189552829433 -0.30820610687022892 48132.000000000007 27.485681449742653
decision_type=2 2 2 2 2 2 2 2 2 10 2 2 2 2 2 10 2 2 2 10 10 2 2 8 10 2 2 2 2 2 2 2 10 2 2 2 2 2 2 10 2 8 2 2 2 2 10 8 2 8 2 2 2 2 10 2 10 8 2 2 10 8 10 2 10 10 2 2 2 10 10 2 2 2 2 8 2 2 2 2 10 2 2 2 2 10 2 2
left_child=3 5 33 4 -1 6 9 8 -8 -2 13 27 15 14 -9 16 73 -17 20 21 41 -20 35 -24 25 26 -11 -12 -29 31 -31 51 -33 44 -26 56 37 -37 -18 40 -16 42 49 -44 46 47 -3 -46 -13 -5 67 53 54 -15 -53 -55 -23 -58 62 60 -60 -30 63 -54 65 -32 -56 68 -50 -48 -67 -47 -73 74 -10 76 77 79 -79 -75 81 -80 83 84 85 86 -59 -84
right_child=1 2 -4 18 -6 -7 7 10 12 24 11 48 -14 29 39 17 38 -19 19 -21 -22 22 23 -25 34 -27 -28 28 61 30 64 32 -34 -35 -36 36 -38 -39 -40 -41 -42 -43 43 -45 45 71 69 -49 50 -51 -52 52 58 55 66 -57 57 82 59 -61 -62 -63 -64 -65 -66 70 -68 -69 -70 -71 -72 72 -74 75 -76 -77 -78 78 80 -81 -82 -83 87 -85 -86 -87 -88 -89
leaf_value=1.677658984716928e-05 4.0570732594568172e-05 4.7142099239944465e-05 4.1178891549363745e-05 -1.188257838891806e-05 -2.2821704590560654e-05 2.5569988117360611e-05 2.9349849074865721e-05 -1.7195340718142583e-06 3.3936791679245355e-05 3.2106320447484229e-05 4.2789054914282323e-06 2.3049320998718284e-05 1.7613690501998643e-05 2.5342738400132067e-05 1.617357279591372e-05 -3.327915527652683e-06 -3.4951570250448036e-05 -4.2153084213405524e-05 1.7152234398974014e-05 2.8972835237467144e-05 -3.3348194714573546e-05 8.686503494676271e-06 -7.1538100367618955e-06 -4.5407514953499365e-05 5.1297338820789579e-06 -2.8212531472478799e-05 -6.2812079242167842e-07 -3.8808628410136658e-06 -3.6323075762956778e-05 -1.0095192387236698e-05 5.1287900398607932e-05 4.2581563995777113e-06 -4.0815533341621621e-05 -1.0056484539933035e-05 3.6981515840919869e-05 4.6928239368988271e-06 -1.158820718657903e-05 5.3389719775530797e-05 -8.7569928197410874e-06 1.2190706302497075e-05 5.9558252101401557e-05 -2.2608408988779212e-06 -1.2510495328013414e-05 -4.3034611736729762e-05 9.8831661793481177e-06 0 0 -7.2891735011292292e-06 1.4717705969954226e-06 1.9312102060611736e-05 1.0273298946296987e-05 3.5763498351774593e-06 6.0249491758803704e-06 2.1708536043036642e-05 0 -7.7316207375336324e-06 -7.619017108291204e-06 -3.9928416252756379e-05 3.207459052784756e-05 3.8338573447052499e-06 4.1963276110264387e-06 -8.0421532648870389e-06 -7.2233996461230111e-06 -2.0857626479403975e-05 4.9896906337599631e-06 2.7252004776757443e-05 -2.5734333481010711e-05 -1.4233254590480969e-05 2.2307254633877723e-05 2.5898528606106043e-05 -1.3117569515813222e-06 1.3742203649853e-05 4.9029492058631526e-05 2.325857965781026e-05 -3.1527094025901411e-07 1.7931973164609652e-05 4.9470340763745611e-06 -3.3667794986022895e-05 1.0027255817586807e-05 -9.732943308536085e-06 -2.1888321693918206e-05 -1.8399872018319486e-05 -5.0776131994747167e-06 3.5973239061197225e-07 -4.9877797495090897e-06 0 -4.2349438607037727e-06 1.4141442203699366e-06
leaf_weight=40 44 36 44 76 177 60 46 98 39 34 435 61 53 114 43 50 72 56 101 43 54 221 244 34 78 36 176 2280 52 52 47 60 52 75 52 44 34 34 106 113 37 713 97 48 175 37 67 176 2129 36 349 63 383 41 40 89 638 81 88 2317 59 85 343 36 80 53 121 83 52 65 39 68 34 36 160 36 99 66 90 65 95 67 836 748 635 45 40 3299
leaf_count=40 44 36 44 76 177 60 46 98 39 34 435 61 53 114 43 50 72 56 101 43 54 221 244 34 78 36 176 2280 52 52 47 60 52 75 52 44 34 34 106 113 37 713 97 48 175 37 67 176 2129 36 349 63 383 41 40 89 638 81 88 2317 59 85 343 36 80 53 121 83 52 65 39 68 34 36 160 36 99 66 90 65 95 67 836 748 635 45 40 3299
internal_value=2.88074e-07 1.96746e-06 9.9832e-06 -2.18103e-06 -1.5077e-05 1.41795e-06 1.28295e-06 9.44945e-07 -5.10872e-06 9.92941e-06 1.64978e-06 -2.28502e-07 -6.65161e-06 4.04814e-06 1.44496e-05 -7.985e-06 -5.97224e-06 -2.47512e-05 -1.82365e-06 -1.05793e-06 -7.02127e-06 -1.25525e-06 -1.53736e-06 -1.218e-05 6.08664e-06 -1.4059e-07 4.21148e-06 -3.38573e-06 -4.80516e-06 3.28202e-06 1.35718e-05 2.52395e-06 -1.58059e-05 7.97873e-06 1.8614e-05 -1.07826e-06 1.45334e-05 2.71589e-05 -1.98956e-05 2.31606e-05 3.74473e-05 -5.456e-06 -1.39443e-05 -2.32817e-05 1.01813e-05 6.30987e-06 2.08977e-05 9.97156e-07 3.10274e-06 -9.9269e-07 2.6001e-06 3.10587e-06 2.40157e-06 1.26681e-05 -1.22627e-05 8.09841e-07 -1.36026e-06 -1.72676e-06 3.44975e-06 4.92959e-06 2.15429e-05 -1.94821e-05 -1.20859e-06 3.48454e-06 1.96327e-05 2.7365e-05 -1.90609e-05 1.37457e-06 2.01286e-06 1.30078e-05 1.40928e-05 1.903e-05 2.64523e-05 -2.55256e-06 5.91174e-06 -5.76746e-06 -7.60113e-06 -1.07967e-05 -1.48694e-05 1.06942e-06 -9.56243e-06 -1.48842e-06 -1.04838e-06 -4.11837e-06 -8.42083e-06 -2.0971e-05 -2.89278e-05 7.82875e-08
internal_weight=20605 12287 777 8318 217 11510 11450 11030 1136 420 9894 5526 1090 4368 291 1037 931 106 8101 7077 1024 7034 6933 278 376 246 210 2852 2417 4077 271 3806 112 733 130 6655 112 78 178 193 80 970 257 145 658 490 168 351 2674 112 2613 3694 3450 244 224 130 6543 6322 3226 2464 147 137 762 419 219 139 161 2264 2181 132 92 139 102 753 199 554 518 419 318 101 252 157 5684 1549 801 166 121 4135
internal_count=20605 12287 777 8318 217 11510 11450 11030 1136 420 9894 5526 1090 4368 291 1037 931 106 8101 7077 1024 7034 6933 278 376 246 210 2852 2417 4077 271 3806 112 733 130 6655 112 78 178 193 80 970 257 145 658 490 168 351 2674 112 2613 3694 3450 244 224 130 6543 6322 3226 2464 147 137 762 419 219 139 161 2264 2181 132 92 139 102 753 199 554 518 419 318 101 252 157 5684 1549 801 166 121 4135
is_linear=0
shrinkage=0.0337242


Tree=79
num_leaves=89
num_cat=0
split_feature=20 20 40 48 39 54 39 4 1 0 41 27 27 20 4 26 37 30 29 47 29 27 27 5 20 24 1 19 7 7 13 16 40 9 47 5 4 55 13 20 53 1 37 38 51 49 52 9 23 2 54 37 18 9 23 19 4 33 53 12 30 12 19 53 52 5 55 39 9 9 19 28 0 27 29 40 54 18 20 50 55 9 49 6 20 4 16 13
split_gain=7.20451e-05 4.59639e-05 5.05073e-05 3.95471e-05 3.63023e-05 3.56989e-05 3.53292e-05 3.57669e-05 6.99242e-05 7.37082e-05 3.21405e-05 3.07324e-05 2.98421e-05 2.92863e-05 3.04162e-05 3.64886e-05 3.29755e-05 3.26907e-05 3.07345e-05 2.89208e-05 3.39445e-05 3.2637e-05 2.91293e-05 2.77312e-05 2.71063e-05 2.60768e-05 2.85149e-05 2.60167e-05 6.06245e-05 2.47642e-05 3.10407e-05 3.06069e-05 2.44959e-05 5.38551e-05 3.84189e-05 2.44051e-05 2.42691e-05 2.73165e-05 2.22663e-05 2.20227e-05 2.14244e-05 2.13627e-05 2.27709e-05 2.41686e-05 2.44959e-05 2.83545e-05 2.42753e-05 2.23726e-05 2.22403e-05 4.04564e-05 2.55937e-05 2.57503e-05 3.04375e-05 2.22769e-05 2.13341e-05 2.73374e-05 2.08065e-05 2.0731e-05 2.06015e-05 2.05645e-05 2.55177e-05 2.04155e-05 3.69612e-05 2.51252e-05 2.85468e-05 2.92346e-05 2.3903e-05 2.02899e-05 1.9554e-05 4.21212e-05 2.56532e-05 2.07526e-05 1.91578e-05 2.80519e-05 2.74225e-05 1.88784e-05 2.05358e-05 2.72276e-05 2.37192e-05 4.86891e-05 1.82711e-05 1.82203e-05 1.84699e-05 1.81557e-05 1.80947e-05 2.73431e-05 2.31019e-05 2.05728e-05
threshold=5.2444001991040325 0.1260686883449032 -0.0015961702105976581 -1.0000000180025095e-35 -0.0077444990066349298 -10.228800252628558 0.0065735459338001076 -0.75809825315167612 1327.3893081939834 171.50000000000003 0.0036122830672872257 -0.10034258176169088 -0.40495599870946236 0.495432932932933 -0.43804059019729769 0.0055104901329659714 -0.0030651358994354112 17.500000000000004 17.500000000000004 -30.30303030302159 15.500000000000002 11.260660920314518 -5.8008262474112824 -0.61821987536956724 88.500000000000014 0.83333333333319137 624.12980367585646 6.6913851333035845 0.37492978741790534 0.8028106636709299 -0.036105993538289992 0.5441729323308272 -0.0030287741185823776 -0.39217557251908391 -76.343811951291315 0.66690507580653013 -0.040505398835434435 -4407.9999999999991 -0.39525436434103317 0.18526500638569607 45.25961303299578 624.12980367585646 0.0012040943557624086 0.0038722204729132463 37.037037037040555 97.900151336146209 0.35312340573747153 -0.17080152671755724 0.30000000000000077 0.40543093002894776 10.16461847852422 -0.0013956740920813557 -0.16024702710872768 -0.20133587786259541 -0.74999999999999989 8.3340457500463589 -0.12948018542597092 1.0000000180025095e-35 30.130841409776327 -0.90171755725190827 18.500000000000004 -0.60973282442748078 -1.4350140563321074 22.678759452577335 0.17850984204699796 -0.23868557179694505 8796.5000000000018 0.0010085731258747679 -0.86164122137404575 -0.3463740458015267 -0.030962841245377955 -0.98039215686274594 11.500000000000002 1088.2080212608043 11.500000000000002 0.0037255514301908215 17.680495341556629 -0.31867566546265963 3.584349593495936 40.000000000000014 13482.500000000002 -0.8692748091603052 3.6909075051409679 -1.0000000180025095e-35 0.026365441906653426 -0.76674062976991342 0.53101503759398505 -0.011011301275549614
decision_type=2 2 2 2 2 2 2 2 2 2 2 10 8 2 2 8 2 2 2 2 2 10 10 2 2 10 2 2 10 10 10 2 2 10 2 2 2 2 10 2 2 2 2 2 2 2 2 10 10 2 2 2 8 10 10 2 2 2 2 10 2 10 2 2 2 2 2 2 10 10 2 2 2 10 2 2 2 10 2 2 2 10 2 8 2 2 2 10
left_child=1 2 -1 5 -5 -3 7 8 9 10 38 54 25 23 17 16 18 19 36 20 21 -15 -21 -9 59 26 29 35 -29 30 31 -2 -17 34 -34 41 37 -16 -6 -11 -27 42 48 44 46 83 -44 -47 -18 50 51 -50 80 -51 58 57 -25 84 -4 60 -14 62 -61 -64 -65 -66 -67 -36 -39 70 -70 -71 73 74 -63 76 78 -78 -43 -80 -53 -20 -83 -46 86 87 -56 -86
right_child=12 3 11 4 6 -7 -8 13 -10 39 -12 -13 24 14 15 32 27 -19 81 22 -22 -23 -24 56 -26 40 -28 28 -30 -31 -32 -33 33 -35 67 -37 -38 68 -40 -41 -42 75 43 -45 45 47 -48 -49 49 53 -52 52 -54 -55 55 -57 -58 -59 -60 61 -62 72 63 64 65 66 -68 -69 69 71 -72 -73 -74 -75 -76 -77 77 -79 79 -81 -82 82 -84 -85 85 -87 -88 -89
leaf_value=-3.9504046751089097e-05 0 4.9447125442355304e-05 -1.1181595010337603e-05 -3.4362541403209401e-05 -1.788986107820379e-05 5.3006514350336997e-07 -2.9169491379044684e-05 1.1286713364277407e-05 4.8329563984680556e-05 1.4436804569644915e-05 2.6417897561007175e-05 -2.327583963955624e-05 -9.4855594578229546e-07 5.1520945539513827e-05 2.5817288412373035e-05 9.0337322153380763e-06 5.3866125440962935e-07 2.9156729174002143e-07 1.9699099100570248e-05 1.3692895868297774e-05 5.7163792069192969e-06 8.8863333638216643e-06 -7.8050985998039339e-06 -3.0090196795656196e-06 1.7617051304113197e-05 9.5335144636651164e-06 4.2045066605585937e-05 -3.1725576210227007e-06 5.3600733274463659e-05 2.2364638478930564e-06 4.9205122500870126e-05 3.7735333087547524e-05 -3.6227867492905185e-05 -4.1267033342434889e-05 9.9938365956140148e-06 1.0538752728735286e-05 2.9078841886871139e-05 2.5364923611184312e-05 6.3046091279865743e-07 5.7207534339532158e-05 -2.3480721320069811e-05 -5.9155934105711367e-06 -7.4679189387009037e-06 1.6766588475481925e-05 -4.22401790999667e-06 7.6007051857995495e-06 -3.5201580094891126e-05 -1.126772806925421e-05 -7.9782926391261922e-06 3.737500340583982e-05 -2.2216091849357878e-05 4.8088533977425561e-05 4.3089084162869819e-06 5.3549809000956175e-06 -8.3376212290643095e-06 -2.6652619890560878e-05 -2.2677205673372796e-05 1.0234107876908912e-05 1.5901272196499687e-05 -2.9948601929923977e-06 -3.2445793891648769e-05 2.2485664776528271e-05 3.7465982388846921e-05 2.2379059149080514e-06 0 5.5149242052824714e-05 1.9020774796058929e-05 -1.9069728819973712e-05 0 -1.3569627994905644e-06 -4.3518538790683454e-05 2.5908057580133627e-05 -1.159040046498707e-06 -6.1585995034805673e-07 1.4249183251800764e-06 -1.9468718766638948e-05 3.0202097184971235e-05 1.1135749762893648e-07 -6.2736858111978576e-06 3.043919602885926e-05 1.0532287058742416e-05 -1.4413437508762823e-05 9.4592835320926766e-06 -2.7451365053879624e-05 -1.4322593548838374e-06 -1.1468361969055228e-05 -3.842470192066536e-05 1.6025127333692967e-05
leaf_weight=49 68 35 40 35 100 41 47 150 47 36 43 96 159 64 78 49 5162 537 34 193 83 39 108 3522 152 63 51 50 34 138 40 35 37 70 105 234 94 35 248 34 34 1346 572 62 184 413 41 83 115 71 41 35 262 50 260 63 64 109 115 192 38 173 51 211 48 35 90 36 34 66 35 52 1000 304 136 85 44 184 104 65 40 121 48 54 778 305 36 85
leaf_count=49 68 35 40 35 100 41 47 150 47 36 43 96 159 64 78 49 5162 537 34 193 83 39 108 3522 152 63 51 50 34 138 40 35 37 70 105 234 94 35 248 34 34 1346 572 62 184 413 41 83 115 71 41 35 262 50 260 63 64 109 115 192 38 173 51 211 48 35 90 36 34 66 35 52 1000 304 136 85 44 184 104 65 40 121 48 54 778 305 36 85
internal_value=2.79382e-07 -5.41731e-07 -5.44428e-06 5.85293e-08 -5.3698e-08 2.43295e-05 1.73545e-08 1.12136e-07 8.91653e-06 4.6886e-06 -7.75819e-07 -4.50862e-06 5.09634e-06 -1.79888e-07 6.72399e-07 1.0782e-07 4.65628e-07 6.21553e-06 8.14997e-06 1.25492e-05 2.31811e-05 3.63162e-05 5.65821e-06 -2.77198e-06 3.67962e-06 1.34209e-05 1.79376e-05 -1.56592e-08 1.86565e-05 1.32183e-05 2.31401e-05 1.20793e-05 -1.15274e-05 -1.59796e-05 -5.4921e-06 -1.9573e-07 1.36779e-05 8.53004e-06 -4.41372e-06 3.6592e-05 -1.04203e-06 -4.85149e-07 3.30661e-07 -3.49498e-06 -4.49935e-06 -2.07609e-07 -9.48055e-06 4.24841e-06 1.28062e-06 7.36101e-06 2.84983e-06 5.33735e-06 1.01681e-05 2.49424e-05 -3.4487e-06 -4.61981e-06 -3.387e-06 -3.67592e-06 8.28854e-06 2.77065e-06 -7.51483e-06 3.71837e-06 8.91803e-06 1.43983e-05 1.10829e-05 2.13121e-05 2.99101e-05 1.88782e-06 2.02073e-06 -1.83163e-06 -2.31909e-05 9.83901e-06 1.63725e-06 6.35659e-06 1.3529e-05 -3.74459e-06 -2.92232e-06 6.34229e-06 -4.3804e-06 7.27472e-06 2.93474e-05 -2.10292e-06 -7.06108e-06 -9.90023e-06 -4.7776e-06 -2.78254e-06 -1.23234e-05 1.75182e-07
internal_weight=20605 17587 1936 15651 15575 76 15540 15493 508 461 391 1887 3018 14985 11249 10225 9928 1024 597 487 186 103 301 3736 2589 429 332 9331 84 281 143 103 297 248 178 9247 394 300 348 70 97 9013 7185 1409 1347 734 613 496 5776 614 493 452 337 121 1791 1636 3586 1573 155 2437 197 2240 627 435 384 173 125 141 222 187 69 118 1613 613 309 1828 1743 228 1515 169 75 203 169 238 1464 1168 296 863
internal_count=20605 17587 1936 15651 15575 76 15540 15493 508 461 391 1887 3018 14985 11249 10225 9928 1024 597 487 186 103 301 3736 2589 429 332 9331 84 281 143 103 297 248 178 9247 394 300 348 70 97 9013 7185 1409 1347 734 613 496 5776 614 493 452 337 121 1791 1636 3586 1573 155 2437 197 2240 627 435 384 173 125 141 222 187 69 118 1613 613 309 1828 1743 228 1515 169 75 203 169 238 1464 1168 296 863
is_linear=0
shrinkage=0.0337242


Tree=80
num_leaves=89
num_cat=0
split_feature=39 0 6 26 31 4 19 15 37 42 10 31 37 42 19 10 0 41 52 40 2 55 40 0 12 51 48 12 15 4 13 12 45 53 38 36 30 31 31 31 31 31 45 38 30 29 31 31 2 6 13 39 36 24 48 0 54 19 27 51 12 55 52 11 19 39 16 26 10 4 31 10 53 15 11 47 47 4 54 2 26 29 27 48 50 4 4 49
split_gain=5.10986e-05 4.45305e-05 5.76408e-05 3.89445e-05 4.14165e-05 4.03759e-05 3.37634e-05 3.06502e-05 3.77634e-05 4.41532e-05 3.65151e-05 3.20547e-05 2.81768e-05 3.37046e-05 3.39768e-05 3.53666e-05 2.77793e-05 2.71264e-05 2.67905e-05 4.05313e-05 2.64724e-05 2.62976e-05 3.07974e-05 2.60184e-05 2.5992e-05 2.69972e-05 2.97448e-05 2.58479e-05 2.43779e-05 2.41258e-05 2.40392e-05 3.04056e-05 2.3971e-05 2.34487e-05 2.34456e-05 2.28048e-05 2.25667e-05 3.64179e-05 4.50515e-05 3.67123e-05 4.42478e-05 3.74604e-05 3.33416e-05 3.24124e-05 3.15512e-05 4.11338e-05 3.03911e-05 2.71833e-05 2.67584e-05 2.59733e-05 2.57665e-05 2.53781e-05 2.53482e-05 2.41313e-05 3.24396e-05 4.75483e-05 2.72398e-05 2.29304e-05 2.55564e-05 2.32924e-05 2.25124e-05 2.22204e-05 2.18896e-05 2.07044e-05 2.04912e-05 2.04738e-05 1.96164e-05 1.94753e-05 1.94419e-05 1.93672e-05 1.94637e-05 1.92455e-05 1.88011e-05 1.82293e-05 2.01748e-05 1.80144e-05 1.87884e-05 1.77447e-05 2.28861e-05 2.33448e-05 2.2436e-05 1.75306e-05 3.18258e-05 4.29464e-05 2.82141e-05 2.14714e-05 2.03458e-05 3.11143e-05
threshold=0.0032180229999326797 14.500000000000002 -43.249999999999993 -0.00028434093716925068 22.500000000000004 -0.048094861213183321 0.11341586095083046 0.035570054492828004 0.0034662149173395611 0.0064585650723024699 -1.5498120300751876 55.500000000000007 -0.001885015812102486 0.0015278847725096469 2.2095830421200167 -1.9088345864661649 291.50000000000006 0.0038046939839029297 0.35110154179736758 -0.0037998748616258067 -0.65578718341666786 42879.500000000007 0.0035273478325785761 215.50000000000003 -0.10209923664122136 25.000000000001886 28.875723179320271 -0.27958015267175568 0.1119911085828421 -0.93329894284583614 -0.044270639521215495 -0.69370229007633577 0.0038167938931298333 61.905972454706834 -0.0034944682791016586 0.0043336995614652327 17.500000000000004 107.50000000000001 22.500000000000004 35.500000000000007 31.500000000000004 71.500000000000014 0.001665280088741006 0.0020090411898852083 16.500000000000004 23.500000000000004 261.50000000000006 80.500000000000014 0.1942962385471925 -35.749999999999993 -0.51321243711251563 0.001885015812102542 0.003669737125619466 -1000.250000000014 88.846488587176367 144.50000000000003 7.628694729687771 -1.0698122138540211 -169.33577092032689 16.666666666667165 -0.59446564885496167 -2133.4999999999995 0.13724930533619853 -0.95133587786259521 -25.454212405580844 -0.0025268487657867929 0.53101503759398505 -0.0001049971551636301 -1.3543233082706763 -0.063210187121940167 112.50000000000001 -1.3016917293233081 50.197276538706767 0.17766458556489842 -0.59064885496183195 8.7337909992247216 166.66666666667422 -0.0037275990728701442 3.3451953055315231 -0.1689613006917895 0.0026523489119305169 14.500000000000002 80.655968547250026 34.937491621783145 58.333333333333364 -0.51927045056249643 -0.56065916671377669 1.5733797891617797e-13
decision_type=2 2 8 10 2 2 2 10 2 2 2 2 2 2 2 2 2 2 2 2 2 2 2 2 10 2 2 10 8 2 10 10 2 2 2 2 2 2 2 2 2 2 2 2 2 2 2 2 2 10 10 2 2 10 2 2 2 2 8 2 10 2 2 10 2 2 2 10 2 2 2 2 2 8 8 2 2 2 2 2 10 2 8 2 2 2 2 2
left_child=3 2 -2 12 16 6 67 8 9 11 21 -3 13 14 15 -1 77 -13 -8 -20 -17 22 -9 -10 25 -22 28 35 -27 33 31 -12 -23 73 -28 63 37 38 43 40 48 51 50 81 46 62 52 -44 -40 57 -43 71 -39 54 55 -51 -56 -38 -59 -60 -36 65 -46 -4 -63 -55 -66 -6 -32 70 -69 -41 -49 74 -14 -65 -77 78 80 -80 -5 82 84 -84 85 -31 -83 -88
right_child=1 7 27 4 5 -7 18 10 23 -11 30 17 29 -15 -16 20 -18 -19 19 -21 24 32 -24 -25 -26 26 34 -29 -30 36 68 -33 -34 -35 60 -37 49 44 39 41 -42 42 47 -45 45 -47 -48 72 -50 53 -52 -53 -54 61 56 -57 -58 58 59 -61 -62 64 -64 75 66 -67 -68 69 -70 -71 -72 -73 -74 -75 -76 76 -78 -79 79 -81 -82 86 83 -85 -86 -87 87 -89
leaf_value=1.9425456484278516e-05 -5.1851519279482589e-05 -2.5139040885510575e-05 9.65940924434937e-06 -4.2448628227500077e-06 1.3043814599523769e-05 9.6141036423466917e-06 4.6113594788932811e-06 2.6223284581393491e-05 2.1640608471422312e-05 -5.0589890549442762e-05 -3.1676615099870709e-05 -8.9330692223225023e-06 3.6962185655376865e-06 -2.230135909743643e-05 3.4251760015336487e-05 2.7809171286686326e-05 -3.6970328975040351e-05 2.2063457369902567e-05 -2.926607763062497e-06 3.6773978686666663e-05 -1.8136635141750548e-05 7.2075086862741536e-06 -4.12340782734053e-06 -9.1098984217663021e-06 1.692049591841849e-05 2.9954179787897909e-05 -2.3958587911068956e-05 1.3021655833165803e-05 1.3318882175004002e-06 -4.8527756255934969e-05 -4.9709654319405157e-06 0 4.9726307138983908e-05 -3.065257284755319e-05 1.2372169500660065e-05 1.2712313693334834e-05 2.7577372812171414e-05 -9.4801812655452321e-07 1.2923994824449572e-05 -1.8616223220251704e-06 3.4608543751362294e-05 -1.3126717139663533e-05 1.5646694215533907e-05 2.2314836325994986e-05 -1.8470002484095863e-06 -3.1866362722245743e-05 2.9241340139028454e-05 -1.724892767309584e-05 -1.5013444023300775e-05 -4.3687482944805924e-06 1.2121526608994067e-05 1.3247220995735502e-05 -2.8892079962542031e-05 -3.2017792008736977e-05 -2.3559426493654924e-06 2.9369920287304116e-05 -3.642648999962677e-05 1.7311344462765512e-05 -2.3440828687420401e-05 3.4001111210148399e-06 -9.9918782427665966e-06 2.7217516700423391e-05 -9.1195840409865025e-06 2.973122980589949e-06 1.5220327829459031e-07 -3.9188580612439109e-06 5.1710835740650905e-06 3.8514828126456003e-06 2.9054568132652275e-05 -1.3991060951133211e-05 -3.835600616750167e-06 -1.3905664459811467e-05 2.9358850378032625e-06 1.6176152899509371e-05 -2.6091809895288456e-05 -1.9921261005745745e-05 1.7776137760525268e-06 1.3595799075808827e-05 1.8688186099962841e-05 -1.2056783676331022e-05 -3.3321796182630358e-05 2.1704098972755578e-06 -7.7635563645681501e-06 3.1782087709996724e-05 6.2894848736329201e-06 -1.1518493598270691e-05 -4.4956484135096028e-05 -1.1338083760679366e-05
leaf_weight=160 41 88 35 79 106 1130 1206 57 69 35 59 106 41 46 50 41 35 46 41 75 107 34 103 52 87 58 63 48 100 35 35 70 40 59 89 36 59 1993 144 505 89 46 61 35 894 74 37 135 51 814 624 87 38 34 57 50 64 146 40 419 120 36 1095 45 3405 361 1218 626 34 137 919 231 74 34 53 408 42 48 55 55 60 35 77 50 37 56 55 99
leaf_count=160 41 88 35 79 106 1130 1206 57 69 35 59 106 41 46 50 41 35 46 41 75 107 34 103 52 87 58 63 48 100 35 35 70 40 59 89 36 59 1993 144 505 89 46 61 35 894 74 37 135 51 814 624 87 38 34 57 50 64 146 40 419 120 36 1095 45 3405 361 1218 626 34 137 919 231 74 34 53 408 42 48 55 55 60 35 77 50 37 56 55 99
internal_value=2.72091e-08 -5.99738e-06 -1.2577e-05 5.01533e-07 3.21683e-06 4.13017e-06 2.10654e-06 -6.75745e-07 -7.55567e-06 -1.45874e-05 5.4071e-06 -8.93426e-06 -3.4984e-07 5.34528e-06 6.90917e-06 5.13488e-06 -8.15648e-06 0 6.20224e-06 2.19086e-05 1.55119e-06 1.45333e-05 6.0835e-06 7.62669e-06 -1.92018e-08 -2.94362e-06 6.12184e-07 -9.79702e-06 1.24506e-05 -7.4416e-07 -4.89022e-06 -1.3815e-05 3.14969e-05 -1.27977e-05 -5.90917e-06 -1.19029e-05 -5.68211e-07 -1.96326e-06 1.19738e-06 3.40929e-06 1.47026e-05 1.53524e-06 6.17351e-06 -8.05341e-06 -3.9193e-06 -6.87765e-06 -9.21359e-07 -3.56883e-06 5.12159e-06 8.0284e-07 1.02438e-05 -3.64498e-06 -1.51844e-06 9.05088e-08 -4.72072e-06 -2.3044e-06 -2.11756e-05 7.13584e-06 4.98259e-06 8.50442e-07 -5.95237e-09 1.04732e-06 -5.89936e-06 -1.37573e-05 1.71491e-06 -6.58221e-06 1.49541e-06 -8.67652e-07 1.03944e-05 -1.80182e-06 -6.58402e-07 -5.77308e-06 -9.63968e-06 -3.81263e-06 -1.20709e-05 -1.56083e-05 -1.76812e-05 -4.43545e-06 -8.29954e-06 2.437e-06 -1.74915e-05 -1.0665e-05 -4.39015e-06 7.04452e-06 -1.64906e-05 -2.6815e-05 -1.86197e-05 -2.39723e-05
internal_weight=20523 1483 655 19040 4572 4240 3110 828 396 275 432 240 14468 921 875 825 332 152 1322 116 665 234 160 121 624 537 430 614 158 13547 198 129 74 187 272 566 13360 6657 2526 2047 284 1763 940 479 4131 2063 2068 270 195 6703 670 823 2031 6039 985 864 121 664 605 459 209 5054 1989 530 4659 395 4623 1788 69 1682 1545 736 209 128 94 495 450 297 249 110 139 444 255 127 128 91 189 154
internal_count=20523 1483 655 19040 4572 4240 3110 828 396 275 432 240 14468 921 875 825 332 152 1322 116 665 234 160 121 624 537 430 614 158 13547 198 129 74 187 272 566 13360 6657 2526 2047 284 1763 940 479 4131 2063 2068 270 195 6703 670 823 2031 6039 985 864 121 664 605 459 209 5054 1989 530 4659 395 4623 1788 69 1682 1545 736 209 128 94 495 450 297 249 110 139 444 255 127 128 91 189 154
is_linear=0
shrinkage=0.0337242


Tree=81
num_leaves=89
num_cat=0
split_feature=39 0 6 26 31 43 31 52 40 50 18 28 37 42 19 10 53 11 0 52 19 39 17 12 8 11 39 16 26 36 11 11 19 50 25 43 9 11 6 24 1 10 29 27 12 1 55 43 30 19 31 31 10 19 24 0 40 31 1 31 31 9 6 31 54 11 37 52 38 37 0 3 1 0 51 36 51 1 17 31 11 55 48 1 54 19 52 31
split_gain=4.75778e-05 4.14252e-05 5.3826e-05 3.63451e-05 3.8756e-05 3.38308e-05 3.06692e-05 3.06701e-05 3.68338e-05 2.90193e-05 2.77009e-05 3.50683e-05 2.63778e-05 3.15253e-05 3.16658e-05 3.29731e-05 2.60453e-05 3.02385e-05 3.27185e-05 3.29047e-05 2.44798e-05 2.73518e-05 2.92087e-05 2.41414e-05 2.3205e-05 2.13999e-05 2.13587e-05 3.85703e-05 3.6208e-05 2.13276e-05 2.06948e-05 2.04928e-05 2.0015e-05 1.99146e-05 2.50671e-05 2.48388e-05 1.93991e-05 1.93871e-05 1.87859e-05 2.12797e-05 4.10523e-05 4.78144e-05 7.70098e-05 5.1752e-05 3.21308e-05 2.49475e-05 2.19256e-05 2.0754e-05 2.01877e-05 2.54779e-05 1.93123e-05 4.34339e-05 3.59189e-05 2.81897e-05 2.34379e-05 2.25115e-05 3.02911e-05 2.10012e-05 2.03447e-05 1.96293e-05 2.43041e-05 1.8717e-05 2.19283e-05 1.84314e-05 2.07119e-05 1.82095e-05 2.08965e-05 2.01567e-05 1.84993e-05 1.89626e-05 1.99573e-05 2.35846e-05 2.17078e-05 1.94185e-05 1.77369e-05 1.72178e-05 1.71896e-05 1.69484e-05 1.68231e-05 2.62952e-05 2.23905e-05 2.00415e-05 2.48835e-05 2.21845e-05 1.97693e-05 1.9389e-05 1.82835e-05 1.71611e-05
threshold=0.0032180229999326797 14.500000000000002 -43.249999999999993 -0.00028434093716925068 22.500000000000004 0.0083635003654304336 262.50000000000006 0.34886973641768743 -0.0043573191570153704 33.333333333333371 -0.12108809337153797 0.49504950495052147 -0.001885015812102486 0.0015278847725096469 2.2095830421200167 -1.9088345864661649 65.883207914981497 -0.1440839694656488 69.500000000000014 0.26879412932124153 0.11341586095083046 -0.0019361102364566227 -0.085751221438811018 -0.27958015267175568 3.5000000000000004 -0.5200381679389311 -0.0020997381114040699 0.89943609022556403 -0.0010444209093303416 0.0043336995614652327 -0.51622137404580137 -0.29866412213740451 2.7592461426914388 66.66666666666886 -0.98112073739212646 0.0024464840956089921 -0.1860687022900763 -0.95133587786259521 -50.249999999999993 -1999.9999999999925 40.950999833035389 -0.87406015037593943 5.5000000000000009 -49.111975604623503 -0.098282442748091586 32.927388861080821 8395.0000000000018 -0.0074488154025412192 17.500000000000004 -19.43288958087032 22.500000000000004 37.500000000000007 -1.2283834586466162 0.18332962030734737 500.49999999998948 3.5000000000000004 0.0010085731258747679 261.50000000000006 80.814673596890017 41.500000000000007 44.500000000000007 -0.23473282442748089 39.750000000000007 53.500000000000007 19.081516746998535 -0.68988549618320605 0.0032077005391611961 0.36330294326254681 -0.0010509724394490159 -0.0015140054096180464 1.0000000180025095e-35 0.17917766147854519 616.13175925925941 106.50000000000001 70.072751322751856 -0.0024024032689999304 66.666666666665549 364.38846769939101 -0.11274904186536379 127.50000000000001 -0.43416030534351141 52198.500000000007 60.6802675801489 156.15824222968175 1.1480372526883411 0.25092281746512418 0.2982229502139378 159.50000000000003
decision_type=2 2 8 10 2 2 2 2 2 2 10 2 2 2 2 2 2 10 2 2 2 2 10 10 10 10 2 2 8 2 10 10 2 2 2 2 8 10 8 10 2 2 2 10 10 2 2 2 2 2 2 2 2 2 10 2 2 2 2 2 2 10 10 2 2 10 2 2 2 2 2 2 2 2 2 2 2 2 10 2 10 2 2 2 2 2 2 2
left_child=3 2 -2 12 16 9 7 78 -9 30 32 -12 13 14 15 -1 17 18 -5 -20 21 25 -23 29 38 -10 27 -17 -28 37 -3 -27 33 34 35 -11 -26 -4 77 40 45 44 -43 46 -42 74 -44 -41 50 -50 55 52 53 -52 57 -49 58 59 -57 -53 -61 62 65 64 -35 67 68 -51 -67 -70 71 72 -71 -72 -40 -29 -22 -14 79 81 87 82 83 -6 -84 -85 -82 -81
right_child=1 5 23 4 6 -7 -8 8 20 10 11 -13 24 -15 -16 26 -18 -19 19 -21 76 22 -24 -25 36 31 28 75 -30 -31 -32 -33 -34 63 -36 -37 -38 -39 39 47 41 42 43 -45 -46 -47 -48 48 49 61 51 54 -54 -55 -56 56 -58 -59 -60 60 -62 -63 -64 -65 -66 66 -68 -69 69 70 73 -73 -74 -75 -76 -77 -78 -79 -80 80 86 -83 84 85 -86 -87 -88 -89
leaf_value=1.8770349711643306e-05 -5.0102873379209139e-05 0 9.3336547766620269e-06 -6.3118096990619181e-06 -8.6551008476651027e-06 -2.5332800393407413e-05 -1.6308615571033322e-05 -1.6505204570288615e-05 -1.6718216740375591e-05 -1.7112369403295731e-05 3.1361849041181646e-07 3.8227462937366506e-05 2.8471056537430659e-06 -2.1549265823570658e-05 3.3096650182639373e-05 -1.0710263133569605e-05 1.2230233216815146e-05 7.9677315633694108e-06 -1.5415357045876833e-05 -6.0726463763782884e-05 1.7788355766909076e-05 5.458979021847236e-06 3.7871432150938038e-05 1.2582512054730763e-05 -3.0085676024845719e-05 2.9040022487142533e-05 1.5004507176461826e-05 3.3450627973043188e-05 -8.6975559594666164e-06 1.2283602777864756e-05 -3.833749158199118e-05 -2.0877163165830825e-06 1.9351694066526222e-05 -1.8519115310012958e-06 2.5962685736415141e-05 1.2558613619723598e-05 0 -1.5068751824890503e-05 7.2120584135960465e-07 2.5001458581038702e-05 -3.7808707623884837e-06 -1.4765899226567697e-05 2.3250238480961327e-05 1.5111556218873639e-06 -3.3028136046418295e-05 -4.5647766054266074e-05 6.3083139404211786e-05 9.8860428075548013e-06 2.251819978654017e-05 -2.3289857572810925e-07 1.0760816442066921e-05 -2.4053254825259542e-05 3.8157555782742786e-05 -2.1925228342094528e-05 4.1888613181061988e-06 -1.4819185790301763e-05 2.2177727855127629e-06 1.5743172823679787e-05 -4.7151550441444259e-05 1.8329290964165664e-05 -3.2392848936255412e-06 -3.0145802436909768e-06 -1.9737377414242078e-05 -3.7087238253346611e-07 -3.1135841975653599e-05 1.0541661066511374e-05 2.2438312670663436e-05 -2.3287152607480004e-05 2.3754251517208709e-05 1.8373232047949163e-05 -4.5077671399108329e-07 3.1330351214649262e-05 -2.3385084643348024e-06 9.0490226947161821e-06 -2.6433790787639373e-05 0 4.8204850851178713e-05 2.5042267778752421e-05 5.4919829736445811e-06 -1.1049121849838906e-05 -5.9245561424604051e-06 -4.0379341773710408e-06 2.8406638598665808e-05 2.810899042772862e-05 8.9816455151117234e-06 0 -2.7861851360173928e-05 4.4618138646224817e-06
leaf_weight=160 41 34 35 127 146 59 81 41 55 60 68 54 161 46 50 258 56 59 55 35 77 79 64 48 56 38 235 36 101 36 34 52 56 63 55 68 37 495 50 37 1592 76 43 62 45 39 41 39 63 1312 196 52 49 34 593 79 54 66 41 59 4284 1111 52 215 62 345 67 45 46 89 2055 51 145 276 47 35 42 58 1988 99 320 191 85 46 304 60 55 417
leaf_count=160 41 34 35 127 146 59 81 41 55 60 68 54 161 46 50 258 56 59 55 35 77 79 64 48 56 38 235 36 101 36 34 52 56 63 55 68 37 495 50 37 1592 76 43 62 45 39 41 39 63 1312 196 52 49 34 593 79 54 66 41 59 4284 1111 52 215 62 345 67 45 46 89 2055 51 145 276 47 35 42 58 1988 99 320 191 85 46 304 60 55 417
internal_value=2.65929e-08 -5.78656e-06 -1.2133e-05 4.84448e-07 3.10763e-06 -6.49422e-07 3.99166e-06 4.41026e-06 1.28231e-05 1.11867e-06 3.2777e-06 1.78875e-05 -3.37816e-07 5.17209e-06 6.68734e-06 4.96961e-06 -7.89123e-06 -1.23241e-05 -1.82866e-05 -3.41104e-05 1.6015e-05 1.01753e-05 2.06412e-05 -9.44008e-06 -7.19545e-07 0 1.50378e-06 -4.4203e-06 7.59211e-06 -1.14785e-05 -1.97169e-05 9.98115e-06 3.23677e-08 -1.85143e-06 6.85898e-06 -5.94523e-07 -1.75442e-05 -1.32749e-05 -5.96061e-07 -7.64908e-07 -3.97712e-06 -2.60952e-06 1.19564e-05 2.65287e-05 -4.64391e-06 -2.19603e-05 4.38432e-05 -1.8617e-07 -2.77985e-07 1.12917e-06 -1.73073e-06 -1.31259e-06 1.15892e-05 5.50871e-06 -2.04394e-06 -1.17463e-05 -1.71504e-05 -2.89413e-06 -2.66716e-05 -3.196e-06 -2.92402e-06 8.71009e-07 1.85552e-06 -6.82397e-06 -1.715e-05 2.13073e-06 3.57452e-06 -1.06864e-06 3.12207e-06 2.12417e-06 1.70687e-06 1.01543e-05 5.12597e-06 6.32573e-07 -1.14399e-05 1.70748e-05 2.93359e-05 9.16665e-06 3.3686e-06 8.62535e-07 -3.09563e-06 5.21757e-06 8.12624e-06 0 1.34747e-05 1.16124e-05 -9.39979e-06 1.29856e-06
internal_weight=20523 1483 655 19040 4572 828 4240 4159 448 769 701 122 14468 921 875 825 332 276 217 90 407 288 143 614 13547 145 665 329 336 566 68 90 579 523 183 128 93 530 13454 13235 1995 1859 222 146 1637 136 84 11240 11203 5657 5546 5333 279 230 5054 213 174 4461 120 4395 4343 5594 4483 340 125 4431 3074 1357 3007 2662 2616 285 234 2331 97 71 119 219 3711 1723 891 832 641 252 389 106 375 516
internal_count=20523 1483 655 19040 4572 828 4240 4159 448 769 701 122 14468 921 875 825 332 276 217 90 407 288 143 614 13547 145 665 329 336 566 68 90 579 523 183 128 93 530 13454 13235 1995 1859 222 146 1637 136 84 11240 11203 5657 5546 5333 279 230 5054 213 174 4461 120 4395 4343 5594 4483 340 125 4431 3074 1357 3007 2662 2616 285 234 2331 97 71 119 219 3711 1723 891 832 641 252 389 106 375 516
is_linear=0
shrinkage=0.0337242


Tree=82
num_leaves=89
num_cat=0
split_feature=20 20 4 22 39 9 9 37 39 52 31 39 47 9 5 20 19 1 47 22 51 52 22 31 5 48 26 18 42 1 19 55 24 11 16 26 12 43 40 23 1 20 4 29 23 1 1 31 0 31 30 10 19 16 18 2 51 52 39 18 4 4 13 48 22 12 20 1 22 23 0 39 22 43 22 22 52 26 22 18 51 19 55 29 20 18 31 22
split_gain=6.85538e-05 3.71344e-05 3.53868e-05 5.59041e-05 3.27301e-05 3.15425e-05 3.03639e-05 2.90628e-05 4.30202e-05 2.72241e-05 2.95507e-05 3.06872e-05 3.35407e-05 4.43933e-05 3.9439e-05 2.9352e-05 4.67376e-05 2.87751e-05 2.60295e-05 2.5327e-05 2.49064e-05 2.44134e-05 2.37581e-05 2.3695e-05 3.10588e-05 2.36924e-05 2.35126e-05 2.25189e-05 2.1986e-05 2.17457e-05 2.1664e-05 2.95359e-05 2.3583e-05 2.43647e-05 2.14815e-05 2.14773e-05 3.11294e-05 2.14772e-05 2.5162e-05 2.34371e-05 4.07676e-05 2.27811e-05 2.17386e-05 4.66877e-05 3.29031e-05 3.49181e-05 2.1359e-05 4.74605e-05 3.12552e-05 4.58624e-05 2.94891e-05 2.8237e-05 2.6885e-05 2.45356e-05 4.00501e-05 3.34667e-05 3.02982e-05 2.6937e-05 3.00655e-05 2.81505e-05 3.15991e-05 2.33826e-05 2.3131e-05 2.13207e-05 2.11975e-05 2.11594e-05 2.09972e-05 2.09484e-05 3.17212e-05 2.04494e-05 2.41183e-05 2.04142e-05 2.02418e-05 2.95363e-05 2.01251e-05 2.5066e-05 2.33117e-05 1.97624e-05 1.96344e-05 1.96226e-05 2.2979e-05 1.95592e-05 1.94801e-05 3.28173e-05 1.9249e-05 1.90085e-05 1.89373e-05 2.06991e-05
threshold=2.4921855921855927 0.011560736560736562 -0.33934224659392836 -0.7361367026410458 0.0065735459338001076 -0.68416030534351135 -0.77290076335877844 0.0038167938931298333 0.0015961702105976585 0.26523055165051096 258.50000000000006 -0.0045627402811896358 -58.025911286781302 -0.60019083969465636 0.41828023336671782 21.775000000000006 -0.086527910600588939 131.19231325436186 103.17460317459597 -0.25812348278786806 92.592592592591743 0.360630730652578 -0.62955731085502065 23.500000000000004 0.3219604725770906 8.5116561068389682 5.9607769916637979e-05 -0.051223403906986646 0.0059335480176128117 131.13395890701079 -1.6758041570233073 50877.500000000007 -1.0000000000001064 -0.25477099236641215 0.59304511278195504 -0.00078738342431201088 -0.53721374045801518 -0.0063161233184929602 -0.0038119502460572381 0.19999999999999932 255.22743394534169 0.10874113152628707 -0.8939312567132115 8.5000000000000018 0.10000000000000499 80.565459810548973 61.363715440341494 10.500000000000002 182.50000000000003 195.50000000000003 18.500000000000004 -1.3016917293233081 0.12388396056481811 0.47368421052631587 -0.24932897658322692 0.77905193400708528 3.2724440441395731e-13 0.40730651661106587 -0.002086594203687286 -0.74276858338000007 -0.35588501328509237 -0.32632568262762163 -0.044270639521215495 95.66092983163135 -0.83556345237050678 -0.87881679389312961 0.070194107222709898 61.552546248755512 -0.87059837478453572 0.55000000000000082 15.500000000000002 0.0032388685202960903 -0.69024743353514073 -0.0027341092746667735 -0.97705536544704741 -0.96357716189610776 0.22508606901608166 0.00492831675136757 -0.91204556754701527 -0.19529819397605933 50.000000000000455 -0.041738818011374683 9000.5000000000018 8.5000000000000018 0.28833019065577209 0.17551761584117961 113.50000000000001 -0.73260939683904946
decision_type=2 2 2 10 2 8 10 2 2 2 2 2 2 10 2 2 2 2 2 10 2 2 8 2 2 2 8 8 2 2 2 2 10 10 2 8 10 2 2 10 2 2 2 2 8 2 2 2 2 2 2 2 2 2 8 2 2 2 2 10 2 2 10 2 8 10 2 2 10 10 2 2 10 2 8 8 2 10 10 8 2 2 2 2 2 10 2 8
left_child=1 5 3 34 6 -1 37 8 9 18 11 -11 14 17 15 16 25 -14 23 28 26 -18 35 24 -4 -13 -10 -19 46 -21 69 32 81 -34 -2 -15 -37 -3 -39 42 79 -42 43 -40 63 -46 47 -8 53 50 51 64 -49 54 -48 57 -56 58 59 62 72 -59 -55 66 -50 -65 -44 78 -69 -25 -71 -67 73 -61 -58 76 -76 -60 -35 -41 -81 -32 -77 86 -54 -68 87 -84
right_child=2 4 7 -5 -6 -7 19 -9 20 10 -12 12 13 22 -16 -17 21 27 -20 29 -22 -23 -24 30 -26 -27 -28 -29 -30 -31 31 -33 33 67 -36 36 -38 38 39 40 41 -43 44 -45 45 -47 48 52 49 -51 -52 -53 84 55 56 -57 74 61 77 60 -62 -63 -64 65 -66 71 85 68 -70 70 -72 -73 -74 -75 75 82 -78 -79 -80 80 -82 -83 83 -85 -86 -87 -88 -89
leaf_value=0 -5.3664890445616369e-06 2.8180940233439816e-05 -1.3868753360117902e-06 5.5221098366530211e-05 -2.4752003968967156e-05 -3.0395271080146292e-05 -2.5832923803354037e-05 2.6707826438296653e-05 -5.4734728936791248e-06 3.8327922059939151e-05 -2.0555300265436107e-05 2.3057289297704159e-06 -1.7523435723193825e-05 3.9979103505229953e-06 3.366158215816012e-05 1.7756563436246234e-05 2.0448022674292739e-05 2.9084990163503738e-05 1.6392382043487014e-05 0 1.2798785607890282e-05 -6.4835693256771449e-06 4.7927541350733579e-05 -6.715131211292384e-06 -2.7579031010218744e-05 -2.5050138894155531e-05 -2.6629946305460281e-05 0 1.3846552331704173e-05 3.544705134031028e-05 4.8593624381232161e-06 -1.3285685836918573e-06 6.4619112557548654e-06 -7.9230234740222749e-06 2.7150194694870444e-05 5.6296243706202575e-05 1.6752360414269039e-05 -1.8850613162095466e-05 4.6016816301293177e-05 4.3844545818509966e-05 -2.1775425745963919e-05 5.9334824777491353e-06 -1.3615460647417932e-05 1.4478940406038719e-06 -4.5602342892897305e-05 0 5.4378058092375818e-06 -9.7984562218170596e-07 -2.9847384107125014e-05 5.0676421927208675e-06 1.5149486535504487e-06 -4.5155745992968933e-05 -1.2373919450038051e-07 -5.6069194480510378e-06 9.538489573116348e-06 1.5706078320959803e-05 -1.9292250752566054e-05 3.6643420392469596e-05 -1.6487926655871801e-07 1.1418560037229752e-06 -4.9282372880793342e-06 0 2.5533539997720314e-05 2.3024385133360389e-05 0 8.667790081942282e-06 1.2697575194320521e-07 5.2981284195496685e-05 1.3561840818194693e-05 8.7575259593884394e-06 -7.9773418279629249e-06 -1.7622159711226359e-05 -4.6444959834813719e-05 -2.9450698512336044e-05 -3.8502572218394299e-06 -1.0854905677960289e-05 3.2940526427601976e-05 -1.7821142215101059e-05 1.6585703288218642e-05 3.0224553532297686e-05 -4.1521568657028505e-06 -1.5064474722355718e-05 -7.0631669940726033e-06 7.966925997051498e-06 8.6287889123775225e-06 1.8389833626618527e-05 -1.3233832584760548e-05 1.3889011099620071e-05
leaf_weight=73 59 36 337 39 64 89 78 60 351 44 35 41 57 86 40 72 80 49 149 38 62 66 44 434 63 132 78 81 103 39 149 607 958 45 35 34 109 65 38 47 36 380 123 107 36 36 345 2907 59 101 43 70 449 68 116 135 169 39 3436 53 248 41 42 93 55 162 2411 44 69 315 137 41 41 83 37 948 34 74 137 44 36 87 179 204 695 67 313 76
leaf_count=73 59 36 337 39 64 89 78 60 351 44 35 41 57 86 40 72 80 49 149 38 62 66 44 434 63 132 78 81 103 39 149 607 958 45 35 34 109 65 38 47 36 380 123 107 36 36 345 2907 59 101 43 70 449 68 116 135 169 39 3436 53 248 41 42 93 55 162 2411 44 69 315 137 41 41 83 37 948 34 74 137 44 36 87 179 204 695 67 313 76
internal_value=3.00107e-07 -8.30331e-07 3.6549e-06 2.09569e-05 -6.51839e-07 -1.6915e-05 -5.43118e-07 3.18027e-06 2.87813e-06 3.92559e-06 8.96901e-06 1.01776e-05 8.67895e-06 1.5041e-05 1.6646e-06 -1.36155e-06 -5.97962e-06 1.81543e-06 2.51274e-06 -1.4203e-06 -6.52709e-06 7.61143e-06 2.37461e-05 1.87266e-06 -5.75379e-06 -1.80082e-05 -9.54542e-06 1.10383e-05 -1.56025e-06 1.77543e-05 2.92807e-06 4.80764e-06 7.37402e-06 9.23103e-06 5.71253e-06 1.86778e-05 2.68304e-05 2.07299e-06 1.7945e-06 2.18788e-06 8.67755e-06 3.30324e-06 1.02521e-06 1.37947e-05 3.69016e-07 -2.20957e-05 -1.7114e-06 1.90868e-07 -2.84582e-06 -1.3074e-05 -2.15717e-05 -2.74922e-05 7.15804e-07 -2.3292e-06 -5.04743e-06 -7.61715e-07 -6.83648e-06 -1.32409e-06 -1.72916e-06 -9.18853e-06 -1.31929e-05 1.7949e-05 5.40438e-06 9.60703e-07 -1.57983e-05 9.53697e-06 0 1.7896e-05 2.97664e-05 -1.4093e-06 3.47139e-06 2.88184e-06 -2.42268e-05 -1.68179e-05 -7.85493e-06 -6.72172e-06 1.24065e-05 -5.64658e-07 9.99476e-06 2.55205e-05 1.35468e-05 -2.07588e-06 -7.56752e-06 -3.40547e-06 5.10908e-06 6.59773e-07 -7.66009e-06 -4.39542e-07
internal_weight=20487 15302 5185 133 15140 162 15076 5052 4992 4501 970 935 891 460 431 391 319 187 3531 11318 491 146 273 3382 400 173 429 130 11241 77 2982 2096 1489 1253 94 229 143 3758 3722 3657 543 416 3114 145 2969 72 11138 4129 7009 328 227 184 4051 6681 2421 4260 2076 4125 4045 535 425 80 110 2897 114 296 2601 295 113 886 452 203 177 136 1960 1791 71 3510 182 127 80 236 1720 772 1144 2478 568 255
internal_count=20487 15302 5185 133 15140 162 15076 5052 4992 4501 970 935 891 460 431 391 319 187 3531 11318 491 146 273 3382 400 173 429 130 11241 77 2982 2096 1489 1253 94 229 143 3758 3722 3657 543 416 3114 145 2969 72 11138 4129 7009 328 227 184 4051 6681 2421 4260 2076 4125 4045 535 425 80 110 2897 114 296 2601 295 113 886 452 203 177 136 1960 1791 71 3510 182 127 80 236 1720 772 1144 2478 568 255
is_linear=0
shrinkage=0.0337242


Tree=83
num_leaves=89
num_cat=0
split_feature=20 20 4 22 39 9 15 9 4 51 37 39 52 51 22 52 47 18 55 20 9 25 52 30 19 47 2 44 42 15 1 16 1 19 35 47 18 39 11 51 19 41 48 13 13 36 4 4 11 16 13 15 48 22 48 47 28 55 37 20 16 13 22 1 23 1 11 52 44 4 29 23 1 41 4 20 47 19 2 29 22 20 3 7 3 37 47 12
split_gain=6.41189e-05 3.47017e-05 3.30066e-05 5.21655e-05 3.05579e-05 2.9417e-05 3.89595e-05 2.84118e-05 2.72059e-05 3.92902e-05 2.80991e-05 3.94488e-05 3.0118e-05 2.5141e-05 2.36404e-05 2.34923e-05 3.01096e-05 4.58199e-05 3.66436e-05 3.1125e-05 2.87347e-05 2.29279e-05 2.35868e-05 2.31963e-05 2.28139e-05 2.20207e-05 2.08938e-05 2.124e-05 2.05396e-05 2.46553e-05 2.03193e-05 2.00886e-05 1.9929e-05 3.24155e-05 2.48471e-05 2.38212e-05 2.1916e-05 3.30712e-05 3.84217e-05 3.97492e-05 3.12373e-05 2.97269e-05 2.9027e-05 2.67091e-05 3.37391e-05 2.73058e-05 2.6457e-05 2.54785e-05 2.27219e-05 2.64999e-05 2.08699e-05 2.08094e-05 2.06843e-05 2.66419e-05 2.04696e-05 2.6912e-05 2.42002e-05 2.01006e-05 1.97097e-05 1.93004e-05 1.92602e-05 1.91382e-05 1.87686e-05 1.87592e-05 1.8678e-05 4.82868e-05 3.37662e-05 3.058e-05 2.34239e-05 2.47185e-05 4.88314e-05 2.94386e-05 3.35685e-05 1.97802e-05 1.8933e-05 1.86322e-05 1.85707e-05 2.102e-05 1.83087e-05 1.75152e-05 1.73882e-05 1.72494e-05 1.71832e-05 1.69432e-05 1.69008e-05 1.6852e-05 1.67357e-05 1.67095e-05
threshold=2.4921855921855927 0.011560736560736562 -0.33934224659392836 -0.7361367026410458 0.0065735459338001076 -0.68416030534351135 0.047779871308738127 -0.77290076335877844 -0.00016253038611566505 16.66666666666643 0.0038167938931298333 0.0018639345173573354 0.25449742549086435 88.888888888888289 -0.25812348278786806 0.26523055165051096 -47.619047619066713 -0.043016364419764433 8089.5000000000009 7.3358974358974374 -0.56583969465648842 -0.50000000000000877 0.33129198806959337 17.500000000000004 -0.1145122257509925 128.78787878792875 -0.86276911341876483 0.0069324298346790112 0.0059335480176128117 0.053799272919691506 131.13395890701079 0.59304511278195504 61.363715440341494 0.12388396056481811 1.0000000180025095e-35 -43.478260869563329 -0.24352898140597409 -0.002086594203687286 -0.063931297709923646 8.3333333333344175 4.0465208089923985 -0.002791348184162767 44.24338420604446 -0.0072738670177394747 -0.0053311324113194105 0.0028070189262020544 -0.19508592910848546 -0.42788597433433201 -0.32156488549618317 0.48120300751879702 -0.22365934294753384 0.14939562751040339 45.718516725887746 -0.83556345237050678 89.214577400680653 47.619047619025146 -0.4975124378109187 8618.0000000000018 0.0019704452623895423 6.0555984555984566 0.9727443609022558 -0.18982919457001413 -0.78227195770338898 146.71394698111678 0.19999999999999932 255.22743394534169 -0.54293893129770987 0.17132937993605032 -0.0043057100482016821 -0.8939312567132115 8.5000000000000018 0.10000000000000499 80.565459810548973 -0.0015923566878980886 -0.13498855220758663 0.28833019065577209 -66.666666666666075 -0.17675851824797381 0.28220528609490531 10.500000000000002 -0.76339981942050394 1.0536406341749855 -0.068618725910047348 0.9197992280216617 0.31338636124707037 0.0010531861793577903 62.499999999994962 -0.57919847328244256
decision_type=2 2 2 10 2 8 10 10 2 2 2 2 2 2 10 2 2 8 2 2 10 2 2 2 2 2 2 2 2 10 2 2 2 2 2 2 10 2 10 2 2 2 2 10 10 2 2 2 10 2 8 10 2 8 2 2 2 2 2 2 2 10 10 2 10 2 8 2 2 2 2 8 2 2 2 2 2 2 2 2 10 2 2 10 2 2 2 8
left_child=1 5 3 31 7 -1 -7 26 10 -10 11 15 13 -13 28 25 21 18 -18 -20 79 -17 23 -23 -22 -4 -3 64 32 -30 -16 -2 33 34 76 -36 40 38 39 -38 41 42 46 45 -45 50 -34 -42 63 -50 78 52 53 -46 55 -43 -57 -40 -14 -27 -24 62 -52 -41 68 66 -66 74 -28 70 -70 87 -73 -69 -67 -35 77 -9 83 -19 -47 -65 85 -39 -77 -78 -63 -71
right_child=2 4 8 -5 -6 6 -8 14 9 -11 -12 12 58 -15 30 16 17 20 19 -21 24 22 60 -25 -26 59 27 -29 29 -31 -32 -33 36 75 35 -37 37 43 57 48 47 54 -44 44 51 80 -48 -49 49 -51 61 -53 -54 -55 -56 56 -58 -59 -60 -61 -62 86 -64 81 65 67 -68 73 69 71 -72 72 -74 -75 -76 84 82 -79 -80 -81 -82 -83 -84 -85 -86 -87 -88 -89
leaf_value=0 -5.1855085473107191e-06 -1.3889092637009073e-05 1.4789787272052212e-06 5.3358817511857485e-05 -2.3917264848702141e-05 -4.6919953688836266e-05 0 2.9282750327174458e-05 3.9831480072183177e-05 -6.7158393006976862e-07 2.5807128140958136e-05 -8.4174841909934611e-06 -3.7513672950324092e-05 1.5862046252753067e-05 0 -2.2255191576483345e-05 5.7489167422719431e-05 -2.0994969585219546e-05 -8.3160477490315488e-07 3.7955380593984366e-05 3.5734794518632632e-06 5.3239631593404014e-06 -2.566889148109891e-06 3.2914634857979985e-05 3.3174160660420566e-05 4.2872776119011522e-06 2.6704293523472272e-05 2.6184839970643674e-05 -1.8382518527034455e-06 2.955974633400127e-05 3.4251632410317318e-05 2.6234579956268668e-05 3.2094714176853365e-05 -1.1956624540987153e-07 -1.8745592492479779e-06 -3.1052188104662231e-05 6.872540400728704e-06 -6.6773957251393389e-06 -6.3688792176093085e-06 -2.9064392952515099e-05 2.4972431478907753e-05 -1.0539025696098619e-06 -4.500012529365051e-06 -3.5199554121515484e-05 -5.1332790315301887e-06 -2.5170693912736206e-05 4.4655206217642194e-06 -1.3458383691405266e-06 -5.2842983542458963e-05 -2.1131665319085525e-05 2.8520048323049641e-05 -1.9988264840035748e-05 -1.0330331315855658e-05 2.8199428088134838e-05 7.7229365441612435e-06 -3.5846158484258894e-05 -7.0933954401904987e-06 2.2139404289327547e-05 -1.7823194874514255e-06 3.6088520947378101e-05 2.2488778453544727e-05 1.9198845287058574e-06 -1.3433649249844379e-07 7.0936183464618638e-06 3.7777270165490485e-05 4.050134276629358e-06 3.3862428147975628e-06 -2.3097429891370913e-05 4.8490070606870128e-05 -2.2026450299659704e-06 1.4227535447122276e-06 -4.5014636656116017e-05 0 0 2.7097818148178899e-05 1.1179444067534242e-05 -3.4526735623864647e-06 2.3662784203368542e-06 1.5701977526672188e-06 5.3855072332268056e-06 0 -1.7559564095342257e-05 0 -2.8983286548231818e-05 -1.2551705160335462e-06 -1.5215757369016388e-05 -6.4012851559113182e-06 3.0128141698697248e-06
leaf_weight=73 59 90 3482 39 64 55 34 36 55 45 60 197 57 63 38 37 45 50 43 42 78 114 331 58 58 66 40 43 50 53 39 35 79 449 80 63 61 617 65 53 95 1846 104 60 53 92 98 63 49 132 55 98 128 49 200 37 758 46 34 40 39 1275 37 65 88 203 62 67 36 1317 98 35 36 116 56 553 652 625 290 58 50 59 1338 45 143 190 350 1471
leaf_count=73 59 90 3482 39 64 55 34 36 55 45 60 197 57 63 38 37 45 50 43 42 78 114 331 58 58 66 40 43 50 53 39 35 79 449 80 63 61 617 65 53 95 1846 104 60 53 92 98 63 49 132 55 98 128 49 200 37 758 46 34 40 39 1275 37 65 88 203 62 67 36 1317 98 35 36 116 56 553 652 625 290 58 50 59 1338 45 143 190 350 1471
internal_value=2.90903e-07 -8.02188e-07 3.53548e-06 2.02501e-05 -6.2942e-07 -1.63518e-05 -2.93702e-05 -5.24148e-07 3.07631e-06 2.06385e-05 2.70214e-06 2.399e-06 -8.41731e-06 -2.1626e-06 -1.37284e-06 3.25634e-06 7.99662e-06 1.55191e-05 3.18876e-05 1.71966e-05 6.40206e-06 2.97058e-06 4.87097e-06 1.51898e-05 1.6908e-05 1.97035e-06 2.00614e-06 2.4225e-06 -1.50831e-06 1.33796e-05 1.71488e-05 5.4852e-06 -1.65466e-06 1.82063e-07 -1.64455e-06 -1.5405e-05 -2.75047e-06 -4.52402e-06 -1.23906e-05 -1.71157e-05 -7.04671e-07 -1.47307e-06 8.91496e-06 -3.19049e-06 -1.15379e-05 -2.00391e-06 1.73433e-05 1.38667e-05 -2.14731e-05 -3.02505e-05 -1.19813e-06 -6.91488e-06 -9.24229e-07 9.93188e-06 -2.53456e-06 -3.34795e-06 -8.55316e-06 4.57458e-06 -2.52257e-05 1.71996e-05 0 9.75178e-07 1.59454e-05 -1.19511e-05 2.11397e-06 7.61877e-06 2.42067e-05 1.77069e-06 1.00764e-06 6.31916e-07 1.47891e-05 0 -2.14749e-05 -8.50828e-06 9.40662e-06 5.02685e-06 -9.17908e-07 3.97846e-06 -5.21938e-06 -5.93271e-06 -1.64685e-05 -3.85703e-06 -2.44688e-06 -8.33967e-06 8.48575e-06 -6.22185e-06 6.81504e-08 5.14458e-07
internal_weight=20487 15302 5185 133 15140 162 89 15076 5052 100 4952 4892 351 260 11318 4541 953 374 130 85 244 579 542 172 136 3588 3758 3668 11241 103 77 94 11138 4129 2984 143 7009 3729 530 419 3280 3122 281 3199 388 2811 177 158 358 181 2669 328 230 102 2841 2641 795 111 91 106 370 1717 92 177 3625 592 150 442 3033 2993 134 2859 71 183 259 1145 2841 661 952 108 142 124 2180 662 696 842 1625 2788
internal_count=20487 15302 5185 133 15140 162 89 15076 5052 100 4952 4892 351 260 11318 4541 953 374 130 85 244 579 542 172 136 3588 3758 3668 11241 103 77 94 11138 4129 2984 143 7009 3729 530 419 3280 3122 281 3199 388 2811 177 158 358 181 2669 328 230 102 2841 2641 795 111 91 106 370 1717 92 177 3625 592 150 442 3033 2993 134 2859 71 183 259 1145 2841 661 952 108 142 124 2180 662 696 842 1625 2788
is_linear=0
shrinkage=0.0337242


Tree=84
num_leaves=89
num_cat=0
split_feature=20 31 20 54 24 27 4 15 4 12 26 12 54 43 54 20 12 31 19 48 31 53 52 9 38 30 53 20 31 38 44 23 18 11 41 4 23 52 23 20 38 26 15 0 54 54 11 18 39 55 31 1 17 48 55 21 43 1 31 20 20 31 19 20 31 19 43 26 52 44 7 15 52 9 11 53 12 54 1 19 31 1 2 7 12 41 43 18
split_gain=7.80433e-05 3.66656e-05 4.41454e-05 3.81547e-05 3.54224e-05 3.21084e-05 2.92945e-05 2.88785e-05 2.77847e-05 3.41718e-05 3.72581e-05 2.76612e-05 4.66149e-05 2.7484e-05 2.61508e-05 2.47732e-05 2.94014e-05 2.66704e-05 4.27977e-05 2.44153e-05 4.36014e-05 4.07855e-05 3.70572e-05 3.6716e-05 3.4252e-05 3.19494e-05 2.59393e-05 2.57945e-05 3.64244e-05 3.07787e-05 2.79598e-05 2.9742e-05 2.57558e-05 2.38779e-05 4.02e-05 3.43022e-05 3.20651e-05 3.01966e-05 2.98928e-05 2.77462e-05 3.11699e-05 2.92808e-05 2.89054e-05 2.83847e-05 3.65648e-05 2.78368e-05 3.89613e-05 3.6329e-05 3.38838e-05 3.48727e-05 2.74319e-05 2.67864e-05 4.58157e-05 2.6284e-05 2.58459e-05 2.43563e-05 2.35235e-05 2.3023e-05 2.25426e-05 2.79362e-05 2.74302e-05 2.24794e-05 4.56268e-05 2.99431e-05 2.95518e-05 2.51774e-05 2.25492e-05 2.21499e-05 2.52594e-05 2.8618e-05 2.57435e-05 2.21348e-05 2.20567e-05 2.19364e-05 2.17553e-05 2.17104e-05 2.16158e-05 2.21499e-05 2.15945e-05 2.14426e-05 2.08541e-05 2.08364e-05 2.16945e-05 2.05782e-05 2.24336e-05 2.01871e-05 3.0584e-05 2.84919e-05
threshold=1.112399732620321 255.50000000000003 0.011560736560736562 27.466729457953662 10000.583333333334 893.01065188683435 -0.58147012267510878 0.089212694695413416 -0.17933461473231946 -0.95133587786259521 -0.010137592325821716 -0.24904580152671754 3.9908901897674807 -0.0031529173183468813 15.713681111214337 88.500000000000014 -0.97232824427480902 190.50000000000003 -0.10420091921289297 70.808379304414004 50.500000000000007 66.26508125003032 0.210029832092993 -0.8377862595419846 -0.0013956740920813557 18.500000000000004 36.149988666669458 2.7312382739212011 87.500000000000014 0.0034188134087614901 0.0032180229999326797 -0.10000000000000496 -0.22824530376881283 -0.86164122137404575 0.0064557806118196179 -0.91173893380066695 0.049999999999998941 0.31407658132525668 -0.049999999999998927 0.47558265582655829 -0.0017873115256836212 0.0047499909799673581 0.2768635207098285 33.500000000000007 -0.46469498523709307 11.9059997273169 -0.80248091603053429 -0.35683500814265673 -0.0031529173183468813 40260.000000000007 39.500000000000007 1337.7583949476659 -0.36649746935431965 18.873493681281769 11587.000000000002 -0.66028779021603667 -0.0043057100482016821 2321.1493067698943 236.50000000000003 2.2419017763845352 7.1004464285714297 90.500000000000014 -0.60278952562873644 1.2302308802308806 101.50000000000001 -3.8616211115286201 -0.0010531861793577899 -0.012711844917278557 0.20672081706403328 0.0037998748616258076 0.39995967277336103 0.096577788374103954 0.39050931425888508 -0.58683206106870223 -0.53339694656488545 40.729506610778195 -0.37690839694656481 -0.46469498523709307 714.78068446180566 0.03578893547578766 80.500000000000014 27.691624573210088 -0.17934304255777375 0.24653977992856324 -0.18225190839694652 0.00471887177583974 0.0038046939839029297 -0.13842888527160244
decision_type=2 2 2 2 10 10 2 10 2 10 10 10 2 2 2 2 10 2 2 2 2 2 2 10 2 2 2 2 2 2 2 10 8 10 2 2 10 2 10 2 2 8 10 2 2 2 10 8 2 2 2 2 10 2 2 2 2 2 2 2 2 2 2 2 2 2 2 10 2 2 10 10 2 10 8 2 10 2 2 2 2 2 2 10 10 2 2 10
left_child=1 2 3 74 6 13 7 -2 33 10 -10 -3 -13 -6 -11 16 -8 19 57 27 21 24 78 -24 -21 -23 -25 29 30 61 31 -29 -26 35 39 38 53 50 -4 45 42 85 43 83 -45 48 -47 -48 49 -35 -38 55 -53 54 -37 -49 -30 58 60 -60 -19 62 63 -18 66 -66 -63 -50 -69 70 72 -59 -70 -65 -1 -43 77 -71 -22 -72 -15 -58 -83 84 -41 86 -42 -88
right_child=4 11 8 -5 5 -7 15 -9 9 14 -12 12 -14 80 -16 -17 17 18 -20 20 22 25 23 26 32 -27 -28 28 56 -31 -32 -33 -34 34 -36 36 37 -39 -40 40 41 75 -44 44 -46 46 47 51 67 -51 -52 52 -54 -55 -56 -57 81 71 59 -61 -62 64 -64 73 65 -67 -68 68 69 76 79 -73 -74 -75 -76 -77 -78 -79 -80 -81 -82 82 -84 -85 -86 -87 87 -89
leaf_value=7.7906371192718434e-07 4.334200230583937e-05 1.9421600604742747e-06 4.5627217629720826e-05 -4.8892851768013149e-05 3.3473809234559418e-05 -1.9905823043880004e-07 -9.2766390735039643e-06 0 -4.8056533281906314e-05 -3.6771983925308658e-06 -9.6473627120482415e-06 6.3847376292598147e-06 5.5433786648468359e-05 -9.1952591906745849e-06 -2.8973880123697106e-05 1.5822125131302128e-05 3.6489452356780536e-05 -1.0991121137703608e-05 4.3181129904122527e-06 1.5572163623334465e-05 1.0434923308988455e-05 4.3833176765140792e-05 6.3164370873658341e-07 5.8640642204198167e-05 3.4795750762335739e-06 0 2.3044798332653939e-05 2.7715777960126124e-05 3.327841204146665e-05 2.39993535370138e-05 -2.0197221271944401e-05 1.312061162946902e-06 -1.6281648064449824e-05 -9.187192170460443e-06 -2.9508674506690128e-05 -3.980204831865328e-05 -2.0306364072950317e-05 3.8167401652356478e-05 2.2144768783493743e-06 7.7167691342203743e-08 0 0 -4.1045651523497266e-06 1.266994390340527e-05 5.6527068416324028e-05 -1.68960186425197e-05 1.813479177160117e-05 -1.8375016496175146e-05 1.2252880026310085e-05 -5.170581140381263e-05 1.0774723287632146e-05 6.2475340177248704e-06 -4.3322636792825606e-05 0 -1.8346574780496803e-06 4.4186541767114005e-06 2.7507070984007761e-05 3.3555719252877058e-05 1.4023277185426758e-05 -3.6266277889507019e-06 7.5394996535200665e-07 -1.9246451584792609e-06 -1.0982245298666536e-05 2.3139624789804623e-05 -1.3901856574187875e-05 1.0410828890431817e-06 2.788481338013067e-05 -3.2596307788102363e-06 -1.4256224009664149e-05 -1.9892665628801777e-05 2.237756578745133e-05 -2.3576061613092889e-06 -4.283509344348245e-05 -8.3348348525463812e-06 -2.7938612029338182e-05 -4.0304598653039764e-05 2.4217819023612171e-05 6.0933479683562605e-06 -9.5757860762102384e-06 -8.8680655570046224e-06 1.6635909046101536e-05 -3.7580275186065213e-06 1.0627418389137101e-05 -4.4023635013099912e-06 3.939920742973978e-05 2.5412276127966958e-05 -3.4038111883284181e-05 1.9912354620920396e-06
leaf_weight=72 38 297 38 41 96 153 295 40 46 1151 101 79 34 43 50 134 36 840 1029 72 451 38 54 43 102 36 86 51 52 55 65 1361 224 76 62 39 36 41 44 42 2579 34 117 69 38 122 157 57 83 36 225 38 41 1055 55 647 64 35 130 472 289 37 558 36 143 1202 77 2437 523 62 37 34 37 82 45 37 38 86 66 75 135 156 411 88 34 34 59 35
leaf_count=72 38 297 38 41 96 153 295 40 46 1151 101 79 34 43 50 134 36 840 1029 72 451 38 54 43 102 36 86 51 52 55 65 1361 224 76 62 39 36 41 44 42 2579 34 117 69 38 122 157 57 83 36 225 38 41 1055 55 647 64 35 130 472 289 37 558 36 143 1202 77 2437 523 62 37 34 37 82 45 37 38 86 66 75 135 156 411 88 34 34 59 35
internal_value=-2.38118e-07 -2.13582e-06 -2.51771e-06 -2.02896e-05 2.03767e-06 1.15617e-05 1.56956e-06 2.22285e-05 -2.24525e-06 -6.79237e-06 -2.23241e-05 7.70558e-06 2.19983e-05 1.84815e-05 -4.81083e-06 1.37581e-06 1.14171e-06 1.51969e-06 -1.1214e-06 2.88138e-06 7.23099e-06 -4.94913e-07 1.25785e-05 2.58515e-05 -4.96899e-06 2.22622e-05 3.56594e-05 1.69707e-06 4.32976e-06 -8.14141e-07 1.27718e-06 2.33419e-06 -9.80219e-06 -1.57671e-06 -2.34082e-06 2.23811e-06 9.69286e-07 1.07886e-05 2.35114e-05 -2.11005e-06 2.86239e-07 -9.32759e-07 9.26313e-06 1.53911e-05 2.91488e-05 -3.79795e-06 9.05702e-07 3.31897e-06 -5.25695e-06 -2.37169e-05 6.11733e-06 2.24786e-07 -1.82553e-05 -1.52747e-06 -1.86154e-05 2.43584e-06 1.07895e-05 -4.28469e-06 -5.08766e-06 2.42541e-08 -7.89902e-06 -1.48729e-06 -6.41607e-06 9.50127e-06 8.51733e-07 -4.75782e-07 1.73619e-05 -4.61629e-06 -5.07055e-06 -1.01015e-05 -1.33552e-05 1.44585e-05 -1.63171e-05 4.48422e-07 -9.44008e-06 -2.23334e-05 1.1342e-06 -4.1396e-06 7.6934e-06 5.91148e-07 9.85277e-06 8.783e-06 6.49905e-06 5.82567e-06 1.89405e-05 -3.35749e-07 -6.99421e-07 -1.95947e-05
internal_weight=20550 11229 10819 158 9321 427 8894 78 10661 1348 147 410 113 274 1201 8816 8682 8387 2829 5558 1172 472 700 183 398 74 129 4386 2160 2226 1477 1412 326 9313 7780 1533 1451 302 82 7718 3166 2778 388 271 107 4552 1062 940 3490 112 261 783 79 1149 94 704 683 1800 1731 602 1129 2171 712 154 1459 1345 114 3378 3295 858 672 69 560 118 117 71 186 148 517 112 178 631 567 164 76 2707 2673 94
internal_count=20550 11229 10819 158 9321 427 8894 78 10661 1348 147 410 113 274 1201 8816 8682 8387 2829 5558 1172 472 700 183 398 74 129 4386 2160 2226 1477 1412 326 9313 7780 1533 1451 302 82 7718 3166 2778 388 271 107 4552 1062 940 3490 112 261 783 79 1149 94 704 683 1800 1731 602 1129 2171 712 154 1459 1345 114 3378 3295 858 672 69 560 118 117 71 186 148 517 112 178 631 567 164 76 2707 2673 94
is_linear=0
shrinkage=0.0337242


Tree=85
num_leaves=89
num_cat=0
split_feature=20 31 20 37 22 4 15 4 11 36 22 39 36 11 43 31 31 21 31 41 5 52 37 20 52 49 28 27 50 4 13 15 18 51 20 31 31 9 29 20 13 52 27 48 48 31 55 55 31 20 43 31 6 36 37 31 51 39 18 20 23 26 28 10 5 1 18 55 0 51 52 31 4 51 52 53 37 4 11 55 26 17 17 52 38 18 10 17
split_gain=7.30395e-05 3.43686e-05 4.11961e-05 3.02928e-05 2.9819e-05 2.94351e-05 3.26187e-05 2.60005e-05 2.90113e-05 2.83538e-05 5.64853e-05 3.08033e-05 5.28275e-05 2.51049e-05 3.39161e-05 2.2903e-05 2.90541e-05 3.01585e-05 2.80378e-05 3.166e-05 2.84228e-05 2.80545e-05 2.65352e-05 2.57019e-05 2.63729e-05 2.5133e-05 2.48258e-05 2.59692e-05 2.85567e-05 2.64504e-05 4.51946e-05 4.38076e-05 2.23328e-05 2.29485e-05 2.17693e-05 2.30321e-05 4.72297e-05 3.42906e-05 2.90047e-05 4.11643e-05 2.89254e-05 2.85225e-05 2.5885e-05 3.23039e-05 3.24345e-05 2.63563e-05 3.48084e-05 4.97295e-05 3.32429e-05 3.15084e-05 2.82291e-05 3.12346e-05 2.72991e-05 2.68701e-05 2.39594e-05 3.27634e-05 2.82587e-05 2.38636e-05 2.15715e-05 2.97858e-05 2.15677e-05 2.13571e-05 2.13364e-05 2.11778e-05 2.09533e-05 2.06729e-05 2.04241e-05 2.04165e-05 2.00654e-05 2.04546e-05 2.08295e-05 4.3256e-05 1.96115e-05 1.95962e-05 2.80061e-05 2.72417e-05 2.15819e-05 1.9564e-05 1.948e-05 1.9423e-05 2.13357e-05 2.62505e-05 1.93944e-05 2.2934e-05 1.92775e-05 1.91144e-05 1.90931e-05 1.90677e-05
threshold=1.112399732620321 255.50000000000003 0.011560736560736562 -0.003502637713164058 -0.9502866251352694 -0.55519673243258516 0.089212694695413416 -0.17933461473231946 -0.98664122137404575 -0.0016273403776383419 -0.46138478053435111 0.0060839588792980246 0.0012217475542659619 -0.80248091603053429 -0.003729025679058084 125.50000000000001 198.50000000000003 0.48534413295168893 92.500000000000014 0.0042402848032987448 0.34654071451837964 0.24123666125773477 -0.0010121457489878358 0.495432932932933 0.17757860722913418 66.651664067288493 0.999708420112566 -1.7976931348623157e+308 33.333333333333591 -0.8939312567132115 -0.00042504886584227242 0.029300073577979448 -0.097413349401789986 88.8888888888888 88.500000000000014 30.500000000000004 34.500000000000007 -0.32729007633587781 11.500000000000002 18.017241379310349 -0.46777987197485166 0.20851911280123658 58.513965333699865 80.97073446853814 85.988189002516819 90.500000000000014 7935.0000000000009 11269.000000000002 100.50000000000001 2.5880107768298166 -0.0010531861793577899 93.500000000000014 -35.749999999999993 -0.0012368588527579825 0.0015860438205921314 140.50000000000003 49.999999999999147 -0.0041870222762441225 -0.54028972627981287 5.0893882646691644 -1.0000000180025095e-35 -0.0070221307682605469 -0.9997750512381901 -1.1719924812030071 -0.33381204779160717 714.78068446180566 0.27244826010675144 150015.00000000003 16.500000000000004 27.77777777777867 0.22947859096834008 225.50000000000003 -0.25729973429815128 20.370370370370313 0.19197956265114224 23.488047176457062 0.0012158059204204765 -0.078954434959579392 -0.88645038167938928 9000.5000000000018 0.00067536785685815839 -0.23871814750884993 -0.1682294257043386 0.15518669250750899 0.0012202567080615847 -0.030336689696545616 -1.5723684210526316 -0.18108744624206427
decision_type=2 2 2 2 8 2 10 2 10 2 8 2 2 10 2 2 2 2 2 2 2 2 2 2 2 2 2 8 2 2 8 10 8 2 2 2 2 8 2 2 8 2 10 2 2 2 2 2 2 2 2 2 10 2 2 2 2 2 10 2 8 10 2 2 2 2 8 2 2 2 2 2 2 2 2 2 2 2 10 2 10 8 10 2 2 10 2 10
left_child=1 2 4 62 -1 6 -5 9 -9 10 13 15 -13 -4 -15 18 73 22 19 20 26 -21 -18 24 -22 -26 27 28 -11 31 67 -29 33 -24 35 37 58 38 39 61 -39 78 43 45 77 46 49 -48 50 72 -47 -52 -50 -51 68 -56 -57 -54 -37 -60 -6 -7 -2 -49 -64 -30 -16 -31 -44 82 -71 -72 -38 74 -17 76 -75 -45 -40 80 81 -10 83 -70 -59 -65 -20 -3
right_child=3 87 7 5 60 34 -8 8 79 11 -12 12 -14 14 66 16 17 -19 86 21 23 -23 32 -25 25 -27 -28 29 65 30 -32 -33 -34 -35 -36 36 42 40 41 -41 -42 -43 54 44 -46 48 47 63 52 53 51 -53 57 -55 55 56 -58 84 59 -61 -62 -63 64 85 -66 -67 -68 -69 69 70 71 -73 -74 75 -76 -77 -78 -79 -80 -81 -82 -83 -84 -85 -86 -87 -88 -89
leaf_value=2.3415666725641353e-06 2.9796935954229973e-05 2.1682093385688847e-06 1.647336994061541e-05 4.0659041135299192e-05 -1.486438686347398e-05 1.8482762468196562e-05 8.0320589128682185e-07 -3.6098156913282198e-05 -2.2816542110919695e-05 9.6306921674174314e-06 3.992835992286245e-05 -5.000363668507081e-05 6.8745274561974339e-07 -2.5375707472539624e-05 -3.4863327730643061e-06 -8.9254206995645305e-06 1.431393069050813e-05 -2.6045572712355024e-05 8.6589483822610621e-06 3.1445114654283445e-07 -6.8644974749225959e-06 2.9649967288278911e-05 7.6415563184499902e-07 8.2229407602323872e-07 -4.8563947894784416e-05 -1.4041273084097864e-05 -2.5993715194917463e-05 3.830394920714175e-05 -1.1007476202100828e-05 9.8510928146197918e-07 -2.7299431127517334e-05 0 -3.8407528630387691e-06 1.8199314919893819e-05 1.4933345392352317e-05 -1.1281256552031698e-07 -5.7616942249992918e-06 1.6714820124661152e-05 2.6665915632485755e-05 3.2732874571363224e-05 -1.4265294941143267e-05 -1.4416511263011118e-05 2.1994746740891779e-06 1.1547047527303859e-05 5.2781406575305525e-06 -3.5471842449856136e-07 3.9011667906439563e-05 -3.5205329477086745e-06 2.9799586648900296e-05 -2.2842206316751765e-05 1.8552453785726751e-06 4.2408719872349899e-05 2.8706665267006474e-05 6.9213823091868407e-06 1.506341829210261e-05 -2.06230837176684e-05 2.2757127286398263e-06 2.6471252239493051e-06 7.0162048720099803e-06 4.1491630460164014e-05 -4.7951614518844721e-05 -4.4886167124454023e-06 -1.0586710729324243e-05 2.5288589789432651e-05 9.6666177874324461e-06 -4.1194953002322584e-05 1.2352735255902579e-05 -2.5020181263696955e-05 -2.8166206884344135e-06 -2.959994727103164e-06 2.6260927501232196e-05 -8.3308918406991895e-06 -3.2743715721690378e-05 -9.0568032298301143e-06 -3.7139740874645241e-05 -3.2185953918904157e-06 -3.5991130998661078e-05 3.712998875187223e-05 -5.9457874524046309e-07 -2.7880085532017499e-06 -3.8413774202211712e-05 -2.6762537025900017e-06 -4.7055872749094344e-06 -3.5818494760942558e-05 -8.8037287143203435e-06 0 7.8020799882318353e-07 1.8368499576462976e-05
leaf_weight=43 56 282 113 46 70 64 58 38 113 59 50 41 46 58 243 354 155 48 532 107 136 63 356 110 51 66 47 54 202 1549 70 92 819 119 131 40 60 35 34 66 369 189 1904 94 442 49 38 564 42 48 39 69 38 119 49 206 77 1758 62 69 45 155 62 61 465 34 145 35 52 474 93 68 94 151 49 2192 51 72 196 912 34 251 397 59 182 76 1116 128
leaf_count=43 56 282 113 46 70 64 58 38 113 59 50 41 46 58 243 354 155 48 532 107 136 63 356 110 51 66 47 54 202 1549 70 92 819 119 131 40 60 35 34 66 369 189 1904 94 442 49 38 564 42 48 39 69 38 119 49 206 77 1758 62 69 45 155 62 61 465 34 145 35 52 474 93 68 94 151 49 2192 51 72 196 912 34 251 397 59 182 76 1116 128
internal_value=-2.28756e-07 -2.06475e-06 -2.4347e-06 1.9727e-06 -1.96054e-05 1.46299e-06 1.93612e-05 -2.17116e-06 -6.57056e-06 -1.524e-06 5.46813e-06 -2.02432e-06 -2.20905e-05 2.2129e-06 -1.18346e-06 -1.81051e-06 -3.55544e-06 1.74117e-07 -5.49308e-08 -2.20862e-06 -3.1948e-06 1.17544e-05 1.10939e-06 -1.19649e-05 -1.79066e-05 -2.99158e-05 -1.66342e-06 -1.07144e-06 -1.03591e-05 3.97e-07 -7.62236e-07 1.41917e-05 -3.97605e-07 5.33562e-06 1.23621e-06 1.01382e-06 1.70202e-06 -3.49214e-06 8.75373e-07 9.2896e-06 -1.13421e-05 -4.61722e-06 1.27303e-06 3.17088e-06 1.03372e-05 1.79498e-06 -2.51066e-06 1.40067e-06 3.93583e-06 -1.18164e-05 1.89884e-05 2.86594e-05 2.71805e-06 -1.05464e-06 -8.57954e-07 -9.46296e-06 -1.40511e-05 2.09415e-06 1.92598e-05 2.59129e-05 -2.86521e-05 1.78313e-06 9.44637e-06 -5.00279e-07 7.10046e-06 -1.57661e-05 2.18379e-06 3.49474e-07 4.79223e-08 -3.45155e-06 4.40022e-07 1.10504e-05 -2.28589e-05 -5.58612e-06 -1.25958e-05 -4.36575e-06 -1.63356e-05 2.32256e-05 3.01499e-06 -5.64025e-06 -1.19332e-05 -9.19415e-06 -8.50629e-06 -2.1229e-05 1.52305e-06 1.12279e-05 3.38224e-06 7.46162e-06
internal_weight=20550 11229 10819 9321 158 8738 104 10661 1348 9313 609 8704 87 559 446 8617 4294 1497 4323 2675 2505 170 1449 363 253 117 2142 2095 295 1800 1654 146 1294 475 8634 8503 7395 1108 704 285 404 419 7224 3845 608 3237 1060 739 2177 321 157 108 2020 167 3379 332 283 1978 171 131 115 219 583 701 527 236 388 1584 3047 1143 635 161 154 2797 403 2394 202 166 230 1310 398 364 508 111 1940 137 1648 410
internal_count=20550 11229 10819 9321 158 8738 104 10661 1348 9313 609 8704 87 559 446 8617 4294 1497 4323 2675 2505 170 1449 363 253 117 2142 2095 295 1800 1654 146 1294 475 8634 8503 7395 1108 704 285 404 419 7224 3845 608 3237 1060 739 2177 321 157 108 2020 167 3379 332 283 1978 171 131 115 219 583 701 527 236 388 1584 3047 1143 635 161 154 2797 403 2394 202 166 230 1310 398 364 508 111 1940 137 1648 410
is_linear=0
shrinkage=0.0337242


Tree=86
num_leaves=89
num_cat=0
split_feature=43 27 20 55 43 51 1 1 54 51 10 15 1 8 17 42 11 10 0 54 52 0 29 55 20 20 10 7 39 37 44 44 40 52 1 7 20 54 17 52 0 17 8 6 25 9 1 55 3 20 55 12 37 20 39 51 10 44 12 17 6 11 44 7 51 29 54 15 5 39 7 9 41 11 9 9 2 21 40 11 10 17 11 52 15 7 47 3
split_gain=5.6126e-05 5.32767e-05 5.03547e-05 2.59177e-05 4.51911e-05 3.01144e-05 3.62407e-05 4.88513e-05 3.02706e-05 2.83421e-05 3.46786e-05 4.01694e-05 3.88943e-05 3.57e-05 3.07564e-05 3.67987e-05 4.0306e-05 2.82759e-05 2.69353e-05 2.81295e-05 2.61549e-05 2.53844e-05 3.91388e-05 4.5453e-05 4.15558e-05 4.90535e-05 3.43234e-05 2.53819e-05 2.46788e-05 3.75553e-05 2.92952e-05 2.6266e-05 2.44486e-05 2.43644e-05 2.39908e-05 6.53253e-05 2.89698e-05 3.38666e-05 3.42564e-05 2.97443e-05 2.84896e-05 2.5664e-05 3.26816e-05 2.55739e-05 2.25438e-05 2.21442e-05 2.19245e-05 2.29793e-05 2.40278e-05 2.11822e-05 2.2504e-05 2.30789e-05 2.9561e-05 2.11566e-05 2.11206e-05 2.66946e-05 2.92541e-05 2.51817e-05 2.04231e-05 2.02678e-05 2.00303e-05 2.47371e-05 2.64645e-05 1.90663e-05 2.02992e-05 1.99168e-05 2.02735e-05 1.9026e-05 1.89598e-05 2.12576e-05 2.7303e-05 1.89821e-05 1.88678e-05 1.88433e-05 1.86414e-05 1.85133e-05 1.84649e-05 2.24948e-05 1.89694e-05 1.83691e-05 1.83033e-05 2.28862e-05 1.82428e-05 1.81175e-05 2.66822e-05 3.1419e-05 2.66867e-05 2.21092e-05
threshold=0.0083635003654304336 -143.59003631677754 2.7312382739212011 15313.500000000002 0.0061022156023087257 31.7989417989433 255.22743394534169 259.55752976097102 -15.200373907309842 61.111111111111313 -0.92011278195488699 0.56792036824014336 707.69715943941571 -1.0000000180025095e-35 -0.45599163277844412 0.0027303766987974991 -0.86164122137404575 -1.6419172932330823 22.500000000000004 -13.27275071638033 0.22715278170647726 3.5000000000000004 8.5000000000000018 12939.500000000002 0.64719012605042037 1.0257237386269646 -1.697368421052631 0.49981996773821874 -0.0035949683367079151 -0.0012586537395244399 -0.002422774965147811 -0.0040788598047915006 0.0031071991761336686 0.16145217636700168 61.264654930972277 1.4288008411107274 0.035087852626459151 8.7944847579146703 -0.14618135806442173 0.26523055165051096 197.50000000000003 -0.32703475615107808 0.074999999999999303 -36.749999999999993 -0.98966933375169852 -0.43416030534351141 156.91751033401189 55540.500000000007 -0.30741203093734876 52.300000000000011 141299.50000000003 -0.97232824427480902 0.0032653082984145381 1.0843130553656872 0.0038167938931298333 80.529100529099722 -1.7359022556390975 0.0038046939839029297 -0.22805343511450379 -0.026301161463971209 46.250000000000007 -0.40553435114503811 0.0015785329486048829 0.029064408341974889 71.635802469135641 19.500000000000004 9.0263471809387514 0.30307003219980994 -0.086245781829667953 -0.001885015812102486 0.14143154453278031 -0.098282442748091586 0.0025396835634905472 -0.04103053435114503 -0.67461832061068694 -0.22423664122137402 -0.38415406529491986 0.32678493413199433 -0.0043573191570153704 -0.54484732824427462 -1.7058270676691725 -0.031907346186477857 -0.70133587786259521 0.1692036045110657 0.12731019339366426 0.59634606521488664 66.666666666690233 -0.29327365205882222
decision_type=2 10 2 2 2 2 2 2 2 2 2 8 2 10 10 2 10 2 2 2 2 2 2 2 2 2 2 10 2 2 2 2 2 2 2 8 2 2 10 2 2 10 8 10 2 10 2 2 2 2 2 10 2 2 2 2 2 2 10 10 8 10 2 10 2 2 2 10 2 2 10 10 2 10 8 10 2 2 2 10 2 10 10 2 10 10 2 2
left_child=2 -2 3 9 5 6 32 8 -8 14 11 60 13 -12 21 18 -17 -6 19 20 59 74 23 26 72 -26 -23 -22 29 33 31 -31 46 -4 41 36 39 40 -39 -36 73 42 -7 -42 -18 -15 47 48 -5 50 51 -30 54 -46 55 57 82 58 -53 67 63 62 -62 64 -11 -66 -67 -16 71 70 -70 -21 -24 -38 -1 -45 -35 78 -78 -72 -60 -82 -57 -65 85 -85 -87 -86
right_child=1 -3 28 4 17 34 7 -9 -10 10 12 -13 -14 45 15 16 44 -19 -20 68 27 22 24 -25 25 -27 -28 -29 49 30 -32 -33 -34 76 35 -37 37 38 -40 -41 43 -43 -44 75 53 -47 -48 -49 -50 -51 -52 52 -54 -55 -56 56 -58 -59 80 -61 61 -63 -64 83 65 66 -68 -69 69 -71 79 -73 -74 -75 -76 -77 77 -79 -80 -81 81 -83 -84 84 87 86 -88 -89
leaf_value=4.6674571351000869e-06 -4.720697731530893e-05 3.4810361833338274e-06 -2.3238097703365987e-05 -1.7318805794861269e-05 4.1118668280227158e-05 -3.2520477175921909e-06 -9.1613618348909756e-06 -6.0407145823616926e-06 -5.1053757641475579e-05 2.5661863093113659e-05 -5.2149515211968356e-05 -3.8823119148602515e-05 8.5324357876502479e-06 6.8945975770106404e-06 3.2975190544188828e-06 1.8393008697025225e-05 0 0 -6.1663729708024129e-06 3.762200364728546e-06 3.3687255137602761e-05 2.0148369100063977e-05 2.3051778112890306e-06 -7.1422086312607583e-07 -4.4113978388551636e-05 1.0282894882973089e-05 7.00675701548405e-05 0 -1.0628692397931835e-05 1.0855818496071864e-05 2.9405474994178897e-06 4.9572773321543058e-05 -2.3399710573913099e-05 -1.4420665123801533e-05 0 5.0486804969864932e-05 2.4848595916468856e-06 9.2527191736884874e-06 4.1995291664102714e-05 -3.4160873476038161e-05 7.9533826299230647e-06 1.6235800912936861e-06 -3.574070650397336e-05 -4.3191450920809251e-05 -3.2419207854402461e-05 -2.0866600346849876e-05 2.0263977519920266e-05 7.1627193032826654e-06 -1.0886513311435187e-06 1.1554025278480689e-05 -1.1526045445214753e-05 3.2853942247812889e-06 2.3043662778667441e-05 -1.5661225706687207e-06 -1.6676566375848667e-05 1.2088017165653942e-05 5.7387781828239766e-06 -2.6238758220154107e-05 -1.2137275291320185e-05 1.7506222593959424e-05 -4.971410213159322e-05 0 -5.849708305081488e-06 -8.6217437467261963e-07 -3.8836327610283596e-06 2.894615067547953e-05 -1.6347147563597996e-06 -1.5901948501147052e-05 -3.83814137506329e-05 -1.9601530761617896e-06 7.5070871032622609e-06 -1.4890711735382985e-05 2.9641160123667502e-05 2.2672739587314405e-05 -2.5331553414230947e-05 -6.5227886716402787e-06 3.7640863628470542e-05 -9.0136952063888978e-06 9.4833897150950394e-06 -1.6357373140820355e-05 -3.5359933402012801e-06 1.1424419569488677e-05 4.8015044924020951e-05 -1.3634600852760074e-05 1.726632383621736e-05 1.5325313592806236e-05 -1.7462955947659e-05 -3.4122554577481482e-06
leaf_weight=52 56 35 34 130 50 1306 41 338 54 46 40 37 54 35 546 35 57 37 827 912 70 43 74 34 37 34 34 34 156 41 59 60 52 37 69 34 1596 324 44 46 34 2332 37 37 127 161 59 283 596 256 144 2315 79 40 66 48 391 37 186 103 37 57 37 1326 220 51 37 65 43 1266 56 65 58 56 38 40 39 48 151 89 516 150 35 623 72 87 40 317
leaf_count=52 56 35 34 130 50 1306 41 338 54 46 40 37 54 35 546 35 57 37 827 912 70 43 74 34 37 34 34 34 156 41 59 60 52 37 69 34 1596 324 44 46 34 2332 37 37 127 161 59 283 596 256 144 2315 79 40 66 48 391 37 186 103 37 57 37 1326 220 51 37 65 43 1266 56 65 58 56 38 40 39 48 151 89 516 150 35 623 72 87 40 317
internal_value=-2.19028e-07 -2.66494e-05 -9.67432e-08 -1.03367e-06 3.67015e-07 7.407e-08 -4.09447e-06 -1.23963e-05 -3.39914e-05 -2.37286e-06 -4.78933e-06 -3.66629e-06 -1.60234e-05 -2.20517e-05 -6.81478e-07 -1.52968e-06 -1.38768e-05 2.45368e-05 -7.21403e-07 6.3481e-07 6.06351e-06 8.18069e-06 1.28181e-05 2.90487e-05 3.46714e-06 -1.67034e-05 4.3446e-05 2.20513e-05 2.90032e-06 1.03055e-05 2.36642e-05 3.4813e-05 -7.9861e-07 3.07557e-06 1.17741e-06 3.8998e-06 3.15152e-06 4.07598e-06 1.34303e-05 -1.31386e-05 2.06859e-06 -4.85278e-07 -4.21909e-06 -1.43116e-05 -1.93504e-05 -1.54161e-05 2.11317e-07 -8.65444e-07 -4.12802e-06 2.08514e-06 1.47377e-06 1.96852e-06 2.50784e-06 -2.5608e-05 2.04871e-06 2.41101e-06 9.91126e-06 1.27125e-06 1.62317e-06 3.59938e-06 -3.19257e-06 -1.62234e-05 -2.90881e-05 -2.55274e-06 4.64735e-06 1.19499e-06 1.49899e-05 1.09682e-06 -1.15212e-06 -3.62038e-06 -1.42862e-05 2.42228e-06 1.50487e-05 3.22771e-06 -6.92483e-06 -2.53981e-05 6.68039e-06 1.03669e-05 1.57718e-05 -6.47415e-06 -2.77986e-06 -2.13975e-08 2.84026e-05 -3.62596e-06 -6.75863e-06 -1.04794e-05 4.23721e-06 1.66668e-07
internal_weight=20550 91 20459 15611 7595 7508 1553 433 95 8016 3277 2987 290 236 4739 4335 259 87 4076 3249 818 404 314 111 203 71 77 104 4848 469 160 101 1120 309 5955 2280 2246 2131 368 115 1763 3675 1343 111 224 196 1068 1009 726 4379 4123 3979 3823 167 3744 3678 474 3204 3167 714 2950 131 74 2819 354 308 88 611 2431 1454 188 977 132 1652 90 77 275 238 190 145 852 666 83 2465 1139 750 127 389
internal_count=20550 91 20459 15611 7595 7508 1553 433 95 8016 3277 2987 290 236 4739 4335 259 87 4076 3249 818 404 314 111 203 71 77 104 4848 469 160 101 1120 309 5955 2280 2246 2131 368 115 1763 3675 1343 111 224 196 1068 1009 726 4379 4123 3979 3823 167 3744 3678 474 3204 3167 714 2950 131 74 2819 354 308 88 611 2431 1454 188 977 132 1652 90 77 275 238 190 145 852 666 83 2465 1139 750 127 389
is_linear=0
shrinkage=0.0337242


end of trees

feature_importances:
time_encoded=583
alpha042=574
NATR=373
alpha041=309
vwap=273
alpha005=255
volume=226
DI_diff=209
alpha050=201
alpha030=194
alpha083=192
alpha038=180
alpha013=173
slowD=168
alpha060=163
alpha040=152
OBV=150
MFI=149
alpha033=148
past_ret_2=148
alpha018=146
alpha011=140
ADX=135
alpha015=134
alpha016=131
past_ret_1=128
past_ret_3=127
CCI=123
past_ret_4=120
alpha020=116
past_ret_5=108
alpha006=106
past_ret_7=100
past_ret_6=99
past_ret_8=92
stock_encoded=91
alpha054=90
alpha003=82
slowK=81
past_ret_9=80
alpha053=76
past_ret_10=73
alpha002=72
day_encoded=67
alpha007=60
alpha044=58
alpha012=54
STOCHRSI=54
alpha051=39
alpha101=34
close_20min=5
open_20min=5
BOP=5
close_10min=3
open_10min=2

parameters:
[boosting: gbdt]
[objective: regression]
[metric: rmse]
[tree_learner: serial]
[device_type: cpu]
[data_sample_strategy: bagging]
[data: ]
[valid: ]
[num_iterations: 200]
[learning_rate: 0.0337242]
[num_leaves: 89]
[num_threads: 0]
[seed: 320]
[deterministic: 0]
[force_col_wise: 0]
[force_row_wise: 0]
[histogram_pool_size: -1]
[max_depth: -1]
[min_data_in_leaf: 34]
[min_sum_hessian_in_leaf: 0.001]
[bagging_fraction: 0.773608]
[pos_bagging_fraction: 1]
[neg_bagging_fraction: 1]
[bagging_freq: 2]
[bagging_seed: 6569]
[bagging_by_query: 0]
[feature_fraction: 0.765679]
[feature_fraction_bynode: 1]
[feature_fraction_seed: 2217]
[extra_trees: 0]
[extra_seed: 23166]
[early_stopping_round: 0]
[early_stopping_min_delta: 0]
[first_metric_only: 0]
[max_delta_step: 0]
[lambda_l1: 0.00286613]
[lambda_l2: 0.000119238]
[linear_lambda: 0]
[min_gain_to_split: 0]
[drop_rate: 0.1]
[max_drop: 50]
[skip_drop: 0.5]
[xgboost_dart_mode: 0]
[uniform_drop: 0]
[drop_seed: 3373]
[top_rate: 0.2]
[other_rate: 0.1]
[min_data_per_group: 100]
[max_cat_threshold: 32]
[cat_l2: 10]
[cat_smooth: 10]
[max_cat_to_onehot: 4]
[top_k: 20]
[monotone_constraints: ]
[monotone_constraints_method: basic]
[monotone_penalty: 0]
[feature_contri: ]
[forcedsplits_filename: ]
[refit_decay_rate: 0.9]
[cegb_tradeoff: 1]
[cegb_penalty_split: 0]
[cegb_penalty_feature_lazy: ]
[cegb_penalty_feature_coupled: ]
[path_smooth: 0]
[interaction_constraints: ]
[verbosity: -1]
[saved_feature_importance_type: 0]
[use_quantized_grad: 0]
[num_grad_quant_bins: 4]
[quant_train_renew_leaf: 0]
[stochastic_rounding: 1]
[linear_tree: 0]
[max_bin: 255]
[max_bin_by_feature: ]
[min_data_in_bin: 3]
[bin_construct_sample_cnt: 200000]
[data_random_seed: 1083]
[is_enable_sparse: 1]
[enable_bundle: 1]
[use_missing: 1]
[zero_as_missing: 0]
[feature_pre_filter: 1]
[pre_partition: 0]
[two_round: 0]
[header: 0]
[label_column: ]
[weight_column: ]
[group_column: ]
[ignore_column: ]
[categorical_feature: ]
[forcedbins_filename: ]
[precise_float_parser: 0]
[parser_config_file: ]
[objective_seed: 32719]
[num_class: 1]
[is_unbalance: 0]
[scale_pos_weight: 1]
[sigmoid: 1]
[boost_from_average: 1]
[reg_sqrt: 0]
[alpha: 0.9]
[fair_c: 1]
[poisson_max_delta_step: 0.7]
[tweedie_variance_power: 1.5]
[lambdarank_truncation_level: 30]
[lambdarank_norm: 1]
[label_gain: ]
[lambdarank_position_bias_regularization: 0]
[eval_at: ]
[multi_error_top_k: 1]
[auc_mu_weights: ]
[num_machines: 1]
[local_listen_port: 12400]
[time_out: 120]
[machine_list_filename: ]
[machines: ]
[gpu_platform_id: -1]
[gpu_device_id: -1]
[gpu_use_dp: 0]
[num_gpu: 1]

end of parameters

pandas_categorical:[]
