tree
version=v4
num_class=1
num_tree_per_iteration=1
label_index=0
max_feature_idx=55
objective=regression
feature_names=volume vwap alpha002 alpha003 alpha005 alpha006 alpha007 alpha011 alpha012 alpha013 alpha015 alpha016 alpha018 alpha020 alpha027 alpha030 alpha033 alpha038 alpha040 alpha041 alpha042 alpha044 alpha050 alpha051 alpha053 alpha054 alpha060 alpha083 alpha101 stock_encoded day_encoded time_encoded close_10min close_20min open_10min open_20min past_ret_1 past_ret_2 past_ret_3 past_ret_4 past_ret_5 past_ret_6 past_ret_7 past_ret_8 past_ret_9 past_ret_10 BOP CCI MFI STOCHRSI slowK slowD NATR ADX DI_diff OBV
feature_infos=[1:9861] [24.831676706827309:2393.3433133732533] [-0.99249833329625692:0.99403528501832961] [-0.91365132140849636:0.9814074252595798] [-1:-1.4628009712998449e-05] [-0.99926738508946866:0.99927377446771282] [-60:60] [4.320774282751469e-05:1.9622076276068672] [-30:20] [-1:-0.0038167938931297708] [-2.988721804511278:-0.03007518796992481] [-1:-0.0038167938931297708] [-1:-0.0038167938931297708] [-1:-5.3735634114067321e-08] [1:1] [0:0.88696304718590113] [0.0037593984962406013:1] [-0.98443579766536971:-8.7768058277990686e-05] [-inf:inf] [-58.774650414934513:25.722813471117206] [0.0037593984962406013:266] [-1.0000000000027383:1.0000000000004736] [-1:-0.019083969465648856] [-30:15] [-200000:150000] [-1:0] [-0.014266854450054552:0.076490954287492904] [-inf:inf] [-0.99995000249987498:0.99995000249987498] [0:24] [13:17] [0:265] none [0:1] [0:1] [0:1] [-0.0119760479041916:0.012847965738758127] [-0.015968063872255467:0.012847965738758127] [-0.013972055888223589:0.018292682926829285] [-0.015180265654648917:0.020366598778004175] [-0.017964071856287456:0.023554603854389677] [-0.017142857142857126:0.024439918533604832] [-0.017964071856287456:0.026530612244898055] [-0.019960079840319334:0.025751072961373467] [-0.019960079840319334:0.025751072961373467] [-0.021097046413502074:0.025862068965517349] [-1:1] [-333.33333333428078:333.33333333428078] [-1.6477396100194098e-10:100.00000000003995] [0:100.00000000000001] [-7.5791225147744016e-14:100.00000000000115] [1.0697615632832619e-13:100.00000000000107] [0.086695930995535284:0.5765824676568323] [4.6517454813600123:99.930084584408817] [-38.719367438618249:49.798097013583174] [-20276:153219]
tree_sizes=3457 3494 3470 3393 3391 3424 3494 3892 3506 3618 3608 3613 3592 3520 3687 3664 3589 3694 3382 3703 3608 3406 3694 3690 3693 3594 3598 3395 3484 3690 3687 3585 3389 3496 3601 3593 3596 3393 3487 3495 3602 3697 3587 3691 3774 3495 3491 3489 3685 3694 3516 3806 3602 3703 3421 3491 3391 3575 3587 3506 3604 3683 3700 3609 3814 3584 3505 3678 3588 3484 3594 3699 3700 3505 3414 3579 3585 3401 3391 3579 3812 3593 3793 3595 3532 3589 3501 3496 3714 3604 3615 3617 3606 3498 3528 3497 3710 3705 3805 3500 3600 3509 3804 3798 3808 3492 3617 3924 3716 3615 3518 3619 3495 3498 3597 3616 3511 3718 3408 3614 3496 3789 3410 3414 3394 3593 3422 3497 3421 3406 3323 3692 3605 3623 3522 3419 3630 3704 3532 3400 3395 3585 3694 3777 3800 3504 3719 3591 3712 3720 3620 3683 3721 3617 3695 3623 3499 3589 3522 3905 3723 3703 3717 3600 3708 3600 3500 3604 3613 3506 3811 3799 3812 3599 3614 3705 3493 3317 3634 3617 3508 3604 3504 3595 3514 3398 3513 3728 3421 3494 3793 3710 3701 3722 3614 3719 3794 3707 3518 3694

Tree=0
num_leaves=34
num_cat=0
split_feature=25 36 27 36 20 27 25 0 13 24 13 20 37 0 20 0 25 37 4 31 39 31 19 20 19 15 20 24 0 26 16 0 10
split_gain=0.00557355 0.00162637 0.000939428 0.000459652 0.000231093 0.000219798 0.000273876 0.000168403 0.000144685 0.00013991 0.000119361 0.000116617 8.75267e-05 8.38851e-05 8.09224e-05 5.21739e-05 5.08647e-05 4.92784e-05 4.49105e-05 4.35567e-05 4.18382e-05 3.75521e-05 2.93368e-05 3.26933e-05 2.4424e-05 2.39e-05 2.229e-05 2.00548e-05 1.97119e-05 1.3207e-05 1.04018e-05 6.72251e-06 1.12102e-06
threshold=-0.50505048464492497 -0.0028797711110650766 -1358.1887546423307 0.003018869644069611 1.4810240530030248 1873.3895694324908 -0.33333333333332538 15.500000000000002 -0.19401323239990056 4999.5000000000009 -0.088515619462625608 2.9306335204490783 0.0015987220447284403 22.500000000000004 3.5961179544606199 62.500000000000007 -0.99200643080209294 -0.0014609211593460956 -0.16777194458435493 109.50000000000001 -0.0012492197253432533 239.50000000000003 -0.085036868572919019 0.73367613239967966 -0.03040940001727321 0.04689110268891062 0.35280987394957991 999.00000000001455 71.500000000000014 0.00059636044502391083 0.48711853162317564 54.500000000000007 -1.4877819548872175
decision_type=8 8 10 10 10 10 10 10 8 10 10 10 10 10 10 10 10 10 8 2 10 2 10 10 10 10 8 10 10 10 10 10 8
left_child=3 9 4 7 8 6 -4 12 -3 -2 -7 15 18 -13 16 17 21 -8 -1 -17 -6 22 -9 25 -19 -24 -10 -26 -18 -15 32 -27 -28
right_child=1 2 5 -5 20 10 11 14 26 -11 -12 13 -14 29 -16 19 28 24 -20 -21 -22 -23 23 -25 27 31 30 -29 -30 -31 -32 -33 -34
leaf_value=-7.1748774494315637e-06 5.9794602310539528e-05 3.2473423492684015e-06 2.0742723117807809e-05 -2.2562615934610568e-05 3.788049966291772e-05 1.7009975758880937e-05 4.8383852231030315e-05 -1.3519183798724596e-06 1.2115710970933478e-05 8.3940116782946404e-05 3.6313316374870647e-05 5.6192006087400745e-05 -1.7713487710946527e-05 3.8871046551875081e-05 1.5468315523924115e-05 2.5316649261970924e-05 -6.2778012967956476e-06 3.1663853194307276e-05 3.5409822195363062e-06 3.7970108217480703e-05 2.5040602887735087e-05 1.277271861614587e-05 -1.406671239348399e-06 1.1568629252076167e-05 3.7057314439366764e-05 3.8655715116370818e-06 1.8643549572890167e-05 4.5149879262200813e-05 2.2492928611744507e-06 4.5538228483219042e-05 2.2488363541350004e-05 9.0439083956136279e-06 1.6965858474143048e-05
leaf_weight=932 517 941 805 936 559 882 633 890 572 523 572 762 521 604 672 553 684 515 777 631 541 591 720 713 905 573 984 524 515 690 774 517 769
leaf_count=932 517 941 805 936 559 882 633 890 572 523 572 762 521 604 672 553 684 515 777 631 541 591 720 713 905 573 984 524 515 690 774 517 769
internal_value=1.94895e-05 3.23093e-05 2.91908e-05 -7.25017e-07 1.81918e-05 3.61912e-05 3.87355e-05 1.79691e-06 1.45504e-05 7.19372e-05 2.46037e-05 4.12254e-05 -5.90351e-06 4.75283e-05 4.71983e-06 3.77798e-05 3.33164e-06 4.04074e-05 -2.30303e-06 3.20604e-05 3.15658e-05 5.11254e-06 3.78616e-06 5.59874e-06 3.78101e-05 3.24719e-06 1.79826e-05 4.00249e-05 -2.6154e-06 4.24264e-05 1.93106e-05 6.32151e-06 1.79075e-05
internal_weight=23297 14256 13216 9041 5140 8076 6622 8105 4040 1040 1454 5817 2230 2056 5875 3761 5203 2577 1709 1184 1100 4004 3413 2523 1944 1810 3099 1429 1199 1294 2527 1090 1753
internal_count=23297 14256 13216 9041 5140 8076 6622 8105 4040 1040 1454 5817 2230 2056 5875 3761 5203 2577 1709 1184 1100 4004 3413 2523 1944 1810 3099 1429 1199 1294 2527 1090 1753
is_linear=0
shrinkage=1


Tree=1
num_leaves=34
num_cat=0
split_feature=25 36 27 36 20 27 25 0 13 24 37 47 20 20 0 27 37 0 37 20 1 31 39 19 20 36 24 25 26 42 15 41 29
split_gain=0.00521272 0.00152108 0.000878609 0.000429893 0.000216132 0.000205568 0.000256145 0.000157616 0.000135318 0.000130852 0.000115032 0.000112505 0.000109067 8.01341e-05 7.84538e-05 5.05815e-05 5.48351e-05 4.87959e-05 4.60877e-05 4.42381e-05 4.15837e-05 4.07366e-05 3.91294e-05 2.28426e-05 2.08469e-05 1.96288e-05 1.87562e-05 1.68262e-05 1.23516e-05 9.9853e-06 9.49221e-06 4.49488e-06 1.08798e-06
threshold=-0.50505048464492497 -0.0028797711110650766 -1358.1887546423307 0.003018869644069611 1.4810240530030248 1873.3895694324908 -0.33333333333332538 17.500000000000004 -0.19401323239990056 4999.5000000000009 0.0016792623089504357 -55.555555555551379 2.9306335204490783 3.5961179544606199 22.500000000000004 -95.909139292100846 0.001668057874234852 62.500000000000007 -0.0014609211593460956 1.1308051761322793 80.735343420065519 109.50000000000001 -0.0012492197253432533 -0.03040940001727321 0.35280987394957991 0.0010666669700741818 999.00000000001455 -0.99344264276232075 0.00059636044502391083 0.0016792623089504357 0.11720160420888324 1.0000000180025095e-35 1.5000000000000002
decision_type=8 8 10 10 10 10 10 10 8 10 10 8 10 10 10 8 8 10 10 10 10 2 10 10 8 10 10 10 10 8 10 8 2
left_child=3 9 4 7 8 6 -4 10 -3 -2 19 -7 17 15 -14 -9 20 18 -8 27 25 -19 -6 -20 -10 30 -25 -1 -16 -26 31 -17 -31
right_child=1 2 5 -5 22 11 12 13 24 -11 -12 -13 14 -15 28 16 -18 21 23 -21 -22 -23 -24 26 29 -27 -28 -29 -30 32 -32 -33 -34
leaf_value=-2.0555708656719202e-05 3.9110560997897987e-05 -1.5575606676599154e-05 1.3439626246891751e-06 -4.0536102762095131e-05 1.7917698026400208e-05 1.6348546750180625e-05 2.8075363450922205e-05 -6.556143557752339e-06 -6.999115606022175e-06 6.2461395819446173e-05 -3.7704110280450492e-05 -2.358463157511843e-06 3.5626533607277255e-05 -3.0919113901797578e-06 1.8875643979431682e-05 -1.0409924875530425e-05 -2.3798422638135967e-05 5.7673519623292841e-06 1.1905655823722845e-05 -1.326767834135104e-05 -2.0725964635474918e-05 1.8004357638832736e-05 5.5003902915071325e-06 1.7121605778745713e-05 3.2396386068534119e-06 -1.691236725236913e-05 2.494782669724382e-05 -2.8149493951662458e-05 2.5323395622567527e-05 -4.3094441515608397e-07 -7.1666777157828491e-06 -1.4469051735380579e-05 -2.0586250876258004e-06
leaf_weight=746 517 941 805 936 559 578 633 619 572 523 518 876 762 652 604 631 910 553 515 653 917 631 541 905 719 776 524 549 690 792 577 557 1016
leaf_count=746 517 941 805 936 559 578 633 619 572 523 518 876 762 652 604 631 910 553 515 653 917 631 541 905 719 776 524 549 690 792 577 557 1016
internal_value=1.31948e-07 1.25298e-05 9.51404e-06 -1.94172e-05 -1.12296e-06 1.6284e-05 1.87445e-05 -1.69783e-05 -4.6446e-06 5.08536e-05 -2.39188e-05 5.07787e-06 2.11525e-05 -1.39431e-05 2.7248e-05 -1.53617e-05 -1.66095e-05 1.78203e-05 2.03615e-05 -2.0253e-05 -1.47177e-05 1.22891e-05 1.18108e-05 1.78496e-05 -1.32536e-06 -1.25493e-05 1.99916e-05 -2.37752e-05 2.2314e-05 -4.09857e-08 -1.06309e-05 -1.23133e-05 -1.34574e-06
internal_weight=23297 14256 13216 9041 5140 8076 6622 8105 4040 1040 2466 1454 5817 5639 2056 4987 4368 3761 2577 1948 3458 1184 1100 1944 3099 2541 1429 1295 1294 2527 1765 1188 1808
internal_count=23297 14256 13216 9041 5140 8076 6622 8105 4040 1040 2466 1454 5817 5639 2056 4987 4368 3761 2577 1948 3458 1184 1100 1944 3099 2541 1429 1295 1294 2527 1765 1188 1808
is_linear=0
shrinkage=0.0329122


Tree=2
num_leaves=34
num_cat=0
split_feature=25 37 17 37 0 18 13 28 0 13 28 25 20 20 29 20 0 20 31 0 45 20 39 1 55 27 1 1 0 16 9 55 31
split_gain=0.00487524 0.0012796 0.000829943 0.000336959 0.000332617 0.000307569 0.000256721 0.000233535 0.000144275 0.000150604 0.0001384 0.000115715 9.2511e-05 7.91379e-05 7.02551e-05 5.99107e-05 5.70248e-05 4.55494e-05 4.47059e-05 3.56279e-05 3.50991e-05 3.4849e-05 3.1692e-05 2.54332e-05 2.20292e-05 2.11734e-05 1.84885e-05 1.53928e-05 1.47693e-05 1.14911e-05 3.7167e-06 3.1333e-06 9.71775e-08
threshold=-0.50505048464492497 -0.0030959752321980667 -0.1747009341319333 0.0030911974926423062 32.500000000000007 -0.80742071116893699 -0.073743541346097313 -0.49962531221901535 8.5000000000000018 -0.20149262814269495 -0.99009900990098998 -0.98473307571521806 3.1968455042225541 2.2594997594997599 8.5000000000000018 0.96166095051445388 53.500000000000007 0.33398184176394302 224.50000000000003 75.500000000000014 -1.0000000180025095e-35 0.73367613239967966 -0.0013559328266281032 61.372797724246347 13308.500000000002 -8.4915396037204296 271.03405820321188 114.29881780157204 33.500000000000007 0.48590225563909778 -0.30525391534960394 3055.5000000000005 120.50000000000001
decision_type=8 8 10 10 10 10 10 8 8 8 10 10 10 10 2 10 10 10 2 10 10 10 10 10 2 8 10 10 10 10 8 2 2
left_child=3 5 6 11 -5 -2 7 -3 9 -9 14 12 16 19 -4 -8 17 27 25 24 -11 30 -15 29 -12 -18 -25 -1 -24 -19 -10 32 -32
right_child=1 2 10 4 -6 -7 15 8 21 20 13 -13 -14 22 -16 -17 18 23 -20 -21 -22 -23 28 26 -26 -27 -28 -29 -30 -31 31 -33 -34
leaf_value=-2.084897558871823e-05 6.166965146317298e-05 1.8030980421961846e-05 2.1757303660563185e-05 -5.3597958664955764e-05 -1.6984590776706474e-05 2.8336043010621273e-05 6.0625846991005749e-06 -2.0605247825093624e-05 1.6221443187426088e-06 3.6333776507352016e-06 1.0311031854971099e-05 -2.95745107002258e-05 -5.2225830784167474e-06 2.6408374258310248e-05 3.702626479204021e-05 1.8350300725748735e-05 -1.2050399129713251e-05 -1.5761564735392527e-05 -4.6933627937100388e-06 4.9038177874405128e-06 -7.0977873702638149e-06 7.1890798219862147e-06 2.1176986771648684e-05 -2.2769483334333387e-05 1.7993957921935593e-05 -1.9751280967399792e-05 -1.5827037262957801e-05 -2.7855128143560294e-05 1.3677237810018541e-05 -9.1101330192240545e-06 -7.6184640326173502e-07 -3.360626984669647e-06 -1.2279459091248541e-07
leaf_weight=842 587 615 779 561 516 613 744 852 517 528 778 666 878 716 562 1018 945 594 604 598 881 804 592 766 842 655 909 570 548 535 516 649 517
leaf_count=842 587 615 779 561 516 613 744 852 517 528 778 666 878 716 562 1018 945 594 604 598 881 804 592 766 842 655 909 570 548 535 516 649 517
internal_value=1.27605e-07 1.21175e-05 9.12807e-06 -1.87782e-05 -3.60564e-05 4.46419e-05 2.1425e-06 -1.16012e-06 -3.40228e-06 -9.68173e-06 1.89852e-05 -1.64416e-05 -1.5243e-05 1.59663e-05 2.81565e-05 1.3162e-05 -1.66134e-05 -1.88562e-05 -1.2323e-05 1.177e-05 -3.07629e-06 1.32553e-06 2.0981e-05 -1.64284e-05 1.43044e-05 -1.52031e-05 -1.9002e-05 -2.36774e-05 1.7572e-05 -1.26098e-05 -8.18201e-07 -1.56843e-06 -4.42233e-07
internal_weight=23297 14256 13056 9041 1077 1200 7641 5879 5264 2261 5415 7964 7298 4074 1341 1762 6420 4216 2204 2218 1409 3003 1856 2804 1620 1600 1675 1412 1140 1129 2199 1682 1033
internal_count=23297 14256 13056 9041 1077 1200 7641 5879 5264 2261 5415 7964 7298 4074 1341 1762 6420 4216 2204 2218 1409 3003 1856 2804 1620 1600 1675 1412 1140 1129 2199 1682 1033
is_linear=0
shrinkage=0.0329122


Tree=3
num_leaves=33
num_cat=0
split_feature=25 36 17 36 20 0 24 24 13 0 20 37 37 20 15 24 16 13 37 6 4 0 16 19 9 0 12 20 13 20 43 48
split_gain=0.00456005 0.00135148 0.000792663 0.000403935 0.00028836 0.000155369 0.00013283 0.000116814 0.000103208 0.000156418 9.68196e-05 7.92811e-05 7.21015e-05 7.19087e-05 6.39138e-05 5.6419e-05 4.71647e-05 4.56608e-05 4.41281e-05 3.974e-05 3.89944e-05 3.75417e-05 3.17916e-05 2.94067e-05 2.54819e-05 2.49223e-05 2.04759e-05 1.80083e-05 1.53912e-05 1.47128e-05 1.03388e-05 1.1486e-06
threshold=-0.50000000000000877 -0.0028797711110650766 -0.1747009341319333 0.003018869644069611 2.2594997594997599 15.500000000000002 499.99999999997152 4999.5000000000009 -0.20149262814269495 8.5000000000000018 2.6312656641604018 -0.0015071598611641199 0.0015987220447284403 0.99134182908545743 0.039113303323304566 499.99999999998948 0.76597744360902265 -0.059452790890981266 -0.0012070010431052822 -1.0000000180025095e-35 -0.16777194458435493 17.500000000000004 0.51698137388926868 -0.081860178957686699 -0.68386147395581343 52.500000000000007 -0.37003185918869469 0.73367613239967966 -0.14697853933112567 2.57217261904762 0.0018921492810907161 21.452967449132121
decision_type=8 8 10 10 10 10 10 10 8 10 10 10 10 10 10 10 10 10 10 8 8 10 10 10 8 10 10 8 10 10 8 2
left_child=3 7 4 5 6 12 8 -2 9 -3 15 -12 20 14 24 16 -4 27 -6 26 -1 -13 25 29 -7 -16 -17 -10 -25 -15 -29 -32
right_child=1 2 10 -5 18 13 -8 -9 17 -11 11 21 -14 23 22 19 -18 -19 -20 -21 -22 -23 -24 28 -26 -27 -28 30 -30 -31 31 -33
leaf_value=-2.4112487956256861e-05 3.7018621840475153e-05 -2.0494172023473442e-05 6.3085501034876064e-06 -3.8211915918273812e-05 2.1371705726029945e-05 -1.584299783781673e-05 1.293517122061731e-05 5.909225990218118e-05 -5.8686255616657187e-06 1.7966982531003539e-06 3.3225342617589195e-05 2.6955675959354475e-05 -3.356605341875985e-05 -1.5484620653473232e-05 -1.833656507178193e-05 1.8521975937240287e-05 1.8039153312219746e-05 7.2255225030611961e-06 1.0234743323650028e-05 1.2101527873704468e-05 -1.414991537426747e-05 1.6050482213381381e-05 -6.0773484595725671e-06 -1.8704180957903234e-07 -2.4873721106978401e-05 -1.0819412655122705e-05 2.7660047881825887e-05 3.7767813952955069e-06 -8.0093317999896822e-06 -7.8487777284990928e-06 -8.1156053452654721e-07 -2.525611557540074e-06
leaf_weight=937 516 770 996 936 617 587 644 523 881 612 697 522 521 556 922 528 592 737 1027 532 780 992 663 546 800 992 535 515 544 538 1008 731
leaf_count=937 516 770 996 936 617 587 644 523 881 612 697 522 521 556 922 528 592 737 1027 532 780 992 663 546 800 992 535 515 544 538 1008 731
internal_value=1.23404e-07 1.20158e-05 9.11516e-06 -1.7705e-05 2.22523e-06 -1.54161e-05 -1.17239e-06 4.813e-05 -2.90164e-06 -1.06228e-05 1.87488e-05 2.40396e-05 -2.28412e-05 -1.27131e-05 -1.53552e-05 1.50736e-05 1.06818e-05 -1.45734e-07 1.44146e-05 1.94459e-05 -1.95868e-05 1.98105e-05 -1.22891e-05 -7.91757e-06 -2.10519e-05 -1.44406e-05 2.31213e-05 -1.8787e-06 -4.09122e-06 -1.17297e-05 -3.19092e-07 -1.5322e-06
internal_weight=23297 13975 12936 9322 7542 8386 5898 1039 5254 1382 5394 2211 2238 6148 3964 3183 1588 3872 1644 1595 1717 1514 2577 2184 1387 1914 1063 3135 1090 1094 2254 1739
internal_count=23297 13975 12936 9322 7542 8386 5898 1039 5254 1382 5394 2211 2238 6148 3964 3183 1588 3872 1644 1595 1717 1514 2577 2184 1387 1914 1063 3135 1090 1094 2254 1739
is_linear=0
shrinkage=0.0329122


Tree=4
num_leaves=33
num_cat=0
split_feature=25 37 17 37 0 18 13 28 0 13 28 25 20 20 29 24 20 0 20 20 39 15 1 44 16 0 1 0 1 1 9 55
split_gain=0.00426693 0.00113838 0.000725041 0.000300999 0.000306616 0.000284521 0.000226542 0.000209506 0.000130241 0.000131157 0.000123904 0.000104563 8.29027e-05 6.94538e-05 6.46562e-05 5.60913e-05 5.41867e-05 4.9845e-05 4.12494e-05 3.04877e-05 2.80174e-05 2.48565e-05 2.27788e-05 2.26608e-05 1.8746e-05 1.73999e-05 1.73872e-05 1.72687e-05 1.41042e-05 1.08376e-05 3.37738e-06 2.89563e-06
threshold=-0.50505048464492497 -0.0030959752321980667 -0.1747009341319333 0.0030911974926423062 32.500000000000007 -0.80742071116893699 -0.073743541346097313 -0.49962531221901535 8.5000000000000018 -0.20149262814269495 -0.99009900990098998 -0.98473307571521806 3.1968455042225541 1.9887002042900923 8.5000000000000018 499.99999999993605 0.96166095051445388 53.500000000000007 0.33398184176394302 0.73367613239967966 -0.0013559328266281032 0.033971556138109545 61.372797724246347 -1.0000000180025095e-35 0.49047615592256122 36.500000000000007 271.03405820321188 33.500000000000007 114.29881780157204 39.429030306771203 -0.30525391534960394 3055.5000000000005
decision_type=8 8 10 10 10 10 10 8 8 8 10 10 10 10 2 10 10 10 10 10 10 10 10 10 10 10 10 10 10 10 8 2
left_child=3 5 6 11 -5 -2 7 -3 9 -9 14 12 17 15 -4 25 -8 18 28 30 -15 -19 29 -11 -23 -12 -24 -22 -1 -20 -10 -32
right_child=1 2 10 4 -6 -7 16 8 19 23 13 -13 -14 20 -16 -17 -18 21 22 -21 27 24 26 -25 -26 -27 -28 -29 -30 -31 31 -33
leaf_value=-1.9494562817077594e-05 5.8390856984938588e-05 1.7061996840838134e-05 2.0268564845047379e-05 -5.0739931056877744e-05 -1.5586670150003571e-05 2.6330499203228238e-05 5.5872351580362008e-06 -1.9398760526955963e-05 1.5745227257282915e-06 2.4081289567409474e-06 9.6668537943340508e-06 -2.7843328939405493e-05 -4.7340843564889071e-06 2.4361687606867033e-05 3.4916501505538014e-05 1.677563663876775e-05 1.7273238993962077e-05 -1.7287331815187247e-05 -1.4777908906647929e-05 6.73772763387681e-06 1.9995345649000664e-05 -1.2380810843373542e-05 -2.1392813601763368e-05 -6.2377955859465841e-06 -5.1816069472712474e-06 1.6419774693869397e-06 -1.4660326991399344e-05 1.2186815644439965e-05 -2.6201115041495622e-05 -8.3211465941645117e-06 -3.8427593519848329e-07 -3.1898032061942542e-06
leaf_weight=842 587 615 779 561 516 613 744 852 517 521 631 666 878 742 562 925 1018 590 589 804 642 944 766 888 670 546 909 588 570 540 1033 649
leaf_count=842 587 615 779 561 516 613 744 852 517 521 631 666 878 742 562 925 1018 590 589 804 642 944 766 888 670 546 909 588 570 540 1033 649
internal_value=1.19342e-07 1.13363e-05 8.51664e-06 -1.75677e-05 -3.38979e-05 4.20135e-05 1.98746e-06 -1.11497e-06 -3.23865e-06 -9.2049e-06 1.77298e-05 -1.53592e-05 -1.42199e-05 1.48734e-05 2.64075e-05 1.07109e-05 1.2339e-05 -1.55172e-05 -1.76141e-05 1.25334e-06 1.93102e-05 -1.1506e-05 -1.53036e-05 -3.04067e-06 -9.39244e-06 5.94438e-06 -1.77393e-05 1.62627e-05 -2.2202e-05 -1.16898e-05 -7.51756e-07 -1.46693e-06
internal_weight=23297 14256 13056 9041 1077 1200 7641 5879 5264 2261 5415 7964 7298 4074 1341 2102 1762 6420 4216 3003 1972 2204 2804 1409 1614 1177 1675 1230 1412 1129 2199 1682
internal_count=23297 14256 13056 9041 1077 1200 7641 5879 5264 2261 5415 7964 7298 4074 1341 2102 1762 6420 4216 3003 1972 2204 2804 1409 1614 1177 1675 1230 1412 1129 2199 1682
is_linear=0
shrinkage=0.0329122


Tree=5
num_leaves=33
num_cat=0
split_feature=28 24 36 26 36 13 27 38 45 28 44 9 45 31 37 37 4 21 37 7 55 55 26 17 4 44 1 4 28 37 2 55
split_gain=0.00262252 0.00123318 0.000739945 0.000501635 0.000496505 0.000263857 0.000205087 0.000123671 0.000117358 0.000103022 8.16536e-05 7.5385e-05 5.81987e-05 4.91019e-05 6.3356e-05 4.57213e-05 4.56358e-05 4.09478e-05 3.82385e-05 3.43128e-05 3.36687e-05 3.03048e-05 2.00173e-05 1.92279e-05 1.76442e-05 1.75109e-05 1.6403e-05 1.53858e-05 1.47818e-05 1.43786e-05 7.49415e-06 2.6844e-07
threshold=-0.54879228150145987 1.9999999999997871 0.003018869644069611 -0.0022021085580976522 -0.0030959752321980667 -0.073743541346097313 1873.3895694324908 0.0031201323987538614 1.0000000180025095e-35 0.98039215686274483 -0.0030959752321980667 -0.64587386511024636 -1.0000000180025095e-35 56.500000000000007 -0.0015071598611641199 0.0016849211621555729 -0.1432886691436763 -0.32577165476267017 0.0012650226439854253 0.23895322041709877 11827.500000000002 41099.500000000007 -0.007182148381274304 -0.3172797021737222 -0.29896726251426226 0.0016116045919692958 80.950154218723597 -0.5144784509240361 -0.49962531221901535 0.0012746977772000181 -1.0000000180025095e-35 2934.5000000000005
decision_type=8 10 10 8 8 10 10 10 8 10 10 10 10 2 8 8 10 2 10 10 2 2 10 10 10 8 10 10 10 10 2 2
left_child=4 2 3 6 -1 12 7 9 20 16 -3 -4 25 -6 -15 19 17 -2 23 -14 -7 29 -18 30 -12 -5 -16 -25 31 -11 -19 -27
right_child=1 10 11 5 13 8 -8 -9 -10 21 24 -13 15 14 26 -17 22 18 -20 -21 -22 -23 -24 27 -26 28 -28 -29 -30 -31 -32 -33
leaf_value=5.1734330410310579e-05 -4.6691623029092043e-06 3.1036586297243115e-05 -2.5683406922521362e-05 4.5479437104203728e-06 1.2208423254698322e-05 1.9961139953881581e-05 4.6863950095975696e-06 -2.7105271335002879e-05 -4.2083422500137244e-08 -1.7885371694112323e-05 1.1105548520819882e-05 -4.3027202203024987e-05 -9.0236490273182612e-06 2.9447395195614312e-05 1.5366444735156456e-05 -1.4708348812712364e-05 -8.7691054383422242e-06 -1.677139876130326e-05 -2.0866559193511574e-05 7.5689903766126667e-08 1.0099129976898527e-05 -1.1680680820936824e-05 -7.3968100174250495e-07 -1.2925970911488593e-05 1.8673165447440699e-05 -5.0605747768466046e-07 2.1936966644834257e-05 -5.7834673654940708e-06 -6.2169127230455342e-06 -2.4548648312469155e-05 -1.1426689370493651e-05 4.2263393663413127e-07
leaf_weight=622 840 523 567 566 745 725 788 614 925 906 535 521 968 803 953 701 583 622 535 837 777 597 795 534 888 958 725 842 625 573 524 520
leaf_count=622 840 523 567 566 745 725 788 614 925 906 535 521 968 803 953 701 583 622 535 837 777 597 795 534 888 958 725 842 625 573 524 520
internal_value=-8.88074e-09 -4.93457e-06 -7.70695e-06 -5.95856e-06 2.48102e-05 2.26405e-07 -1.13302e-05 -1.29148e-05 9.18003e-06 -1.17295e-05 1.99156e-05 -3.39889e-05 -3.97267e-06 1.9619e-05 2.18441e-05 -7.57466e-06 -9.28517e-06 -1.11056e-05 -1.28741e-05 -4.80405e-06 1.48596e-05 -1.79404e-05 -4.13691e-06 -1.11785e-05 1.58282e-05 -5.90573e-07 1.82055e-05 -8.55551e-06 -1.97366e-06 -2.0467e-05 -1.43278e-05 -1.79164e-07
internal_weight=23237 19389 17443 16355 3848 7602 8753 7965 2427 7351 1946 1088 5175 3226 2481 2506 5275 3897 3057 1805 1502 2076 1378 2522 1423 2669 1678 1376 2103 1479 1146 1478
internal_count=23237 19389 17443 16355 3848 7602 8753 7965 2427 7351 1946 1088 5175 3226 2481 2506 5275 3897 3057 1805 1502 2076 1378 2522 1423 2669 1678 1376 2103 1479 1146 1478
is_linear=0
shrinkage=0.0329122


Tree=6
num_leaves=34
num_cat=0
split_feature=25 36 17 36 20 13 55 27 20 20 37 27 16 28 13 37 37 10 42 13 39 24 20 15 27 16 20 15 20 1 24 16 55
split_gain=0.00375324 0.00114219 0.000618738 0.000356932 0.000246979 0.000111015 0.000104846 9.69026e-05 9.58917e-05 9.41317e-05 8.13859e-05 7.61238e-05 7.50299e-05 5.12313e-05 5.09067e-05 4.71243e-05 3.64358e-05 3.43541e-05 3.35101e-05 3.18205e-05 3.14146e-05 2.96752e-05 2.73574e-05 2.45542e-05 2.43209e-05 1.86939e-05 1.71617e-05 1.64259e-05 1.44921e-05 1.79663e-05 6.44856e-06 5.53518e-06 2.89163e-06
threshold=-0.50000000000000877 -0.0028797711110650766 -0.17566497777312415 0.003018869644069611 1.9234432234432237 -0.081206219108588426 151.50000000000003 -1016.9273240088652 5.2967967967967979 2.6312656641604018 -0.0015003759381570501 44.810884118961177 0.51880579655475934 -0.98039215686274461 -0.20390022839816477 -0.0010261675354077957 0.001668057874234852 -1.4201127819548869 0.0030983752129982727 -0.19401323239990056 0.0018957363003851981 499.99999999998948 0.9379363474408976 0.063210379990275234 839.5144605788222 0.54981203007518809 0.97239474185559172 0.1297116763672411 1.0135440870734989 129.99197032201749 -0.33333333333335302 0.52600374453921372 2934.5000000000005
decision_type=8 8 10 10 10 10 2 8 10 10 10 8 10 10 8 10 10 10 8 10 10 10 10 10 8 10 10 10 10 10 8 8 2
left_child=3 5 4 6 7 -2 -1 19 12 13 -11 -9 16 17 -13 -6 18 -4 27 -3 -18 22 -15 -14 -17 -12 31 28 29 30 -8 -16 -33
right_child=1 2 9 -5 15 -7 8 11 -10 10 25 14 23 21 26 24 20 -19 -20 -21 -22 -23 -24 -25 -26 -27 -28 -29 -30 -31 -32 32 -34
leaf_value=-2.4684448745390428e-05 5.4672059042893134e-05 -1.4934634023785374e-05 1.1525701541857239e-05 -3.5655268346597293e-05 1.9581366625622413e-05 3.320546386498692e-05 -1.5767253280323438e-05 8.8406776140713704e-06 2.2240882379836144e-07 3.102458169079035e-05 1.3761117975903192e-05 -1.0263380617405103e-05 -1.2000753051900458e-05 7.0367008702427051e-07 -3.5667339346998831e-06 1.3841424430797247e-05 -2.4824116776102766e-05 2.2211620081499542e-05 -2.1879869968726376e-05 -4.1500891298030263e-06 -1.4278611702887937e-05 1.4615682157210359e-05 1.1063598815245227e-05 -3.2668986694959574e-06 4.1863276772757299e-06 2.1062937867834727e-05 5.455072272137796e-06 -8.9622741840502808e-06 -1.068011740026519e-05 -1.9533173988910618e-05 -1.0912724147614746e-05 -1.0388007593486555e-06 1.7286482718356909e-06
leaf_weight=897 521 614 552 919 664 523 556 1002 568 708 739 590 620 541 623 516 744 796 528 573 520 710 564 797 625 782 571 838 881 809 636 1033 677
leaf_count=897 521 614 552 919 664 523 556 1002 568 708 739 590 620 541 623 516 744 796 528 573 520 710 564 797 625 782 571 838 881 809 636 1033 677
internal_value=-8.58977e-09 1.0809e-05 8.12531e-06 -1.61822e-05 2.00397e-06 4.39184e-05 -1.40502e-05 -1.36462e-06 -1.27778e-05 1.66261e-05 2.18064e-05 8.43577e-07 -1.38435e-05 1.29754e-05 -1.44975e-06 1.261e-05 -1.558e-05 1.7836e-05 -1.41202e-05 -9.72881e-06 -2.0486e-05 9.36537e-06 5.99166e-06 -7.08851e-06 8.5529e-06 1.75154e-05 3.40825e-07 -1.30188e-05 -1.41982e-05 -1.57471e-05 -1.31773e-05 -9.10785e-07 5.67164e-08
internal_weight=23237 13924 12880 9313 7488 1044 8394 5683 7497 5392 2229 4496 6929 3163 3494 1805 5512 1348 4248 1187 1264 1815 1105 1417 1141 1521 2904 3720 2882 2001 1192 2333 1710
internal_count=23237 13924 12880 9313 7488 1044 8394 5683 7497 5392 2229 4496 6929 3163 3494 1805 5512 1348 4248 1187 1264 1815 1105 1417 1141 1521 2904 3720 2882 2001 1192 2333 1710
is_linear=0
shrinkage=0.0329122


Tree=7
num_leaves=38
num_cat=0
split_feature=25 37 17 37 18 0 20 39 20 27 27 0 38 0 39 15 16 24 16 38 20 18 0 42 23 11 38 23 20 7 0 47 15 12 0 48 29
split_gain=0.00351026 0.00100653 0.000596664 0.000273931 0.000249335 0.000205839 0.000202898 0.000106614 9.28196e-05 8.85749e-05 8.0448e-05 7.41366e-05 5.38681e-05 4.43429e-05 4.42548e-05 4.21044e-05 4.01436e-05 3.60499e-05 3.50877e-05 3.44306e-05 2.87707e-05 2.69836e-05 2.29816e-05 2.4371e-05 2.17024e-05 1.94125e-05 2.43914e-05 1.84608e-05 1.62575e-05 1.53019e-05 1.51197e-05 1.25554e-05 1.03882e-05 8.97825e-06 8.39904e-06 1.42185e-06 4.01372e-07
threshold=-0.50000000000000877 -0.0031331601232976176 -0.17782174307363738 0.0030911974926423062 -0.44044560066724431 30.500000000000004 2.7396546803652972 -0.003129898119122287 5.2967967967967979 -1016.9273240088652 509.63678222021457 14.500000000000002 -0.0014609211593460956 7.5000000000000009 0.0016488057372459066 0.033971556138109545 0.51880579655475934 499.99999999997169 0.55113929862825006 -1.0000000180025095e-35 0.57623792270531415 -0.26694919975043746 102.50000000000001 0.0016246964417696577 -1.0000000180025095e-35 -0.65456280360860497 0.0013937288998185917 1.0000000180025095e-35 1.002232142857143 0.37018953796520337 3.5000000000000004 66.666666666661186 0.12640464036823237 -0.46168526130358184 32.500000000000007 50.051991123537356 2.5000000000000004
decision_type=8 8 10 10 10 10 10 10 10 8 8 10 10 10 8 10 10 8 10 10 10 10 10 10 10 8 10 10 10 8 10 8 8 10 10 2 2
left_child=3 4 6 8 -2 -5 9 -4 11 13 31 14 21 -3 29 25 22 -8 28 20 35 -9 23 24 -17 -13 -27 -20 -14 -1 -21 -11 -30 -26 -29 36 -12
right_child=1 2 7 5 -6 -7 17 12 -10 10 19 15 18 -15 -16 16 -18 -19 27 30 -22 -23 -24 -25 33 26 -28 34 32 -31 -32 -33 -34 -35 -36 -37 -38
leaf_value=-2.0268999726429946e-05 5.3859544627119649e-05 -1.4233157412189843e-05 2.9962507375129129e-05 -4.5691921748563374e-05 2.3152690238294531e-05 -1.662428631937315e-05 8.8149391742512208e-06 2.5651065594391595e-05 -1.3298221198854572e-06 5.1875073798769659e-06 -1.0130764136925599e-06 -1.189497481339801e-05 4.2524953407815674e-06 -1.5459256213112069e-06 -2.8362438765323191e-05 -1.8051217044823283e-05 -5.1693657373596169e-06 1.9649137805381382e-05 1.1464748493397017e-05 -9.2492054467677616e-06 7.8276440771722551e-06 1.6101142017937904e-05 -7.3887848531463651e-06 -2.0346056617857871e-05 -1.2611164738888694e-05 -1.5034918354885832e-05 -2.4480040801384585e-05 2.0842874915360245e-05 1.4345370859897241e-05 -1.3447339921050439e-05 -2.2241926033840805e-06 1.1844596150933576e-05 7.9764138668147641e-06 -6.8681695976944098e-06 1.516047735381935e-05 5.0469164789770743e-07 -2.2252559968306108e-06
leaf_weight=783 629 695 546 538 526 518 847 576 615 633 666 559 532 523 521 515 1010 548 719 628 532 723 662 556 639 652 543 608 571 654 704 596 540 548 526 522 534
leaf_count=783 629 695 546 538 526 518 847 576 615 633 666 559 532 523 521 515 1010 548 719 628 532 723 662 556 639 652 543 608 571 654 704 596 540 548 526 522 534
internal_value=-8.30677e-09 1.04533e-05 7.79194e-06 -1.56496e-05 3.98755e-05 -3.14336e-05 1.75911e-06 1.61821e-05 -1.3631e-05 -8.56505e-07 1.14917e-06 -1.46209e-05 1.46128e-05 -8.78554e-06 -2.01443e-05 -1.27182e-05 -1.08256e-05 1.30711e-05 1.24863e-05 -1.34127e-06 1.13777e-06 2.03359e-05 -1.2782e-05 -1.4363e-05 -1.24084e-05 -1.69585e-05 -1.93269e-05 1.55912e-05 8.98433e-06 -1.71645e-05 -5.53646e-06 8.41603e-06 1.125e-05 -9.96e-06 1.82073e-05 -9.28889e-07 -1.55269e-06
internal_weight=23237 13924 12769 9313 1155 1056 7428 5341 8257 6033 4815 7642 4795 1218 1958 5684 3930 1395 3496 3586 2254 1299 2920 2258 1702 1754 1195 1853 1643 1437 1332 1229 1111 1187 1134 1722 1200
internal_count=23237 13924 12769 9313 1155 1056 7428 5341 8257 6033 4815 7642 4795 1218 1958 5684 3930 1395 3496 3586 2254 1299 2920 2258 1702 1754 1195 1853 1643 1437 1332 1229 1111 1187 1134 1722 1200
is_linear=0
shrinkage=0.0329122


Tree=8
num_leaves=34
num_cat=0
split_feature=24 28 20 36 36 26 37 15 23 28 13 36 20 19 20 0 6 24 28 13 26 0 26 0 10 13 38 29 19 26 26 0 55
split_gain=0.0021733 0.0009974 0.000718937 0.000388974 0.000329343 0.000269985 0.000198035 0.000127969 0.000110441 8.61877e-05 0.000104 8.08858e-05 7.2275e-05 6.23246e-05 6.04469e-05 5.35966e-05 5.31837e-05 5.20282e-05 4.95543e-05 4.54263e-05 4.09318e-05 4.07721e-05 2.49441e-05 2.42025e-05 2.33253e-05 2.26077e-05 2.11578e-05 1.98952e-05 1.63834e-05 1.14257e-05 1.10627e-05 7.00617e-06 1.99795e-06
threshold=499.74999999993616 -0.54879228150145987 0.97853302611367143 -0.0030959752321980667 0.003018869644069611 -0.0062659801386615041 -0.0016447368421052542 0.040413021998526387 1.0000000180025095e-35 0.98039215686274483 -0.20149262814269495 -0.0016625115394608423 3.0738017429193905 -0.28788371880528979 7.8729838709677429 36.500000000000007 -12.749999999999998 1501.0000000000036 0.4998125780898604 -0.088515619462625608 -0.0044918220889194867 17.500000000000004 -0.0020648912474681455 17.500000000000004 -1.4031954887218039 -0.066830449942136536 -0.00138985473651676 8.5000000000000018 0.13870243103258775 -0.0065665073170461464 -0.0084307274527195154 51.500000000000007 3078.5000000000005
decision_type=10 8 8 8 10 8 8 8 10 10 10 10 10 10 10 10 10 10 10 10 8 10 8 10 8 10 10 2 10 10 10 8 2
left_child=1 11 4 -2 7 13 -7 21 14 10 15 -1 16 -4 18 27 -5 -14 19 22 -12 -3 -8 -11 -17 -22 -18 -9 -28 -23 -15 -24 -33
right_child=3 2 5 12 -6 6 8 9 -10 23 20 -13 17 30 -16 24 26 -19 -20 -21 25 29 31 -25 -26 -27 28 -29 -30 -31 -32 32 -34
leaf_value=3.0981646956647306e-05 4.725895468746263e-05 -2.5630384199169729e-05 -1.8311544720179277e-05 5.6528039177994026e-06 -3.3602749692229745e-05 2.1562615289439768e-05 -7.6946657111428453e-06 -1.0778019376348905e-05 1.1563867035959084e-05 -2.1916959106097123e-05 -8.5842160269042062e-06 1.513393102737754e-05 1.7872010522377495e-05 -9.3881729074594335e-06 9.833344744494979e-06 -1.1846569718014441e-06 2.2038160793893098e-05 3.1460339345700717e-05 -1.1433359544686291e-05 7.444385424838709e-06 -3.4628063747501177e-06 -1.8784744677883846e-05 -2.9207445813140778e-06 -1.3014836064587304e-05 -1.0502274337300363e-05 4.2624251542768007e-06 1.1321688398651992e-05 -1.8462851063101561e-05 1.8911074199862399e-05 -1.2150131120388106e-05 -2.643429712370201e-06 -2.5113783455802005e-07 2.1470905681845946e-06
leaf_weight=535 545 672 768 596 795 577 699 571 962 559 784 1003 680 522 534 517 600 554 520 634 789 549 949 811 666 855 729 1012 534 577 532 1006 601
leaf_count=535 545 672 768 596 795 577 699 571 962 559 784 1003 680 522 534 517 600 554 520 634 789 549 949 811 666 855 729 1012 534 577 532 1006 601
internal_value=-8.03434e-09 -4.76185e-06 -6.99991e-06 2.13033e-05 -1.33596e-05 1.30039e-08 3.15934e-06 -1.1435e-05 1.36105e-06 -9.304e-06 -7.36703e-06 2.06468e-05 1.74728e-05 -1.11804e-05 -6.2456e-07 -1.17304e-05 1.42109e-05 2.39726e-05 -1.89123e-06 -6.15289e-07 -2.39613e-06 -1.92144e-05 -2.1852e-06 -1.66473e-05 -6.43044e-06 5.54739e-07 1.69487e-05 -1.5691e-05 1.45307e-05 -1.53852e-05 -5.98402e-06 -6.78415e-07 6.4563e-07
internal_weight=23237 18999 17461 4238 9157 8304 6482 8362 5905 6564 5194 1538 3693 1822 4943 2766 2459 1234 4409 3889 2428 1798 3255 1370 1183 1644 1863 1583 1263 1126 1054 2556 1607
internal_count=23237 18999 17461 4238 9157 8304 6482 8362 5905 6564 5194 1538 3693 1822 4943 2766 2459 1234 4409 3889 2428 1798 3255 1370 1183 1644 1863 1583 1263 1126 1054 2556 1607
is_linear=0
shrinkage=0.0329122


Tree=9
num_leaves=35
num_cat=0
split_feature=24 26 20 37 37 37 20 37 23 39 23 27 39 23 15 40 15 38 27 20 21 26 44 6 19 24 17 29 0 13 20 1 29 31
split_gain=0.0020326 0.000904275 0.000471243 0.000341034 0.000301205 0.000202201 0.000163647 0.000124624 9.54692e-05 9.3084e-05 8.75483e-05 8.23685e-05 7.06478e-05 6.05062e-05 6.03439e-05 5.00485e-05 4.45347e-05 4.32888e-05 3.51366e-05 6.27958e-05 3.39965e-05 3.38137e-05 3.35555e-05 3.09915e-05 2.7469e-05 1.56916e-05 1.28432e-05 1.26091e-05 1.43094e-05 1.09717e-05 9.15861e-06 7.57524e-06 1.89267e-06 5.82356e-07
threshold=499.74999999993616 -0.0021380761059130522 0.96166095051445388 0.0030911974926423062 -0.0033444816053511124 -0.0016447368421052542 1.5177521008403363 0.0013522656621439701 0.049999999999998941 0.0030280108192362047 1.0000000180025095e-35 839.5144605788222 -0.0025493955544001463 -1.0000000180025095e-35 0.027303482128552232 0.0012507822277846305 0.028453318591927141 -0.0013976247216470614 -734.88973633156786 0.58600438326142057 -0.028338217836690452 -0.007271276441401661 -0.0013245869657133589 48.250000000000007 -0.08813727350036514 -0.66666666666660335 -0.21145985023753436 7.5000000000000009 55.500000000000007 -0.060422470604487404 0.34633610851466218 78.491896879072087 21.500000000000004 87.500000000000014
decision_type=10 8 10 10 8 8 10 10 10 10 10 10 8 10 10 10 8 8 10 8 2 10 10 8 8 8 10 2 10 10 10 10 2 2
left_child=1 3 7 6 -2 -4 9 10 14 13 15 21 -6 27 22 18 -15 -14 19 -3 -18 -8 -7 29 -22 -26 -23 -1 -29 31 -27 -19 33 -21
right_child=4 2 5 -5 12 8 11 -9 -10 -11 -12 -13 17 16 -16 -17 20 23 -20 32 24 26 -24 -25 25 30 -28 28 -30 -31 -32 -33 -34 -35
leaf_value=-1.243430662285748e-05 4.3686262850094631e-05 -1.295398398331623e-05 2.5540263781162721e-05 -3.0733116841781786e-05 2.8565360124378931e-05 5.1565181825413411e-06 -1.0687962543461376e-05 -1.5920727787052222e-05 1.6871704528170526e-05 -2.5612077198041787e-05 8.5164658572570328e-06 9.1324157013684662e-06 2.1658435504275388e-05 -1.744258227177259e-05 1.0269958262685898e-05 -1.2731860607709719e-05 -2.3764118263269659e-06 1.456260348932908e-05 5.1605334975624644e-06 7.6073068958645165e-07 -1.5597099370234067e-05 -5.3067753960243029e-06 -4.7556069449459728e-06 6.0941179421713394e-06 -1.1678984762693659e-05 -8.7762879643237141e-06 1.9764630742811778e-06 -2.1472389532294614e-05 -1.4145148923503775e-05 1.2028157452945028e-05 -3.0661474541789431e-06 2.0141598388678254e-05 -2.4114670001346594e-06 -6.8380668765327451e-07
leaf_weight=623 535 619 824 916 516 695 791 798 851 527 743 534 878 578 1022 582 980 539 571 520 623 526 791 531 678 524 523 653 518 722 726 517 541 722
leaf_count=623 535 619 824 916 516 695 791 798 851 527 743 534 878 578 1022 582 980 539 571 520 623 526 791 531 678 524 523 653 518 722 726 517 541 722
internal_value=-7.7709e-09 -4.60513e-06 2.74377e-06 -1.16206e-05 2.06022e-05 1.09303e-05 -9.63208e-06 -3.97601e-06 7.34625e-06 -1.23586e-05 -1.75821e-06 -2.24723e-06 1.7267e-05 -1.11753e-05 4.11403e-06 -3.9057e-06 -8.97347e-06 1.54376e-05 -2.17779e-06 -3.92235e-06 -7.58707e-06 -5.54992e-06 -1.19567e-07 1.30721e-05 -9.58872e-06 -7.6471e-06 -1.67535e-06 -1.62183e-05 -1.82313e-05 1.51559e-05 -5.46002e-06 1.72942e-05 -7.86726e-07 -7.88243e-08
internal_weight=23237 18999 9279 9720 4238 4183 8804 5096 3359 6430 4298 2374 3703 5903 2508 3555 4109 3187 2973 2402 3531 1840 1486 2309 2551 1928 1049 1794 1171 1778 1250 1056 1783 1242
internal_count=23237 18999 9279 9720 4238 4183 8804 5096 3359 6430 4298 2374 3703 5903 2508 3555 4109 3187 2973 2402 3531 1840 1486 2309 2551 1928 1049 1794 1171 1778 1250 1056 1783 1242
is_linear=0
shrinkage=0.0329122


Tree=10
num_leaves=35
num_cat=0
split_feature=25 37 17 55 1 18 23 20 0 13 39 37 38 15 27 16 28 20 16 16 13 9 42 39 44 20 15 13 9 0 29 15 37 29
split_gain=0.00287023 0.000823606 0.000494074 0.000214567 0.000240759 0.00020505 0.000150082 0.000105701 9.47677e-05 0.000112969 8.82001e-05 7.71367e-05 5.11149e-05 4.82951e-05 4.59171e-05 3.18933e-05 2.98748e-05 2.96435e-05 2.96122e-05 2.84071e-05 2.51765e-05 2.3294e-05 2.32349e-05 2.21809e-05 2.13395e-05 2.00796e-05 1.49863e-05 1.28348e-05 1.13418e-05 8.30682e-06 8.00331e-06 6.07342e-06 4.55862e-06 1.20042e-06
threshold=-0.50000000000000877 -0.0030959752321980667 -0.1747009341319333 151.50000000000003 113.9514485094851 -0.80742071116893699 1.0000000180025095e-35 0.99134182908545743 14.500000000000002 -0.20149262814269495 -0.003129898119122287 0.0030911974926423062 -0.0015003759381570501 0.039113303323304566 -30.345553235653824 0.55113929862825006 0.98039215686274483 2.1186147186147193 0.51880579655475934 0.5244821960561783 -0.42770018258256065 -0.70039296522759542 0.0016597521804047057 -0.0016792623089504353 0.0012461064027353699 1.4312826047850336 0.08093122326044104 -0.019349059962250715 -0.31667032785984944 58.500000000000007 12.500000000000002 0.091127422157762025 0.0012507822277846305 8.5000000000000018
decision_type=8 8 10 2 10 10 10 10 10 8 10 8 10 10 10 10 10 10 10 10 10 10 10 10 10 10 10 10 10 10 2 8 8 2
left_child=3 5 6 4 -1 -2 8 11 9 -3 -4 13 23 21 -9 27 28 26 22 -8 -17 -5 29 -12 25 32 -10 -14 31 -15 -22 -16 -11 -34
right_child=1 2 10 7 -6 -7 19 14 17 24 12 -13 15 18 16 20 -18 -19 -20 -21 30 -23 -24 -25 -26 -27 -28 -29 -30 -31 -32 -33 33 -35
leaf_value=-1.2512439887895672e-05 5.0178380440489807e-05 -1.3078664240593817e-05 2.7571147618971535e-05 -1.3516311139042916e-05 -4.2817111746212883e-05 2.2601412997352672e-05 6.6219642935704041e-06 1.0474207771616022e-06 -2.5997382527660498e-07 1.9495613731338879e-06 1.3963043526111169e-05 -2.4900601716739706e-05 5.5715730707615386e-06 -1.2200866449180463e-05 -7.3040392800703089e-06 8.9285747235566686e-06 -1.5105734011915338e-05 1.2137252457492685e-05 -4.6812950846888486e-06 1.5693234952366916e-05 1.9616714800265368e-05 -2.1050217380583176e-05 -1.783989500069012e-05 2.2823912866282472e-05 -6.5406807685475022e-06 6.5648198439635545e-06 7.1477127904934782e-06 1.1662469582314237e-05 -1.0749571006937727e-05 -7.0973234863499352e-06 1.4265327172876259e-05 -2.2823010622900291e-06 -6.5435485684699596e-07 -2.4151563127792251e-06
leaf_weight=572 563 988 527 810 564 607 783 587 695 570 532 737 988 970 528 635 671 545 666 716 624 986 647 721 516 522 515 604 526 537 589 516 925 768
leaf_count=572 563 988 527 810 564 607 783 587 695 570 532 737 988 970 528 635 671 545 666 716 624 986 647 721 516 522 515 604 526 537 589 516 925 768
internal_value=-1.35061e-08 9.44273e-06 7.01995e-06 -1.41547e-05 -2.75583e-05 3.58716e-05 1.63301e-06 -1.22935e-05 -6.78946e-07 -3.31522e-06 1.48041e-05 -1.50127e-05 1.33704e-05 -1.3434e-05 -7.14641e-06 1.12972e-05 -9.29277e-06 5.76364e-06 -1.07471e-05 1.0955e-05 1.42388e-05 -1.76525e-05 -1.26226e-05 1.90619e-05 -3.92918e-07 7.46046e-07 2.8927e-06 7.88258e-06 -6.80824e-06 -1.03824e-05 1.70184e-05 -4.82225e-06 -5.96053e-07 -1.45325e-06
internal_weight=23250 13933 12763 9317 1136 1170 7543 8181 6044 4289 5220 5353 4693 4616 2828 3440 2241 1755 2820 1499 1848 1796 2154 1253 3301 2785 1210 1592 1570 1507 1213 1044 2263 1693
internal_count=23250 13933 12763 9317 1136 1170 7543 8181 6044 4289 5220 5353 4693 4616 2828 3440 2241 1755 2820 1499 1848 1796 2154 1253 3301 2785 1210 1592 1570 1507 1213 1044 2263 1693
is_linear=0
shrinkage=0.0329122


Tree=11
num_leaves=35
num_cat=0
split_feature=25 36 17 36 20 13 38 31 40 36 13 37 25 13 9 16 20 23 15 20 16 17 31 37 7 27 20 2 18 2 18 18 10 29
split_gain=0.00268441 0.00084629 0.000462204 0.000264994 0.000154706 0.000106761 9.62378e-05 9.59616e-05 0.000114249 8.01455e-05 7.68972e-05 4.57153e-05 4.55947e-05 3.97854e-05 3.29365e-05 3.13044e-05 3.00757e-05 2.77392e-05 2.7711e-05 2.32715e-05 2.29392e-05 2.23689e-05 1.9748e-05 1.87051e-05 1.32093e-05 1.05896e-05 1.39057e-05 9.97338e-06 9.02459e-06 9.69394e-06 8.85401e-06 6.65646e-06 2.09646e-06 2.1878e-06
threshold=-0.50000000000000877 -0.0028797711110650766 -0.24079418608470796 0.003018869644069611 2.2594997594997599 -0.073743541346097313 0.0030674918784389109 25.500000000000004 -0.0031331601232976176 -0.0013956740920813557 -0.20149262814269495 -0.0016168159313225681 -0.99228993199374937 -0.073743541346097313 -0.52258398491825564 0.54793233082706772 3.6830143540669864 1.0000000180025095e-35 0.16313710150889951 1.9234432234432237 0.51209834469328153 -0.091786958196540216 53.500000000000007 0.0012650226439854253 0.14364790635638452 -857.13390469475871 0.67380826696656049 0.042264352782298134 -0.055603277805523772 -0.0064210148077825961 -0.088477938777501167 -1.0000000180025095e-35 -1.3749999999999993 6.5000000000000009
decision_type=8 8 10 10 10 10 10 2 10 10 8 10 10 10 10 10 10 10 10 10 10 8 2 8 8 10 8 2 8 2 8 8 8 2
left_child=3 5 4 6 10 -2 12 -4 -9 27 14 -11 16 -14 -3 19 18 25 22 31 -6 -15 -1 24 -24 26 -12 -10 -26 -30 -17 -13 33 -28
right_child=1 2 7 -5 20 -7 -8 8 9 11 17 15 13 21 -16 30 -18 -19 -20 -21 -22 -23 23 -25 28 -27 32 -29 29 -31 -32 -33 -34 -35
leaf_value=-1.6693388698662041e-05 4.8276388925690397e-05 -4.6843014823182958e-06 -4.9660113043442383e-07 -3.0508716388242436e-05 6.0462425026240744e-06 2.714405783790911e-05 -2.3092062616264901e-05 2.7618635140871058e-05 2.3859919675877123e-05 1.9348181579936534e-05 -5.8797238253151032e-06 5.9016858844923021e-06 -7.7881058337193693e-06 -2.1043690983311701e-05 -1.5350804089444856e-05 1.5506712248817786e-05 -2.193218271743619e-06 7.2757116424020494e-06 -3.9043526788913174e-06 1.0711332685085097e-05 1.4645305868770586e-05 -1.246894962169566e-05 -1.2585412112145879e-05 -1.4327756654313182e-05 -4.5891493127278495e-06 3.2499818423347781e-06 -6.3998396603382814e-07 1.7480965781896464e-05 -1.2394234464098105e-05 -6.8049594597486997e-06 1.0631119666405767e-05 9.1095310442439927e-07 -1.7726996950584512e-06 2.0838099788033831e-06
leaf_weight=577 520 802 519 915 644 516 752 621 549 569 640 609 588 916 515 692 589 541 686 844 703 515 763 890 736 582 797 515 570 820 969 552 701 533
leaf_count=577 520 802 519 915 644 516 752 621 549 569 640 609 588 916 515 692 589 541 686 844 703 515 763 890 736 582 797 515 570 820 969 552 701 533
internal_value=-1.30616e-08 9.13195e-06 6.83299e-06 -1.36889e-05 6.11535e-07 3.77512e-05 -1.18571e-05 1.30728e-05 1.42624e-05 1.26971e-05 -2.00355e-06 1.06682e-05 -1.07527e-05 -1.49962e-05 -8.85551e-06 9.32091e-06 -9.23116e-06 3.74892e-07 -1.00533e-05 6.55252e-06 1.05343e-05 -1.79579e-05 -1.10216e-05 -1.01555e-05 -8.87011e-06 -7.727e-07 -1.64931e-06 2.07726e-05 -7.53662e-06 -9.09713e-06 1.26625e-05 3.52903e-06 -3.16129e-07 4.5141e-07
internal_weight=23250 13933 12897 9317 6458 1036 8402 6439 5920 5299 5111 4235 7650 2019 1317 3666 5631 3794 5042 2005 1347 1431 4356 3779 2889 3253 2671 1064 2126 1390 1661 1161 2031 1330
internal_count=23250 13933 12897 9317 6458 1036 8402 6439 5920 5299 5111 4235 7650 2019 1317 3666 5631 3794 5042 2005 1347 1431 4356 3779 2889 3253 2671 1064 2126 1390 1661 1161 2031 1330
is_linear=0
shrinkage=0.0329122


Tree=12
num_leaves=35
num_cat=0
split_feature=25 36 17 36 20 0 0 31 40 36 0 39 25 20 15 37 20 23 38 4 0 20 48 25 0 43 17 17 36 1 48 24 48 31
split_gain=0.00251062 0.0007915 0.000432281 0.000247838 0.00014469 0.000113369 9.29366e-05 8.97492e-05 0.000106852 7.49566e-05 6.93937e-05 7.29285e-05 5.22675e-05 4.29524e-05 4.38324e-05 4.27765e-05 4.02594e-05 3.89904e-05 4.96732e-05 3.27189e-05 3.04518e-05 3.01165e-05 3.31917e-05 2.76685e-05 2.57915e-05 2.3588e-05 1.65414e-05 1.5033e-05 1.28474e-05 1.21451e-05 9.61358e-06 6.84954e-06 2.65821e-06 8.84139e-08
threshold=-0.50000000000000877 -0.0028797711110650766 -0.24079418608470796 0.003018869644069611 2.2594997594997599 15.500000000000002 20.500000000000004 25.500000000000004 -0.0031331601232976176 -0.0013956740920813557 9.5000000000000018 -0.0012507822277847966 -0.99103144089224071 5.0098039215686283 0.036333479143613838 -0.0016051364365970431 0.59510698787969485 -0.05000000000000248 0.0015140054096182134 -0.16777194458435493 111.50000000000001 7.0135135135135149 35.62270741488161 -0.99191596277982341 42.500000000000007 0.0016380027367122187 -0.095858040386215301 -0.12354451303355664 0.0011341606890153957 78.422804511040013 44.119182588517091 1.0000000000002134 41.865431347394406 131.50000000000003
decision_type=8 8 10 10 10 10 10 2 10 10 8 10 10 10 10 10 10 8 8 8 10 10 2 10 10 8 10 10 10 10 2 8 2 2
left_child=3 6 4 5 10 12 -2 -4 -9 30 11 -3 19 14 17 -11 -13 -7 -19 -1 23 22 26 28 31 -6 -17 -24 29 -16 -10 -12 33 -33
right_child=1 2 7 -5 25 13 -8 8 9 15 24 16 -14 -15 20 21 -18 18 -20 -21 -22 -23 27 -25 -26 -27 -28 -29 -30 -31 -32 32 -34 -35
leaf_value=-1.8729374056408467e-05 4.6347923814555576e-05 3.3195809630292045e-06 -4.8025692988718995e-07 -2.9504608893647536e-05 1.3733917570500357e-05 -6.5493008874524084e-06 2.6631116338007068e-05 2.6709646430741714e-05 1.7022935392160593e-05 1.8629273635325581e-05 -3.3081505296882752e-06 -1.5727269529496595e-05 -2.6572440995218979e-05 -1.4485523932986475e-07 -4.2318592725098246e-06 7.7796165800764931e-08 -4.9927682264579496e-06 -1.037204787782475e-05 -2.2964306713907211e-05 -9.4155070521150767e-06 -2.4349242748424513e-06 1.6320324250107056e-05 7.8284200032795684e-06 -1.6067905857555288e-05 6.9818323774117874e-06 4.8379003108847051e-06 7.5213120005039886e-06 1.379093358971969e-05 -1.249959893265342e-05 -9.6730040665882869e-06 2.3283918881843852e-05 -4.9642434414772607e-07 2.5009099579815414e-06 8.744679199646667e-08
leaf_weight=1000 519 587 519 915 810 536 517 621 543 579 625 755 554 524 1008 657 759 642 720 691 846 522 978 565 666 537 637 862 521 795 521 599 592 528
leaf_count=1000 519 587 519 915 810 536 517 621 543 579 625 755 554 524 1008 657 759 642 720 691 846 522 978 565 666 537 637 862 521 795 521 599 592 528
internal_value=-1.26324e-08 8.83141e-06 6.6081e-06 -1.32384e-05 5.91407e-07 -1.14669e-05 3.65088e-05 1.26425e-05 1.3793e-05 1.22792e-05 -1.93761e-06 -6.52785e-06 -1.77983e-05 -9.1583e-06 -9.99672e-06 1.03171e-05 -1.0346e-05 -1.40696e-05 -1.70289e-05 -1.49235e-05 -7.92698e-06 9.00063e-06 7.78138e-06 -9.53517e-06 1.26633e-06 1.01876e-05 3.74221e-06 1.06219e-05 -7.94686e-06 -6.63116e-06 2.00889e-05 -3.57514e-07 7.15156e-07 -2.22678e-07
internal_weight=23250 13933 12897 9317 6458 8402 1036 6439 5920 5299 5111 2101 2245 6157 5633 4235 1514 1898 1362 1691 3735 3656 3134 2889 3010 1347 1294 1840 2324 1803 1064 2344 1719 1127
internal_count=23250 13933 12897 9317 6458 8402 1036 6439 5920 5299 5111 2101 2245 6157 5633 4235 1514 1898 1362 1691 3735 3656 3134 2889 3010 1347 1294 1840 2324 1803 1064 2344 1719 1127
is_linear=0
shrinkage=0.0329122


Tree=13
num_leaves=34
num_cat=0
split_feature=25 36 17 36 24 13 38 31 40 36 37 39 13 37 16 25 16 15 24 17 48 55 16 18 1 13 48 18 48 15 40 55 31
split_gain=0.00234808 0.000740258 0.000404295 0.000231792 0.000137844 9.94207e-05 8.72368e-05 8.39391e-05 9.99344e-05 7.01987e-05 6.7411e-05 5.11776e-05 4.55562e-05 4.39333e-05 4.14008e-05 3.3479e-05 3.11457e-05 2.91015e-05 2.48093e-05 2.4557e-05 2.03132e-05 1.99585e-05 1.72481e-05 2.03962e-05 1.7194e-05 1.41917e-05 1.48004e-05 1.1698e-05 1.1299e-05 9.95648e-06 9.10522e-06 5.51105e-06 3.44748e-07
threshold=-0.50000000000000877 -0.0028797711110650766 -0.24079418608470796 0.003018869644069611 499.99999999998948 -0.073743541346097313 0.0030674918784389109 25.500000000000004 -0.0031331601232976176 -0.0013559328266281032 -0.0012202567080615843 0.0020040080160320666 -0.073743541346097313 -0.0016168159313225681 0.47169771018455237 -0.99200643080209294 0.54441950884816614 0.16313710150889951 500.00000000002484 -0.068155785711137909 35.248380540496775 17202.000000000004 0.12973512024335651 -0.0048704318236457824 80.950154218723597 -0.13833363203440976 64.700116325569425 -0.002670970890535486 45.800733724666692 0.055302927444159787 -1.0000000180025095e-35 4372.5000000000009 139.50000000000003
decision_type=8 8 10 10 10 10 10 2 10 10 8 10 10 10 10 10 8 10 10 8 2 2 10 8 10 10 2 8 2 10 10 2 2
left_child=3 5 4 6 10 -2 14 -4 -9 28 -3 12 16 -11 15 22 25 21 20 -17 -15 24 -1 -24 -16 26 -12 -22 -10 -23 -20 32 -18
right_child=1 2 7 -5 -6 -7 -8 8 9 13 11 -13 -14 18 17 19 31 -19 30 -21 27 29 23 -25 -26 -27 -28 -29 -30 -31 -32 -33 -34
leaf_value=-6.351829387167975e-06 4.5464097334759553e-05 9.7728313305512522e-06 -4.6445065135785563e-07 -2.8533548644316501e-05 1.5952347427433139e-05 2.5071119617352205e-05 -2.1786154975516064e-05 2.5830574411499538e-05 1.6126137083124533e-05 1.8474069825413588e-05 -9.8044857057589932e-06 -1.1001791758586986e-05 7.7245270561661796e-06 3.033765715061824e-06 -7.9997679918526984e-06 -1.9142159867768997e-05 1.7770692298426756e-08 -1.1865297894790816e-06 9.4536548652397187e-06 -1.0462628102097379e-05 1.2286339484489217e-05 -9.3765224341265499e-06 -8.2505488787106798e-06 -1.6047662707246044e-05 -1.5886516365670633e-05 -1.5435065067065307e-06 -2.6511629547692925e-06 5.7578296245719794e-06 2.2774085675537156e-05 -4.5754449592876045e-06 1.4775618618559766e-05 3.1255016717157964e-06 -1.1007467586403291e-06
leaf_weight=903 520 575 519 915 575 516 752 621 596 563 798 617 579 1026 563 1021 665 643 719 540 659 862 728 726 640 853 516 542 518 1024 676 739 541
leaf_count=903 520 575 519 915 575 516 752 621 596 563 798 617 579 1026 563 1021 665 643 719 540 659 862 728 726 640 853 516 542 518 1024 676 739 541
internal_value=-1.22166e-08 8.54075e-06 6.39062e-06 -1.28027e-05 5.71944e-07 3.53072e-05 -1.10895e-05 1.22264e-05 1.33391e-05 1.18751e-05 -9.31286e-07 -2.09088e-06 -9.18787e-07 9.92058e-06 -1.0038e-05 -1.24011e-05 -2.13589e-06 -7.55705e-06 8.59097e-06 -1.61398e-05 6.43491e-06 -8.88305e-06 -9.92497e-06 -1.21439e-05 -1.21957e-05 -4.84958e-06 -6.99559e-06 9.34027e-06 1.92176e-05 -6.76991e-06 1.20328e-05 8.87434e-07 -4.83796e-07
internal_weight=23250 13933 12897 9317 6458 1036 8402 6439 5920 5299 5883 5308 4691 4185 7650 3918 4112 3732 3622 1561 2227 3089 2357 1454 1203 2167 1314 1201 1114 1886 1395 1945 1206
internal_count=23250 13933 12897 9317 6458 1036 8402 6439 5920 5299 5883 5308 4691 4185 7650 3918 4112 3732 3622 1561 2227 3089 2357 1454 1203 2167 1314 1201 1114 1886 1395 1945 1206
is_linear=0
shrinkage=0.0329122


Tree=14
num_leaves=36
num_cat=0
split_feature=25 36 17 36 20 0 13 31 40 13 0 36 29 1 20 15 16 21 38 20 0 16 43 13 0 37 20 43 0 24 18 2 27 30 31
split_gain=0.00219607 0.000692333 0.000378121 0.000216785 0.000132923 0.000103955 9.29836e-05 7.8505e-05 9.34642e-05 6.6842e-05 7.93834e-05 6.56808e-05 5.1921e-05 6.80509e-05 3.99211e-05 3.91372e-05 3.84736e-05 3.53776e-05 4.97274e-05 3.09908e-05 2.85079e-05 2.56186e-05 2.17372e-05 1.99804e-05 1.67952e-05 1.63405e-05 1.42557e-05 1.3966e-05 1.16586e-05 1.1276e-05 1.0073e-05 9.05238e-06 8.90295e-06 1.0253e-06 4.52293e-07
threshold=-0.50000000000000877 -0.0028797711110650766 -0.24079418608470796 0.003018869644069611 2.2594997594997599 15.500000000000002 -0.073743541346097313 25.500000000000004 -0.0031331601232976176 -0.20149262814269495 7.5000000000000009 -0.0013956740920813557 7.5000000000000009 114.29881780157204 5.0098039215686283 0.036333479143613838 0.54793233082706772 -0.034631311975608502 0.0016764471125200189 1.9234432234432237 100.50000000000001 0.45994576426552597 0.0016380027367122187 -0.05544397801619174 2.5000000000000004 -0.0012586537395244399 0.35280987394957991 0.0018921492810907161 38.500000000000007 -0.50000000000001765 0.22447215933746437 0.042264352782298134 -17.617762820134399 14.500000000000002 91.500000000000014
decision_type=8 8 10 10 10 10 10 2 10 8 10 10 2 10 10 10 10 2 8 10 10 10 8 10 8 10 10 8 10 10 8 2 10 2 2
left_child=3 6 4 5 9 12 -2 -4 -9 10 -3 31 -1 -14 15 17 19 -7 -19 32 21 29 -6 24 -11 -18 -23 -26 -27 -17 -28 -10 -13 -29 -35
right_child=1 2 7 -5 22 14 -8 8 11 23 -12 16 13 -15 -16 20 25 18 -20 -21 -22 26 -24 -25 27 28 30 33 -30 -31 -32 -33 -34 34 -36
leaf_value=-1.0404987562135102e-05 4.396777691075343e-05 -1.579918252429517e-05 -4.4916446118136555e-07 -2.7594448362929063e-05 1.3155165629571417e-05 -7.0088890000092952e-06 2.4245974936929682e-05 2.4980434725016444e-05 2.1736128324881286e-05 -6.024785136898927e-06 3.9980714045193806e-07 1.2764006500799024e-07 -1.3345803543029202e-05 -2.7912213890172287e-05 1.7485471332317163e-07 -1.6419347248586253e-05 1.7920499858869273e-05 -1.0858514537866427e-05 -2.4227168795087564e-05 1.1165465378784719e-05 -2.4842605312569713e-06 -1.0695747417370423e-05 4.6152488815614042e-06 5.4807744343074962e-06 4.2578447411821584e-06 1.3893212621676544e-05 -1.2688743004371113e-06 -2.2507756177530437e-06 7.9953379226919298e-06 -9.7459926949515453e-06 -7.5761158241102998e-06 1.5658850905993654e-05 5.681304378672499e-06 -1.3054437027014796e-06 -4.3059391840285666e-08
leaf_weight=855 520 704 519 915 810 659 516 621 549 543 613 540 687 703 524 530 531 721 518 959 962 575 537 675 714 789 571 619 673 569 528 515 743 559 684
leaf_count=855 520 704 519 915 810 659 516 621 549 543 613 540 687 703 524 530 531 721 518 959 962 575 537 675 714 789 571 619 673 569 528 515 743 559 684
internal_value=-1.18148e-08 8.25966e-06 6.18029e-06 -1.23813e-05 5.53119e-07 -1.07245e-05 3.41452e-05 1.1824e-05 1.29001e-05 -1.87087e-06 -8.25916e-06 1.14843e-05 -1.67873e-05 -2.0713e-05 -8.51386e-06 -9.32216e-06 9.64754e-06 -1.31707e-05 -1.64479e-05 6.68968e-06 -7.3664e-06 -9.06001e-06 9.75078e-06 3.46614e-07 -7.64425e-07 1.29748e-05 -6.49655e-06 3.44328e-07 1.11784e-05 -1.29645e-05 -4.29931e-06 1.87948e-05 3.34401e-06 -1.15622e-06 -6.10961e-07
internal_weight=23250 13933 12897 9317 6458 8402 1036 6439 5920 5111 1317 5299 2245 1390 6157 5633 4235 1898 1239 2242 3735 2773 1347 3794 3119 1993 1674 2576 1462 1099 1099 1064 1283 1862 1243
internal_count=23250 13933 12897 9317 6458 8402 1036 6439 5920 5111 1317 5299 2245 1390 6157 5633 4235 1898 1239 2242 3735 2773 1347 3794 3119 1993 1674 2576 1462 1099 1099 1064 1283 1862 1243
is_linear=0
shrinkage=0.0329122


Tree=15
num_leaves=36
num_cat=0
split_feature=25 37 17 18 37 0 20 0 25 31 28 20 29 13 13 20 16 45 26 42 15 16 0 48 43 55 0 1 0 13 9 3 31 31 48
split_gain=0.00210458 0.000554403 0.000326737 0.000208277 0.000194811 0.000146401 0.000126244 9.51793e-05 6.80554e-05 6.75616e-05 6.78266e-05 5.98962e-05 5.86889e-05 5.80553e-05 4.9113e-05 4.90963e-05 4.79112e-05 4.65441e-05 2.78778e-05 2.74602e-05 2.62475e-05 2.55678e-05 2.33168e-05 1.58468e-05 2.91095e-05 1.57658e-05 1.46064e-05 1.44628e-05 1.32879e-05 1.05117e-05 1.00867e-05 7.8398e-06 9.03078e-06 2.08386e-06 3.44948e-07
threshold=-0.65997659677626019 -0.0030959752321980667 -0.1747009341319333 inf 0.0030911974926423062 27.500000000000004 0.96166095051445388 8.5000000000000018 -0.98419003211404832 29.500000000000004 -0.99009900990098998 3.1968455042225541 7.5000000000000009 -0.14391312601854614 -0.073743541346097313 2.2594997594997599 0.54981203007518809 -0.0016708449422392355 -0.00053076361411887399 0.0037998748616258076 0.035033368978434488 0.49906015037593993 74.500000000000014 86.494400238125152 0.0015117166611058332 7679.0000000000009 8.5000000000000018 79.123083433370127 31.500000000000004 -0.25929308505025672 -0.45953381649686631 0.14352917336169288 175.50000000000003 57.500000000000007 17.204156224162009
decision_type=8 8 10 8 10 10 10 8 10 2 10 10 2 8 10 10 10 10 10 8 8 10 10 2 10 2 10 10 10 10 8 2 2 2 2
left_child=4 3 6 -2 8 -6 7 13 11 -4 12 17 -11 -3 16 22 26 -1 -17 30 28 23 25 24 31 -12 -8 -16 -19 -23 -9 32 -22 -21 -35
right_child=1 2 9 -5 5 -7 14 19 -10 10 15 -13 -14 -15 27 18 -18 20 -20 33 21 29 -24 -25 -26 -27 -28 -29 -30 -31 -32 -33 -34 34 -36
leaf_value=-1.9887745606630861e-05 1.5913623620805002e-05 -1.6573199327208336e-05 9.4526844283198293e-07 4.3247288100742787e-05 -3.8123702413963271e-05 -1.3530754227127016e-05 -2.1782586095774025e-06 7.3591140846437038e-06 -2.2421704193708375e-05 1.2196744104911795e-05 5.0608681248401975e-06 -2.0501550440338583e-06 2.6623708826658196e-05 -3.4716052245166848e-06 8.5355593766282495e-06 1.080504664485522e-05 1.2051747045442757e-05 -1.7392703119441395e-05 1.95911870058428e-05 -3.139599819725005e-06 -1.0991211415255177e-05 -8.2677457350825002e-06 1.7378050897537128e-06 -5.6764634887840301e-06 -1.7917833432538073e-05 1.2144145925917216e-05 4.453420101640752e-06 1.6263187163413772e-05 -1.1069296621710252e-05 -2.9495352882954163e-06 1.5214488071170448e-06 -1.3126547726585889e-05 -5.212162045821069e-06 -2.3174958836435703e-07 -1.3300111788251688e-06
leaf_weight=600 630 617 543 580 530 519 879 754 516 574 522 890 653 902 533 764 531 698 802 518 622 837 546 518 657 979 609 517 744 776 558 519 554 779 515
leaf_count=600 630 617 543 580 530 519 879 754 516 574 522 890 653 902 533 764 531 698 802 518 622 837 546 518 657 979 609 517 744 776 558 519 554 779 515
internal_value=-1.38743e-07 7.70086e-06 5.7313e-06 2.90159e-05 -1.26271e-05 -2.59564e-05 1.38785e-06 -2.03566e-06 -1.08641e-05 1.19539e-05 1.31889e-05 -1.00598e-05 1.98749e-05 -8.79347e-06 6.56725e-06 1.09183e-05 3.5646e-06 -1.11523e-05 1.53049e-05 1.25015e-06 -1.02676e-05 -9.02509e-06 7.56238e-06 -1.08885e-05 -1.20363e-05 9.68096e-06 5.35763e-07 1.23407e-05 -1.41303e-05 -5.70934e-06 4.8765e-06 -9.75646e-06 -8.26896e-06 -1.37542e-06 -6.69024e-07
internal_weight=23285 14305 13095 1210 8980 1049 7712 4643 7931 5383 4840 7415 1227 1519 3069 3613 2019 6525 1566 3124 5925 4483 2047 2870 2352 1501 1488 1050 1442 1613 1312 1695 1176 1812 1294
internal_count=23285 14305 13095 1210 8980 1049 7712 4643 7931 5383 4840 7415 1227 1519 3069 3613 2019 6525 1566 3124 5925 4483 2047 2870 2352 1501 1488 1050 1442 1613 1312 1695 1176 1812 1294
is_linear=0
shrinkage=0.0329122


Tree=16
num_leaves=35
num_cat=0
split_feature=25 36 27 36 20 27 25 20 38 16 31 44 25 20 20 37 43 31 43 17 45 20 36 1 18 48 48 31 1 4 20 20 31 31
split_gain=0.00196833 0.000620756 0.000351733 0.00020323 0.000116703 0.000114079 0.000142653 9.77547e-05 7.49376e-05 5.66e-05 5.56424e-05 6.93282e-05 4.80137e-05 4.43198e-05 3.30374e-05 3.15081e-05 3.12542e-05 2.79953e-05 2.38316e-05 2.20027e-05 1.96291e-05 1.65593e-05 1.56242e-05 1.80974e-05 1.53371e-05 1.40002e-05 1.31362e-05 1.48296e-05 1.29153e-05 1.27929e-05 1.2324e-05 1.05828e-05 9.38302e-06 9.89651e-07
threshold=-0.65997659677626019 -0.0028797711110650766 -242.91386443783435 0.003018869644069611 0.64930219034696657 509.63678222021457 -0.33333333333332538 2.7396546803652972 0.0031201323987538614 0.52922973372295379 30.500000000000004 -0.0033444816053511124 -0.99200643080209294 3.3435167910447765 2.2594997594997599 -0.0013633271501908848 -1.0000000180025095e-35 240.50000000000003 0.0015048917474408399 -0.087329119680083847 -0.0012040943557623527 14.468627450980394 0.0013486182800979132 40.604182068407049 0.46851907324046821 40.016422248773019 77.019474268561709 176.50000000000003 607.2981329920832 -0.1432886691436763 0.35280987394957991 1.652699859747546 163.50000000000003 84.500000000000014
decision_type=8 8 10 10 8 10 10 10 10 10 2 10 10 10 10 10 10 2 8 8 10 8 8 10 8 2 2 2 10 10 10 10 2 2
left_child=3 7 4 8 16 6 -4 -2 12 18 -8 -12 14 25 17 31 -3 20 -6 -14 -1 -20 23 -22 -18 -7 27 29 30 -17 -25 -13 -32 -23
right_child=1 2 5 -5 9 13 10 -9 -10 -11 11 15 19 -15 -16 26 24 -19 21 -21 22 33 -24 28 -26 -27 -28 -29 -30 -31 32 -33 -34 -35
leaf_value=-1.6166651465508706e-05 2.1779238030559462e-05 -9.5853651260013947e-07 -1.2593962415195454e-06 -2.7010518769339868e-05 4.9706772118863718e-06 -5.4032577394884785e-06 4.118135693509222e-06 4.1981468132717652e-05 -2.0798551870482187e-05 1.1242191667710141e-05 2.6262109436969554e-05 1.5333795369087707e-05 -1.7655079577111888e-05 9.2859564524024013e-06 -2.4659725498118523e-06 6.3856733810589565e-06 -7.0671573741779646e-06 -2.7219389029182053e-06 -6.3881237507453982e-06 -9.7582595724623374e-06 -4.4747937329584157e-06 1.4957151833506766e-06 -1.4274593554939076e-05 -1.5083829315850243e-05 -1.4288353768746302e-05 2.086629666565413e-06 1.6331250426885395e-05 1.409874846541439e-05 -5.4733460145199825e-06 1.2465992255735813e-05 -6.2539692363052617e-06 2.1776079794228082e-05 -1.2435741950195088e-05 -2.7535475102196639e-07
leaf_weight=526 515 515 760 904 910 527 556 523 706 653 537 563 987 655 924 886 658 619 538 624 891 521 591 627 618 555 622 1007 516 650 546 543 519 993
leaf_count=526 515 515 760 904 910 527 556 523 706 653 537 563 987 655 924 886 658 619 538 624 891 521 591 627 618 555 622 1007 516 650 546 543 519 993
internal_value=-1.34177e-07 7.44741e-06 5.52967e-06 -1.22116e-05 -9.3244e-07 9.97369e-06 1.20853e-05 3.19584e-05 -1.0555e-05 2.47123e-06 1.3976e-05 1.5116e-05 -9.57368e-06 2.52899e-06 -8.16858e-06 1.37145e-05 -7.80262e-06 -9.25834e-06 5.37514e-07 -1.45965e-05 -1.0218e-05 -1.42835e-06 -9.36994e-06 -8.43452e-06 -1.05648e-05 -1.56119e-06 1.20432e-05 1.09943e-05 -1.00323e-05 8.95887e-06 -1.14225e-05 1.84969e-05 -9.26671e-06 3.33957e-07
internal_weight=23285 14305 13267 8980 5406 7861 6124 1038 8076 3615 5364 4808 7370 1737 5759 4271 1791 4835 2962 1611 4216 2052 3690 3099 1276 1082 3165 2543 2208 1536 1692 1106 1065 1514
internal_count=23285 14305 13267 8980 5406 7861 6124 1038 8076 3615 5364 4808 7370 1737 5759 4271 1791 4835 2962 1611 4216 2052 3690 3099 1276 1082 3165 2543 2208 1536 1692 1106 1065 1514
is_linear=0
shrinkage=0.0329122


Tree=17
num_leaves=36
num_cat=0
split_feature=25 36 27 36 20 27 25 0 0 37 16 1 29 13 0 27 20 36 13 36 24 13 20 19 2 45 28 9 15 4 55 44 18 55 48
split_gain=0.0018409 0.000580567 0.000328962 0.000190073 0.000109148 0.000106693 0.000133417 9.68018e-05 7.11987e-05 6.8829e-05 5.29357e-05 5.21995e-05 0.000194093 4.64787e-05 4.49221e-05 4.40317e-05 4.49493e-05 4.66068e-05 3.357e-05 3.21418e-05 2.93671e-05 2.75325e-05 2.73554e-05 2.24993e-05 1.99478e-05 1.53147e-05 1.51509e-05 9.28837e-06 9.2993e-06 8.79415e-06 1.40469e-05 1.08917e-05 4.05438e-06 5.07214e-07 1.08025e-07
threshold=-0.65997659677626019 -0.0028797711110650766 -242.91386443783435 0.003018869644069611 0.64930219034696657 509.63678222021457 -0.33333333333332538 20.500000000000004 17.500000000000004 0.0016116045919692958 0.52922973372295379 80.950154218723597 8.5000000000000018 -0.095578927571082148 8.5000000000000018 -95.909139292100846 3.5040983606557385 0.001668057874234852 -0.12261244650999069 -0.0012714563307694158 -1000.8333333332763 -0.10205668049988605 0.32107677450507005 -0.081860178957686699 0.052470540429746547 -0.00138985473651676 0.98524558338186818 -0.31295113465233421 0.11800808214243906 -0.49327913279132785 8525.5000000000018 -0.0010576441214898977 -0.022639277608955892 4120.5000000000009 1.7861890291556268e-13
decision_type=8 8 10 10 8 10 10 10 10 10 10 10 2 10 10 8 10 8 8 10 10 10 10 10 2 10 10 8 8 10 2 10 8 2 2
left_child=3 7 4 8 14 6 -4 -2 9 22 21 19 24 -7 18 -10 17 20 -3 -8 -17 25 -1 -22 -13 33 -24 28 32 -21 -31 -32 -25 34 -6
right_child=1 2 5 -5 10 13 11 -9 15 -11 -12 12 -14 -15 -16 16 -18 -19 -20 29 23 -23 26 27 -26 -27 -28 -29 -30 30 31 -33 -34 -35 -36
leaf_value=-1.8206836680320761e-05 4.0919178633252862e-05 -1.7902206075459495e-05 -1.2179468014486588e-06 -2.6121544457667633e-05 -3.0363617507558581e-07 -2.2802308467612197e-06 1.6356988237280017e-05 2.0816134009636896e-05 -2.0942128965263099e-07 -2.5246463804468751e-05 1.087218701389636e-05 1.369234578878979e-05 3.0758054878182279e-05 8.5785986268305719e-06 -1.2760043012389374e-06 -1.4888697688488336e-05 -8.1384651119477946e-07 -1.8275427508585018e-05 -6.1773004402856187e-06 5.1233363248879622e-06 -1.2901389699120925e-05 6.7250102486328783e-06 -6.832800732177919e-06 -4.4218091262414883e-06 5.6543242446526174e-06 -5.857876939342107e-06 -1.3923928113267825e-05 -9.5310491087068563e-06 -1.2748478467668839e-06 5.7803894094667607e-06 8.8379423137302722e-06 1.4902424458939417e-05 -8.3528158674829163e-06 1.152442906288658e-06 3.2934983972293999e-07
leaf_weight=545 521 515 760 904 643 981 859 517 666 540 653 732 767 756 732 717 604 685 544 515 642 614 866 558 616 559 524 579 570 591 633 651 580 611 535
leaf_count=545 521 515 760 904 643 981 859 517 666 540 653 732 767 756 732 717 604 685 544 515 642 614 866 558 616 559 524 579 570 591 633 651 580 611 535
internal_value=-1.29762e-07 7.20231e-06 5.34768e-06 -1.18097e-05 -9.01753e-07 9.64544e-06 1.16875e-05 3.09066e-05 -1.02076e-05 -1.48565e-05 2.3899e-06 1.35161e-05 1.75403e-05 2.44576e-06 -7.54583e-06 -8.15329e-06 -9.2253e-06 -1.03983e-05 -1.18794e-05 1.08963e-05 -8.91831e-06 5.19821e-07 -1.19569e-05 -7.45673e-06 1.00194e-05 -1.10273e-06 -9.50617e-06 -5.92822e-06 -4.70675e-06 8.9336e-06 9.98003e-06 1.19129e-05 -6.42551e-06 3.82955e-07 -1.59653e-08
internal_weight=23285 14305 13267 8980 5406 7861 6124 1038 8076 2475 3615 5364 2115 1737 1791 5601 4935 4331 1059 3249 3646 2962 1935 2929 1348 2348 1390 2287 1708 2390 1875 1284 1138 1789 1178
internal_count=23285 14305 13267 8980 5406 7861 6124 1038 8076 2475 3615 5364 2115 1737 1791 5601 4935 4331 1059 3249 3646 2962 1935 2929 1348 2348 1390 2287 1708 2390 1875 1284 1138 1789 1178
is_linear=0
shrinkage=0.0329122


Tree=18
num_leaves=33
num_cat=0
split_feature=25 36 20 36 20 24 20 25 0 17 6 20 44 18 13 13 31 15 31 0 48 9 1 48 16 31 48 24 22 20 4 48
split_gain=0.00172322 0.000546019 0.000291159 0.000200329 0.000139265 0.000131822 9.12711e-05 8.36814e-05 7.92746e-05 6.80824e-05 5.75512e-05 5.0726e-05 4.74596e-05 4.68553e-05 4.37227e-05 4.32386e-05 4.10215e-05 3.37261e-05 2.60918e-05 2.43138e-05 2.41853e-05 2.26136e-05 2.2607e-05 1.9057e-05 1.81519e-05 1.70867e-05 1.45949e-05 1.34832e-05 1.25168e-05 1.05339e-05 3.6218e-06 1.53061e-07
threshold=-0.97814289503695384 -0.0028797711110650766 0.66224991224991236 0.003018869644069611 21.954545454545457 499.99999999998948 2.7396546803652972 -0.98463930910082331 8.5000000000000018 -0.14901370644510106 -55.749999999999993 5.2967967967967979 -0.0010085731258747674 0.33981823762250479 -0.095578927571082148 -0.20149262814269495 33.500000000000007 0.034444065895665121 107.50000000000001 64.500000000000014 44.460145579332476 -0.45953381649686631 32.92760773920859 73.825953231549718 0.50405129461733245 214.50000000000003 55.532830086529337 -500.99999999998926 -0.71373297410567271 0.56487493987493997 -0.37405437560287452 16.327181003617959
decision_type=8 8 10 10 10 10 10 10 8 10 10 10 10 8 10 8 2 8 2 10 2 10 10 2 10 2 2 8 8 10 8 2
left_child=3 6 8 7 5 9 -2 11 15 14 22 16 -11 20 23 -3 -1 18 -18 24 -7 -12 31 28 27 -21 -16 -19 -4 -29 -26 -10
right_child=1 2 4 -5 -6 13 -8 -9 10 12 21 -13 -14 -15 26 -17 17 19 -20 25 -22 -23 -24 -25 30 -27 -28 29 -30 -31 -32 -33
leaf_value=-1.8647314347422214e-05 2.0053581301706429e-05 -1.4653089793547633e-05 -6.8882243262983088e-06 -2.6768002137747419e-05 2.408480640191343e-05 6.1714568080503105e-06 3.9574358258280149e-05 -2.2575723457983766e-05 -3.4939270402146455e-07 4.2086454171895149e-06 9.7801810026478213e-06 6.254902273087919e-07 1.4639684335662446e-05 2.0007112167304297e-05 3.5056240877556179e-06 -2.8630246283789091e-06 -7.3176561310700526e-06 -1.4907589418590719e-05 -1.6383130976186232e-05 -6.8584625586135106e-06 1.4366663898251166e-05 1.7740120856117839e-06 -7.8039412729660662e-06 4.011698133951932e-06 -7.5471954806772275e-06 6.5345157641817346e-07 1.0686290726247754e-05 -1.1998364021212883e-05 -6.5138966465915067e-07 -6.8554407096968572e-06 -3.759960298385797e-06 2.9063029923035572e-07
leaf_weight=525 515 577 567 847 609 727 523 530 924 895 876 545 1001 895 675 810 519 643 1020 891 842 678 545 575 566 519 562 830 905 899 530 720
leaf_count=525 515 577 567 847 609 727 523 530 924 895 876 545 1001 895 675 810 519 643 1020 891 842 678 545 575 566 519 562 830 905 899 530 720
internal_value=-1.25493e-07 6.89399e-06 5.11042e-06 -1.15456e-05 8.93777e-06 7.73097e-06 2.98894e-05 -9.93736e-06 -1.04686e-06 4.75002e-06 1.44362e-06 -9.04267e-06 9.71587e-06 1.39976e-05 1.88294e-06 -7.76792e-06 -9.80173e-06 -9.078e-06 -1.33261e-05 -7.73768e-06 1.05695e-05 6.28729e-06 -1.99485e-06 -1.06908e-06 -9.21934e-06 -4.09328e-06 6.76817e-06 -1.0838e-05 -3.05391e-06 -9.32441e-06 -5.71599e-06 -6.89515e-08
internal_weight=23285 14421 13383 8864 8253 7644 1038 8017 5130 5180 3743 7487 1896 2464 3284 1387 6942 6417 1539 4878 1569 1554 2189 2047 3468 1410 1237 2372 1472 1729 1096 1644
internal_count=23285 14421 13383 8864 8253 7644 1038 8017 5130 5180 3743 7487 1896 2464 3284 1387 6942 6417 1539 4878 1569 1554 2189 2047 3468 1410 1237 2372 1472 1729 1096 1644
is_linear=0
shrinkage=0.0329122


Tree=19
num_leaves=36
num_cat=0
split_feature=25 36 17 36 24 0 31 42 37 39 0 42 37 37 0 48 38 1 36 39 4 39 36 2 24 44 15 47 15 48 1 45 5 16 31
split_gain=0.00161563 0.000525112 0.000300789 0.000163588 0.000107669 7.61781e-05 7.29014e-05 7.23069e-05 6.36646e-05 6.34603e-05 5.28394e-05 5.27204e-05 4.65769e-05 4.16915e-05 3.68247e-05 5.18139e-05 3.26281e-05 2.59193e-05 2.56103e-05 2.39099e-05 2.33204e-05 2.29758e-05 2.29096e-05 1.52052e-05 1.50407e-05 1.40115e-05 1.26944e-05 1.26674e-05 1.18367e-05 1.16982e-05 1.01165e-05 6.65792e-06 5.45756e-06 4.39523e-06 6.0012e-07
threshold=-0.49999999999997324 -0.0028797711110650766 -0.1747009341319333 0.003018869644069611 499.99999999997152 17.500000000000004 30.500000000000004 -0.0033670033670032957 0.0016116045919692958 -0.0012143295308426614 8.5000000000000018 -1.0000000180025095e-35 0.0013486182800979132 -0.0015003759381570501 156.50000000000003 63.650165968497056 0.0016764471125200189 40.936421516564586 0.0010598837104803807 0.0018957363003851981 -0.16777194458435493 -0.0013633271501908848 -0.0010432971018436985 0.052470540429746547 -1000.8333333332763 0.0012172859043774189 0.053726586387406162 47.619047619025146 0.16313710150889951 32.559072343184745 78.987973841467493 0.0010655304036639726 0.055824331766133765 0.52600374453921372 120.50000000000001
decision_type=8 8 10 10 10 10 2 10 10 8 8 10 8 10 10 2 8 10 10 8 8 10 10 2 8 8 10 10 8 2 10 8 2 8 2
left_child=3 -2 4 5 9 8 -4 -8 20 -3 11 -11 27 23 16 -16 18 33 24 -18 26 -15 -23 -9 -7 -19 -1 -13 30 -24 32 -20 -26 -12 -35
right_child=1 2 6 -5 -6 14 7 13 -10 10 17 12 -14 21 15 -17 19 25 31 -21 -22 22 29 -25 28 -27 -28 -29 -30 -31 -32 -33 -34 34 -36
leaf_value=-1.8036615992250827e-05 2.9879406481284182e-05 9.0301745585640687e-06 4.100586038027272e-08 -2.3627255651881174e-05 1.1437279192007184e-05 -1.0412911353779121e-05 2.3865650109125478e-05 2.0857325419768342e-05 -2.3865986238985965e-05 2.7125366494602778e-06 -3.6182540468674813e-06 -1.9196640853614773e-06 -1.6365578982581835e-05 1.4705110294378112e-05 -9.3613882053889526e-06 4.7447803154814566e-06 -1.8192440627317637e-05 1.2590700442371941e-06 -1.3934682951173645e-05 -8.3193760575147464e-06 -7.2364822355194897e-06 1.20300348851132e-05 1.9696162247572565e-06 1.3006656901239901e-05 -1.964010632629189e-06 8.7067622270330873e-06 -1.0817755648241955e-05 -8.6728411404587623e-06 -5.5851518882503091e-07 7.76816917190844e-06 -9.3455328566045616e-06 -8.7509364697688649e-06 -6.4090642073414911e-06 -7.6854800305383391e-07 4.7296597403275438e-07
leaf_weight=530 1021 678 553 919 940 523 552 515 542 649 519 720 535 657 521 615 548 515 524 516 903 874 643 556 658 584 526 517 676 911 558 551 549 853 834
leaf_count=530 1021 678 553 919 940 523 552 515 542 649 519 720 535 657 521 615 548 515 524 516 903 874 643 556 658 584 526 517 676 911 558 551 549 853 834
internal_value=-1.21363e-07 7.17775e-06 5.3389e-06 -1.04183e-05 1.03575e-06 -9.02934e-06 1.13458e-05 1.26736e-05 -1.38825e-05 -4.9099e-07 -1.61841e-06 -5.31243e-06 -8.25173e-06 1.1187e-05 -7.08384e-06 -1.72448e-06 -8.27686e-06 1.0875e-06 -6.926e-06 -1.34046e-05 -1.11202e-05 9.24456e-06 7.76688e-06 1.67819e-05 -5.34755e-06 5.21692e-06 -1.44411e-05 -4.74232e-06 -4.26217e-06 5.36904e-06 -5.68054e-06 -1.12779e-05 -3.98602e-06 -9.69625e-07 -1.54647e-07
internal_weight=23285 13626 12605 9659 7344 8740 5261 4708 2501 6404 5726 2421 1772 4156 6239 1136 5103 3305 4039 1064 1959 3085 2428 1071 2964 1099 1056 1237 2441 1554 1765 1075 1207 2206 1687
internal_count=23285 13626 12605 9659 7344 8740 5261 4708 2501 6404 5726 2421 1772 4156 6239 1136 5103 3305 4039 1064 1959 3085 2428 1071 2964 1099 1056 1237 2441 1554 1765 1075 1207 2206 1687
is_linear=0
shrinkage=0.0329122


Tree=20
num_leaves=35
num_cat=0
split_feature=25 37 27 36 36 0 27 20 25 25 39 13 27 38 20 36 20 4 0 0 10 24 44 19 18 16 19 43 26 18 2 17 19 29
split_gain=0.00151771 0.000470662 0.000284116 0.000190391 0.000112874 8.94301e-05 8.56439e-05 8.30571e-05 7.25791e-05 5.29531e-05 5.22764e-05 4.69041e-05 4.5693e-05 4.22901e-05 3.98363e-05 3.87524e-05 3.37384e-05 3.2688e-05 2.67647e-05 2.18281e-05 2.0183e-05 2.00834e-05 1.88203e-05 1.78304e-05 1.73216e-05 1.32439e-05 9.82415e-06 1.87988e-05 9.71463e-06 9.67921e-06 7.44827e-06 5.2571e-06 1.56418e-06 4.5128e-07
threshold=-0.50000000000002653 -0.0034188134087615447 -1358.1887546423307 0.003018869644069611 -0.0028797711110650766 17.500000000000004 643.63181348957937 0.96166095051445388 -0.33333333333332538 -0.991603736008555 0.0013504395083342449 -0.14168900569975548 -95.909139292100846 -0.0012368588527579825 3.5040983606557385 0.001668057874234852 2.8698475437605877 -0.14575123831728373 63.500000000000007 22.500000000000004 -1.3580827067669168 -1000.9999999999962 -0.0012277475467659669 -0.081860178957686699 -0.0048704318236457824 0.49047615592256122 0.012389825995320793 -0.0012602399458740419 0.00065367047061937157 -0.25209120969807414 -0.016633530717213723 -0.30317946074067731 3.1869664671291393 6.5000000000000009
decision_type=8 8 10 10 10 10 10 10 8 10 10 10 8 10 10 8 10 8 10 10 10 10 10 10 8 10 8 10 10 10 2 8 8 2
left_child=3 -2 7 5 -4 9 8 10 -6 17 22 -8 -7 -9 15 21 18 24 26 -18 -20 -14 32 -23 -1 30 -10 -28 -21 -29 -25 -27 -3 -34
right_child=1 2 4 -5 6 12 11 13 16 -11 -12 -13 14 -15 -16 -17 19 -19 20 28 -22 23 -24 25 -26 31 27 29 -30 -31 -32 -33 33 -35
leaf_value=-1.0348693030990214e-05 3.102016513717934e-05 1.584360156305793e-06 2.4058298739474377e-05 -2.4565098465301504e-05 -1.5423535197607335e-06 1.2106376909453788e-06 -6.0947159066804573e-06 1.1164483043750615e-05 8.0400529836224766e-06 -2.2142578260963895e-05 -1.3098438706598121e-05 5.7087381875113172e-06 -1.2826252123100526e-05 2.8308617243674561e-07 -2.5394865165951234e-07 -1.5973522821007913e-05 1.9774633614750512e-05 -5.5620513487400008e-06 5.9460605679979544e-07 9.2559728514874572e-06 9.531687736587315e-06 -1.0904303160386745e-05 -5.4833491913987754e-06 -4.8153846758443784e-06 -1.8540982099876109e-05 -4.7094493410989643e-06 1.7885062230187158e-05 7.1319650497201942e-06 1.5204970553170991e-05 1.32132609958347e-05 -9.6332295038857893e-06 -1.3591675668126029e-07 1.9452886216412778e-08 -1.1380780870798047e-06
leaf_weight=535 824 519 522 913 530 721 573 762 705 642 524 1003 633 786 689 683 636 699 547 597 548 738 1012 701 586 530 517 542 593 595 690 560 785 681
leaf_count=535 824 519 522 913 530 721 573 762 705 642 524 1003 633 786 689 683 636 699 547 597 548 738 1012 701 586 530 517 542 593 595 690 560 785 681
internal_value=-2.94648e-08 6.90001e-06 5.36843e-06 -1.02906e-05 9.26736e-06 -8.74037e-06 8.22199e-06 -7.14127e-07 1.00678e-05 -1.40153e-05 -3.50759e-06 1.41711e-06 -6.55583e-06 5.63958e-06 -7.62778e-06 -8.74803e-06 1.12333e-05 -1.11483e-05 9.32021e-06 1.48519e-05 5.06744e-06 -7.46682e-06 -1.83063e-06 -6.41284e-06 -1.46314e-05 -5.07671e-06 1.12942e-05 1.2681e-05 1.22207e-05 1.03146e-05 -7.20542e-06 -2.35995e-06 3.14974e-08 -5.18098e-07
internal_weight=23121 13801 12977 9320 7908 8407 7386 5069 5810 2462 3521 1576 5945 1548 5224 4535 5280 1820 3454 1826 1095 3852 2997 3219 1121 2481 2359 1654 1190 1137 1391 1090 1985 1466
internal_count=23121 13801 12977 9320 7908 8407 7386 5069 5810 2462 3521 1576 5945 1548 5224 4535 5280 1820 3454 1826 1095 3852 2997 3219 1121 2481 2359 1654 1190 1137 1391 1090 1985 1466
is_linear=0
shrinkage=0.0329122


Tree=21
num_leaves=33
num_cat=0
split_feature=28 20 26 36 36 28 20 13 41 36 0 39 26 20 15 47 31 13 26 15 9 29 1 13 19 22 0 20 13 45 20 29
split_gain=0.000956372 0.000511092 0.000231331 0.000222602 0.00020063 9.55249e-05 9.47e-05 8.01656e-05 6.83612e-05 6.62587e-05 5.14709e-05 4.98121e-05 4.70635e-05 4.03617e-05 3.85635e-05 3.80648e-05 3.68465e-05 3.53367e-05 2.90471e-05 2.52262e-05 2.28973e-05 2.2804e-05 3.76945e-05 2.10813e-05 1.95896e-05 1.38084e-05 1.29697e-05 1.14172e-05 1.07848e-05 6.86763e-06 5.62783e-06 2.02943e-06
threshold=-0.74887743160838305 1.0929033804842965 -0.001770573433463456 -0.0028797711110650766 0.003018869644069611 0.98039215686274483 13.457516339869283 -0.20149262814269495 -0.0016447368421052542 0.0016220610831632067 36.500000000000007 -0.0013504395083342444 -0.0044918220889194867 4.2240143369175636 0.06478964184879972 111.11111111124224 62.500000000000007 -0.073743541346097313 -0.0034732241206969065 0.086872077128731143 -0.53240842440551372 7.5000000000000009 114.34045408155355 -0.10842150531620225 -0.22970543393329021 -0.87450186552353726 34.500000000000007 0.37163305769137783 -0.036184702808358567 -0.0031331601232976176 1.652699859747546 11.500000000000002
decision_type=8 8 10 8 10 10 10 10 10 10 10 8 8 10 10 8 2 10 8 10 8 2 10 10 10 10 10 10 10 10 10 2
left_child=3 4 6 -1 5 7 9 10 -4 11 21 -3 27 16 -12 19 -5 -10 24 -7 -14 -2 -23 29 -13 -18 -19 -9 -22 31 -26 -20
right_child=1 2 8 13 -6 15 -8 12 17 -11 14 18 20 -15 -16 -17 25 26 23 -21 28 22 -24 -25 30 -27 -28 -29 -30 -31 -32 -33
leaf_value=3.3316083209064751e-05 -7.0704013181570162e-06 8.3154496508409779e-06 1.98505252586105e-05 1.668437902360835e-06 -2.3790506513126828e-05 -1.9146479552740213e-05 1.2818381844893068e-05 -1.0486117400884217e-05 1.4902715583202631e-06 -1.1513203875997168e-05 -9.3441938867894875e-06 -8.5441514462341001e-06 5.0321330419217823e-06 1.7772425607902327e-05 7.4491904698238543e-07 -5.7759461242518856e-06 8.5911317358028672e-06 1.5134231430221395e-05 1.1204136484543655e-06 -1.0090229140803352e-05 -3.9231528791223698e-06 -9.4303237112788088e-06 -2.043279031829296e-05 5.8198875187283566e-06 -4.7133259370936249e-06 1.4353234994864948e-05 7.8495604738083797e-06 -3.8302697101575498e-06 1.7024846836808894e-06 -4.2048508278338758e-06 -3.2671701003040648e-07 -1.2027329533267378e-06
leaf_weight=610 735 624 726 522 810 928 535 542 616 655 772 795 967 844 876 558 864 517 943 520 844 769 601 653 516 942 543 576 656 524 821 717
leaf_count=610 735 624 726 522 810 928 535 542 616 655 772 795 967 844 876 558 864 517 943 520 844 769 601 653 516 942 543 576 656 524 821 717
internal_value=-2.8495e-08 -2.98863e-06 2.63694e-06 1.51079e-05 -8.07737e-06 -6.71523e-06 -4.71234e-07 -4.97528e-06 1.14142e-05 -1.60923e-06 -8.33744e-06 -4.49323e-07 -1.45549e-06 1.16062e-05 -3.98115e-06 -1.30799e-05 9.37065e-06 7.75965e-06 -1.55004e-06 -1.58944e-05 1.083e-06 -1.17479e-05 -1.42571e-05 6.31303e-07 -4.4528e-06 1.15967e-05 1.14028e-05 -7.05719e-06 -1.46272e-06 -9.19941e-07 -2.01985e-06 1.16844e-07
internal_weight=23121 19339 9185 3782 10154 9344 6783 7338 2402 6248 3753 5593 3585 3172 1648 2006 2328 1676 4969 1448 2467 2105 1370 2837 2132 1806 1060 1118 1500 2184 1337 1660
internal_count=23121 19339 9185 3782 10154 9344 6783 7338 2402 6248 3753 5593 3585 3172 1648 2006 2328 1676 4969 1448 2467 2105 1370 2837 2132 1806 1060 1118 1500 2184 1337 1660
is_linear=0
shrinkage=0.0329122


Tree=22
num_leaves=36
num_cat=0
split_feature=25 37 24 25 20 0 28 13 26 0 13 37 39 31 0 20 0 6 4 20 41 1 29 38 44 39 16 9 20 13 12 11 13 1 10
split_gain=0.00134643 0.000411804 0.000236518 0.000210582 0.000141072 6.82383e-05 6.35822e-05 6.52604e-05 6.32224e-05 6.22724e-05 6.67926e-05 5.46012e-05 5.40173e-05 4.86841e-05 3.95965e-05 3.08541e-05 2.81147e-05 2.57707e-05 2.45821e-05 1.97732e-05 1.79788e-05 1.683e-05 2.01365e-05 1.50823e-05 1.39326e-05 1.31738e-05 1.09553e-05 1.09547e-05 1.05859e-05 1.03239e-05 9.63408e-06 8.74812e-06 8.25699e-06 4.40676e-06 1.41334e-06
threshold=-0.96124142283420644 -0.0034188134087615447 499.74999999993616 -0.98473307571521806 2.3680340557275543 33.500000000000007 -0.74887743160838305 -0.060422470604487404 0.0017092261871841923 7.5000000000000009 -0.20390022839816477 0.001668057874234852 -0.0030030030030029349 133.50000000000003 21.500000000000004 11.804761904761905 169.50000000000003 -12.749999999999998 -0.1432886691436763 0.73367613239967966 0.0016597521804047057 47.803365053036153 8.5000000000000018 -0.0014265364265364509 0.001046572761725262 -0.0010095913728607739 0.46243842364532023 -0.37744144350347136 0.7134781504065042 -0.071479714798121929 -0.46942670197850128 -0.61914724048615255 -0.045070172021198701 79.137849325305254 -1.4313909774436087
decision_type=8 8 10 10 10 10 8 10 10 8 8 10 10 2 10 10 10 10 8 10 8 10 2 10 10 8 10 8 10 10 8 10 8 10 10
left_child=3 -2 4 5 6 11 -3 9 15 10 -8 18 -4 -5 -9 25 19 -14 21 20 30 -1 -23 -19 26 -6 34 -27 -12 -21 -7 -25 -20 -33 -11
right_child=1 2 12 13 8 16 7 14 -10 24 28 -13 17 -15 -16 -17 -18 23 32 29 -22 22 -24 31 -26 27 -28 -29 -30 -31 -32 33 -34 -35 -36
leaf_value=-7.0330831640723993e-06 2.8548827264299434e-05 8.6800938139691781e-06 2.1693521077577741e-05 -1.6868860402811527e-05 8.03953745462584e-06 -9.5248945312333921e-06 -1.5743101063569024e-05 1.0619845314714439e-05 1.8870171318574938e-05 -4.8847991664448382e-07 -6.0221763378367141e-06 -1.9087607278863754e-05 4.9215358691400719e-06 -3.1146510223594544e-05 -3.346832015809467e-07 1.2952274168195192e-05 6.0676804864795002e-07 1.594213455454062e-05 -2.9410443451332189e-06 -1.4592466370509205e-06 -1.342991035776337e-05 -1.0136549096498567e-05 -1.8340067878987472e-05 6.9925150730105942e-06 4.2317677956514243e-06 4.9702117197849608e-06 -4.4002350751857299e-06 -1.7951016130637712e-06 4.0402049578782268e-07 -7.2753735586837519e-06 -3.7878549924756149e-06 1.0078483229320163e-05 -8.5605477312257547e-06 1.4110402645532952e-05 1.6038344849185485e-06
leaf_weight=588 844 759 520 516 516 608 729 667 524 999 576 790 751 519 770 528 729 708 610 896 604 740 577 592 589 521 857 516 536 524 663 654 529 534 538
leaf_count=588 844 759 520 516 516 608 729 667 524 999 576 790 751 519 770 528 729 708 610 896 604 740 577 592 589 521 857 516 536 524 663 654 529 534 538
internal_value=-2.75572e-08 6.25152e-06 4.84542e-06 -1.00735e-05 2.11119e-06 -8.23545e-06 -3.16012e-07 -1.40662e-06 8.65214e-06 -3.24058e-06 -8.00051e-06 -1.13776e-05 1.18464e-05 -2.40286e-05 4.74983e-06 6.07912e-06 -5.24162e-06 1.02655e-05 -9.37654e-06 -6.53561e-06 -8.75446e-06 -1.16636e-05 -1.37308e-05 1.18784e-05 -3.02846e-07 3.74218e-06 -1.4186e-06 1.60364e-06 -2.92445e-06 -3.60564e-06 -6.53243e-06 1.0262e-05 -5.55118e-06 1.1891e-05 2.43749e-07
internal_weight=23121 14228 13384 8893 9625 7858 7020 6261 2605 4824 1841 3834 3759 1035 1437 2081 4024 3239 3044 3295 1875 1905 1317 2488 2983 1553 2394 1037 1112 1420 1271 1780 1139 1188 1537
internal_count=23121 14228 13384 8893 9625 7858 7020 6261 2605 4824 1841 3834 3759 1035 1437 2081 4024 3239 3044 3295 1875 1905 1317 2488 2983 1553 2394 1037 1112 1420 1271 1780 1139 1188 1537
is_linear=0
shrinkage=0.0329122


Tree=23
num_leaves=36
num_cat=0
split_feature=25 37 36 27 36 0 27 44 20 25 27 0 24 43 20 36 20 47 20 39 24 47 7 7 47 20 9 12 12 26 44 16 9 20 10
split_gain=0.00125987 0.000397789 0.000234154 0.000166294 0.00016194 7.73254e-05 7.52728e-05 6.69706e-05 5.57835e-05 4.64942e-05 4.30619e-05 3.81524e-05 3.51495e-05 3.47105e-05 3.39919e-05 4.01424e-05 2.90255e-05 2.34016e-05 2.31394e-05 2.29976e-05 2.07795e-05 2.02227e-05 1.31978e-05 1.30698e-05 1.28672e-05 1.54553e-05 1.0477e-05 8.8297e-06 8.8905e-06 8.26478e-06 8.10304e-06 6.93709e-06 4.29615e-06 2.14154e-06 1.89369e-07
threshold=-0.50000000000002653 -0.0034188134087615447 -0.0013559328266281032 -1358.1887546423307 0.003018869644069611 17.500000000000004 643.63181348957937 0.0017226541634518535 5.1443452380952399 -0.991603736008555 -95.909139292100846 47.500000000000007 1250.5000000000357 -0.0012507822277847966 1.18956442831216 0.001668057874234852 0.51038074712643688 -39.999999999986578 0.47292059501361833 -0.0013995808113455019 -1000.250000000014 47.619047619067445 0.50411913266937014 0.68288367546021289 -94.098494098497184 0.48954691142191148 -0.33475532108422773 -0.40636927480916024 -0.75320659224205644 -0.0059325931323434842 -1.0000000180025095e-35 0.51149442160892555 -0.62089170258620674 15.468750000000004 -1.4934210526315785
decision_type=8 8 8 10 10 10 10 10 10 10 8 10 8 8 10 8 8 8 10 8 10 10 8 10 10 10 10 8 10 8 10 10 10 8 10
left_child=4 -2 8 7 5 9 12 13 11 18 -7 19 24 -4 15 20 -15 -8 -1 -3 -12 23 27 -16 -5 -26 30 28 -22 -20 -27 33 -32 -18 -35
right_child=1 2 3 6 -6 10 17 -9 -10 -11 14 -13 -14 16 21 -17 31 -19 29 -21 22 -23 -24 -25 25 26 -28 -29 -30 -31 32 -33 -34 34 -36
leaf_value=-1.4837104641289247e-05 2.8461232899897888e-05 1.9464841966445808e-05 7.7195548681931336e-06 2.6554524740020392e-06 -2.2540451806470238e-05 1.6250019062635014e-06 4.5855459751166025e-06 -1.1255899208774327e-05 2.2935140924539582e-05 -2.0466378873756733e-05 -1.312051942800702e-05 4.2942025370013956e-06 1.417892562243782e-05 -7.1437177194455193e-06 -2.04472160342653e-06 -1.7210636844780574e-05 -2.1588668090107683e-06 -3.9458564908457244e-06 -1.0110697083565052e-05 1.0284448707983398e-05 -3.3254028585043517e-06 1.7980654801160439e-06 -1.0216605050241466e-05 -9.0438699096032458e-06 3.3660604953657961e-06 7.1918198503537423e-06 5.8232164782854114e-06 -1.7477976969625392e-06 -9.280128041422455e-06 -4.4437345816860555e-06 1.0211728848609205e-05 3.5169737363156294e-06 1.428474511024876e-05 4.869240104766245e-07 -2.6863705850659555e-07
leaf_weight=704 824 566 520 608 913 721 621 699 600 642 549 568 936 747 551 526 691 793 546 619 515 583 608 608 640 523 722 709 575 570 590 542 536 645 811
leaf_count=704 824 566 520 608 913 721 621 699 600 642 549 568 936 747 551 526 691 793 546 619 515 583 608 608 640 523 722 709 575 570 590 542 536 645 811
internal_value=-2.66505e-08 6.28681e-06 4.87879e-06 2.79817e-06 -9.37562e-06 -7.94589e-06 6.43448e-06 -1.86454e-06 1.42729e-05 -1.28509e-05 -5.91456e-06 1.13079e-05 8.49371e-06 -2.0509e-07 -6.95519e-06 -8.83304e-06 -1.40446e-06 -1.98877e-07 -1.01644e-05 1.46695e-05 -7.34223e-06 -3.20152e-06 -6.02419e-06 -5.7166e-06 7.02326e-06 7.90515e-06 9.13029e-06 -4.60717e-06 -6.46687e-06 -7.21649e-06 1.05781e-05 1.89809e-07 1.21508e-05 -6.50012e-07 6.59153e-08
internal_weight=23121 13801 12977 10624 9320 8407 5969 4655 2353 2462 5945 1753 4555 3956 5224 3482 3436 1414 1820 1185 2956 1742 2407 1159 3619 3011 2371 1799 1090 1116 1649 2689 1126 2147 1456
internal_count=23121 13801 12977 10624 9320 8407 5969 4655 2353 2462 5945 1753 4555 3956 5224 3482 3436 1414 1820 1185 2956 1742 2407 1159 3619 3011 2371 1799 1090 1116 1649 2689 1126 2147 1456
is_linear=0
shrinkage=0.0329122


Tree=24
num_leaves=36
num_cat=0
split_feature=25 36 27 25 0 25 27 44 0 0 37 13 37 31 38 0 13 4 44 39 36 45 1 29 23 27 13 15 13 18 29 4 13 30 29
split_gain=0.00118008 0.000362839 0.000200063 0.000188419 7.92257e-05 7.80457e-05 9.08276e-05 6.76263e-05 6.09613e-05 5.57863e-05 6.32215e-05 5.54382e-05 4.96536e-05 4.56975e-05 4.27846e-05 2.63853e-05 2.4132e-05 2.26764e-05 2.09827e-05 1.86968e-05 1.75245e-05 1.5807e-05 1.5377e-05 1.84464e-05 1.51791e-05 1.88169e-05 1.2925e-05 1.07565e-05 9.32332e-06 9.83041e-06 9.69419e-06 8.53892e-06 7.65298e-06 1.98521e-06 3.45491e-06
threshold=-0.96124142283420644 -0.0028797711110650766 -1358.1887546423307 -0.98473307571521806 19.500000000000004 -0.33333333333332538 839.5144605788222 0.0018957363003851981 33.500000000000007 62.500000000000007 -0.0018885758105360859 -0.088515619462625608 0.001668057874234852 133.50000000000003 -0.001244555553490345 169.50000000000003 -0.20149262814269495 -0.1432886691436763 -0.0016680578742348515 -0.0017969466437621759 0.0010085731258747679 0.0015048917474408399 47.803365053036153 8.5000000000000018 -1.2499999999999998 -1.7976931348623157e+308 -0.14697853933112567 0.1297116763672411 -0.42124269875997228 -0.06238234475492082 8.5000000000000018 -0.27767402664099283 -0.088515619462625608 15.500000000000002 9.5000000000000018
decision_type=8 8 10 10 10 10 10 10 10 10 10 10 10 2 8 10 8 8 10 10 10 8 10 2 10 8 10 8 10 8 2 8 8 2 2
left_child=3 4 7 8 -2 -4 9 14 12 10 -7 -8 17 -5 -3 20 -16 22 -11 -12 21 27 -1 -24 33 -26 -22 -10 -21 -30 -31 -20 -19 34 -18
right_child=1 2 5 13 -6 6 11 -9 15 18 19 -13 -14 -15 16 -17 24 32 31 28 26 -23 23 -25 25 -27 -28 -29 29 30 -32 -33 -34 -35 -36
leaf_value=-6.5241670740285864e-06 3.3716314854147983e-05 9.4549675118037797e-06 -1.5184038942502013e-06 -1.5694364424879243e-05 1.552967635015543e-05 2.2667040106429776e-05 -3.2823185109582131e-06 -1.0441755837811319e-05 -4.5020091614551633e-06 2.4408759564322948e-07 1.6631971908691223e-05 9.3005870960930704e-06 -1.801433924927516e-05 -2.9527146222148708e-05 -5.6319720839933698e-06 8.0332082076687772e-07 -1.866927009718495e-06 -2.222571161033318e-06 5.3862536959534726e-06 6.2751929143210788e-06 -6.2487971530978767e-06 -8.3455886294045763e-06 -9.4861258295689157e-06 -1.7337851024663493e-05 -9.620031401361036e-07 7.1995440394075131e-06 -1.3063144341171319e-05 1.4868182360629601e-06 8.3495057184490503e-06 9.722382082726614e-06 1.5500142671802602e-05 1.1006140964233573e-05 -7.6277343769996048e-06 -2.3542078312102755e-06 1.7718377554388386e-06
leaf_weight=588 517 538 903 516 521 604 944 673 860 523 549 634 790 519 778 729 603 537 591 581 688 688 740 577 540 706 537 522 905 583 684 581 602 738 532
leaf_count=588 517 538 903 516 521 604 944 673 860 523 549 634 790 519 778 729 603 537 591 581 688 688 740 577 540 706 537 522 905 583 684 581 602 738 532
internal_value=-2.57731e-08 5.85263e-06 4.3782e-06 -9.43072e-06 2.45882e-05 7.60063e-06 8.74769e-06 -7.20356e-07 -7.69204e-06 1.07127e-05 1.28765e-05 1.77303e-06 -1.06619e-05 -2.2631e-05 7.5479e-07 -4.86234e-06 -4.46254e-07 -8.75368e-06 5.72623e-06 1.10855e-05 -6.11591e-06 -4.26926e-06 -1.09503e-05 -1.29263e-05 8.47193e-07 3.66225e-06 -9.23617e-06 -2.23978e-06 9.97934e-06 1.09701e-05 1.28417e-05 8.17242e-06 -5.07958e-06 -1.02538e-06 -1.61155e-07
internal_weight=23121 14228 13190 8893 1038 8082 7179 5108 7858 5601 3906 1578 3834 1035 4435 4024 3897 3044 1695 3302 3295 2070 1905 1317 3119 1246 1225 1382 2753 2172 1267 1172 1139 1873 1135
internal_count=23121 14228 13190 8893 1038 8082 7179 5108 7858 5601 3906 1578 3834 1035 4435 4024 3897 3044 1695 3302 3295 2070 1905 1317 3119 1246 1225 1382 2753 2172 1267 1172 1139 1873 1135
is_linear=0
shrinkage=0.0329122


Tree=25
num_leaves=35
num_cat=0
split_feature=25 36 20 25 27 20 20 19 31 36 40 30 9 16 16 39 23 20 13 26 42 20 48 31 12 20 1 16 24 13 20 19 31 48
split_gain=0.00110814 0.000414416 0.000230656 0.000150115 0.000117307 0.00011354 9.38837e-05 6.77774e-05 6.43343e-05 5.50017e-05 5.43359e-05 4.81494e-05 4.26943e-05 3.89808e-05 3.47809e-05 3.39614e-05 3.0943e-05 2.76068e-05 2.50891e-05 2.45683e-05 2.28546e-05 2.06687e-05 1.98829e-05 1.69282e-05 1.50746e-05 1.33672e-05 1.56416e-05 1.50678e-05 7.79629e-06 7.47779e-06 6.86884e-06 5.8756e-06 1.70907e-06 8.98942e-07
threshold=-0.7888914849516514 -0.0028797711110650766 2.2594997594997599 -0.98473307571521806 -286.70334981903574 24.527777777777782 2.8030477949665209 -0.014141953024928709 31.500000000000004 0.001668057874234852 0.0016220610831632067 15.500000000000002 -0.61567436892112204 0.075265217839118354 0.15854043720388997 -0.0013468019575335608 1.0000000180025095e-35 3.5961179544606199 -0.19401323239990056 -0.0015311656709924113 0.0030303030303030502 0.46460669689016149 39.296993654629112 240.50000000000003 -0.44141442207112963 0.55665240225637047 114.35910571283291 0.44078947368421056 499.99999999998948 -0.085866273057533776 0.7134781504065042 -0.085036868572919019 121.50000000000001 5.453170862421497
decision_type=8 8 10 10 10 10 10 10 2 10 10 2 10 10 10 8 10 10 8 10 8 10 2 2 10 10 10 10 10 10 8 10 2 2
left_child=3 6 4 9 10 8 -2 12 -4 17 16 15 -6 -5 -11 -10 18 20 -3 -17 23 -9 -23 25 -14 26 27 -1 -24 31 -20 -27 -32 -34
right_child=1 2 5 13 7 -7 -8 21 11 14 -12 -13 24 -15 -16 19 -18 -19 30 -21 -22 22 28 -25 -26 29 -28 -29 -30 -31 32 -33 33 -35
leaf_value=-1.0659177694115262e-05 1.574991994915283e-05 -8.1984798168679055e-06 -2.3163706133792395e-06 -1.4419698502531134e-05 6.9672775586242373e-06 2.4319137317992632e-05 3.5501332607801772e-05 4.4205754658457089e-06 1.3762301273331623e-05 -7.0072681945403539e-06 -1.2042880964144425e-05 1.6922631924893057e-05 -7.1161061772814015e-06 -2.7057373084985579e-05 -1.7378576889811537e-05 1.3536454350106392e-06 5.9769176697158724e-06 1.9416231164115821e-07 -3.7418922868199417e-06 9.6013797810592943e-06 -1.205551626130711e-05 5.6619157629120861e-06 1.0233836697970729e-05 -1.1141183107917928e-06 2.9727766260491325e-07 -5.8652709541828887e-06 -1.2888531613990058e-05 -3.6639237426562249e-06 1.5679250642227154e-05 -7.3936653551988298e-06 9.8223634806938918e-07 -1.5320247531225036e-06 -1.8781531042325544e-06 5.304922607320655e-08
leaf_weight=591 515 639 516 537 632 564 528 990 702 586 565 848 629 521 871 870 568 671 713 711 791 629 571 658 563 625 660 766 569 889 1000 741 527 517
leaf_count=591 515 639 516 537 632 564 528 990 702 586 565 848 629 521 871 870 568 671 713 711 791 629 571 658 563 625 660 766 569 889 1000 741 527 517
internal_value=1.15351e-07 5.77026e-06 4.2062e-06 -9.00537e-06 1.26227e-06 1.05764e-05 2.57489e-05 4.97454e-06 8.45105e-06 -7.43663e-06 -2.49421e-06 1.02256e-05 5.18947e-08 -2.06432e-05 -1.32074e-05 7.738e-06 -1.13315e-06 -6.12119e-06 -2.32242e-06 5.06292e-06 -6.86194e-06 8.22886e-06 1.036e-05 -6.02861e-06 -3.61446e-06 -6.78551e-06 -8.73229e-06 -6.71066e-06 1.2952e-05 -5.0441e-06 -9.60415e-07 -3.51483e-06 9.72412e-09 -9.21582e-07
internal_weight=23273 14366 13323 8907 9112 4211 1043 4583 3647 7849 4529 3131 1824 1058 1457 2283 3964 6392 3396 1581 5721 2759 1769 4930 1192 4272 2017 1357 1140 2255 2757 1366 2044 1044
internal_count=23273 14366 13323 8907 9112 4211 1043 4583 3647 7849 4529 3131 1824 1058 1457 2283 3964 6392 3396 1581 5721 2759 1769 4930 1192 4272 2017 1357 1140 2255 2757 1366 2044 1044
is_linear=0
shrinkage=0.0329122


Tree=26
num_leaves=35
num_cat=0
split_feature=25 36 20 25 27 20 20 19 36 37 44 9 4 9 24 0 23 20 4 9 26 20 48 12 10 20 5 7 1 17 48 1 55 10
split_gain=0.0010364 0.000387587 0.000215723 0.000140396 0.000109712 0.000106189 8.78052e-05 6.33894e-05 5.14407e-05 5.06854e-05 4.36103e-05 3.99302e-05 3.79671e-05 3.78872e-05 2.99981e-05 2.95717e-05 2.22315e-05 2.30818e-05 2.16169e-05 2.08354e-05 1.97608e-05 1.93305e-05 1.85956e-05 1.40987e-05 1.35699e-05 1.16431e-05 9.78303e-06 8.88551e-06 8.34812e-06 7.59047e-06 7.09623e-06 2.51329e-06 1.37341e-06 1.12707e-07
threshold=-0.7888914849516514 -0.0028797711110650766 2.2594997594997599 -0.98473307571521806 -286.70334981903574 24.527777777777782 2.8030477949665209 -0.014141953024928709 0.001668057874234852 -0.0016447368421052542 0.0018957363003851981 -0.61567436892112204 -0.16536233580059093 -0.63079150579150567 999.99999999996101 15.500000000000002 1.0000000180025095e-35 0.67380826696656049 -0.26263860039203063 -0.19075058662785513 -0.00035216744950910709 0.46460669689016149 39.296993654629112 -0.44141442207112963 -1.4313909774436087 0.80038314176245218 -0.0055155921615781195 0.46265933663221775 47.803365053036153 -0.14535064710657966 58.693483412089698 624.01689976689988 261.00000000000006 -1.4389097744360899
decision_type=8 8 10 10 10 10 10 10 10 8 10 10 8 10 10 10 10 8 8 8 10 10 2 10 10 10 2 10 10 10 2 8 2 10
left_child=3 6 4 8 10 9 -2 11 15 -4 16 -6 -10 -5 20 18 17 -3 -1 25 24 -9 -23 -13 -11 26 30 -27 -28 -24 -17 -19 -33 -34
right_child=1 2 5 13 7 -7 -8 21 12 14 -12 23 -14 -15 -16 19 -18 31 -20 -21 -22 22 29 -25 -26 27 28 -29 -30 -31 -32 32 33 -35
leaf_value=-1.3709063566672864e-05 1.5231556004875132e-05 -6.179355842469165e-06 1.5343465854443873e-05 -1.3781639109484247e-05 6.737969585927229e-06 2.3518742152597706e-05 3.4332907321469187e-05 4.2750848280003663e-06 -1.700737355623898e-05 5.6142674432992122e-06 -1.0156231776967338e-05 -6.8818998351194694e-06 -6.106186118720099e-06 -2.6239705450642632e-05 1.3024984906207488e-05 -5.2591537575497052e-06 5.0296251827364335e-06 1.5725903167628531e-06 -6.2678973523423346e-06 -9.5016573989209068e-06 8.7655959411565452e-06 5.475569893368636e-06 9.5920128224692545e-06 2.8749345977873138e-07 -6.1965037456154859e-07 2.1465172941665512e-06 -4.5180488345065271e-06 -3.1420681513448815e-06 -9.8888579662193668e-06 1.4985837769802109e-05 2.0867475303504955e-08 3.4345932991903507e-07 -1.2835769064014389e-06 -1.9658152686654776e-06
leaf_weight=771 515 1029 826 533 632 564 528 990 891 702 671 629 566 525 543 588 555 608 937 774 756 629 520 563 820 518 672 1025 588 620 519 610 539 517
leaf_count=771 515 1029 826 533 632 564 528 990 891 702 671 629 566 525 543 588 555 608 937 774 756 629 520 563 820 518 672 1025 588 620 519 610 539 517
internal_value=1.11553e-07 5.58036e-06 4.06777e-06 -8.70899e-06 1.22073e-06 1.02283e-05 2.49015e-05 4.81082e-06 -7.19188e-06 8.17291e-06 -2.41212e-06 5.01867e-08 -1.27728e-05 -1.99638e-05 6.07327e-06 -5.91974e-06 -1.06517e-06 -2.08934e-06 -9.62701e-06 -4.56785e-06 4.41611e-06 7.95804e-06 1.0019e-05 -3.49549e-06 2.2555e-06 -3.59112e-06 -5.04122e-06 -1.36649e-06 -7.02461e-06 1.25257e-05 -2.78349e-06 -2.38479e-07 -8.99558e-07 -1.61781e-06
internal_weight=23273 14366 13323 8907 9112 4211 1043 4583 7849 3647 4529 1824 1457 1058 2821 6392 3858 3303 1708 4684 2278 2759 1769 1192 1522 3910 2367 1543 1260 1140 1107 2274 1666 1056
internal_count=23273 14366 13323 8907 9112 4211 1043 4583 7849 3647 4529 1824 1457 1058 2821 6392 3858 3303 1708 4684 2278 2759 1769 1192 1522 3910 2367 1543 1260 1140 1107 2274 1666 1056
is_linear=0
shrinkage=0.0329122


Tree=27
num_leaves=33
num_cat=0
split_feature=25 36 20 25 27 20 45 27 36 40 37 16 0 4 0 38 23 0 15 9 9 20 9 24 6 15 2 29 20 48 40 20
split_gain=0.00096966 0.000363007 0.000201802 0.000140091 0.000102156 9.4171e-05 8.3742e-05 4.87824e-05 4.81103e-05 4.73471e-05 4.70502e-05 3.90798e-05 3.67889e-05 3.55089e-05 2.76571e-05 2.64758e-05 2.60102e-05 2.36128e-05 2.34414e-05 2.24555e-05 2.12365e-05 2.02751e-05 1.94864e-05 1.29956e-05 1.10289e-05 1.03059e-05 8.4282e-06 7.15124e-06 1.22667e-05 7.92413e-06 6.43547e-06 3.92459e-06
threshold=-0.97326324222370719 -0.0028797711110650766 2.2594997594997599 -0.98473307571521806 -242.91386443783435 24.527777777777782 -0.0031331601232976176 108.20922013732935 0.001668057874234852 0.0016220610831632067 -0.0013559328266281032 0.54981203007518809 75.500000000000014 -0.16536233580059093 15.500000000000002 -0.0016155088852988773 1.0000000180025095e-35 3.5000000000000004 0.24427884047793039 -0.42569201342524082 -0.49369736772416711 0.5370679477262551 -0.19075058662785513 499.99999999998948 -12.749999999999998 0.11867538912906296 -0.26849634718001669 14.500000000000002 1.2756861365235752 47.421773782128618 0.0012353309221869726 0.86563151982025366
decision_type=8 8 10 10 10 10 8 10 10 10 8 10 10 8 10 10 10 8 8 10 10 10 8 10 10 10 2 2 8 2 8 10
left_child=3 6 4 8 9 10 -2 12 14 16 -4 18 15 -10 21 -6 17 -3 -12 -14 -9 -1 24 -17 30 26 -26 29 -29 -19 -16 -28
right_child=1 2 5 -5 7 -7 -8 20 13 -11 11 -13 19 -15 22 23 -18 27 -20 -21 -22 -23 -24 -25 25 -27 31 28 -30 -31 -32 -33
leaf_value=-1.3521095366564665e-05 3.3399139284090775e-05 -7.2368560191932141e-06 1.4044489499776233e-05 -1.9892892362713354e-05 1.5614161791447135e-05 2.2367107808316153e-05 1.4746411476306733e-05 3.251306413773848e-06 -1.6447624300649388e-05 -1.1045002584606008e-05 5.8268262671039042e-06 1.0772143641012963e-05 6.4342756401814041e-06 -5.9052183187433718e-06 -3.1954632447055914e-06 4.2463267767124649e-06 5.4308201096923382e-06 -9.220213843675657e-07 -2.1342707042192931e-06 -2.9321611296368811e-06 -5.5874243268183647e-06 -6.255956085035642e-06 -9.1889374211478059e-06 9.91254375622236e-06 -8.7143059484614353e-06 -1.4199825135425157e-06 -5.6765282490993511e-06 -6.1923920277492508e-06 6.0231591301127312e-07 4.0792387573866186e-06 1.9531275835800988e-06 -2.0167202320900275e-06
leaf_weight=718 522 758 995 1025 517 566 521 597 891 585 971 1005 555 566 520 859 579 970 682 554 581 990 774 896 700 821 818 544 611 531 532 519
leaf_count=718 522 758 995 1025 517 566 521 597 891 585 971 1005 555 566 520 859 579 970 682 554 581 990 774 896 700 821 818 544 611 531 532 519
internal_value=1.07882e-07 5.38181e-06 3.92146e-06 -8.4496e-06 1.17237e-06 9.87504e-06 2.40819e-05 4.6597e-06 -6.95519e-06 -2.30043e-06 7.93944e-06 5.65398e-06 6.66928e-06 -1.23524e-05 -5.72491e-06 9.06788e-06 -1.01923e-06 -2.1132e-06 2.54207e-06 1.75507e-06 -1.10784e-06 -9.31017e-06 -4.41751e-06 7.13929e-06 -3.47293e-06 -4.53344e-06 -5.78819e-06 -6.50867e-07 -2.59776e-06 8.47093e-07 -5.91586e-07 -4.25603e-06
internal_weight=23273 14399 13356 8874 9137 4219 1043 4559 7849 4578 3653 2658 3381 1457 6392 2272 3993 3414 1653 1109 1178 1708 4684 1755 3910 2858 2037 2656 1155 1501 1052 1337
internal_count=23273 14399 13356 8874 9137 4219 1043 4559 7849 4578 3653 2658 3381 1457 6392 2272 3993 3414 1653 1109 1178 1708 4684 1755 3910 2858 2037 2656 1155 1501 1052 1337
is_linear=0
shrinkage=0.0329122


Tree=28
num_leaves=34
num_cat=0
split_feature=25 36 20 55 1 17 20 20 13 36 31 19 31 30 41 37 31 6 48 15 9 0 13 10 48 13 1 13 0 43 26 4 48
split_gain=0.00090873 0.000373235 0.000188471 0.000136933 0.000165112 0.00012127 8.47244e-05 7.39543e-05 5.28867e-05 4.95144e-05 4.77601e-05 4.54613e-05 3.69271e-05 4.22728e-05 3.59619e-05 3.35452e-05 3.10625e-05 2.82989e-05 2.85833e-05 2.78629e-05 2.3552e-05 2.23732e-05 2.2282e-05 1.66696e-05 1.64263e-05 1.4884e-05 1.36859e-05 1.26899e-05 1.74111e-05 1.48367e-05 9.92892e-06 6.75839e-06 1.31436e-06
threshold=-0.33333333333332538 -0.0028797711110650766 2.2594997594997599 151.50000000000003 113.9514485094851 -0.24829951568804115 19.801282051282055 0.99134182908545743 -0.20149262814269495 0.001668057874234852 208.50000000000003 0.093385738712001412 65.500000000000014 15.500000000000002 0.002118644067796605 -0.0013504395083342444 199.50000000000003 -21.249999999999996 66.377040483917014 0.045103380879473791 -0.64587386511024636 6.5000000000000009 -0.052568477684209074 -1.4313909774436087 38.504796654262009 -0.21967028400724173 160.1034758414153 -0.04693215578488965 2.5000000000000004 0.0018957363003851981 -0.0027558328418704988 -0.48205914351136797 7.8570965852780823
decision_type=8 8 10 2 10 10 10 10 8 8 2 10 2 2 8 8 2 10 2 10 10 10 10 10 2 10 10 10 8 8 10 8 2
left_child=3 -2 5 4 -1 8 12 9 21 10 19 -11 -4 15 22 -14 17 -7 23 20 -5 -3 26 -19 -24 -21 -9 28 -10 -30 -17 -12 -31
right_child=1 2 6 7 -6 16 -8 14 27 11 31 -13 13 -15 -16 30 -18 18 -20 25 -22 -23 24 -25 -26 -27 -28 -29 29 32 -32 -33 -34
leaf_value=-5.8670158109988292e-06 2.5011199700800467e-05 -1.2209129352027598e-05 1.8188184499040022e-06 -7.9909009049222977e-06 -3.0432891823294785e-05 -2.4788638260305711e-06 2.1314163982058668e-05 -3.4320064306672224e-06 -6.2454795505009678e-06 -1.8701237235377928e-05 8.5439133377387697e-07 -6.4364841246045127e-06 1.4801921841940348e-05 1.7900263430259768e-05 5.3095835781945731e-06 1.7237652578592241e-06 1.1438217479096455e-05 -9.5776813657536571e-08 1.2240510137943593e-05 -2.2816013654918018e-06 -1.6848402961744104e-05 -3.146277532131402e-06 -1.1513097144050362e-05 6.5416402855510031e-06 -3.2943694721123995e-06 -8.6412015537413762e-06 3.0388287577567393e-06 4.641577703386036e-06 4.5122806404231828e-06 -3.2507999419246746e-07 7.379595353793802e-06 -3.947412117434917e-06 -2.0736901223656464e-06
leaf_weight=605 1006 645 783 649 581 545 621 1007 538 809 728 550 518 568 594 585 849 714 571 686 652 544 521 962 533 952 546 531 661 904 791 563 961
leaf_count=605 1006 645 783 649 581 545 621 1007 538 809 728 550 518 568 594 585 849 714 571 686 652 544 521 962 533 952 546 531 661 904 791 563 961
internal_value=1.0433e-07 5.73746e-06 4.15991e-06 -7.40404e-06 -1.79016e-05 1.39911e-06 1.01764e-05 -5.98762e-06 -2.04565e-06 -8.27228e-06 -6.5163e-06 -1.37377e-05 8.04483e-06 1.00248e-05 -1.99849e-06 7.66289e-06 5.92531e-06 4.24885e-06 5.88073e-06 -8.83414e-06 -1.243e-05 -8.06282e-06 -3.66371e-06 3.71387e-06 -7.35716e-06 -5.97792e-06 -1.15686e-06 -5.5483e-08 -8.69572e-07 2.75325e-07 4.97521e-06 -1.23948e-06 -1.22623e-06
internal_weight=23273 13297 12291 9976 1186 8425 3866 8790 4784 5589 4230 1359 3245 2462 3201 1894 3641 2792 2247 2939 1301 1189 2607 1676 1054 1638 1553 3595 3064 2526 1376 1291 1865
internal_count=23273 13297 12291 9976 1186 8425 3866 8790 4784 5589 4230 1359 3245 2462 3201 1894 3641 2792 2247 2939 1301 1189 2607 1676 1054 1638 1553 3595 3064 2526 1376 1291 1865
is_linear=0
shrinkage=0.0329122


Tree=29
num_leaves=36
num_cat=0
split_feature=25 36 20 37 24 20 20 31 25 42 37 6 20 36 28 37 13 9 19 0 31 12 20 13 15 19 47 16 9 38 9 13 9 17 48
split_gain=0.000851249 0.000316804 0.000175199 0.0001317 9.68315e-05 8.10123e-05 8.03976e-05 6.01536e-05 5.96345e-05 5.35238e-05 4.42098e-05 3.88161e-05 3.68044e-05 4.23135e-05 3.47911e-05 3.34224e-05 2.84808e-05 3.5314e-05 2.76355e-05 2.08453e-05 1.99909e-05 1.8945e-05 1.82994e-05 1.74229e-05 1.69394e-05 1.31298e-05 1.15497e-05 1.07013e-05 1.05505e-05 9.63511e-06 8.74078e-06 7.17532e-06 6.25117e-06 4.01502e-06 5.96447e-07
threshold=-0.97814289503695384 -0.0028797711110650766 2.52521186440678 0.0033195226498882184 499.74999999993616 2.8030477949665209 24.527777777777782 32.500000000000007 -0.98473307571521806 -0.0027045313242877174 0.0017256268238937669 56.250000000000007 3.1968455042225541 0.001668057874234852 -0.98039215686274461 -0.0013559328266281032 -0.088515619462625608 -0.41217381583570217 -0.10997367449670391 7.5000000000000009 56.500000000000007 -0.37003185918869469 0.81091721642902759 -0.18039975281608303 0.031970447795754996 0.0084847382958415114 86.956521739128704 0.50293455156879552 -0.28224701507144251 0.0016906182832577834 -0.32818463740458009 -0.25929308505025672 -0.49369736772416711 -0.24829951568804115 24.490897785147322
decision_type=8 8 10 10 10 10 10 2 10 10 10 8 10 10 8 8 10 10 10 8 2 10 10 8 8 8 10 10 8 8 10 10 8 8 2
left_child=3 5 4 8 10 -2 7 -4 12 -9 14 21 13 20 -3 -11 19 22 -17 23 -1 -6 -18 -16 -22 -21 27 30 -27 -15 32 -29 33 -26 -30
right_child=1 2 6 -5 11 -7 -8 9 -10 15 -12 -13 -14 29 16 18 17 -19 -20 25 24 -23 -24 -25 26 28 -28 31 34 -31 -32 -33 -34 -35 -36
leaf_value=-1.0673411703059086e-05 1.32158974381598e-05 7.3271608920795499e-06 -2.6793994823325038e-06 -2.0928014766959536e-05 6.1534150846543553e-06 3.1563474236297207e-05 2.0986946687171768e-05 1.8930642724627779e-05 -1.6465490188869997e-05 1.4403900662884005e-05 -9.4073068934077049e-06 -7.1897299570706467e-07 3.8698439966039841e-07 -1.5611282700303688e-05 -9.719733007300392e-06 1.0553086038496148e-06 2.3837526152860385e-06 -3.2522111675651238e-06 9.3275805423622423e-06 -5.0688007215182631e-06 -8.7039579038129546e-06 1.3038620808932042e-05 1.1091225327847968e-05 -2.4638537787815845e-06 -4.1152472042769769e-06 4.7396831901482324e-06 7.5847898813322455e-07 -4.8126741730044121e-06 -5.1903645082604556e-09 -9.4434616056047153e-06 -9.5774259182135364e-06 3.363603863696185e-07 -1.787154488833825e-06 -8.2144421878071694e-06 -1.2480428685395105e-06
leaf_weight=715 515 658 522 771 872 528 567 528 624 548 570 515 895 566 565 897 528 613 854 519 949 860 518 981 515 542 522 538 997 533 530 644 532 521 721
leaf_count=715 515 658 522 771 872 528 567 528 624 548 570 515 895 566 565 897 528 613 854 519 949 860 518 981 515 542 522 538 997 533 530 644 532 521 721
internal_value=1.00895e-07 5.03378e-06 3.67139e-06 -7.93096e-06 1.24769e-06 2.25042e-05 9.52572e-06 7.58522e-06 -6.69136e-06 9.48064e-06 -6.11007e-07 7.21349e-06 -5.87376e-06 -6.72732e-06 1.43835e-07 7.3102e-06 -6.46004e-07 3.02005e-06 5.09e-06 -2.0523e-06 -5.54245e-06 9.5723e-06 6.69608e-06 -5.11573e-06 -4.77022e-06 -3.47982e-07 -3.78827e-06 -4.51194e-06 7.36034e-07 -1.26202e-05 -5.92305e-06 -2.00708e-06 -4.68769e-06 -6.17694e-06 -5.26916e-07
internal_weight=23273 14418 13375 8855 9459 1043 3916 3349 8084 2827 7212 2247 7460 6565 6642 2299 5984 1659 1751 4325 5466 1732 1046 1546 4751 2779 3802 3280 2260 1099 2098 1182 1568 1036 1718
internal_count=23273 14418 13375 8855 9459 1043 3916 3349 8084 2827 7212 2247 7460 6565 6642 2299 5984 1659 1751 4325 5466 1732 1046 1546 4751 2779 3802 3280 2260 1099 2098 1182 1568 1036 1718
is_linear=0
shrinkage=0.0329122


Tree=30
num_leaves=36
num_cat=0
split_feature=25 37 17 0 55 1 20 39 47 0 20 8 39 16 47 38 1 6 37 1 37 44 20 19 40 30 5 6 16 1 22 16 12 10 31
split_gain=0.000814815 0.000278768 0.000182097 0.000154848 0.000131165 0.000164876 6.98848e-05 6.70378e-05 5.22898e-05 5.19605e-05 5.48519e-05 4.77444e-05 4.00895e-05 3.59824e-05 2.79216e-05 4.8244e-05 2.40966e-05 2.27645e-05 2.30978e-05 2.2479e-05 2.04499e-05 1.82525e-05 1.71356e-05 1.82371e-05 1.66744e-05 1.13712e-05 1.02303e-05 9.64105e-06 7.96038e-06 7.87019e-06 7.08435e-06 6.26599e-06 3.74027e-06 2.19489e-06 4.52495e-07
threshold=-0.33333333333332538 -0.0031331601232976176 -0.1747009341319333 19.500000000000004 151.50000000000003 113.9514485094851 0.99134182908545743 -0.0012055459473599981 83.333333333345323 8.5000000000000018 0.64930219034696657 0.12500000000000358 -0.0030935826701949383 0.51880579655475934 121.79487179486576 0.0016820869762046444 59.184679194584632 -12.749999999999998 -0.0013917891221558729 160.92597525895732 0.001233806761961276 -1.0000000180025095e-35 6.7427626137303571 0.027219666402316992 0.0010055306714660264 14.500000000000002 0.069275841519679471 -12.749999999999998 0.50960120890461458 47.803365053036153 -0.82437590262017735 0.57291367732307885 -0.34730428950142128 -1.4389097744360899 114.50000000000001
decision_type=8 8 10 10 2 10 10 8 10 8 10 8 10 10 8 8 10 10 10 10 10 10 10 10 8 2 2 10 10 10 10 10 8 8 2
left_child=4 3 7 -2 5 -1 11 -3 19 10 28 13 -4 14 15 20 32 -14 -19 21 25 -8 23 31 -12 -6 -25 -18 -9 -27 -23 -20 -11 34 -34
right_child=1 2 12 -5 6 -7 8 9 -10 16 24 -13 17 -15 -16 -17 27 18 22 -21 -22 30 -24 26 -26 29 -28 -29 -30 -31 -32 -33 33 -35 -36
leaf_value=-5.574813419738296e-06 3.240803691288855e-05 8.7053485315503159e-06 1.6994183734079705e-05 7.7960867353927154e-06 -2.5535313486162232e-06 -3.0024044183662628e-05 -1.132906198367411e-05 -1.320064672845994e-05 6.8564113453310909e-06 2.2891707948449986e-06 2.3969500835066044e-06 -1.6737842376125298e-05 2.2685238649815368e-06 -1.2885495941780634e-06 -3.2084371827699034e-06 -1.7739231448179331e-05 2.1332647928568519e-06 1.3304535711488479e-05 5.462364059331351e-07 3.273248238127879e-07 -1.3088486172148881e-05 -6.2825486707589366e-06 1.2524964702779531e-05 6.1860278146186314e-06 -4.7183230592690754e-06 -5.5149311916309105e-06 1.221095230261849e-05 8.1404369339034598e-06 -7.4346544267105071e-06 -1.0750199871595668e-05 -1.2445168881255762e-06 5.4408092342509554e-06 -6.5695364785833058e-07 -2.1632697199604007e-06 6.4030880887099785e-07
leaf_weight=614 595 908 540 518 654 582 517 518 592 519 891 613 750 963 887 659 515 855 579 873 589 652 527 732 595 681 524 661 520 573 564 555 527 813 651
leaf_count=614 595 908 540 518 654 582 517 518 592 519 891 613 750 963 887 659 515 855 579 873 589 652 527 732 595 681 524 661 520 573 564 555 527 813 651
internal_value=-1.54157e-07 5.18683e-06 3.74606e-06 2.09536e-05 -7.24474e-06 -1.74725e-05 -5.85734e-06 3.52376e-07 -1.97327e-06 -8.68924e-07 -4.50709e-06 -8.06789e-06 8.51808e-06 -7.00618e-06 -8.368e-06 -9.81804e-06 1.62226e-06 7.50585e-06 8.54714e-06 -3.97917e-06 -7.72741e-06 -6.14871e-06 7.15262e-06 5.96792e-06 -4.51878e-07 -6.07233e-06 8.69979e-06 5.50994e-06 -1.03123e-05 -7.90731e-06 -3.94602e-06 2.94193e-06 -1.99125e-07 -8.47871e-07 5.97604e-08
internal_weight=23306 13293 12180 1113 10013 1196 8817 7118 3198 6210 2524 5619 5062 5006 4043 3156 3686 4522 3772 2606 2497 1733 2917 2390 1486 1908 1256 1176 1038 1254 1216 1134 2510 1991 1178
internal_count=23306 13293 12180 1113 10013 1196 8817 7118 3198 6210 2524 5619 5062 5006 4043 3156 3686 4522 3772 2606 2497 1733 2917 2390 1486 1908 1256 1176 1038 1254 1216 1134 2510 1991 1178
is_linear=0
shrinkage=0.0329122


Tree=31
num_leaves=35
num_cat=0
split_feature=25 28 29 13 55 1 28 20 0 13 0 40 19 15 47 42 39 16 43 1 48 42 6 10 4 1 20 1 13 48 10 55 55 10
split_gain=0.000762065 0.000261552 0.000146395 0.000143436 0.000122673 0.000154202 0.000104311 6.53605e-05 5.61005e-05 5.44913e-05 5.27231e-05 5.17505e-05 4.91703e-05 4.50634e-05 3.36389e-05 3.64526e-05 3.30207e-05 2.90144e-05 2.29816e-05 2.07364e-05 2.04636e-05 1.8036e-05 1.65185e-05 1.40905e-05 1.40512e-05 1.3203e-05 1.22798e-05 1.0559e-05 1.02632e-05 9.51493e-06 5.13279e-06 2.17493e-06 4.04455e-06 2.77739e-07
threshold=-0.33333333333332538 -0.99775511321496635 8.5000000000000018 -0.088515619462625608 151.50000000000003 113.9514485094851 -0.49504950495046857 0.99134182908545743 8.5000000000000018 -0.20149262814269495 128.50000000000003 -0.0030052608999978077 0.090760399611792067 0.039113303323304566 121.79487179486576 0.0016849211621555729 -0.0014514063263620922 0.51880579655475934 0.0016012820512820716 372.52852837505873 22.244102043323188 0.0016597521804047057 -21.249999999999996 -1.4031954887218039 -0.49893212270506099 38.418881957250541 1.1687767051748696 47.544735334818064 -0.024338373288016277 56.279714509581389 -1.3468045112781952 10130.500000000002 2952.5000000000005 -1.4934210526315785
decision_type=8 8 2 10 2 10 8 10 8 8 10 8 10 10 8 8 10 10 8 10 2 10 10 10 10 10 10 10 10 2 8 2 2 10
left_child=4 2 19 6 5 -1 25 13 9 -8 11 -5 20 14 15 -6 -13 21 -11 -2 -9 29 -22 26 31 -3 -18 -24 -25 -15 -27 32 33 -10
right_child=1 3 -4 10 7 -7 8 12 24 18 -12 16 -14 17 -16 -17 23 -19 -20 -21 22 -23 27 28 -26 30 -28 -29 -30 -31 -32 -33 -34 -35
leaf_value=-5.3913343316197516e-06 1.2216654144050474e-05 1.0969987762600186e-05 2.5666872677427037e-05 1.8727928072083436e-05 -1.0508628854728034e-05 -2.9035888273665339e-05 -1.2308572491828476e-05 -8.4260407944742714e-06 -3.28981889262309e-07 9.9481187310581746e-07 -2.0813225626823229e-06 1.2860214490218703e-05 7.3422107831395288e-06 -7.1425848866159052e-06 -6.2309934341978549e-06 -2.1384400351315268e-05 -8.1488683475600636e-07 2.8842914830619937e-07 -7.6245321995282132e-06 2.9723547655266019e-06 2.0815218320893856e-06 -1.1074494238913357e-05 -8.0423288271403556e-07 5.03585953023882e-06 5.0597144901512808e-06 2.6431453250115431e-06 5.9624544555834267e-06 -6.9048403352338953e-06 1.1062326448068247e-05 -2.1208685225115874e-06 7.1425425905134421e-06 1.4320111673730259e-06 -3.3218737260609886e-06 7.2089335563538873e-07
leaf_weight=614 537 628 920 522 946 582 896 726 558 959 519 926 521 1001 890 516 519 769 515 515 703 806 548 620 683 527 655 700 605 691 574 552 529 534
leaf_count=614 537 628 920 522 946 582 896 726 558 959 519 926 521 1001 890 516 519 769 515 515 703 806 548 620 683 527 655 700 605 691 574 552 529 534
internal_value=-1.49083e-07 5.01613e-06 1.60776e-05 3.08931e-06 -7.00631e-06 -1.68975e-05 1.54083e-07 -5.66457e-06 -2.16427e-06 -5.90763e-06 7.76505e-06 9.09349e-06 -1.90832e-06 -7.80237e-06 -1.12762e-05 -1.43473e-05 7.58088e-06 -5.30141e-06 -2.01654e-06 7.69138e-06 -3.70875e-06 -7.02232e-06 -1.95325e-06 5.543e-06 9.42006e-07 7.16158e-06 2.96614e-06 -4.22623e-06 8.01238e-06 -5.09189e-06 4.98909e-06 -3.52134e-07 -9.59831e-07 1.84209e-07
internal_weight=23306 13293 1972 11321 10013 1196 6955 8817 5226 2370 4366 3847 3198 5619 2352 1462 3325 3267 1474 1052 2677 2498 1951 2399 2856 1729 1174 1248 1225 1692 1101 2173 1621 1092
internal_count=23306 13293 1972 11321 10013 1196 6955 8817 5226 2370 4366 3847 3198 5619 2352 1462 3325 3267 1474 1052 2677 2498 1951 2399 2856 1729 1174 1248 1225 1692 1101 2173 1621 1092
is_linear=0
shrinkage=0.0329122


Tree=32
num_leaves=33
num_cat=0
split_feature=25 36 17 55 1 39 1 1 1 13 0 0 31 37 9 44 1 17 1 24 45 1 40 36 48 13 3 1 16 40 36 10
split_gain=0.000712729 0.000282847 0.000147586 0.000114731 0.000144219 6.19532e-05 5.07285e-05 6.13084e-05 0.00011368 4.56764e-05 5.99216e-05 4.01597e-05 3.93383e-05 4.24007e-05 3.5262e-05 3.14013e-05 3.0643e-05 2.74718e-05 1.76353e-05 2.99521e-05 1.6887e-05 1.66363e-05 1.53227e-05 2.01552e-05 1.19553e-05 8.74033e-06 6.73355e-06 6.25114e-06 8.27259e-06 5.12896e-06 2.78982e-06 4.61607e-07
threshold=-0.33333333333332538 -0.0028797711110650766 -0.1747009341319333 151.50000000000003 113.9514485094851 -0.0012055459473599981 607.2981329920832 129.6570153561762 160.31825799426397 -0.044137445676632379 8.5000000000000018 56.500000000000007 30.500000000000004 -0.0013917891221558729 -0.29766448564158482 0.0016488057372459066 27.885322838709659 -0.35085619222167613 275.87356618476673 999.99999999987233 -1.0000000180025095e-35 41.84953339687079 0.0021762811404755227 0.0010666669700741818 29.53073263732022 -0.23071449411060257 0.01199320525336069 46.944808153040974 0.50787462483368928 0.0012055459473598875 -0.0012399260810341815 -1.4821428571428565
decision_type=8 8 10 2 10 8 10 10 10 10 8 10 2 10 10 10 10 10 10 10 10 10 10 10 2 10 2 10 10 8 10 10
left_child=3 -2 5 4 -1 -3 7 16 -9 10 15 -10 -4 14 -14 20 -5 -8 19 24 -7 30 23 27 -15 -22 -26 28 -18 -25 31 -12
right_child=1 2 12 6 -6 9 17 8 11 -11 21 -13 13 18 -16 -17 22 -19 -20 -21 25 -23 -24 29 26 -27 -28 -29 -30 -31 -32 -33
leaf_value=-5.2138939364256664e-06 2.1710974850727805e-05 8.3061185943728845e-06 -8.040264867437702e-07 -1.0733881624906951e-05 -2.8080254733906029e-05 5.156365078402649e-07 4.6500613365046361e-06 -1.9677142402226822e-05 -1.0159694584172481e-05 6.085889209404746e-06 -2.3311813826857396e-07 2.4174331110493503e-07 1.8287137287757862e-05 2.6263764386304414e-06 7.7858541764067241e-06 -1.3004589968693237e-05 -2.9763697664039714e-06 -4.8341220189675531e-06 2.4781850197008793e-06 1.4717821897882033e-05 -9.3808444879367483e-06 4.8412904183912414e-06 1.7642703694778142e-06 -5.7137230318216781e-06 5.7089955561229353e-06 -3.4999828119117636e-06 1.074858134364173e-05 -4.5646721226178292e-06 1.9953390229202933e-06 -1.0165637404794532e-05 -2.4304939037155771e-06 9.1836893451221716e-07
leaf_weight=614 997 937 526 704 582 615 742 952 868 899 948 749 758 697 638 532 1002 597 827 560 522 893 558 616 609 576 544 946 568 515 589 626
leaf_count=614 997 937 526 704 582 615 742 952 868 899 948 749 758 697 638 532 1002 597 827 560 522 893 558 616 609 576 544 946 568 515 589 626
internal_value=-1.44176e-07 4.85104e-06 3.48396e-06 -6.77572e-06 -1.63414e-05 4.18287e-07 -5.47814e-06 -6.53452e-06 -1.0654e-05 -7.73756e-07 -1.93713e-06 -5.34157e-06 7.725e-06 8.69338e-06 1.3488e-05 -6.01975e-06 -4.37864e-06 4.21319e-07 6.62556e-06 8.04865e-06 -3.85036e-06 1.06197e-06 -3.3146e-06 -4.09174e-06 6.02976e-06 -6.29601e-06 8.08693e-06 -2.45117e-06 -1.17754e-06 -7.7411e-06 -4.98224e-07 2.24698e-07
internal_weight=23306 13293 12296 10013 1196 7137 8817 7478 2569 6200 5301 1617 5159 4633 1396 2245 4909 1339 3237 2410 1713 3056 4205 3647 1850 1098 1153 2516 1570 1131 2163 1574
internal_count=23306 13293 12296 10013 1196 7137 8817 7478 2569 6200 5301 1617 5159 4633 1396 2245 4909 1339 3237 2410 1713 3056 4205 3647 1850 1098 1153 2516 1570 1131 2163 1574
is_linear=0
shrinkage=0.0329122


Tree=33
num_leaves=34
num_cat=0
split_feature=25 36 20 55 55 47 20 47 20 8 42 15 47 42 40 19 55 13 31 18 13 22 9 16 40 18 40 13 13 12 18 10 55
split_gain=0.000666587 0.000264535 0.000138676 0.000107303 0.000122579 6.44693e-05 5.99173e-05 4.70051e-05 4.62641e-05 4.40969e-05 4.01199e-05 3.25456e-05 3.52116e-05 5.85371e-05 3.10531e-05 2.74807e-05 2.40092e-05 3.46633e-05 1.88112e-05 2.09487e-05 1.86051e-05 1.82725e-05 1.75723e-05 1.69231e-05 1.65176e-05 1.09947e-05 1.04434e-05 1.00071e-05 9.23322e-06 8.42981e-06 7.97883e-06 1.83915e-06 5.28659e-07
threshold=-0.33333333333332538 -0.0028797711110650766 2.8698475437605877 151.50000000000003 -4914.4999999999991 44.958419958438377 0.99134182908545743 83.333333333345323 0.13351158645276295 0.10000000000000499 -0.002672011880368141 0.16036261653639702 128.88888888888553 0.0030983752129982727 -0.00135777387764735 -0.010256212719477629 13072.500000000002 -0.20390022839816477 199.50000000000003 -0.16223787764672173 -0.05544397801619174 -0.80511078011543458 -0.47894043651220292 0.54981203007518809 0.0012055459473598875 -0.11501926107932982 0.0016090114999663954 -0.2136162182636677 -0.040245979229082983 -0.44141442207112963 -0.27876526551561592 -1.3749999999999993 261.00000000000006
decision_type=8 8 10 2 2 8 10 10 8 8 8 10 8 8 8 10 2 8 2 8 10 8 10 10 10 8 8 8 10 10 10 8 2
left_child=3 -2 5 4 -1 15 9 20 -7 11 -4 12 13 24 -12 22 17 -10 19 -17 27 -21 -3 28 25 -5 -19 -8 -16 -27 -22 32 -28
right_child=1 2 10 6 -6 8 7 -9 16 -11 14 -13 -14 -15 23 18 -18 26 -20 21 30 -23 -24 -25 -26 29 31 -29 -30 -31 -32 -33 -34
leaf_value=-5.0887995503645915e-06 2.0996419962836466e-05 4.4122558010682905e-06 1.7206941296267844e-05 -1.2275827351327795e-06 -2.6165441829781743e-05 -1.0516383305377995e-05 -3.4456300380697756e-06 6.6702021586240012e-06 -7.2192416312418391e-06 -1.5448657583314503e-05 1.3259266752580075e-05 3.7147943874577706e-07 -1.6233663086650752e-06 -1.8840999251690198e-05 8.2860185830554409e-08 -6.9642174462148693e-07 4.3507136659009386e-06 3.3491086718563394e-06 1.1117917366667162e-05 3.724885960477896e-06 -4.1966439721781848e-06 1.156106180943263e-05 -2.9440960240178227e-06 9.0374055485614451e-06 -1.0620844220624285e-05 -9.3233730321056682e-06 -9.5496111169812458e-07 2.009146935616474e-06 5.915682630838377e-06 -4.1801930721830968e-06 -9.825965012782208e-06 -2.5973100733484538e-06 4.080934524037099e-07
leaf_weight=588 997 698 557 528 608 519 900 592 848 644 742 684 913 540 619 546 1003 882 681 781 574 549 709 808 928 707 660 612 560 675 520 556 578
leaf_count=588 997 698 557 528 608 519 900 592 848 644 742 684 913 540 619 546 1003 882 681 781 574 549 709 808 928 707 660 612 560 675 520 556 578
internal_value=-1.3943e-07 4.69139e-06 3.3693e-06 -6.55272e-06 -1.58035e-05 1.25848e-06 -5.29785e-06 -1.7014e-06 -1.20903e-06 -7.34469e-06 9.15699e-06 -6.29561e-06 -7.35842e-06 -8.90841e-06 7.51387e-06 4.39955e-06 -1.41928e-07 -1.42069e-06 6.43232e-06 4.7313e-06 -3.60325e-06 6.95969e-06 7.05161e-07 5.36827e-06 -7.01841e-06 -5.268e-06 4.16736e-07 -1.23759e-06 2.85352e-06 -6.81149e-06 -6.87258e-06 -1.02481e-06 -3.18391e-07
internal_weight=23306 13293 12296 10013 1196 9010 8817 3198 5046 5619 3286 4975 4291 3378 2729 3964 4527 3524 2557 1876 2606 1330 1407 1987 2838 1910 2676 1512 1179 1382 1094 1794 1238
internal_count=23306 13293 12296 10013 1196 9010 8817 3198 5046 5619 3286 4975 4291 3378 2729 3964 4527 3524 2557 1876 2606 1330 1407 1987 2838 1910 2676 1512 1179 1382 1094 1794 1238
is_linear=0
shrinkage=0.0329122


Tree=34
num_leaves=35
num_cat=0
split_feature=25 36 27 55 55 20 27 20 27 31 36 0 20 13 44 0 0 10 31 31 42 39 20 13 21 41 20 41 27 18 7 27 12 55
split_gain=0.000623433 0.000247408 0.000135258 0.000100356 0.000114643 6.30085e-05 6.27028e-05 5.60383e-05 5.98179e-05 4.13174e-05 4.70684e-05 3.42961e-05 4.22403e-05 3.1868e-05 3.16249e-05 3.08484e-05 2.48256e-05 2.27362e-05 2.24805e-05 2.23683e-05 3.05929e-05 2.73818e-05 1.93063e-05 1.79948e-05 1.71863e-05 1.24128e-05 9.3513e-06 8.46445e-06 6.92207e-06 5.99393e-06 4.89313e-06 4.66887e-06 3.90574e-06 1.40321e-06
threshold=-0.33333333333332538 -0.0028797711110650766 -1358.1887546423307 151.50000000000003 -4914.4999999999991 0.64930219034696657 960.67352404399901 0.99134182908545743 -95.909139292100846 34.500000000000007 0.001668057874234852 15.500000000000002 2.8030477949665209 -0.088515619462625608 0.0019436364323222046 16.500000000000004 8.5000000000000018 -1.4389097744360899 239.50000000000003 102.50000000000001 -0.0012055459473599981 -0.0013937288998185358 1.3487305312566675 -0.045070172021198701 -0.13649523515099821 0.0012055459473598875 18.074175824175828 0.0010666669700741818 -7.1105806613885845 -0.27876526551561592 0.65029093213503864 12.259270827508113 -0.37003185918869469 3001.0000000000005
decision_type=8 8 10 2 2 8 10 10 10 2 10 10 10 10 8 10 10 10 2 2 8 10 10 10 2 10 8 10 10 10 10 10 10 2
left_child=3 -2 5 4 -1 16 11 9 -9 -5 15 12 -4 -8 22 -11 -3 -12 24 20 -13 -21 -7 27 -17 28 -16 31 -26 -25 32 -10 -23 -28
right_child=1 2 6 7 -6 14 13 8 23 10 17 19 -14 -15 26 18 -18 -19 -20 21 -22 30 -24 29 25 -27 33 -29 -30 -31 -32 -33 -34 -35
leaf_value=-4.9213162076141436e-06 2.0305382680851349e-05 -9.3610385219811412e-06 7.9645526992888327e-06 -1.5959623824656463e-05 -2.5304280991936425e-05 1.3405539679161503e-06 -3.6239896995598176e-06 8.5111560836149256e-06 -5.3874069785066129e-06 -9.5223002539479148e-06 -7.5496312097895327e-06 -1.8830572712160577e-06 1.9618327297847425e-05 5.9686668811997631e-06 -4.1998818802171214e-06 5.5725505366592329e-08 -8.4486159422840706e-07 -1.7186526322301688e-05 3.0683598050773692e-06 1.3489762070549901e-05 7.0681677674099411e-06 5.4335572081169851e-06 9.5087449735127977e-06 -4.4750327504731813e-06 -1.4972997791783089e-06 -9.7967965979966446e-06 -1.3543391961392876e-07 1.7876114078094012e-06 -6.6321085749457898e-06 -9.4428781576898034e-06 3.783083969560007e-06 -1.0078445394402314e-06 9.3597613198031724e-06 1.9454771075188927e-06
leaf_weight=588 997 1022 964 518 608 578 923 525 529 1023 530 715 518 632 619 711 582 531 556 743 981 569 685 520 588 611 1013 565 551 533 684 526 531 537
leaf_count=588 997 1022 964 518 608 578 923 525 529 1023 530 715 518 632 619 711 582 531 556 743 981 569 685 520 588 611 1013 565 551 533 684 526 531 537
internal_value=-1.34842e-07 4.53699e-06 3.25841e-06 -6.33706e-06 -1.52834e-05 -8.86132e-07 6.13337e-06 -5.12349e-06 -1.64541e-06 -7.10297e-06 -6.20354e-06 7.73024e-06 1.2038e-05 2.74615e-07 1.63057e-06 -4.58328e-06 -6.27115e-06 -1.23728e-05 -2.90849e-06 6.21843e-06 3.29437e-06 8.18082e-06 5.77083e-06 -3.64033e-06 -4.2589e-06 -6.012e-06 -7.80175e-07 -1.463e-06 -3.9815e-06 -6.98984e-06 5.96963e-06 -3.20407e-06 7.32905e-06 5.85354e-07
internal_weight=23306 13293 12296 10013 1196 5036 7260 8817 3198 5619 5101 5705 1482 1555 3432 4040 1604 1061 3017 4223 1696 2527 1263 2673 2461 1750 2169 1620 1139 1053 1784 1055 1100 1550
internal_count=23306 13293 12296 10013 1196 5036 7260 8817 3198 5619 5101 5705 1482 1555 3432 4040 1604 1061 3017 4223 1696 2527 1263 2673 2461 1750 2169 1620 1139 1053 1784 1055 1100 1550
is_linear=0
shrinkage=0.0329122


Tree=35
num_leaves=35
num_cat=0
split_feature=25 37 36 25 27 27 0 0 38 44 39 47 25 36 43 20 20 0 24 47 47 10 31 20 45 10 44 7 31 48 7 20 10 31
split_gain=0.000569444 0.000228429 0.000138214 0.000114896 7.40899e-05 4.46181e-05 4.05647e-05 3.83549e-05 3.64034e-05 3.62315e-05 3.40448e-05 3.12948e-05 3.4016e-05 3.12136e-05 2.18907e-05 2.02099e-05 1.8568e-05 1.81213e-05 2.29368e-05 1.71873e-05 1.27411e-05 1.24495e-05 9.8093e-06 1.19771e-05 1.41389e-05 7.69656e-06 6.74848e-06 6.64921e-06 6.62471e-06 7.78252e-06 6.05151e-06 6.77881e-06 5.52039e-06 1.16854e-06
threshold=-0.97814289503695384 -0.0034188134087615447 -0.0013559328266281032 -0.98473307571521806 -264.46468050488471 643.63181348957937 63.500000000000007 169.50000000000003 0.0030674918784389109 0.0020050130350973698 -0.0018099562334565331 108.97435897435921 -0.33625267670681286 0.001668057874234852 -0.0012539189881856647 0.64930219034696657 0.15531481380414416 95.500000000000014 1999.4999999999579 12.345679012323506 135.80246913582883 -1.3693609022556386 238.50000000000003 3.5961179544606199 -0.0012040943557623527 -1.4313909774436087 -0.0010576441214898977 0.43727636068277564 188.50000000000003 42.20287460762939 0.081943769154093654 53.350000000000016 -1.3073308270676687 84.500000000000014
decision_type=8 8 8 10 10 10 10 10 10 10 8 8 10 10 8 8 10 10 8 10 8 8 2 10 10 10 10 8 2 2 10 8 10 2
left_child=3 -2 6 7 9 11 10 8 13 14 -3 12 -6 16 -4 20 -1 18 25 -7 -16 -12 23 24 -18 -14 -27 -15 29 -26 31 -17 -31 -33
right_child=1 2 4 -5 5 19 -8 -9 -10 -11 21 -13 17 27 15 30 22 -19 -20 -21 -22 -23 -24 -25 28 26 -28 -29 -30 32 -32 33 -34 -35
leaf_value=-8.5233350736812117e-06 2.0587498385707254e-05 1.8996586075867706e-05 5.9313340338534572e-06 -1.7018140048931157e-05 -3.4240878017936433e-06 1.5438955535413638e-06 3.212655158109044e-06 1.9471095151771631e-06 -1.398202705914572e-05 -8.5555454415415171e-06 6.1291893212051347e-06 1.3063817245340239e-05 2.7462301838394156e-06 -1.3078702751492773e-05 -1.5053433343578539e-06 -3.5453357528774205e-06 -9.6712619891914779e-06 6.1571746327511388e-07 1.2015151342351455e-05 -5.9583141861352481e-06 -8.7813716405275439e-06 1.2942618588817194e-05 7.4571852342264813e-07 7.1546120034586053e-07 -5.7759450507858964e-06 3.8916609275428352e-06 8.4815631061720909e-06 -7.8159291138324547e-06 -6.1706256508185162e-06 1.2839221887581168e-07 3.1293740858615477e-06 1.8398467318520156e-06 -3.9979630185827138e-06 -8.8567985222020889e-08
leaf_weight=923 853 612 520 1004 516 897 671 738 561 684 604 518 901 526 518 607 518 650 676 524 525 560 543 517 656 583 858 515 891 907 603 518 573 992
leaf_count=923 853 612 520 1004 516 897 671 738 561 684 604 518 901 526 518 607 518 650 676 524 525 560 543 517 656 583 858 515 891 907 603 518 573 992
internal_value=2.49433e-08 4.06828e-06 3.02734e-06 -6.53314e-06 1.46517e-06 3.88808e-06 1.01071e-05 -5.19517e-06 -5.93447e-06 -1.52159e-06 1.27119e-05 5.43258e-06 4.48774e-06 -5.24717e-06 -3.98207e-07 -1.27293e-06 -4.26259e-06 5.6008e-06 6.67439e-06 -1.22242e-06 -5.16799e-06 9.40732e-06 -3.40854e-06 -3.96393e-06 -4.64643e-06 5.13272e-06 6.62474e-06 -1.04753e-05 -3.78647e-06 -2.79185e-06 2.20568e-07 -6.07859e-07 -1.46902e-06 5.72816e-07
internal_weight=23262 14390 13537 8872 11090 6123 2447 7868 7130 4967 1776 4702 4184 6569 4283 3763 5528 3668 3018 1421 1043 1164 4605 4062 3545 2342 1441 1041 3027 2136 2720 2117 1480 1510
internal_count=23262 14390 13537 8872 11090 6123 2447 7868 7130 4967 1776 4702 4184 6569 4283 3763 5528 3668 3018 1421 1043 1164 4605 4062 3545 2342 1441 1041 3027 2136 2720 2117 1480 1510
is_linear=0
shrinkage=0.0329122


Tree=36
num_leaves=35
num_cat=0
split_feature=25 28 29 25 20 42 37 27 19 20 8 20 38 48 10 42 36 20 15 31 20 10 31 22 13 3 3 27 26 45 29 4 25 48
split_gain=0.000532578 0.000214121 0.000147873 0.000107458 0.000107023 5.89356e-05 4.10745e-05 3.91394e-05 6.56362e-05 3.5437e-05 4.30293e-05 2.77393e-05 2.27938e-05 2.25217e-05 2.21998e-05 2.21773e-05 2.21368e-05 1.98187e-05 1.9195e-05 1.74081e-05 1.84803e-05 2.52298e-05 1.62362e-05 1.64933e-05 1.57999e-05 1.50295e-05 1.14996e-05 1.12308e-05 9.69409e-06 8.96792e-06 8.40991e-06 7.21147e-06 5.67834e-06 7.67714e-07
threshold=-0.97814289503695384 -0.99775511321496635 8.5000000000000018 -0.98473307571521806 2.8030477949665209 -0.002672011880368141 -0.0013976247216470614 -110.12649078543818 0.012389825995320793 5.2967967967967979 0.44999999999999934 0.64930219034696657 0.0030674918784389109 54.355259620342572 -1.8261278195488717 0.0017050310772074309 -0.0013377932406989921 1.002232142857143 0.24427884047793039 239.50000000000003 0.34036983402027404 -1.3073308270676687 179.50000000000003 -0.80912560721721016 -0.12524273892367718 -0.095518695873707857 0.36536896038423616 3.2651843388657027 -0.0074140126130010555 0.0012368588527579274 12.500000000000002 -0.41275119081680683 -0.4968553509189475 33.363995878030245
decision_type=8 8 2 10 10 8 8 10 10 10 10 8 10 2 10 10 8 10 8 2 10 10 2 8 10 2 2 10 10 8 2 10 10 2
left_child=3 2 16 9 7 -6 -7 11 13 10 12 15 19 17 -8 24 -2 -9 -16 20 21 30 23 -10 -3 28 27 31 -22 -13 -1 -27 33 -31
right_child=1 4 -4 -5 5 6 14 8 22 -11 -12 29 -14 -15 18 -17 -18 -19 -20 -21 25 -23 -24 -25 -26 26 -28 -29 -30 32 -32 -33 -34 -35
leaf_value=-2.0153398054433746e-06 1.0369159954094187e-05 -5.7465340267385953e-06 2.3648895648205149e-05 -1.6458036340846182e-05 1.7060463282198804e-05 1.2792720700542448e-05 8.810198871475879e-06 -9.0500757731877254e-06 1.8165600528918872e-06 2.9317934478969864e-06 -1.4271210882028885e-05 3.3241785023623963e-06 -1.146309961601829e-05 3.1848264214639487e-06 4.2573762321430015e-06 -1.0486694158431291e-05 8.6520814496171241e-07 -8.4173542294113818e-07 -3.1012904090936921e-06 5.3737807660759704e-08 -3.9932286278829352e-06 -1.3705292789506214e-05 1.0344574822191163e-05 9.1588356935800169e-06 1.5626091304784878e-06 -1.9977033754963482e-06 -1.1779282934572356e-06 -1.0525586675924167e-05 1.9025970450268992e-06 -2.1411305183603484e-07 -7.4547612581805917e-06 -7.0950174460405786e-06 -3.5020655522775107e-06 1.3430042795613809e-06
leaf_weight=525 531 714 919 1004 564 629 569 518 899 563 576 816 528 728 934 525 531 828 652 844 541 539 817 525 581 549 577 532 684 1007 745 665 583 520
leaf_count=525 531 714 919 1004 564 629 569 518 899 563 576 816 528 728 934 525 531 828 652 844 541 539 817 525 581 549 577 532 684 1007 745 665 583 520
internal_value=2.4123e-08 3.93438e-06 1.39825e-05 -6.31813e-06 2.33027e-06 7.35858e-06 5.39303e-06 4.72306e-07 2.74088e-06 -5.02419e-06 -5.63739e-06 -1.5902e-06 -4.89831e-06 -1.47847e-06 3.23311e-06 -4.78058e-06 5.6174e-06 -4.00084e-06 1.23211e-06 -4.33929e-06 -5.03146e-06 -7.73878e-06 6.6459e-06 4.52367e-06 -2.46712e-06 -3.65103e-06 -5.20658e-06 -6.5378e-06 -7.01005e-07 3.94172e-07 -5.20636e-06 -4.79008e-06 -7.38841e-07 3.15993e-07
internal_weight=23262 14390 1981 8872 12409 3348 2784 9061 4315 7868 7305 4746 6729 2074 2155 1820 1062 1346 1586 6201 5357 1809 2241 1424 1295 3548 2323 1746 1225 2926 1270 1214 2110 1527
internal_count=23262 14390 1981 8872 12409 3348 2784 9061 4315 7868 7305 4746 6729 2074 2155 1820 1062 1346 1586 6201 5357 1809 2241 1424 1295 3548 2323 1746 1225 2926 1270 1214 2110 1527
is_linear=0
shrinkage=0.0329122


Tree=37
num_leaves=33
num_cat=0
split_feature=25 37 36 25 27 27 0 0 42 7 47 25 37 47 9 0 24 47 43 20 16 10 12 31 20 1 19 12 10 7 22 31
split_gain=0.000498099 0.000204577 0.000122725 0.000100501 6.47242e-05 4.02532e-05 3.76072e-05 3.59525e-05 3.68583e-05 3.10514e-05 2.93527e-05 3.13065e-05 2.35489e-05 2.17996e-05 2.12956e-05 1.66588e-05 2.09492e-05 1.58335e-05 1.52185e-05 1.76435e-05 1.52996e-05 1.43621e-05 1.25127e-05 1.03051e-05 1.2425e-05 1.07425e-05 1.37996e-05 1.00158e-05 7.40012e-06 6.28445e-06 6.25811e-06 1.06709e-06
threshold=-0.97814289503695384 -0.0034188134087615447 -0.0013559328266281032 -0.98473307571521806 -264.46468050488471 643.63181348957937 63.500000000000007 175.50000000000003 0.0030983752129982727 0.31534810041255379 108.97435897435921 -0.33625267670681286 0.001668057874234852 -79.710144927542501 -0.48310733689448931 95.500000000000014 1999.4999999999579 12.345679012323506 0.0021254009124994648 31.708333333333336 0.51209834469328153 -1.1343984962406013 -0.60685391792262011 240.50000000000003 0.28874801615928447 622.46666177393274 -0.12063461296478371 -0.46561794974812248 -1.4313909774436087 0.57714089025316417 -0.87112833960399783 83.500000000000014
decision_type=8 8 8 10 10 10 10 10 10 8 8 10 10 8 8 10 8 10 8 8 10 10 10 2 10 10 10 10 10 10 10 2
left_child=3 -2 6 7 9 10 13 8 12 14 11 -6 21 -3 -4 16 28 -7 20 -20 -11 23 -14 24 -1 26 -26 -15 -13 -30 -28 -21
right_child=1 2 4 -5 5 17 -8 -9 -10 18 -12 15 22 27 -16 -17 -18 -19 19 31 -22 -23 -24 -25 25 -27 30 -29 29 -31 -32 -33
leaf_value=-6.9432477183487925e-06 1.9437889530044059e-05 1.7143238961238684e-05 -1.5253867127420412e-06 -1.5916366990248451e-05 -3.4258678280085693e-06 1.4134010027980993e-06 2.852705702459722e-06 2.2104821667379077e-06 -1.1908502274888117e-05 -5.2411601227811591e-08 1.2470031164653277e-05 2.4480553713441549e-06 -5.5665211669411374e-06 1.262343906752854e-05 -1.0004744922051741e-05 4.5243124808556495e-07 1.1365611209982305e-05 -5.7872670344181032e-06 -5.6679842051597809e-06 1.6824709909583223e-06 6.9522444169867174e-06 -8.5099828476587934e-06 -1.2787993713862051e-05 9.8296915568234684e-07 -7.0198681709691622e-06 1.6316061461679622e-06 2.8011317042525469e-07 6.5529158337813258e-06 7.9640055362957213e-06 3.4920993981545866e-06 -3.7127586447555968e-06 -1.5222849069786775e-07
leaf_weight=991 853 594 629 1004 516 897 671 709 870 831 518 901 516 557 655 650 676 524 758 522 569 615 524 571 845 515 786 625 889 552 926 1003
leaf_count=991 853 594 629 1004 516 897 671 709 870 831 518 901 516 557 655 650 676 524 758 522 569 615 524 571 845 515 786 625 889 552 926 1003
internal_value=2.33284e-08 3.8049e-06 2.81981e-06 -6.11019e-06 1.34777e-06 3.61236e-06 9.49112e-06 -4.85884e-06 -5.55899e-06 -1.44383e-06 5.07937e-06 4.16432e-06 -4.68058e-06 1.19991e-05 -5.85109e-06 5.23214e-06 6.26149e-06 -1.24172e-06 9.26007e-08 -1.56407e-06 2.79432e-06 -3.78405e-06 -9.20525e-06 -3.1568e-06 -3.73865e-06 -2.70479e-06 -3.57827e-06 9.41375e-06 4.78813e-06 6.25112e-06 -1.87945e-06 4.7563e-07
internal_weight=23262 14390 13537 8872 11090 6123 2447 7868 7159 4967 4702 4184 6289 1776 1284 3668 3018 1421 3683 2283 1400 5249 1040 4634 4063 3072 2557 1182 2342 1441 1712 1525
internal_count=23262 14390 13537 8872 11090 6123 2447 7868 7159 4967 4702 4184 6289 1776 1284 3668 3018 1421 3683 2283 1400 5249 1040 4634 4063 3072 2557 1182 2342 1441 1712 1525
is_linear=0
shrinkage=0.0329122


Tree=38
num_leaves=34
num_cat=0
split_feature=25 28 29 20 25 42 9 38 37 0 42 31 10 20 19 37 36 13 0 20 27 43 10 48 1 20 13 1 19 37 16 29 31
split_gain=0.000465852 0.000191635 0.000135865 9.73141e-05 9.39941e-05 5.38267e-05 3.72334e-05 3.51352e-05 3.48913e-05 3.36306e-05 3.56069e-05 2.5694e-05 2.3298e-05 2.13332e-05 3.66207e-05 2.12396e-05 2.00369e-05 1.88766e-05 2.5103e-05 2.24922e-05 1.50146e-05 1.83085e-05 1.40621e-05 1.20321e-05 1.18132e-05 1.0148e-05 8.87327e-06 7.8261e-06 1.69966e-05 8.24944e-06 5.15508e-06 1.50841e-06 2.57612e-07
threshold=-0.97814289503695384 -0.99775511321496635 8.5000000000000018 2.8030477949665209 -0.98473307571521806 -0.0030959752321980667 -0.45204865262577021 0.0012682313279676063 -0.0013976247216470614 169.50000000000003 0.0030303030303030502 210.50000000000003 -1.8261278195488717 0.59510698787969485 0.12770457682921335 0.001668057874234852 -0.0013377932406989921 -0.088515619462625608 24.500000000000004 1.0409134385461503 10.609739797002348 0.0012634243828935079 -1.1343984962406013 54.355259620342572 80.735343420065519 0.14918826918041375 -0.066830449942136536 617.22399819337727 -0.12063461296478371 0.0010610082561639536 0.48870479365835406 13.500000000000002 121.50000000000001
decision_type=8 8 2 10 10 8 8 10 8 10 10 2 10 8 10 10 8 10 10 10 10 8 10 2 10 10 8 10 10 10 10 2 2
left_child=4 2 16 6 9 -5 11 13 -7 10 15 17 -10 24 20 22 -2 18 -3 -19 21 -15 25 -17 -8 -1 -14 28 -27 30 -30 32 -23
right_child=1 3 -4 5 -6 8 7 -9 12 -11 -12 -13 26 14 -16 23 -18 19 -20 -21 -22 31 -24 -25 -26 27 -28 -29 29 -31 -32 -33 -34
leaf_value=-6.7539447375151331e-06 9.688048711556103e-06 -4.010070111203855e-06 2.2451191867547358e-05 1.6733649651263368e-05 -1.5392525157613266e-05 1.1855570544575019e-05 -9.7739800674150124e-07 -9.4140410706496329e-06 8.8353050614423439e-06 1.9890331437847591e-06 -1.1593756175657642e-05 9.0827038623423039e-06 -1.3019968031901025e-06 4.7285219771797388e-06 8.7676326448436126e-06 -1.2379057055941443e-05 6.460841886494826e-07 1.00495788868993e-06 4.4123396914236691e-06 9.9327123110946763e-06 -5.2984945534737703e-06 4.9372320759580888e-08 -8.3740039794696788e-06 -5.2773300325242888e-06 -7.253234502813445e-06 -6.7221622794547668e-06 3.5983959745385073e-06 9.2168133000090118e-07 -2.1646082905632496e-06 -5.1679539349130315e-06 1.3604751608874617e-06 -2.3814666180754374e-06 -9.6154178302059039e-07
leaf_weight=681 531 958 919 516 1004 652 659 521 579 738 879 629 806 793 538 517 531 728 639 527 581 533 607 517 641 965 795 642 934 522 866 755 559
leaf_count=681 531 958 919 516 1004 652 659 521 579 738 879 629 806 793 538 517 531 728 639 527 581 533 607 517 641 965 795 642 934 522 866 755 559
internal_value=2.25613e-08 3.67967e-06 1.31855e-05 2.16212e-06 -5.90909e-06 6.95693e-06 3.90434e-07 -1.2759e-06 5.1755e-06 -4.69892e-06 -5.3912e-06 3.06161e-06 3.1775e-06 -4.37749e-07 8.19063e-07 -4.51898e-06 5.16728e-06 1.7336e-06 -6.39908e-07 4.75409e-06 -5.08507e-07 5.45566e-07 -3.66481e-06 -8.82841e-06 -4.07204e-06 -3.0447e-06 1.13122e-06 -2.40173e-06 -3.05092e-06 -1.52508e-06 -4.68524e-07 -1.25024e-06 -4.6791e-07
internal_weight=23262 14390 1981 12409 8872 3348 9061 5580 2832 7868 7130 3481 2180 5059 3759 6251 1062 2852 1597 1255 3221 2640 5217 1034 1300 4610 1601 3929 3287 2322 1800 1847 1092
internal_count=23262 14390 1981 12409 8872 3348 9061 5580 2832 7868 7130 3481 2180 5059 3759 6251 1062 2852 1597 1255 3221 2640 5217 1034 1300 4610 1601 3929 3287 2322 1800 1847 1092
is_linear=0
shrinkage=0.0329122


Tree=39
num_leaves=34
num_cat=0
split_feature=25 37 36 25 27 27 0 39 20 8 7 24 0 42 48 9 15 31 37 13 20 13 4 27 20 39 7 40 45 0 12 48 31
split_gain=0.000435693 0.000182931 0.000108873 8.79086e-05 5.73607e-05 3.62867e-05 3.48017e-05 3.3319e-05 3.29767e-05 3.92818e-05 2.84827e-05 2.46241e-05 2.21936e-05 3.63563e-05 1.96202e-05 1.91479e-05 1.90686e-05 1.48299e-05 1.30425e-05 1.28937e-05 1.08132e-05 1.03066e-05 9.30563e-06 7.07887e-06 9.84484e-06 8.67344e-06 6.69697e-06 6.24004e-06 5.85464e-06 5.80385e-06 5.52453e-06 9.74569e-07 8.30625e-07
threshold=-0.97814289503695384 -0.0034188134087615447 -0.0013559328266281032 -0.98473307571521806 -264.46468050488471 643.63181348957937 81.500000000000014 -0.0013995808113455019 5.2967967967967979 0.44999999999999934 0.31534810041255379 1999.9999999999579 169.50000000000003 0.0030303030303030502 66.377040483917014 -0.48310733689448931 0.16470140955298954 94.500000000000014 0.001668057874234852 -0.10053430872646081 0.91785933346963822 -0.14391312601854614 -0.64810859834410917 3.2651843388657027 1.1308051761322793 0.0010085731258747679 0.81441554326535337 0.0080580229598462578 -0.0010272216371812746 50.500000000000007 -0.46942670197850128 46.13604667684946 121.50000000000001
decision_type=8 8 8 10 10 10 10 8 10 10 8 10 10 10 2 8 10 2 10 10 8 10 8 8 10 10 10 8 10 10 10 2 2
left_child=3 -2 6 8 10 11 7 -3 9 12 15 14 13 16 17 -4 18 -6 22 20 -12 -7 -1 25 -25 30 28 -22 -19 -16 -24 32 -29
right_child=1 2 4 -5 5 21 -8 -9 -10 -11 19 -13 -14 -15 29 -17 -18 26 -20 -21 27 -23 23 24 -26 -27 -28 31 -30 -31 -32 -33 -34
leaf_value=-7.1186164897319439e-06 1.8341399098786919e-05 1.5378440355451336e-05 -1.5066623741599103e-06 -1.4885924070498948e-05 -1.0522787439600474e-06 -4.8705999825304287e-06 1.5863481178662692e-06 6.663346657173388e-06 3.1305607968576457e-06 -1.3385095385521835e-05 -4.1415714695199029e-06 1.0041478477909328e-05 1.3751823028656102e-06 -1.1973209843560531e-05 4.8289247966638936e-06 -9.5471150407614767e-06 1.3873626231020822e-06 7.4697830277367141e-06 -8.6880268198021034e-06 4.8026869734182342e-06 3.1367024107239426e-06 9.2532647275377722e-07 -2.6154683843318877e-06 -8.552496935080227e-06 -2.4691233683732377e-06 -4.8307251523020646e-06 8.5306902887451559e-07 7.8033508948939985e-07 2.9729921980281262e-06 9.5287792762671279e-06 1.8028962176998424e-06 -1.847917446316772e-06 -9.3963828242631648e-07
leaf_weight=841 853 949 629 1004 984 530 546 952 563 576 759 796 645 723 538 655 606 646 785 536 644 891 590 532 629 740 523 564 610 605 638 520 660
leaf_count=841 853 949 629 1004 984 530 546 952 563 576 759 796 645 723 538 655 606 646 785 536 644 891 590 532 629 740 523 564 610 605 638 520 660
internal_value=2.18184e-08 3.55857e-06 2.62705e-06 -5.71462e-06 1.24057e-06 3.37246e-06 8.9106e-06 1.10141e-05 -4.54428e-06 -5.13581e-06 -1.38744e-06 4.76532e-06 -4.42964e-06 -5.04508e-06 3.69004e-06 -5.60847e-06 -4.11069e-06 2.18963e-06 -4.81144e-06 8.40689e-08 -7.19538e-07 -1.23626e-06 -4.04485e-06 -3.21863e-06 -5.25688e-06 -2.01606e-06 3.98292e-06 3.68023e-07 5.28601e-06 7.3168e-06 -3.19747e-07 -6.54226e-07 -1.46915e-07
internal_weight=23262 14390 13537 8872 11090 6123 2447 1901 7868 7305 4967 4702 6729 6084 3906 1284 5361 2763 4755 3683 3147 1421 3970 3129 1161 1968 1779 2388 1256 1143 1228 1744 1224
internal_count=23262 14390 13537 8872 11090 6123 2447 1901 7868 7305 4967 4702 6729 6084 3906 1284 5361 2763 4755 3683 3147 1421 3970 3129 1161 1968 1779 2388 1256 1143 1228 1744 1224
is_linear=0
shrinkage=0.0329122


Tree=40
num_leaves=35
num_cat=0
split_feature=25 39 18 38 55 55 27 27 44 52 27 18 24 48 15 42 25 42 13 36 23 13 15 48 48 31 43 31 55 3 37 3 48 36
split_gain=0.00043847 0.000182138 0.00013475 0.000103156 9.23056e-05 9.66232e-05 5.49958e-05 5.42358e-05 4.15985e-05 3.8702e-05 3.41473e-05 3.06619e-05 2.74316e-05 2.15339e-05 1.87586e-05 2.13039e-05 2.20763e-05 1.89238e-05 1.84857e-05 1.64536e-05 1.63598e-05 1.70371e-05 1.46317e-05 1.43727e-05 1.3909e-05 1.71872e-05 1.97699e-05 1.0453e-05 9.77534e-06 8.53688e-06 5.39977e-06 5.05903e-06 3.6984e-06 3.18346e-06
threshold=-0.33333333333332538 -0.003129898119122287 -0.75244572289904144 -0.0014609211593460956 1.0000000180025095e-35 -4914.4999999999991 -208.22811337056467 -1358.1887546423307 0.0016792623089504357 0.20848853629975114 643.63181348957937 -0.092787288270569132 -1999.9999999999925 28.64089681968731 0.032673903443609299 -0.001282874164774017 -0.99002998003988751 0.0016246964417696577 -0.032358578291631461 0.0012040943557624086 1.0000000180025095e-35 -0.23071449411060257 0.030702860700575506 75.137810978001369 65.5650641986051 99.500000000000014 -0.0012682313279677169 154.50000000000003 38912.500000000007 0.070420396555972944 -0.0012338067619612756 -0.1718569986037207 5.453170862421497 -0.0010015025045084778
decision_type=8 8 10 8 2 2 8 10 10 10 10 10 8 2 8 8 10 8 8 10 10 8 10 2 2 2 10 2 2 2 10 2 2 10
left_child=4 2 -2 11 5 -1 -6 8 20 12 22 13 -8 -3 28 -16 17 19 -18 29 21 -5 -9 -19 25 -24 -27 -12 -14 31 32 -17 -23 -28
right_child=1 3 -4 7 6 -7 9 10 -10 -11 27 -13 14 -15 15 16 18 23 -20 -21 -22 30 24 -25 -26 26 33 -29 -30 -31 -32 -33 -34 -35
leaf_value=-4.4403814841502484e-06 2.6754067707891345e-05 6.2379511893628106e-06 5.9598670642821139e-06 -6.4742023646376806e-06 4.9834881798173472e-06 -2.3198187616189607e-05 -9.3484922995532392e-06 -1.059426383307739e-07 -8.7841254357023059e-06 -1.3597474702380781e-05 1.5363996219764848e-06 2.7883082687033262e-06 -9.5464520507428194e-06 1.4505837949647391e-05 -8.7147347953263337e-06 -6.2494489708606539e-07 6.6579786773568788e-06 -1.041614740052544e-05 -2.063361532484753e-06 -6.3137609535406829e-06 5.2565323015690576e-06 -4.4878350745974104e-07 1.7319137493085042e-07 -2.8962768890629981e-06 8.9534635264374891e-06 1.1540805624265755e-05 5.64372470068511e-06 -4.3520891983490998e-06 -3.7758073678121937e-06 -2.7573560563248087e-06 -2.0611779419366255e-06 3.6927724037721624e-06 2.4340592131767689e-06 2.1512776077325215e-06
leaf_weight=590 608 522 759 519 663 600 1005 539 715 516 704 589 738 986 560 558 524 563 529 610 525 959 736 539 1017 519 532 609 559 799 923 621 969 604
leaf_count=590 608 522 759 519 663 600 1005 539 715 516 704 589 738 986 560 558 524 563 529 610 525 959 736 539 1017 519 532 609 559 799 923 621 969 604
internal_value=-7.66397e-08 3.82752e-06 1.52087e-05 2.52742e-06 -5.29603e-06 -1.38983e-05 -4.13063e-06 1.11891e-06 -1.48711e-06 -4.87473e-06 3.40294e-06 9.15677e-06 -4.28287e-06 1.1644e-05 -3.51147e-06 -2.64366e-06 -1.92681e-06 -3.12631e-06 2.27639e-06 -1.5882e-06 -1.47543e-07 -9.89492e-07 4.93241e-06 -6.73831e-06 5.72933e-06 4.35787e-06 6.21871e-06 -1.19464e-06 -7.05951e-06 -1.30756e-07 8.87243e-09 1.64908e-06 9.99995e-07 3.78703e-06
internal_weight=23308 13334 1367 11967 9974 1190 8784 9870 4610 8121 5260 2097 7605 1508 6600 5303 4743 3690 1053 2588 3895 3370 3947 1102 3408 2391 1655 1313 1297 1978 2851 1179 1928 1136
internal_count=23308 13334 1367 11967 9974 1190 8784 9870 4610 8121 5260 2097 7605 1508 6600 5303 4743 3690 1053 2588 3895 3370 3947 1102 3408 2391 1655 1313 1297 1978 2851 1179 1928 1136
is_linear=0
shrinkage=0.0329122


Tree=41
num_leaves=36
num_cat=0
split_feature=25 20 37 1 17 27 37 0 42 20 37 24 9 31 15 10 36 0 42 44 38 48 4 1 39 27 23 9 26 10 42 7 4 30 31
split_gain=0.000410084 0.000176965 0.000168695 7.31272e-05 6.75053e-05 5.53622e-05 6.3584e-05 5.09559e-05 4.08917e-05 3.5205e-05 2.89184e-05 2.54488e-05 2.48823e-05 2.17361e-05 2.14651e-05 2.13116e-05 1.92419e-05 1.54428e-05 1.83298e-05 1.54362e-05 1.49454e-05 1.41408e-05 1.31227e-05 1.39612e-05 1.10083e-05 1.01664e-05 1.30377e-05 8.04299e-06 9.91069e-06 6.21764e-06 1.07735e-05 5.93264e-06 2.24791e-06 5.86828e-07 5.57718e-07
threshold=-0.33333333333332538 2.8698475437605877 -0.0030959752321980667 1333.9119942497821 -0.1747009341319333 -208.22811337056467 0.0030911974926423062 74.500000000000014 -0.002791348184162767 19.801282051282055 0.0015540024921998354 1000.9999999999965 -0.28598691384950919 26.500000000000004 0.051987532700400303 -1.4539473684210522 -0.0012307696968595903 74.500000000000014 0.0015071598611642314 -0.0010735376147296691 -0.00138985473651676 80.401304561262592 -0.18422152063361927 47.803365053036153 0.0011997604797314711 -62.84574796343157 1.0000000180025095e-35 -0.4754575567972697 -0.0077641846903023556 -1.5103383458646613 -0.0010643962567692953 0.19687345475281828 -0.33367221555835108 14.500000000000002 117.50000000000001
decision_type=8 10 8 10 10 8 10 10 10 10 10 10 10 2 10 10 10 10 10 10 8 2 10 10 8 8 10 10 8 8 10 10 10 2 2
left_child=3 4 -3 5 10 -1 12 8 -6 11 20 14 13 -7 -4 -10 -17 18 24 -16 -2 32 23 -14 27 31 29 28 -15 -27 33 -22 -19 -31 -35
right_child=1 2 9 -5 7 6 -8 -9 15 -11 -12 -13 22 17 19 16 -18 21 -20 -21 25 -23 -24 -25 -26 26 -28 -29 -30 30 -32 -33 -34 34 -36
leaf_value=4.9269554885902328e-06 5.2026763425656775e-06 2.6470867184353218e-05 -1.0404794026871273e-07 -1.6526190207383881e-05 1.5296271896029709e-05 -9.2755903122944602e-06 -1.3892178288067701e-05 -2.583224253037252e-06 1.0588796596556939e-06 1.4051725997908726e-05 -8.1352109137862911e-06 1.1779474372447343e-05 -5.7540080799455552e-06 -5.8991958443379661e-06 2.5092549267690505e-06 1.2486360074203159e-05 4.5016142122048512e-06 -5.1166900691614631e-07 -7.5279367493932204e-06 9.9949027821014719e-06 -6.0310113231372041e-06 4.4865939826823587e-06 -4.0786374657579023e-06 -1.291134882934671e-05 -5.909970947813415e-06 2.2932689421828227e-06 4.4773824189000158e-06 1.9465766635864931e-06 -4.1517953270484442e-07 -7.5145451561087517e-07 -4.3089523225334438e-06 -1.0984667419465601e-06 -3.584369453231558e-06 1.1767397503114552e-06 -2.7238585373963702e-07
leaf_weight=639 519 555 937 574 521 570 810 770 878 598 534 515 549 568 554 537 836 515 981 647 521 549 766 639 698 603 622 638 961 575 911 536 517 648 517
leaf_count=639 519 555 937 574 521 570 810 770 878 598 534 515 549 568 554 537 836 515 981 647 521 549 766 639 698 603 622 638 961 575 911 536 517 648 517
internal_value=-7.4118e-08 3.70155e-06 9.70066e-06 -5.12174e-06 1.30515e-06 -4.42531e-06 -5.10746e-06 4.90654e-06 6.98711e-06 6.83764e-06 -8.25801e-07 5.21146e-06 -4.2125e-06 -3.16148e-06 3.62925e-06 5.06383e-06 7.62473e-06 -2.51927e-06 -3.64491e-06 6.5421e-06 -1.09833e-07 2.18883e-07 -7.43807e-06 -9.60398e-06 -2.31525e-06 -6.68808e-07 1.11379e-07 -1.15727e-06 -2.45256e-06 -7.23109e-07 -1.4093e-06 -3.52996e-06 -2.05122e-06 1.08713e-07 5.33455e-07
internal_weight=23308 13334 3806 9974 9528 9400 8761 3542 2772 3251 5986 2653 7951 5997 2138 2251 1373 5427 3846 1201 5452 1581 1954 1188 2865 4933 3876 2167 1529 3254 2651 1057 1032 1740 1165
internal_count=23308 13334 3806 9974 9528 9400 8761 3542 2772 3251 5986 2653 7951 5997 2138 2251 1373 5427 3846 1201 5452 1581 1954 1188 2865 4933 3876 2167 1529 3254 2651 1057 1032 1740 1165
is_linear=0
shrinkage=0.0329122


Tree=42
num_leaves=35
num_cat=0
split_feature=25 20 37 1 17 27 37 0 42 20 13 27 31 9 0 41 31 31 36 0 42 20 40 15 16 22 15 26 2 13 31 15 19 10
split_gain=0.000383535 0.000165508 0.000157773 6.83927e-05 6.32023e-05 5.17781e-05 5.94673e-05 4.72699e-05 5.18008e-05 3.29257e-05 2.90625e-05 2.47682e-05 2.86355e-05 2.3305e-05 2.09937e-05 1.9851e-05 1.95661e-05 1.90882e-05 1.60612e-05 1.43733e-05 1.70677e-05 1.28979e-05 1.10546e-05 1.38847e-05 1.32888e-05 1.05501e-05 1.05428e-05 8.11076e-06 1.1097e-05 7.85952e-06 6.61639e-06 5.98025e-06 5.8549e-06 1.58588e-06
threshold=-0.33333333333332538 2.8698475437605877 -0.0030959752321980667 1333.9119942497821 -0.19925177730318008 -208.22811337056467 0.0030911974926423062 74.500000000000014 -0.003001501501501413 19.801282051282055 -0.20149262814269495 723.98887927626822 113.50000000000001 -0.2938215648854961 7.5000000000000009 -0.00138985473651676 26.500000000000004 189.50000000000003 -0.0010621351906879848 169.50000000000003 0.0016246964417696577 0.48093420574336615 0.0019436364323222046 0.1205681518382296 0.54793233082706772 -0.86254770992366403 0.16313710150889951 -0.0077641846903023556 -0.016633530717213723 -0.10205668049988605 141.50000000000003 0.10071028981796758 -0.049113766055882017 -1.4821428571428565
decision_type=8 10 8 10 10 8 10 10 10 10 8 10 2 10 10 10 2 2 10 10 10 10 8 8 8 10 8 10 2 10 2 10 10 8
left_child=3 4 -3 5 10 -1 13 8 -6 11 14 12 -4 16 -2 -14 -7 18 -10 20 26 -15 23 -12 -24 -22 27 28 -18 -25 -29 -20 -23 -26
right_child=1 2 9 -5 7 6 -8 -9 17 -11 22 -13 15 21 -16 -17 19 -19 31 -21 25 32 24 29 33 -27 -28 30 -30 -31 -32 -33 -34 -35
leaf_value=4.7647989048071071e-06 -8.7906815068918003e-06 2.5599653951652961e-05 2.1994442008501537e-06 -1.5982277649872488e-05 1.5688759890822744e-05 -8.8544450458130857e-06 -1.3434956590112522e-05 -2.4208178650053893e-06 6.5800001518358376e-06 1.3589253450879025e-05 -1.8496460207309099e-06 -1.4313001944865036e-06 1.4798165179901598e-05 -1.0553850423864664e-05 -6.6528165566012883e-07 6.3065789511555325e-06 -8.0472287248059114e-06 8.8848340367358136e-06 2.5933161988402659e-06 2.3757353117421151e-06 -3.3423865375199776e-06 -7.1501940616058989e-06 -5.7196612194287567e-06 1.4146339408826827e-06 -5.9768911114472808e-07 -9.4972668548842566e-06 1.2099236780805026e-06 -3.781934553462926e-06 -1.694217124453128e-06 6.4443246690404101e-06 6.682157091023303e-07 -2.1350200115491346e-06 -2.6619051302651764e-06 1.4971297937783015e-06
leaf_weight=639 763 555 915 574 530 566 810 855 692 598 639 516 517 749 628 705 608 734 583 601 606 692 541 645 991 601 896 644 584 704 826 576 578 647
leaf_count=639 763 555 915 574 530 566 810 855 692 598 639 516 517 749 628 705 608 734 583 601 606 692 541 645 991 601 896 644 584 704 826 576 578 647
internal_value=-7.16795e-08 3.57972e-06 9.3814e-06 -4.95317e-06 1.2622e-06 -4.27967e-06 -4.93937e-06 4.43386e-06 6.3154e-06 6.6126e-06 -1.00324e-06 5.03994e-06 6.60259e-06 -4.07387e-06 -5.12244e-06 9.89936e-06 -3.03427e-06 4.3935e-06 2.61237e-06 -2.42032e-06 -3.02528e-06 -7.12819e-06 3.71751e-07 2.14654e-06 -1.24736e-06 -6.40727e-06 -1.87793e-06 -2.91735e-06 -4.93487e-06 4.03964e-06 -1.28122e-06 2.4323e-07 -5.10767e-06 2.29612e-07
internal_weight=23308 13334 3806 9974 9528 9400 8761 3970 3115 3251 5558 2653 2137 7951 1391 1222 5932 2585 1851 5366 4765 2019 4167 1988 2179 1207 3558 2662 1192 1349 1470 1159 1270 1638
internal_count=23308 13334 3806 9974 9528 9400 8761 3970 3115 3251 5558 2653 2137 7951 1391 1222 5932 2585 1851 5366 4765 2019 4167 1988 2179 1207 3558 2662 1192 1349 1470 1159 1270 1638
is_linear=0
shrinkage=0.0329122


Tree=43
num_leaves=36
num_cat=0
split_feature=25 38 20 36 55 1 27 27 20 1 1 37 27 47 43 10 8 31 43 36 42 13 13 31 37 9 20 31 20 47 23 2 26 31 55
split_gain=0.000358705 0.000154796 0.000127503 8.6768e-05 8.07003e-05 0.000114737 5.46213e-05 4.61767e-05 4.02232e-05 4.27939e-05 8.18565e-05 4.02149e-05 3.13891e-05 2.93581e-05 2.38565e-05 2.11884e-05 2.22299e-05 1.92325e-05 4.03026e-05 1.89977e-05 1.56476e-05 1.53709e-05 1.52622e-05 1.43097e-05 1.08911e-05 1.06686e-05 8.72979e-06 6.55414e-06 6.51397e-06 6.1247e-06 8.58801e-06 6.00917e-06 5.92357e-06 5.29636e-07 1.797e-07
threshold=-0.33333333333332538 -0.0031331601232976176 2.52521186440678 -0.0013559328266281032 1.0000000180025095e-35 113.9514485094851 -1358.1887546423307 -264.46468050488471 0.81091721642902759 129.99197032201749 160.92597525895732 0.0012861741653515948 723.98887927626822 135.80246913582883 -0.001221747554265906 -1.6146616541353376 0.050000000000002494 100.50000000000001 -0.0016353240696169167 0.0012399260810340709 -0.0012143295308426614 -0.14391312601854614 -0.21026775794783611 119.50000000000001 0.0015140054096182134 -0.31667032785984944 1.4810240530030248 208.50000000000003 0.35280987394957991 -127.4509803921559 -1.2499999999999998 -0.16866451820046932 0.00016323589830240749 92.500000000000014 2553.0000000000005
decision_type=8 8 10 8 2 10 10 8 10 10 10 10 10 8 8 8 10 2 8 8 8 8 10 2 10 10 10 2 10 10 10 2 8 2 2
left_child=4 2 -2 15 5 -1 11 -6 9 19 -11 14 17 24 -5 -3 -17 20 -19 27 -8 -16 -12 -14 25 26 -10 28 -9 30 33 -20 -33 -23 -35
right_child=1 3 -4 6 7 -7 12 8 13 10 22 -13 23 -15 21 16 -18 18 31 -21 -22 29 -24 -25 -26 -27 -28 -29 -30 -31 -32 32 -34 34 -36
leaf_value=-2.9347444400604158e-06 3.8031456978813231e-06 3.0569948434778716e-06 2.5104368265487633e-05 6.1553819465860688e-06 5.5234644676606888e-06 -2.338488957515917e-05 -2.6216129470199947e-06 -5.3430009719057431e-06 -3.2399519535560005e-06 -1.9179785332105238e-05 -7.0964215618236109e-07 -1.0142828828054139e-05 3.2496634210155157e-06 5.2159712762692998e-06 -5.8704014814864022e-06 1.3464401804046861e-05 5.3331363078914009e-06 1.4350411642447539e-05 6.7187295625277287e-06 -7.9570637316819939e-06 4.3892822526975918e-06 -1.4475750133024935e-06 -8.3881615778269577e-06 -3.643157305694812e-06 -7.0924197896245569e-06 -5.1702840205925482e-06 1.4987358656840411e-06 7.8727527915496475e-07 -6.6576661113143521e-07 -3.586693776892584e-06 4.0348947071907608e-06 5.4128565342854403e-06 7.7800310075627625e-07 9.7717444817226543e-08 -7.1643355091934063e-07
leaf_weight=614 598 592 620 515 551 576 540 745 752 694 525 525 533 557 681 960 587 560 707 829 954 686 602 841 572 811 957 620 569 528 528 550 654 606 569
leaf_count=614 598 592 620 515 551 576 540 745 752 694 525 525 533 557 681 960 587 560 707 829 954 686 602 841 572 811 957 620 569 528 528 550 654 606 569
internal_value=-6.93211e-08 3.46191e-06 1.46463e-05 2.33754e-06 -4.79016e-06 -1.28335e-05 1.04789e-06 -3.70047e-06 -4.31782e-06 -6.37033e-06 -1.02875e-05 -1.56485e-06 3.31763e-06 -1.73933e-06 -4.69862e-07 8.35277e-06 1.03792e-05 4.80319e-06 6.58557e-06 -3.78859e-06 1.85507e-06 -1.41823e-06 -4.81141e-06 -9.69138e-07 -2.99235e-06 -2.06161e-06 -5.86264e-07 -2.00168e-06 -3.3178e-06 -3.78752e-07 3.30149e-07 4.31004e-06 2.89544e-06 -7.20833e-07 -2.96345e-07
internal_weight=23308 13334 1218 12116 9974 1190 9977 8784 8233 4584 1821 4638 5339 3649 4113 2139 1547 3965 2471 2763 1494 3598 1127 1374 3092 2520 1709 1934 1314 2917 2389 1911 1204 1861 1175
internal_count=23308 13334 1218 12116 9974 1190 9977 8784 8233 4584 1821 4638 5339 3649 4113 2139 1547 3965 2471 2763 1494 3598 1127 1374 3092 2520 1709 1934 1314 2917 2389 1911 1204 1861 1175
is_linear=0
shrinkage=0.0329122


Tree=44
num_leaves=37
num_cat=0
split_feature=25 20 38 55 1 17 18 47 44 0 0 20 20 31 45 55 27 36 23 41 11 19 26 13 0 38 29 55 48 47 5 20 16 17 48 55
split_gain=0.000335483 0.000147653 0.000139002 7.54857e-05 0.000105885 5.53776e-05 4.69599e-05 4.39537e-05 3.94286e-05 3.83713e-05 3.64478e-05 3.12457e-05 2.54259e-05 2.9221e-05 2.5057e-05 2.50346e-05 2.32715e-05 2.1918e-05 2.17638e-05 2.10544e-05 2.02619e-05 1.91656e-05 1.89975e-05 1.65581e-05 1.29673e-05 1.28667e-05 1.05831e-05 1.003e-05 9.12556e-06 1.21802e-05 8.805e-06 6.29066e-06 5.55608e-06 4.73048e-06 1.38835e-06 5.45817e-07
threshold=-0.33333333333332538 2.8698475437605877 -0.0031331601232976176 151.50000000000003 113.9514485094851 -0.1747009341319333 0.40433300804938038 126.43678160918422 0.0030983752129982727 120.50000000000001 73.500000000000014 21.954545454545457 2.57217261904762 53.500000000000007 0.0032180229999326797 7182.5000000000009 723.98887927626822 0.0012040943557624086 1.0000000180025095e-35 -0.0012121229930181496 -0.70980054173848794 0.019544737541222549 -0.0005727404261720631 -0.091073640621385843 3.5000000000000004 0.0013431839503500467 15.500000000000002 52710.500000000007 69.568106355832313 -37.0370370370537 0.016341527052135624 5.0098039215686283 0.48870479365835406 -0.2264886684770834 21.88191431795692 274.50000000000006
decision_type=8 10 8 2 10 10 8 8 10 10 10 10 10 2 10 2 10 10 10 10 10 10 10 10 8 10 2 2 2 10 2 10 10 10 2 2
left_child=3 5 -3 4 -1 14 10 8 12 15 21 16 13 -5 18 -9 22 25 24 -8 -20 -7 31 -19 -2 26 27 32 29 34 -23 -4 -15 -14 35 -26
right_child=1 2 11 7 -6 6 19 9 -10 -11 -12 -13 33 17 -16 -17 -18 23 20 -21 -22 30 -24 -25 28 -27 -28 -29 -30 -31 -32 -33 -34 -35 -36 -37
leaf_value=-2.9024544407120952e-06 -4.3981566470050767e-06 2.3768173956368939e-05 7.3241886157611315e-07 -1.1423378322788924e-05 -2.2531367846991248e-05 2.3424858487798244e-07 1.4934828906109712e-05 3.4411324532522632e-06 -1.1216917795279138e-05 8.56731293673079e-06 -5.8427282083230412e-06 1.342160009398214e-05 3.1401305638930665e-06 -2.0697398980971894e-06 -7.5749678438976752e-06 -6.0435281726764354e-06 -1.550500410941547e-06 -4.2207344392616394e-06 8.7614200872802775e-06 5.7791280783013623e-06 -3.9963000460824091e-07 3.8959614460232034e-06 9.480124930959577e-06 -1.1879498205629376e-05 4.3501626335904915e-07 -7.131671008157331e-06 1.4916230003886573e-06 4.7746907392004541e-07 2.5663219383577101e-06 -4.6446877912870807e-06 9.8103530627556359e-06 5.6047912122774456e-06 -6.5853275126597888e-06 -1.316248074180761e-06 1.7770183479452488e-06 -9.9955866149426278e-07
leaf_weight=615 1007 573 540 625 577 839 515 518 890 521 520 538 515 515 534 721 516 707 521 577 525 546 1026 539 580 521 876 625 963 769 545 613 692 517 518 569
leaf_count=615 1007 573 540 625 577 839 515 518 890 521 520 538 515 515 534 721 516 707 521 577 525 546 1026 539 580 521 876 625 963 769 545 613 692 517 518 569
internal_value=-6.70392e-08 3.34797e-06 8.82776e-06 -4.63251e-06 -1.24042e-05 1.15902e-06 4.4209e-06 -3.57761e-06 -4.74331e-06 1.07312e-06 1.89077e-06 6.17973e-06 -3.80369e-06 -4.75704e-06 -7.71036e-07 -2.07801e-06 4.73396e-06 -3.82593e-06 -1.04578e-07 1.00973e-05 4.16316e-06 3.97452e-06 6.22226e-06 -7.53398e-06 -1.11781e-06 -2.39501e-06 -1.48362e-06 -2.90641e-06 -1.45891e-07 -1.21818e-06 6.85066e-06 3.32305e-06 -4.65882e-06 9.07401e-07 3.62361e-07 -2.75205e-07
internal_weight=23308 13334 3806 9974 1192 9528 3542 8782 7022 1760 2450 3233 6132 5100 5986 1239 2695 4475 5452 1092 1046 1930 2179 1246 4406 3229 2708 1832 3399 2436 1091 1153 1207 1032 1667 1149
internal_count=23308 13334 3806 9974 1192 9528 3542 8782 7022 1760 2450 3233 6132 5100 5986 1239 2695 4475 5452 1092 1046 1930 2179 1246 4406 3229 2708 1832 3399 2436 1091 1153 1207 1032 1667 1149
is_linear=0
shrinkage=0.0329122


Tree=45
num_leaves=34
num_cat=0
split_feature=25 20 37 36 28 20 24 38 10 48 31 13 20 36 37 9 31 4 40 19 10 9 27 40 26 12 5 27 13 20 31 45 26
split_gain=0.000311721 0.00013819 0.000142098 7.40272e-05 5.73484e-05 4.3743e-05 4.05916e-05 3.65041e-05 3.43179e-05 3.18397e-05 2.92742e-05 2.85643e-05 2.4903e-05 2.23932e-05 1.97951e-05 1.80523e-05 1.79793e-05 2.00153e-05 1.76722e-05 1.76492e-05 1.4894e-05 1.45115e-05 1.44709e-05 1.2609e-05 1.2446e-05 1.12592e-05 1.10732e-05 1.10016e-05 1.09245e-05 9.87799e-06 9.22489e-06 8.24013e-06 7.10733e-06
threshold=-0.97814289503695384 2.6312656641604018 -0.0031331601232976176 0.003018869644069611 -0.74887743160838305 24.527777777777782 1999.9999999999579 0.0033585246179008714 -0.94924812030075156 72.841980638506257 59.500000000000007 -0.24807350314417517 0.072016949152542378 0.001668057874234852 -0.0013633271501908848 -0.2938215648854961 111.50000000000001 -0.018418419914278016 -0.0015026304499987651 0.11369602106551825 -1.6259398496240596 -0.51405871192157682 -124.98778178659933 0.0012353309221869726 0.0009768117544300234 -0.84803755709693773 0.055824331766133765 3.005163749972569 -0.095578927571082148 1.1308051761322793 135.50000000000003 0.001562534333029775 -0.0078486056724096226
decision_type=8 10 8 10 8 10 10 10 8 2 2 8 10 10 8 8 2 8 10 10 10 10 8 10 8 10 2 8 10 8 2 8 10
left_child=3 4 -3 7 10 6 16 13 9 11 -2 -6 -11 15 -12 20 17 -4 -18 -16 23 31 -13 -1 -14 -17 -23 -24 -27 -29 -31 32 -22
right_child=1 2 5 -5 8 -7 -8 -9 -10 12 14 22 24 -15 19 25 18 -19 -20 -21 21 26 27 -25 -26 28 -28 29 -30 30 -32 -33 -34
leaf_value=-1.5740934866803125e-06 -1.4627874906104098e-06 2.2932608761014956e-05 4.0236623722132122e-06 -1.4080230190889247e-05 -7.6222239250485307e-06 1.396898508831228e-05 1.2283740044970412e-05 -1.2131505002904624e-05 -7.7650778732223505e-06 -2.4696608023317258e-06 1.210226324462776e-05 -4.518993366803028e-06 9.4453256438701273e-06 -8.0157146903623911e-06 8.2531703469469049e-07 -1.9298342346940076e-06 9.6785930613369388e-06 -4.527601936970576e-06 2.1434267206475101e-06 9.130314706161017e-06 -4.9978108165575316e-06 2.8348887740863613e-06 3.9727118573625363e-06 5.0989930945764182e-06 3.2774107322767986e-06 -4.4871749909189597e-06 -3.493352988194486e-06 -3.1261394800156846e-06 -1.0855866161918235e-05 3.3076450913940661e-06 -1.2234371591654368e-06 -7.6947738788549187e-06 -5.4049269969180637e-07
leaf_weight=656 520 582 541 868 668 558 533 551 657 531 629 742 609 969 580 648 516 656 973 531 903 712 786 576 848 654 517 971 527 930 1021 572 679
leaf_count=656 520 582 541 868 668 558 533 551 657 531 629 742 609 969 580 648 516 656 973 531 903 712 786 576 848 654 517 971 527 930 1021 572 679
internal_value=-8.63039e-08 2.9024e-06 7.79445e-06 -4.95312e-06 7.74822e-07 5.46175e-06 3.98698e-06 -3.95833e-06 -5.68403e-07 9.6948e-08 5.38884e-06 -1.27607e-06 3.63182e-06 -3.35079e-06 7.43659e-06 -2.64928e-06 2.34052e-06 -6.62554e-07 4.75483e-06 4.79488e-06 -1.55257e-06 -2.68091e-06 -3.2338e-07 1.54561e-06 5.85565e-06 -5.41643e-06 1.72619e-07 5.16133e-07 -7.32928e-06 -4.13587e-07 9.36316e-07 -4.30914e-06 -3.08486e-06
internal_weight=23214 14382 4359 8832 10023 3777 3219 7964 7763 7106 2260 5118 1988 7413 1740 6444 2686 1197 1489 1111 4615 3383 4450 1232 1457 1829 1229 3708 1181 2922 1951 2154 1582
internal_count=23214 14382 4359 8832 10023 3777 3219 7964 7763 7106 2260 5118 1988 7413 1740 6444 2686 1197 1489 1111 4615 3383 4450 1232 1457 1829 1229 3708 1181 2922 1951 2154 1582
is_linear=0
shrinkage=0.0329122


Tree=46
num_leaves=34
num_cat=0
split_feature=25 20 28 29 36 31 20 37 20 38 48 1 27 27 36 13 0 31 20 19 15 27 13 1 36 1 26 18 45 0 3 0 55
split_gain=0.00029154 0.000129346 0.000110964 8.05778e-05 6.92345e-05 5.18634e-05 5.15291e-05 3.5282e-05 3.4216e-05 3.41407e-05 2.8341e-05 2.73153e-05 2.17656e-05 2.61939e-05 2.09434e-05 2.00519e-05 1.79718e-05 1.74025e-05 1.78764e-05 1.72757e-05 1.62546e-05 1.44632e-05 1.32801e-05 1.61041e-05 1.2504e-05 1.18184e-05 1.06459e-05 9.25123e-06 8.62692e-06 9.94596e-06 7.52069e-06 6.10882e-06 1.23099e-06
threshold=-0.97814289503695384 31.708333333333336 -0.99775511321496635 8.5000000000000018 0.003018869644069611 26.500000000000004 2.6312656641604018 -0.0013976247216470614 0.12844621730163899 0.0033585246179008714 70.668705638881207 129.50153074195876 101.41367493575659 -23.994810456964675 0.001668057874234852 -0.066830449942136536 3.5000000000000004 205.50000000000003 0.20330810268569607 0.074359079049774138 0.24427884047793039 -32.584413696547507 -0.090634092821236842 235.38924304427633 -0.0013377932406989921 40.604182068407049 -0.0072221889638114959 -0.22824530376881283 -0.0010015025045084778 7.5000000000000009 0.045094932767424468 87.500000000000014 2553.0000000000005
decision_type=8 10 8 2 10 2 10 8 8 10 2 8 10 10 10 10 10 2 10 10 8 10 10 10 8 10 10 10 10 10 2 8 2
left_child=4 2 3 24 9 11 8 -8 -7 14 12 -4 13 28 17 16 -12 18 -1 -15 27 -19 23 25 -2 -20 -24 -9 31 -30 -23 -10 -33
right_child=1 -3 5 -5 -6 6 7 20 10 -11 15 -13 -14 19 -16 -17 -18 21 22 -21 -22 30 26 -25 -26 -27 -28 -29 29 -31 -32 32 -34
leaf_value=-7.8469011888892997e-06 6.9651114000843699e-06 1.8986787255949884e-05 -9.6928106427958688e-06 1.6932835386646147e-05 -1.3616819264348087e-05 -6.9030376847200379e-06 1.2176060129675395e-05 8.7553886495546336e-06 2.7780492417143094e-06 -1.1732231168008371e-05 -2.1469062723113376e-06 -1.2386737722460667e-07 -5.0393710234006152e-06 1.2054700384234223e-06 -7.7519003832169324e-06 1.0070212236466261e-05 5.4776447379736507e-06 4.6981267368252256e-06 5.044619346950785e-07 8.0950082728856805e-06 -2.6851736039189608e-07 5.2643026690957928e-07 -7.4897947111525894e-06 3.8616918554949142e-06 -2.7655774591840035e-07 -5.1810306539160299e-06 -2.1247271489343557e-06 2.9648668206145729e-06 -6.0942082031769175e-06 -6.0115974309700386e-09 -4.5913796399124554e-06 -1.564048151571564e-07 -2.310284761195642e-06
leaf_weight=881 518 516 686 874 868 628 689 606 702 551 550 611 824 920 969 518 856 539 718 690 755 701 832 558 515 883 773 590 623 545 559 651 515
leaf_count=881 518 516 686 874 868 628 689 606 702 551 550 611 824 920 969 518 856 539 718 690 755 701 832 558 515 883 773 590 623 545 559 651 515
internal_value=-8.34644e-08 2.80688e-06 2.20475e-06 9.57777e-06 -4.79011e-06 1.02902e-06 1.78498e-06 5.77342e-06 4.72375e-07 -3.82806e-06 1.09883e-06 -5.18518e-06 -1.09593e-07 7.64687e-07 -3.24052e-06 4.53453e-06 2.49491e-06 -2.56209e-06 -3.6265e-06 4.15827e-06 3.5122e-06 1.86068e-07 -2.63861e-06 -9.52925e-07 3.35457e-06 -2.63112e-06 -4.90601e-06 5.89905e-06 -1.03487e-06 -3.25359e-06 -1.74391e-06 3.52311e-07 -1.10793e-06
internal_weight=23214 14382 13866 1907 8832 11959 10662 2640 8022 7964 7394 1297 5470 4646 7413 1924 1406 6444 4645 1610 1951 1799 3764 2159 1033 1601 1605 1196 3036 1168 1260 1868 1166
internal_count=23214 14382 13866 1907 8832 11959 10662 2640 8022 7964 7394 1297 5470 4646 7413 1924 1406 6444 4645 1610 1951 1799 3764 2159 1033 1601 1605 1196 3036 1168 1260 1868 1166
is_linear=0
shrinkage=0.0329122


Tree=47
num_leaves=34
num_cat=0
split_feature=28 36 55 26 9 43 10 38 16 28 1 13 1 41 40 0 13 9 55 10 40 37 19 1 9 13 13 5 13 55 10 55 31
split_gain=0.000217499 0.000112999 0.000110628 7.42107e-05 6.19441e-05 4.96799e-05 3.51649e-05 4.00823e-05 3.41355e-05 3.22952e-05 3.73742e-05 3.4757e-05 2.87047e-05 2.84981e-05 2.44236e-05 2.09557e-05 3.33715e-05 1.8221e-05 1.46042e-05 1.45658e-05 1.39034e-05 1.2251e-05 1.17001e-05 1.16138e-05 1.09e-05 1.66325e-05 1.64558e-05 1.03287e-05 9.79095e-06 5.84834e-06 5.64306e-06 2.51079e-06 9.12751e-07
threshold=-0.74887743160838305 0.003018869644069611 1308.0000000000002 -0.0034732241206969065 -0.66532945300189716 -0.0016038502695805976 -1.6381578947368416 0.001823155571510249 0.4942672167006768 -0.99850249550848347 81.132177558986015 -0.2792488196045419 235.38924304427633 -0.0013504395083342444 0.0016220610831632067 12.500000000000002 -0.13833363203440976 -0.3243759026201774 10576.000000000002 -1.9539473684210522 0.0014214648260700848 0.0013633271501909407 0.12770457682921335 33.259454206864923 -0.2938215648854961 -0.096310724128939776 -0.2540274489172471 -0.059377348418878498 -0.088515619462625608 8342.5000000000018 -1.3975563909774429 4435.5000000000009 125.50000000000001
decision_type=8 10 2 8 10 8 10 10 10 10 10 8 10 8 10 8 10 8 2 10 8 8 8 10 10 10 10 2 10 2 10 2 2
left_child=2 3 -1 6 -3 12 8 14 19 -4 23 -12 18 -7 24 16 21 28 -5 -2 -18 -15 -19 -11 26 -26 -8 -28 -17 -29 -30 32 -24
right_child=1 4 9 5 -6 13 7 -9 -10 10 11 -13 -14 15 -16 17 20 22 -20 -21 -22 -23 31 -25 25 -27 27 29 30 -31 -32 -33 -34
leaf_value=2.1252766496719424e-05 -5.8756997426015633e-06 -3.9869827140108766e-06 -1.7657398337066424e-06 1.3258958400286925e-05 -1.9531162212735757e-05 5.8276701489398625e-06 -5.6839728460136729e-06 -1.1951243972961011e-05 5.583380522640628e-06 6.8409206657691778e-06 5.3942556108245322e-06 1.727107007869906e-05 3.042961356925605e-07 -3.9298740845573128e-06 -9.022802870423684e-06 5.4281392907497916e-06 2.601495203697043e-06 -3.9527849744768571e-06 5.5344686036909517e-06 1.0827779477253194e-06 -4.0108796448372297e-06 -1.0374959578300843e-05 -1.3808238635056385e-06 1.0411310731734372e-06 -1.4479374768124299e-06 -9.3002022990252834e-06 2.3594143569701922e-06 4.5185134101581268e-07 -1.2657484068153027e-06 -3.7631311659314159e-06 3.3725806766194935e-06 1.9872953514449246e-06 4.7940535128226171e-07
leaf_weight=518 766 561 637 538 550 819 818 700 831 608 542 526 572 724 757 965 1028 984 523 567 518 572 592 972 588 581 964 607 602 864 538 730 552
leaf_count=518 766 561 637 538 550 819 818 700 831 608 542 526 572 724 757 965 1028 984 523 567 518 572 592 972 588 581 964 607 602 864 538 730 552
internal_value=-8.07184e-08 -1.49082e-06 7.11658e-06 -8.72082e-07 -1.16823e-05 9.83836e-07 -3.23891e-06 -4.55923e-06 3.47938e-07 4.88743e-06 6.488e-06 1.12439e-05 6.24762e-06 -1.2862e-08 -3.56007e-06 -6.25754e-07 -2.87939e-06 6.64717e-07 9.45153e-06 -2.9157e-06 3.85817e-07 -6.77464e-06 -1.04668e-06 3.27309e-06 -2.62486e-06 -5.35076e-06 -1.64521e-06 -2.88353e-07 2.98842e-06 -2.02369e-06 9.23017e-07 4.79141e-07 -4.83031e-07
internal_weight=23214 19411 3803 18300 1111 10257 8043 5879 2164 3285 2648 1068 1633 8624 5179 7805 2842 4963 1061 1333 1546 1296 2858 1580 4422 1169 3253 2435 2105 1471 1140 1874 1144
internal_count=23214 19411 3803 18300 1111 10257 8043 5879 2164 3285 2648 1068 1633 8624 5179 7805 2842 4963 1061 1333 1546 1296 2858 1580 4422 1169 3253 2435 2105 1471 1140 1874 1144
is_linear=0
shrinkage=0.0329122


Tree=48
num_leaves=36
num_cat=0
split_feature=25 20 28 39 36 31 20 20 38 48 1 18 39 48 36 39 9 13 0 31 25 20 13 28 41 24 47 1 9 44 0 31 55 11 48
split_gain=0.000257652 0.000119815 9.77075e-05 6.60717e-05 6.09078e-05 4.8362e-05 4.70123e-05 3.14477e-05 3.09709e-05 2.64835e-05 2.58874e-05 2.1709e-05 2.04437e-05 2.0215e-05 1.90663e-05 1.89969e-05 2.23199e-05 1.86322e-05 1.63335e-05 1.6282e-05 1.69506e-05 1.66742e-05 1.53432e-05 1.16286e-05 1.40414e-05 1.09901e-05 9.30498e-06 1.12681e-05 8.64986e-06 9.27104e-06 1.03401e-05 7.8165e-06 7.01241e-06 5.0605e-06 3.16249e-06
threshold=-0.97814289503695384 31.708333333333336 -0.99775511321496635 -0.003129898119122287 0.003018869644069611 26.500000000000004 2.6312656641604018 0.12844621730163899 0.0033585246179008714 70.668705638881207 129.50153074195876 -0.079667428455157119 -0.0013504395083342444 37.746330450944178 0.001668057874234852 -0.0010095913728607739 -0.20990010366600695 -0.066830449942136536 3.5000000000000004 205.50000000000003 -0.99200643080209294 0.54654773941932699 -0.2792488196045419 -0.74988752436909512 0.0015710928783704283 -500.83333333334036 80.808080808064318 61.372797724246347 -0.28224701507144251 0.0012461064027353699 29.500000000000004 178.50000000000003 17018.000000000004 -0.4493057312753036 17.756615532695108
decision_type=8 10 8 8 10 2 10 8 10 2 8 10 8 2 10 8 10 10 10 2 10 10 10 10 8 8 8 10 10 8 10 2 2 8 2
left_child=4 2 3 -2 8 10 7 -7 14 15 -4 12 -8 -14 19 16 -9 18 -11 20 21 26 -5 34 31 -21 27 -1 29 30 -23 33 -27 -25 -17
right_child=1 -3 5 22 -6 6 11 9 -10 17 -12 -13 13 -15 -16 23 -18 -19 -20 25 -22 28 -24 24 -26 32 -28 -29 -30 -31 -32 -33 -34 -35 -36
leaf_value=-3.6210212324797252e-06 1.8827158489449471e-05 1.8211474973912688e-05 -9.4326840898890167e-06 1.9510822471952868e-06 -1.2781644196863078e-05 -6.6382099900599575e-06 1.2395739758967486e-05 6.1845284562769786e-06 -1.1128670653028886e-05 -2.0369149031614105e-06 -1.1719032125055872e-07 5.3673115288068696e-07 4.1589810403309878e-07 8.5589590648193573e-06 -7.3452187273285178e-06 -9.4627375248760396e-08 -2.365425476220674e-06 9.6904611855462837e-06 5.2317778501588749e-06 -3.7208855208926154e-06 -8.1351172748297222e-06 -4.6247508940780932e-06 8.9260671209551518e-06 -4.7811061226868944e-06 -7.3952880409835374e-06 4.5013406802914824e-06 -1.5563093729256668e-06 -1.0346865170016335e-05 -4.3057772087805559e-06 3.662126244246152e-06 1.5804003550706845e-06 1.6219675570694847e-06 -3.9622420145152211e-07 -9.0114501857960609e-07 3.1302069517692161e-06
leaf_weight=551 532 516 686 741 868 628 591 921 551 550 611 702 580 767 969 862 516 518 856 529 702 556 634 684 525 602 520 529 579 598 610 650 668 779 533
leaf_count=551 532 516 686 741 868 628 591 921 551 550 611 702 580 767 969 862 516 518 856 529 702 556 634 684 525 602 520 529 579 598 610 650 668 779 533
internal_value=-7.80608e-08 2.6391e-06 2.05959e-06 8.97818e-06 -4.50271e-06 9.5632e-07 1.68632e-06 4.32558e-07 -3.60035e-06 1.03314e-06 -5.04445e-06 5.49595e-06 7.2922e-06 5.05284e-06 -3.04075e-06 -1.35013e-07 3.11424e-06 4.35434e-06 2.38824e-06 -2.39344e-06 -3.42302e-06 -2.58403e-06 5.16735e-06 -1.29281e-06 -2.57799e-06 2.64771e-07 -5.17401e-06 -6.91565e-06 -8.15272e-07 3.30292e-07 -1.37829e-06 -1.38097e-06 1.92512e-06 -2.71531e-06 1.13735e-06
internal_weight=23214 14382 13866 1907 8832 11959 10662 8022 7964 7394 1297 2640 1938 1347 7413 5470 1437 1924 1406 6444 4645 3943 1375 4033 2638 1799 1600 1080 2343 1764 1166 2113 1270 1463 1395
internal_count=23214 14382 13866 1907 8832 11959 10662 8022 7964 7394 1297 2640 1938 1347 7413 5470 1437 1924 1406 6444 4645 3943 1375 4033 2638 1799 1600 1080 2343 1764 1166 2113 1270 1463 1395
is_linear=0
shrinkage=0.0329122


Tree=49
num_leaves=36
num_cat=0
split_feature=25 20 37 37 28 24 10 48 31 20 31 31 13 44 20 36 10 28 18 38 38 15 20 31 13 10 38 25 15 29 1 18 29 18 1
split_gain=0.000240971 0.000112376 0.00012381 6.04132e-05 4.29715e-05 3.89127e-05 3.12762e-05 2.7681e-05 2.677e-05 2.62629e-05 2.60563e-05 2.47011e-05 2.45667e-05 2.40146e-05 2.04397e-05 1.97686e-05 1.76905e-05 3.02667e-05 1.67543e-05 1.66347e-05 1.54807e-05 1.53225e-05 1.32465e-05 1.2228e-05 1.12149e-05 1.08033e-05 9.6616e-06 8.04972e-06 1.23649e-05 6.35066e-06 6.56534e-06 5.85301e-06 4.75854e-06 4.24519e-06 9.07437e-06
threshold=-0.97814289503695384 2.6312656641604018 -0.0031331601232976176 0.0030911974926423062 -0.74887743160838305 1999.9999999999579 -0.94924812030075156 72.841980638506257 59.500000000000007 21.954545454545457 26.500000000000004 46.500000000000007 -0.24807350314417517 -0.0028030847682691813 0.072016949152542378 0.001668057874234852 -1.459586466165413 -0.99634683855938355 -0.079667428455157119 0.0018433195381678538 0.0017969466437621764 0.028453318591927141 0.59510698787969485 240.50000000000003 -0.059452790890981266 -1.4050751879699244 -0.0010531861793577899 -0.99468368944419394 0.15884016436705195 8.5000000000000018 40.534976447573719 0.17572570038542895 20.500000000000004 0.083010819159374069 27.906421395889875
decision_type=8 10 8 10 8 10 8 2 2 10 2 2 8 10 10 8 10 10 10 10 8 10 8 2 8 10 8 10 8 2 10 8 2 8 10
left_child=3 4 -3 10 8 9 7 12 -2 13 -1 -12 -6 -4 -9 19 -10 -18 21 23 -17 -15 25 27 -16 -14 -24 28 29 -13 -31 -29 33 -28 -35
right_child=1 2 5 -5 6 -7 -8 14 16 -11 11 15 22 18 24 20 17 -19 -20 -21 -22 -23 26 -25 -26 -27 32 31 -30 30 -32 -33 -34 34 -36
leaf_value=-1.0198319858880669e-05 -1.9243869355825443e-06 2.1094246960391266e-05 -4.1632272696303788e-06 -1.2033146043826812e-05 -7.0594626154668502e-06 1.2339309070832053e-05 -7.3994322395052852e-06 -2.1256328031950134e-06 2.1528908396472192e-06 1.0069173538537381e-05 3.9873546265171497e-06 -5.6282415278575751e-07 -6.4922025205931036e-06 8.0938048791038316e-07 3.0139531620510947e-06 -1.0270713124815762e-05 1.4819088821420842e-05 3.9548814335482361e-06 -1.1732697239081121e-06 -7.8078018587130346e-06 -2.8807301693609583e-06 7.7944795181018245e-06 4.2525178347638802e-06 1.9031256381013668e-06 8.8875446034611825e-06 6.2575259286562859e-09 -1.8916276373771285e-06 -6.2717872298624921e-06 2.5894133754350857e-06 -1.8318873513400348e-06 -6.6577625242619788e-06 -2.0497857770633274e-06 -2.5429207702011559e-06 -4.4504315347341817e-07 4.8949237039202645e-06
leaf_weight=565 520 582 547 986 668 618 657 531 625 520 529 843 583 517 861 721 525 590 580 582 535 995 678 764 596 528 521 885 605 603 619 595 672 915 553
leaf_count=565 520 582 547 986 668 618 657 531 625 520 529 843 583 517 861 721 525 590 580 582 535 995 678 764 596 528 521 885 605 603 619 595 672 915 553
internal_value=-7.54926e-08 2.55225e-06 6.96379e-06 -4.35452e-06 6.33646e-07 4.78636e-06 -5.29079e-07 1.06101e-07 4.62766e-06 3.30869e-06 -3.38953e-06 -2.86114e-06 -1.17411e-06 1.97649e-06 3.40205e-06 -3.39773e-06 6.58587e-06 9.07052e-06 3.58196e-06 -2.54633e-06 -7.12309e-06 5.40621e-06 -2.90594e-07 -1.92313e-06 5.41676e-06 -3.40362e-06 7.45147e-07 -2.62759e-06 -1.54827e-06 -2.76063e-06 -4.27661e-06 -4.57458e-06 -1.48415e-07 6.60474e-07 1.56638e-06
internal_weight=23214 14382 4359 8832 10023 3777 7763 7106 2260 3159 7846 7281 5118 2639 1988 6752 1740 1115 2092 5496 1256 1512 4450 4914 1457 1111 3339 4150 2670 2065 1222 1480 2661 1989 1468
internal_count=23214 14382 4359 8832 10023 3777 7763 7106 2260 3159 7846 7281 5118 2639 1988 6752 1740 1115 2092 5496 1256 1512 4450 4914 1457 1111 3339 4150 2670 2065 1222 1480 2661 1989 1468
is_linear=0
shrinkage=0.0329122


Tree=50
num_leaves=34
num_cat=0
split_feature=20 24 20 18 44 6 26 39 37 16 27 18 31 10 31 16 13 4 9 13 18 10 16 13 6 9 20 26 22 13 19 13 29
split_gain=0.000201769 0.000152943 8.56873e-05 7.47212e-05 8.00605e-05 7.08444e-05 6.64783e-05 6.33973e-05 3.38687e-05 2.84088e-05 3.43052e-05 2.77465e-05 2.26069e-05 2.05927e-05 2.03779e-05 1.84747e-05 1.66862e-05 1.64313e-05 1.62225e-05 1.51502e-05 1.5871e-05 1.49553e-05 1.32831e-05 1.44793e-05 1.26959e-05 1.20762e-05 1.19824e-05 1.19823e-05 1.01936e-05 8.34011e-06 7.49546e-06 4.71509e-06 8.39713e-07
threshold=31.708333333333336 499.99999999998948 0.52896057347670256 0.40433300804938038 -0.0021097046413502403 25.750000000000004 -0.00035216744950910709 0.0031007751937984778 0.0016570019658880277 0.43139097744360905 -18.883427073722398 -0.092787288270569132 208.50000000000003 -1.8486842105263155 27.500000000000004 0.5244821960561783 -0.14168900569975548 -0.84338393993342398 -0.28224701507144251 -0.10205668049988605 -0.28836705085199726 -1.4257518796992479 0.47169771018455237 -0.30557455564456104 -1.0000000180025095e-35 -0.48843823328481889 0.62341670675004013 -0.0070197086929653279 -0.83669797958419478 -0.25929308505025672 -0.076875709760543018 -0.22027014393690827 8.5000000000000018
decision_type=10 10 8 8 10 8 10 10 10 8 8 10 2 10 2 10 10 8 10 10 10 10 10 10 8 10 10 10 8 8 10 10 2
left_child=1 2 7 5 -5 21 9 8 12 10 -4 15 17 16 -15 -8 -11 -1 19 20 26 -3 -19 -24 27 -25 32 -12 -14 -28 -20 -31 -16
right_child=-2 3 6 4 -6 -7 11 -9 -10 13 24 -13 28 14 18 -17 -18 22 30 -21 -22 -23 23 25 -26 -27 29 -29 -30 31 -32 -33 -34
leaf_value=-9.2697177413317568e-06 1.9110128088208407e-05 2.2210375444281936e-06 2.8715780808484668e-06 2.1592414656056669e-05 5.3474544462546598e-06 -7.0938281296007518e-06 3.3349706973557044e-06 -1.2600070158123283e-05 -9.0580436625153642e-06 -7.948572687308055e-09 -1.2238300575739961e-05 -4.1902158056295421e-07 -1.5087289667924841e-06 -7.3443642655732734e-06 -1.6465172497697197e-07 1.1064110306377382e-05 7.378947081864834e-06 -5.84872337747366e-06 -7.0969827645144977e-06 3.868244016159039e-06 4.143007282049116e-06 8.2039454003925259e-06 -5.4901860432582585e-06 4.1489522938675126e-06 -3.0484231017509986e-06 -2.6651897434249112e-06 -6.5807514282313486e-06 -5.6227162545382143e-06 4.1493958209612893e-06 1.8133318836466022e-07 -1.5624358800481195e-06 -4.0591714246723059e-06 1.4243632607035881e-06
leaf_weight=516 573 891 545 518 899 696 577 991 999 729 533 652 736 527 776 799 607 1005 519 984 612 920 542 619 728 517 610 669 649 604 542 536 672
leaf_count=516 573 891 545 518 899 696 577 991 999 729 533 652 736 527 776 799 607 1005 519 984 612 920 542 619 728 517 610 669 649 604 542 536 672
internal_value=-1.78296e-07 -6.64783e-07 -1.89866e-06 5.24515e-06 1.12861e-05 1.83058e-06 -2.68768e-07 -4.92859e-06 -3.56684e-06 -1.35153e-06 -4.41983e-06 5.17322e-06 -2.37008e-06 -3.6756e-07 -1.14542e-06 7.82321e-06 3.34805e-06 -3.8909e-06 -5.87421e-07 2.2754e-07 -7.12677e-07 5.26052e-06 -2.85635e-06 -1.06399e-06 -6.47892e-06 1.0476e-06 -1.64198e-06 -8.55644e-06 1.14246e-06 -3.47454e-06 -4.26994e-06 -1.81225e-06 5.72634e-07
internal_weight=23292 22719 18795 3924 1417 2507 12221 6574 5583 10193 2475 2028 4584 7718 6382 1376 1336 3199 5855 4794 3810 1811 2683 1678 1930 1136 3198 1202 1385 1750 1061 1140 1448
internal_count=23292 22719 18795 3924 1417 2507 12221 6574 5583 10193 2475 2028 4584 7718 6382 1376 1336 3199 5855 4794 3810 1811 2683 1678 1930 1136 3198 1202 1385 1750 1061 1140 1448
is_linear=0
shrinkage=0.0329122


Tree=51
num_leaves=37
num_cat=0
split_feature=25 36 20 31 55 1 43 38 39 12 38 44 2 17 11 39 39 36 43 15 9 20 38 0 13 24 18 12 31 12 22 22 26 20 38 31
split_gain=0.00020021 0.000111557 6.42964e-05 7.05478e-05 4.92281e-05 7.11428e-05 4.87023e-05 4.73254e-05 4.00633e-05 3.77953e-05 3.73006e-05 3.10998e-05 2.88966e-05 2.67447e-05 2.15807e-05 2.43635e-05 1.96875e-05 1.78595e-05 1.34479e-05 1.08944e-05 1.08245e-05 9.96725e-06 8.79235e-06 9.08194e-06 8.3289e-06 8.30911e-06 8.2778e-06 7.26794e-06 6.69504e-06 8.5089e-06 7.01799e-06 6.31444e-06 1.03572e-05 4.99638e-06 4.8453e-06 5.24495e-07
threshold=-0.33333333333332538 -0.0034071649137470956 19.801282051282055 25.500000000000004 151.50000000000003 114.29881780157204 -0.0014587899810602487 0.0038498591966800171 0.0020090411898852083 -0.44141442207112963 0.0030674918784389109 -0.0017969466437621759 -0.57935212659390611 -0.03272354959330178 -0.64112350753572123 0.001809956233456478 0.0016736413393612095 -0.0010432971018436985 0.0018132381177831116 0.12231479425234133 -0.11051592524348512 3.7759856630824378 -0.0010443867077659095 2.5000000000000004 -0.073743541346097313 -1000.9999999999608 -0.14379249083393261 -0.5496025487350954 203.50000000000003 -0.54030843820920149 -0.8286826014452473 -0.83539176148638905 -0.0080663554652839631 0.47292059501361833 0.0038797320689395458 119.50000000000001
decision_type=8 8 10 2 2 10 8 8 10 8 10 8 2 8 8 10 10 8 10 10 8 10 8 8 10 8 10 10 2 10 8 8 10 10 8 2
left_child=4 -2 3 -3 5 -1 9 10 12 26 11 -6 -8 -11 15 19 20 24 21 27 25 22 -19 -24 -14 -16 -5 -13 29 34 -31 33 -33 -27 -25 -36
right_child=1 2 -4 6 7 -7 8 -9 -10 13 -12 14 17 -15 16 -17 -18 18 -20 -21 -22 -23 23 28 -26 31 -28 -29 -30 30 -32 32 -34 -35 35 -37
leaf_value=-2.6335478922622007e-06 1.5391804469406111e-05 -7.1893376047742808e-06 1.1960772142128931e-05 4.2710632726997858e-06 -1.004390797359949e-05 -1.8770191568656895e-05 8.0806094666038434e-06 5.9069409957232584e-06 -7.7854801276848556e-06 1.3630018499281412e-05 -1.1042531097956038e-05 -5.7412435888577e-06 6.5317259819178023e-06 4.278015847189156e-06 -5.569632355351222e-06 6.6033094555931535e-06 -8.0721322071254928e-06 3.6664187086401501e-06 -5.0371676506067746e-06 2.4562614187026415e-06 -6.8761913294592567e-06 4.3198804527844242e-06 -4.4283360277530266e-06 3.4153598783904029e-06 1.5991460327260783e-06 -4.9707993402713305e-06 -1.3373935872705085e-06 -4.6927739437923926e-07 2.9663090511567377e-06 -5.6886502108731146e-06 -3.1947664386845393e-07 3.6924163808105806e-06 -1.9884289163774491e-06 -1.0215371910400926e-06 2.3553246441065934e-07 -1.1477833021800329e-06
leaf_weight=652 687 989 637 600 599 542 643 623 551 793 654 610 729 569 537 532 832 598 527 520 529 642 578 515 755 590 543 529 676 529 526 609 810 843 642 552
leaf_count=652 687 989 637 600 599 542 643 623 551 793 654 610 729 569 537 532 832 598 527 520 529 642 578 515 755 590 543 529 676 529 526 609 810 843 642 552
internal_value=-1.72429e-07 2.47679e-06 1.77226e-06 1.22946e-06 -3.68701e-06 -9.95875e-06 1.98861e-06 -2.83767e-06 7.95391e-07 6.01974e-06 -3.50256e-06 -2.84853e-06 1.393e-06 9.72322e-06 -2.22755e-06 4.74478e-07 -3.47394e-06 8.01397e-07 -2.48272e-08 -1.49075e-06 -2.49744e-06 4.77507e-07 -5.6846e-08 -6.11037e-07 4.02238e-06 -1.81388e-06 1.60648e-06 -3.29292e-06 3.02911e-08 -6.87697e-07 -3.01191e-06 -1.10663e-06 4.49489e-07 -2.6477e-06 7.46955e-07 -4.03799e-07
internal_weight=23292 13281 12594 11957 10011 1194 10968 8817 8463 2505 8194 7540 7912 1362 6941 2191 4750 7269 5785 1659 3918 5258 4616 4018 1484 3389 1143 1139 3440 2764 1055 2852 1419 1433 1709 1194
internal_count=23292 13281 12594 11957 10011 1194 10968 8817 8463 2505 8194 7540 7912 1362 6941 2191 4750 7269 5785 1659 3918 5258 4616 4018 1484 3389 1143 1139 3440 2764 1055 2852 1419 1433 1709 1194
is_linear=0
shrinkage=0.0329122


Tree=52
num_leaves=35
num_cat=0
split_feature=25 36 20 31 0 38 47 43 39 48 36 2 18 40 13 36 9 25 20 24 31 45 27 20 45 48 24 1 13 47 20 11 44 55
split_gain=0.000187249 0.000104335 6.01337e-05 6.59805e-05 4.73472e-05 7.54654e-05 5.29721e-05 4.55493e-05 3.74695e-05 3.23646e-05 2.76403e-05 2.70258e-05 2.66613e-05 2.0397e-05 1.86814e-05 1.67033e-05 1.54744e-05 1.46344e-05 1.2782e-05 1.14933e-05 1.22044e-05 1.1335e-05 9.50437e-06 1.15003e-05 1.13106e-05 8.57925e-06 1.09792e-05 1.08948e-05 7.78963e-06 6.82797e-06 5.85629e-06 4.71151e-06 4.61937e-06 9.56109e-07
threshold=-0.33333333333332538 -0.0034071649137470956 19.801282051282055 25.500000000000004 120.50000000000001 0.0030674918784389109 111.11111111111593 -0.0014587899810602487 0.0020090411898852083 21.88191431795692 0.001668057874234852 -0.57935212659390611 -0.36835156086810456 0.0015140054096182134 -0.039934395884846756 -0.0010432971018436985 -0.2938215648854961 -0.99383098503024259 0.28874801615928447 -500.99999999998926 210.50000000000003 -0.0031331601232976176 -0.60924707573506331 0.78926809210526339 0.0010655304036639726 63.650165968497056 499.99999999998948 160.78206955287155 -0.073743541346097313 66.66666666666633 0.72324236298292921 -0.46168526130358184 0.0017226541634518535 2880.0000000000005
decision_type=8 8 10 2 10 10 10 8 10 2 10 2 10 10 8 8 10 10 8 8 2 10 10 10 8 2 10 8 10 8 10 10 8 2
left_child=4 -2 3 -3 5 10 14 9 11 21 16 -9 -11 -12 -6 28 19 -18 -17 30 22 -5 23 24 -21 26 29 -27 -13 31 -1 -20 -31 -34
right_child=1 2 -4 7 6 -7 -8 8 -10 12 13 15 -14 -15 -16 18 17 -19 25 20 -22 -23 -24 -25 -26 27 -28 -29 -30 32 -32 -33 33 -35
leaf_value=-6.8487552611917892e-06 1.4885227019724587e-05 -6.9527209768298071e-06 1.156711743895384e-05 4.9659236060164914e-06 5.2282272032985902e-07 -1.3540448562200226e-05 8.716376083934649e-06 7.8146592288746545e-06 -7.5292432852967377e-06 1.3575762438144893e-05 -4.1558884604046738e-06 6.3167527986861461e-06 4.4533339838080223e-06 -1.2827194130147786e-05 -7.5425448502637797e-06 -4.2806403544631786e-06 -2.9384386108246994e-06 -9.5617824050603588e-06 -5.4519724862826761e-06 9.7660270886746717e-07 2.7371880972685706e-06 -1.670682119807331e-06 -4.6964946607274865e-06 3.4039043500802827e-06 -5.7099887672232787e-06 5.3688884552198115e-06 3.9034242534947871e-06 -2.5414364969697002e-07 1.5465147700635791e-06 2.476055328772752e-06 -2.0348951976223838e-06 -1.1338738990337578e-06 -2.5981733982363296e-07 -2.0292091774734818e-06
leaf_weight=576 687 989 637 557 751 921 650 643 551 719 642 729 671 542 531 675 943 586 521 548 846 558 837 568 548 768 561 726 755 596 522 577 793 568
leaf_count=576 687 989 637 557 751 921 650 643 551 719 642 729 671 542 531 675 943 586 521 548 846 558 837 568 548 768 561 726 755 596 522 577 793 568
internal_value=-1.66755e-07 2.39527e-06 1.71393e-06 1.18899e-06 -3.56567e-06 -4.67253e-06 1.06273e-06 1.92316e-06 7.69213e-07 5.82162e-06 -3.53148e-06 1.34716e-06 9.17222e-06 -8.12555e-06 -2.81765e-06 7.75023e-07 -2.62094e-06 -5.47703e-06 -2.40087e-08 -1.63844e-06 -6.7981e-07 1.64444e-06 -1.83575e-06 -3.96647e-07 -2.36648e-06 5.38222e-07 -3.28547e-07 2.63626e-06 3.89e-06 -1.10575e-06 -4.56041e-06 -3.18302e-06 5.96043e-08 -9.98424e-07
internal_weight=23292 13281 12594 11957 10011 8079 1932 10968 8463 2505 7158 7912 1390 1184 1282 7269 5974 1529 5785 4445 3347 1115 2501 1664 1096 5110 3616 1494 1484 3055 1098 1098 1957 1361
internal_count=23292 13281 12594 11957 10011 8079 1932 10968 8463 2505 7158 7912 1390 1184 1282 7269 5974 1529 5785 4445 3347 1115 2501 1664 1096 5110 3616 1494 1484 3055 1098 1098 1957 1361
is_linear=0
shrinkage=0.0329122


Tree=53
num_leaves=36
num_cat=0
split_feature=20 20 37 37 24 31 38 18 26 26 31 6 0 27 42 28 9 21 11 10 48 37 29 15 11 10 12 11 16 15 44 4 16 9 29
split_gain=0.000175384 0.000127053 0.000139097 5.11722e-05 4.7923e-05 4.75323e-05 4.29162e-05 3.49598e-05 2.70006e-05 2.50159e-05 2.25554e-05 2.09552e-05 2.09252e-05 2.05192e-05 2.10769e-05 2.44628e-05 2.00132e-05 1.9066e-05 1.90541e-05 1.82648e-05 1.57917e-05 1.47822e-05 1.3774e-05 1.33413e-05 1.12383e-05 1.11006e-05 1.10587e-05 1.08774e-05 7.57929e-06 7.29638e-06 7.24948e-06 1.18477e-05 9.37706e-06 7.23257e-06 8.28636e-07
threshold=31.708333333333336 0.59510698787969485 -0.0034188134087615447 0.0036385701676964204 499.74999999993616 22.500000000000004 0.0030674918784389109 0.31870740574359574 -0.00035216744950910709 -0.0029192027457715787 208.50000000000003 -1.0000000180025095e-35 29.500000000000004 -2.7845428860579911 0.0018066862078195414 0.98524558338186818 -0.52669211195928745 -0.42815731680512531 -0.61448082405959703 -1.3411654135338342 33.125265789228209 0.0013486182800979132 8.5000000000000018 0.11626531900519023 -0.749493927125506 -1.4050751879699244 -0.46942670197850128 -0.32791524085285595 0.50787462483368928 0.11176997436461725 0.0016488057372459066 -0.39318627307568527 0.90038328242481214 -0.53665472458575902 18.500000000000004
decision_type=10 8 8 10 10 2 10 8 10 10 2 8 10 10 10 10 10 2 10 10 2 10 2 10 10 10 8 10 10 8 8 10 8 8 2
left_child=1 3 -3 5 8 -1 9 11 13 10 19 18 -9 17 15 24 -11 -4 -6 25 -10 30 -12 -22 -15 33 -21 28 -26 -18 31 -19 -32 -7 -34
right_child=-2 2 4 -5 7 6 -8 12 20 16 22 -13 -14 14 -16 -17 29 21 -20 26 23 -23 -24 -25 27 -27 -28 -29 -30 -31 32 -33 34 -35 -36
leaf_value=-1.2834096910463776e-05 1.7821863169057363e-05 1.5444573527125172e-05 5.3391040605331744e-06 -1.388271656995475e-05 -5.7357309988436268e-07 -2.2311130448380476e-06 -1.1191462420283451e-05 1.3613529739370991e-05 -1.4087770768422743e-06 4.5178883229632511e-06 4.5606585393502709e-06 -3.5351923207941401e-06 4.3859624015558911e-06 2.5710066799978707e-06 -8.850456671504787e-06 -8.6060931347937431e-06 7.6447712350923353e-07 4.6513994190405726e-06 7.8964508950641212e-06 -1.1595573237775876e-05 2.2350587100047721e-06 -5.7721842551576563e-06 -2.3152146848272901e-06 9.2486561515494118e-06 -1.5535890530038839e-06 1.1995919821051675e-06 -5.094102651737673e-06 6.152384408346786e-07 -6.4344408810654089e-06 -4.7067709581382894e-06 -3.9512473392210784e-06 -7.9989154039533439e-07 -1.4672572951551506e-07 -7.2971208572713552e-06 1.4450560395056552e-06
leaf_weight=523 573 706 679 527 528 696 570 534 530 1011 515 600 531 769 557 518 530 801 632 523 646 524 815 539 718 540 619 996 663 526 813 937 1015 544 544
leaf_count=523 573 706 679 527 528 696 570 534 530 1011 515 600 531 769 557 518 530 801 632 523 646 524 815 539 718 540 619 996 663 526 813 937 1015 544 544
internal_value=-1.61267e-07 -6.14833e-07 1.189e-06 -3.97305e-06 4.73878e-07 -3.26844e-06 -2.5422e-06 4.30625e-06 -4.88539e-07 -1.76196e-06 -3.2058e-06 1.45803e-06 9.01296e-06 -1.17244e-06 -2.88546e-06 -1.9786e-06 1.20803e-06 1.88455e-07 4.04093e-06 -4.82303e-06 3.31325e-06 -5.66198e-07 3.47076e-07 5.4254e-06 -8.87286e-07 -2.7386e-06 -8.07177e-06 -2.0062e-06 -3.89699e-06 -1.96057e-06 9.74781e-08 1.71234e-06 -1.08566e-06 -4.4538e-06 4.08566e-07
internal_weight=23292 22719 14780 7939 14074 7412 6889 2825 11249 6319 4252 1760 1065 9534 4221 3664 2067 5313 1160 2922 1715 4634 1330 1185 3146 1780 1142 2377 1381 1056 4110 1738 2372 1240 1559
internal_count=23292 22719 14780 7939 14074 7412 6889 2825 11249 6319 4252 1760 1065 9534 4221 3664 2067 5313 1160 2922 1715 4634 1330 1185 3146 1780 1142 2377 1381 1056 4110 1738 2372 1240 1559
is_linear=0
shrinkage=0.0329122


Tree=54
num_leaves=33
num_cat=0
split_feature=25 37 36 47 42 0 37 9 25 43 18 6 12 9 13 5 13 11 23 43 21 47 10 47 11 13 48 45 55 4 43 42
split_gain=0.000164593 9.51284e-05 4.57174e-05 4.46155e-05 6.97895e-05 4.73215e-05 3.63696e-05 2.73488e-05 2.33259e-05 1.83445e-05 2.45497e-05 1.69756e-05 1.64711e-05 1.49786e-05 1.50803e-05 1.38764e-05 1.31654e-05 1.21896e-05 1.20178e-05 9.97374e-06 1.01363e-05 1.0696e-05 1.70142e-05 9.54576e-06 8.627e-06 7.45544e-06 7.31833e-06 5.97864e-06 7.30621e-06 5.78864e-06 5.62614e-06 5.52747e-06
threshold=-0.33333333333332538 -0.0034188134087615447 -0.0013956740920813557 111.11111111124224 0.0030983752129982727 91.500000000000014 0.0014378152650292855 -0.28598691384950919 -0.99150386641948118 -0.0016038502695805976 0.31870740574359574 49.750000000000007 -0.88655127910471498 -0.48843823328481889 -0.050616502213236415 -0.075462558450379899 -0.033274212940884083 -0.68882362550865828 1.0000000180025095e-35 0.0024585135286241404 -0.31966025401744863 -17.24137931035078 -1.3016917293233077 -81.481481481488359 -0.39388586956521732 -0.0035921509843316107 38.504796654262009 -0.0010015025045084778 1427.0000000000002 -0.19778347474171695 0.0012202567080615847 0.0015540024921998354
decision_type=8 8 8 10 10 10 10 10 10 8 8 8 8 10 8 2 10 8 10 10 2 10 10 10 10 8 2 8 2 10 8 8
left_child=3 -2 11 4 7 -5 9 12 29 10 15 23 -1 14 17 -4 19 -14 -18 20 -11 26 -23 -3 -15 -16 27 -22 -29 -9 -19 -28
right_child=1 2 6 5 -6 -7 -8 8 -10 16 -12 -13 13 24 25 -17 18 30 -20 -21 21 22 -24 -25 -26 -27 31 28 -30 -31 -32 -33
leaf_value=-7.0912181179678134e-06 1.3147078114979926e-05 1.1335488440008336e-05 -2.0985422208875107e-06 -3.7789123079834546e-06 -1.2337156995479326e-05 7.8029969615656664e-06 -6.8147107872001433e-06 -6.0232792287904359e-06 -1.2556291568447019e-05 3.4246814949985053e-06 9.4094702806410532e-06 2.0565534051946848e-06 3.0733482622740836e-06 -1.1273765253557376e-06 -7.0085800935007445e-06 5.2065737852949432e-06 7.1335069613002263e-06 -3.8139223177850416e-06 3.3575901536660132e-07 -4.484421021352761e-06 2.3276530373498915e-06 -5.6751061098377682e-06 1.6595560555995601e-06 5.7845390366752665e-06 4.1387814851509317e-06 -2.0188999403318341e-06 3.9593062572559527e-06 5.0905012281335157e-07 -3.8454921854375651e-06 -1.6497340316359286e-06 2.992560886649343e-07 4.4384812289854783e-08
leaf_weight=613 814 566 609 789 1023 741 668 860 515 932 624 813 632 654 877 524 564 1006 563 520 561 854 572 825 695 515 924 862 809 530 561 677
leaf_count=613 814 566 609 789 1023 741 668 860 515 932 624 813 632 654 877 524 564 1006 563 520 561 854 572 825 695 515 924 862 809 530 561 677
internal_value=-1.55961e-07 2.24608e-06 1.53431e-06 -3.34263e-06 -4.27585e-06 1.83022e-06 6.10684e-07 -3.17007e-06 -6.57288e-06 1.12766e-06 4.16718e-06 5.8351e-06 -2.00267e-06 -1.37119e-06 -2.48199e-06 1.27979e-06 4.46279e-07 -7.84952e-07 3.73785e-06 -1.06452e-07 2.6123e-07 -2.99354e-07 -2.73285e-06 8.04339e-06 1.58556e-06 -5.16271e-06 6.05927e-07 -6.11976e-07 -1.59903e-06 -4.35583e-06 -2.34122e-06 2.30398e-06
internal_weight=23292 13281 12467 10011 8481 1530 10263 7458 1905 9595 1757 2204 5553 4940 3591 1133 7838 2199 1127 6711 6191 5259 1426 1391 1349 1392 3833 2232 1671 1390 1567 1601
internal_count=23292 13281 12467 10011 8481 1530 10263 7458 1905 9595 1757 2204 5553 4940 3591 1133 7838 2199 1127 6711 6191 5259 1426 1391 1349 1392 3833 2232 1671 1390 1567 1601
is_linear=0
shrinkage=0.0329122


Tree=55
num_leaves=34
num_cat=0
split_feature=24 1 20 20 37 10 19 20 48 36 29 37 0 42 24 0 21 26 11 19 18 24 24 19 10 7 47 10 18 55 11 4 55
split_gain=0.000165573 0.00016918 9.88591e-05 7.38752e-05 6.47847e-05 3.70296e-05 3.73337e-05 2.81009e-05 2.60246e-05 4.12764e-05 3.00114e-05 2.42035e-05 2.32253e-05 3.64331e-05 2.24285e-05 2.16686e-05 2.1541e-05 2.22029e-05 2.86512e-05 1.53523e-05 1.8196e-05 1.4957e-05 1.48445e-05 1.30465e-05 1.17995e-05 1.06683e-05 9.58116e-06 9.49455e-06 7.81018e-06 1.00372e-05 1.14521e-05 5.92674e-06 8.96202e-07
threshold=3000.4999999999718 239.56293357400352 0.73367613239967966 27.788888888888895 0.0030911974926423062 -1.2180451127819545 0.056907243485856192 0.08639169472502807 56.279714509581389 0.001493652812172175 22.500000000000004 0.0010666669700741818 33.500000000000007 -0.0018885758105360859 1.0000000000000357 16.500000000000004 -0.36262361229907097 0.00023465140084627265 -0.33365139949109407 0.92068846017208028 0.023650829311352244 -2000.9999999999925 -7.1111116994870814e-11 -0.012200462598803695 -1.8204887218045107 0.039934756308330467 -53.571428571433437 -1.3693609022556386 -0.12399530329688002 41838.000000000007 -0.17943824623213933 -0.030048479332242185 274.50000000000006
decision_type=10 10 8 10 10 8 10 10 2 10 2 10 8 8 8 10 2 10 8 10 8 10 10 10 10 10 10 10 10 2 8 8 2
left_child=2 -2 4 8 5 7 -7 25 9 10 11 12 13 -4 19 -3 23 18 -18 20 24 -20 -22 -10 -9 -1 31 -24 29 30 -14 -15 -32
right_child=1 15 3 -5 -6 6 -8 14 16 -11 -12 -13 28 26 -16 -17 17 -19 21 -21 22 -23 27 -25 -26 -27 -28 -29 -30 -31 32 -33 -34
leaf_value=-9.7471105237725207e-06 2.1681938177509131e-05 6.1344631885141771e-06 1.0920107130839826e-05 1.2962573304457022e-05 -1.2033861014336824e-05 -1.4414713345617193e-05 -3.4279086366044493e-06 -2.8852355172219687e-06 2.6863448114882175e-06 -8.7178312475513754e-06 -6.367116957912523e-06 -5.3769080661925513e-06 -4.3093664679367221e-06 6.1823043904320208e-06 5.084572927839126e-06 -2.105039234996018e-06 -4.4878865399006716e-06 6.9024523960471155e-06 -1.071021680339608e-06 3.1688473844043689e-06 -7.7747785152010176e-06 5.4337459004424276e-06 -4.1668071222431237e-06 9.7797385856736328e-06 2.7486921761616004e-06 -3.1017100582252525e-06 -8.3094496821861224e-07 1.420248009966339e-06 -3.7217453806207572e-06 4.0589062391214396e-06 2.706846557953699e-07 1.5117221001750027e-06 2.1466986154429155e-06
leaf_weight=526 725 698 584 535 882 520 942 684 533 635 712 628 668 534 671 685 1017 587 676 688 781 883 902 594 979 521 945 519 660 587 592 656 517
leaf_count=526 725 698 584 535 882 520 942 684 533 635 712 628 668 534 671 685 1017 587 676 688 781 883 902 594 979 521 945 519 660 587 592 656 517
internal_value=8.07322e-09 8.80423e-06 -8.68289e-07 9.96162e-07 -3.58286e-06 -2.61894e-06 -7.33582e-06 -1.51922e-06 4.62996e-07 -6.79306e-07 4.1326e-08 7.57546e-07 1.42839e-06 3.63566e-06 -5.32851e-07 2.05327e-06 2.51813e-06 1.12593e-06 -1.90293e-07 -1.36077e-06 -2.16714e-06 2.61306e-06 -4.12963e-06 6.42521e-06 4.31293e-07 -6.4405e-06 1.643e-06 -2.12605e-06 -5.56179e-07 3.27512e-07 -9.04958e-07 3.60779e-06 1.14546e-06
internal_weight=23266 2108 21158 12543 8615 7733 1462 6271 12008 7718 7083 6371 5743 2719 5224 1383 4290 3163 2576 4553 3865 1559 2202 1127 1663 1047 2135 1421 3024 2364 1777 1190 1109
internal_count=23266 2108 21158 12543 8615 7733 1462 6271 12008 7718 7083 6371 5743 2719 5224 1383 4290 3163 2576 4553 3865 1559 2202 1127 1663 1047 2135 1421 3024 2364 1777 1190 1109
is_linear=0
shrinkage=0.0329122


Tree=56
num_leaves=33
num_cat=0
split_feature=24 1 20 20 37 31 26 31 31 45 24 47 31 10 37 48 37 7 20 47 29 42 29 13 9 48 20 47 12 20 36 11
split_gain=0.000154854 0.000158297 9.2459e-05 6.90924e-05 6.05904e-05 4.09027e-05 4.06251e-05 3.28031e-05 3.99596e-05 3.60006e-05 2.58852e-05 2.32196e-05 2.31861e-05 2.31779e-05 2.29331e-05 2.37586e-05 1.35672e-05 1.87748e-05 1.34502e-05 1.47221e-05 1.31906e-05 1.09641e-05 9.32795e-06 9.14985e-06 8.72896e-06 8.70027e-06 9.19839e-06 1.01531e-05 7.73696e-06 8.30574e-06 5.58054e-06 4.39487e-06
threshold=3000.4999999999718 235.38924304427633 0.73367613239967966 27.788888888888895 0.0030911974926423062 33.500000000000007 -0.0010173898455116245 30.500000000000004 45.500000000000007 -0.0036363636363636038 -1999.9999999999925 55.55555555554222 208.50000000000003 -1.4050751879699244 0.0010666669700741818 47.421773782128618 -0.0010443867077659095 0.57714089025316417 0.11753565062388593 64.81481481480877 18.500000000000004 0.0015117166611058332 10.500000000000002 -0.21967028400724173 -0.45953381649686631 25.149229327780162 3.5040983606557385 -27.777777777810837 -0.38923776933779558 1.6208711433756808 0.0020090411898852083 -0.45586408600207773
decision_type=10 10 8 10 10 2 10 2 2 8 8 8 2 10 10 2 8 10 10 10 2 10 2 8 10 2 10 8 10 8 8 10
left_child=2 -2 4 7 5 -1 10 11 -9 -10 -7 -4 18 -3 16 -16 17 -11 -12 20 23 25 -14 -20 -8 30 27 -27 29 -29 31 -18
right_child=1 13 3 -5 -6 6 24 8 9 14 12 -13 22 -15 15 -17 21 -19 19 -21 -22 -23 -24 -25 -26 26 -28 28 -30 -31 -32 -33
leaf_value=-9.9020694895607436e-06 2.1251119985409206e-05 -2.8462092029820056e-06 -7.9139200516369262e-06 1.2535947151383698e-05 -1.1637800798054365e-05 -9.2355189616984883e-06 5.6695456025288405e-06 8.9429859833807907e-06 8.5839544013690696e-06 6.4699141717112836e-06 -7.6201708271693859e-06 5.0976765657303109e-07 4.5919066816137694e-06 5.7228350266494027e-06 -8.7398444224713426e-06 -1.4702630601874424e-07 -4.2112418383596662e-06 -4.0398692527217887e-07 5.7017193277874515e-07 -6.5979120102397858e-06 3.0844728099901673e-06 -4.032925777966533e-06 -8.0796842077153334e-07 -4.8170305498811857e-06 4.4000267791547114e-07 4.0058858216296896e-06 5.3485340327344558e-06 3.7048957632942892e-06 -3.4306632191770012e-06 -1.4908427243712035e-06 7.8083578483015296e-07 -2.3894065266893795e-07
leaf_weight=738 704 589 807 535 882 640 755 657 571 944 733 632 565 815 602 828 721 791 543 735 570 641 896 920 638 764 579 632 642 705 973 519
leaf_count=738 704 589 807 535 882 640 755 657 571 944 733 632 565 815 602 828 721 791 543 735 570 641 896 920 638 764 579 632 642 705 973 519
internal_value=7.80718e-09 8.51446e-06 -8.39711e-07 9.63377e-07 -3.46494e-06 -2.53274e-06 -1.75522e-06 4.47758e-07 1.08251e-06 5.61468e-07 -3.00597e-06 -4.21413e-06 -2.20243e-06 2.12782e-06 7.10417e-08 -3.76458e-06 7.64402e-07 3.33592e-06 -3.6558e-06 -2.60591e-06 -1.16255e-06 4.19587e-08 1.28012e-06 -2.81739e-06 3.27456e-06 5.13906e-07 1.57895e-06 7.83169e-07 -4.60857e-07 9.65012e-07 -1.08475e-06 -2.54883e-06
internal_weight=23266 2108 21158 12543 8615 7733 6995 12008 10569 9912 5602 1439 4962 1404 9341 1430 7911 1735 3501 2768 2033 6176 1461 1463 1393 5535 3322 2743 1979 1337 2213 1240
internal_count=23266 2108 21158 12543 8615 7733 6995 12008 10569 9912 5602 1439 4962 1404 9341 1430 7911 1735 3501 2768 2033 6176 1461 1463 1393 5535 3322 2743 1979 1337 2213 1240
is_linear=0
shrinkage=0.0329122


Tree=57
num_leaves=35
num_cat=0
split_feature=24 29 20 20 37 39 10 31 31 45 19 38 47 20 4 37 48 19 16 11 38 47 27 48 20 20 16 20 31 12 15 31 22 55
split_gain=0.000144828 0.000115475 8.64731e-05 6.46193e-05 5.69535e-05 3.34724e-05 3.35245e-05 3.06793e-05 3.73725e-05 3.36699e-05 2.481e-05 3.00425e-05 2.17164e-05 2.0062e-05 2.01506e-05 1.79789e-05 1.735e-05 1.49228e-05 1.1958e-05 1.19549e-05 1.1712e-05 1.04503e-05 9.38395e-06 9.20765e-06 1.35066e-05 7.54816e-06 7.06699e-06 1.05152e-05 6.94342e-06 6.97596e-06 6.25973e-06 5.10164e-06 2.95932e-06 9.3845e-07
threshold=3000.4999999999718 8.5000000000000018 0.73367613239967966 27.788888888888895 0.0036068559534263582 0.0031007751937984778 -0.94172932330827053 30.500000000000004 45.500000000000007 -0.0036363636363636038 -0.034384890762863655 0.0014461323540483353 55.55555555554222 0.072016949152542378 -0.32557645446270483 -0.0012338067619612756 52.478670193534107 0.55145843899950375 0.45994576426552597 -0.51115997344839015 -0.0013486182800979127 64.81481481480877 2.5426246600540687 45.145511624788668 3.1328431372549024 0.35280987394957991 0.51627114661654139 1.5177521008403363 198.50000000000003 -0.61825121443442044 0.1297116763672411 131.50000000000003 -0.98078059591233668 2899.5000000000005
decision_type=10 2 8 10 10 10 8 2 2 8 10 10 8 8 10 8 2 10 8 10 10 10 8 2 10 10 10 10 2 10 8 2 10 2
left_child=2 19 4 7 5 6 13 12 -9 -10 11 18 -4 -1 15 -15 22 21 -11 -2 -12 30 25 28 32 -17 27 -22 29 33 -18 -28 -25 -20
right_child=1 -3 3 -5 -6 -7 -8 8 9 10 20 -13 -14 14 -16 16 17 -19 23 -21 26 -23 -24 24 -26 -27 31 -29 -30 -31 -32 -33 -34 -35
leaf_value=-5.9955452326435089e-06 -2.2687480019256714e-06 1.6649841752345445e-05 -7.6534559403077638e-06 1.2123362251392014e-05 -1.3114109387871884e-05 -9.1089067464944409e-06 -9.523554457121368e-06 8.6486530930321126e-06 8.3014380512234353e-06 -3.8113838924905888e-06 5.997794437053848e-06 -8.2268662677145761e-06 4.9299011297460173e-07 5.9442425910143375e-06 -4.840041397313389e-06 -3.2359148200638855e-06 -4.9564338038107715e-07 6.047791865448213e-06 -3.8321652218636593e-07 4.4536876944639782e-06 -2.2355824576830097e-06 -3.0456703242855169e-06 -6.2183361000636311e-06 -1.5871316815168943e-06 6.6266612758360569e-06 1.8515757887424725e-06 7.2551422369691818e-07 3.4813892723966984e-06 -3.5218016630985761e-06 2.8160131607366702e-06 4.565273614342017e-06 4.9609172342740929e-06 1.7839086832712359e-06 -2.2366004911683149e-06
leaf_weight=846 558 961 807 535 602 777 578 657 571 939 721 599 632 544 993 793 522 582 566 589 986 731 585 530 517 525 545 539 780 686 537 709 603 621
leaf_count=846 558 961 807 535 602 777 578 657 571 939 721 599 632 544 993 793 522 582 566 589 986 731 585 530 517 525 545 539 780 686 537 709 603 621
internal_value=7.54959e-09 8.23423e-06 -8.12075e-07 9.3167e-07 -3.3509e-06 -2.61739e-06 -1.9203e-06 4.3302e-07 1.04688e-06 5.42986e-07 6.87004e-08 -1.24427e-06 -4.07543e-06 -1.2602e-06 -5.70882e-07 3.08771e-07 -4.08298e-07 1.46966e-06 -4.46331e-07 1.18311e-06 2.25993e-06 -1.8748e-08 -2.7492e-06 2.87937e-07 2.21849e-06 -1.20924e-06 1.29007e-06 -2.14811e-07 -9.12657e-07 1.73784e-07 2.07044e-06 3.12035e-06 2.06786e-07 -1.35304e-06
internal_weight=23266 2108 21158 12543 8615 8013 7236 12008 10569 9912 9341 5841 1439 6658 5812 4819 4275 2372 5242 1147 3500 1790 1903 4303 1650 1318 2779 1525 2653 1873 1059 1254 1133 1187
internal_count=23266 2108 21158 12543 8615 8013 7236 12008 10569 9912 9341 5841 1439 6658 5812 4819 4275 2372 5242 1147 3500 1790 1903 4303 1650 1318 2779 1525 2653 1873 1059 1254 1133 1187
is_linear=0
shrinkage=0.0329122


Tree=58
num_leaves=35
num_cat=0
split_feature=24 1 20 20 37 39 10 31 31 45 19 38 25 31 37 10 13 40 16 16 38 15 29 48 20 29 16 20 31 12 17 31 22 31
split_gain=0.000135452 0.000144934 8.08749e-05 6.04358e-05 5.32662e-05 3.13053e-05 3.13541e-05 2.8693e-05 3.4953e-05 3.149e-05 2.32039e-05 2.80974e-05 2.29079e-05 2.58607e-05 2.07243e-05 1.72452e-05 1.5232e-05 2.50514e-05 1.4384e-05 1.11838e-05 1.09537e-05 1.04919e-05 8.72212e-06 8.61155e-06 1.26322e-05 8.19055e-06 6.60949e-06 9.83447e-06 6.49388e-06 6.52435e-06 5.71011e-06 4.77131e-06 2.76773e-06 7.74716e-07
threshold=3000.4999999999718 239.56293357400352 0.73367613239967966 27.788888888888895 0.0036068559534263582 0.0031007751937984778 -0.94172932330827053 30.500000000000004 45.500000000000007 -0.0036363636363636038 -0.034384890762863655 0.0014461323540483353 -0.98693668290924375 210.50000000000003 0.0012602399458739868 -1.4050751879699244 -0.39858134567461728 0.0012143295308426618 0.49047615592256122 0.45994576426552597 -0.0013486182800979127 0.04184475271445174 6.5000000000000009 45.145511624788668 3.1328431372549024 11.500000000000002 0.51627114661654139 1.5177521008403363 198.50000000000003 -0.61825121443442044 -0.27973508674409758 131.50000000000003 -0.98078059591233668 119.50000000000001
decision_type=10 10 8 10 10 10 8 2 2 8 10 10 10 2 8 10 10 8 10 8 10 10 2 2 10 2 10 10 2 10 10 2 10 2
left_child=2 -2 4 7 5 6 12 14 -9 -10 11 19 18 16 -4 -3 -14 21 22 -11 -12 -18 -1 28 32 -20 27 -22 29 33 -24 -28 -25 -21
right_child=1 15 3 -5 -6 -7 -8 8 9 10 20 -13 13 -15 -16 -17 17 -19 25 23 26 -23 30 24 -26 -27 31 -29 -30 -31 -32 -33 -34 -35
leaf_value=-1.3084008045810464e-06 1.9882480748123558e-05 -2.6287135483125852e-06 -6.9843441083464082e-06 1.1724356209387712e-05 -1.268249574810219e-05 -8.80911318997966e-06 -9.2101139511510933e-06 8.364007285819229e-06 8.0282199191417167e-06 -3.6859430603587045e-06 5.8003941086769553e-06 -7.9561024207664359e-06 -5.7106984698164412e-06 6.6563306970944382e-06 1.1849172192946378e-06 4.8243756166214448e-06 -5.2837687853963579e-06 6.8486147717779695e-06 -3.2002542970711391e-06 -4.1680223848995879e-07 -2.162004639447727e-06 5.1921694425655865e-07 -4.3245601422478771e-06 -1.5348957369228258e-06 6.4085635689824751e-06 1.94386916891831e-06 7.0163603243220347e-07 3.3668093121090563e-06 -3.4058915936313688e-06 2.7233321441493361e-06 -8.3579456013111793e-06 4.7976428018464478e-06 1.725196331301622e-06 -2.1018881277733694e-06
leaf_weight=591 725 577 903 535 602 777 578 657 571 939 721 599 521 652 536 806 530 516 613 559 986 929 915 530 517 740 545 539 780 686 651 709 603 628
leaf_count=591 725 577 903 535 602 777 578 657 571 939 721 599 521 652 536 806 530 516 613 559 986 929 915 530 517 740 545 539 780 686 651 709 603 628
internal_value=7.30046e-09 7.96322e-06 -7.85348e-07 9.01008e-07 -3.24062e-06 -2.53125e-06 -1.8571e-06 4.18769e-07 1.01243e-06 5.25115e-07 6.64385e-08 -1.20332e-06 -1.21873e-06 8.19725e-07 -3.94129e-06 1.71471e-06 -7.0481e-07 6.15615e-07 -3.04701e-06 -4.31643e-07 2.18555e-06 -1.58863e-06 -4.71568e-06 2.78457e-07 2.14547e-06 -3.86596e-07 1.24762e-06 -2.07736e-07 -8.82622e-07 1.68057e-07 -6.00142e-06 3.01766e-06 1.99973e-07 -1.30851e-06
internal_weight=23266 2108 21158 12543 8615 8013 7236 12008 10569 9912 9341 5841 6658 3148 1439 1383 2496 1975 3510 5242 3500 1459 2157 4303 1650 1353 2779 1525 2653 1873 1566 1254 1133 1187
internal_count=23266 2108 21158 12543 8615 8013 7236 12008 10569 9912 9341 5841 6658 3148 1439 1383 2496 1975 3510 5242 3500 1459 2157 4303 1650 1353 2779 1525 2653 1873 1566 1254 1133 1187
is_linear=0
shrinkage=0.0329122


Tree=59
num_leaves=34
num_cat=0
split_feature=25 37 45 36 36 1 38 9 41 39 37 23 4 24 0 51 40 29 29 0 38 0 20 27 2 7 20 12 39 45 7 12 29
split_gain=0.000126799 9.85106e-05 5.29967e-05 6.81546e-05 5.15852e-05 2.79603e-05 3.23833e-05 2.42094e-05 2.73966e-05 1.8978e-05 2.38357e-05 1.82499e-05 1.80624e-05 1.65482e-05 1.65161e-05 1.89032e-05 1.87249e-05 1.34759e-05 1.33363e-05 1.28127e-05 1.97327e-05 1.02606e-05 1.86774e-05 1.34549e-05 7.26292e-06 1.18189e-05 8.31116e-06 7.21175e-06 7.02019e-06 6.53222e-06 7.81814e-06 3.06609e-06 1.89333e-06
threshold=-0.33333333333332538 -0.0036199124669130107 0.0044296842807526335 0.0034013605442176913 -0.0013559328266281032 624.01689976689988 0.0025429126615388324 -0.37379332877892296 0.0014214648260700848 -0.0015071598611641199 -0.0016764471125201295 0.074999999999999303 -0.11768965214592901 1999.9999999999579 60.500000000000007 88.888888888889255 0.0015048917474408399 13.500000000000002 12.500000000000002 74.500000000000014 -0.0015987220447284398 8.5000000000000018 1.1687767051748696 10.146793991427439 -0.24487185043992835 0.42772969268054789 0.32698355104015486 -0.63556185678523958 -0.0010443867077659095 0.0038797320689395458 0.14102060382323964 -0.32001755050756858 8.5000000000000018
decision_type=8 8 10 10 8 10 10 8 10 8 8 8 8 8 10 8 10 2 2 10 8 10 10 10 2 10 10 10 8 8 10 10 2
left_child=2 -2 3 5 9 6 11 13 19 10 -3 14 -7 21 16 -16 24 -17 -11 20 -9 22 -6 27 -1 26 -26 -23 -22 30 -30 -29 -31
right_child=1 4 -4 -5 7 12 -8 8 -10 18 -12 -13 -14 -15 15 17 -18 -19 -20 -21 28 23 -24 -25 25 -27 -28 31 29 32 -32 -33 -34
leaf_value=-5.1537315441200021e-06 1.3897715486641645e-05 3.8932136135572524e-06 6.4774658840657354e-06 -1.4585948994646548e-05 -4.6698568991965646e-06 -1.4121296015993365e-06 -1.0314894281097462e-05 6.3170113238736911e-06 -8.2481706414113351e-06 6.0251355091314308e-06 1.3248441736028431e-05 -8.630230937062405e-06 6.5057241868926877e-06 6.4114306909437813e-06 -5.1684966758161819e-06 5.2298327596659655e-06 -7.6800946087861773e-06 -7.249466147387304e-07 -9.6428783767695345e-07 -5.0625700013513124e-06 2.5001391418305366e-06 7.4576605606128324e-06 3.2461311371869608e-06 -5.2419679279556977e-07 -2.5962064639670957e-06 -4.2646900230314198e-06 2.6786057539178064e-06 9.8360333512403942e-07 -5.7448493167542127e-06 1.1077009505776162e-06 -7.3787140369544283e-07 4.5244873672104649e-06 -1.0121975868025988e-06
leaf_weight=747 726 568 625 557 722 785 684 516 522 655 614 536 518 813 590 687 929 1027 539 549 682 532 584 1011 541 931 805 528 592 971 787 532 861
leaf_count=747 726 568 625 557 722 785 684 516 522 655 614 536 518 813 590 687 929 1027 539 549 682 532 584 1011 541 931 805 528 592 971 787 532 861
internal_value=7.05953e-09 2.10957e-06 -2.80077e-06 -3.42186e-06 1.42914e-06 -2.71358e-06 -3.48893e-06 4.11946e-07 -1.07628e-06 5.79665e-06 8.75306e-06 -2.80157e-06 1.73539e-06 2.13912e-06 -2.30223e-06 -8.72561e-08 -3.59317e-06 1.6617e-06 2.86975e-06 -3.21149e-07 2.69191e-07 1.2505e-06 -1.12991e-06 2.44491e-06 -2.33755e-06 -1.41357e-06 5.58322e-07 4.33059e-06 -5.32362e-07 -1.17652e-06 -2.88752e-06 2.76094e-06 1.1127e-07
internal_weight=23266 13304 9962 9337 12578 8780 7477 10202 5480 2376 1182 6793 1303 4722 6257 2304 3953 1714 1194 4958 4409 3909 1306 2603 3024 2277 1346 1592 3893 3211 1379 1060 1832
internal_count=23266 13304 9962 9337 12578 8780 7477 10202 5480 2376 1182 6793 1303 4722 6257 2304 3953 1714 1194 4958 4409 3909 1306 2603 3024 2277 1346 1592 3893 3211 1379 1060 1832
is_linear=0
shrinkage=0.0329122


Tree=60
num_leaves=35
num_cat=0
split_feature=25 39 55 1 43 43 38 0 15 1 1 13 38 54 16 13 48 25 43 19 45 1 13 26 39 47 13 15 31 16 41 12 48 31
split_gain=0.000101193 6.86767e-05 4.10988e-05 4.44142e-05 4.4368e-05 4.00277e-05 2.94037e-05 3.28819e-05 2.88748e-05 2.44803e-05 3.34128e-05 2.6505e-05 2.16205e-05 2.15885e-05 1.90358e-05 2.33993e-05 1.8696e-05 1.66668e-05 1.11668e-05 1.17612e-05 1.15916e-05 1.3453e-05 1.79899e-05 1.0507e-05 1.00244e-05 8.41304e-06 6.47766e-06 8.40962e-06 5.09194e-06 4.64637e-06 4.26482e-06 4.15597e-06 1.35396e-06 5.37085e-07
threshold=-0.50000000000000877 -0.0036155471796771028 151.50000000000003 113.9514485094851 0.0038797320689395458 0.0032232091839384806 -0.0014609211593460956 67.500000000000014 0.035033368978434488 240.07699768159418 129.99197032201749 -0.088515619462625608 -0.0029917742989358227 -2.9925460331100537 0.54793233082706772 -0.43586704323144232 46.45686174983264 -0.99249815421164045 0.0013504395083342449 -1.0214436875451722 -0.0018779359280001182 131.19194296890515 -0.16623233608952351 -0.011661538380097832 -0.0016792623089504353 55.555555555588128 -0.097943460011232206 0.1494156487833648 225.50000000000003 0.47169771018455237 -0.0031421857567410223 -0.43176527320496189 38.504796654262009 124.50000000000001
decision_type=8 8 2 10 10 10 8 10 8 10 10 10 10 10 10 8 2 10 10 8 8 8 10 10 8 10 10 8 2 10 10 10 2 2
left_child=2 -2 3 -1 8 6 7 12 17 10 23 -11 -3 14 18 -16 -17 25 19 -8 -21 22 -22 -10 -14 -4 -24 -28 29 -25 32 -31 33 -23
right_child=1 5 4 -5 -6 -7 13 -9 9 11 -12 -13 24 -15 15 16 -18 -19 -20 20 21 30 26 28 -26 -27 27 -29 -30 31 -32 -33 -34 -35
leaf_value=-2.1444069737581622e-06 1.0097895362840913e-05 1.2670958721792869e-05 -1.445103708334693e-06 -1.5150193167890802e-05 6.9347138846017879e-06 -6.6551382306980229e-06 -5.4388467248828904e-06 -2.0575325540640818e-06 -5.2243070127893709e-06 5.4261024905061623e-06 -8.6486028396357316e-06 -3.0122131005934057e-06 1.2137758455886994e-06 6.1694386759373414e-06 -2.4142489212079212e-06 1.3276911655967862e-06 7.9780812330380681e-06 -1.1104003799173155e-05 3.1689741913737433e-06 4.0151618862190996e-06 -7.7251016652597574e-06 -1.8058889327406827e-06 1.8738106389112865e-06 -2.9096078026985517e-06 7.2026031523728079e-06 -7.0883865383007363e-06 1.4308757911905577e-07 -5.4845580924217944e-06 2.3723313380285934e-06 -1.4385641740062724e-06 2.533038517531946e-06 2.3720754471052689e-06 9.7179472807165909e-07 -3.4159732669107854e-07
leaf_weight=577 989 524 609 561 575 683 607 565 615 972 844 689 520 736 692 906 926 541 748 530 618 529 525 952 725 540 604 549 548 755 813 526 532 558
leaf_count=577 989 524 609 561 575 683 607 565 615 972 844 689 520 736 692 906 926 541 748 530 618 529 525 952 725 540 604 549 548 755 813 526 532 558
internal_value=-4.06103e-08 1.73972e-06 -2.69639e-06 -8.55607e-06 -1.87977e-06 1.09841e-06 1.53225e-06 4.85448e-06 -2.54748e-06 -1.46113e-06 -2.78795e-06 1.92566e-06 7.06223e-06 7.46846e-07 3.10023e-07 2.74165e-06 4.68931e-06 -6.34054e-06 -6.18029e-07 -1.10105e-06 -6.00235e-07 -1.11766e-06 -2.92453e-06 -1.33135e-06 4.70143e-06 -4.0975e-06 -1.15637e-06 -2.53631e-06 -4.70365e-07 -1.16809e-06 5.88076e-07 1.2597e-07 -3.88469e-07 -1.05442e-06
internal_weight=23183 13879 9304 1138 8166 12890 12207 2334 7591 5901 4240 1661 1769 9873 9137 2524 1832 1690 6613 5865 5258 4728 2296 3396 1245 1149 1678 1153 2781 2233 2432 1281 1619 1087
internal_count=23183 13879 9304 1138 8166 12890 12207 2334 7591 5901 4240 1661 1769 9873 9137 2524 1832 1690 6613 5865 5258 4728 2296 3396 1245 1149 1678 1153 2781 2233 2432 1281 1619 1087
is_linear=0
shrinkage=0.0329122


Tree=61
num_leaves=36
num_cat=0
split_feature=20 25 39 43 55 1 45 1 40 20 1 1 13 27 42 51 38 16 0 42 27 36 48 13 10 36 0 10 17 27 41 3 13 0 48
split_gain=0.000106885 8.39849e-05 5.15023e-05 3.86547e-05 3.65405e-05 4.59478e-05 3.60521e-05 2.87931e-05 2.58687e-05 2.44113e-05 2.37413e-05 4.84601e-05 2.97924e-05 1.91881e-05 1.37652e-05 1.36478e-05 1.52798e-05 1.35391e-05 1.25269e-05 1.22317e-05 1.49282e-05 1.11805e-05 1.09774e-05 1.0782e-05 1.10563e-05 1.05547e-05 8.83727e-06 1.06941e-05 7.11357e-06 6.70694e-06 6.37781e-06 5.80709e-06 4.29797e-06 2.90711e-06 2.0869e-07
threshold=31.708333333333336 -0.33333333333332538 -0.0036155471796771028 0.0032232091839384806 151.50000000000003 113.9514485094851 0.0040677984798844777 625.49088794677039 -0.00135777387764735 5.0098039215686283 129.99197032201749 160.01338348027883 -0.045070172021198701 10.609739797002348 -0.0012682313279677169 31.944444444447054 -0.0016064267391988627 0.47075786056049224 36.500000000000007 0.0015071598611642314 -11.458155329269383 -0.0012714563307694158 44.812433517230083 -0.46554313586058338 -1.5103383458646613 0.0010531861793577903 14.500000000000002 -1.2509398496240596 -0.35716537280486632 6.9692288269704994 -0.001002506517548629 0.061819226402694376 -0.18039975281608303 338.50000000000006 5.8369691140627866
decision_type=10 8 8 10 2 10 10 10 8 10 10 10 10 10 10 10 8 8 10 10 10 8 2 8 8 10 8 8 10 8 10 2 8 8 2
left_child=1 4 -3 8 5 -1 7 10 9 13 14 -12 18 22 -6 16 -10 -18 -13 25 -21 -19 -4 -23 30 31 27 -26 -9 -28 -25 32 -16 -31 -35
right_child=-2 2 3 -5 6 -7 -8 28 15 -11 11 12 -14 -15 19 -17 17 21 -20 20 -22 23 -24 24 26 -27 29 -29 -30 33 -32 -33 -34 34 -36
leaf_value=-1.7762285677193499e-06 1.3998667029790144e-05 9.2034605277688159e-06 2.2274875728509561e-06 -7.2822642967620745e-06 -6.9869338750796255e-06 -1.484196252169556e-05 5.3840953918099021e-06 5.3137991826228933e-06 4.6161629549789533e-06 1.0394303683634245e-05 -1.2910192455945552e-05 -3.1486920836229802e-06 -8.6624398576084351e-06 -2.0651456127821149e-06 5.2029218451768339e-07 5.048866240956631e-06 -4.6848374602250503e-06 3.8402593824382453e-06 4.0289021114127585e-06 1.1297408039708554e-07 -7.337022882646204e-06 -4.3110151207934569e-06 8.3966144020730436e-06 3.6935905232367468e-08 -4.8500582145727236e-06 -3.0643386967935032e-06 3.2377166652366595e-06 8.7047747841908682e-07 -1.5608715765656917e-07 -2.6594387883383668e-06 4.7442364713452685e-06 -9.0629599952596797e-07 4.547789309529554e-06 -1.0451163468296859e-07 7.4168870233094236e-07
leaf_weight=598 573 848 738 607 516 569 671 515 723 541 749 516 602 661 524 637 720 754 538 516 669 681 542 540 959 903 678 561 515 526 738 809 635 782 529
leaf_count=598 573 848 738 607 516 569 671 515 723 541 749 516 602 661 524 637 720 754 538 516 669 681 542 540 959 903 678 561 515 526 738 809 635 782 529
internal_value=-3.92737e-08 -3.95044e-07 1.36653e-06 8.08845e-07 -2.67912e-06 -8.14695e-06 -1.94379e-06 -2.55791e-06 1.24311e-06 4.21166e-06 -3.31624e-06 -5.96338e-06 -2.82123e-06 2.4883e-06 -1.92372e-06 4.08473e-07 4.75695e-08 -3.94699e-07 5.14796e-07 -1.27953e-06 -4.09278e-06 6.30171e-08 4.83991e-06 -4.12093e-07 8.76125e-08 -1.1828e-07 -7.573e-07 -2.73858e-06 2.57863e-06 4.40041e-07 2.75542e-06 1.23338e-06 2.7271e-06 -5.924e-07 2.36763e-07
internal_weight=23183 22610 12765 11917 9845 1167 8678 8007 11310 2482 6977 2405 1656 1941 4572 8828 8191 7468 1054 4056 1185 6748 1280 5994 5313 2871 4035 1520 1030 2515 1278 1968 1159 1837 1311
internal_count=23183 22610 12765 11917 9845 1167 8678 8007 11310 2482 6977 2405 1656 1941 4572 8828 8191 7468 1054 4056 1185 6748 1280 5994 5313 2871 4035 1520 1030 2515 1278 1968 1159 1837 1311
is_linear=0
shrinkage=0.0329122


Tree=62
num_leaves=36
num_cat=0
split_feature=20 25 31 45 36 47 38 29 27 36 12 36 43 17 27 43 15 47 17 10 41 31 25 0 55 12 55 38 29 45 9 36 15 31 31
split_gain=9.99656e-05 7.85478e-05 5.0947e-05 8.30457e-05 3.56857e-05 3.50388e-05 5.50505e-05 3.31048e-05 3.0799e-05 2.25944e-05 2.10551e-05 1.91311e-05 1.85253e-05 1.75479e-05 1.73109e-05 1.67406e-05 1.46901e-05 1.33555e-05 1.4285e-05 1.25876e-05 1.18946e-05 1.15617e-05 1.51997e-05 1.12927e-05 9.0453e-06 8.49878e-06 6.88209e-06 6.08074e-06 5.46589e-06 5.03183e-06 9.90403e-06 7.42794e-06 4.60817e-06 7.19934e-07 5.25348e-07
threshold=31.708333333333336 -0.33333333333332538 25.500000000000004 -0.0036363636363636038 -0.0013559328266281032 126.43678160918422 0.002562461013165263 12.500000000000002 -19.544630548491231 0.003018869644069611 -0.22074991598252433 0.0012698417817452736 0.0025109865513263112 -0.19487251689535121 839.5144605788222 -0.0018921492810906602 0.035575215417449124 66.66666666666633 -0.19487251689535121 -1.841165413533834 -0.0013559328266281032 210.50000000000003 -0.99000008040124998 65.500000000000014 32940.500000000007 -0.53044936180733682 7336.0000000000009 -0.0010443867077659095 10.500000000000002 -0.0010045205949426037 -0.27098005417384879 -0.0010621351906879848 0.13072063186241947 98.500000000000014 166.50000000000003
decision_type=10 8 2 8 8 10 10 2 8 8 8 10 10 10 10 8 8 10 8 8 8 2 10 10 2 10 2 8 2 10 8 10 8 2 2
left_child=1 5 7 -4 10 6 9 -3 -7 13 -5 12 14 16 15 -6 -1 18 -17 -18 -20 22 24 25 -15 26 -21 -22 -27 31 -31 33 -25 -29 -35
right_child=-2 2 3 4 11 8 -8 -9 -10 -11 -12 -13 -14 21 -16 17 19 -19 20 23 27 -23 -24 32 -26 28 -28 29 -30 30 -32 -33 -34 34 -36
leaf_value=-4.6107995715571344e-06 1.3537940736017579e-05 2.0352313433000023e-08 1.1299758706764757e-05 2.0416749493004777e-06 6.3934728238469432e-06 7.6809967015788628e-06 -1.1261462429218012e-05 -1.1171484787276424e-05 -2.6265282658785905e-06 -8.9388467496331511e-06 9.0016237495876274e-06 -5.7893083851049339e-06 -5.2250309356291109e-06 -6.4874998293208784e-06 -3.1274203361634159e-06 -4.1059310379070611e-06 4.4526143419762417e-06 5.4187626715736466e-06 5.5661864580888588e-06 -1.1069952052100439e-06 3.0100557490246327e-06 -2.4669965485047187e-07 -1.0331214949481391e-05 -8.8685455245714966e-08 -6.9649228062881044e-07 -2.4470889735331399e-06 -6.0794395902961435e-06 7.0526255380441411e-07 2.1065992712192709e-06 9.6476369374498027e-07 -5.1561954099333478e-06 4.1491113759236514e-06 4.280125349228772e-06 -1.5390710739907816e-06 -8.0699632452562772e-08
leaf_weight=927 573 603 950 1025 719 630 856 545 626 543 871 532 543 591 937 635 584 682 580 531 853 553 533 528 578 530 698 520 619 620 532 546 518 519 553
leaf_count=927 573 603 950 1025 719 630 856 545 626 543 871 532 543 591 937 635 584 682 580 531 853 553 533 528 578 530 698 520 619 620 532 546 518 519 553
internal_value=-3.79802e-08 -3.82042e-07 1.32156e-06 1.9752e-06 1.14473e-06 -2.59095e-06 -3.3418e-06 -5.29265e-06 2.54347e-06 -2.4651e-06 5.23911e-06 2.59638e-07 6.50251e-07 -1.97617e-06 1.06482e-06 1.64602e-06 -8.77015e-07 1.08085e-06 5.28649e-07 -1.33807e-08 1.15181e-06 -4.38152e-06 -5.72484e-06 -7.75171e-07 -3.62439e-06 -2.02879e-06 -3.93124e-06 5.33763e-07 5.91738e-09 -1.08197e-07 -1.86173e-06 8.36538e-07 2.07462e-06 -2.99415e-07 -7.86972e-07
internal_weight=23183 22610 12765 11617 10667 9845 8589 1148 1256 7733 1896 8771 8239 7190 7696 6759 4935 6040 5358 4008 4723 2255 1702 3424 1169 2378 1229 4143 1149 3290 1152 2138 1046 1592 1072
internal_count=23183 22610 12765 11617 10667 9845 8589 1148 1256 7733 1896 8771 8239 7190 7696 6759 4935 6040 5358 4008 4723 2255 1702 3424 1169 2378 1229 4143 1149 3290 1152 2138 1046 1592 1072
is_linear=0
shrinkage=0.0329122


Tree=63
num_leaves=35
num_cat=0
split_feature=20 37 39 9 20 24 44 29 37 31 39 47 26 20 29 9 43 37 48 15 48 27 17 42 0 39 19 22 31 9 4 47 48 31
split_gain=9.39766e-05 0.000111653 5.60472e-05 6.70809e-05 5.03429e-05 3.10518e-05 2.93422e-05 2.91222e-05 2.90757e-05 3.55323e-05 2.75959e-05 2.51517e-05 2.14817e-05 2.05559e-05 2.11892e-05 2.16826e-05 1.75391e-05 1.35329e-05 1.38165e-05 1.30212e-05 1.17207e-05 8.87594e-06 8.24529e-06 8.11089e-06 2.75241e-05 1.46805e-05 1.13467e-05 1.02387e-05 8.0576e-06 5.35865e-06 4.85355e-06 4.62188e-06 4.59999e-06 1.18647e-06
threshold=0.66224991224991236 -0.0036199124669130107 0.0031007751937984778 -0.66532945300189716 27.788888888888895 1000.999999999961 -0.0030959752321980667 8.5000000000000018 0.0015810286559881927 33.500000000000007 0.0013879257204499897 149.42528735631905 -0.0014242936690129406 0.1067577420468936 20.500000000000004 -0.1068539179226202 -0.0013263182706498842 -0.0010531861793577899 63.650165968497056 0.035033368978434488 73.323086406180508 -13.780222050028277 -0.10054196775986658 -0.001217285904377474 25.500000000000004 -0.0010095913728607739 0.071786765172813474 -0.82437590262017735 203.50000000000003 -0.84814412146181417 -0.25868172376466453 -23.80952380953536 2.896607975139958 115.50000000000001
decision_type=8 8 10 8 10 10 8 2 10 2 8 10 10 10 2 8 10 10 2 8 2 10 10 10 10 10 10 10 2 10 10 10 2 2
left_child=2 -2 8 -4 5 6 -3 -7 9 -1 -10 12 19 -11 15 17 -14 -15 28 -8 22 -20 -18 24 29 -25 27 30 31 32 -27 -19 -21 -34
right_child=1 4 3 -5 -6 7 11 -9 10 13 -12 -13 16 14 -16 -17 20 18 21 23 -22 -23 -24 25 -26 26 -28 -29 -30 -31 -32 -33 33 -35
leaf_value=-8.7767373983215105e-06 1.4237081745968939e-05 -6.3964795176065626e-06 -1.8462346580380055e-06 -1.8177137843702285e-05 1.0403217166718004e-05 1.1120408614015127e-06 -4.4775908567786257e-06 1.0664809776426481e-05 -1.1370297239130064e-05 -4.3120280939377219e-06 -1.3823835407506862e-06 7.4102243654032461e-06 7.2920819012427524e-06 5.6982233824298542e-06 6.71515622129977e-06 -6.2224338097083635e-06 -2.5294097905080051e-06 -5.6010996941808242e-06 5.4570159663668281e-06 -1.0065166901758489e-06 5.2993070165472268e-06 -1.9079409626755768e-07 2.5555284893938879e-06 5.6631285949402779e-06 -7.9695156820658318e-06 -8.1537289197690912e-07 3.4101828749853321e-06 1.4121621176668844e-06 1.5366443907615046e-06 -2.8731559527739168e-06 -4.478699569305654e-06 -1.5307618893870148e-06 3.2293590428278885e-06 1.0725004367310826e-06
leaf_weight=559 716 740 563 528 580 829 930 593 609 1020 590 524 653 546 583 527 854 521 637 948 519 572 580 549 592 713 754 1010 553 594 870 720 536 571
leaf_count=559 716 740 563 528 580 829 930 593 609 1020 590 524 653 546 583 527 854 521 637 948 519 572 580 549 592 713 754 1010 553 594 870 720 536 571
internal_value=-3.67311e-08 1.56176e-06 -2.78369e-06 -9.74994e-06 9.10651e-07 4.98501e-07 -4.91447e-08 5.09588e-06 -1.76172e-06 -8.59462e-07 -6.45567e-06 3.70325e-07 2.46734e-08 -8.01017e-08 8.4635e-07 6.86401e-09 2.62256e-06 9.31933e-07 6.52582e-08 -8.14531e-07 1.06115e-06 2.78474e-06 -4.72581e-07 -3.37177e-07 -1.55367e-06 6.74741e-07 -1.43424e-07 -1.17684e-06 -1.76731e-06 -1.1977e-07 -2.82884e-06 -3.23977e-06 6.75989e-07 2.11704e-06
internal_weight=23183 14655 8528 1091 13939 13359 11937 1422 7437 6238 1199 11197 10673 5679 4659 4076 2606 3549 3003 8067 1953 1209 1434 7137 3241 3896 3347 2593 1794 2649 1583 1241 2055 1107
internal_count=23183 14655 8528 1091 13939 13359 11937 1422 7437 6238 1199 11197 10673 5679 4659 4076 2606 3549 3003 8067 1953 1209 1434 7137 3241 3896 3347 2593 1794 2649 1583 1241 2055 1107
is_linear=0
shrinkage=0.0329122


Tree=64
num_leaves=37
num_cat=0
split_feature=20 25 37 47 38 43 27 44 0 17 18 48 37 24 20 43 38 7 19 26 40 37 13 23 18 27 43 13 47 9 47 48 26 15 16 48
split_gain=8.84657e-05 6.90653e-05 4.37961e-05 3.19385e-05 4.99001e-05 2.99473e-05 2.89441e-05 2.73938e-05 2.08239e-05 3.08615e-05 2.16795e-05 2.03875e-05 1.62185e-05 1.59513e-05 2.29494e-05 1.49813e-05 1.10402e-05 1.65517e-05 1.07997e-05 1.48997e-05 1.47109e-05 9.19238e-06 9.09354e-06 8.63906e-06 9.6359e-06 8.38423e-06 8.13473e-06 1.03202e-05 7.36696e-06 1.01831e-05 9.42782e-06 7.06482e-06 6.18782e-06 4.40489e-06 1.39509e-06 6.53813e-07
threshold=31.708333333333336 -0.33333333333332538 -0.0036199124669130107 126.43678160918422 0.002562461013165263 0.0032232091839384806 -19.544630548491231 -0.0018165319254248578 183.50000000000003 -0.127066206371961 0.46851907324046821 44.812433517230083 0.0014074602325627741 -1501.0000000000389 0.72324236298292921 -0.0010735376147296691 -0.0010443867077659095 0.27546736375158432 0.21869207279317496 -0.0086798049611955617 0.0015048917474408399 -0.0012202567080615843 -0.10842150531620225 -1.0000000180025095e-35 -0.17300244271678492 62.334263671318247 0.0012746977772000181 -0.2586256641388528 66.666666666674999 -0.04562803608605135 -18.518518518505271 27.444275034540691 -0.0082331862533525247 0.1025871261260085 0.54662399390546856 7.9624618040758095e-13
decision_type=10 8 8 10 10 10 8 8 10 10 8 2 10 8 10 10 8 10 10 10 8 8 8 8 8 10 10 8 8 8 10 2 10 8 8 2
left_child=1 3 -3 4 7 8 -5 -1 9 12 11 25 16 14 -9 -12 17 -4 20 -20 23 -18 -22 32 -25 -11 27 -23 30 -30 -29 -26 -15 -33 -31 -36
right_child=-2 2 5 6 -6 -7 -8 13 -10 10 15 -13 -14 18 -16 -17 21 -19 19 -21 22 26 -24 24 31 -27 -28 28 29 34 -32 33 -34 -35 35 -37
leaf_value=-9.018526140009633e-06 1.2735672008086699e-05 9.3590333168345153e-06 7.1276596984437602e-06 7.451950803525381e-06 -1.0687436642665095e-05 -6.3748435776988517e-06 -2.5403643882872973e-06 -1.0371983926755883e-05 -5.22820022009436e-06 1.8818515803003266e-06 1.1882482057526301e-05 5.9585512180395436e-06 -5.3569330871351168e-06 -5.8430558653650918e-06 -6.7179956081774113e-07 4.0996028697333313e-06 4.1446638301090222e-06 -6.7373744954210946e-07 5.7175273229688902e-06 -1.2575957462516654e-06 -2.1200742026363302e-06 -4.7878394241408794e-06 -8.0449168362227522e-06 4.2564653092399383e-06 -4.0108048772913086e-06 -3.0392959101115001e-06 3.2332757684781228e-06 6.8181830775381665e-07 4.8602212553732232e-06 -1.7380873373248457e-06 -5.2477854397282715e-06 -1.4737886714543989e-06 -8.880441761260014e-07 2.221778106760883e-06 -5.3561512109852212e-07 7.9509983485852988e-07
leaf_weight=608 573 681 641 630 856 602 626 523 528 961 519 1006 523 520 534 554 536 545 542 855 552 626 571 519 535 615 593 556 519 532 608 676 575 723 719 901
leaf_count=608 573 681 641 630 856 602 626 523 528 961 519 1006 523 520 534 554 536 545 542 855 552 626 571 519 535 615 593 556 519 532 608 676 575 723 719 901
internal_value=-3.55222e-08 -3.5919e-07 1.23827e-06 -2.43048e-06 -3.14734e-06 7.80602e-07 2.47152e-06 -2.31266e-06 1.15578e-06 1.46352e-06 3.93221e-06 2.29806e-06 2.27282e-07 -1.7404e-06 -5.47163e-06 7.86432e-06 6.58329e-07 3.54251e-06 -1.09041e-06 1.44841e-06 -1.84976e-06 4.63671e-08 -5.13282e-06 -8.10556e-07 2.74423e-07 -3.83749e-08 -3.88231e-07 -8.69688e-07 -2.30056e-07 7.22142e-07 -2.41524e-06 -7.94062e-07 -3.24132e-06 4.35908e-07 -2.75736e-07 2.04351e-07
internal_weight=23183 22610 12765 9845 8589 12084 1256 7733 11482 10954 3655 2582 7299 7125 1057 1073 6776 1186 6068 1397 4671 5590 1123 3548 2453 1576 5054 4461 3835 2671 1164 1934 1095 1399 2152 1620
internal_count=23183 22610 12765 9845 8589 12084 1256 7733 11482 10954 3655 2582 7299 7125 1057 1073 6776 1186 6068 1397 4671 5590 1123 3548 2453 1576 5054 4461 3835 2671 1164 1934 1095 1399 2152 1620
is_linear=0
shrinkage=0.0329122


Tree=65
num_leaves=35
num_cat=0
split_feature=20 28 29 20 39 31 37 7 29 40 37 23 47 0 37 31 4 47 18 1 36 18 48 42 10 29 12 42 18 45 7 47 55 31
split_gain=0.000109504 8.6249e-05 5.70587e-05 5.6971e-05 4.70684e-05 3.41153e-05 3.58375e-05 2.932e-05 2.397e-05 2.26917e-05 2.25927e-05 2.11422e-05 2.14224e-05 1.86399e-05 1.72918e-05 1.66973e-05 1.66948e-05 1.58174e-05 1.56021e-05 1.53774e-05 1.17062e-05 1.00561e-05 1.24036e-05 9.83161e-06 8.61871e-06 7.9195e-06 7.50638e-06 1.53796e-05 7.00161e-06 6.2979e-06 7.6615e-06 6.45753e-06 4.34404e-06 4.27209e-07
threshold=31.708333333333336 -0.99775511321496635 8.5000000000000018 0.52896057347670256 0.0033927081235072269 26.500000000000004 -0.0010443867077659095 0.44105023620232747 10.500000000000002 -0.0013131982023929509 0.0016299929327119325 0.049999999999998941 135.80246913582883 27.500000000000004 0.0012650226439854253 136.50000000000003 -0.86638775928147205 -47.619047619051095 -0.26122857245875092 367.05667579469224 0.0010106116779523557 -0.23312810954617283 27.444275034540691 0.0012353309221869726 -1.3637218045112778 12.500000000000002 -0.70423931446223298 0.0012084596557021545 -0.52811005562917712 0.0010055306714660264 0.94230277014850128 -18.518518518570598 5380.5000000000009 142.50000000000003
decision_type=10 8 2 8 10 2 8 10 2 8 10 10 10 10 10 2 8 8 10 10 8 10 2 8 8 2 8 10 10 8 8 10 2 2
left_child=1 2 -1 4 9 8 7 17 -5 -3 16 12 14 -12 21 -16 -11 -7 -9 -13 23 26 -23 28 -22 -24 -8 29 -18 30 31 -28 33 -31
right_child=-2 3 -4 5 -6 6 11 18 -10 10 13 19 -14 -15 15 -17 20 -19 -20 -21 24 22 25 -25 -26 -27 27 -29 -30 32 -32 -33 -34 -35
leaf_value=1.2725187002203342e-06 1.4560879190756354e-05 -8.6816916153475884e-06 1.275265528495833e-05 1.0340362725641532e-06 -1.0853438912716152e-05 4.650858554333908e-06 3.7847821211817813e-06 5.0037736270086368e-06 -7.820588903958169e-06 -5.3623223141278805e-06 -1.0436449127540312e-05 6.9343421696969851e-06 5.6387828665947717e-06 -1.7478635688140783e-06 -1.7237966920503438e-08 -7.7613589703616525e-06 -2.173534858051891e-06 1.2677497537517612e-05 -2.1369450760828185e-06 2.7554694689231172e-07 5.0672802336621491e-08 -6.5519995303410247e-06 -3.4635359553153703e-06 4.0128785380051542e-06 -5.7261766141853143e-06 1.8190552192416326e-06 5.7144796735954772e-06 -5.3292929639439902e-06 1.9387742014295942e-06 2.3375232318848553e-08 -1.0603538342438755e-06 8.7805378409815944e-07 -2.5094533863688786e-06 1.2717303043444363e-06
leaf_weight=1023 558 546 866 535 780 533 638 643 869 691 519 773 568 552 516 726 890 531 684 731 600 548 568 969 524 670 680 523 904 583 562 534 773 606
leaf_count=1023 558 546 866 535 780 533 638 643 869 691 519 773 568 552 516 726 890 531 684 731 600 548 568 969 524 670 680 523 904 583 562 534 773 606
internal_value=1.57268e-07 -1.9744e-07 6.53564e-06 -8.09844e-07 -3.23394e-06 4.15893e-07 9.66885e-07 4.58663e-06 -4.44633e-06 -2.27454e-06 -1.65522e-06 1.01294e-07 -5.35472e-07 -5.95851e-06 -9.7791e-07 -4.54418e-06 -6.48441e-07 8.65685e-06 1.32293e-06 3.69807e-06 1.89496e-07 -3.15302e-07 -2.42946e-06 1.34154e-06 -2.64225e-06 -6.04437e-07 4.55398e-07 -4.3057e-08 -1.01207e-07 6.96502e-07 2.11645e-06 3.58728e-06 -5.88712e-07 6.59819e-07
internal_weight=23216 22658 1889 20769 6975 13794 12390 2391 1404 6195 5649 9999 8495 1071 7927 1242 4578 1064 1327 1504 3887 6685 1786 2763 1124 1238 4899 4261 1794 3738 1776 1214 1962 1189
internal_count=23216 22658 1889 20769 6975 13794 12390 2391 1404 6195 5649 9999 8495 1071 7927 1242 4578 1064 1327 1504 3887 6685 1786 2763 1124 1238 4899 4261 1794 3738 1776 1214 1962 1189
is_linear=0
shrinkage=0.0329122


Tree=66
num_leaves=34
num_cat=0
split_feature=20 25 31 37 22 55 36 1 30 39 31 0 11 48 0 45 19 20 1 20 42 19 45 37 37 19 19 45 9 44 39 19 31
split_gain=0.000102415 8.55444e-05 5.36193e-05 6.85898e-05 4.08313e-05 3.94808e-05 3.83307e-05 3.74888e-05 2.96501e-05 2.43381e-05 2.21839e-05 1.9702e-05 1.93871e-05 1.86667e-05 2.43309e-05 1.84877e-05 1.54114e-05 1.49213e-05 1.45171e-05 2.28733e-05 1.29273e-05 1.29244e-05 1.96663e-05 1.09964e-05 9.91339e-06 9.05876e-06 8.76623e-06 7.42548e-06 9.68791e-06 7.26842e-06 6.50262e-06 7.14529e-06 2.07948e-06
threshold=31.708333333333336 -0.97814289503695384 25.500000000000004 -0.0034904120269974022 -0.73656385393026602 -3117.4999999999995 -0.0013995808113455019 617.22399819337727 13.500000000000002 -0.0012507822277847966 28.500000000000004 169.50000000000003 -0.65456280360860497 63.927697462303733 30.500000000000004 0.001823155571510249 0.13870243103258775 6.5080645161290338 129.99197032201749 0.77907331457817863 0.0016597521804047057 -0.22970543393329021 -0.0020030050090170111 -0.0016625115394608423 -0.0010531861793577899 0.027219666402316992 1.3193365921798377 -0.001002506517548629 -0.4754575567972697 -0.00138985473651676 1.0000000180025095e-35 -0.014141953024928709 124.50000000000001
decision_type=10 8 2 8 8 2 8 10 2 8 2 10 10 2 10 10 10 10 10 10 10 8 8 8 8 8 8 10 8 10 8 10 2
left_child=1 5 4 -4 -3 -1 9 8 -7 23 -10 18 -9 17 15 25 -16 21 20 -20 30 29 -23 -5 -24 -15 27 -26 -29 -8 31 -12 -28
right_child=-2 2 3 6 -6 7 13 12 10 -11 11 -13 -14 14 16 -17 -18 -19 19 -21 -22 22 24 -25 26 -27 32 28 -30 -31 -32 -33 -34
leaf_value=-9.0507616873814819e-06 1.4081649199037284e-05 -1.1797917113164024e-05 1.2883653679262292e-05 5.6240973980336054e-06 -3.1617360560982609e-07 -8.4943152373926305e-06 -6.7603547990010102e-06 8.1992930286519978e-06 -8.5044122215697097e-06 1.7042840121281679e-06 4.4002395597352211e-06 4.5271189090037635e-06 -2.1589447398776634e-07 5.9360479944051984e-06 2.7731156160965424e-06 -3.9887557968264111e-06 1.0650786036865059e-05 4.4860789400725166e-06 -7.8630495463975455e-06 7.525532074783214e-07 -4.3861883243416974e-06 5.6774706043520743e-06 2.7552060763112489e-06 1.2252533718220136e-05 -6.7649057235382986e-08 6.5698664551029157e-07 -9.1449951148337821e-07 -1.1799616283791282e-06 -6.5008534368050921e-06 -1.5869113314131371e-06 -2.1330419947250016e-06 -1.3664489129802157e-07 1.7449924663828708e-06
leaf_weight=955 558 536 609 525 897 899 521 515 526 889 604 542 699 584 524 629 553 646 945 516 831 578 711 561 745 887 546 678 818 676 753 996 764
leaf_count=955 558 536 609 525 897 899 521 515 526 889 604 542 699 584 524 629 553 646 945 516 831 578 711 561 745 887 546 678 818 676 753 996 764
internal_value=1.52093e-07 -1.90941e-07 1.41771e-06 2.11197e-06 -4.61097e-06 -2.73319e-06 1.55767e-06 -1.96224e-06 -2.93832e-06 5.74273e-06 -2.06399e-06 -1.41084e-06 3.35379e-06 7.19357e-07 2.79633e-06 7.33558e-07 6.81822e-06 -2.6797e-07 -2.10376e-06 -4.82001e-06 -8.57313e-07 -7.76723e-07 -1.93644e-08 9.04839e-06 -7.92006e-07 2.75298e-06 -1.50231e-06 -2.7526e-06 -4.08953e-06 -3.83887e-06 3.88869e-07 1.57589e-06 6.36358e-07
internal_weight=23216 22658 13877 12444 1433 8781 11835 7826 6612 1975 5713 5187 1214 9860 3177 2100 1077 6683 4645 1461 3184 6037 4840 1086 4262 1471 3551 2241 1496 1197 2353 1600 1310
internal_count=23216 22658 13877 12444 1433 8781 11835 7826 6612 1975 5713 5187 1214 9860 3177 2100 1077 6683 4645 1461 3184 6037 4840 1086 4262 1471 3551 2241 1496 1197 2353 1600 1310
is_linear=0
shrinkage=0.0329122


Tree=67
num_leaves=36
num_cat=0
split_feature=20 25 31 39 0 22 55 1 30 20 31 27 27 2 0 10 9 15 1 1 43 6 36 8 20 42 38 9 26 19 0 55 13 31 48
split_gain=9.57841e-05 8.00063e-05 5.01481e-05 5.91333e-05 7.64424e-05 3.81878e-05 3.69247e-05 3.50617e-05 2.77305e-05 2.64152e-05 2.07477e-05 2.04957e-05 2.302e-05 2.01628e-05 1.84265e-05 1.56592e-05 1.45972e-05 1.38456e-05 1.81548e-05 1.80077e-05 1.23909e-05 1.09816e-05 1.21389e-05 1.02595e-05 9.85988e-06 9.1745e-06 8.59652e-06 6.13716e-06 5.19087e-06 7.76817e-06 4.48621e-06 3.87961e-06 3.60975e-06 1.41615e-06 1.72199e-06
threshold=31.708333333333336 -0.97814289503695384 25.500000000000004 -0.0030935826701949383 17.500000000000004 -0.73656385393026602 -3117.4999999999995 617.22399819337727 13.500000000000002 7.5638586956521747 28.500000000000004 10.609739797002348 -1016.9273240088652 0.36178667560549377 169.50000000000003 -1.3637218045112778 -0.46942670197850128 0.16313710150889951 129.99197032201749 160.92597525895732 0.0015810286559881927 30.250000000000004 -0.0012666249538753058 -1.0000000180025095e-35 0.48954691142191148 0.0010357952826525187 -0.0014609211593460956 -0.38445645263827077 -0.00160714086604482 -0.3274078416732919 5.5000000000000009 36785.000000000007 -0.21001725824821613 179.50000000000003 9.2840709389575125
decision_type=10 8 2 8 10 8 2 10 2 10 2 8 10 2 10 10 10 10 10 10 10 8 10 8 8 10 8 10 10 8 8 2 10 2 2
left_child=1 6 5 4 -4 -3 -1 8 -8 11 -10 12 16 24 17 -9 -5 18 23 -20 21 22 -14 -12 -13 32 -26 31 29 -28 -31 -24 -25 34 -32
right_child=-2 2 3 9 -6 -7 7 15 10 -11 14 13 20 -15 -16 -17 -18 -19 19 -21 -22 -23 27 25 26 -27 28 -29 -30 30 33 -33 -34 -35 -36
leaf_value=-8.7528816567295233e-06 1.3618191930708384e-05 -1.1409622219314144e-05 1.8016681609401274e-05 1.9890403936329702e-06 5.7591909589066286e-07 -3.0576762884299079e-07 -8.214748947606745e-06 6.8482521599006001e-06 -8.2245137900146105e-06 6.9853125058113405e-06 -5.3291007902861998e-06 -3.8434238755101762e-06 8.0253777120467188e-06 -5.9371099910252473e-06 4.3781216387057508e-06 -6.3219506199376652e-07 -4.5370861057812287e-06 2.6851829117854326e-06 -1.0378897127585845e-05 -2.551268987643155e-06 8.6113618584499199e-06 -1.0414388659910984e-06 2.1576094589242947e-06 -4.7975928458231445e-07 4.7670668491897345e-06 -2.6368714926677165e-06 -3.4790578902877038e-06 1.5881653579611559e-07 2.6289346556324443e-06 3.0896633177844373e-06 4.4201107522628385e-07 6.1368270472032013e-06 3.0980836406332117e-06 1.1701279893540683e-06 -1.9406109742267591e-06
leaf_weight=955 558 536 549 822 540 897 899 629 526 832 529 566 622 646 542 585 677 588 560 738 520 561 516 520 515 970 678 657 786 560 607 547 740 527 716
leaf_count=955 558 536 549 822 540 897 899 629 526 832 529 566 622 646 542 585 677 588 560 738 520 561 516 520 515 970 678 657 786 560 607 547 740 527 716
internal_value=1.47087e-07 -1.84657e-07 1.37105e-06 2.04246e-06 9.36858e-06 -4.45922e-06 -2.64324e-06 -1.89766e-06 -2.84162e-06 1.33983e-06 -1.99606e-06 8.93451e-07 2.44292e-06 -4.68134e-07 -1.36441e-06 3.2434e-06 -9.5823e-07 -2.03452e-06 -2.71862e-06 -5.92854e-06 3.93241e-06 3.09422e-06 4.08496e-06 -1.2084e-06 2.44828e-07 -2.30788e-07 7.72096e-07 2.65987e-06 2.40956e-07 -3.66791e-07 5.08681e-07 4.20546e-06 1.62133e-06 -2.72466e-07 -8.47277e-07
internal_weight=23216 22658 13877 12444 1089 1433 8781 7826 6612 11355 5713 10523 4922 5601 5187 1214 1499 4645 4057 1298 3423 2903 2342 2759 4955 2230 4389 1720 3874 3088 2410 1063 1260 1850 1323
internal_count=23216 22658 13877 12444 1089 1433 8781 7826 6612 11355 5713 10523 4922 5601 5187 1214 1499 4645 4057 1298 3423 2903 2342 2759 4955 2230 4389 1720 3874 3088 2410 1063 1260 1850 1323
is_linear=0
shrinkage=0.0329122


Tree=68
num_leaves=35
num_cat=0
split_feature=20 20 28 29 39 31 25 8 26 29 27 13 0 18 1 29 43 31 18 15 27 0 45 28 9 1 36 27 9 5 26 30 12 55
split_gain=9.24549e-05 7.21029e-05 6.52233e-05 6.55885e-05 4.05662e-05 2.7861e-05 2.52498e-05 2.33593e-05 2.52846e-05 2.18841e-05 2.02942e-05 2.02009e-05 2.51066e-05 1.80787e-05 1.64831e-05 2.3244e-05 1.45147e-05 1.73586e-05 1.98822e-05 1.65952e-05 1.40677e-05 1.39157e-05 1.29328e-05 1.19119e-05 1.06496e-05 1.25577e-05 8.77223e-06 7.51362e-06 5.75318e-06 5.55862e-06 4.63227e-06 3.91147e-06 2.91187e-06 2.43823e-06
threshold=0.52896057347670256 31.708333333333336 -0.99775511321496635 8.5000000000000018 0.0036396754429541826 26.500000000000004 -1.0000000180025095e-35 0.12500000000000358 -0.0029192027457715787 10.500000000000002 -52.355699909908694 -0.088515619462625608 37.500000000000007 -0.14379249083393261 114.29881780157204 7.5000000000000009 -0.0010261675354077957 100.50000000000001 0.20560255380148387 0.032673903443609299 11.035217621333517 10.500000000000002 -0.0012650226439852583 0.49504950495050387 -0.62089170258620674 156.46026584001021 0.001027221637181386 -226.01993575638355 -0.28224701507144251 0.012915833059276802 -0.00013670073200262821 14.500000000000002 -0.4493057312753036 6744.0000000000009
decision_type=8 10 8 2 10 2 10 10 8 2 8 10 10 10 10 2 8 2 8 8 10 10 8 10 8 10 10 10 8 2 10 2 10 2
left_child=4 2 3 -2 7 9 10 8 14 -4 -7 20 13 22 26 -16 -12 18 -18 -19 21 33 -13 28 -10 27 29 -26 -21 -1 -23 -30 -22 -8
right_child=1 -3 5 -5 -6 6 11 -9 24 -11 16 12 -14 -15 15 -17 17 19 -20 23 32 30 -24 -25 25 -27 -28 -29 31 -31 -32 -33 -34 -35
leaf_value=2.0510845988149731e-06 9.2486947001896256e-07 1.3169987983112858e-05 1.2455848996088942e-06 1.4392121562527072e-05 -1.0593176188654917e-05 5.232647485363333e-06 -1.8423632826823432e-06 -8.0702378782523631e-06 3.8112174850512983e-06 -7.21500122923265e-06 -5.7809518378136216e-06 1.2869955959015179e-05 1.7679737783520668e-07 2.3251828162329892e-06 -1.4997961612839832e-06 -1.0608101875755557e-05 7.1999263366726832e-06 -7.1318182921225241e-06 -9.1973168404206208e-07 2.4922243093579744e-06 -4.2502767642921872e-06 2.7014707218527757e-06 6.0486515111189541e-06 -4.2586625448484797e-06 -5.4798623606950766e-06 3.0502555270677177e-06 -4.499085297492156e-06 -1.6176869981809903e-07 -3.0828698837482891e-06 -2.2484630211194665e-06 6.9030183447469952e-06 6.5925412494229325e-07 -7.9295886977811395e-07 1.1307916833116781e-06
leaf_weight=679 804 558 535 764 678 579 634 649 889 869 671 523 1028 702 557 667 574 542 758 872 533 619 710 806 541 656 739 615 545 626 526 680 523 565
leaf_count=679 804 558 535 764 678 579 634 649 889 869 671 523 1028 702 557 667 574 542 758 872 533 619 710 806 541 656 739 615 545 626 526 680 523 565
internal_value=1.42246e-07 1.5483e-06 1.12614e-06 7.48687e-06 -2.92575e-06 4.03088e-07 9.0102e-07 -2.14021e-06 -1.49541e-06 -3.9909e-06 -6.25567e-07 2.34703e-06 4.33353e-06 6.54174e-06 -3.44282e-06 -6.46341e-06 -1.24821e-06 -6.11467e-07 2.57911e-06 -1.84516e-06 6.15792e-07 2.0368e-06 8.94222e-06 -8.58045e-07 8.60725e-07 -5.86714e-07 -1.63389e-06 -2.6508e-06 4.48902e-07 -1.12051e-08 4.63181e-06 -1.00542e-06 -2.5382e-06 -4.41145e-07
internal_weight=23216 15920 15362 1568 7296 13794 12390 6618 5969 1404 6027 6363 2963 1935 3268 1224 5448 4777 1332 3445 3400 2344 1233 2903 2701 1812 2044 1156 2097 1305 1145 1225 1056 1199
internal_count=23216 15920 15362 1568 7296 13794 12390 6618 5969 1404 6027 6363 2963 1935 3268 1224 5448 4777 1332 3445 3400 2344 1233 2903 2701 1812 2044 1156 2097 1305 1145 1225 1056 1199
is_linear=0
shrinkage=0.0329122


Tree=69
num_leaves=34
num_cat=0
split_feature=20 38 20 39 31 36 19 38 7 31 40 16 25 1 36 0 48 47 1 19 16 27 55 7 45 20 16 55 16 12 11 0 55
split_gain=8.6495e-05 7.28985e-05 5.08235e-05 4.32235e-05 3.78439e-05 3.8879e-05 2.85772e-05 2.81044e-05 2.00752e-05 2.00657e-05 3.34171e-05 2.64325e-05 1.9295e-05 1.93513e-05 1.88072e-05 1.67343e-05 1.62514e-05 1.45178e-05 1.36679e-05 2.06403e-05 1.35579e-05 1.20119e-05 1.14633e-05 1.13609e-05 1.10239e-05 1.02706e-05 9.57876e-06 8.64648e-06 7.20523e-06 8.1315e-06 5.31293e-06 1.99009e-06 1.06971e-06
threshold=0.66224991224991236 -0.0036429993364300302 27.788888888888895 0.0036396754429541826 26.500000000000004 -0.0013559328266281032 0.029545157235766343 0.0013937288998185917 0.36643460266902622 208.50000000000003 -0.0015760451079261937 0.51880579655475934 -0.98337525528499892 114.35910571283291 0.001885015812102542 52.500000000000007 40.289658754564961 39.548022598883193 131.19579061073793 0.46422036506238845 0.42951127819548879 -10.432165954160391 9029.5000000000018 1.0109656965170275 -0.0018885758105360859 2.6312656641604018 0.48590225563909778 10462.000000000002 0.5244821960561783 -0.40081808144009096 -0.46371380442662796 24.500000000000004 291.00000000000006
decision_type=8 8 10 10 2 8 10 8 10 2 8 10 10 10 10 10 2 10 10 8 8 8 2 10 8 10 10 2 10 8 10 8 2
left_child=3 -2 4 9 7 8 14 -3 -6 10 -1 17 13 26 16 21 20 -11 22 -20 -7 -8 -14 24 -22 28 -12 -27 29 -18 31 -26 -33
right_child=1 2 -4 -5 5 6 15 -9 -10 11 12 -13 18 -15 -16 -17 25 -19 19 -21 23 -23 -24 -25 30 27 -28 -29 -30 -31 -32 32 -34
leaf_value=-1.0150930833223151e-05 1.1632511789037017e-05 -8.7724093690843074e-06 1.0751115657208112e-05 -1.0162521367858032e-05 1.0812590991714077e-05 -6.353195774754618e-06 -6.962317660777115e-07 1.2150965214100738e-06 3.2112409098720364e-06 2.4592659877295328e-06 -4.0112493562544027e-06 6.5679849983732777e-06 -5.520216923109289e-06 -7.5906482571284524e-06 -6.3600084751198565e-06 7.2336661965097212e-06 4.0343826468408638e-06 -4.3651633537539251e-06 7.668557223295568e-06 -1.1551734886893467e-06 3.9756722511968311e-06 4.6585379686312615e-06 5.7429271879301416e-07 -5.1850321351659428e-06 -1.6452469523710481e-06 7.4016415907644285e-06 1.0177300914554649e-06 1.4979530050266709e-06 -2.9585771578319532e-06 -5.4746630518873409e-07 -3.6592800485844471e-06 -2.0836671727334188e-07 1.7967498964539754e-06
leaf_weight=597 754 749 570 730 600 527 1019 515 1010 579 907 639 598 970 544 868 744 810 515 649 628 818 758 516 552 516 749 561 525 962 583 598 556
leaf_count=597 754 749 570 730 600 527 1019 515 1010 579 907 639 598 970 544 868 744 810 515 649 628 818 758 516 552 516 749 561 525 962 583 598 556
internal_value=1.37565e-07 1.66448e-06 1.12612e-06 -2.50546e-06 7.16403e-07 1.28128e-06 5.52129e-07 -4.70295e-06 6.04418e-06 -1.78614e-06 -2.77997e-06 1.02814e-06 -1.9248e-06 -3.89903e-06 -4.57383e-07 3.46767e-06 -1.55477e-08 -1.52026e-06 1.32379e-07 2.7486e-06 -1.438e-06 1.68808e-06 -2.11324e-06 -6.83405e-07 1.12827e-07 1.6872e-06 -1.73653e-06 4.32667e-06 4.12912e-07 1.45058e-06 -9.46866e-07 -1.98046e-08 7.57505e-07
internal_weight=23216 14715 13961 8501 13391 12127 10517 1264 1610 7771 5743 2028 5146 2626 7812 2705 7268 1389 2520 1164 3960 1837 1356 3433 2917 3308 1656 1077 2231 1706 2289 1706 1154
internal_count=23216 14715 13961 8501 13391 12127 10517 1264 1610 7771 5743 2028 5146 2626 7812 2705 7268 1389 2520 1164 3960 1837 1356 3433 2917 3308 1656 1077 2231 1706 2289 1706 1154
is_linear=0
shrinkage=0.0329122


Tree=70
num_leaves=35
num_cat=0
split_feature=20 37 37 0 31 22 20 31 28 8 31 12 31 30 20 19 38 0 17 24 4 18 31 31 31 24 20 9 22 20 22 13 12 48
split_gain=8.23662e-05 0.000114447 4.73986e-05 8.10225e-05 3.07002e-05 4.46889e-05 2.52591e-05 3.38836e-05 2.47816e-05 2.4049e-05 2.99617e-05 1.9412e-05 1.84746e-05 1.79353e-05 1.41795e-05 1.93935e-05 1.3718e-05 1.30143e-05 1.25514e-05 1.11972e-05 9.75112e-06 1.02742e-05 9.56657e-06 7.83016e-06 9.98222e-06 7.03661e-06 7.49486e-06 6.03255e-06 6.12296e-06 5.54843e-06 6.94916e-06 4.98906e-06 3.71181e-06 8.99905e-07
threshold=2.6312656641604018 -0.0031331601232976176 0.0030911974926423062 25.500000000000004 26.500000000000004 -0.70561753767860635 27.788888888888895 29.500000000000004 -0.98039215686274461 0.19999999999999932 44.500000000000007 -0.12592673952441097 254.50000000000003 15.500000000000002 0.1067577420468936 0.060849765724919187 0.0015140054096182134 53.500000000000007 -0.22284492846903248 500.25000000000722 -0.12651034200286707 -0.2693699034696117 116.50000000000001 209.50000000000003 114.50000000000001 -1.0663825378287582e-10 0.82229532163742702 -0.48310733689448931 -0.60685391792262011 0.72324236298292921 -0.80924941337214473 -0.15644357422570307 -0.38150117325571026 24.963986289310956
decision_type=10 8 10 10 2 8 10 2 8 10 2 8 2 2 8 8 10 10 10 10 10 10 2 2 2 8 10 10 8 10 8 8 8 2
left_child=2 -2 4 -4 5 -1 7 -3 11 10 -10 -6 14 19 31 16 20 25 -19 23 22 -22 32 24 -9 -17 27 28 -27 -24 -31 -12 -16 -30
right_child=1 6 3 -5 8 -7 -8 13 9 -11 12 -13 -14 -15 15 17 -18 18 -20 -21 21 -23 29 -25 -26 26 -28 -29 33 30 -32 -33 -34 -35
leaf_value=-1.3017240394684545e-05 1.7071039125377735e-05 -5.617867437800571e-06 -1.5426625356268347e-05 2.0172861104977072e-06 1.8466051790169355e-07 -5.2260922226289211e-07 8.467504542691757e-06 -1.9301491732911556e-06 6.0436251999822182e-06 -5.9660250993044243e-06 -2.3079298422291953e-06 7.0426209217838579e-06 5.0920031409059344e-06 6.2805082071291319e-06 3.7539681023494228e-06 -3.0826293243414055e-06 -6.1550618385887874e-06 6.7108287898662474e-06 2.5874064900729461e-08 4.622489051340395e-06 -8.2852768531637214e-07 -7.293537404385435e-06 -3.8865592285558638e-06 -3.7402288717703883e-06 3.4081001342873943e-06 3.5551678050973735e-06 4.0566996789681158e-06 -3.3187403660273949e-06 1.6359659604969968e-07 2.462287976949397e-06 -2.3217956829748906e-06 -6.7100288207316629e-06 -5.3402672060854473e-08 -1.4929059036128199e-06
leaf_weight=521 597 709 640 525 972 766 547 713 736 901 535 828 550 899 589 738 774 675 554 667 519 547 840 528 811 548 530 544 856 531 864 583 524 607
leaf_count=521 597 709 640 525 972 766 547 713 736 901 535 828 550 899 589 738 774 675 554 667 519 547 840 528 811 548 530 544 856 531 864 583 524 607
internal_value=-6.20738e-08 3.46968e-06 -1.14779e-06 -7.56544e-06 -6.98244e-07 -5.58083e-06 1.80365e-06 9.61177e-07 -2.88722e-07 -7.70888e-07 -4.00669e-07 3.33945e-06 -7.98992e-07 2.2505e-06 -1.08428e-06 -7.00008e-07 -2.11342e-06 7.5141e-07 3.69762e-06 9.17949e-07 -1.40466e-06 -4.14615e-06 -5.31709e-07 -2.86096e-07 9.10462e-07 -1.95663e-07 4.94889e-07 -2.43871e-07 5.87805e-07 -1.77327e-06 -5.00593e-07 -4.60368e-06 1.96125e-06 -5.23531e-07
internal_weight=23268 5471 17797 1165 16632 1287 4874 4327 15345 13545 12644 1800 11908 3618 11358 10240 5188 5052 1229 2719 4414 1066 3348 2052 1524 3823 3085 2555 2011 2235 1395 1118 1113 1463
internal_count=23268 5471 17797 1165 16632 1287 4874 4327 15345 13545 12644 1800 11908 3618 11358 10240 5188 5052 1229 2719 4414 1066 3348 2052 1524 3823 3085 2555 2011 2235 1395 1118 1113 1463
is_linear=0
shrinkage=0.0329122


Tree=71
num_leaves=36
num_cat=0
split_feature=20 25 37 47 37 27 42 1 39 38 45 47 39 13 28 55 13 7 1 37 45 16 12 1 55 15 27 22 2 1 26 1 13 55 10
split_gain=7.77218e-05 5.86528e-05 4.81797e-05 3.21948e-05 5.03859e-05 3.02234e-05 2.2004e-05 2.16633e-05 2.78405e-05 1.5328e-05 1.60839e-05 1.478e-05 1.66686e-05 1.99451e-05 1.36794e-05 1.27156e-05 2.05149e-05 1.66382e-05 1.05093e-05 1.0826e-05 1.06461e-05 9.56539e-06 9.22755e-06 9.87637e-06 8.75165e-06 8.37885e-06 8.21556e-06 7.71574e-06 7.69084e-06 7.4766e-06 6.86584e-06 5.52853e-06 4.65611e-06 3.68648e-06 5.26488e-08
threshold=31.708333333333336 -0.33333333333332538 -0.0036199124669130107 116.47876510283429 0.0031298981191222324 -24.910597811068008 0.0030983752129982727 1366.7466946597763 -0.003129898119122287 -0.0010443867077659095 -0.0021220165123279617 -66.666666666667155 0.0016012820512820716 -0.085866273057533776 -0.49850646865574005 9594.0000000000018 -0.20390022839816477 0.23479807581518611 633.46210228558505 0.0010610082561639536 0.0015810286559881927 0.81226503759398505 -0.72065908217040231 39.902379628184114 6403.5000000000009 0.13504035262337424 3.2651843388657027 -0.92742760885325592 -1.0000000180025095e-35 114.40325102459704 -0.0068495741483262746 58.86231450971281 -0.098358034580116285 29745.500000000004 -1.4934210526315785
decision_type=10 8 8 10 10 8 10 10 8 8 8 8 8 8 10 2 8 10 10 8 10 10 10 10 2 10 8 10 2 10 8 10 8 2 8
left_child=1 3 -3 4 6 -5 11 8 -4 10 -10 26 18 -14 31 16 17 -11 19 20 24 28 23 34 -13 -16 -1 -26 -17 -24 -29 -12 -21 -30 -18
right_child=-2 2 7 5 -6 -7 -8 -9 9 15 14 12 13 -15 25 21 22 -19 -20 32 -22 -23 29 -25 27 -27 -28 30 33 -31 -32 -33 -34 -35 -36
leaf_value=-2.2208792654587139e-06 1.1965005718080203e-05 9.6115578716884673e-06 6.9613944400679203e-06 7.3903081815782221e-06 -1.1487610739779646e-05 -2.1845657767664993e-06 -7.4327579592714384e-06 -5.5789310160392226e-06 -2.2400121565398194e-06 -9.3394872847002101e-06 3.4926637562193242e-06 5.1631526740698286e-06 -5.1609184967022657e-07 -8.9859570000200653e-06 9.0846484490327659e-06 2.6508589860111647e-06 2.5344348270880755e-07 -1.6735365764268596e-06 3.822762197584867e-06 -1.500803716949315e-06 -3.4072592270273647e-06 4.4511679612971434e-06 -2.1969370095034101e-07 -5.249453509063437e-06 -2.9847961832993508e-06 3.5663198048278154e-06 -7.8123515354921482e-06 4.3887484331440064e-06 5.3844195903214369e-07 5.1086484947538987e-06 -7.4415834684069629e-07 -1.2950067616513854e-06 -5.6342800475944178e-06 -2.4579022545060032e-06 -1.4468884082650498e-07
leaf_weight=552 568 684 777 672 700 762 802 579 591 540 526 526 649 562 585 988 666 710 635 656 625 779 589 520 530 608 588 566 883 553 563 519 537 896 782
leaf_count=552 568 684 777 672 700 762 802 579 591 540 526 526 649 562 585 988 666 710 635 656 625 779 589 520 530 608 588 566 883 553 563 519 537 896 782
internal_value=-6.00308e-08 -3.60932e-07 1.11365e-06 -2.25897e-06 -3.02931e-06 2.30224e-06 -2.26933e-06 6.32897e-07 9.45343e-07 5.09879e-07 2.58891e-06 -1.67679e-06 -1.00855e-06 -4.44697e-06 3.86421e-06 -2.34031e-07 -1.4244e-06 -4.98541e-06 -1.10716e-07 -7.34745e-07 3.8041e-07 1.22953e-06 6.80271e-09 -1.35877e-06 1.46394e-06 6.27248e-06 -5.1051e-06 2.90941e-07 3.22448e-07 2.36029e-06 1.82891e-06 1.11464e-06 -3.36158e-06 -9.70549e-07 3.82721e-08
internal_weight=23268 22700 12775 9925 8491 1434 7791 12091 11512 10735 2829 6989 5849 1211 2238 7906 4360 1250 4638 4003 2810 3546 3110 1968 2185 1193 1140 1659 2767 1142 1129 1045 1193 1779 1448
internal_count=23268 22700 12775 9925 8491 1434 7791 12091 11512 10735 2829 6989 5849 1211 2238 7906 4360 1250 4638 4003 2810 3546 3110 1968 2185 1193 1140 1659 2767 1142 1129 1045 1193 1779 1448
is_linear=0
shrinkage=0.0329122


Tree=72
num_leaves=36
num_cat=0
split_feature=20 38 36 20 31 31 22 15 42 1 9 39 18 20 4 27 31 48 0 1 42 20 31 31 13 13 45 21 39 31 44 9 17 13 31
split_gain=7.41554e-05 8.26843e-05 3.72538e-05 2.85981e-05 3.96772e-05 2.52611e-05 3.76286e-05 2.48424e-05 2.45069e-05 2.19807e-05 2.13358e-05 2.19356e-05 2.08468e-05 1.81084e-05 1.9193e-05 1.67086e-05 1.56192e-05 1.54402e-05 2.52248e-05 1.51792e-05 1.36856e-05 1.26425e-05 1.25608e-05 1.13661e-05 1.04647e-05 1.23827e-05 1.13219e-05 9.86597e-06 1.50959e-05 1.14165e-05 9.01774e-06 6.99825e-06 5.23771e-06 4.81061e-06 4.66607e-07
threshold=2.6312656641604018 -0.0033670033670032957 0.0036585420263861583 27.788888888888895 30.500000000000004 25.500000000000004 -0.70561753767860635 0.035575215417449124 -0.0031323433460393453 114.16599462365595 -0.12587018099764749 -0.0016116045919692399 -0.36835156086810456 5.6291005291005307 -0.093195049881513101 26.975367979819605 150.50000000000003 64.298750339647214 150.50000000000003 269.78044172229193 0.0015117166611058332 0.072016949152542378 175.50000000000003 209.50000000000003 -0.024338373288016277 -0.25929308505025672 -0.0012368588527579825 -0.25977246327431142 0.0014255174740195333 135.50000000000003 -0.001217285904377474 -0.49662146737889784 -0.24079418608470796 -0.079028419433492064 123.50000000000001
decision_type=10 8 10 10 2 2 8 8 10 10 10 8 10 10 8 10 2 2 10 10 10 10 2 2 10 8 8 2 8 2 10 10 10 8 2
left_child=2 -2 5 4 -3 6 -1 9 -6 16 11 12 -9 14 -10 -15 -7 20 21 -11 23 -19 -12 24 25 -13 -27 -23 29 -29 -16 -25 33 -28 -35
right_child=1 3 -4 -5 8 7 -8 10 13 19 22 17 -14 15 30 -17 -18 18 -20 -21 -22 27 -24 31 -26 26 32 28 -30 -31 -32 -33 -34 34 -36
leaf_value=-1.1965788051763697e-05 1.5725068757112996e-05 -5.918776159176412e-06 -9.4579250412474702e-06 9.0807104409423978e-06 8.9837380931130112e-06 2.7335155109293949e-06 -6.4756944095310101e-07 9.7314461648988314e-06 4.5332574449834608e-06 -1.1036479432031029e-05 -6.4374310967320411e-06 -3.8120798938299577e-06 8.6515350858973209e-07 8.7755856841145812e-06 -6.0657459636939878e-06 1.1582671759211937e-06 -4.5938246497668417e-06 -3.3724923412833037e-06 8.4143230963617847e-06 -3.1661338094564476e-06 -4.9166663980392136e-06 4.461055090985654e-06 1.2058933775924992e-07 3.9076151552462428e-07 -4.7514653411014675e-06 4.7874681031933839e-06 2.5898293085739811e-06 5.4566172734219154e-06 -4.4352501083732751e-06 -3.5141336478651432e-07 -5.4320439050459392e-07 5.139393391914775e-06 -3.0511201605117838e-06 -1.4864303067000349e-06 -1.7406970600793513e-07
leaf_weight=531 524 729 558 546 537 679 794 518 539 529 810 922 645 542 548 735 588 679 522 533 807 909 519 870 732 556 711 618 531 901 771 548 612 596 579
leaf_count=531 524 729 558 546 537 679 794 518 539 529 810 922 645 542 548 735 588 679 522 533 807 909 519 870 732 556 711 618 531 901 771 548 612 596 579
internal_value=-5.80566e-08 3.29304e-06 -1.08823e-06 1.97616e-06 1.0947e-06 -8.17307e-07 -5.18357e-06 -4.53758e-07 2.48714e-06 -3.59433e-06 8.46418e-08 5.14164e-07 4.8144e-06 1.37425e-06 -6.99361e-07 4.39148e-06 -6.66838e-07 6.33032e-08 1.64848e-06 -7.0867e-06 -8.87815e-07 6.77616e-07 -3.87623e-06 -3.57043e-07 -1.1351e-06 -4.69253e-07 5.39869e-07 1.60707e-06 3.41459e-07 2.01141e-06 -2.83781e-06 2.22608e-06 -4.05462e-07 4.52923e-07 -8.39938e-07
internal_weight=23268 5471 17797 4947 4401 17239 1325 15914 3672 2329 13585 12256 1163 3135 1858 1277 1267 11093 4160 1062 6933 3638 1329 6126 4708 3976 3054 2959 2050 1519 1319 1418 2498 1886 1175
internal_count=23268 5471 17797 4947 4401 17239 1325 15914 3672 2329 13585 12256 1163 3135 1858 1277 1267 11093 4160 1062 6933 3638 1329 6126 4708 3976 3054 2959 2050 1519 1319 1418 2498 1886 1175
is_linear=0
shrinkage=0.0329122


Tree=73
num_leaves=34
num_cat=0
split_feature=20 37 37 0 31 4 9 37 12 20 31 19 31 36 31 19 1 10 48 15 39 1 15 0 48 18 16 16 47 42 18 38 10
split_gain=6.93547e-05 0.000100264 4.01269e-05 7.39478e-05 2.69097e-05 2.50072e-05 2.28861e-05 2.8266e-05 2.91447e-05 1.99905e-05 2.94809e-05 1.75477e-05 1.72237e-05 1.73363e-05 1.58342e-05 1.55742e-05 1.49022e-05 1.3099e-05 1.20843e-05 1.84133e-05 1.19657e-05 1.15925e-05 1.0912e-05 9.5306e-06 9.07872e-06 1.29396e-05 8.65576e-06 8.94758e-06 5.65848e-06 5.52383e-06 4.77755e-06 7.03648e-06 1.0551e-05
threshold=2.6312656641604018 -0.0031331601232976176 0.0030911974926423062 25.500000000000004 26.500000000000004 -0.0065155405724727855 -0.12587018099764749 -0.0010531861793577899 -0.19075058662785513 24.527777777777782 29.500000000000004 -0.10997367449670391 45.500000000000007 0.0015048917474408399 209.50000000000003 0.51791545718725385 114.29881780157204 -1.3468045112781952 49.296863721965615 0.2171796112959001 0.0016736413393612095 143.44545399582753 0.098169912608594964 49.500000000000007 64.298750339647214 -0.14379249083393261 0.45892375168690963 0.52922973372295379 -3.6711374680933316e-11 0.0010055306714660264 -0.026934383149938897 -0.0012570715211275838 -1.3862781954887218
decision_type=10 8 10 10 2 8 10 8 8 10 2 10 2 10 2 10 10 10 2 8 10 10 10 10 2 8 8 10 10 8 8 10 10
left_child=2 -2 4 -4 5 -1 7 8 21 10 -3 18 -9 14 20 23 -8 -15 19 -12 24 -6 -13 28 26 -26 -14 30 -16 -27 -28 -32 -33
right_child=1 9 3 -5 6 -7 16 12 -10 -11 11 22 13 17 15 -17 -18 -19 -20 -21 -22 -23 -24 -25 25 29 27 -29 -30 -31 31 32 -34
leaf_value=-1.0196499416366796e-05 1.5915358883180995e-05 -5.4418407440343444e-06 -1.4467447112455328e-05 2.1974827527437371e-06 3.5476709894248603e-06 -9.8872220561772433e-07 -1.2955534519017512e-06 4.4268694246348215e-06 9.4601771861806201e-06 7.1669506379276465e-06 1.2824993734600085e-06 1.9778606728752766e-06 -4.4224148014378635e-06 -1.6975781539741424e-06 8.5243995517559001e-07 6.7469529852380332e-06 -7.8754364282839928e-06 -8.2736192447686153e-06 3.6652943519387622e-06 -6.7185131434636286e-06 -4.8825448982599623e-06 -2.8651464305914077e-06 7.319455192259874e-06 3.6889026434830086e-06 5.2135451583467302e-06 1.7016852365066656e-06 -2.5004559961380461e-06 -3.4172951821438139e-06 -3.6933080921744701e-06 -2.3715510823408813e-06 -1.0869843976810644e-06 -3.9416194520916191e-07 5.919127248313356e-06
leaf_weight=590 597 683 640 525 750 697 882 741 662 616 775 880 838 867 658 578 646 528 616 521 781 515 783 677 619 676 534 968 540 773 965 580 567
leaf_count=590 597 683 640 525 750 697 882 741 662 616 775 880 838 867 658 578 646 528 616 521 781 515 783 677 619 676 534 968 540 773 965 580 567
internal_value=-5.61462e-08 3.18466e-06 -1.05242e-06 -6.9573e-06 -6.38795e-07 -5.21003e-06 -2.55386e-07 1.6728e-07 3.86499e-06 1.62527e-06 8.23512e-07 2.02057e-06 -4.31985e-07 -7.54942e-07 -2.64108e-07 2.02359e-06 -4.07751e-06 -4.18674e-06 -1.29775e-07 -1.93378e-06 -1.03276e-06 9.36738e-07 4.49301e-06 5.67417e-07 -5.71583e-07 1.23033e-06 -1.40864e-06 -7.09754e-07 -1.19637e-06 -4.71112e-07 2.80673e-07 9.83965e-07 2.72651e-06
internal_weight=23268 5471 17797 1165 16632 1287 15345 13817 1927 4874 4258 3575 11890 11149 9754 2453 1528 1395 1912 1296 7301 1265 1663 1875 6520 2068 4452 3614 1198 1449 2646 2112 1147
internal_count=23268 5471 17797 1165 16632 1287 15345 13817 1927 4874 4258 3575 11890 11149 9754 2453 1528 1395 1912 1296 7301 1265 1663 1875 6520 2068 4452 3614 1198 1449 2646 2112 1147
is_linear=0
shrinkage=0.0329122


Tree=74
num_leaves=33
num_cat=0
split_feature=20 37 0 31 37 22 48 18 26 40 6 24 9 6 42 13 44 48 45 9 1 1 20 12 3 11 12 0 8 17 22 48
split_gain=6.53297e-05 4.02952e-05 0.00010601 4.56938e-05 4.56036e-05 3.98821e-05 3.49313e-05 2.60522e-05 2.29185e-05 1.74604e-05 1.98049e-05 1.70521e-05 1.40973e-05 1.59386e-05 1.45721e-05 1.40485e-05 1.24535e-05 1.19092e-05 1.07188e-05 1.06514e-05 9.60497e-06 8.71708e-06 8.46229e-06 7.06288e-06 5.81515e-06 7.58789e-06 8.24005e-06 4.97367e-06 9.26012e-06 4.75432e-06 4.97656e-06 1.63433e-06
threshold=9.5092592592592613 0.0028070189262020544 31.500000000000004 26.500000000000004 -0.0034904120269974022 -0.69844299042772306 18.729499002958509 0.10075799929962483 -0.0029192027457715787 0.0025461499813617121 -1.0000000180025095e-35 500.00000000004258 -0.2938215648854961 -12.749999999999998 0.0016246964417696577 -0.11686405547274986 0.0018034279767131791 63.650165968497056 0.0010454785920086531 -0.4158465924767773 145.52632395985486 131.14426767676773 0.20330810268569607 -0.79786974015718415 0.085628635695612604 -0.40456280360860508 -0.56089872361467374 200.50000000000003 1.0000000180025095e-35 -0.20451265660409626 -0.84082081714981072 1.0000000180025095e-35
decision_type=10 10 10 2 8 8 2 8 8 10 8 10 10 10 10 10 10 2 10 10 10 10 10 10 2 10 10 8 8 10 10 2
left_child=1 3 -3 5 -5 -1 -2 -8 12 10 11 16 13 20 18 -14 29 21 24 -13 -6 27 -19 -23 25 26 -15 28 -12 -10 -31 -29
right_child=6 2 -4 4 8 -7 7 -9 9 -11 17 19 15 14 -16 -17 -18 22 -20 -21 -22 23 -24 -25 -26 -27 -28 31 -30 30 -32 -33
leaf_value=-1.1502374589254844e-05 -9.0884491102027093e-07 -1.4544865744995648e-05 4.1913418144582807e-06 9.7003895628966356e-06 3.0554798919262005e-07 -1.0303100842949632e-06 4.1015152304332015e-06 1.3613979294363632e-05 -1.856683340999839e-06 -4.6888534503847194e-06 -5.6966815728564273e-07 3.6534075099490632e-06 -1.0012464159579832e-06 2.9362166513193504e-06 -5.6385095398255127e-06 -6.5227866153599423e-06 5.5399791682048889e-06 -8.4509942431438802e-07 -3.7148549189110902e-06 9.5004878437365891e-06 5.905360767587341e-06 -2.2826096478260326e-07 4.3022391338827079e-06 -5.1542188610346981e-06 -1.7315372597967181e-06 4.2050914525446537e-06 -2.5426462845763155e-06 -4.3737730610750087e-08 4.960075779734384e-06 -5.9469425716191577e-07 3.4117909983677239e-06 -2.4667177794221348e-06
leaf_weight=689 555 728 594 539 823 920 604 645 719 548 866 832 1009 529 759 988 646 530 926 568 556 538 996 762 954 679 679 557 528 655 689 658
leaf_count=689 555 728 594 539 823 920 604 645 719 548 866 832 1009 529 759 988 646 530 926 568 556 538 996 762 954 679 679 557 528 655 689 658
internal_value=-5.42986e-08 -5.59894e-07 -6.12615e-06 -1.94547e-07 2.67331e-07 -5.51476e-06 5.96115e-06 9.01406e-06 -1.52177e-08 1.02413e-06 1.35218e-06 3.07647e-06 -1.34264e-06 -5.34181e-07 -1.47805e-06 -3.7331e-06 1.55217e-06 4.85354e-08 -6.39709e-07 6.02581e-06 2.56351e-06 -9.14014e-07 2.51435e-06 -3.11581e-06 3.62529e-07 1.42133e-06 -1.43187e-07 1.82997e-07 1.52465e-06 3.03338e-07 1.45906e-06 -1.35612e-06
internal_weight=23268 21464 1322 20142 18533 1609 1804 1249 17994 10092 9544 4109 7902 5905 4526 1997 2709 5435 3767 1400 1379 3909 1526 1300 2841 1887 1208 2609 1394 2063 1344 1215
internal_count=23268 21464 1322 20142 18533 1609 1804 1249 17994 10092 9544 4109 7902 5905 4526 1997 2709 5435 3767 1400 1379 3909 1526 1300 2841 1887 1208 2609 1394 2063 1344 1215
is_linear=0
shrinkage=0.0329122


Tree=75
num_leaves=35
num_cat=0
split_feature=20 38 8 48 42 48 15 7 47 20 40 4 55 3 31 42 17 16 55 44 20 1 38 8 16 12 7 19 12 27 15 29 25 55
split_gain=6.07702e-05 5.57494e-05 3.92911e-05 2.54207e-05 3.4605e-05 2.43561e-05 2.3225e-05 2.03662e-05 2.00668e-05 2.27368e-05 1.82264e-05 2.2378e-05 1.54827e-05 1.82417e-05 1.51376e-05 1.64806e-05 1.65992e-05 1.49376e-05 1.43697e-05 1.31886e-05 1.11243e-05 1.07455e-05 1.18923e-05 1.00488e-05 1.15538e-05 1.05334e-05 8.99085e-06 9.8281e-06 9.68598e-06 7.94408e-06 7.00758e-06 6.79956e-06 4.25001e-06 1.1358e-06
threshold=1.4810240530030248 -0.003430541825542532 0.12500000000000358 78.592235457300163 0.0016597521804047057 56.279714509581389 0.13700640857434351 0.94230277014850128 128.88888888888553 0.1067577420468936 -0.00135777387764735 -0.025833065153155258 21115.500000000004 0.061819226402694376 209.50000000000003 -0.002086594203687286 -0.14535064710657966 0.51880579655475934 9152.5000000000018 1.0000000180025095e-35 6.0270467836257318 160.78206955287155 1.0000000180025095e-35 -1.0000000180025095e-35 0.5209561064824223 -0.61343957503320035 0.71105140647475806 -0.17106723262544318 -0.30375823830944654 1.0282706300939175 0.16313710150889951 10.500000000000002 -0.99487968172362751 274.50000000000006
decision_type=10 8 10 2 10 2 8 10 10 8 8 8 2 2 2 8 8 10 2 8 10 10 8 10 10 10 8 10 8 10 8 2 10 2
left_child=2 -2 3 4 14 7 -4 10 9 -5 11 -3 13 -7 15 -1 18 30 31 -6 -9 22 -11 -12 25 -25 28 33 -18 32 -16 -17 -20 -28
right_child=1 5 6 8 19 12 -8 20 -10 21 23 -13 -14 -15 17 16 26 -19 29 -21 -22 -23 -24 24 -26 -27 27 -29 -30 -31 -32 -33 -34 -35
leaf_value=-6.3754200094328042e-06 1.1933569298804337e-05 1.0095424450460896e-05 -2.4636574621143934e-06 -5.3068385316310589e-06 -9.9184653194848333e-06 9.2354530428632363e-06 -1.1117337436115686e-05 -5.3848878696871282e-06 6.4735505481079229e-06 2.967594991458232e-06 3.890504579662512e-06 4.9814714760372239e-07 1.1138027754437242e-06 1.5723909364257674e-06 -2.3199689581937038e-06 -8.3360525025466958e-06 3.8785977727283542e-07 5.9577719136979315e-06 -6.1255881939236332e-07 -3.6720511330705825e-06 3.7069539021318486e-07 5.5566993747061088e-06 -2.7891080805847608e-06 -2.4363919031212134e-06 -4.4023958128551128e-06 4.0575115359701167e-06 -4.3946202558862165e-07 -4.5408827255385198e-06 5.6437602062250913e-06 2.4258393009401422e-06 2.492058391526529e-06 -3.1723032460149546e-06 -4.5812718282281064e-06 1.5661354250150302e-06
leaf_weight=658 608 519 711 589 584 916 637 870 759 911 556 534 1012 532 727 539 966 645 652 982 625 642 678 515 720 570 540 564 626 540 597 567 530 705
leaf_count=658 608 519 711 589 584 916 637 870 759 911 556 534 1012 532 727 539 966 645 652 982 625 642 678 515 720 570 540 564 626 540 597 567 530 705
internal_value=2.45028e-08 2.35476e-06 -1.18654e-06 -6.69828e-07 -1.49166e-06 1.5644e-06 -6.55314e-06 2.249e-07 1.72326e-06 4.44648e-07 1.62777e-06 5.22865e-06 4.23732e-06 6.42018e-06 -6.94135e-07 -1.42172e-06 -8.98401e-07 1.85064e-06 -2.7616e-06 -6.00164e-06 -2.97855e-06 1.96318e-06 5.11161e-07 2.16885e-08 -1.16991e-06 9.74941e-07 6.50816e-07 -9.36563e-07 2.45471e-06 -8.81248e-07 -1.50023e-07 -5.68902e-06 -2.39229e-06 6.96054e-07
internal_weight=23326 7977 15349 14001 10422 7369 1348 4909 3579 2820 3414 1053 2460 1448 8856 6887 6229 1969 2828 1566 1495 2231 1589 2361 1805 1085 3401 1809 1592 1722 1324 1106 1182 1245
internal_count=23326 7977 15349 14001 10422 7369 1348 4909 3579 2820 3414 1053 2460 1448 8856 6887 6229 1969 2828 1566 1495 2231 1589 2361 1805 1085 3401 1809 1592 1722 1324 1106 1182 1245
is_linear=0
shrinkage=0.0329122


Tree=76
num_leaves=35
num_cat=0
split_feature=20 37 8 48 37 48 20 15 41 47 20 10 42 22 40 2 55 8 2 12 38 27 17 16 7 22 19 0 19 24 3 27 17 48
split_gain=5.68361e-05 7.08712e-05 3.67474e-05 2.37749e-05 3.79526e-05 2.35233e-05 2.30531e-05 2.17213e-05 1.90905e-05 1.87676e-05 2.12648e-05 1.86801e-05 1.69541e-05 2.10469e-05 1.65477e-05 1.40046e-05 1.3658e-05 1.27783e-05 1.17241e-05 1.04644e-05 9.84517e-06 1.37988e-05 9.45628e-06 8.28531e-06 8.08866e-06 7.67401e-06 7.72089e-06 1.07584e-05 8.27537e-06 8.82513e-06 7.32146e-06 7.18619e-06 6.11383e-06 5.83673e-07
threshold=1.4810240530030248 -0.0034188134087615447 0.12500000000000358 78.592235457300163 0.0031298981191222324 19.62812992603207 13.457516339869283 0.13700640857434351 -0.0015026304499987651 128.88888888888553 0.1067577420468936 -1.8148496240601499 0.0015117166611058332 -0.87007385341028975 0.0014214648260700848 0.64294963364257984 5662.5000000000009 -0.27499999999999852 -0.39771460906297545 -0.67267316017316003 0.0016460916500476987 -13.309444075223224 -0.20451265660409626 0.53978935889341695 0.84969450869839425 -0.73656385393026602 0.058934399692880397 51.500000000000007 0.48606947375419912 12500.500000000002 -0.011306275547107888 -18.204647240047162 -0.13357201369181707 7.9624618040758095e-13
decision_type=10 8 10 2 10 2 10 8 8 10 8 10 10 8 8 2 2 8 2 10 8 10 8 10 10 10 8 10 8 8 2 10 8 2
left_child=2 -2 3 4 12 16 8 -4 -7 10 -5 -10 15 -14 19 17 -3 -1 22 -13 21 -12 -19 -21 -18 26 27 32 31 -30 -27 -28 -20 -31
right_child=1 5 7 9 -6 6 -8 -9 11 -11 20 14 13 -15 -16 -17 24 18 25 23 -22 -23 -24 -25 -26 30 28 -29 29 33 -32 -33 -34 -35
leaf_value=4.6663026476636703e-06 1.3470808585209949e-05 -5.8995530925405797e-06 -2.3825732734563837e-06 -5.1321790758026334e-06 -9.76161919310267e-06 5.9983375563480586e-06 7.7569267009394164e-06 -1.0751441900090617e-05 4.8882368024966361e-06 6.2604919877885143e-06 6.3385208469317828e-06 4.32949958658888e-06 9.5329510879087232e-07 -7.3787986240653991e-06 -5.2013713434287721e-06 -5.5745316550534443e-06 2.0907028591532186e-06 -6.834641808818608e-06 -2.9411277557406169e-06 1.2773778529145031e-06 -1.3480833704957858e-06 8.9344564893112231e-08 -5.9483488673163395e-07 -3.5063893515519983e-06 -3.0913462326672916e-06 -1.9179185172459308e-07 5.3313508668818093e-06 -5.984648844026956e-06 -4.2367086101501977e-06 1.23290955454044e-07 5.2471537060253694e-06 2.2640767234574479e-07 1.114732602918164e-06 1.5298900105825562e-06
leaf_weight=574 569 582 711 589 562 887 783 637 862 759 806 627 520 891 662 533 854 515 697 960 696 729 538 663 528 515 600 531 546 714 559 595 953 579
leaf_count=574 569 582 711 589 562 887 783 637 862 759 806 627 520 891 662 533 854 515 697 960 696 729 538 663 528 515 600 531 546 714 559 595 953 579
internal_value=2.36964e-08 2.27726e-06 -1.14749e-06 -6.47784e-07 -1.44257e-06 1.41747e-06 2.53144e-06 -6.33747e-06 1.65356e-06 1.66655e-06 4.30011e-07 6.32352e-07 -9.68374e-07 -4.30799e-06 -6.27382e-07 -4.10625e-07 -1.67022e-06 -6.29003e-08 -4.32662e-07 7.18286e-07 1.89857e-06 3.37082e-06 -3.64681e-06 -6.76663e-07 1.1071e-07 1.05463e-07 -4.16236e-07 -1.90989e-06 6.57407e-07 -7.28086e-07 2.63888e-06 2.78975e-06 -5.98423e-07 7.53337e-07
internal_weight=23326 7977 15349 14001 10422 7408 5444 1348 4661 3579 2820 3774 9860 1411 2912 8449 1964 7916 7342 2250 2231 1535 1053 1623 1382 6289 5215 2181 3034 1839 1074 1195 1650 1293
internal_count=23326 7977 15349 14001 10422 7408 5444 1348 4661 3579 2820 3774 9860 1411 2912 8449 1964 7916 7342 2250 2231 1535 1053 1623 1382 6289 5215 2181 3034 1839 1074 1195 1650 1293
is_linear=0
shrinkage=0.0329122


Tree=77
num_leaves=33
num_cat=0
split_feature=20 37 8 19 15 31 47 39 0 4 28 44 41 37 4 12 13 37 40 0 20 27 44 4 13 9 1 1 13 31 16 55
split_gain=5.31566e-05 6.62829e-05 3.43684e-05 2.08781e-05 2.0315e-05 1.84532e-05 1.78166e-05 4.22299e-05 2.57217e-05 2.13171e-05 1.93822e-05 1.77651e-05 2.21139e-05 1.30717e-05 2.0015e-05 1.69281e-05 1.47083e-05 1.15483e-05 1.10726e-05 8.49001e-06 1.30987e-05 1.29185e-05 1.12128e-05 7.65203e-06 7.26445e-06 7.16034e-06 7.42168e-06 6.35997e-06 4.9695e-06 6.19697e-06 4.53165e-06 3.93734e-07
threshold=1.4810240530030248 -0.0034188134087615447 0.12500000000000358 0.13311775079142055 0.13700640857434351 254.50000000000003 111.11111111124224 0.0031007751937984778 113.50000000000001 -0.82263538222989363 -0.98039215686274594 -0.0043956256279465413 -0.0031331601232976176 0.0011954576895153448 -0.097913064116909101 -0.75320659224205644 -0.095578927571082148 0.001668057874234852 0.001668057874234852 15.500000000000002 3.0738017429193905 2.2949966041329071 -0.0010085731258747674 -0.037584775279835871 -0.27812737768318013 -0.28224701507144251 145.40666802805382 46.95891399804254 -0.015880464051068004 99.500000000000014 0.10586049170954832 2772.5000000000005
decision_type=10 8 10 10 8 2 8 10 10 8 10 10 10 8 8 10 8 10 10 10 10 10 10 8 10 10 10 8 8 2 10 2
left_child=2 -2 5 11 -4 6 7 9 17 -1 -11 -3 -13 14 15 -12 -15 28 19 20 -14 -21 -23 -24 -17 26 27 -26 29 -8 31 -30
right_child=1 3 4 -5 -6 -7 8 -9 -10 10 13 12 18 16 -16 24 -18 -19 -20 21 -22 22 23 -25 25 -27 -28 -29 30 -31 -32 -33
leaf_value=-6.0908239455979885e-06 1.3027455267130539e-05 -3.8240958769338312e-06 -2.3041576484595069e-06 6.0136752752467686e-06 -1.0397588997264655e-05 5.0252501814804714e-06 4.9404001046239428e-06 -1.0242098111565673e-05 7.6500607759078571e-06 4.3977522509922278e-06 4.0960129408744389e-06 7.2014232384021094e-06 -2.8530293078943485e-07 -9.4889173374770765e-07 -6.2149599137460374e-06 -3.9524221932508217e-06 -7.9295071490971823e-06 -4.1943135225187479e-06 -3.7739254915894128e-06 4.0554560163004147e-06 5.6694665475767748e-06 -3.685547345045829e-06 -1.3116828696145515e-06 4.0208513692916682e-06 1.0993381932180768e-06 -3.1078850556939902e-06 3.161042923743804e-06 -3.311199360398828e-06 5.2473970025347442e-08 4.6677117001008599e-07 -3.0400406261456243e-06 1.1207032168794139e-06
leaf_weight=844 569 817 711 919 637 599 532 592 522 763 1003 626 708 732 572 628 591 633 548 683 920 1005 660 522 895 655 887 586 888 908 525 646
leaf_count=844 569 817 711 919 637 599 532 592 522 763 1003 626 708 732 572 628 591 633 548 683 920 1005 660 522 895 655 887 586 888 908 525 646
internal_value=2.29165e-08 2.20232e-06 -1.10972e-06 1.37082e-06 -6.12889e-06 -6.26464e-07 -8.79083e-07 -1.75436e-06 7.66107e-07 -1.13825e-06 -5.66565e-07 7.13242e-07 1.36684e-06 -1.14497e-06 -4.051e-07 3.08912e-07 -4.06739e-06 -1.03495e-07 6.42969e-07 1.18114e-06 3.07966e-06 1.04128e-07 -1.12977e-06 1.0431e-06 -7.31415e-07 -6.22051e-08 7.80148e-07 -6.45663e-07 6.36504e-07 2.11969e-06 -4.00676e-07 5.02477e-07
internal_weight=23326 7977 15349 7408 1348 14001 13402 8748 4654 8156 7312 6489 5672 6549 5226 4654 1323 4132 5046 4498 1628 2870 2187 1182 3651 3023 2368 1481 3499 1440 2059 1534
internal_count=23326 7977 15349 7408 1348 14001 13402 8748 4654 8156 7312 6489 5672 6549 5226 4654 1323 4132 5046 4498 1628 2870 2187 1182 3651 3023 2368 1481 3499 1440 2059 1534
is_linear=0
shrinkage=0.0329122


Tree=78
num_leaves=33
num_cat=0
split_feature=20 37 48 37 31 48 20 9 47 16 40 42 39 48 2 1 40 15 28 1 12 15 1 2 18 10 15 40 12 9 42 31
split_gain=4.97152e-05 6.19917e-05 2.94385e-05 4.60686e-05 2.47548e-05 2.1706e-05 2.15946e-05 2.01864e-05 1.96725e-05 1.81952e-05 1.80977e-05 1.74674e-05 1.6103e-05 1.58659e-05 1.29979e-05 1.24692e-05 1.19963e-05 1.18579e-05 1.07535e-05 1.00201e-05 9.72971e-06 8.78809e-06 7.91244e-06 7.71351e-06 7.60779e-06 7.74054e-06 6.51302e-06 6.15587e-06 4.76636e-06 8.06723e-06 6.8017e-06 7.63861e-07
threshold=1.4810240530030248 -0.0034188134087615447 80.010096313147216 0.0030911974926423062 26.500000000000004 19.62812992603207 13.457516339869283 -0.12210156613984158 128.88888888888553 0.48793711032800219 -0.0015026304499987651 0.0031298981191222324 -0.0016447368421052542 84.583115462284582 -0.26849634718001669 269.65803529288354 0.0014214648260700848 0.18708513692482845 -0.49850646865574005 129.6570153561762 -0.66452302178108613 0.029049941726534655 146.7159999200716 -0.39771460906297545 -0.32164843516141378 -1.3129699248120297 0.14580522619412059 0.0012507822277846305 -0.31153082270262006 -0.66112244545108745 0.0043103648482315524 121.50000000000001
decision_type=10 8 2 10 2 2 10 10 10 8 8 10 8 2 2 10 10 8 10 10 8 10 10 2 10 10 8 8 10 10 8 2
left_child=2 -2 3 4 -1 15 10 9 11 14 -7 22 -11 16 -6 17 18 -3 -12 26 -16 -22 27 -14 28 -26 -20 -4 29 30 -25 -32
right_child=1 5 8 -5 7 6 -8 -9 -10 12 13 -13 23 -15 20 -17 -18 -19 19 -21 21 -23 -24 24 25 -27 -28 -29 -30 -31 31 -33
leaf_value=-6.7319147163874806e-06 1.2598693794650757e-05 3.4782642912449289e-06 1.9914254055149895e-06 -9.7843551651217861e-06 -5.887314416379974e-06 5.6928844034271397e-06 7.4532706724718319e-06 -5.3379754234694238e-06 6.0329146602383226e-06 5.6595339583563285e-06 -3.3700322638597742e-06 -5.1306097888198559e-06 -2.8853281900881906e-06 5.5309326632364749e-06 1.8828324835119907e-06 -5.6715601885755894e-06 -4.6546841351015485e-06 -2.6617675793412089e-06 1.9371213703183034e-06 4.7340588149530027e-06 -5.9052316462925394e-06 -6.4836439978279898e-07 4.2638163806910292e-06 -3.6395760504355088e-06 6.2658616047821262e-07 5.7040722253294413e-06 -2.8694645297305051e-06 -2.1896862821424048e-06 -2.4137413212422346e-06 3.7564010847546253e-06 1.6577936972029139e-06 2.0319064698429784e-08
leaf_weight=850 569 613 856 747 863 916 783 994 811 623 580 536 812 581 763 584 582 767 728 748 567 878 742 561 809 544 526 688 834 607 536 728
leaf_count=850 569 613 856 747 863 916 783 994 811 623 580 536 812 581 763 584 582 767 728 748 567 878 742 561 809 544 526 688 834 607 536 728
internal_value=2.21616e-08 2.12983e-06 -1.0732e-06 -1.87584e-06 -1.33724e-06 1.3257e-06 2.39578e-06 -8.84063e-07 1.51517e-06 -3.98866e-07 1.54612e-06 2.16751e-07 6.47841e-07 5.31792e-07 -2.46236e-06 -1.64032e-06 -3.8612e-07 6.54866e-08 5.75955e-07 1.71926e-06 -1.12361e-06 -2.71125e-06 1.47065e-06 7.28979e-08 5.92991e-07 2.66826e-06 -7.88559e-08 1.28191e-07 -2.66656e-07 4.69544e-07 -6.23548e-07 7.14872e-07
internal_weight=23326 7977 15349 11716 10969 7408 5444 10119 3633 9125 4661 2822 6054 3745 3071 1964 3164 1380 2582 2002 2208 1445 2286 5431 4619 1353 1254 1544 3266 2432 1825 1264
internal_count=23326 7977 15349 11716 10969 7408 5444 10119 3633 9125 4661 2822 6054 3745 3071 1964 3164 1380 2582 2002 2208 1445 2286 5431 4619 1353 1254 1544 3266 2432 1825 1264
is_linear=0
shrinkage=0.0329122


Tree=79
num_leaves=35
num_cat=0
split_feature=20 38 8 48 48 42 31 40 15 22 47 20 21 11 19 31 40 15 25 15 17 13 55 20 31 12 31 16 22 0 13 48 55 16
split_gain=4.64966e-05 4.55828e-05 3.18148e-05 2.13766e-05 2.04001e-05 2.91904e-05 2.03855e-05 1.9895e-05 1.88813e-05 1.70906e-05 1.57029e-05 1.90404e-05 1.40621e-05 1.55056e-05 1.40453e-05 1.36535e-05 1.57236e-05 1.40268e-05 1.21393e-05 1.11046e-05 1.09836e-05 1.15488e-05 1.04742e-05 1.14719e-05 8.88015e-06 1.14386e-05 8.4639e-06 7.05189e-06 6.7749e-06 6.24252e-06 5.88139e-06 3.96839e-06 7.61594e-06 1.13576e-05
threshold=1.4810240530030248 -0.003430541825542532 0.12500000000000358 56.279714509581389 78.592235457300163 0.0016597521804047057 28.500000000000004 -0.0025173074790488799 0.13700640857434351 -0.88948407475651481 128.88888888888553 0.08639169472502807 -0.36262361229907097 -0.29000858214011466 -0.053778312333390581 209.50000000000003 -0.0020986381974173458 0.13185381999948301 -0.99002998003988751 0.22253036224665171 -0.15577733243614872 -0.11586092582761685 9152.5000000000018 0.56487493987493997 203.50000000000003 -0.47683086832061067 120.50000000000001 0.51785882685778961 -0.79786974015718415 57.500000000000007 -0.11586092582761685 9.217874219391872e-12 32940.500000000007 0.54441950884816614
decision_type=10 8 10 2 2 10 2 8 8 10 10 8 2 8 10 2 8 10 10 8 8 8 2 10 2 10 2 8 10 8 8 2 2 8
left_child=2 -2 4 6 5 15 -3 -8 -4 -7 11 -6 -5 -14 19 16 -1 27 29 24 22 -22 23 -18 25 -9 -20 -17 -24 -13 -16 -23 33 -33
right_child=1 3 8 12 10 9 7 14 -10 -11 -12 18 13 -15 30 17 20 -19 26 -21 21 31 28 -25 -26 -27 -28 -29 -30 -31 -32 32 -34 -35
leaf_value=-6.7819850219810465e-06 1.0721215369255757e-05 -5.7789076468063142e-06 -2.1796741346581404e-06 7.632003985091634e-06 -5.2747043516227326e-06 -1.6707543151894748e-06 6.5418122025858069e-06 -1.3077262928051174e-06 -9.9822977511939503e-06 -8.5786636843625603e-06 5.7730154017080051e-06 -3.3750336446875421e-06 -7.8507674262978152e-07 5.4756644066338295e-06 3.5090547016245445e-07 -2.3031412241294297e-06 -8.3131235240859538e-06 5.7300796688326409e-06 6.7879236835002995e-06 -4.3936023126076391e-06 3.3767972949900148e-06 1.2052200517118276e-06 -2.43892831136389e-06 -1.5252781619799258e-06 -3.3635739116984081e-06 5.2190389744852292e-06 1.2499680119319391e-06 2.568929489009991e-06 1.9070884440948344e-06 1.573382622220515e-06 5.006134706010314e-06 -5.2351454394043416e-06 1.8196284760523145e-06 9.3564614056323516e-07
leaf_weight=518 608 567 711 743 516 709 578 616 637 857 759 523 895 822 529 726 540 665 598 876 998 776 996 539 530 551 598 578 637 585 662 845 515 523
leaf_count=518 608 567 711 743 516 709 578 616 637 857 759 523 895 822 529 726 540 665 598 876 998 776 996 539 530 551 598 578 637 585 662 845 515 523
internal_value=2.14322e-08 2.05974e-06 -1.03788e-06 1.34507e-06 -5.72918e-07 -1.30914e-06 9.0167e-08 8.56633e-07 -5.86699e-06 -5.45128e-06 1.57087e-06 4.39787e-07 3.84916e-06 2.21207e-06 -1.6323e-08 -5.76656e-07 -1.26766e-06 1.84015e-06 1.71969e-06 -1.38422e-06 -8.19134e-07 3.57808e-07 -2.40627e-06 -4.92256e-06 1.6911e-07 1.7737e-06 4.01914e-06 -1.43413e-07 -7.43496e-07 -7.62171e-07 2.93864e-06 -7.7522e-07 -1.5915e-06 -2.87582e-06
internal_weight=23326 7977 15349 7369 14001 10422 4909 4342 1348 1566 3579 2820 2460 1717 3764 8856 6887 1969 2304 2573 6369 3657 2712 1079 1697 1167 1196 1304 1633 1108 1191 2659 1883 1368
internal_count=23326 7977 15349 7369 14001 10422 4909 4342 1348 1566 3579 2820 2460 1717 3764 8856 6887 1969 2304 2573 6369 3657 2712 1079 1697 1167 1196 1304 1633 1108 1191 2659 1883 1368
is_linear=0
shrinkage=0.0329122


Tree=80
num_leaves=37
num_cat=0
split_feature=28 43 21 15 0 44 0 13 40 0 47 38 36 44 36 37 43 12 0 21 44 1 37 0 55 44 16 12 15 15 47 7 19 15 31 29
split_gain=5.74782e-05 4.27612e-05 2.57568e-05 2.56672e-05 2.40992e-05 1.88525e-05 1.53669e-05 1.66554e-05 1.61382e-05 1.47534e-05 3.86212e-05 2.81016e-05 2.09639e-05 2.61403e-05 1.73034e-05 1.42095e-05 1.29385e-05 2.20593e-05 1.5163e-05 1.57099e-05 1.0681e-05 1.32255e-05 2.30133e-05 9.5314e-06 1.14475e-05 8.68191e-06 7.97453e-06 7.63688e-06 5.73112e-06 5.36328e-06 4.52493e-06 7.18179e-06 5.21633e-06 4.21662e-06 2.03712e-06 2.42476e-06
threshold=-0.99775511321496635 -0.0030007518763140446 0.64163111206874668 0.035033368978434488 10.500000000000002 0.0038143689923081374 16.500000000000004 -0.11764421626401204 0.0018921492810907161 193.50000000000003 17.543859649110114 -0.0032025641025640868 -0.0013559328266281032 -0.0016625115394608423 0.0031080049843995598 0.0010504213270837728 -0.0016038502695805976 -0.44548991864166959 72.500000000000014 0.024695973523312219 -0.0015760451079261937 160.92597525895732 0.0012650226439854253 8.5000000000000018 13308.500000000002 0.0012070010431052272 0.47924498746867178 -0.33050664750269487 0.10513025582267115 0.14701273907825729 55.555555555565768 0.62529165226408578 0.097214554043290505 0.079479945318221182 77.500000000000014 11.500000000000002
decision_type=8 8 2 8 10 10 10 10 10 10 10 8 8 10 10 10 8 8 10 2 8 8 8 10 2 10 10 8 10 8 10 8 10 10 2 2
left_child=1 -1 3 6 -3 9 7 -2 15 11 -11 -5 13 -13 16 -8 17 28 19 20 -18 22 26 27 -25 29 33 -23 -14 -20 31 32 -28 -22 -29 -36
right_child=2 4 -4 5 -6 -7 8 -9 -10 10 -12 12 14 -15 -16 -17 18 -19 25 -21 21 23 -24 24 -26 -27 30 34 -30 -31 -32 -33 -34 -35 35 -37
leaf_value=1.2428123378748306e-05 -1.036802303437292e-05 7.6449230606802137e-06 -7.6859427662779105e-06 8.1374122981524352e-06 -1.4037267589173313e-06 -4.2900579895890798e-06 -2.8301972060503626e-07 -2.1927045585548951e-06 3.4305020931256581e-06 -8.4662709575434404e-06 2.7087279839813219e-06 -5.0141498138973013e-07 2.6950649817512155e-06 8.6693538835801795e-06 -5.8013172915029817e-06 -7.516929893283772e-06 3.6771972908774599e-06 8.2988448457870732e-06 -9.625494049462626e-07 3.9921606576951959e-06 -5.570356540786285e-06 -4.4060826707496251e-06 -6.9920672202058769e-06 6.365518579975887e-06 -2.6861612103282606e-07 6.3229394714440339e-06 2.5723586950679849e-07 1.7720834646469088e-06 -2.0496820492507265e-06 3.4981158879292969e-06 -3.0656766414740577e-06 -2.2833659872561788e-06 4.3224278007734677e-06 -1.524630647054938e-06 3.8636645112554238e-07 -2.3497312235326846e-06
leaf_weight=641 535 520 516 539 824 952 686 545 548 666 674 630 552 723 517 515 515 570 592 762 569 518 930 522 612 528 1010 552 551 576 521 759 517 548 1019 535
leaf_count=641 535 520 516 539 824 952 686 545 548 666 674 630 552 723 517 515 515 570 592 762 569 518 930 522 612 528 1010 552 551 576 521 759 517 548 1019 535
internal_value=7.67813e-08 5.43331e-06 -4.22302e-07 -2.41993e-07 2.09707e-06 2.16997e-07 -3.15583e-06 -6.24273e-06 -1.24955e-06 4.69302e-07 -2.84524e-06 7.52809e-07 4.89686e-07 4.39898e-06 1.05693e-07 -3.38518e-06 3.36056e-07 3.04163e-06 -5.46383e-08 -5.47761e-07 -9.26818e-07 -1.20217e-06 -2.33702e-06 2.63603e-07 2.78499e-06 2.82052e-06 -1.2337e-06 -8.25965e-07 3.24635e-07 1.23703e-06 -2.9767e-07 3.33083e-07 1.63375e-06 -3.58573e-06 5.45068e-08 -5.55451e-07
internal_weight=23289 1985 21304 20788 1344 17959 2829 1080 1749 17007 1340 15667 15128 1353 13775 1201 13258 1673 11585 9889 9127 8612 4854 3758 1134 1696 3924 2624 1103 1168 2807 2286 1527 1117 2106 1554
internal_count=23289 1985 21304 20788 1344 17959 2829 1080 1749 17007 1340 15667 15128 1353 13775 1201 13258 1673 11585 9889 9127 8612 4854 3758 1134 1696 3924 2624 1103 1168 2807 2286 1527 1117 2106 1554
is_linear=0
shrinkage=0.0329122


Tree=81
num_leaves=35
num_cat=0
split_feature=28 41 20 31 37 48 1 31 31 20 37 0 40 31 19 30 31 20 20 42 16 30 47 39 21 19 27 42 48 5 47 12 43 44
split_gain=5.3757e-05 4.46921e-05 3.38885e-05 2.51118e-05 3.13317e-05 5.1806e-05 3.00263e-05 1.97706e-05 3.0845e-05 1.89774e-05 1.86426e-05 1.77794e-05 1.58056e-05 1.3299e-05 1.82757e-05 1.38771e-05 2.15118e-05 1.7811e-05 1.77396e-05 1.27604e-05 1.24678e-05 1.07946e-05 1.37259e-05 1.06631e-05 9.63064e-06 8.57446e-06 8.48249e-06 7.66726e-06 7.36097e-06 7.10603e-06 6.88967e-06 5.7923e-06 4.84087e-06 4.67723e-06
threshold=-0.99775511321496635 -0.0030007518763140446 24.527777777777782 26.500000000000004 0.0030911974926423062 64.700116325569425 235.38924304427633 45.500000000000007 56.500000000000007 2.9306335204490783 -0.0013917891221558729 14.500000000000002 0.0012430085596860654 208.50000000000003 0.64279807848998882 14.500000000000002 121.50000000000001 0.52896057347670256 0.28192660980410539 0.0016597521804047057 0.51425215065423269 16.500000000000004 -18.518518518570598 -0.0012292567643121808 -0.063547290060603653 0.11369602106551825 19.97825038382906 0.0012746977772000181 38.504796654262009 -0.071637641181177894 -1.0000000180025095e-35 -0.54510081358330364 0.0018921492810907161 1.0000000180025095e-35
decision_type=8 8 10 2 10 2 8 2 2 10 8 10 8 2 10 2 2 8 10 10 8 2 10 8 2 10 10 10 2 2 10 10 8 8
left_child=1 -1 3 6 7 -6 12 20 -9 13 -11 -3 -2 15 19 24 18 -18 32 28 -5 22 -20 -12 -10 31 -25 29 -15 -26 -30 -19 -17 -31
right_child=2 11 -4 4 5 -7 -8 8 9 10 23 -13 -14 14 -16 16 17 25 21 -21 -22 -23 -24 26 27 -27 -28 -29 30 33 -32 -33 -34 -35
leaf_value=1.2616669033301306e-05 -4.1002154926526677e-06 5.9154531009456463e-06 7.3897948271979947e-06 6.8003676576891621e-06 -1.2040072403516088e-05 2.077411448603064e-06 1.1222410524542416e-06 -6.4881422238557033e-06 -6.0258626368878656e-06 8.0390638963795598e-06 5.233639715978979e-06 -1.5983156697964058e-06 -1.1713776400297321e-05 -1.0288235218077866e-06 6.2019692255500384e-06 -3.6347130251148511e-06 -5.7296531544199874e-06 4.9156414747880984e-08 5.5822441745616905e-06 -4.5009344457872577e-06 2.2593293420026722e-07 7.2802807617240162e-06 -1.0618540145990628e-06 2.4248796473173581e-06 2.2603962015481303e-06 3.0833812787542465e-06 -2.6751192537941225e-06 -5.3337675268578273e-06 5.6707700548538338e-06 -3.7760576033762192e-06 8.946499740329375e-07 -4.101948197864137e-06 5.7661591190287966e-07 -8.6135804918252736e-08
leaf_weight=616 684 645 587 738 614 520 716 811 754 556 520 724 520 943 673 557 987 884 632 518 542 622 721 667 563 569 751 529 534 808 845 619 630 690
leaf_count=616 684 645 587 738 614 520 716 811 754 556 520 724 520 943 673 557 987 884 632 518 542 622 721 667 563 569 751 529 534 808 845 619 630 690
internal_value=7.4253e-08 5.25449e-06 -4.08404e-07 -6.29371e-07 -2.63142e-07 -5.56624e-06 -4.21468e-06 7.73153e-08 -2.30453e-07 9.54372e-08 2.72647e-06 1.94161e-06 -7.38865e-06 -4.06289e-07 1.32549e-06 -1.04235e-06 -1.23207e-07 -2.09093e-06 1.78034e-06 1.69816e-07 4.01668e-06 3.6915e-06 2.0415e-06 1.2022e-06 -2.75221e-06 -3.57505e-07 -2.76016e-07 -1.7991e-06 1.21188e-06 -8.91744e-07 2.74431e-06 -1.66029e-06 -1.39936e-06 -2.07658e-06
internal_weight=23289 1985 21304 20717 18797 1134 1920 17663 16383 15572 2494 1369 1204 13078 3513 9565 6221 3059 3162 2840 1280 1975 1353 1938 3344 2072 1418 2590 2322 2061 1379 1503 1187 1498
internal_count=23289 1985 21304 20717 18797 1134 1920 17663 16383 15572 2494 1369 1204 13078 3513 9565 6221 3059 3162 2840 1280 1975 1353 1938 3344 2072 1418 2590 2322 2061 1379 1503 1187 1498
is_linear=0
shrinkage=0.0329122


Tree=82
num_leaves=37
num_cat=0
split_feature=28 41 20 31 37 48 1 31 31 20 18 41 0 42 31 13 19 40 46 30 20 42 31 48 3 31 13 19 12 18 45 22 26 15 1 15
split_gain=5.02767e-05 4.17986e-05 3.16945e-05 2.34861e-05 2.93032e-05 4.84521e-05 2.80825e-05 1.84907e-05 2.88481e-05 1.77488e-05 1.84776e-05 2.61097e-05 1.66284e-05 1.55068e-05 1.2438e-05 1.84023e-05 1.71566e-05 1.50602e-05 1.36345e-05 1.22997e-05 1.22467e-05 1.21996e-05 1.1001e-05 7.9181e-06 7.23585e-06 7.02876e-06 6.83563e-06 6.56894e-06 5.01912e-06 5.16907e-06 8.14002e-06 5.9926e-06 5.7231e-06 4.25054e-06 3.18928e-06 2.9348e-06
threshold=-0.99775511321496635 -0.0030007518763140446 24.527777777777782 26.500000000000004 0.0030911974926423062 64.700116325569425 235.38924304427633 45.500000000000007 56.500000000000007 2.9306335204490783 -0.079667428455157119 -0.0012714563307694158 14.500000000000002 -0.003181339738745625 208.50000000000003 -0.51232399460280909 0.44116410176420123 -0.0019940199282709732 0.49999999999999117 16.500000000000004 0.57623792270531415 0.0015117166611058332 106.50000000000001 51.757971338990252 0.4052884787970516 249.50000000000003 -0.090634092821236842 0.045732931628915459 -0.66023079675572516 -0.097280243937517955 0.0012650226439854253 -0.90838174021471352 -0.0043036471296728938 0.29588520744498636 24.964915878290032 0.039113303323304566
decision_type=8 8 10 2 10 2 8 2 2 10 10 10 10 10 2 8 10 8 10 2 10 10 2 2 2 2 10 10 8 10 10 8 8 8 10 10
left_child=1 -1 3 6 7 -6 13 20 -9 14 11 -11 -3 -2 15 -10 21 -17 19 24 -5 25 -20 -24 28 27 -13 35 -19 30 31 -30 -33 -34 -35 -16
right_child=2 12 -4 4 5 -7 -8 8 9 10 -12 26 -14 -15 16 17 -18 18 22 -21 -22 -23 23 -25 -26 -27 -28 -29 29 -31 -32 32 33 34 -36 -37
leaf_value=1.2201427403637329e-05 -1.1444061993641592e-05 5.72076275744343e-06 7.1465808525524805e-06 1.0336412219503516e-07 -1.1643807728183523e-05 2.0090394323986142e-06 1.0853057468925443e-06 -6.2746034755569793e-06 -7.0227595174060679e-06 9.5107772219541342e-06 -1.9993477573092415e-06 -1.230195195716057e-06 -1.5457117879020977e-06 -3.8992858662291506e-06 1.8866906567177575e-07 -5.9808346383590836e-06 5.5589998028727781e-06 2.4293248788125202e-06 1.004011222754637e-06 3.8134083863652448e-06 6.6257568987831407e-06 -4.4523073790354317e-06 -7.5752557250717534e-06 -2.3064551855490093e-06 -3.5397570593309779e-06 4.2538562511898623e-06 3.8602354709764384e-06 2.7878882041022856e-06 -3.0351696157955636e-06 2.7481893083135716e-06 -4.4156047225289167e-06 3.5060796786484973e-06 -2.7681412134172655e-06 -4.7249270347604229e-07 2.7768782415388279e-06 -3.3177679003915057e-06
leaf_weight=616 518 645 587 538 614 520 716 811 521 673 678 566 724 686 517 542 788 900 558 960 742 527 537 728 630 574 577 590 596 533 549 579 520 897 515 517
leaf_count=616 518 645 587 538 614 520 716 811 521 673 678 566 724 686 517 542 788 900 558 960 742 527 537 728 630 574 577 590 596 533 549 579 520 897 515 517
internal_value=7.18098e-08 5.08155e-06 -3.94962e-07 -6.08657e-07 -2.5448e-07 -5.38304e-06 -4.07597e-06 7.47712e-08 -2.22868e-07 9.22962e-08 2.63674e-06 4.36774e-06 1.8777e-06 -7.14548e-06 -3.92917e-07 -1.00805e-06 1.28186e-06 -6.61531e-07 -3.224e-07 3.66147e-07 3.88449e-06 4.49385e-08 -2.84519e-06 -4.54327e-06 -2.12475e-07 1.12332e-06 1.33931e-06 1.66933e-08 1.99386e-07 -2.79659e-07 -7.21144e-07 -6.82678e-08 6.35852e-07 -2.24207e-07 7.12491e-07 -1.56433e-06
internal_weight=23289 1985 21304 20717 18797 1134 1920 17663 16383 15572 2494 1816 1369 1204 13078 9565 3513 9044 8502 6679 1280 2725 1823 1265 5719 2198 1143 1624 5089 4189 3656 3107 2511 1932 1412 1034
internal_count=23289 1985 21304 20717 18797 1134 1920 17663 16383 15572 2494 1816 1369 1204 13078 9565 3513 9044 8502 6679 1280 2725 1823 1265 5719 2198 1143 1624 5089 4189 3656 3107 2511 1932 1412 1034
is_linear=0
shrinkage=0.0329122


Tree=83
num_leaves=35
num_cat=0
split_feature=28 29 20 20 48 43 39 17 7 8 15 38 22 15 4 43 4 42 31 55 4 31 41 1 26 27 41 12 1 48 31 31 5 0
split_gain=4.70217e-05 3.91742e-05 2.96426e-05 2.25457e-05 2.53176e-05 2.65033e-05 2.38582e-05 4.09768e-05 2.19501e-05 2.14832e-05 1.94929e-05 1.88321e-05 1.57545e-05 1.45858e-05 1.43944e-05 1.23377e-05 1.22136e-05 1.65215e-05 9.13747e-06 9.01312e-06 9.60809e-06 8.94423e-06 8.47175e-06 8.11616e-06 7.60491e-06 9.25425e-06 7.74393e-06 1.31459e-05 7.03196e-06 6.3504e-06 7.82682e-06 5.16476e-06 4.78434e-06 4.15101e-06
threshold=-0.99775511321496635 8.5000000000000018 24.527777777777782 0.59510698787969485 26.975145955750644 -0.0015910989595200318 0.0031007751937984778 -0.47079283190805982 0.36237284224116761 0.12500000000000358 0.035033368978434488 0.0016992365706894887 -0.92373682297346404 0.10176865651163274 -0.82263538222989363 -0.0020110613429319964 -0.32205757584623029 0.0021220165123280181 126.50000000000001 5512.5000000000009 -0.23065541390546504 218.50000000000003 -0.0020986381974173458 372.27895996466526 -0.0028616752122587875 -0.39484658919947074 0.0049160188504450151 -0.68470687436204669 78.586386866235173 45.145511624788668 116.50000000000001 169.50000000000003 -0.062835427134849062 793.50000000000011
decision_type=8 2 10 8 2 8 10 10 10 8 8 10 8 10 8 10 10 8 2 2 10 2 10 10 8 10 8 10 10 2 2 2 2 8
left_child=1 23 3 6 8 -6 9 -8 22 14 18 13 -10 24 28 -14 17 21 -7 -15 -21 29 33 -1 25 -12 27 -26 -2 -16 -31 -22 -17 -5
right_child=2 -3 -4 4 5 10 7 -9 12 -11 11 -13 15 19 16 32 -18 -19 -20 20 31 -23 -24 -25 26 -27 -28 -29 -30 30 -32 -33 -34 -35
leaf_value=3.4971119722076423e-06 -1.4540023240417942e-06 9.8687991823327476e-06 6.9113713902215002e-06 -3.4265102574340053e-06 6.2605005265159066e-06 -3.8282814313505933e-07 -4.1465778192418236e-08 -1.3071113909836027e-05 3.7872532506295407e-07 -6.4733274907891305e-06 2.8272487453498191e-07 7.1799163820298012e-06 -9.9754905005388149e-06 -4.0319911606926541e-07 -3.2557935896503529e-06 -6.0619637889184735e-06 -4.5236429116849046e-06 5.1755709223095976e-06 -6.488142986503637e-06 7.4571585975094488e-06 4.4718364982766708e-06 2.7122450076415461e-06 3.023977656660039e-06 -2.2600247159937148e-06 5.3816800755069673e-06 -5.5721481606248678e-06 -2.0465391710983093e-06 -7.5750331173674502e-07 -6.7147849389098157e-06 2.3906944454742791e-06 -2.270980358102231e-06 -3.6328144438087683e-08 -1.6622852215817035e-06 2.3343893217822639e-07
leaf_weight=527 574 924 587 519 1024 518 517 529 614 762 565 540 522 694 973 522 526 763 545 586 556 862 880 534 662 606 842 880 529 805 757 545 550 950
leaf_count=527 574 924 587 519 1024 518 517 529 614 762 565 540 522 694 973 522 526 763 545 586 556 862 880 534 662 606 842 880 529 805 757 545 550 950
internal_value=6.94464e-08 4.9143e-06 -3.81963e-07 -5.88625e-07 2.37548e-07 1.29226e-06 -2.01545e-06 -6.63125e-06 -1.7443e-06 -1.27841e-06 6.17409e-07 1.29547e-06 -4.10032e-06 7.60118e-07 -5.94572e-07 -5.82576e-06 2.01609e-07 7.99136e-07 -3.51324e-06 2.75363e-06 4.05242e-06 -1.83788e-07 4.70204e-07 5.99337e-07 -5.74993e-07 -2.74701e-06 4.91789e-07 1.87798e-06 -3.97729e-06 -1.16864e-06 1.31337e-07 2.24007e-06 -3.80488e-06 -1.05947e-06
internal_weight=23289 1985 21304 20717 13120 8563 7597 1046 4557 6551 7539 6476 2208 5936 5789 1594 4686 4160 1063 2381 1687 3397 2349 1061 3555 1171 2384 1542 1103 2535 1562 1101 1072 1469
internal_count=23289 1985 21304 20717 13120 8563 7597 1046 4557 6551 7539 6476 2208 5936 5789 1594 4686 4160 1063 2381 1687 3397 2349 1061 3555 1171 2384 1542 1103 2535 1562 1101 1072 1469
is_linear=0
shrinkage=0.0329122


Tree=84
num_leaves=34
num_cat=0
split_feature=20 31 37 38 31 37 23 9 39 18 18 36 38 19 42 3 48 15 37 5 36 39 30 31 27 17 10 17 22 45 37 36 10
split_gain=4.27275e-05 3.66818e-05 4.9057e-05 3.49286e-05 3.25886e-05 3.5779e-05 2.86118e-05 2.46704e-05 2.03447e-05 2.30501e-05 1.62125e-05 1.41004e-05 1.16266e-05 1.12032e-05 2.00581e-05 1.41379e-05 9.87682e-06 8.37532e-06 7.64211e-06 1.28189e-05 6.23627e-06 6.97348e-06 6.84086e-06 1.11544e-05 8.94542e-06 8.1792e-06 5.97844e-06 7.08493e-06 6.71658e-06 7.65244e-06 5.8198e-06 5.73931e-06 1.9932e-06
threshold=31.708333333333336 30.500000000000004 -0.0031331601232976176 0.0042689482987990921 40.500000000000007 0.0028070189262020544 1.0000000180025095e-35 -0.6962794034746066 -0.0010443867077659095 -0.079667428455157119 -0.002670970890535486 -0.0013633271501908848 -0.0015987220447284398 0.76402329997022644 0.0030303030303030502 0.016870603171739187 68.193959360584316 0.20073312496625767 0.0010106116779523557 0.20923910037949869 0.0016611295681062679 0.0016736413393612095 13.500000000000002 192.50000000000003 78.338382426822761 -0.10352608174131826 -1.2359022556390971 -0.22284492846903248 -0.89688598085544646 0.0016012820512820716 -0.0012202567080615843 0.0010666669700741818 -1.4821428571428565
decision_type=10 2 8 8 2 10 10 10 8 10 8 10 8 10 10 2 2 8 10 2 10 10 2 2 10 10 10 10 8 8 10 8 10
left_child=1 3 -3 6 -4 8 10 -7 9 11 -1 -6 -10 14 18 16 -15 -11 20 31 21 22 23 -14 25 26 27 28 -24 -30 -13 -20 -31
right_child=-2 2 4 -5 5 7 -8 -9 12 17 -12 30 13 15 -16 -17 -18 -19 19 -21 -22 -23 24 -25 -26 -27 -28 -29 29 32 -32 -33 -34
leaf_value=6.4945089457154188e-07 9.0482861204072525e-06 7.7702345616076657e-06 6.5062705140620971e-06 3.3831172211818291e-06 7.6193547362037245e-06 -1.283270358199186e-06 -1.1973224700934907e-05 -1.1253787702350623e-05 3.8421537452154509e-06 1.0377601636025687e-06 -6.7009903634219848e-06 -3.8271252208780053e-07 8.3840801189994385e-07 9.5955318661781832e-07 -6.0302851040258047e-06 -1.9906339401024155e-06 7.4027964254365808e-06 -4.6888901007636428e-06 -2.085990380293653e-06 1.7836623984783355e-06 2.9785411558038616e-06 -4.1098473296631278e-06 -3.0411253900536451e-06 -5.7226994428920322e-06 -3.0902935096965164e-06 3.9540530415161575e-06 2.5082066575450448e-06 -2.8769498286167169e-06 3.3115255247017188e-06 6.2988621108881739e-07 3.7759549518699203e-06 -6.0117297463423187e-06 -1.8202088614522154e-06
leaf_weight=603 560 911 789 547 812 551 604 525 630 591 705 568 532 516 829 660 515 520 849 571 593 546 515 594 802 700 940 957 1000 838 1017 769 630
leaf_count=603 560 911 789 547 812 551 604 525 630 591 705 568 532 516 829 660 515 520 849 571 593 546 515 594 802 700 940 957 1000 838 1017 769 630
internal_value=6.71588e-08 -1.54109e-07 3.06395e-07 -3.95023e-06 -4.48278e-08 -3.23182e-07 -6.04833e-06 -6.14828e-06 3.50877e-08 2.27616e-06 -3.31219e-06 4.09248e-06 -5.27007e-07 -7.33117e-07 -1.09606e-06 1.7704e-06 4.17827e-06 -1.64237e-06 -7.18545e-07 -2.45571e-06 -2.78752e-07 -5.18609e-07 -2.57414e-07 -2.62258e-06 1.59844e-07 6.2702e-07 1.49734e-07 -4.12889e-07 3.7755e-07 1.09102e-06 2.28551e-06 -3.95195e-06 -4.21429e-07
internal_weight=23289 22729 20270 2459 19359 18570 1912 1076 17494 3508 1308 2397 13986 13356 11665 1691 1031 1111 10836 2189 8647 8054 7508 1126 6382 5580 4880 3940 2983 2468 1585 1618 1468
internal_count=23289 22729 20270 2459 19359 18570 1912 1076 17494 3508 1308 2397 13986 13356 11665 1691 1031 1111 10836 2189 8647 8054 7508 1126 6382 5580 4880 3940 2983 2468 1585 1618 1468
is_linear=0
shrinkage=0.0329122


Tree=85
num_leaves=35
num_cat=0
split_feature=20 48 45 20 16 36 0 1 23 19 42 42 25 42 2 48 18 15 1 42 28 1 41 19 5 22 13 2 17 18 55 43 22 10
split_gain=4.06745e-05 3.70845e-05 6.25019e-05 3.14577e-05 2.93735e-05 4.51583e-05 2.30605e-05 2.80908e-05 3.67373e-05 2.24506e-05 1.90803e-05 2.04798e-05 1.68516e-05 1.57969e-05 1.44508e-05 1.30558e-05 1.50503e-05 1.22651e-05 1.22288e-05 1.17972e-05 1.42023e-05 1.10741e-05 1.0734e-05 1.60351e-05 1.06192e-05 1.04183e-05 1.17123e-05 1.03304e-05 1.01983e-05 8.25309e-06 6.96613e-06 5.51206e-06 4.11125e-06 2.58289e-08
threshold=0.52896057347670256 23.649828101032231 -0.0034364261168385308 13.457516339869283 0.10916714864083286 0.0033057941555744157 64.500000000000014 372.52852837505873 0.049999999999998941 0.093385738712001412 -0.001282874164774017 0.0037795279339850611 -0.97830874945841562 0.0010085731258747679 0.43414401958451559 83.42073323039223 -0.038706319453152442 0.11800808214243906 160.01338348027883 0.0018066862078195414 0.66225165562913524 114.29881780157204 0.0013522656621439701 -1.6250840056543436 0.024014656670659041 -0.88641325922985292 -0.27629942218006426 -0.12126689482541651 -0.11254413868679795 -0.34876427309246494 17202.000000000004 -0.0043699950348199392 -0.82818463740458004 -1.4934210526315785
decision_type=8 2 8 10 10 8 10 10 10 10 8 10 10 8 2 2 8 10 10 8 8 10 8 10 2 8 10 2 8 10 2 10 8 10
left_child=4 6 -3 9 -1 10 7 8 28 14 -6 12 17 29 18 16 -11 21 19 25 -21 32 23 -20 -18 30 -27 -28 -2 -14 -4 33 -12 -30
right_child=1 2 3 -5 5 -7 -8 -9 -10 15 11 -13 13 -15 -16 -17 24 -19 22 20 -22 -23 -24 -25 -26 26 27 -29 31 -31 -32 -33 -34 -35
leaf_value=5.401394964159938e-06 -3.8781303935321364e-06 1.2099712331127642e-05 -4.5866621055071954e-06 8.1266700347637662e-06 -7.0894300787390078e-06 -1.1173338234631895e-05 -5.9947193408189917e-06 -5.4732485802460961e-06 9.0124722701014823e-06 -1.1275920754258873e-06 -3.2258108716296854e-06 -7.2262928956918988e-06 -3.7899110634545911e-06 5.1485007345352395e-06 -3.8216560084215114e-06 7.843092066516736e-06 7.8009258418748404e-06 1.7337172082053523e-06 -2.9715944061810218e-06 -6.6234965102172153e-06 1.3618434851207646e-07 -6.1902921023508311e-06 6.8880371700880269e-06 4.9260213972857147e-06 1.3974319437907007e-06 6.0492821483869542e-06 3.6442880658607233e-06 -1.8217808887899391e-06 -8.9273213108158942e-07 1.716282976218467e-06 7.8487484849830887e-07 2.8373856110399742e-06 3.9972275828113996e-07 -5.7263295038642916e-07
leaf_weight=542 688 633 520 711 643 601 944 882 537 810 677 534 516 885 930 602 590 700 529 605 759 858 526 588 535 594 672 846 515 688 526 819 678 596
leaf_count=542 688 633 520 711 643 601 944 882 537 810 677 534 516 885 930 602 590 700 529 605 759 858 526 588 535 594 672 846 515 688 526 819 678 596
internal_value=5.9625e-08 9.91546e-07 2.06039e-06 1.44596e-06 -1.9713e-06 -2.56072e-06 -1.36369e-06 -2.80733e-07 1.1708e-06 9.52788e-07 -1.72297e-06 -1.09962e-06 -4.4551e-07 1.81026e-06 2.59783e-09 3.61001e-06 2.29293e-06 -2.06327e-06 5.7953e-07 -3.03982e-07 -2.86189e-06 -3.26441e-06 3.01134e-06 1.18558e-06 4.75591e-06 8.00756e-07 2.13116e-06 5.9783e-07 -4.3759e-07 -6.43325e-07 -1.88527e-06 7.88764e-07 -1.41154e-06 -7.2122e-07
internal_weight=23279 15957 10976 10343 7322 6780 4981 4037 3155 9632 6179 5536 5002 2089 7095 2537 1935 2913 6165 4522 1364 2213 1643 1117 1125 3158 2112 1518 2618 1204 1046 1930 1355 1111
internal_count=23279 15957 10976 10343 7322 6780 4981 4037 3155 9632 6179 5536 5002 2089 7095 2537 1935 2913 6165 4522 1364 2213 1643 1117 1125 3158 2112 1518 2618 1204 1046 1930 1355 1111
is_linear=0
shrinkage=0.0329122


Tree=86
num_leaves=34
num_cat=0
split_feature=36 20 31 20 37 19 1 48 37 0 19 45 20 37 22 7 13 9 29 2 10 40 19 45 20 4 20 25 9 0 20 47 29
split_gain=3.83265e-05 3.40832e-05 3.16021e-05 3.37763e-05 3.25952e-05 2.68591e-05 6.38662e-05 1.92957e-05 3.75506e-05 3.41707e-05 2.17211e-05 1.96267e-05 1.4463e-05 1.39999e-05 2.25258e-05 1.52035e-05 1.24362e-05 1.23281e-05 1.12597e-05 1.00589e-05 8.12185e-06 7.67109e-06 6.73338e-06 1.03949e-05 8.10805e-06 8.3446e-06 7.23041e-06 6.49268e-06 7.10333e-06 6.32052e-06 6.02682e-06 2.53036e-06 1.33682e-06
threshold=0.0036585420263861583 31.708333333333336 26.500000000000004 5.2967967967967979 0.0012650226439854253 -1.0664098006570837 79.137849325305254 80.010096313147216 0.0030911974926423062 150.50000000000003 -2.7387058108765809 -0.0036363636363636038 0.10141588192079076 -0.0010531861793577899 -0.93494855625622286 0.42772969268054789 -0.0034919807550108334 -0.78211203617155389 12.500000000000002 -0.35442698146391777 -1.4257518796992479 0.0016963540617537245 -1.0000000180025095e-35 0.001500375938157106 1.3961651555991181 -0.40301629560282021 0.67380826696656049 -0.99386880834250924 -0.40828010593550396 19.500000000000004 0.34036983402027404 62.145593869732572 3.5000000000000004
decision_type=10 10 2 10 8 10 10 2 10 10 8 8 8 8 8 10 10 8 2 2 10 10 8 8 10 8 8 10 8 10 10 8 2
left_child=1 2 4 7 18 -5 -7 8 10 17 -4 -12 -13 14 -14 -16 19 -9 -1 20 -15 29 23 27 25 30 -27 -21 -29 -19 -24 -28 -33
right_child=-2 -3 3 5 -6 6 -8 9 -10 -11 11 12 13 16 15 -17 -18 21 -20 22 -22 -23 24 -25 -26 26 31 28 -30 -31 -32 32 -34
leaf_value=-3.7695869584163279e-06 -7.8658476532010264e-06 8.3681176313882406e-06 -5.8969671627550144e-06 -1.8642321487802374e-06 1.8459577406764585e-06 1.7420129708424421e-06 1.6100915912256264e-05 4.1969035564501804e-06 -8.840520453974751e-06 9.5271031191769704e-06 5.4973147306759591e-06 -4.8199010527504934e-06 -3.3311247476390481e-06 -6.3135003842131511e-06 7.3200848144475788e-06 7.4134274594996772e-07 4.0425272467197728e-06 -1.0594573703271816e-06 -9.7844657054358117e-06 1.7650866006472453e-06 -1.3510146320732673e-06 -3.7683748442619856e-06 3.8082352134418951e-07 -5.6088277550924913e-06 4.4344893537031054e-06 -3.8877593417416545e-06 -1.7810383238149028e-06 -4.0473690439458665e-06 4.4366901573187207e-07 2.951501792974141e-06 4.940888355107678e-06 -3.0421603783798444e-07 1.748716867618323e-06
leaf_weight=667 643 551 683 521 724 946 520 846 564 574 697 687 529 565 897 661 627 1007 682 847 972 568 788 539 515 698 597 772 754 737 522 648 731
leaf_count=667 643 551 683 521 724 946 520 846 564 574 697 687 529 565 897 661 627 1007 682 847 972 568 788 539 515 698 597 772 754 737 522 648 731
internal_value=5.76626e-08 2.82749e-07 8.10158e-08 4.81726e-07 -3.78719e-06 4.55418e-06 6.83537e-06 3.27836e-08 -5.17451e-07 2.14016e-06 -1.75515e-07 1.24004e-07 -1.79257e-07 9.41001e-08 2.53665e-06 4.52912e-06 -4.38262e-07 7.97434e-07 -6.81064e-06 -7.52263e-07 -3.17537e-06 -4.4639e-07 -2.49693e-07 -1.48281e-06 5.48397e-07 4.5996e-08 -1.00822e-06 -5.45536e-07 -1.82819e-06 6.3541e-07 2.19806e-06 8.82728e-09 7.83866e-07
internal_weight=23279 22636 22085 20012 2073 1987 1466 18025 14293 3732 13729 13046 12349 11662 2087 1558 9575 3158 1349 8948 1537 2312 7411 2912 4499 3984 2674 2373 1526 1744 1310 1976 1379
internal_count=23279 22636 22085 20012 2073 1987 1466 18025 14293 3732 13729 13046 12349 11662 2087 1558 9575 3158 1349 8948 1537 2312 7411 2912 4499 3984 2674 2373 1526 1744 1310 1976 1379
is_linear=0
shrinkage=0.0329122


Tree=87
num_leaves=34
num_cat=0
split_feature=20 38 8 19 1 42 39 44 27 19 20 18 9 37 27 40 15 47 4 1 31 55 1 31 12 9 10 44 9 12 10 24 48
split_gain=3.73006e-05 3.68614e-05 3.32103e-05 3.11246e-05 2.94796e-05 2.20619e-05 2.90761e-05 1.94255e-05 2.42798e-05 1.83743e-05 1.59809e-05 1.84567e-05 1.61107e-05 1.47966e-05 1.66088e-05 1.20415e-05 1.1874e-05 1.41349e-05 1.18382e-05 1.33055e-05 1.04134e-05 9.46733e-06 1.65927e-05 1.54046e-05 5.23169e-06 5.10105e-06 6.95411e-06 6.03739e-06 4.74783e-06 4.41463e-06 6.08305e-06 3.96816e-06 4.11943e-07
threshold=0.66224991224991236 -0.0036429993364300302 0.30000000000000077 0.097214554043290505 368.43948046118857 0.0047770821764628888 0.0033112582781457127 0.0015810286559881927 -36.658393186506153 -3.617571209083223 9.0377492877492909 -0.2693699034696117 -0.09143644735247787 0.0016570019658880277 1.752487444925088 -0.0014419618166016111 0.033971556138109545 71.058341369348554 -0.82263538222989363 148.56973442383875 115.50000000000001 5762.5000000000009 113.86875903071603 53.500000000000007 -0.74847419150757311 -0.74377582644628093 -1.2847744360902251 0.0012779557933452204 -0.44409722222222214 -0.53514010847107429 -1.3919172932330823 -1001.0000000000497 4.3758776854262423e-13
decision_type=8 8 8 10 10 8 10 8 10 8 10 10 10 10 8 8 8 10 8 10 2 2 10 2 10 10 10 8 10 10 10 10 2
left_child=2 -2 5 9 -4 6 13 8 -5 -3 12 -12 15 14 18 20 -17 21 -1 24 -11 22 31 -23 -20 27 28 -25 -27 -26 -31 32 -18
right_child=1 3 4 7 -6 -7 -8 -9 -10 10 11 -13 -14 -15 -16 16 17 -19 19 -21 -22 23 -24 25 29 26 -28 -29 -30 30 -32 -33 -34
leaf_value=-2.631043922484913e-06 8.0706189039428848e-06 -5.0910559743784255e-06 -1.2207523591131901e-05 -1.3536180338359687e-06 -1.5260956096348554e-06 5.1147325419147258e-06 -8.776081139299859e-06 8.3985012214196576e-06 6.2994392128651329e-06 -4.2892447803216041e-07 6.4698203002165506e-06 -1.1391814175279661e-06 -4.9782452741394629e-06 -4.6388016963637199e-06 -4.0185011076899257e-06 -4.0654091492681496e-06 7.3019420754494452e-09 4.6890085994698863e-06 3.359361015258191e-06 5.1101584902541215e-06 5.6739327691030472e-06 -6.6308854680754712e-06 5.7101793789413699e-06 2.9127229482021295e-06 -2.8259928375581616e-06 -5.3147012979811395e-06 1.2594146795786171e-06 -1.6826132746157786e-06 -1.046827307993851e-06 -1.7170127767465806e-06 2.5113849947497921e-06 -2.8922775745015879e-06 1.2598361252092922e-06
leaf_weight=892 769 737 570 994 550 610 536 751 819 515 883 567 712 921 968 821 616 663 524 882 735 530 650 755 557 574 564 525 556 670 819 515 529
leaf_count=892 769 737 570 994 550 610 536 751 819 515 883 567 712 921 968 821 616 663 524 882 735 530 650 755 557 574 564 525 556 670 819 515 529
internal_value=5.57645e-08 1.0548e-06 -1.68157e-06 6.69722e-07 -6.96238e-06 -8.80003e-07 -1.42026e-06 3.94736e-06 2.10343e-06 -6.44109e-08 2.81472e-07 3.49428e-06 -2.21589e-07 -7.87671e-07 -1.19915e-07 1.74587e-07 -3.36615e-07 1.35998e-07 7.48778e-07 1.62219e-06 3.15937e-06 -3.83166e-07 1.2525e-06 -1.46154e-06 4.25068e-07 -5.40226e-07 -1.72513e-06 1.02774e-06 -3.21496e-06 -3.26321e-07 6.08594e-07 -4.9284e-07 5.86183e-07
internal_weight=23279 14780 8499 14011 1120 7379 6769 2564 1813 11447 10710 1450 9260 6233 5312 8548 7298 6477 4344 3452 1250 5814 2310 3504 2570 2974 1694 1280 1130 2046 1489 1660 1145
internal_count=23279 14780 8499 14011 1120 7379 6769 2564 1813 11447 10710 1450 9260 6233 5312 8548 7298 6477 4344 3452 1250 5814 2310 3504 2570 2974 1694 1280 1130 2046 1489 1660 1145
is_linear=0
shrinkage=0.0329122


Tree=88
num_leaves=36
num_cat=0
split_feature=20 37 16 36 31 40 38 19 24 44 42 36 13 27 19 26 39 38 0 16 17 40 13 5 16 13 26 45 10 11 12 18 31 10 31
split_gain=3.5022e-05 3.04929e-05 2.80974e-05 3.91083e-05 2.98197e-05 2.60342e-05 2.40941e-05 2.34812e-05 2.08358e-05 3.24529e-05 1.67606e-05 1.69326e-05 1.78644e-05 1.53809e-05 1.40504e-05 1.25735e-05 1.19834e-05 1.75079e-05 9.36549e-06 9.22195e-06 8.43676e-06 1.1541e-05 1.16621e-05 7.16231e-06 6.99326e-06 7.92852e-06 6.74685e-06 1.11576e-05 5.94799e-06 5.83315e-06 5.18098e-06 3.78505e-06 3.65968e-06 1.4512e-06 4.72169e-07
threshold=0.52896057347670256 -0.0036199124669130107 0.10916714864083286 0.0033057941555744157 208.50000000000003 -0.0013449905208469113 0.0020682545386102595 0.097214554043290505 -1.0000000000000353 0.0016116045919692958 0.0030983752129982727 -0.0016220610831632063 -0.038515700880592696 -14.682366417172501 0.51791545718725385 -0.00066614014495619881 -0.0020986381974173458 -0.0013976247216470614 14.500000000000002 0.5129080612924718 -0.37010115653664155 0.0015094348220348055 -0.42124269875997228 0.2908015605764685 0.45892375168690963 -0.023922110198351654 -0.0050181987672429573 0.0010454785920086531 -1.3073308270676687 -0.3967276742396359 -0.5496025487350954 0.023650829311352244 142.50000000000003 -1.4877819548872175 117.50000000000001
decision_type=8 8 10 8 2 8 10 10 8 8 10 8 10 10 10 8 8 8 10 10 8 10 8 2 8 10 10 8 10 8 10 8 2 10 2
left_child=2 -2 -1 4 5 -4 15 10 -9 13 11 12 -3 29 31 18 -13 -18 -7 -17 -19 22 -22 24 25 -24 27 32 -20 -10 -28 -6 -26 34 -29
right_child=1 7 3 -5 14 6 -8 8 9 -11 -12 16 -14 -15 -16 19 17 20 28 -21 21 -23 23 -25 26 -27 30 33 -30 -31 -32 -33 -34 -35 -36
leaf_value=5.3801673900415836e-06 7.4245083598881396e-06 7.4799633683924884e-06 -9.8926379949458287e-06 -1.042203789337933e-05 1.7335727452530142e-06 -5.8769846887303874e-06 -8.5133732433022909e-06 -2.7846883165334437e-06 -1.779208855890255e-06 1.1343733846500841e-05 -5.6575661249800563e-06 -4.1260654688523522e-06 -1.5229856539287669e-07 6.5394059335185288e-06 6.1557726717739409e-06 4.7205918044418849e-06 4.798356607986371e-06 2.5132805124973059e-06 4.2514400814891304e-07 -1.0686711287666412e-06 -4.1869538227709816e-06 -5.0163925033106582e-06 -5.494367170795887e-06 3.0934036234479373e-06 5.8983177268648859e-06 1.8212155667713031e-07 1.0337869845040445e-06 1.1906165904792228e-06 -3.838983308439749e-06 2.7448760497192974e-06 -2.9350778100806785e-06 -2.0616291575857356e-06 2.0110878885906554e-06 -1.2864527297662237e-06 -1.624168108381753e-07
leaf_weight=542 744 675 531 601 590 652 550 517 682 573 549 787 654 642 591 557 788 1006 953 641 755 615 536 780 519 530 561 559 564 564 976 550 531 856 558
leaf_count=542 744 675 531 601 590 652 550 517 682 573 549 787 654 642 591 557 788 1006 953 641 755 615 536 780 519 530 561 559 564 564 976 550 531 856 558
internal_value=5.39275e-08 9.18673e-07 -1.8306e-06 -2.40707e-06 -1.62746e-06 -3.05379e-06 -2.12664e-06 6.00487e-07 3.22138e-06 4.48321e-06 -3.74196e-08 2.26591e-07 3.72396e-06 2.40095e-06 2.03754e-06 -1.0833e-06 -2.22166e-07 9.88523e-08 -2.57806e-06 1.62281e-06 -3.22803e-07 -6.89744e-07 -3.18131e-07 1.37806e-07 -2.71924e-07 -2.67188e-06 2.89069e-07 1.19181e-06 -1.16005e-06 2.68428e-07 -1.48631e-06 -9.72451e-08 3.93271e-06 -2.6674e-07 5.14501e-07
internal_weight=23279 15957 7322 6780 6179 4448 3917 15213 2978 2461 12235 11686 1329 1888 1731 3367 10357 9570 2169 1198 8782 7776 7161 6406 5626 1066 4560 3023 1517 1246 1537 1140 1050 1973 1117
internal_count=23279 15957 7322 6780 6179 4448 3917 15213 2978 2461 12235 11686 1329 1888 1731 3367 10357 9570 2169 1198 8782 7776 7161 6406 5626 1066 4560 3023 1517 1246 1537 1140 1050 1973 1117
is_linear=0
shrinkage=0.0329122


Tree=89
num_leaves=35
num_cat=0
split_feature=36 42 42 4 19 26 43 48 1 31 31 38 18 27 37 42 24 11 44 1 40 37 15 16 31 1 22 31 11 48 45 19 31 7
split_gain=3.36054e-05 2.77876e-05 5.47925e-05 1.72942e-05 2.13178e-05 2.02635e-05 2.22165e-05 2.43218e-05 1.85995e-05 3.22762e-05 2.23033e-05 1.37785e-05 1.15637e-05 1.64929e-05 1.30889e-05 1.11369e-05 8.82354e-06 1.06684e-05 1.29107e-05 7.16819e-06 6.5116e-06 8.74566e-06 8.68561e-06 7.74903e-06 1.2762e-05 9.06634e-06 8.02514e-06 8.23075e-06 6.97063e-06 6.33747e-06 3.79076e-06 3.12321e-06 1.46299e-06 1.34078e-06
threshold=0.0036585420263861583 -0.0044643079575292779 -0.0037998748616258067 -0.88858387294744812 3.3939065170823146 -0.0005727404261720631 -0.0013995808113455019 23.649828101032231 159.43451805050509 49.500000000000007 24.500000000000004 0.0030674918784389109 -0.19429164120975342 10.146793991427439 -0.0010443867077659095 -0.0010085731258747674 1000.0000000000499 -0.89534632034632022 -0.0018083182640144522 714.5090030154289 0.0020050130350973698 0.001027221637181386 0.039113303323304566 0.50657894736842113 98.500000000000014 61.372797724246347 -0.82437590262017735 153.50000000000003 -0.45355587041109791 59.059034357991443 0.0012650226439854253 0.19492087579093112 142.50000000000003 0.43255452255092897
decision_type=10 8 8 8 10 8 8 2 10 2 2 10 8 10 8 10 10 10 10 10 10 10 8 10 2 10 8 2 10 2 10 8 2 10
left_child=1 -1 -3 -4 5 11 7 -7 10 -10 -8 16 -12 14 -14 -11 17 -5 -19 -17 21 23 -23 26 -25 -26 29 -28 -24 33 31 -16 -33 -20
right_child=-2 2 3 4 -6 6 8 -9 9 15 12 -13 13 -15 30 19 -18 18 20 -21 -22 22 28 24 25 -27 27 -29 -30 -31 -32 32 -34 -35
leaf_value=-7.1628708011990205e-06 -7.3673076658696224e-06 1.0968068378262929e-05 -4.555465333782917e-06 2.7391824151696296e-06 6.2977916470327149e-06 1.5807624198524736e-07 -5.496211183272524e-06 8.2695213108703194e-06 1.0109994003520198e-05 -3.0860527899356814e-06 4.3066579281966078e-06 -5.1045501051978542e-06 5.4115918074089175e-06 -5.4356115200924676e-06 1.8462088550589319e-06 5.2032724739504923e-06 2.7973611743115672e-06 -4.9820237602506655e-06 -3.4774999003711349e-06 -1.0618498943797439e-07 2.2446051246751717e-06 -6.3726708317663977e-06 -4.1126843083002654e-06 -6.0526482186287005e-06 1.9681170535956477e-06 -3.0634025640842198e-06 -1.445593647261621e-07 4.9955627797661047e-06 9.5984017728341813e-07 2.0749197842363065e-06 -2.7860660083374522e-06 -1.5545099392942083e-06 5.2792875665319589e-07 -1.1152966263337958e-06
leaf_weight=533 643 523 802 858 637 701 810 934 541 530 704 745 519 573 884 588 824 841 527 518 742 564 550 567 864 704 623 736 629 543 528 820 659 515
leaf_count=533 643 523 802 858 637 701 810 934 541 530 704 745 519 573 884 588 824 841 527 518 742 564 550 567 864 704 623 736 629 543 528 820 659 515
internal_value=5.21523e-08 2.6292e-07 4.41999e-07 1.86885e-07 3.69943e-07 1.82452e-07 1.30856e-06 4.79191e-06 5.66376e-07 3.14111e-06 -4.53264e-07 -7.85301e-07 4.18202e-07 -2.6903e-07 5.9907e-07 8.36464e-07 -4.6627e-07 -7.56614e-07 -1.1135e-06 2.71636e-06 -6.83349e-07 -1.00184e-06 -3.01344e-06 -3.11464e-07 -1.82109e-06 -2.90787e-07 7.83246e-07 2.63903e-06 -1.40628e-06 -8.07785e-07 -2.64808e-07 2.98458e-07 -6.2648e-07 -2.31022e-06
internal_weight=23279 22636 22103 21580 20778 20141 9309 1635 7674 2177 5497 10832 4687 3983 3410 1636 10087 9263 8405 1106 7564 6822 1743 5079 2135 1568 2944 1359 1179 1585 2891 2363 1479 1042
internal_count=23279 22636 22103 21580 20778 20141 9309 1635 7674 2177 5497 10832 4687 3983 3410 1636 10087 9263 8405 1106 7564 6822 1743 5079 2135 1568 2944 1359 1179 1585 2891 2363 1479 1042
is_linear=0
shrinkage=0.0329122


Tree=90
num_leaves=35
num_cat=0
split_feature=42 42 20 40 18 37 4 39 39 21 40 40 25 48 18 22 44 18 1 3 42 18 48 42 15 1 25 16 13 15 24 37 48 4
split_gain=3.58671e-05 7.39565e-05 2.24033e-05 2.7674e-05 3.30927e-05 2.54221e-05 2.19251e-05 1.87318e-05 1.81708e-05 3.1607e-05 1.52063e-05 1.49644e-05 1.78114e-05 1.38557e-05 2.49575e-05 1.48676e-05 1.75951e-05 1.27258e-05 1.25254e-05 1.37671e-05 1.17918e-05 1.44649e-05 1.15745e-05 1.02423e-05 8.30049e-06 7.6245e-06 7.4591e-06 7.48243e-06 7.60798e-06 7.05107e-06 6.84252e-06 6.34286e-06 5.77309e-06 2.30316e-06
threshold=-0.0044643079575292779 -0.0037652968878114086 0.52896057347670256 -0.0015026304499987651 -0.2548149901306952 0.0034782713898567912 -0.44538632573652026 -0.0018001814764404542 0.001668057874234852 -0.22040006384731287 -0.0030052608999978077 -0.0013131982023929509 -0.98781245075626001 84.228533861990925 0.18938823115537726 -0.82437590262017735 -0.0018814692097475769 -0.083628395760874066 40.409857539928417 0.089837126526598463 0.0010085731258747679 -0.41349866644833183 38.504796654262009 0.0016736413393612095 0.11867538912906296 235.38924304427633 -0.99228993199374937 0.4942672167006768 -0.16623233608952351 0.084378592661182292 -1.0000000180025095e-35 1.0000000180025095e-35 0.61805234532921716 -0.14575123831728373
decision_type=8 8 8 8 10 8 8 10 10 2 10 8 10 2 8 8 8 10 10 2 8 10 2 10 10 10 10 10 10 8 10 10 2 8
left_child=-1 -2 5 4 10 8 -5 -6 11 -10 -4 -3 24 15 -15 16 -8 18 30 22 21 -14 -20 26 29 -24 33 -28 -29 31 32 -13 -17 -18
right_child=1 2 3 6 7 -7 13 -9 9 -11 -12 12 20 14 -16 17 23 -19 19 -21 -22 -23 25 -25 -26 -27 27 28 -30 -31 -32 -33 -34 -35
leaf_value=-8.5134640793112665e-06 1.1853120059329504e-05 -4.8973238339407987e-06 1.1404344793866106e-05 5.9182586994395118e-06 -4.738473535564798e-06 -6.9947334495716132e-06 -7.692229722048833e-06 3.77148950993858e-06 1.574695562182148e-06 -8.1582323460071433e-06 4.3653572676786409e-06 1.2775329466703928e-06 -2.9741686561981321e-06 6.8164751386539078e-06 -1.4655173478628072e-06 1.7077359506880499e-07 6.7802589982683679e-08 -3.051162775109276e-06 1.0915977101368386e-06 -1.8093142525298536e-06 6.3126768755872139e-06 4.2085780893761083e-06 3.2852357095537213e-06 -5.5822698412176909e-06 2.1967221895443953e-06 8.6656027590813465e-06 -4.6591255505044239e-06 -3.0810947013507315e-06 1.9631687436699068e-06 -5.2641373500044515e-06 1.9154946889646413e-06 -3.5546521733616446e-06 -3.6875802328149735e-06 3.1704205500952353e-06
leaf_weight=516 581 571 568 654 542 822 556 580 626 855 802 671 537 774 803 786 521 1017 937 613 753 699 560 537 598 582 671 605 697 580 734 524 902 516
leaf_count=516 581 571 568 654 542 822 556 580 626 855 802 671 537 774 803 786 521 1017 937 613 753 699 560 537 598 582 671 605 697 580 734 524 902 516
internal_value=6.70596e-08 2.61482e-07 -4.197e-08 6.85349e-07 3.85157e-06 -1.54539e-06 5.23393e-08 -3.3918e-07 -8.4698e-07 -4.04409e-06 7.28388e-06 1.1282e-07 7.68716e-07 -2.7245e-07 2.59918e-06 -7.14974e-07 -2.24843e-06 3.1121e-07 9.79916e-07 2.52491e-06 3.06592e-06 1.08773e-06 3.80298e-06 -1.39504e-06 -1.15666e-06 6.02744e-06 -6.47936e-07 -1.83579e-06 -3.80572e-07 -2.28654e-06 -7.37217e-07 -8.41159e-07 -1.89084e-06 1.61185e-06
internal_weight=23290 22774 22193 14957 2492 7236 12465 1122 6414 1481 1370 4933 4362 11811 1577 10234 4103 6131 5114 2692 1989 1236 2079 3547 2373 1142 3010 1973 1302 1775 2422 1195 1688 1037
internal_count=23290 22774 22193 14957 2492 7236 12465 1122 6414 1481 1370 4933 4362 11811 1577 10234 4103 6131 5114 2692 1989 1236 2079 3547 2373 1142 3010 1973 1302 1775 2422 1195 1688 1037
is_linear=0
shrinkage=0.0329122


Tree=91
num_leaves=35
num_cat=0
split_feature=42 42 20 40 18 39 39 47 40 13 12 20 2 40 24 36 0 13 12 20 19 42 30 44 0 12 3 41 48 13 41 20 1 55
split_gain=3.3545e-05 6.91685e-05 2.09529e-05 2.58823e-05 3.09503e-05 2.36576e-05 1.75191e-05 1.56896e-05 1.42217e-05 1.34347e-05 1.40338e-05 1.26454e-05 1.22823e-05 1.18406e-05 1.02808e-05 9.56878e-06 9.02157e-06 1.2283e-05 8.82058e-06 1.03827e-05 7.14122e-06 1.25881e-05 8.64118e-06 7.40994e-06 1.97678e-05 8.09541e-06 9.99744e-06 6.2109e-06 5.03783e-06 4.88487e-06 4.55477e-06 4.76651e-06 4.4961e-06 1.48479e-06
threshold=-0.0044643079575292779 -0.0037652968878114086 0.52896057347670256 -0.0015026304499987651 -0.2548149901306952 0.0031007751937984778 -0.0018001814764404542 118.74770377368058 -0.0030052608999978077 -0.38243431826272684 -0.84344247217879142 0.077071577071577094 -0.68970428620078594 0.0013486182800979132 -500.99999999998926 -0.0018814692097475769 23.500000000000004 -0.19401323239990056 -0.88229197033006168 11.804761904761905 0.66960263869579262 0.0018709090272673869 16.500000000000004 -0.001217285904377474 39.500000000000007 -0.39278484673221509 -0.066393036363871394 0.0010085731258747679 51.428737308079555 -0.0299846441126491 0.0010666669700741818 1.3298150829898632 46.940876380114311 2345.0000000000005
decision_type=8 8 8 8 10 10 10 10 10 10 10 10 2 8 8 8 10 10 8 10 10 10 2 10 10 8 2 10 2 8 8 10 10 2
left_child=-1 -2 5 4 8 9 -6 12 -4 13 27 -12 -5 -3 -13 -14 28 -18 -17 20 21 22 23 24 29 30 -27 -11 -16 -20 31 -25 -28 -31
right_child=1 2 3 7 6 -7 -8 -9 -10 10 11 14 15 -15 16 18 17 -19 19 -21 -22 -23 -24 25 -26 26 32 -29 -30 33 -32 -33 -34 -35
leaf_value=-8.2332677050035225e-06 1.1463008286355816e-05 -1.1279688161772643e-06 1.1029003221781387e-05 4.5983255007340992e-06 -4.5825203009393402e-06 -6.2104168813855444e-06 3.6473618151013988e-06 4.1066358836764782e-06 4.2216839624712906e-06 5.5348279067706273e-06 -5.6657751148609355e-06 -4.1155999315606205e-06 -4.7491721768678709e-06 -7.6166432153641003e-06 6.2374390182822274e-07 -3.8726447153552851e-06 2.6793503344982961e-06 -3.2589573489173146e-06 -2.6547745974906248e-06 4.0929776930954664e-06 2.9806056124980879e-06 -5.0317322152519289e-06 3.2426275118815953e-06 2.8600172244535611e-06 -7.5922627244057203e-06 2.6051558347872177e-06 -3.1676140724378932e-07 7.1349587169580674e-07 5.0379830752992055e-06 -5.7018571401512559e-07 4.560550784370013e-06 -1.0140818439785088e-06 -3.8489210505518297e-06 1.3973178037183219e-06
leaf_weight=516 581 746 568 532 542 994 580 954 802 597 528 590 551 515 535 698 622 959 819 616 658 636 711 693 527 603 673 562 588 801 517 683 930 863
leaf_count=516 581 746 568 532 542 994 580 954 802 597 528 590 551 515 535 698 622 959 819 616 658 636 711 693 527 603 673 562 588 801 517 683 930 863
internal_value=6.48531e-08 2.52877e-07 -4.05873e-08 6.62794e-07 3.72481e-06 -1.49453e-06 -3.2801e-07 5.06173e-08 7.04416e-06 -7.43513e-07 2.46989e-08 -9.37272e-07 -2.85514e-07 -3.77816e-06 -1.79263e-07 -5.22187e-07 6.79542e-07 -9.22552e-07 -2.98818e-07 -4.24191e-08 -3.21949e-07 -5.78963e-07 -2.1679e-07 -5.62813e-07 -1.80281e-06 3.4769e-07 -1.00715e-06 3.19716e-06 2.93523e-06 -5.7394e-07 1.92667e-06 9.36879e-07 -2.36613e-06 4.50083e-07
internal_weight=23290 22774 22193 14957 2492 7236 1122 12465 1370 6242 4981 3822 11511 1261 3294 10979 2704 1581 10428 9730 9114 8456 7820 7109 3010 4099 2206 1159 1123 2483 1893 1376 1603 1664
internal_count=23290 22774 22193 14957 2492 7236 1122 12465 1370 6242 4981 3822 11511 1261 3294 10979 2704 1581 10428 9730 9114 8456 7820 7109 3010 4099 2206 1159 1123 2483 1893 1376 1603 1664
is_linear=0
shrinkage=0.0329122


Tree=92
num_leaves=35
num_cat=0
split_feature=42 42 20 37 4 20 39 21 43 18 48 18 43 31 31 31 41 25 25 27 19 10 7 37 43 41 22 5 3 45 15 22 1 55
split_gain=3.13733e-05 6.46904e-05 1.95964e-05 2.33341e-05 2.07483e-05 1.77447e-05 1.60962e-05 2.95216e-05 1.25675e-05 1.94307e-05 1.35004e-05 1.93985e-05 1.28905e-05 1.32207e-05 1.0565e-05 9.85214e-06 1.7929e-05 1.04827e-05 9.96505e-06 1.04562e-05 8.93181e-06 8.80659e-06 7.77372e-06 6.96888e-06 8.85861e-06 5.97307e-06 6.57258e-06 1.14198e-05 9.43734e-06 5.94745e-06 4.58279e-06 4.64536e-06 2.63424e-06 4.53926e-07
threshold=-0.0044643079575292779 -0.0037652968878114086 0.52896057347670256 0.0034782713898567912 -0.44538632573652026 15.468750000000004 0.001668057874234852 -0.22040006384731287 -0.0015910989595200318 0.43798420519291498 86.494400238125152 -0.029047529218473579 0.0031463039590304835 26.500000000000004 48.500000000000007 212.50000000000003 -0.0012121229930181496 -0.991603736008555 -0.98167428361309195 -55.624122733400206 -2.8981590959495516 -1.3186090225563907 0.55835565733379433 0.001233806761961276 -0.0012158059204205316 -0.0013431839503499907 -0.82437590262017735 -0.02920489518601305 -0.1846382560622149 0.0012143295308426618 0.10609757720332104 -0.87779592653088423 27.704732974745333 4050.5000000000005
decision_type=8 8 8 8 8 10 10 2 8 8 2 8 10 2 2 2 8 10 10 10 8 10 10 10 8 8 10 2 2 8 8 8 10 2
left_child=-1 -2 3 6 -4 8 15 -8 9 22 12 -12 13 -10 -15 16 -3 -17 21 -20 -16 29 -6 24 -22 -26 28 -28 -27 -18 -30 -32 33 -33
right_child=1 2 4 -5 5 -7 7 -9 10 -11 11 -13 -14 14 20 17 18 -19 19 -21 23 -23 -24 -25 25 26 27 -29 30 -31 31 32 -34 -35
leaf_value=-7.962293175821037e-06 1.1085736119058089e-05 -6.2657603893066086e-06 5.9171556352973678e-06 -6.6661052412384612e-06 2.3936823192023032e-06 4.6937666877830894e-06 1.6449685034645439e-06 -7.7613994858268639e-06 -5.050540217797378e-06 6.1816871886067874e-06 7.3449945835490539e-06 -5.7382094407700649e-07 -5.8510472502710146e-06 4.2480116167352403e-06 -4.6749462206897799e-06 -1.7131434968380641e-07 2.6973592146335974e-06 5.5354264567952477e-06 -3.299099191107892e-07 5.4515382752005506e-06 -3.1811806101495901e-06 -4.8996637847014583e-06 -2.5566189821746449e-06 -2.7361786327506187e-06 3.9509734064267956e-06 -4.4989003967784855e-06 5.4457639015758171e-06 -2.9049577562659515e-07 2.7065462704426935e-06 -2.2425559557738717e-06 -3.1393450773117802e-06 4.784133420003929e-08 2.2692538991296602e-06 -1.2250657358446937e-06
leaf_weight=516 581 549 766 822 674 953 626 855 659 858 561 832 528 539 522 756 526 647 753 616 746 556 701 1026 533 541 639 913 635 530 535 738 543 515
leaf_count=516 581 549 766 822 674 953 626 855 659 858 561 832 528 539 522 756 526 647 753 616 746 556 701 1026 533 541 639 913 635 530 535 738 543 515
internal_value=6.27187e-08 2.44555e-07 -3.92508e-08 -1.44534e-06 6.40981e-07 3.56168e-07 -7.76224e-07 -3.78529e-06 4.38879e-08 2.29514e-06 -4.12887e-07 2.61514e-06 -8.51742e-07 -5.61137e-07 -2.0995e-07 1.27121e-07 -8.00103e-07 2.46021e-06 2.06411e-07 2.27136e-06 -5.14676e-07 -1.54712e-06 -1.29905e-07 -2.19743e-07 1.87584e-07 6.37034e-07 2.87843e-07 2.07113e-06 -5.01274e-07 2.17829e-07 2.27819e-07 -4.47326e-07 3.54456e-07 -4.75158e-07
internal_weight=23290 22774 22193 7236 14957 14191 6414 1481 13238 2233 11005 1393 9612 9084 8425 4933 3530 1403 2981 1369 7886 1612 1375 7364 6338 5592 5059 1552 3507 1056 2966 2331 1796 1253
internal_count=23290 22774 22193 7236 14957 14191 6414 1481 13238 2233 11005 1393 9612 9084 8425 4933 3530 1403 2981 1369 7886 1612 1375 7364 6338 5592 5059 1552 3507 1056 2966 2331 1796 1253
is_linear=0
shrinkage=0.0329122


Tree=93
num_leaves=34
num_cat=0
split_feature=42 42 20 9 39 4 20 43 18 38 7 39 11 16 42 1 7 4 47 38 27 7 17 17 48 16 55 20 25 17 27 7 55
split_gain=2.93421e-05 6.05023e-05 1.83277e-05 2.15436e-05 5.41248e-05 1.94051e-05 1.66166e-05 1.40753e-05 2.17742e-05 1.52078e-05 1.36572e-05 1.40659e-05 1.00213e-05 1.02872e-05 9.95013e-06 9.86716e-06 8.89639e-06 9.68792e-06 1.21331e-05 1.20904e-05 7.93305e-06 7.56518e-06 7.40863e-06 9.17148e-06 6.97154e-06 7.99277e-06 1.45229e-05 6.90033e-06 1.13213e-05 7.31975e-06 4.78912e-06 2.5614e-06 1.25786e-06
threshold=-0.0044643079575292779 -0.0037652968878114086 0.52896057347670256 -0.90582164167069823 0.0030280108192362047 -0.44538632573652026 21.954545454545457 -0.0015910989595200318 0.43798420519291498 -0.0020050130350972579 1.2900367630775864 -0.0013468019575335608 -0.2250954198473282 0.47924498746867178 0.0018709090272673869 114.35910571283291 0.45866999366286443 -0.82263538222989363 66.66666666666633 0.0015048917474408399 13.606729785816322 0.48197516995045514 -0.33071004359146888 -0.25750497567448027 69.568106355832313 0.51880579655475934 10576.000000000002 0.2322427763338939 -0.99002998003988751 -0.14535064710657966 -6.8542214935135517 1.1195406783011015 2952.5000000000005
decision_type=8 8 8 8 10 8 10 8 8 8 10 8 10 8 8 10 10 8 10 8 8 10 8 8 2 10 2 10 10 10 10 8 2
left_child=-1 -2 3 -3 16 -4 7 8 21 -9 11 -11 13 14 15 -13 17 18 -5 27 -14 -7 -15 -24 25 31 -27 28 -19 30 -29 -25 -33
right_child=1 2 5 4 -6 6 -8 9 -10 10 -12 12 20 22 -16 -17 -18 19 -20 -21 -22 -23 23 24 -26 26 -28 29 -30 -31 -32 32 -34
leaf_value=-7.7002370418655986e-06 1.0720880630410606e-05 3.6427971110867898e-06 5.7224093618510547e-06 -6.514144172448701e-06 -1.0410013231350147e-05 2.6955170545357675e-06 5.4397430234686782e-06 -5.6985762499226091e-06 6.4892613292381819e-06 3.642650926748761e-06 4.48617336731404e-06 -4.0822941365489118e-06 3.8456496890478864e-06 -3.4680813248021037e-06 -6.7567764467591361e-06 1.1722413965572285e-06 -5.0115571043109338e-06 1.5436716576489665e-07 2.8491977337196002e-07 -3.112789069405551e-06 -1.3427561191205779e-06 -2.141128673292086e-06 3.9314768248345419e-06 1.7086117312100906e-06 1.8741954164845233e-06 -7.4634282643741205e-06 -2.354960418718724e-07 2.8035888018180899e-06 6.5155995644095146e-06 -3.3584817244862506e-06 -1.1753959131374793e-06 -3.3907674606098624e-08 -2.0544752645406679e-06
leaf_weight=516 581 815 766 585 740 611 661 555 885 848 657 885 824 783 603 688 529 646 553 907 521 821 563 642 997 532 694 826 571 521 543 885 536
leaf_count=516 581 815 766 585 740 611 661 555 885 848 657 885 824 783 603 688 529 646 553 907 521 821 563 642 997 532 694 826 571 521 543 885 536
internal_value=6.06532e-08 2.36505e-07 -3.79597e-08 -1.39777e-06 -2.03759e-06 6.19884e-07 3.44444e-07 9.54998e-08 2.43077e-06 -3.87028e-07 -1.10416e-07 -4.12404e-07 -7.88119e-07 -1.24012e-06 -3.16207e-06 -1.78392e-06 -9.46971e-07 -5.29581e-07 -3.21e-06 2.30283e-07 1.8357e-06 -7.72884e-08 -4.97514e-07 -1.77897e-08 -5.3661e-07 -1.26747e-06 -3.37211e-06 1.20627e-06 3.13916e-06 -3.82247e-08 1.2252e-06 -1.66158e-08 -7.96225e-07
internal_weight=23290 22774 22193 7236 6421 14957 14191 13530 2317 11213 10658 10001 9153 7808 2176 1573 5681 5152 1138 4014 1345 1432 5632 4849 4286 3289 1226 3107 1217 1890 1369 2063 1421
internal_count=23290 22774 22193 7236 6421 14957 14191 13530 2317 11213 10658 10001 9153 7808 2176 1573 5681 5152 1138 4014 1345 1432 5632 4849 4286 3289 1226 3107 1217 1890 1369 2063 1421
is_linear=0
shrinkage=0.0329122


Tree=94
num_leaves=34
num_cat=0
split_feature=42 42 19 39 21 39 37 40 37 37 48 1 19 13 7 44 44 20 40 1 19 13 16 7 26 55 7 20 4 11 20 44 48
split_gain=2.74425e-05 5.65853e-05 1.74511e-05 2.44361e-05 3.15191e-05 1.61804e-05 2.22017e-05 1.60227e-05 1.71138e-05 1.66724e-05 1.57812e-05 1.61057e-05 1.54559e-05 1.44782e-05 1.07697e-05 1.07047e-05 1.06401e-05 9.42469e-06 8.90124e-06 7.93654e-06 9.03704e-06 9.96265e-06 1.69509e-05 1.8085e-05 8.32678e-06 8.06129e-06 7.26021e-06 5.97313e-06 6.04863e-06 5.4576e-06 3.83311e-06 2.79367e-06 1.53332e-06
threshold=-0.0044643079575292779 -0.0037652968878114086 2.9485824382680907 0.0031007751937984778 -0.35614909473983519 0.0020387381021654831 0.0010085731258747679 -0.0031331601232976176 -0.0024554950935319337 -0.0015003759381570501 24.490897785147322 158.38162283735286 -2.8981590959495516 -0.001705461555512268 0.38780389445788693 0.0031298981191222324 0.0012262420305545476 0.97239474185559172 0.0015048917474408399 617.22399819337727 -0.27465209702032917 -0.25205461088715803 0.80508582777698978 0.20303560414833063 -0.0043288856917561994 5877.5000000000009 0.52095035430349135 0.34633610851466218 -0.24891752728123809 -0.52281401804302552 1.9515346069527093 -0.00200702509133821 0.61805234532921716
decision_type=8 8 10 10 2 10 10 8 8 8 2 10 8 10 10 10 10 10 8 10 8 10 8 10 10 2 10 10 8 8 10 10 2
left_child=-1 -2 3 5 -5 6 7 -3 -9 14 -8 18 -11 15 -10 16 19 -18 29 20 -14 22 23 -22 -21 -23 27 -27 -29 -12 -28 32 -24
right_child=1 2 -4 4 -6 -7 10 8 9 12 11 -13 13 -15 -16 -17 17 -19 -20 24 21 25 31 -25 -26 26 30 28 -30 -31 -32 -33 -34
leaf_value=-7.4468056935411243e-06 1.0368033407029379e-05 4.671564132847067e-06 4.3347013643683683e-06 2.1262767470399794e-06 -7.6663836850252788e-06 5.1926567030522768e-06 -7.7448032756472408e-06 -5.3642667769918233e-06 6.8494181614132362e-06 -4.9713371020677553e-06 -3.951105649620692e-06 2.2746406407723774e-06 -3.5779143364431498e-06 5.3524989421212466e-06 9.3233225550921647e-07 -4.2625976297440823e-06 8.0210899527090732e-07 5.976164595169255e-06 -6.0770572882053656e-06 4.3519127289983454e-06 -8.7728200296827007e-06 -2.1630081068443858e-06 -1.4466561580680252e-07 -5.5341434471131128e-07 -1.0215990109554967e-06 5.0315984513200163e-08 -2.4142495005929232e-06 6.6409884559509179e-06 2.2891986277295904e-06 4.0543397048399817e-07 1.5384088424290864e-06 -1.6843236574279518e-06 1.8723161710183257e-06
leaf_weight=516 581 908 947 551 1006 649 528 582 668 636 553 840 938 583 665 595 1029 606 722 789 580 700 759 580 517 565 534 580 858 713 529 600 883
leaf_count=516 581 908 947 551 1006 649 528 582 668 636 553 840 938 583 665 595 1029 606 722 789 580 700 759 580 517 565 534 580 858 713 529 600 883
internal_value=5.86566e-08 2.28721e-07 -3.671e-08 -2.31568e-07 -4.20075e-06 8.23023e-08 -9.18779e-08 4.27984e-07 1.67196e-07 3.9402e-07 -2.52148e-06 -1.54618e-06 3.08568e-08 2.91112e-07 3.89771e-06 3.76321e-08 2.69267e-07 2.71997e-06 -3.16073e-06 -1.56432e-07 -5.40073e-07 -1.42511e-07 -1.43351e-06 -4.66331e-06 2.22455e-06 1.02365e-06 1.75127e-06 2.91802e-06 4.0446e-06 -1.49736e-06 -4.47001e-07 2.37468e-07 9.39845e-07
internal_weight=23290 22774 22193 21246 1557 19689 19040 15684 14776 14194 3356 2828 12861 12225 1333 11642 11047 1635 1988 9412 8106 7168 3402 1160 1306 3766 3066 2003 1438 1266 1063 2242 1642
internal_count=23290 22774 22193 21246 1557 19689 19040 15684 14776 14194 3356 2828 12861 12225 1333 11642 11047 1635 1988 9412 8106 7168 3402 1160 1306 3766 3066 2003 1438 1266 1063 2242 1642
is_linear=0
shrinkage=0.0329122


Tree=95
num_leaves=34
num_cat=0
split_feature=21 37 48 37 15 42 40 15 10 7 4 31 17 18 2 2 28 38 45 23 1 13 5 17 19 31 48 1 38 45 13 2 29
split_gain=2.69476e-05 3.29948e-05 2.0398e-05 4.94884e-05 2.70887e-05 2.2654e-05 1.80754e-05 1.74178e-05 1.55618e-05 2.33589e-05 1.50388e-05 1.34727e-05 1.22159e-05 1.72987e-05 1.28206e-05 1.26353e-05 1.10985e-05 1.09582e-05 1.06987e-05 1.01665e-05 9.29995e-06 8.78144e-06 8.56081e-06 8.00534e-06 1.35622e-05 9.69055e-06 7.75423e-06 6.7876e-06 6.71519e-06 4.23046e-06 3.32812e-06 3.00553e-06 3.15368e-07
threshold=0.60395343672974322 -0.0034188134087615447 56.279714509581389 0.0031298981191222324 0.033971556138109545 0.0018957363003851981 -0.0013937288998185358 0.017371605529065751 -1.4821428571428565 0.84062750958764931 -0.23476812948603795 25.500000000000004 -0.093353902947168527 0.19712427968505356 0.60996034602951832 0.27214715490446867 0.49962531221901546 0.0013937288998185917 0.0012586537395243849 0.75000000000000011 113.59997602052051 -0.25929308505025672 0.3044918215928909 -0.24829951568804115 -0.034384890762863655 141.50000000000003 20.964924971545013 148.5128206106094 0.0016460916500476987 0.0015117166611058332 -0.14391312601854614 -0.044465255522058107 2.5000000000000004
decision_type=2 8 2 10 8 10 8 10 10 8 8 2 10 8 2 2 10 10 8 10 10 8 2 8 8 2 2 10 8 8 10 2 2
left_child=1 -1 3 5 7 11 -6 -4 9 17 22 -3 14 19 15 16 21 18 -8 26 29 31 27 -23 25 -25 -14 -10 -26 -12 -17 -13 -30
right_child=-2 2 4 -5 6 -7 8 -9 10 -11 20 12 13 -15 -16 30 -18 -19 -20 -21 -22 23 -24 24 28 -27 -28 -29 32 -31 -32 -33 -34
leaf_value=6.6143240566401227e-06 -6.3792801353596838e-06 -4.0496436156965106e-06 9.2840510125393535e-07 -1.0910728879002055e-05 6.5081477792299459e-06 -6.3326082755022039e-06 2.3798972168624158e-06 -6.3659750216823812e-06 1.4172765390086796e-06 7.2666701741690583e-06 1.6688660357346782e-06 -1.1636249179894417e-06 -5.8143472621786093e-07 5.6854162710167112e-06 -5.4147513537435427e-06 4.9551830161160188e-06 -4.754971098991332e-06 4.5814335730002952e-06 -3.1000709037809832e-06 -3.6192145666044602e-06 -5.0671189172573981e-06 3.5977929800884303e-06 -1.4923993781645761e-06 2.0443781755598821e-07 3.3502132015590803e-06 -5.8904251050163675e-06 4.3251598974048261e-06 5.9836283818042706e-06 1.470472870732582e-07 -2.3444867248631108e-06 1.2621851205313321e-06 -4.619541199636428e-06 -9.3906726185929531e-07
leaf_weight=822 708 899 640 521 795 690 760 795 925 965 566 553 753 923 545 537 671 692 784 541 751 723 601 517 966 623 650 570 616 572 521 538 546
leaf_count=822 708 899 640 521 795 690 760 795 925 965 566 553 753 923 545 537 671 692 784 541 751 723 601 517 966 623 650 570 616 572 521 538 546
internal_value=-5.67179e-08 1.41596e-07 -1.03029e-07 -9.8374e-07 1.0505e-06 -5.45864e-07 1.79905e-06 -3.11257e-06 1.27804e-06 2.98694e-06 -9.45869e-08 -1.86839e-07 1.5283e-07 1.97522e-06 -5.57415e-07 -1.68709e-07 -7.76649e-07 1.13981e-06 -4.02529e-07 2.13519e-07 -2.22439e-06 -2.51328e-07 1.82477e-06 4.63931e-07 -2.29323e-07 -3.12615e-06 1.69159e-06 3.15845e-06 1.32244e-06 -3.48189e-07 3.13682e-06 -2.86804e-06 -3.63099e-07
internal_weight=23279 22571 21749 12333 9416 11812 7981 1435 7186 3201 3985 11122 10223 2867 7356 6811 5753 2236 1544 1944 1889 5082 2096 3991 3268 1140 1403 1495 2128 1138 1058 1091 1162
internal_count=23279 22571 21749 12333 9416 11812 7981 1435 7186 3201 3985 11122 10223 2867 7356 6811 5753 2236 1544 1944 1889 5082 2096 3991 3268 1140 1403 1495 2128 1138 1058 1091 1162
is_linear=0
shrinkage=0.0329122


Tree=96
num_leaves=36
num_cat=0
split_feature=20 4 12 8 24 0 47 39 0 2 4 40 39 40 27 22 24 20 26 20 26 6 4 15 1 1 2 22 23 26 10 20 37 47 29
split_gain=3.22266e-05 3.20943e-05 2.15765e-05 2.38348e-05 2.28314e-05 2.16238e-05 2.0545e-05 2.66441e-05 3.48677e-05 1.62931e-05 1.59927e-05 1.5592e-05 1.42013e-05 1.14855e-05 2.09016e-05 1.16311e-05 1.18774e-05 9.82719e-06 1.09729e-05 9.66599e-06 9.98898e-06 9.40169e-06 9.91727e-06 1.26561e-05 8.02184e-06 7.47379e-06 7.22133e-06 6.61252e-06 6.92727e-06 6.04518e-06 5.89016e-06 3.99161e-06 4.66721e-06 6.93091e-06 9.29175e-07
threshold=11.150375939849626 -0.020559474386664212 -0.10280876883930318 0.050000000000002494 999.99999999996101 49.500000000000007 149.42528735631905 0.0031007751937984778 21.500000000000004 0.60230938163602832 -0.87413791091148418 0.0020387381021654831 0.0019361102364565677 0.0016488057372459066 -9.403583913584507 -0.82437590262017735 500.25000000000722 0.26117250255181296 -0.00090914908708236231 1.4810240530030248 -0.0050802436857981378 25.750000000000004 -0.35078698692255927 0.12231479425234133 78.987973841467493 129.2535659727402 0.024763091105514345 -0.66730279898218814 1.0000000180025095e-35 -0.0022021085580976522 -1.1776315789473681 0.63987577639751569 -0.0016168159313225681 -104.16666666669191 5.5000000000000009
decision_type=10 10 10 10 8 10 10 10 10 2 8 8 10 10 8 8 10 8 10 10 10 8 10 10 10 10 2 10 10 10 8 8 10 10 2
left_child=2 -2 3 6 26 19 7 9 -9 10 -1 -8 13 15 -15 21 17 -17 27 20 -5 22 23 -12 -11 29 -4 28 30 -24 31 -19 34 -34 -33
right_child=1 -3 4 5 -6 -7 11 8 -10 24 12 -13 -14 14 -16 16 -18 18 -20 -21 -22 -23 25 -25 -26 -27 -28 -29 -30 -31 -32 32 33 -35 -36
leaf_value=-5.3328003139130826e-06 9.6144482568719539e-06 1.2633242788496444e-07 -1.9273338489351194e-06 -6.3505330790639864e-06 8.2181307389600683e-06 -7.7704869741474387e-06 2.0436199165280706e-07 -1.1287120662686396e-05 5.5535264678596407e-07 -1.3021559629186201e-06 -4.9702167047020526e-07 8.2957641512887098e-06 5.5278893412802123e-06 2.1498006031214352e-06 -6.3980186682464755e-06 4.5275474721732908e-06 5.0888881358006981e-06 3.0136109753760987e-06 4.4814962424288823e-06 1.9541113101846864e-06 -3.2511912117188647e-07 -3.8815503323308901e-06 -1.7358572698402739e-06 6.0091664833822741e-06 -6.9983045215340451e-06 -3.8573031554270215e-06 3.2733775971273554e-06 -2.7960766113084222e-06 3.8882140351723971e-06 2.809693210961834e-06 -3.3661152227570152e-06 1.9432407166232072e-07 -4.3301474793997684e-06 9.1263276894151367e-07 1.7620873667838212e-06
leaf_weight=559 720 833 650 569 615 891 515 554 524 548 809 517 550 531 744 685 784 532 624 590 626 899 795 540 524 866 521 848 535 527 520 790 559 534 851
leaf_count=559 720 833 650 569 615 891 515 554 524 548 809 517 550 531 744 685 784 532 624 590 626 899 795 540 524 866 521 848 535 527 520 790 559 534 851
internal_value=-5.48508e-08 4.52535e-06 -3.82259e-07 -6.92679e-07 3.08332e-06 -3.58288e-06 -2.44671e-07 -5.30964e-07 -5.53046e-06 -1.75304e-07 1.22436e-07 4.25813e-06 3.47956e-07 1.28331e-07 -2.83792e-06 4.51652e-07 1.26277e-06 7.99682e-07 3.58836e-07 -1.49247e-06 -3.19432e-06 -8.76151e-07 -1.12203e-07 2.10721e-06 -4.08668e-06 -1.48068e-06 3.86366e-07 -1.38805e-07 3.82633e-07 7.60008e-08 -1.1268e-07 4.05249e-07 -1.02219e-07 -1.76851e-06 1.00748e-06
internal_weight=23279 1553 21726 19940 1786 2676 17264 16232 1078 15154 14082 1032 13523 12973 1275 11698 7262 6478 5793 1785 1195 4436 3537 1349 1072 2188 1171 5169 4321 1322 3786 3266 2734 1093 1641
internal_count=23279 1553 21726 19940 1786 2676 17264 16232 1078 15154 14082 1032 13523 12973 1275 11698 7262 6478 5793 1785 1195 4436 3537 1349 1072 2188 1171 5169 4321 1322 3786 3266 2734 1093 1641
is_linear=0
shrinkage=0.0329122


Tree=97
num_leaves=36
num_cat=0
split_feature=20 18 1 21 31 27 31 42 55 15 42 2 26 37 24 27 13 12 15 44 3 26 5 11 21 42 55 26 15 3 16 20 31 7 10
split_gain=3.01421e-05 2.37673e-05 2.91326e-05 2.20408e-05 1.99057e-05 3.79579e-05 2.9921e-05 2.62699e-05 2.75867e-05 2.12976e-05 2.04812e-05 1.46399e-05 1.4479e-05 1.23245e-05 1.07747e-05 1.12996e-05 9.54772e-06 9.29169e-06 1.78706e-05 1.66451e-05 1.3142e-05 9.13205e-06 1.50093e-05 1.63667e-05 8.50324e-06 1.51321e-05 6.96984e-06 4.90175e-06 5.61118e-06 5.18772e-06 6.39453e-06 7.45932e-06 7.06796e-06 3.15097e-06 1.95406e-06
threshold=9.5092592592592613 -0.20480203963307889 81.818592306380211 0.61249285946126941 30.500000000000004 87.175164208968127 45.500000000000007 -0.002791348184162767 8342.5000000000018 0.035033368978434488 0.0013937288998185917 0.60230938163602832 0.00065367047061937157 0.0010504213270837728 500.00000000004258 2.7698727915162897 -0.55472649713019717 -0.70038539222383922 0.1297116763672411 0.0013596199349305007 0.058333314446402267 -0.00090914908708236231 0.37087167829156337 -0.41129554947429064 -0.58821961439782344 0.0018066862078195414 27000.500000000004 -0.0050181987672429573 0.093809488524877818 -0.015753082856268131 0.49906015037593993 1.18956442831216 117.50000000000001 0.39613618588228355 -1.4877819548872175
decision_type=10 10 10 2 2 8 2 8 2 8 10 2 8 10 10 10 8 8 10 8 2 10 2 10 2 10 2 8 10 2 10 10 2 10 10
left_child=3 2 -2 4 5 -1 12 8 -8 10 13 14 -6 -9 16 26 -11 18 19 -18 24 22 23 -22 -19 27 -16 28 -26 -29 32 -32 -31 -13 -34
right_child=1 -3 -4 -5 6 -7 7 9 -10 11 -12 33 -14 -15 15 -17 17 20 -20 -21 21 -23 -24 -25 25 -27 -28 29 -30 30 31 -33 34 -35 -36
leaf_value=-8.0607486777802351e-06 1.8246896567651048e-06 -9.1673038911635666e-07 1.2344433853994481e-05 -6.5684563939727983e-06 8.9197825349062847e-06 1.0751468852750818e-06 8.9229159442653195e-06 1.2901627608912413e-06 -1.201526667190821e-06 -4.5484884966578773e-06 -7.2927296920050689e-06 -1.9586007765504635e-06 1.3674281781554265e-06 -5.0709250396130629e-06 6.7948142606597914e-06 -7.3610118318761566e-07 -3.5366707751615804e-06 4.0364295196015069e-06 6.2331617886652484e-06 3.2876534976707752e-06 -2.2733097842320343e-06 1.0393026434175363e-06 1.5084304799998791e-07 -1.0295604703570328e-05 4.9411237978470912e-06 -5.2668561596327017e-06 1.8661882229562103e-06 -2.3207674172035041e-06 2.2375369359967855e-07 2.0092280610346985e-06 5.4149465008965091e-06 -1.1959690465359702e-07 -8.1884385255435177e-07 -5.5492843633929374e-06 -3.5001336967887355e-06
leaf_weight=958 590 665 552 609 585 1014 670 918 516 515 918 518 519 515 634 750 762 609 711 787 581 580 675 524 518 545 610 844 578 732 530 525 613 542 567
leaf_count=958 590 665 552 609 585 1014 670 918 516 515 918 518 519 515 634 750 762 609 711 787 581 580 675 524 518 545 610 844 578 732 530 525 613 542 567
internal_value=-5.3044e-08 4.02937e-06 6.90974e-06 -3.96615e-07 -2.16445e-07 -3.36297e-06 1.12003e-07 -2.14309e-07 4.51782e-06 -5.52393e-07 -3.45465e-06 -7.35558e-08 5.36956e-06 -9.95763e-07 2.25481e-07 2.45447e-06 -1.7148e-07 3.95428e-08 1.91337e-06 -6.92906e-08 -4.63322e-07 -2.54697e-06 -3.71566e-06 -6.07775e-06 3.4796e-07 -6.4008e-08 4.37823e-06 5.13804e-07 2.45352e-06 -4.39767e-08 6.03608e-07 2.66057e-06 -5.31262e-07 -3.79481e-06 -2.10742e-06
internal_weight=23279 1807 1142 21472 20863 1972 18891 17787 1186 16601 2351 14250 1104 1433 13190 1994 11196 10681 2260 1549 8421 2360 1780 1105 6061 5452 1244 4907 1096 3811 2967 1055 1912 1060 1180
internal_count=23279 1807 1142 21472 20863 1972 18891 17787 1186 16601 2351 14250 1104 1433 13190 1994 11196 10681 2260 1549 8421 2360 1780 1105 6061 5452 1244 4907 1096 3811 2967 1055 1912 1060 1180
is_linear=0
shrinkage=0.0329122


Tree=98
num_leaves=37
num_cat=0
split_feature=20 44 45 4 9 39 17 16 42 2 19 42 24 23 0 44 16 10 29 27 23 15 7 16 7 41 22 0 25 19 10 16 7 1 4 55
split_gain=2.89337e-05 2.76215e-05 3.79549e-05 2.22539e-05 1.9405e-05 2.22493e-05 5.21796e-05 1.84436e-05 1.74259e-05 1.58703e-05 1.57568e-05 2.11815e-05 1.39471e-05 1.32925e-05 1.6656e-05 1.3098e-05 1.25166e-05 1.14989e-05 9.76799e-06 9.28594e-06 8.53288e-06 8.49587e-06 7.65431e-06 1.01226e-05 9.18227e-06 8.92043e-06 1.12572e-05 1.18731e-05 9.91874e-06 7.56936e-06 7.18619e-06 8.08249e-06 3.73791e-06 4.3582e-06 2.76173e-06 1.72492e-07
threshold=31.708333333333336 -0.0048038461538462132 -0.0037712145633829182 -0.92111744879439972 -0.81995175091409389 0.0031007751937984778 -0.43180421871800118 0.49808417869254379 0.0020429030507909123 0.65186846551813737 0.097214554043290505 0.0018709090272673869 -1000.9999999999962 -1.0000000180025095e-35 137.50000000000003 0.0012399260810340709 0.51880579655475934 -1.459586466165413 12.500000000000002 723.98887927626822 1.0000000180025095e-35 0.10071028981796758 0.096416194237703604 0.90840080971659931 0.22076996197718635 -0.0013976247216470614 -0.78623321926822831 24.500000000000004 -0.49682540581628581 -0.085036868572919019 -1.3975563909774429 0.53571428571428592 0.29527813892960425 24.954847360204749 -0.25169191443950872 5477.0000000000009
decision_type=10 8 8 8 8 10 10 10 8 2 10 10 8 8 10 8 10 10 2 10 10 10 8 10 8 8 8 10 10 10 10 10 10 10 10 2
left_child=1 -1 -3 -4 7 9 -7 8 18 10 11 13 -12 29 19 16 21 -17 -5 22 -18 -14 -15 24 -24 -26 28 32 -27 -6 31 -9 33 35 -11 -28
right_child=-2 2 3 4 5 6 -8 30 -10 34 12 -13 15 14 -16 17 20 -19 -20 -21 -22 -23 23 -25 25 26 27 -29 -30 -31 -32 -33 -34 -35 -36 -37
leaf_value=-7.6091005688853477e-06 7.3392441744172005e-06 7.1387528658747315e-06 -6.6714950800555039e-06 4.885011563683845e-07 -4.5993698252904078e-07 2.1739726661619193e-06 -1.2485972760248937e-05 9.1133536616753311e-06 4.4277315658588025e-06 -5.896452375975864e-06 -3.396622372272192e-06 -5.3389030033714932e-06 -3.5108712606191629e-06 -2.7967834108134466e-06 -4.8933470367297894e-06 8.6613771244524742e-06 4.4141884024292319e-07 2.4239175573434014e-06 -5.7411728153876009e-06 -2.5108383969740558e-06 5.6009201180016885e-06 1.8597836853817376e-06 4.7432939179164827e-06 5.321126310564432e-06 4.1387040122534429e-06 -1.9205403109278538e-08 4.5369643457983433e-08 5.1704897105996468e-06 -5.6327933006144923e-06 -5.5558229409001377e-06 1.5195057177564308e-06 3.479630234004451e-06 -2.3662645468542959e-06 3.1547616679813552e-06 -2.5371400536645534e-06 -6.9062365992063202e-07
leaf_weight=537 560 767 580 533 556 522 530 528 564 515 532 967 786 521 636 538 664 791 558 898 728 537 612 628 637 770 1043 612 612 731 534 578 537 575 547 515
leaf_count=537 560 767 580 533 556 522 530 528 564 515 532 967 786 521 636 538 664 791 558 898 728 537 612 628 637 770 1043 612 612 731 534 578 537 575 547 515
internal_value=-5.12978e-08 -2.33477e-07 -5.49117e-08 -3.12571e-07 -1.35542e-07 -5.70892e-07 -5.21152e-06 2.18186e-06 -2.69187e-07 -2.74788e-07 -6.85569e-09 -6.89982e-07 1.61283e-06 -2.35087e-07 2.3193e-07 2.2719e-06 9.61311e-07 4.94911e-06 -2.6975e-06 6.41466e-07 3.13994e-06 -1.33077e-06 1.04234e-06 1.34817e-06 9.26177e-07 4.85448e-07 -1.34573e-08 1.03574e-06 -2.50527e-06 -3.35451e-06 4.65546e-06 6.16935e-06 8.79118e-08 7.05878e-07 -4.1664e-06 -1.97768e-07
internal_weight=23279 22719 22182 21415 20835 17540 1052 3295 1655 16488 15426 10850 4576 9883 8596 4044 2715 1329 1091 7960 1392 1323 7062 6541 5913 5301 4664 3282 1382 1287 1640 1106 2670 2133 1062 1558
internal_count=23279 22719 22182 21415 20835 17540 1052 3295 1655 16488 15426 10850 4576 9883 8596 4044 2715 1329 1091 7960 1392 1323 7062 6541 5913 5301 4664 3282 1382 1287 1640 1106 2670 2133 1062 1558
is_linear=0
shrinkage=0.0329122


Tree=99
num_leaves=34
num_cat=0
split_feature=20 48 48 44 18 0 37 0 36 10 19 26 26 29 45 9 39 13 20 0 19 4 27 4 0 11 4 13 15 12 13 0 29
split_gain=2.70658e-05 3.80066e-05 2.34195e-05 4.49379e-05 3.3464e-05 2.50123e-05 2.69121e-05 2.54541e-05 2.1455e-05 2.09315e-05 1.67789e-05 1.57941e-05 1.18615e-05 1.10983e-05 1.35795e-05 1.03732e-05 1.05452e-05 9.3794e-06 9.37269e-06 1.10093e-05 7.86662e-06 7.63641e-06 7.17983e-06 8.84729e-06 8.10365e-06 9.36109e-06 7.13232e-06 6.9148e-06 7.22361e-06 7.17356e-06 6.14464e-06 4.99595e-06 2.73746e-06
threshold=11.150375939849626 20.015555579538354 86.494400238125152 0.0030983752129982727 -0.33832503914277495 193.50000000000003 0.001668057874234852 12.500000000000002 -0.0028797711110650766 -1.3468045112781952 -3.617571209083223 -0.0047870294352357094 -0.0014242936690129406 8.5000000000000018 -0.0015071598611641199 -0.095328971283169736 -0.0012730749906807446 -0.071479714798121929 0.46460669689016149 14.500000000000002 0.59119708660159642 -0.19115151692460722 3.8844351987040344 -0.039100303182760456 8.5000000000000018 -0.30695928753180651 -0.16269167522727232 -0.060422470604487404 0.16313710150889951 -0.31545669703057483 -0.001705461555512268 37.500000000000007 3.5000000000000004
decision_type=10 2 2 10 8 10 10 10 8 10 8 10 10 2 8 10 8 10 10 10 8 10 10 8 8 8 10 8 8 10 8 10 2
left_child=2 -2 3 5 -4 6 8 -8 -1 -5 -10 -7 15 21 -15 16 -12 -16 20 -20 -6 -14 24 26 25 -18 -24 28 29 -26 31 -29 -32
right_child=1 -3 4 9 18 11 7 -9 10 -11 12 -13 13 14 17 -17 22 -19 19 -21 -22 -23 23 -25 27 -27 -28 30 -30 -31 32 -33 -34
leaf_value=6.2374714467036565e-06 -2.9947882435776539e-06 7.8591895892311454e-06 8.8998533242216819e-06 -3.2646171384330508e-06 -3.3229760771071922e-06 -1.2647277051681724e-06 -9.9003875804054056e-06 -9.752734603890817e-07 -5.4414553547261715e-06 -1.1399314392775721e-05 3.2612782469664194e-06 -9.3047982394298145e-06 1.8084107650855449e-06 7.59048414534789e-06 -3.384959890765284e-07 -4.4346974313331158e-06 -4.7687902376234891e-06 5.1335045732255746e-06 -9.2178292683116782e-07 5.3657424666541447e-06 1.6997889287355036e-06 -3.1350628397697842e-06 -2.6828606609169134e-06 -5.5787573573922398e-06 2.9295485200605098e-06 3.73699819651094e-07 2.2427073784940032e-06 2.7310831968926833e-08 5.6390203888783058e-06 -1.585810887552284e-06 -4.2867287702917821e-07 -4.4492622172558408e-06 2.3738082283868012e-06
leaf_weight=658 531 1022 650 901 831 537 542 958 557 553 1002 522 827 634 868 588 673 557 530 700 569 573 764 558 989 891 546 557 524 620 691 524 832
leaf_count=658 531 1022 650 901 831 537 542 958 557 553 1002 522 827 634 868 588 673 557 530 700 569 573 764 558 989 891 546 557 524 620 691 524 832
internal_value=-4.96089e-08 4.14786e-06 -3.4966e-07 -8.05329e-07 2.21286e-06 -3.3012e-07 -4.56162e-09 -4.20037e-06 4.31486e-07 -6.35864e-06 1.54131e-07 -5.22804e-06 3.89944e-07 2.04599e-06 3.58325e-06 -1.97005e-07 7.46701e-08 1.80022e-06 5.60089e-07 2.6563e-06 -1.28142e-06 -2.14719e-07 -3.16168e-07 -2.10821e-06 2.15066e-07 -1.839e-06 -6.29739e-07 8.933e-07 2.28269e-06 1.18949e-06 -2.44692e-07 -2.14244e-06 1.10214e-06
internal_weight=23279 1553 21726 18446 3280 16992 15933 1500 14433 1454 13775 1059 13218 3459 2059 9759 9171 1425 2630 1230 1400 1400 8169 1868 6301 1564 1310 4737 2133 1609 2604 1081 1523
internal_count=23279 1553 21726 18446 3280 16992 15933 1500 14433 1454 13775 1059 13218 3459 2059 9759 9171 1425 2630 1230 1400 1400 8169 1868 6301 1564 1310 4737 2133 1609 2604 1081 1523
is_linear=0
shrinkage=0.0329122


Tree=100
num_leaves=35
num_cat=0
split_feature=20 31 38 16 29 28 19 31 9 41 16 1 22 19 3 39 16 12 37 27 27 27 9 17 45 12 15 22 4 15 13 48 7 31
split_gain=2.34364e-05 2.83832e-05 3.64588e-05 3.02747e-05 2.98949e-05 3.70557e-05 2.32352e-05 2.17877e-05 1.48393e-05 2.7308e-05 2.39088e-05 1.68174e-05 1.55517e-05 1.22577e-05 1.99132e-05 1.56342e-05 1.14498e-05 1.11762e-05 8.94517e-06 1.53753e-05 1.36832e-05 9.57639e-06 1.07349e-05 6.81209e-06 6.71849e-06 7.91606e-06 6.6028e-06 7.75969e-06 6.54683e-06 4.3599e-06 2.03028e-06 3.52349e-06 3.28688e-06 9.70272e-08
threshold=31.708333333333336 30.500000000000004 0.0041053716744803301 0.89003759398496252 8.5000000000000018 -0.98524558338186796 0.019544737541222549 44.500000000000007 -0.17167667916346716 -0.0013559328266281032 0.53191075172207258 57.688698602232243 -0.89452289259734685 1.1132538014785498 -0.003970909807104293 0.0028860088954040246 0.49810603343137966 -0.47683086832061067 0.0012795910548153435 36.531422740732019 3.2651843388657027 24.465950412539559 -0.73921502283877505 -0.1311714609666581 -0.0012430085596860649 -0.75702856589834988 0.062377104215220795 -0.8286826014452473 -0.17751538060081135 0.12231479425234133 -0.022911398568193519 33.125265789228209 0.40459877435246488 147.50000000000003
decision_type=10 2 8 10 2 10 10 2 10 8 10 10 10 10 2 10 8 8 10 8 10 10 10 10 8 8 8 8 10 10 8 2 8 2
left_child=1 2 6 7 -5 -6 17 16 9 10 23 -10 -13 15 -15 18 -3 -1 20 -20 24 -22 -23 -9 -11 -26 -27 29 -24 -28 32 33 -29 -32
right_child=-2 3 -4 4 5 -7 -8 8 11 13 -12 12 -14 14 -16 -17 -18 -19 19 -21 21 22 28 -25 25 26 27 30 -30 -31 31 -33 -34 -35
leaf_value=-6.0416539369190391e-06 6.6377044203456398e-06 7.7422875972279435e-06 3.8270648860238762e-06 -1.2914945302885334e-06 1.3584628376812075e-05 1.7466713641338509e-06 -1.0798487262310628e-05 -2.1294333679440677e-06 7.0779116671816827e-07 3.812377492505612e-06 8.27589711102102e-06 -9.5196634199991898e-06 -2.520592058742182e-06 6.6396612542538494e-06 -1.2814234594669218e-06 -5.3116400199388171e-06 9.2603334063633226e-07 2.3487292888253802e-07 -5.4144054529843235e-06 1.5807693095944722e-06 -5.3282577755107551e-06 3.0371160517735211e-06 2.1580448137586387e-07 3.002661017150262e-06 3.1083875636710259e-06 2.1872689316072861e-06 -5.341496884679066e-06 2.7606991974295029e-06 -4.4542653618993947e-06 -1.3431227397726409e-06 2.3809121778738256e-07 -2.3683080068978726e-06 -5.7998741418836576e-07 8.6420018933626051e-07
leaf_weight=656 555 538 558 666 555 592 648 521 882 611 730 535 963 627 761 836 530 578 985 520 782 518 551 606 867 958 522 620 793 681 539 768 657 536
leaf_count=656 555 538 558 666 555 592 648 521 882 611 730 535 963 627 761 836 530 578 985 520 782 518 551 606 867 958 522 620 793 681 539 768 657 536
internal_value=-4.42981e-08 -2.07751e-07 -3.56117e-06 1.96304e-07 4.25447e-06 7.47491e-06 -5.75185e-06 -2.02743e-07 -4.83308e-07 -9.99579e-08 3.63575e-06 -2.89751e-06 -5.02041e-06 -6.28242e-07 2.2966e-06 -9.73943e-07 4.3599e-06 -3.10157e-06 -6.41476e-07 -2.99732e-06 -2.64387e-07 -2.27177e-06 -9.87992e-07 6.29946e-07 5.20832e-07 1.93675e-07 -2.84801e-07 -8.32677e-07 -2.53951e-06 -3.07827e-06 3.30973e-08 -6.65687e-07 1.04178e-06 5.50485e-07
internal_weight=23245 22690 2440 20250 1813 1147 1882 18437 17369 14989 1857 2380 1498 13132 1388 11744 1068 1234 10908 1505 9403 2644 1862 1127 6759 6148 5281 4323 1344 1203 3120 1843 1277 1075
internal_count=23245 22690 2440 20250 1813 1147 1882 18437 17369 14989 1857 2380 1498 13132 1388 11744 1068 1234 10908 1505 9403 2644 1862 1127 6759 6148 5281 4323 1344 1203 3120 1843 1277 1075
is_linear=0
shrinkage=0.0329122


Tree=101
num_leaves=34
num_cat=0
split_feature=24 18 15 48 37 40 0 42 43 0 26 42 51 17 45 12 36 22 10 26 28 47 25 44 2 17 0 27 41 17 29 45 48
split_gain=2.02231e-05 4.86615e-05 2.57488e-05 2.05582e-05 3.79996e-05 2.67811e-05 2.51685e-05 2.25046e-05 1.80316e-05 1.31616e-05 2.68447e-05 3.20466e-05 1.57457e-05 1.47894e-05 1.17564e-05 1.12865e-05 9.34507e-06 1.26177e-05 9.10956e-06 1.13263e-05 9.39948e-06 8.16897e-06 7.92586e-06 5.44014e-06 4.99601e-06 5.78989e-06 1.43831e-05 5.02655e-06 8.61307e-06 1.15662e-05 4.40867e-06 4.02991e-06 1.87681e-06
threshold=3001.0000000000073 0.40433300804938038 0.18529531643137678 56.590384038665739 0.0031298981191222324 0.0038498591966800171 200.50000000000003 0.0018957363003851981 -0.0012602399458740419 66.500000000000014 -0.0013759804387600933 0.0025493955544000362 88.888888888890719 -0.22063032478800934 0.0015048917474408399 -0.59732184025820978 0.0010666669700741818 -0.79043460178831337 -1.0197368421052628 0.0013620172234561155 -0.98039215686274594 75.996192030465892 -0.99204458592244305 0.0010643962567692402 -0.35442698146391777 -0.1311714609666581 41.500000000000007 3.5325317992723941 -0.0025173074790488799 -0.24829951568804115 15.500000000000002 0.0012586537395243849 9.217874219391872e-12
decision_type=10 8 8 2 10 10 10 10 8 10 8 8 8 8 10 10 10 8 8 10 8 8 10 10 2 10 10 10 10 10 2 8 2
left_child=3 2 -2 4 6 8 7 14 -5 10 11 15 -11 22 16 -10 18 -18 19 20 -1 -12 -14 -23 -22 27 -27 28 32 30 -30 -17 -26
right_child=1 -3 -4 5 -6 -7 -8 -9 9 12 21 -13 13 -15 -16 31 17 -19 -20 -21 24 23 -24 -25 25 26 -28 -29 29 -31 -32 -33 -34
leaf_value=-3.5614528850146302e-06 3.0028731131105889e-06 9.2539128302124272e-06 -6.4622980446321611e-06 5.7634217311156767e-06 -9.7590939000024409e-06 7.7340991024585943e-06 -6.9931063399159554e-06 -6.1975216487997805e-06 1.2981405644038612e-06 -2.8836697199830512e-06 3.7885987691991714e-06 -1.0541396382371583e-05 3.1738950270380928e-06 -5.955808701183859e-07 -4.8909084878033498e-06 -1.8662088300313672e-06 6.8136372254707524e-07 -5.9992098625884334e-06 -2.6670077863368622e-06 4.38835324217458e-06 -1.6604010109201724e-06 1.7808305099206155e-06 8.7236345663328272e-06 -1.806200382950785e-06 2.2233342781481099e-07 5.4994867696438977e-06 -1.3885153500017857e-06 -1.667198119711914e-06 2.7492399442396857e-06 -1.0185123416292308e-06 6.9031217589545201e-06 -5.5400303645589197e-06 -2.2344932764657192e-06
leaf_weight=572 737 827 539 623 541 572 677 692 920 529 975 524 580 591 519 750 645 583 842 909 754 955 537 880 892 906 515 863 581 576 529 569 541
leaf_count=572 737 827 539 623 541 572 677 692 920 529 975 524 580 591 519 750 645 583 842 909 754 955 537 880 892 906 515 863 581 576 529 569 541
internal_value=-4.28382e-08 3.03515e-06 -9.95167e-07 -3.49018e-07 -1.23304e-06 8.42454e-07 -8.3525e-07 -4.5343e-07 3.74976e-07 -5.4829e-08 -9.10859e-07 -3.21446e-06 2.07768e-06 3.61444e-06 -6.47389e-08 -1.49962e-06 1.9325e-07 -2.49009e-06 5.81855e-07 9.40034e-07 4.74177e-07 1.35414e-06 5.84215e-06 6.04949e-08 8.49134e-07 1.19939e-06 3.00297e-06 5.5571e-07 1.17084e-06 2.76536e-06 4.72909e-06 -3.45122e-06 -7.05032e-07
internal_weight=23245 2103 1276 21142 12137 9005 11596 10919 8433 7810 5573 2763 2237 1708 10227 2239 9708 1228 8480 7638 6729 2810 1117 1835 6157 5403 1421 3982 3119 1686 1110 1319 1433
internal_count=23245 2103 1276 21142 12137 9005 11596 10919 8433 7810 5573 2763 2237 1708 10227 2239 9708 1228 8480 7638 6729 2810 1117 1835 6157 5403 1421 3982 3119 1686 1110 1319 1433
is_linear=0
shrinkage=0.0329122


Tree=102
num_leaves=37
num_cat=0
split_feature=38 36 20 40 31 4 38 38 13 12 28 2 0 4 19 31 19 16 9 3 39 3 1 2 26 28 37 16 19 1 9 19 1 4 48 31
split_gain=2.19489e-05 3.0577e-05 2.4559e-05 3.60843e-05 2.5447e-05 2.45971e-05 1.85056e-05 1.39859e-05 1.3701e-05 1.16529e-05 1.16776e-05 1.14693e-05 1.00285e-05 1.007e-05 1.40246e-05 1.76591e-05 1.21467e-05 1.15271e-05 1.44908e-05 1.12647e-05 1.63238e-05 1.08507e-05 2.12358e-05 1.14843e-05 7.9689e-06 6.76347e-06 8.9112e-06 8.55392e-06 1.16534e-05 7.24493e-06 8.83758e-06 5.50651e-06 5.18771e-06 1.55335e-06 1.38624e-06 7.57708e-09
threshold=0.0038797320689395458 0.0034188134087614901 5.2967967967967979 -0.0031331601232976176 22.500000000000004 -0.014082461397730291 0.0030674918784389109 0.0020171462517495358 -0.022911398568193519 -0.076263177026535803 -0.98524558338186796 0.65186846551813737 225.50000000000003 -0.82263538222989363 0.12770457682921335 210.50000000000003 0.29926425608830703 0.5209561064824223 -0.43391292442497259 0.058333314446402267 -0.0013633271501908848 0.27466837224681795 47.803365053036153 -0.36200194324336615 0.001422035574401887 0.98039215686274617 -0.0010531861793577899 0.50881447445774941 -0.091383880563641981 46.940876380114311 -0.7735445895823253 -0.14012146996559235 79.059202970297051 -0.57913753254732148 37.387985988777928 141.50000000000003
decision_type=10 10 10 10 2 8 10 10 8 10 10 2 10 8 10 2 10 10 8 2 8 2 10 2 8 10 8 10 10 8 10 10 10 10 2 2
left_child=1 2 4 -4 5 -1 7 9 24 11 -11 12 13 -6 19 16 -16 18 -18 20 -15 22 -21 -23 31 26 -22 29 -29 33 34 -5 -25 -28 35 -31
right_child=-2 -3 3 8 6 -7 -8 -9 -10 10 -12 -13 -14 14 15 -17 17 -19 -20 21 25 23 -24 32 -26 -27 27 28 -30 30 -32 -33 -34 -35 -36 -37
leaf_value=-1.0311888876665259e-05 6.6377113279862319e-06 -7.6477576406687252e-06 9.2964563550807528e-06 -1.5491411421748393e-06 -3.2346636711705947e-06 -9.6087991361895266e-07 -5.2373593848691279e-06 5.3152716061104229e-06 -3.462674775505386e-06 6.7881161287317911e-06 -9.8138741807538764e-10 -3.9047350906545211e-06 -3.9918201478831462e-06 4.9611452603752899e-06 4.2302190896420263e-06 6.1584013304776484e-06 9.2077540435618939e-07 2.6117513710517694e-06 -6.6241955806661115e-06 7.3577673371698226e-07 3.6205814422873029e-06 -4.0904184827074679e-06 -7.7700236424446645e-06 -3.9647293403035004e-07 5.5129685133824176e-06 3.4502023144606908e-06 -3.5683764554547341e-06 -6.9554624612333371e-06 -7.0884643118924598e-07 4.6263913805240526e-07 4.1162766135310808e-06 3.0676440337602015e-06 4.0974835386222299e-06 -1.0388001055181277e-06 -1.5722666263507638e-06 2.8857170018618316e-07
leaf_weight=535 521 581 703 574 910 708 733 540 608 520 581 900 676 770 767 884 558 692 545 545 517 556 763 597 559 519 538 529 833 581 681 546 521 515 611 528
leaf_count=535 521 581 703 574 910 708 733 540 608 520 581 900 676 770 767 884 558 692 545 545 517 556 763 597 559 519 538 529 833 581 681 546 521 515 611 528
internal_value=-4.14293e-08 -1.94574e-07 9.76288e-10 2.77511e-06 -4.32085e-07 -4.98583e-06 -1.16031e-07 1.025e-07 7.70416e-07 -6.66811e-08 3.20529e-06 -2.98573e-07 -7.6806e-08 1.12758e-07 3.46198e-07 2.14742e-06 7.63366e-07 -7.17886e-07 -2.80704e-06 -3.00072e-07 4.56296e-07 -1.97978e-06 -4.22577e-06 -2.24718e-07 2.30344e-06 -1.36409e-07 -4.85496e-07 -9.26333e-07 -3.1352e-06 -5.52551e-08 9.42906e-07 7.01337e-07 1.69755e-06 -2.33143e-06 -3.13394e-07 3.79971e-07
internal_weight=23245 22724 22143 2990 19153 1243 17910 17177 2287 16637 1101 15536 14636 13960 13050 3446 2562 1795 1103 9604 6622 2982 1308 1674 1679 5852 5333 4816 1362 3454 2401 1120 1118 1053 1720 1109
internal_count=23245 22724 22143 2990 19153 1243 17910 17177 2287 16637 1101 15536 14636 13960 13050 3446 2562 1795 1103 9604 6622 2982 1308 1674 1679 5852 5333 4816 1362 3454 2401 1120 1118 1053 1720 1109
is_linear=0
shrinkage=0.0329122


Tree=103
num_leaves=37
num_cat=0
split_feature=20 31 38 31 43 18 26 19 0 38 26 44 23 2 43 27 0 4 6 47 0 19 2 20 17 44 26 1 9 2 26 40 20 28 48 48
split_gain=2.09745e-05 2.54552e-05 3.31125e-05 2.7592e-05 2.71715e-05 5.27807e-05 4.48906e-05 2.15858e-05 1.68667e-05 2.38329e-05 1.50629e-05 1.13487e-05 1.06582e-05 1.46192e-05 1.1238e-05 1.11484e-05 1.02531e-05 1.18655e-05 1.01948e-05 1.00637e-05 9.68605e-06 9.49944e-06 9.01318e-06 7.95773e-06 8.03542e-06 7.91495e-06 7.59332e-06 8.45089e-06 7.28146e-06 6.3223e-06 3.47847e-06 3.23111e-06 8.94861e-06 4.62241e-06 1.91906e-06 1.70272e-07
threshold=31.708333333333336 30.500000000000004 0.0041053716744803301 44.500000000000007 -0.0016038502695805976 inf -0.0016696049204807453 0.019544737541222549 256.50000000000006 0.0027118656532562073 0.00083887480548468913 -0.00317965827519967 -1.0000000180025095e-35 -0.68970428620078594 0.0032706481392338342 4.5504476184392262 10.500000000000002 -0.35535208000279195 19.750000000000004 118.74770377368058 9.5000000000000018 0.21869207279317496 0.06353091787274702 3.8719918074756787 -0.21753560976622552 -0.0024585135286243061 -0.0093278508913674091 78.367588372640057 -0.77799394725464754 -1.0000000180025095e-35 -0.00013670073200262821 0.0014214648260700848 1.1080313267813271 0.99916738824133911 43.698197841370337 9.217874219391872e-12
decision_type=10 2 8 2 8 8 10 10 10 10 8 10 8 2 10 10 10 8 8 8 10 10 2 10 8 10 10 10 10 2 10 8 10 8 2 2
left_child=1 2 7 10 5 18 -7 11 9 12 -3 -1 21 -14 15 16 17 -15 25 26 -17 22 28 24 -22 -5 -18 30 -6 -29 34 32 -19 -33 -28 -35
right_child=-2 3 -4 4 8 6 -8 -9 -10 -11 -12 -13 13 14 -16 20 19 31 -20 -21 23 -23 -24 -25 -26 -27 27 29 -30 -31 -32 33 -34 35 -36 -37
leaf_value=-5.9691797292889187e-06 6.28125145004085e-06 8.4961535720141037e-06 3.6705730343836753e-06 3.5510719630128133e-06 -2.5968177235411353e-06 1.9682465393752712e-06 1.5220724637787051e-05 -1.0322390436131695e-05 4.4397674592194214e-06 -5.7861618616259017e-06 1.0997818507317997e-06 3.4567336088093545e-07 4.6856708938964616e-06 -5.0145200509440637e-06 -5.0271993141858159e-06 1.0646972589134917e-06 4.4915544686407592e-06 -1.510194126079262e-06 -4.4730614623534725e-06 5.8126587954227219e-06 -1.8553014247712207e-06 9.9079353093298068e-07 -7.5236276695947088e-07 -8.7988201165893515e-08 -6.7518709208608786e-06 -1.4970490749515199e-06 2.3408517265109234e-06 -4.5603961712305033e-06 -7.769709686376663e-06 2.8577454775293143e-07 3.9288589060303166e-06 -3.3462395001187616e-06 4.3526950785432403e-06 -7.29735597116564e-08 -2.4602437801061838e-07 6.9719950514284626e-07
leaf_weight=635 555 637 558 646 546 565 543 648 675 1001 561 599 649 600 540 869 565 559 528 539 692 648 735 669 764 702 521 518 641 667 548 540 569 641 769 603
leaf_count=635 555 637 558 646 546 565 543 648 675 1001 561 599 649 600 540 869 565 559 528 539 692 648 735 669 764 702 521 518 641 667 548 540 569 641 769 603
internal_value=-4.00658e-08 -1.94696e-07 -3.37044e-06 1.8795e-07 -1.16683e-07 2.76749e-06 8.46312e-06 -5.45817e-06 -6.52319e-07 -8.75628e-07 5.03277e-06 -2.90368e-06 -5.34072e-07 -1.16453e-07 -3.95412e-07 -1.60163e-07 5.06993e-07 -8.00054e-07 -5.96329e-07 1.61932e-06 -1.86245e-06 -2.45503e-06 -3.6169e-06 -3.05959e-06 -4.42481e-06 9.21985e-07 9.89323e-07 3.34678e-07 -5.39046e-06 -1.83244e-06 1.73199e-06 6.82326e-08 1.44704e-06 -8.03438e-07 7.98575e-07 3.00166e-07
internal_weight=23245 22690 2440 20250 19052 2984 1108 1882 16068 15393 1198 1234 14392 11822 11173 10633 7639 3512 1876 4127 2994 2570 1922 2125 1456 1348 3588 3023 1187 1185 1838 2912 1128 1784 1290 1244
internal_count=23245 22690 2440 20250 19052 2984 1108 1882 16068 15393 1198 1234 14392 11822 11173 10633 7639 3512 1876 4127 2994 2570 1922 2125 1456 1348 3588 3023 1187 1185 1838 2912 1128 1784 1290 1244
is_linear=0
shrinkage=0.0329122


Tree=104
num_leaves=37
num_cat=0
split_feature=38 36 24 1 0 44 10 38 42 37 36 0 41 36 22 2 12 44 31 13 44 0 0 2 1 26 9 27 3 47 22 0 36 48 10 31
split_gain=2.0637e-05 2.8006e-05 1.7908e-05 8.46661e-05 1.94231e-05 1.54106e-05 5.334e-05 1.67978e-05 1.51525e-05 1.41795e-05 2.20065e-05 1.24535e-05 2.11511e-05 1.39175e-05 1.21065e-05 1.16823e-05 1.77671e-05 1.06977e-05 7.91408e-06 6.53043e-06 6.25191e-06 1.23569e-05 1.07545e-05 8.76632e-06 7.47471e-06 6.66892e-06 5.25034e-06 5.11694e-06 9.47175e-06 8.05142e-06 5.81977e-06 9.16077e-06 3.38542e-06 3.1958e-06 1.07141e-06 2.70087e-07
threshold=0.0038797320689395458 0.0034188134087614901 3001.0000000000073 160.78206955287155 20.500000000000004 -0.0028030847682691813 -1.459586466165413 0.0030674918784389109 -0.002672011880368141 -0.0020304589455630846 -0.0012795910548152876 7.5000000000000009 0.0031463039590304835 0.001493652812172175 -0.82818463740458004 0.28371107414053948 -0.57823778366308343 -1.0000000180025095e-35 141.50000000000003 -0.24679153596593159 0.0012262420305545476 200.50000000000003 67.500000000000014 -0.35442698146391777 33.259454206864923 -0.0052041320089797642 -0.5447312644332668 -5.6668649750043469 -0.15533724096054921 35.714285714276436 -0.75181626743879948 25.500000000000004 -0.0010509724394490159 75.739173134298809 -1.3806390977443606 120.50000000000001
decision_type=10 10 10 10 10 8 10 10 8 8 8 8 10 10 8 2 8 10 2 10 10 10 10 2 8 10 10 8 2 10 10 8 10 2 8 2
left_child=1 2 5 -4 -5 6 -1 8 -7 -10 14 15 13 20 -11 16 -12 -18 -15 -19 21 23 25 26 -25 -22 -13 28 -26 30 31 -29 34 -27 35 -33
right_child=-2 -3 3 4 -6 7 -8 -9 9 10 11 12 -14 18 -16 -17 17 19 -20 -21 22 -23 -24 24 27 33 -28 29 -30 -31 -32 32 -34 -35 -36 -37
leaf_value=2.7003651262480031e-06 6.4377119653996618e-06 -7.3202015345701028e-06 1.2995701117191702e-05 2.1815371491020922e-06 -5.4079056745194891e-06 5.1485888280902233e-06 -1.0934722241527463e-05 -4.7588251663210129e-06 -5.2338224922097665e-06 5.4137813083534727e-07 -7.5245637261501195e-06 -5.4361761646034242e-07 5.7092907005225171e-06 -6.9118659314306981e-07 6.939988194219012e-06 2.5032173584767229e-06 2.013912816847732e-06 -5.7533510451104726e-06 -6.1104121716505189e-06 -1.1416128034888544e-06 -2.6390894854958338e-06 -5.0458240238809266e-06 5.0367860579031831e-06 3.3624750828427682e-06 -1.5278873693277715e-06 3.5984701840132592e-06 -4.825880909206986e-06 4.5188476240526005e-06 4.0911171089438873e-06 -4.0977757352682169e-06 -2.9264952963906793e-06 -5.2914109736353325e-07 -2.3593531493266989e-06 1.0672278273619444e-08 1.808421572686465e-06 5.1317911256467192e-07
leaf_weight=647 521 581 629 765 699 631 598 792 552 557 675 771 726 566 754 517 678 565 603 809 558 520 752 974 526 535 519 576 850 546 534 517 558 541 541 562
leaf_count=647 521 581 629 765 699 631 598 792 552 557 675 771 726 566 754 517 678 565 603 809 558 520 752 974 526 535 519 576 850 546 534 517 558 541 541 562
internal_value=-3.87465e-08 -1.87244e-07 -7.55372e-11 2.89682e-06 -1.44195e-06 -3.02491e-07 -3.84867e-06 -6.77011e-08 1.38547e-07 -4.33143e-08 1.26913e-07 -2.1898e-07 2.60295e-07 -8.22235e-08 4.22161e-06 -2.03258e-06 -2.89259e-06 -1.3688e-06 -3.48676e-06 -3.03816e-06 3.01174e-07 -1.40082e-07 1.77965e-06 2.01202e-07 7.16042e-07 2.80504e-07 -2.26666e-06 2.21252e-07 1.94299e-06 -3.96609e-07 2.17931e-07 8.27717e-07 -1.48344e-07 1.79478e-06 6.13084e-07 1.35422e-08
internal_weight=23245 22724 22143 2093 1464 20050 1245 18805 18013 17382 16830 15519 12275 11549 1311 3244 2727 2052 1169 1374 10380 7994 2386 7474 6184 1634 1290 5210 1376 3834 3288 2754 2178 1076 1620 1079
internal_count=23245 22724 22143 2093 1464 20050 1245 18805 18013 17382 16830 15519 12275 11549 1311 3244 2727 2052 1169 1374 10380 7994 2386 7474 6184 1634 1290 5210 1376 3834 3288 2754 2178 1076 1620 1079
is_linear=0
shrinkage=0.0329122


Tree=105
num_leaves=34
num_cat=0
split_feature=20 37 16 36 37 48 8 31 39 7 11 3 0 1 20 24 7 43 55 31 26 43 1 39 18 11 30 3 15 45 4 1 31
split_gain=2.80134e-05 3.50909e-05 2.48415e-05 2.37368e-05 2.58295e-05 1.8658e-05 1.67046e-05 1.86084e-05 2.29759e-05 1.56637e-05 1.38233e-05 1.68357e-05 1.86156e-05 1.79147e-05 2.32768e-05 1.67548e-05 1.7417e-05 1.22557e-05 1.29401e-05 1.46806e-05 1.20299e-05 1.56308e-05 1.02795e-05 1.32174e-05 9.76612e-06 8.71296e-06 8.39935e-06 7.40211e-06 6.9616e-06 6.46736e-06 7.15554e-06 3.16722e-06 1.58225e-06
threshold=0.52896057347670256 -0.0036199124669130107 0.10916714864083286 0.0034662149173395611 -0.0014609211593460956 23.649828101032231 -0.074999999999999276 208.50000000000003 0.0031007751937984778 0.94230277014850128 -0.20245424432027301 0.077832155278753437 27.500000000000004 276.28192558838413 1.071611721611722 -0.99999999999996436 0.84969450869839425 -0.0013263182706498842 8342.5000000000018 141.50000000000003 -0.0026815768924158562 0.001493652812172175 372.52852837505873 -0.0016116045919692399 0.013753104082541068 -0.11639576204264278 15.500000000000002 0.25239055877360689 0.11800808214243906 -0.0017841227400051116 -0.25483644780673481 24.951448207278919 140.50000000000003
decision_type=8 8 10 8 8 2 10 2 8 10 10 2 10 10 10 10 8 10 2 2 8 8 10 8 8 10 2 2 10 8 10 10 2
left_child=2 -2 -1 4 -4 9 -6 8 20 22 11 13 24 15 -15 16 -7 -17 -19 -20 26 -22 23 -3 -13 -12 -8 -14 -9 -25 32 -18 -31
right_child=1 5 3 -5 6 10 7 28 -10 -11 25 12 27 14 -16 17 31 18 19 -21 21 -23 -24 29 -26 -27 -28 -29 -30 30 -32 -33 -34
leaf_value=5.2701121202449861e-06 7.9759377955142118e-06 5.1242791800566357e-06 -8.4035447025317883e-06 -8.7140047309990753e-06 4.1541873419427448e-06 -5.3382914698578814e-06 -1.263570535654971e-06 -1.0642222329035279e-08 -9.0389813359040026e-06 -4.9879734668092481e-06 6.956626815270433e-06 -6.8174681192613931e-06 -1.4635121879587779e-06 -4.3819186177149456e-07 8.2118422501664458e-06 6.6055700341213547e-06 -5.4984378533598401e-07 -2.1238370301917621e-06 6.852993792083679e-06 -1.0132825025938509e-07 -2.3436575748350391e-06 4.8569785185952342e-06 -3.9234010509923946e-06 2.8335176926118761e-06 -1.3750346464427582e-06 2.0949466183530408e-06 -5.8467549276035052e-06 3.4672414224449042e-06 4.7208877242198278e-06 -1.0399526819862724e-06 -4.3979721884669663e-06 2.9370096767307971e-06 1.1409251070573808e-06
leaf_weight=545 738 575 532 531 648 767 911 956 533 906 700 650 545 531 922 616 602 753 641 675 770 567 653 530 793 930 826 835 520 777 564 531 672
leaf_count=545 738 575 532 531 648 767 911 956 533 906 700 650 545 531 922 616 602 753 641 675 770 567 653 530 793 930 826 835 520 777 564 531 672
internal_value=1.91568e-07 9.67667e-07 -1.49046e-06 -2.03281e-06 -1.46632e-06 6.26664e-07 -8.22308e-07 -1.45678e-06 -2.73066e-06 -1.10213e-06 1.3974e-06 8.84971e-07 -1.21305e-06 1.86592e-06 5.05052e-06 8.56657e-07 -1.50838e-06 2.53033e-06 1.3169e-06 3.28582e-06 -1.63678e-06 7.09844e-07 -1.68477e-07 6.17841e-07 -3.82674e-06 4.18293e-06 -3.44316e-06 1.51979e-06 1.65614e-06 -4.01024e-07 -1.25276e-06 1.08413e-06 -2.83732e-08
internal_weight=23245 15906 7339 6794 6263 15168 5731 5083 3607 4677 10491 8861 2823 6038 1453 4585 1900 2685 2069 1316 3074 1337 3771 3118 1443 1630 1737 1380 1476 2543 2013 1133 1449
internal_count=23245 15906 7339 6794 6263 15168 5731 5083 3607 4677 10491 8861 2823 6038 1453 4585 1900 2685 2069 1316 3074 1337 3771 3118 1443 1630 1737 1380 1476 2543 2013 1133 1449
is_linear=0
shrinkage=0.0329122


Tree=106
num_leaves=35
num_cat=0
split_feature=42 41 38 38 39 36 22 19 37 2 19 27 43 47 38 44 22 38 3 23 19 24 25 31 16 19 3 0 5 0 1 16 29 10
split_gain=2.16671e-05 3.59173e-05 1.85296e-05 2.63324e-05 1.38054e-05 1.58406e-05 2.05607e-05 1.07324e-05 1.27189e-05 1.01143e-05 1.08706e-05 9.79498e-06 7.30194e-06 1.04939e-05 9.30353e-06 8.08401e-06 6.86014e-06 8.91664e-06 8.69858e-06 8.29929e-06 1.0532e-05 1.0321e-05 1.16795e-05 1.00526e-05 1.04868e-05 6.67196e-06 6.65639e-06 1.07377e-05 6.41024e-06 6.8326e-06 5.48396e-06 4.98031e-06 1.1558e-06 1.32836e-06
threshold=-0.0044643079575292779 -0.0036210031293160134 0.0038498591966800171 0.0033927081235072269 -0.003364173952409288 -0.0012845220455993121 -0.83967855187296669 2.283448802761598 0.0030911974926423062 0.60230938163602832 0.0063898893189993098 0.8799864531049556 -0.0018885758105360859 -66.666666666722207 0.0020387381021654831 0.0037998748616258076 -0.82437590262017735 -0.0012650226439852583 0.029758949628361082 -0.099999999999999631 0.28551170109865259 -500.00000000004263 -0.99245286041083303 66.500000000000014 0.52725563909774442 0.21869207279317496 0.35089802969776668 26.500000000000004 -0.34715621209045239 37.500000000000007 80.253186709080808 0.49047615592256122 4.5000000000000009 -1.3749999999999993
decision_type=8 8 10 10 8 8 8 10 10 2 10 10 8 8 10 10 8 8 2 8 10 10 10 2 10 10 2 10 2 10 10 10 2 8
left_child=-1 -2 3 4 -3 6 -6 8 9 12 -11 -8 13 -7 15 16 18 -18 25 -19 21 22 32 -23 30 28 27 -20 -14 -30 31 -25 -21 -34
right_child=1 2 -4 -5 5 7 11 -9 -10 10 -12 -13 14 -15 -16 -17 17 19 26 20 -22 23 -24 24 -26 -27 -28 -29 29 -31 -32 -33 33 -35
leaf_value=-6.3427216900620545e-06 6.8019071383830185e-06 -5.0335850717519282e-06 5.9520092602358564e-06 -7.2228059529822915e-06 -7.8698853390165435e-07 -7.2950690457029438e-07 8.0018126897387321e-06 3.6335256517492688e-06 -4.6988769270269558e-06 -6.413775245287573e-06 1.5336404353563899e-07 2.2330183645347058e-06 -3.6123067200878961e-06 5.6564018183953579e-06 3.7743282538657015e-06 -4.2331319127424039e-06 4.5790512443325711e-06 4.2459828924455926e-06 -7.0301438116013549e-06 -7.3353120601768505e-07 -4.1313691084318107e-06 5.6167256079172293e-06 -4.6002558223107983e-06 -9.3642487832381474e-07 -2.4525743606391336e-06 3.0998115905730536e-06 -3.7178366769304281e-07 -1.263110411011343e-06 2.2063090027947924e-06 -2.0409826354842176e-06 4.7000236793710673e-06 3.1301566672184152e-06 -3.0472879008762213e-07 1.9415514856341853e-06
leaf_weight=538 895 551 566 545 973 519 746 804 671 547 545 557 585 602 654 529 551 518 648 844 629 559 763 725 779 667 968 760 959 717 595 593 544 599
leaf_count=538 895 551 566 545 973 519 746 804 671 547 545 557 585 602 654 529 551 518 648 844 629 559 763 725 779 667 968 760 959 717 595 593 544 599
internal_value=1.85261e-07 3.3994e-07 7.47789e-08 -8.17815e-08 1.06211e-07 2.46769e-07 2.83278e-06 -8.25093e-08 -2.57549e-07 -7.58082e-08 -3.13601e-06 5.53597e-06 1.42491e-07 2.69965e-06 -5.95634e-08 -2.44872e-07 -8.26002e-08 5.4484e-07 -9.93401e-07 2.33833e-07 -7.96011e-08 3.4505e-07 -1.13895e-06 1.60043e-06 7.66347e-07 2.07176e-07 -2.473e-06 -3.91742e-06 -6.46056e-07 3.89163e-07 2.07726e-06 8.93055e-07 1.90065e-07 8.72256e-07
internal_weight=23245 22707 21812 21246 20701 20150 2276 17874 17070 16399 1092 1303 15307 1121 14186 13532 13003 7699 5304 7148 6630 6001 2750 3251 2692 2928 2376 1408 2261 1676 1913 1318 1987 1143
internal_count=23245 22707 21812 21246 20701 20150 2276 17874 17070 16399 1092 1303 15307 1121 14186 13532 13003 7699 5304 7148 6630 6001 2750 3251 2692 2928 2376 1408 2261 1676 1913 1318 1987 1143
is_linear=0
shrinkage=0.0329122


Tree=107
num_leaves=38
num_cat=0
split_feature=20 37 9 39 38 45 13 40 17 40 22 43 42 21 18 3 26 13 39 40 26 47 7 18 39 18 18 55 2 16 3 19 19 13 20 30 29
split_gain=2.60185e-05 3.23327e-05 2.37577e-05 2.47142e-05 1.97671e-05 1.7226e-05 1.68622e-05 1.68455e-05 1.58638e-05 1.32988e-05 1.14966e-05 1.14128e-05 1.30232e-05 1.13503e-05 9.8424e-06 8.39439e-06 8.36013e-06 8.14923e-06 9.25563e-06 2.17003e-05 1.40315e-05 8.33905e-06 1.82944e-05 9.1644e-06 6.90662e-06 1.02472e-05 8.12017e-06 1.60611e-05 8.39605e-06 7.74239e-06 7.3936e-06 5.53754e-06 8.48658e-06 3.37168e-06 2.02468e-06 1.04258e-06 4.16615e-07
threshold=0.52896057347670256 -0.0036199124669130107 -0.6962794034746066 0.0030280108192362047 -0.0012570715211275838 0.0038498591966800171 -0.30140378970559584 0.0010055306714660264 -0.054556990725841838 0.0031201323987538614 -0.9464967284623772 -0.0038400003932160249 -0.002672011880368141 -0.63145737766614551 -0.14855799561686653 1.0000000180025095e-35 -0.0048169146658993273 -0.47940824825763129 -0.0020986381974173458 -0.00135777387764735 0.00016323589830240749 55.555555555588128 0.84969450869839425 -0.38083461941788965 -0.0010443867077659095 -0.39307861872462485 0.040533351226673585 6744.0000000000009 -0.16131926250810205 0.52828988409889366 -0.084134090517188315 0.012389825995320793 -0.10211801280851061 -0.0081005460883816823 1.6845710165825525 15.500000000000002 6.5000000000000009
decision_type=8 8 8 10 8 10 10 8 8 8 10 8 8 2 8 2 10 8 8 8 8 10 8 10 8 10 8 2 2 10 2 10 10 8 10 2 2
left_child=2 -2 9 4 -4 11 7 -6 10 13 -8 -3 -13 -1 -12 -16 -15 34 -19 20 -20 24 23 -23 25 -21 27 -26 -28 31 -29 32 33 -30 -14 36 -35
right_child=1 5 3 -5 6 -7 8 -9 -10 -11 14 12 17 16 15 -17 -18 18 19 21 -22 22 -24 -25 26 -27 28 30 29 -31 -32 -33 -34 35 -36 -37 -38
leaf_value=-4.0965536875203198e-06 7.6543206417595746e-06 -3.8577436045399993e-06 -7.9016939855975392e-06 -9.525343132258026e-06 -5.3944410197895522e-07 6.4173700590951706e-06 -5.3317071601472972e-06 -8.7991211620890745e-06 5.1815334168050459e-06 5.8826941118331915e-06 4.0362691179568418e-06 4.2722845691641948e-06 -1.0372713082054232e-06 -6.6653758684857208e-07 -4.2677556042095148e-06 9.3872699218197972e-07 4.8851088060709831e-06 -3.3673173737501613e-06 1.1193531022382358e-06 5.5762642043970666e-06 8.0327180676594429e-06 -3.3703343451794144e-06 6.5189241166420452e-06 2.1246836828446071e-06 -6.8628811938833137e-06 -6.6663877865701027e-07 3.2764734635489352e-06 1.7243128647839415e-06 2.4705612685772367e-06 -3.8752279220837326e-06 -3.1066102579022856e-06 3.1595693035753377e-06 -3.9693501802073941e-06 -3.1362033697990963e-07 -3.953610365534703e-06 7.0722522557203322e-07 -1.6168263872714072e-06
leaf_weight=522 738 655 529 515 534 532 522 536 551 538 521 967 517 684 584 788 515 618 596 517 682 547 685 824 605 634 763 767 643 619 621 547 592 537 515 658 527
leaf_count=522 738 655 529 515 534 532 522 536 551 538 521 967 517 684 584 788 515 618 596 517 682 547 685 824 605 634 763 767 643 619 621 547 592 537 515 658 527
internal_value=1.79163e-07 9.27118e-07 -1.44187e-06 -2.69061e-06 -1.9195e-06 5.9979e-07 -1.13535e-06 -4.67722e-06 1.42319e-07 1.36617e-06 -1.00732e-06 3.88313e-07 5.87254e-07 -4.56024e-08 1.85021e-07 -1.27728e-06 1.71784e-06 3.13422e-07 5.55142e-07 7.68474e-07 4.80882e-06 2.56498e-07 2.12677e-06 -6.75455e-08 -2.22337e-07 2.13732e-06 -6.17189e-07 -2.38771e-06 1.04958e-07 -4.81905e-07 -4.36908e-07 1.17478e-07 -4.45185e-07 4.36877e-07 -2.49284e-06 -3.22374e-07 -9.59314e-07
internal_weight=23245 15906 7339 5080 4565 15168 4036 1070 2966 2259 2415 14636 13981 1721 1893 1372 1199 13014 11982 11364 1278 10086 2056 1371 8030 1151 6879 1993 4886 4123 1388 3504 2957 2365 1032 1722 1064
internal_count=23245 15906 7339 5080 4565 15168 4036 1070 2966 2259 2415 14636 13981 1721 1893 1372 1199 13014 11982 11364 1278 10086 2056 1371 8030 1151 6879 1993 4886 4123 1388 3504 2957 2365 1032 1722 1064
is_linear=0
shrinkage=0.0329122


Tree=108
num_leaves=36
num_cat=0
split_feature=20 37 16 31 40 38 19 4 1 19 43 9 38 26 45 26 41 0 10 42 41 16 16 13 42 29 42 22 13 40 15 9 13 20 29
split_gain=2.43341e-05 3.02708e-05 2.29738e-05 2.14151e-05 2.45525e-05 2.23073e-05 1.63517e-05 1.74975e-05 1.75801e-05 1.51953e-05 1.26512e-05 1.12754e-05 1.28349e-05 1.2655e-05 1.01062e-05 8.83246e-06 1.22617e-05 8.65829e-06 9.28196e-06 7.35004e-06 1.75175e-05 7.33189e-06 6.94783e-06 8.7022e-06 9.2268e-06 8.97974e-06 1.01802e-05 7.60604e-06 7.54184e-06 6.85944e-06 6.18875e-06 5.76049e-06 5.06925e-06 4.90241e-06 1.80803e-06
threshold=0.52896057347670256 -0.0034904120269974022 0.10916714864083286 208.50000000000003 -0.0014419618166016111 0.002562461013165263 0.21869207279317496 -0.44538632573652026 252.09428931370266 0.51791545718725385 -0.0038400003932160249 -0.057197382769901849 -0.0013559328266281032 0.0004870176690423285 -0.0018885758105360859 -0.0014242936690129406 0.0016736413393612095 10.500000000000002 -1.3073308270676687 0.0030303030303030502 0.0020050130350973698 0.47924498746867178 0.43139097744360905 -0.38243431826272684 -0.002672011880368141 18.500000000000004 -0.0012570715211275838 -0.95039745126490438 -0.010924952430178771 0.0016849211621555729 0.14010970729605665 -0.37379332877892296 -0.21026775794783611 1.5177521008403363 5.5000000000000009
decision_type=8 8 10 2 8 8 10 10 10 10 8 10 8 10 10 8 8 10 10 10 10 10 8 10 10 2 10 10 8 8 8 8 10 10 2
left_child=2 -2 -1 4 -4 15 10 -8 -9 21 -3 12 13 14 -12 17 -17 -6 32 20 22 -5 28 29 -25 26 -26 -28 -14 31 33 -24 -19 -29 -31
right_child=1 6 3 9 5 -7 7 8 -10 -11 11 -13 19 -15 -16 16 -18 18 -20 -21 -22 -23 23 24 25 -27 27 30 -30 34 -32 -33 -34 -35 -36
leaf_value=5.1070521938905292e-06 7.2450502618773823e-06 -4.6172792686838906e-06 -9.7600640086261867e-06 -3.9865222181921179e-06 -6.0365668704922221e-06 -7.2580082246016932e-06 8.5002276938428909e-06 4.7738779302114909e-06 -2.1144127750530187e-06 5.1964166998827214e-06 -2.0615962531357787e-06 -4.364493806361872e-06 -3.9499024786071049e-06 7.3699464920076081e-06 4.4084850375438155e-06 3.2972682954354504e-06 -3.1115613156558279e-06 2.7737000701761412e-06 -4.6373081294236179e-06 -3.5036919264259921e-06 5.9598194585697018e-06 1.1501773142455001e-06 -8.0443374435983112e-07 5.3687616521143397e-06 -2.3493278547731256e-06 -2.0134361579218813e-06 5.7680480172236799e-06 8.2408309534946733e-07 5.9856761128825548e-07 -8.4780992240883406e-07 -9.4372749426815121e-07 -5.4283321027974603e-06 -1.6970518634540211e-06 4.8844557998749967e-06 1.2914499700443706e-06
leaf_weight=545 774 580 528 528 546 790 519 858 754 640 520 525 904 547 526 869 515 543 579 567 568 700 634 535 573 960 594 635 701 780 709 541 556 654 948
leaf_count=545 774 580 528 528 546 790 519 858 754 640 520 525 904 547 526 869 515 543 579 567 568 700 634 535 573 960 594 635 701 780 709 541 556 654 948
internal_value=1.73265e-07 8.96605e-07 -1.39442e-06 -1.91598e-06 -3.05387e-06 -2.24871e-06 5.71867e-07 3.24418e-06 1.55179e-06 1.08455e-06 1.3383e-07 3.55702e-07 5.64035e-07 3.31337e-06 1.19178e-06 -1.15182e-06 9.12315e-07 -2.43644e-06 -1.26486e-06 1.38925e-07 3.51085e-07 -1.05825e-06 3.57322e-09 4.2098e-07 1.30216e-06 7.74679e-07 1.62044e-06 2.4981e-06 -1.96317e-06 -9.93443e-07 1.52584e-06 -2.93359e-06 5.11674e-07 2.88437e-06 3.25679e-07
internal_weight=23245 15906 7339 6794 4926 4398 15132 2131 1612 1868 13001 12421 11896 1593 1046 3608 1384 2224 1678 10303 9736 1228 9168 7563 4660 4125 3165 2592 1605 2903 1998 1175 1099 1289 1728
internal_count=23245 15906 7339 6794 4926 4398 15132 2131 1612 1868 13001 12421 11896 1593 1046 3608 1384 2224 1678 10303 9736 1228 9168 7563 4660 4125 3165 2592 1605 2903 1998 1175 1099 1289 1728
is_linear=0
shrinkage=0.0329122


Tree=109
num_leaves=35
num_cat=0
split_feature=21 20 37 9 41 41 31 31 31 13 26 0 38 15 41 46 9 15 19 47 19 19 39 22 43 1 10 11 26 37 7 47 38 10
split_gain=2.3022e-05 2.23843e-05 4.00582e-05 1.77654e-05 3.48853e-05 1.71912e-05 1.96658e-05 1.23149e-05 1.67331e-05 1.58767e-05 2.63514e-05 1.20924e-05 2.01752e-05 1.23138e-05 1.19562e-05 1.15424e-05 1.36316e-05 1.18592e-05 1.0223e-05 1.30837e-05 1.03051e-05 1.08165e-05 9.77562e-06 9.53314e-06 9.06096e-06 8.67453e-06 6.93053e-06 9.33619e-06 6.91929e-06 9.78753e-06 6.81257e-06 2.55885e-06 1.67172e-06 2.00919e-06
threshold=0.60395343672974322 0.52896057347670256 -0.0036199124669130107 -0.6962794034746066 0.0033641739524092888 0.0020345901015017547 93.500000000000014 208.50000000000003 126.50000000000001 -0.30140378970559584 -0.007182148381274304 193.50000000000003 -0.0031331601232976176 0.035033368978434488 0.0031620573119763855 0.49999999999999117 -0.4158465924767773 0.056653716864069871 -0.091383880563641981 -99.999999999993378 -0.7433503107416185 -2.5373117892108605 -0.0012730749906807446 -0.83179140391636242 1.0000000180025095e-35 78.491896879072087 -1.9746240601503755 -0.52281401804302552 -0.0043036471296728938 -0.0010085731258747674 0.28306005174753546 18.518518518557997 -0.0010493190987087562 -1.4671052631578942
decision_type=2 8 8 8 10 10 2 2 2 10 10 10 8 8 10 10 8 8 10 8 8 10 8 8 10 10 10 8 8 8 10 8 10 10
left_child=1 3 -3 14 7 11 -7 8 9 -5 -11 12 -4 25 26 17 -17 -15 19 -19 21 -21 -20 -22 -9 -14 -1 -28 -24 -30 -31 -32 33 -25
right_child=-2 2 5 4 -6 6 -8 24 -10 10 -12 -13 13 15 -16 16 -18 18 22 20 23 -23 28 32 -26 -27 27 -29 29 30 31 -33 -34 -35
leaf_value=-3.2544399715835786e-06 -5.7235814776496084e-06 8.7994492964801864e-06 6.4013678304354044e-06 -5.4284069928512651e-06 -1.0359505121694167e-05 8.4129483087720966e-06 1.1512077809593196e-07 3.6748047022543177e-06 -6.2739028789537911e-06 6.3688261730644947e-06 -2.4367217082446336e-06 -3.5177426575645528e-06 -8.3049261839328771e-09 5.2085174812000103e-06 5.5894000748002245e-06 -5.5913290134645716e-06 1.2925274028323911e-06 -4.9858678789996231e-06 4.6395827635926925e-06 -1.6043657705347462e-07 -4.8379487531010798e-06 6.0363401685894156e-06 3.6930220898530134e-06 -2.7721453655989833e-07 -1.9679369192665545e-06 -5.8193702304612344e-06 3.9737415253446801e-06 -1.8234462267498124e-06 3.4508830717609752e-06 -3.3160804294656864e-06 -9.7780194049659025e-07 2.1566629653575032e-06 -1.4921963241220796e-06 2.0842696249360688e-06
leaf_weight=521 697 691 618 609 519 640 599 759 887 585 993 822 542 682 525 659 591 586 1027 640 523 583 788 1020 519 572 649 561 724 819 551 578 534 632
leaf_count=521 697 691 618 609 519 640 599 759 887 585 993 822 542 682 525 659 591 586 1027 640 523 583 788 1020 519 572 649 561 724 819 551 578 534 632
internal_value=1.67562e-07 3.49678e-07 1.05466e-06 -1.17568e-06 -2.29398e-06 6.91325e-07 4.40151e-06 -1.33207e-06 -2.46096e-06 -9.14404e-07 8.27548e-07 3.50568e-07 6.01573e-07 3.04128e-07 1.23876e-06 6.3991e-07 -2.33646e-06 1.024e-06 7.07058e-07 -3.98019e-07 2.85666e-07 2.79336e-06 1.81982e-06 -8.46367e-07 1.38309e-06 -2.99229e-06 -8.06229e-08 1.28577e-06 9.8279e-07 1.83429e-07 -1.03085e-06 6.26708e-07 1.08513e-07 6.26072e-07
internal_weight=23245 22548 15421 7127 4871 14730 1239 4352 3074 2187 1578 13491 12669 12051 2256 10937 1250 9687 9005 4518 3932 1223 4487 2709 1278 1114 1731 1210 3460 2672 1948 1129 2186 1652
internal_count=23245 22548 15421 7127 4871 14730 1239 4352 3074 2187 1578 13491 12669 12051 2256 10937 1250 9687 9005 4518 3932 1223 4487 2709 1278 1114 1731 1210 3460 2672 1948 1129 2186 1652
is_linear=0
shrinkage=0.0329122


Tree=110
num_leaves=34
num_cat=0
split_feature=17 39 42 41 44 30 55 13 41 40 29 16 39 26 44 13 19 37 17 48 12 27 7 2 23 17 48 7 26 6 19 5 27
split_gain=2.03378e-05 2.93399e-05 2.02056e-05 2.96396e-05 1.40957e-05 1.20987e-05 1.74634e-05 1.02256e-05 1.5829e-05 1.5739e-05 1.42386e-05 2.25457e-05 1.37062e-05 1.19682e-05 1.08654e-05 1.00165e-05 1.2969e-05 1.65681e-05 1.44266e-05 9.96412e-06 8.47602e-06 7.52021e-06 6.77334e-06 8.97964e-06 6.9169e-06 1.55845e-05 6.72621e-06 6.68089e-06 5.66156e-06 6.74863e-06 4.96669e-06 5.08239e-06 3.52007e-06
threshold=-0.5069828388572527 0.0036396754429541826 -0.0044643079575292779 -0.0036210031293160134 0.0038143689923081374 13.500000000000002 5596.5000000000009 -0.2586256641388528 -0.0030959752321980667 -0.0021164044863296034 19.500000000000004 0.90944949142014142 -0.0010443867077659095 -0.0041473592801073399 0.0017937234158929007 -0.23427828341516818 -0.21553087640443633 0.0015048917474408399 -0.26156836262148492 74.283367292377264 -0.83826159284674551 200.16002628953117 0.81441554326535337 0.23438087504763516 -0.074999999999999276 -0.19771766478452937 7.9624618040758095e-13 0.32667543123816895 -0.00072015841233726301 -24.749999999999996 0.0045030813430315684 0.0049443835873614252 114.58847980525618
decision_type=8 10 8 8 10 2 2 10 10 8 2 8 8 10 10 10 10 8 10 2 8 8 10 2 10 10 2 10 10 10 10 2 8
left_child=-1 2 -2 -4 5 6 21 10 -9 -10 14 -12 13 -11 19 -14 18 20 -17 22 -18 -5 23 24 26 -26 -7 -15 29 -22 -31 -32 -8
right_child=1 -3 3 4 -6 7 32 8 9 12 11 -13 15 27 -16 16 17 -19 -20 -21 28 -23 -24 -25 25 -27 -28 -29 -30 30 31 -33 -34
leaf_value=4.7535120033458892e-06 -6.2706372016075195e-06 -6.2668095864798362e-06 5.9825308578119466e-06 3.8533309731641631e-06 -4.5896545274332906e-06 -2.8578292576052418e-07 -5.6864348134281585e-06 5.0935981461185157e-06 -4.7523832489119121e-06 7.5547065786795066e-06 -6.8630074827506694e-06 1.5509077427201887e-06 3.8555074444196871e-06 -1.0938189102560388e-06 4.6537389925867092e-06 1.0140100325049326e-06 5.092307696768986e-06 -3.6121844418189099e-06 -6.2115319018892221e-06 -3.6372467057772688e-06 2.4962117568544138e-06 -1.6628103151195282e-06 -3.030993102187686e-06 4.758025420323317e-06 -5.7346740720472444e-06 1.947273660733011e-06 4.7243734181060087e-06 3.7493904288709189e-06 3.1317764625388139e-06 1.802669058948975e-06 -1.9342162154314871e-07 -4.0550645802885411e-06 -2.3188695855329358e-06
leaf_weight=930 539 835 913 543 724 660 895 944 555 552 869 572 775 525 530 519 587 848 707 806 918 528 519 569 541 607 518 748 901 541 848 654 539
leaf_count=930 539 835 913 543 724 660 895 944 555 552 869 572 775 525 530 519 587 848 707 806 918 528 519 569 541 607 518 748 901 541 848 654 539
internal_value=-1.52385e-08 -2.13867e-07 2.12678e-08 1.83118e-07 -8.10593e-08 8.7902e-08 -2.04593e-06 4.0584e-07 1.02551e-06 6.28683e-07 -6.57304e-07 -3.52297e-06 9.56067e-07 3.50712e-06 2.12002e-07 3.18098e-07 -1.02148e-07 6.03835e-07 -3.15257e-06 -3.45793e-07 1.40748e-06 1.13368e-06 4.31209e-07 1.05197e-06 1.45278e-07 -1.67268e-06 1.91713e-06 1.75181e-06 8.47349e-07 1.52146e-07 -9.01023e-07 -1.87501e-06 -4.42082e-06
internal_weight=23259 22329 21494 20955 20042 19318 2505 16813 10622 9678 6191 1441 9123 1825 4750 7298 6523 5297 1226 4220 4449 1071 3414 2895 2326 1148 1178 1273 3862 2961 2043 1502 1434
internal_count=23259 22329 21494 20955 20042 19318 2505 16813 10622 9678 6191 1441 9123 1825 4750 7298 6523 5297 1226 4220 4449 1071 3414 2895 2326 1148 1178 1273 3862 2961 2043 1502 1434
is_linear=0
shrinkage=0.0329122


Tree=111
num_leaves=35
num_cat=0
split_feature=20 9 36 44 45 2 48 43 40 20 40 41 43 23 42 24 15 12 26 15 19 2 48 3 20 55 44 48 22 16 36 22 4 48
split_gain=2.00648e-05 2.16187e-05 2.86639e-05 1.60557e-05 3.98912e-05 1.40502e-05 1.22088e-05 1.98909e-05 1.79519e-05 1.32508e-05 1.1814e-05 1.13788e-05 1.21927e-05 1.12601e-05 1.30676e-05 1.17119e-05 1.06218e-05 9.68993e-06 1.03005e-05 1.05997e-05 9.02826e-06 8.84277e-06 1.09062e-05 7.89873e-06 6.99301e-06 8.46603e-06 8.07732e-06 1.16982e-05 6.73363e-06 5.88238e-06 4.32268e-06 9.81897e-06 3.46558e-06 2.85879e-06
threshold=31.708333333333336 -0.8320461593511449 0.003018869644069611 -0.0043956256279465413 -0.0037712145633829182 0.65186846551813737 56.279714509581389 0.001906579425663413 -0.0024081887115247609 0.020130896417571733 -0.0016326541492072131 0.0031771267065384694 -0.0012714563307694158 -0.074999999999999276 0.0037795279339850611 -1.7905676941154518e-11 0.092934170738795549 -0.83826159284674551 -0.00078181059948660887 0.22814599326346494 0.55145843899950375 0.44044928320086263 48.484366394935897 -0.21035057376393138 0.82229532163742702 3718.0000000000005 -0.0010085731258747674 31.315204617728245 -0.82818463740458004 0.50657894736842113 0.0010531861793577903 -0.82437590262017735 -0.25169191443950872 7.0493209164264456
decision_type=10 8 10 8 8 2 2 10 8 10 8 10 8 8 8 8 8 10 8 8 10 2 2 2 10 2 10 2 8 10 8 8 10 2
left_child=1 11 3 -3 -5 6 7 8 -6 -8 -10 12 -1 -11 15 16 -15 -17 29 -20 21 22 24 -14 30 -26 -27 -28 -25 -19 31 -12 -7 -32
right_child=-2 2 -4 4 5 32 9 -9 10 13 20 -13 23 14 -16 17 -18 18 19 -21 -22 -23 -24 28 25 26 27 -29 -30 -31 33 -33 -34 -35
leaf_value=5.6197563194393988e-06 6.0731630119122175e-06 -6.0486514001213621e-06 -6.7276705824167057e-06 8.0579983350689639e-06 -5.813218645083195e-06 -6.0336097795826428e-06 -4.1076941784359123e-06 -7.0815964452658707e-06 4.1099265522170208e-06 5.2093921259450869e-06 -1.2534767727554142e-06 6.6838131423186003e-06 3.3403859327874484e-06 1.6767307028556896e-06 -3.1995925704020554e-06 5.5666392958948049e-06 -4.4154438077301681e-06 1.5953821489870382e-06 5.7378340322763582e-06 -1.5636497700355458e-07 2.7864081557248325e-06 2.5832560294690076e-06 -4.8919757750144333e-06 -3.0345269030617015e-06 -5.7078429259951667e-06 -3.3879958326846687e-06 3.7129150209455635e-06 -2.7795012505730694e-06 1.274155550003664e-06 -2.6561483175522186e-06 2.6064107948493296e-07 4.5410620319060953e-06 -2.2804061982886596e-06 -2.8125771993448703e-06
leaf_weight=596 572 517 791 617 665 522 540 546 638 697 604 532 661 624 773 795 616 704 854 539 787 695 810 811 531 919 649 560 762 706 899 666 545 516
leaf_count=596 572 517 791 617 665 522 540 546 638 697 604 532 661 624 773 795 616 704 854 539 787 695 810 811 531 919 649 560 762 706 899 666 545 516
internal_value=-1.47367e-08 -1.68239e-07 -5.9201e-07 -3.30138e-07 -1.66032e-07 -4.57667e-07 -2.18611e-07 -9.83202e-07 -6.10682e-07 8.40371e-07 -1.92515e-07 2.26756e-06 1.43728e-06 1.26399e-06 7.73849e-07 1.40876e-06 -1.34952e-06 2.35943e-06 1.4497e-06 3.457e-06 -5.52021e-07 -9.35664e-07 -1.33311e-06 3.21352e-07 -7.93643e-07 -1.99003e-06 -1.06222e-06 7.05486e-07 -9.47149e-07 -5.33236e-07 3.91078e-07 1.78505e-06 -4.11677e-06 -8.5989e-07
internal_weight=23259 22687 19325 18534 18017 17400 16333 9485 8939 6848 8274 3362 2830 6308 5611 4838 1240 3598 2803 1393 7636 6849 6154 2234 5344 2659 2128 1209 1573 1410 2685 1270 1067 1415
internal_count=23259 22687 19325 18534 18017 17400 16333 9485 8939 6848 8274 3362 2830 6308 5611 4838 1240 3598 2803 1393 7636 6849 6154 2234 5344 2659 2128 1209 1573 1410 2685 1270 1067 1415
is_linear=0
shrinkage=0.0329122


Tree=112
num_leaves=34
num_cat=0
split_feature=20 31 38 20 16 1 19 47 37 31 10 37 2 19 42 31 55 31 9 25 0 25 47 42 1 44 31 31 10 55 16 16 10
split_gain=1.87657e-05 2.68868e-05 2.26575e-05 1.78828e-05 1.70269e-05 2.23862e-05 1.67432e-05 1.64041e-05 1.9351e-05 1.34373e-05 1.37414e-05 1.28208e-05 1.11088e-05 1.07367e-05 1.70239e-05 1.35786e-05 1.31384e-05 1.03723e-05 9.601e-06 8.08322e-06 7.9971e-06 9.53692e-06 7.78552e-06 9.11341e-06 8.00361e-06 6.4404e-06 5.8689e-06 9.55717e-06 5.51295e-06 3.96533e-06 8.58663e-06 4.98951e-06 2.91126e-06
threshold=31.708333333333336 26.500000000000004 0.0041053716744803301 5.2967967967967979 0.51117007119568847 79.905532809910071 0.014225528436373482 182.79569892474311 0.0030911974926423062 40.500000000000007 -0.86654135338345872 -0.0031620573119763291 0.64294963364257984 0.079988196648685075 0.0016597521804047057 210.50000000000003 4372.5000000000009 16.500000000000004 -0.70508208817561324 -0.98978557044274396 51.500000000000007 -0.99380806621262485 -55.555555555558392 -0.0012570715211275838 687.0899870345155 0.0017226541634518535 94.500000000000014 133.50000000000003 -1.8148496240601499 27407.500000000004 0.50405129461733245 0.45892375168690963 -1.4539473684210522
decision_type=10 2 8 10 10 10 10 10 10 2 10 8 2 10 10 2 2 2 10 10 10 10 8 10 10 8 2 2 10 2 10 10 10
left_child=1 2 6 7 -5 -6 17 8 9 -3 11 -11 13 14 20 16 -15 -1 -16 -17 22 -22 23 -13 28 26 -18 -28 -24 30 31 32 -30
right_child=-2 3 -4 4 5 -7 -8 -9 -10 10 -12 12 -14 15 18 19 25 -19 -20 -21 21 -23 24 -25 -26 -27 27 -29 29 -31 -32 -33 -34
leaf_value=1.8454999194195192e-07 5.8732821711141631e-06 4.2122598538802233e-06 2.2593885727734855e-06 -6.6137362497773052e-07 1.0538490303285801e-06 9.9685193490831178e-06 -9.9377034307700551e-06 5.4457462002212654e-06 -4.9336833075980777e-06 4.8975497415447312e-06 -4.2129420005184966e-06 1.7068051256679445e-07 -3.7261864805733436e-06 -3.1639037177705647e-06 -1.2496047977039149e-06 1.3614709174120469e-06 -2.1198585423613176e-06 -6.348506380982455e-06 -7.1548497710038412e-06 6.4542780424382192e-06 1.3088421921800259e-06 -4.2250065905801496e-06 -3.5458173434500128e-06 6.0209728876187229e-06 3.3305234408023965e-06 3.8752283501520292e-06 4.8802555829528194e-06 -5.3368020278209214e-07 6.1745075125267192e-07 1.8068682617711083e-06 -3.833040073158426e-06 3.0787239580227354e-06 -2.3272036470070661e-06
leaf_weight=533 572 771 534 770 600 621 598 558 920 557 889 626 903 939 574 639 691 520 621 716 523 950 610 535 628 778 574 918 851 847 728 530 635
leaf_count=533 572 771 534 770 600 621 598 558 920 557 889 626 903 939 574 639 691 520 621 716 523 950 610 535 628 778 574 918 851 847 728 530 635
internal_value=-1.42517e-08 -1.62702e-07 -3.63335e-06 2.0717e-07 3.17102e-06 5.58803e-06 -5.53943e-06 -1.11602e-07 -2.84344e-07 -3.32063e-08 -2.34503e-07 -4.42007e-09 -1.88723e-07 4.08542e-08 -6.7142e-07 1.21442e-06 2.28228e-07 -3.04143e-06 -4.31855e-06 4.05275e-06 -8.74e-08 -2.26002e-06 4.46829e-07 2.86675e-06 -1.34926e-07 1.30403e-06 3.87572e-07 1.54901e-06 -6.53024e-07 -1.61565e-07 -7.69251e-07 3.37004e-07 -6.4071e-07
internal_weight=23259 22687 2185 20502 1991 1221 1651 18511 17953 17033 16262 15373 14816 13913 8658 5255 3900 1053 1195 1355 7463 1473 5990 1161 4829 2961 2183 1492 4201 3591 2744 2016 1486
internal_count=23259 22687 2185 20502 1991 1221 1651 18511 17953 17033 16262 15373 14816 13913 8658 5255 3900 1053 1195 1355 7463 1473 5990 1161 4829 2961 2183 1492 4201 3591 2744 2016 1486
is_linear=0
shrinkage=0.0329122


Tree=113
num_leaves=34
num_cat=0
split_feature=17 39 21 37 17 2 30 31 55 44 13 43 48 31 41 0 44 39 8 38 13 31 17 20 1 48 36 7 55 26 44 31 15
split_gain=1.86278e-05 2.6751e-05 1.72493e-05 1.58264e-05 1.36715e-05 1.20337e-05 1.06178e-05 1.62837e-05 1.41802e-05 1.07396e-05 1.73012e-05 1.53042e-05 1.78714e-05 1.42551e-05 1.28139e-05 1.22118e-05 1.53566e-05 9.3198e-06 8.22603e-06 9.81153e-06 7.28714e-06 7.78781e-06 9.80355e-06 7.42894e-06 7.28559e-06 5.17602e-06 5.17393e-06 6.40538e-06 5.14877e-06 5.0116e-06 4.43804e-06 4.02825e-06 3.46341e-06
threshold=-0.5069828388572527 0.0036396754429541826 0.60395343672974322 -0.0036199124669130107 -0.46514915337123292 0.69147561090563792 13.500000000000002 234.50000000000003 5596.5000000000009 -0.0034453083269037062 -0.2586256641388528 0.0036474177612615404 69.182873370145998 24.500000000000004 0.0015710928783704283 15.500000000000002 0.0012307696968596462 -0.0012368588527579825 0.050000000000002494 -0.0016708449422392355 -0.22027014393690827 210.50000000000003 -0.13659818320119363 1.9887002042900923 113.59997602052051 62.154025297045045 -0.0010095913728607739 0.62529165226408578 7130.0000000000009 0.001422035574401887 1.0000000180025095e-35 103.50000000000001 0.07725582739135238
decision_type=8 10 2 8 8 2 2 2 2 8 10 8 2 2 8 8 10 10 10 10 10 2 8 10 10 2 10 8 2 8 10 2 10
left_child=-1 2 3 -2 -5 6 7 8 -6 -8 13 14 -13 -11 18 17 26 -15 19 -12 -21 22 23 30 31 -16 28 -28 -17 -19 32 -24 -22
right_child=1 -3 -4 4 5 -7 9 -9 -10 10 11 12 -14 15 25 16 -18 29 -20 20 21 -23 24 -25 -26 -27 27 -29 -30 -31 -32 -33 -34
leaf_value=4.550098685308863e-06 4.8555100195864691e-06 -5.9836032898202533e-06 -5.4164093536263799e-06 -5.2622602237650103e-06 3.0367185569903417e-06 -3.4990239919270934e-06 -2.7676470363191281e-06 -6.9039610922065687e-06 -2.8831172634304113e-06 -5.6187465164660738e-06 5.554492991332554e-06 1.1440989510220744e-06 9.794260300411503e-06 1.2875170523730871e-06 2.8365017310757151e-07 -1.0951031674302552e-07 5.6442437265256065e-06 -5.9927939402285685e-06 -1.2005917189990697e-06 4.7658230381732336e-06 -1.3339903873243637e-06 3.8811970413270826e-06 -1.2734623741042622e-06 2.5023776716627571e-06 5.2053657053637843e-06 -3.7633005759381107e-06 3.0360829733621159e-07 -4.2950990444482161e-06 3.8687728481071369e-06 -1.622843155295402e-06 3.3525651251083578e-07 2.8093895045293081e-06 -5.0999794742726914e-06
leaf_weight=930 756 835 614 520 784 935 954 518 994 553 820 518 517 516 702 965 640 635 880 728 518 962 527 526 643 668 869 527 555 515 574 520 541
leaf_count=930 756 835 614 520 784 935 954 518 994 553 820 518 517 516 702 965 640 635 880 728 518 962 527 526 643 668 869 527 555 515 574 520 541
internal_value=-1.3781e-08 -2.03876e-07 2.06443e-08 1.80538e-07 4.90148e-09 1.44626e-07 3.27123e-07 -1.76885e-06 -2.72667e-07 6.21057e-07 8.30737e-07 1.68387e-06 5.46522e-06 -5.93917e-07 1.22924e-06 -6.17532e-08 1.02759e-06 -2.38705e-06 1.78164e-06 2.19437e-06 1.69689e-06 1.23246e-06 5.70385e-07 -8.9911e-07 2.44782e-06 -1.68944e-06 1.42597e-08 -1.43227e-06 1.34294e-06 -4.03601e-06 -1.99489e-06 7.54097e-07 -3.2581e-06
internal_weight=23259 22329 21494 20880 20124 19604 18669 2296 1778 16373 15419 9644 1035 5775 8609 5222 3556 1666 7239 6359 5539 4811 3849 2159 1690 1370 2916 1396 1520 1150 1633 1047 1059
internal_count=23259 22329 21494 20880 20124 19604 18669 2296 1778 16373 15419 9644 1035 5775 8609 5222 3556 1666 7239 6359 5539 4811 3849 2159 1690 1370 2916 1396 1520 1150 1633 1047 1059
is_linear=0
shrinkage=0.0329122


Tree=114
num_leaves=35
num_cat=0
split_feature=17 37 17 42 38 45 16 47 1 37 27 9 20 43 26 20 29 42 29 8 31 27 44 29 20 48 18 0 37 4 31 11 29 31
split_gain=1.78038e-05 2.45491e-05 1.89207e-05 1.8697e-05 2.44019e-05 1.65623e-05 1.29289e-05 1.4312e-05 1.56704e-05 1.75347e-05 1.74055e-05 1.31742e-05 1.1605e-05 1.31162e-05 1.13052e-05 9.89544e-06 8.78745e-06 1.0383e-05 8.55225e-06 8.43528e-06 9.2903e-06 9.19233e-06 9.98253e-06 8.31765e-06 9.32637e-06 8.26293e-06 7.60762e-06 7.43489e-06 6.88409e-06 8.69186e-06 6.3891e-06 4.95879e-06 2.88058e-06 1.23318e-06
threshold=-0.014733922129478138 -0.0036199124669130107 -0.5069828388572527 0.0030983752129982727 0.0030674918784389109 0.0033698423243111457 0.47924498746867178 -69.892473118272775 114.40325102459704 0.0016299929327119325 -179.40010294033516 -0.86184668989547031 5.2967967967967979 -0.0016038502695805976 -0.0055914254386465242 1.1791748803154045 19.500000000000004 -0.0016764471125201295 17.500000000000004 -0.049999999999998927 25.500000000000004 -62.84574796343157 0.0016116045919692958 9.5000000000000018 0.50098814229249022 50.463909089524172 -1.0000000180025095e-35 56.500000000000007 -0.0010643962567692953 -0.15439577211879266 147.50000000000003 -0.41028087688393028 16.500000000000004 132.50000000000003
decision_type=10 8 8 10 8 8 8 8 10 10 10 8 10 8 10 10 2 8 2 8 2 8 10 2 10 2 8 10 10 10 2 8 2 2
left_child=1 -1 -3 6 5 -5 7 -4 9 18 -10 30 15 -14 -12 19 17 -17 27 -13 -21 26 23 31 32 -15 -22 -9 -19 -30 -8 -23 -25 -33
right_child=-2 2 3 4 -6 -7 11 8 10 -11 14 12 13 25 -16 16 -18 28 -20 20 21 22 -24 24 -26 -27 -28 -29 29 -31 -32 33 -34 -35
leaf_value=6.4645872562110605e-06 -4.8919457122736047e-06 4.567557696752798e-06 -5.8015418391251137e-06 -4.7728145487079486e-06 -9.1240066522921317e-06 3.2859072815918467e-06 5.8990965474550103e-06 -1.4057545020597663e-06 5.666296555890488e-06 -7.7936475967352412e-06 -3.0304590628881839e-06 4.1643236302966975e-06 6.9943541155023947e-06 -1.6258717822409261e-06 3.1248805288526768e-06 -4.9053541015214614e-06 -4.6422651918161519e-06 3.2386120512347162e-06 -4.1691539571776241e-06 -3.9748061557969742e-06 6.2992273330334058e-07 -3.6521633264135847e-06 5.4940688184113842e-06 -1.451750029644319e-06 4.7236922687576656e-06 3.8571766575191097e-06 -4.4866360422642392e-06 3.5455212364473534e-06 -3.3135833680168138e-06 1.3180088727905032e-06 1.3481022347677307e-06 -1.0129571162787617e-06 1.5664468702144718e-06 1.0026963101323272e-06
leaf_weight=649 783 928 675 550 567 555 688 898 703 519 854 642 542 665 520 522 778 609 644 528 632 522 532 556 867 539 627 518 815 951 650 580 892 759
leaf_count=649 783 928 675 550 567 555 688 898 703 519 854 642 542 665 520 522 778 609 644 528 632 522 532 556 867 539 627 518 815 951 650 580 892 759
internal_value=-1.33271e-08 1.5662e-07 -3.09295e-08 -2.35132e-07 -3.57337e-06 -7.25014e-07 5.51533e-08 -1.32275e-06 -6.73388e-07 -2.38692e-06 1.45418e-06 5.83781e-07 2.5298e-07 2.7427e-06 -7.00761e-07 -1.49057e-07 -1.53663e-06 -7.02518e-07 -1.02462e-06 5.65402e-07 2.0963e-07 5.79936e-07 1.24798e-06 7.06995e-07 2.02399e-06 8.28559e-07 -1.91802e-06 4.05356e-07 2.21125e-07 -8.19318e-07 3.6884e-06 -9.31165e-07 4.07368e-07 1.29427e-07
internal_weight=23259 22476 21827 20899 1672 1105 19227 5331 4656 2579 2077 13896 12558 1746 1374 10812 3675 2897 2060 7137 6495 5967 4708 4176 2315 1204 1259 1416 2375 1766 1338 1861 1448 1339
internal_count=23259 22476 21827 20899 1672 1105 19227 5331 4656 2579 2077 13896 12558 1746 1374 10812 3675 2897 2060 7137 6495 5967 4708 4176 2315 1204 1259 1416 2375 1766 1338 1861 1448 1339
is_linear=0
shrinkage=0.0329122


Tree=115
num_leaves=35
num_cat=0
split_feature=42 42 4 21 45 36 1 43 37 6 10 37 11 5 13 35 47 24 19 11 13 3 37 27 13 30 19 19 10 1 25 5 22 48
split_gain=2.35206e-05 3.8516e-05 1.73823e-05 1.73256e-05 2.05627e-05 2.24893e-05 1.63929e-05 3.3543e-05 2.58255e-05 1.72361e-05 1.40742e-05 1.52739e-05 1.50406e-05 1.5902e-05 1.4413e-05 1.10455e-05 1.07653e-05 1.01842e-05 1.16683e-05 7.28142e-06 7.04049e-06 5.35076e-06 7.87004e-06 1.07715e-05 6.99599e-06 4.36175e-06 4.49521e-06 6.13534e-06 6.92154e-06 5.66067e-06 4.40063e-06 2.99484e-06 2.58103e-06 6.31362e-07
threshold=-0.0044643079575292779 -0.0037998748616258067 -0.92111744879439972 0.62692718573834438 0.0044296842807526335 0.0036429885925279852 160.01338348027883 0.0036652426627976635 0.0015048917474408399 -1.0000000180025095e-35 -1.3129699248120297 0.0013522656621439701 -0.5585761542792792 0.0093523426248850721 -0.05544397801619174 1.0000000180025095e-35 -47.619047619031655 1000.999999999961 -0.28788371880528979 -0.37601128727082916 -0.51826091674208941 0.36065383343289131 -0.0010643962567692953 1.0282706300939175 -0.10612289542622282 13.500000000000002 -0.10997367449670391 -0.0055327360901049607 -1.2453007518796988 79.64217846083946 -0.98436308216205459 -0.08740884366269551 -0.61825121443442044 30.344555220972364
decision_type=8 8 8 2 10 10 10 8 10 8 10 8 8 2 10 2 10 10 8 10 8 2 8 10 10 2 8 8 10 10 10 2 8 2
left_child=-1 -2 -3 4 5 6 8 10 15 -10 11 12 13 -8 19 17 -14 18 -4 -12 -20 22 23 -22 -23 -24 -27 30 29 31 -28 -29 -33 -34
right_child=1 2 3 -5 -6 -7 7 -9 9 -11 14 -13 16 -15 -16 -17 -18 -19 20 -21 21 24 25 -25 -26 26 27 28 -30 -31 -32 32 33 -35
leaf_value=-6.9845298446433614e-06 8.7505074001497072e-06 -5.8768263884223279e-06 -4.2119347958498201e-06 -5.895425509002118e-06 5.7275870625921488e-06 -6.7785260971964859e-06 1.3287158489744447e-06 7.5150952358202168e-06 -7.5194491232785366e-06 -4.8417743457640872e-07 -2.0358329904676457e-06 6.2695308549666723e-06 6.6734700459927449e-06 -5.7528371773462898e-06 -4.7937463466963497e-06 -3.7783893212249866e-06 2.8065210520196164e-07 4.3281255883684883e-06 -3.4762646679680917e-06 2.7896091144366944e-06 5.0385316465076039e-06 -2.2696304870171414e-08 -2.7350795597536174e-06 -8.9965540788679655e-07 5.1427132776236192e-06 -2.8700410564230234e-06 4.5680300898425635e-06 -1.9649963761102657e-06 2.4625760060805913e-06 -3.8701805820914769e-06 5.6743299137559875e-07 1.8674111524312566e-06 2.550911516249587e-08 -1.4352056119957768e-06
leaf_weight=536 531 573 676 539 676 533 853 855 901 649 617 682 583 575 876 806 559 615 518 751 765 563 704 583 573 539 539 867 805 587 666 760 848 515
leaf_count=536 531 573 676 539 676 533 853 855 901 649 617 682 583 575 876 806 559 615 518 751 765 563 704 583 573 539 539 867 805 587 666 760 848 515
internal_value=-1.7015e-07 -9.10838e-09 -2.19103e-07 -6.88523e-08 8.04084e-08 -1.07052e-07 7.2255e-08 1.45084e-06 -5.77286e-07 -4.57386e-06 5.07395e-07 1.89093e-06 7.28895e-07 -1.52259e-06 -1.49752e-06 -5.79699e-08 3.54444e-06 2.116e-07 -2.93051e-08 6.13055e-07 2.58249e-07 4.65969e-07 1.71929e-07 2.47014e-06 2.58254e-06 -2.81623e-07 2.91478e-10 2.77245e-07 -2.9464e-07 -9.15212e-07 2.3571e-06 -3.35013e-07 3.30539e-07 -5.26244e-07
internal_weight=23218 22682 22151 21578 21039 20363 19830 6351 13479 1550 5496 3252 2570 1428 2244 11929 1142 11123 10508 1368 9832 9314 8178 1348 1136 6830 6126 5587 4382 3577 1205 2990 2123 1363
internal_count=23218 22682 22151 21578 21039 20363 19830 6351 13479 1550 5496 3252 2570 1428 2244 11929 1142 11123 10508 1368 9832 9314 8178 1348 1136 6830 6126 5587 4382 3577 1205 2990 2123 1363
is_linear=0
shrinkage=0.0329122


Tree=116
num_leaves=34
num_cat=0
split_feature=21 20 31 31 45 37 31 15 19 26 9 10 31 16 24 44 20 15 24 25 12 0 11 37 27 19 12 9 45 26 39 19 29
split_gain=2.22025e-05 2.43551e-05 2.44584e-05 3.54267e-05 2.7536e-05 2.42455e-05 1.57718e-05 1.14829e-05 1.27506e-05 1.14118e-05 1.0534e-05 1.04666e-05 1.00564e-05 1.34761e-05 1.75867e-05 1.40276e-05 1.24861e-05 1.52053e-05 1.04982e-05 1.1668e-05 9.05287e-06 8.38563e-06 6.99332e-06 6.5235e-06 7.53623e-06 7.53706e-06 7.15377e-06 5.88755e-06 7.72395e-06 6.03174e-06 6.55794e-06 5.41933e-06 8.61006e-08
threshold=0.59287115763718146 31.708333333333336 33.500000000000007 40.500000000000007 -0.0037712145633829182 -0.0012507822277847966 16.500000000000004 0.031970447795754996 3.3939065170823146 -0.0080663554652839631 -0.90113811728395043 -1.9013157894736836 56.500000000000007 0.47075786056049224 -1000.8333333332763 0.0024645727162841973 3.7759856630824378 0.21970197358236862 -1.4210854715201547e-13 -0.99000008040124998 -0.56384297520661142 19.500000000000004 -0.82022819244604306 0.0012602399458739868 10.146793991427439 -0.42090603328607296 -0.55719738276990183 -0.67539309714882223 0.001284522045599368 -0.0045826323805151911 -0.0012650226439852583 -9.4652316797787517 6.5000000000000009
decision_type=2 10 2 2 8 8 2 8 10 10 8 10 2 8 8 10 10 8 10 10 8 10 8 10 10 10 8 8 8 8 10 10 2
left_child=1 2 5 -4 -5 -1 -7 9 10 -6 11 -9 -12 14 -14 16 22 -18 -16 -20 -8 -11 -15 24 26 -26 -24 -28 29 -29 -31 32 -30
right_child=-2 -3 3 4 7 6 20 8 -10 21 12 -13 13 15 18 -17 17 -19 19 -21 -22 -23 23 -25 25 -27 27 28 31 30 -32 -33 -34
leaf_value=-9.41322523585421e-06 -5.7974734870610279e-06 6.8408603332452186e-06 8.3454301905870364e-06 6.0008896373133624e-06 -6.7419052667069617e-06 1.4478961660044694e-06 -7.400529008735598e-06 -9.6093650853338942e-07 4.6317804192868719e-06 -3.6103233193935709e-06 -3.7375119537283224e-06 5.0296774706237569e-06 -7.0938873120128483e-06 -3.4261955588374307e-06 2.022248629047901e-06 5.1563969174900636e-06 6.0911049643513796e-06 -7.5601498230656121e-07 4.1514686397127676e-07 -5.2686580315758536e-06 -1.2672716501033065e-06 1.0590374997695842e-06 3.375676474988433e-06 -3.6592710631380321e-06 9.222195196073004e-07 -4.2580584501573514e-06 -3.0630947077017798e-06 4.8229206487149733e-06 -5.8150968219880527e-08 3.7841370623858035e-06 -6.8125138174788549e-07 -3.8209139555466632e-06 5.0223736497904679e-07
leaf_weight=534 734 553 568 794 522 988 525 522 631 796 919 800 608 758 886 633 763 651 773 792 518 874 912 517 519 735 535 575 647 548 1018 522 548
leaf_count=534 734 553 568 794 522 988 525 522 631 796 919 800 608 758 886 633 763 651 773 792 518 874 912 517 519 735 535 575 647 548 1018 522 548
internal_value=-1.6455e-07 1.93288e-08 -1.52669e-07 2.47325e-07 2.62019e-09 -3.17275e-06 -1.53186e-06 -2.61899e-07 4.75614e-08 -2.49429e-06 -1.42967e-07 2.66407e-06 -4.10745e-07 -1.7446e-07 -2.08336e-06 4.16483e-07 9.20242e-08 2.93856e-06 -8.4035e-07 -2.46111e-06 -4.3547e-06 -1.16646e-06 -4.21732e-07 -9.98537e-08 1.80675e-07 -2.11389e-06 7.23108e-07 1.72375e-07 6.21107e-07 1.93992e-06 8.81203e-07 -1.02325e-06 1.98639e-07
internal_weight=23218 22484 21931 19366 18798 2565 2031 18004 15812 2192 15181 1322 13859 12940 3059 9881 9248 1414 2451 1565 1043 1670 7834 7076 6559 1254 5305 4393 3858 2141 1566 1717 1195
internal_count=23218 22484 21931 19366 18798 2565 2031 18004 15812 2192 15181 1322 13859 12940 3059 9881 9248 1414 2451 1565 1043 1670 7834 7076 6559 1254 5305 4393 3858 2141 1566 1717 1195
is_linear=0
shrinkage=0.0329122


Tree=117
num_leaves=36
num_cat=0
split_feature=42 42 4 9 30 41 24 39 16 0 11 2 24 19 39 41 12 16 13 19 40 42 36 31 4 13 26 48 4 9 3 13 48 48 48
split_gain=2.19489e-05 3.52963e-05 1.63979e-05 1.72646e-05 1.95792e-05 2.46211e-05 1.76605e-05 1.62188e-05 1.60686e-05 1.57183e-05 1.19786e-05 1.50301e-05 1.52803e-05 1.14403e-05 1.05475e-05 1.07068e-05 2.31491e-05 1.31237e-05 1.10884e-05 2.21534e-05 1.46491e-05 1.14127e-05 1.20744e-05 1.12698e-05 1.03456e-05 9.75093e-06 9.66968e-06 8.34672e-06 5.78905e-06 7.02769e-06 5.75743e-06 5.44598e-06 5.02441e-06 2.93506e-06 7.26537e-07
threshold=-0.0044643079575292779 -0.0037998748616258067 -0.92111744879439972 -0.30525391534960394 13.500000000000002 0.0038436915197479497 -1999.9999999999925 0.0032388685202960903 0.46898496240601512 145.50000000000003 -0.52091284987277342 0.23930972211298704 1.0658141036401504e-10 -0.16214894493299423 0.0020387381021654831 -0.00138985473651676 -0.38923776933779558 0.91271315819794918 -0.25205461088715803 0.16880522039275905 0.001668057874234852 0.0031771267065384694 0.0012507822277846305 108.50000000000001 -0.62329764385641184 -0.2792488196045419 -0.005145152722967168 50.463909089524172 -0.21383593328408532 -0.61260401622997029 0.074236538333475224 -0.11293620571927229 38.895296967003908 48.099582064258385 21.452967449132121
decision_type=8 8 8 10 2 10 8 10 8 10 10 2 8 10 10 8 8 10 10 8 8 8 10 2 10 8 10 2 10 10 2 10 2 2 2
left_child=-1 -2 -3 4 8 7 -5 14 -4 10 32 12 27 -10 15 16 -6 18 19 20 23 22 24 -17 33 -21 30 -12 -28 -30 -26 -13 -8 -20 -27
right_child=1 2 3 6 5 -7 9 -9 13 -11 11 31 -14 -15 -16 17 -18 -19 21 25 -22 -23 -24 -25 26 34 28 -29 29 -31 -32 -33 -34 -35 -36
leaf_value=-6.7418993133389023e-06 8.3819391796664338e-06 -5.6997726075961523e-06 -6.9179952709185806e-06 -7.1640980720688895e-06 -6.7304191326274766e-07 7.2627288627509716e-06 -8.7020226237981836e-07 -4.8669485868562256e-06 2.204543709277844e-06 -6.435558654651813e-06 -6.5895547116601497e-06 5.6836575193715976e-06 2.8258549332090492e-06 -3.8546731645216869e-06 5.1779187435720301e-06 1.4080580584748651e-06 6.8971277968408666e-06 5.3522329729742784e-06 -3.4491680697013582e-06 4.6352090321161907e-06 -8.3262060903378254e-06 4.773744932242728e-06 -4.3642664908405083e-06 -4.4960248630218517e-06 5.8204149642656421e-06 3.1863675884176095e-07 2.4092842417791609e-06 -6.9178323592878184e-07 -3.7775114714128329e-06 1.2909949226875809e-06 1.4329601769266748e-06 1.3133148474320094e-06 -4.9090260253495516e-06 -2.8906358406884874e-07 -1.0813604041596577e-06
leaf_weight=536 531 573 632 569 895 630 649 562 738 519 525 638 630 622 581 597 856 520 543 581 560 724 526 847 791 856 920 515 554 637 549 599 687 770 756
leaf_count=536 531 573 632 569 895 630 649 562 738 519 525 638 630 622 581 597 856 520 543 581 560 724 526 847 791 856 920 515 554 637 549 599 687 770 756
internal_value=-1.59135e-07 -3.56701e-09 -2.04593e-07 -5.86591e-08 4.74599e-07 9.0171e-07 -1.68389e-06 6.07569e-07 -2.58174e-06 -1.02902e-06 -3.67643e-07 8.17803e-07 -1.21886e-06 -5.66489e-07 8.43113e-07 6.41322e-07 3.02761e-06 2.51925e-07 -7.78789e-09 -1.30609e-06 -3.80748e-06 8.98224e-07 3.67769e-07 -2.05491e-06 8.90288e-07 9.79617e-07 1.83636e-06 -3.66924e-06 4.48206e-07 -1.06646e-06 4.02304e-06 3.56756e-06 -2.94722e-06 -1.59612e-06 -3.37796e-07
internal_weight=23218 22682 22151 21578 16247 14255 5331 13625 1992 4762 4243 2907 1670 1360 13063 12482 1751 10731 10211 4197 2004 6014 5290 1444 4764 2193 3451 1040 2111 1191 1340 1237 1336 1313 1612
internal_count=23218 22682 22151 21578 16247 14255 5331 13625 1992 4762 4243 2907 1670 1360 13063 12482 1751 10731 10211 4197 2004 6014 5290 1444 4764 2193 3451 1040 2111 1191 1340 1237 1336 1313 1612
is_linear=0
shrinkage=0.0329122


Tree=118
num_leaves=33
num_cat=0
split_feature=21 20 31 38 37 45 39 27 37 20 37 16 31 31 9 47 38 30 29 31 15 19 9 20 37 29 15 9 20 25 24 47
split_gain=2.05573e-05 2.26072e-05 2.32291e-05 2.77504e-05 2.50395e-05 1.94919e-05 3.06823e-05 1.68877e-05 1.22175e-05 1.01713e-05 1.75934e-05 1.43104e-05 9.07389e-06 9.57953e-06 1.02263e-05 8.79574e-06 8.60381e-06 7.77302e-06 1.14458e-05 1.03466e-05 8.71599e-06 7.25927e-06 1.01433e-05 9.2008e-06 8.14993e-06 7.52443e-06 8.27212e-06 7.12181e-06 6.20671e-06 4.66601e-06 4.45971e-06 1.77449e-06
threshold=0.59287115763718146 31.708333333333336 26.500000000000004 0.0041053716744803301 -0.0034904120269974022 0.0044296842807526335 0.0036396754429541826 -19.544630548491231 0.0028070189262020544 5.4459064327485391 -0.0020304589455630846 0.54793233082706772 255.50000000000003 146.50000000000003 -0.85684147076552131 80.808080808064318 0.0015835322674476739 13.500000000000002 11.500000000000002 210.50000000000003 0.13603584746005168 -0.1866379575832546 -0.43391292442497259 0.19056883453770615 -0.0012143295308426614 19.500000000000004 0.090245905854612077 -0.65262695767480194 0.7134781504065042 -0.98944042083173855 0.99999999999989353 -12.345679012388564
decision_type=2 10 2 8 8 10 10 10 10 10 8 10 2 2 8 10 10 2 2 2 10 8 8 8 8 2 10 10 8 10 8 8
left_child=1 2 3 7 -4 6 8 -1 9 10 -6 -11 13 14 -12 21 17 18 -15 20 28 22 -16 -23 -25 26 27 -26 -19 -21 -30 -31
right_child=-2 -3 4 -5 5 -7 -8 -9 -10 11 12 -13 -14 16 15 -17 -18 19 -20 29 -22 23 -24 24 25 -27 -28 -29 30 31 -32 -33
leaf_value=-1.0199921915735494e-05 -5.5740980400750965e-06 6.5952332535445314e-06 6.8683938762646135e-06 3.1137702699891377e-06 -5.8501377877423347e-06 5.4572180390120464e-06 -7.1841030991556024e-06 -3.0478453377060023e-06 -4.2360007322446996e-06 9.2228193532991044e-08 4.1749957752640865e-06 6.3195423915155436e-06 4.1302470542187036e-06 4.542439234710704e-07 -5.6418076173577561e-06 3.6329139321478675e-06 -4.0520232216308758e-06 -2.6926243596215043e-06 -5.4430871438500349e-06 3.8657321181850588e-07 -4.0542967436194073e-06 -2.7846156947119256e-06 6.5091049263365225e-07 4.9813292175589762e-06 -1.0101184096428009e-06 3.268006108781465e-06 -3.1506570168215755e-06 3.3962180917639219e-06 2.8710553731319979e-06 2.1658480594697391e-06 -7.4896006087090351e-07 4.8991432636344287e-06
leaf_weight=569 734 553 592 517 544 683 658 963 692 960 881 685 603 693 547 795 804 642 734 1013 782 758 563 528 879 830 780 725 790 515 691 515
leaf_count=569 734 553 592 517 544 683 658 963 692 960 881 685 603 693 547 795 804 642 734 1013 782 758 563 528 879 830 780 725 790 515 691 515
internal_value=-1.53898e-07 2.30369e-08 -1.42674e-07 -3.47926e-06 2.01177e-07 -3.42413e-09 -2.03878e-07 -5.70435e-06 5.20002e-08 2.23961e-07 -3.53916e-08 2.6855e-06 1.74523e-07 9.60562e-09 8.50351e-07 3.93015e-07 -8.43639e-07 -4.3897e-07 -2.57898e-06 1.78162e-07 -1.08391e-06 -6.60745e-08 -2.44989e-06 5.21882e-07 1.19173e-06 5.69094e-07 -3.70448e-07 9.81381e-07 1.01178e-08 1.97285e-06 1.18189e-06 3.53272e-06
internal_weight=23218 22484 21931 2049 19882 19290 18607 1532 17949 17257 15612 1645 15068 14465 7286 6405 7179 6375 1427 4948 2905 5610 1110 4500 3742 3214 2384 1604 2123 2043 1481 1030
internal_count=23218 22484 21931 2049 19882 19290 18607 1532 17949 17257 15612 1645 15068 14465 7286 6405 7179 6375 1427 4948 2905 5610 1110 4500 3742 3214 2384 1604 2123 2043 1481 1030
is_linear=0
shrinkage=0.0329122


Tree=119
num_leaves=35
num_cat=0
split_feature=20 31 37 0 31 45 47 37 31 31 19 41 12 31 49 4 48 13 43 26 4 41 10 39 15 19 26 11 7 40 2 19 20 48
split_gain=1.83832e-05 2.33861e-05 2.53223e-05 1.9132e-05 1.89813e-05 1.64173e-05 1.14811e-05 2.06003e-05 1.18636e-05 1.16723e-05 9.63413e-06 9.25455e-06 1.48488e-05 9.4728e-06 9.4197e-06 8.63377e-06 1.07407e-05 8.35573e-06 8.27656e-06 9.88898e-06 5.72382e-06 6.55081e-06 5.59599e-06 4.7083e-06 4.48514e-06 4.25203e-06 4.36387e-06 7.35263e-06 5.05657e-06 3.95851e-06 3.57974e-06 4.47786e-06 2.96449e-06 6.69419e-07
threshold=31.708333333333336 30.500000000000004 0.0012650226439854253 84.500000000000014 40.500000000000007 -0.0037712145633829182 182.79569892474311 0.0028070189262020544 56.500000000000007 49.500000000000007 -3.617571209083223 -0.00138985473651676 -0.18698971125124458 97.500000000000014 61.676399674075562 -0.55622275533190935 69.182873370145998 -0.071479714798121929 0.0016380027367122187 -0.0049287455613755268 -0.73911623036859675 0.0015810286559881927 -1.3411654135338342 -0.0015003759381570501 0.032673903443609299 0.76402329997022644 -0.0012305864722939907 -0.32791524085285595 0.26372575956382643 0.0012682313279676063 0.068794533696695664 -0.076875709760543018 0.60464083938660218 10.251161983018735
decision_type=10 2 8 10 2 8 10 10 2 2 8 8 8 2 8 8 2 10 10 10 8 10 10 8 8 10 10 10 8 10 2 8 10 2
left_child=1 2 3 -1 -3 -6 7 8 9 -7 -10 12 17 15 -15 -13 22 -12 20 29 -16 23 -17 -22 -25 26 27 28 -26 -20 31 -30 33 -33
right_child=-2 4 -4 -5 5 6 -8 -9 10 -11 11 13 -14 14 18 16 -18 -19 19 -21 21 -23 -24 24 25 -27 -28 -29 30 -31 -32 32 -34 -35
leaf_value=-3.2083916457674056e-06 5.6730299754460998e-06 4.9893483464140514e-06 1.0491655471666776e-06 -1.0887275576070726e-05 4.348728429501508e-06 -4.8352465091648082e-07 4.4913036872741168e-06 -5.3837084820106394e-06 -4.0117989345111099e-06 -7.0526699738038669e-06 -2.6442178244826227e-06 -1.6189440061477332e-06 5.7555266863933018e-06 3.0759887758778403e-06 2.663465579196829e-06 3.0030125303891479e-06 6.622628124657704e-06 2.4037728715607393e-06 -7.0220814714095577e-06 -1.7360053508769555e-07 -3.3000631587749953e-06 -3.803952996518438e-06 -1.3234470308740413e-06 -2.7840023738141998e-06 -3.2915744455851036e-06 3.0440110526668337e-06 -2.1495775904339163e-06 3.0521363002234176e-06 -2.870672717998861e-06 -2.9462362494791351e-06 2.6467584899094041e-06 2.9546123093974276e-07 2.5651452029538977e-06 -1.3113077316687167e-06
leaf_weight=1007 573 816 902 540 846 660 518 882 620 527 644 651 791 707 612 764 555 792 516 840 537 650 562 603 530 518 911 872 572 517 531 616 520 516
leaf_count=1007 573 816 902 540 846 660 518 882 620 527 644 651 791 707 612 764 555 792 516 840 537 650 562 603 530 518 911 872 572 517 531 616 520 516
internal_value=-1.48831e-07 -2.96155e-07 -3.33346e-06 -5.88895e-06 7.21411e-08 -1.34887e-07 -3.39558e-07 -4.78469e-07 -2.2595e-07 -3.40026e-06 1.03122e-08 1.73028e-07 2.1345e-06 -1.60405e-07 -5.93628e-07 1.64768e-06 2.77835e-06 1.39751e-07 -8.5675e-07 -2.82588e-06 -3.95006e-07 -6.48804e-07 1.16915e-06 -3.43856e-07 -8.73186e-08 2.03743e-07 -8.65152e-08 3.65547e-07 -3.47536e-07 -4.98241e-06 2.18747e-07 -3.60859e-07 5.08017e-07 -4.36751e-07
internal_weight=23218 22645 2449 1547 20196 19380 18534 18016 17134 1187 15947 15327 2227 13100 10568 2532 1881 1436 9861 1873 7988 7376 1326 6726 6189 5586 5068 4157 3285 1033 2755 2224 1652 1132
internal_count=23218 22645 2449 1547 20196 19380 18534 18016 17134 1187 15947 15327 2227 13100 10568 2532 1881 1436 9861 1873 7988 7376 1326 6726 6189 5586 5068 4157 3285 1033 2755 2224 1652 1132
is_linear=0
shrinkage=0.0329122


Tree=120
num_leaves=34
num_cat=0
split_feature=4 21 20 45 44 25 55 45 44 0 7 15 19 44 31 40 50 18 31 29 3 47 12 12 24 36 10 43 10 19 27 1 48
split_gain=1.77994e-05 1.74246e-05 1.70279e-05 1.6044e-05 2.12208e-05 1.29892e-05 1.83761e-05 3.97559e-05 2.46756e-05 1.75392e-05 1.32996e-05 1.24924e-05 1.22911e-05 1.60186e-05 1.66085e-05 1.33599e-05 1.18218e-05 1.34279e-05 1.17699e-05 1.05532e-05 9.66067e-06 9.85875e-06 1.13376e-05 1.10618e-05 1.00676e-05 8.64458e-06 8.50815e-06 1.02882e-05 8.34723e-06 7.83368e-06 1.25543e-05 4.13821e-06 3.43721e-06
threshold=-0.92111744879439972 0.60395343672974322 31.708333333333336 0.0044296842807526335 0.0038143689923081374 -0.97830874945841562 196.50000000000003 -0.0033167587071791234 -0.0039305605265122492 8.5000000000000018 0.37394501094596161 0.16313710150889951 0.12770457682921335 0.0013917891221558734 100.50000000000001 -0.0040955650481962471 55.555555555558577 -0.36010526812034732 44.500000000000007 8.5000000000000018 -0.27446009591355131 78.787878787874021 -0.78585325180655907 -0.53044936180733682 -0.99999999999996436 0.0015094348220348055 -2.1024436090225556 -0.0018083182640144522 -1.5103383458646613 -0.17106723262544318 2.7698727915162897 30.012518471817533 22.740590714173162
decision_type=8 2 10 10 10 10 2 10 8 8 8 10 10 8 2 10 10 8 2 2 2 10 8 8 8 8 10 8 10 10 10 10 2
left_child=-1 2 3 4 5 9 7 -7 -8 10 -2 16 15 14 -14 -10 17 -11 -17 -16 -19 22 -22 -24 -25 -26 -20 -28 -29 -30 31 -31 -27
right_child=1 -3 -4 -5 -6 6 8 -9 12 11 -12 -13 13 -15 19 18 -18 20 26 -21 21 -23 23 24 25 32 27 28 29 30 -32 -33 -34
leaf_value=-5.6153260993427334e-06 -8.0033794598077014e-06 -5.0569457027980039e-06 6.123702230588954e-06 5.0853242326417817e-06 -5.711496818712876e-06 1.1603120550803085e-05 -6.3251876825966526e-06 3.6552003909223796e-07 -4.3976002011976655e-06 4.8713030153265861e-06 -9.5771611075886163e-07 3.6488663175494995e-06 -2.9822286344125134e-06 7.3824993238940156e-06 3.673973863660291e-07 4.2973086983427412e-06 -4.5109651781865448e-06 -4.0035511132146315e-06 -3.2230847580973085e-06 6.3207573848284458e-06 4.9470161376499782e-06 -3.5033776884180236e-06 -4.0642447514089604e-06 4.6826822327894855e-06 -3.5677816481734832e-06 -3.0904253243072429e-07 3.7027624356058782e-06 3.0380740557103407e-06 1.392164045156405e-06 -2.0335510975728974e-06 -5.5126810429450899e-06 1.9533655135986053e-06 2.7057040644924202e-06
leaf_weight=584 579 662 542 709 670 532 547 950 640 533 582 843 646 626 617 809 745 776 746 676 560 752 625 570 608 930 907 685 973 564 760 564 732
leaf_count=584 579 662 542 709 670 532 547 950 640 533 582 843 646 626 617 809 745 776 746 676 560 752 625 570 608 930 907 685 973 564 760 564 732
internal_value=5.78391e-08 2.0406e-07 3.62393e-07 2.16846e-07 5.04612e-08 2.42758e-07 9.84895e-07 4.39968e-06 4.66355e-07 -7.01541e-07 -4.47164e-06 -1.31132e-07 8.69612e-07 2.80494e-06 1.32697e-06 1.2287e-07 -5.97647e-07 -1.18572e-07 6.04449e-07 3.48008e-06 -5.97563e-07 -4.42287e-08 6.01995e-07 -1.00164e-07 7.72132e-07 -2.09712e-07 2.97708e-08 5.74765e-07 -2.25253e-07 -1.00666e-06 -2.24304e-06 -3.989e-08 1.01861e-06
internal_weight=23244 22660 21998 21456 20747 20077 11242 1482 9760 8835 1161 7674 9213 2565 1939 6648 6831 6086 6008 1293 5553 4777 4025 3465 2840 2270 5199 4453 3546 2861 1888 1128 1662
internal_count=23244 22660 21998 21456 20747 20077 11242 1482 9760 8835 1161 7674 9213 2565 1939 6648 6831 6086 6008 1293 5553 4777 4025 3465 2840 2270 5199 4453 3546 2861 1888 1128 1662
is_linear=0
shrinkage=0.0329122


Tree=121
num_leaves=37
num_cat=0
split_feature=4 17 12 17 20 48 43 47 43 38 2 48 5 10 45 23 36 10 36 45 25 39 30 4 12 1 17 17 2 7 15 31 7 16 25 31
split_gain=1.6647e-05 1.75132e-05 2.03072e-05 1.76628e-05 1.45539e-05 1.75345e-05 2.36808e-05 3.93686e-05 2.13999e-05 1.77329e-05 3.64596e-05 1.458e-05 1.20626e-05 1.04655e-05 1.99927e-05 1.38307e-05 1.58317e-05 1.30718e-05 1.27594e-05 1.2511e-05 9.68106e-06 8.20059e-06 7.68348e-06 7.01649e-06 6.78604e-06 1.11951e-05 9.8677e-06 1.0277e-05 6.62707e-06 6.05123e-06 5.8135e-06 5.12953e-06 4.83553e-06 4.36176e-06 5.66425e-07 4.68925e-07
threshold=-0.92111744879439972 -0.016065244030153889 -0.076263177026535803 -0.093353902947168527 11.150375939849626 86.494400238125152 0.0030888049306390113 84.848484848480709 0.0036068559534263582 -0.0020050130350972579 0.018615163074253479 30.014716666148214 -0.48253580711810812 -1.3139097744360901 -0.0031331601232976176 -0.20000000000000104 0.0012368588527579274 -1.3806390977443606 0.0015835322674476739 -0.0020030050090170111 -0.99398678616863767 0.0016736413393612095 16.500000000000004 -0.49893212270506099 -0.58869232093663892 114.35910571283291 -0.18708329833621329 -0.12851917513936381 -0.10526578355188292 0.28706842991025333 0.11626531900519023 142.50000000000003 0.68947315358912331 0.53191075172207258 -0.99252059785133262 148.50000000000003
decision_type=8 10 10 10 10 2 10 10 10 8 2 2 2 8 8 8 10 10 8 10 8 8 2 10 10 10 8 10 2 8 8 2 8 8 10 2
left_child=-1 2 4 -4 5 6 9 -8 20 10 -2 -6 -11 14 -14 -16 17 22 19 -15 -7 31 24 -19 25 33 34 -28 30 -30 -21 -22 -31 -17 -26 -35
right_child=1 -3 3 -5 11 8 7 -9 -10 12 -12 -13 13 18 15 16 -18 23 -20 28 21 -23 -24 -25 26 -27 27 -29 29 32 -32 -33 -34 35 -36 -37
leaf_value=-5.4305137680616038e-06 1.5636572253768599e-06 -4.4717502066369536e-06 1.2903965411291442e-06 9.083620309208385e-06 -5.3955924253588529e-07 -3.1398256648738237e-06 -9.5804080591148758e-06 1.9762341440893323e-06 7.810703427855562e-06 -3.7054096447566964e-06 -1.0420379736238036e-05 6.7942068167835727e-06 7.3262174150007806e-06 -4.734302858063833e-06 5.3199896561907184e-06 -2.7723446825240472e-06 -4.2732122373915531e-06 1.38297636035069e-06 -4.4269036056309762e-06 1.0616538930277798e-06 6.0895967748656368e-06 -6.2244458277243042e-07 3.4355317786454673e-06 6.0092774544999357e-06 -1.3611102272058233e-07 4.2366847726416519e-06 -7.0107264826447562e-06 -9.3215386464356894e-07 4.548522879001198e-06 -1.1935165300024209e-06 -3.6535275329541769e-06 1.5003686076876059e-06 2.802276006381013e-06 -3.7617823471848564e-08 1.4071373580229868e-06 1.3577926354369807e-06
leaf_weight=584 575 838 809 516 515 519 765 548 596 819 527 683 522 520 641 657 744 746 881 585 538 773 633 678 515 715 561 651 646 707 549 518 612 528 515 515
leaf_count=584 575 838 809 516 515 519 765 548 596 819 527 683 522 520 641 657 744 746 881 585 538 773 633 678 515 715 561 651 646 707 549 518 612 528 515 515
internal_value=5.59352e-08 1.97344e-07 3.76655e-07 4.32552e-06 1.21375e-07 -9.71184e-08 -5.18029e-07 -4.7569e-06 2.24112e-06 -1.48008e-07 -4.16716e-06 3.64135e-06 1.69702e-07 4.116e-07 1.08317e-06 6.80757e-07 2.81994e-07 7.86805e-07 -8.74919e-07 -1.017e-08 8.27277e-07 1.95311e-06 3.33012e-08 3.58583e-06 -4.29096e-07 7.81355e-07 -1.73305e-06 -3.74594e-06 7.82447e-07 1.93869e-06 -1.22089e-06 3.83866e-06 6.60309e-07 -6.71782e-07 6.35291e-07 6.51172e-07
internal_weight=23244 22660 21822 1325 20497 19299 16355 1313 2944 15042 1102 1198 13940 13121 8621 8099 7458 6714 4500 3619 2348 1829 5290 1424 4657 2415 2242 1212 3099 1965 1134 1056 1319 1700 1030 1043
internal_count=23244 22660 21822 1325 20497 19299 16355 1313 2944 15042 1102 1198 13940 13121 8621 8099 7458 6714 4500 3619 2348 1829 5290 1424 4657 2415 2242 1212 3099 1965 1134 1056 1319 1700 1030 1043
is_linear=0
shrinkage=0.0329122


Tree=122
num_leaves=33
num_cat=0
split_feature=20 44 44 31 4 19 13 39 11 10 9 2 5 43 30 31 31 55 31 19 13 9 39 22 7 51 31 11 4 13 12 24
split_gain=1.56283e-05 1.79758e-05 2.25934e-05 1.47415e-05 1.52909e-05 1.63416e-05 1.29845e-05 1.34845e-05 3.12585e-05 1.20093e-05 1.24538e-05 1.00353e-05 9.95808e-06 1.91798e-05 1.4864e-05 1.45952e-05 1.13816e-05 8.8536e-06 7.74453e-06 8.67148e-06 7.25051e-06 7.11567e-06 7.08811e-06 5.30439e-06 8.57536e-06 6.80592e-06 6.24458e-06 9.64407e-06 5.8008e-06 4.57688e-06 4.59272e-06 2.74847e-06
threshold=31.708333333333336 -0.0048038461538462132 -0.0037712145633829182 258.50000000000006 -0.92111744879439972 3.3939065170823146 -0.56338318613845162 0.0031007751937984778 -0.68882362550865828 -2.2716165413533829 -0.049602548735095571 -0.68970428620078594 -0.34715621209045239 -0.0027952494432941228 16.500000000000004 22.500000000000004 45.500000000000007 9152.5000000000018 63.500000000000007 -2.7387058108765809 -0.038673835587464934 -0.48310733689448931 -0.0013468019575335608 -0.9616852613035819 0.096416194237703604 100.00000000000033 192.50000000000003 -0.51705040990755269 -0.30226680083856289 -0.085866273057533776 -0.19075058662785513 -1250.5000000000352
decision_type=10 8 8 2 8 10 8 10 8 10 10 2 2 8 2 2 2 2 2 8 8 10 8 8 8 8 2 10 8 10 8 10
left_child=1 -1 -3 4 -4 6 -6 9 -9 17 11 -11 21 -14 15 -15 -17 -8 -18 -20 -16 -13 -21 -24 -25 -26 28 -28 -27 30 -30 -32
right_child=-2 2 3 -5 5 -7 7 8 -10 10 -12 12 13 14 20 16 18 -19 19 22 -22 -23 23 24 25 26 27 -29 29 -31 31 -33
leaf_value=-6.0069755040857158e-06 5.5006097971096147e-06 6.3432151244655157e-06 -5.747363742014216e-06 5.243204851541337e-06 -4.0782034976248059e-06 4.8693068428894906e-06 -5.6085856281351618e-06 2.7880343840435888e-06 -7.5349671159115532e-06 4.0853039395235829e-06 -4.0558239757509104e-06 -4.9476896686527338e-08 6.2490591737999913e-06 -5.0891896133313447e-06 5.6603294188430125e-06 4.566679284445157e-06 -3.724043466800218e-06 -4.690193480863879e-07 -3.7687641101220332e-06 3.1852915573448872e-06 1.0366975351285845e-06 -4.3939584920132014e-06 2.6798619387935345e-06 -3.9021260395072673e-06 3.3966097550769035e-06 3.1701486352746024e-06 6.4035635596722969e-07 -4.0419347139324582e-06 3.15683682319044e-06 -2.1418489387377761e-06 8.9302043610619726e-07 -2.1599389680734938e-06
leaf_weight=541 557 604 534 543 929 691 639 538 776 845 649 904 642 580 790 629 570 841 551 941 687 745 805 600 653 777 962 944 618 803 841 515
leaf_count=541 557 604 534 543 929 691 639 538 776 845 649 904 642 580 790 629 570 841 551 941 687 745 805 600 653 777 962 944 618 803 841 515
internal_value=5.40942e-08 -7.96159e-08 6.5172e-08 -1.10843e-07 -2.49301e-07 -1.05827e-07 -2.79694e-07 -9.24267e-08 -3.30818e-06 1.4859e-07 4.10175e-07 5.98376e-07 3.95952e-07 7.03638e-07 4.13373e-07 -1.05146e-08 2.77996e-07 -2.68822e-06 -3.56509e-09 2.31778e-07 3.50989e-06 -2.0124e-06 4.92392e-07 1.55301e-07 -1.47402e-07 2.21093e-07 -1.58648e-07 -1.67856e-06 6.56412e-07 -4.68452e-08 8.05262e-07 -2.66305e-07
internal_weight=23244 22687 22146 21542 20999 20465 19774 18845 1314 17531 16051 15402 14557 12908 12266 10789 10209 1480 9580 9010 1477 1649 8459 7518 6713 6113 5460 1906 3554 2777 1974 1356
internal_count=23244 22687 22146 21542 20999 20465 19774 18845 1314 17531 16051 15402 14557 12908 12266 10789 10209 1480 9580 9010 1477 1649 8459 7518 6713 6113 5460 1906 3554 2777 1974 1356
is_linear=0
shrinkage=0.0329122


Tree=123
num_leaves=33
num_cat=0
split_feature=17 12 17 20 37 0 16 38 12 20 0 37 4 29 45 44 40 13 1 7 13 2 3 9 9 24 25 1 22 18 16 55
split_gain=1.5372e-05 1.89349e-05 1.57517e-05 1.43226e-05 1.37797e-05 1.20795e-05 1.1309e-05 1.23386e-05 3.37379e-05 1.23713e-05 1.24033e-05 1.20026e-05 1.25866e-05 1.17137e-05 1.03178e-05 9.51148e-06 1.89301e-05 6.65428e-06 5.6417e-06 5.07442e-06 9.89849e-06 6.97243e-06 5.83171e-06 5.78861e-06 9.05783e-06 5.88151e-06 7.11479e-06 6.16188e-06 5.7865e-06 9.20303e-06 3.55366e-06 3.03407e-07
threshold=-0.016065244030153889 -0.076263177026535803 -0.093353902947168527 11.150375939849626 -0.0020110613429319964 23.500000000000004 0.047534702139965308 0.002562461013165263 -0.74847419150757311 0.11240467487929247 193.50000000000003 -0.0010531861793577899 -0.31782276703431728 8.5000000000000018 -0.0031331601232976176 0.0036418819742869428 0.0019436364323222046 -0.0045047630898166725 58.86231450971281 0.38780389445788693 -0.38243431826272684 -0.31018816463611837 0.30890684453438777 -0.80752155892116984 -0.53665472458575902 -0.99999999999989331 -0.33333333333332538 114.16599462365595 -0.93123589949624497 -0.18186029328117517 0.90840080971659931 1427.0000000000002
decision_type=10 10 10 10 8 10 8 10 8 8 10 8 8 2 8 10 10 10 10 8 10 2 2 8 8 8 8 10 10 10 8 2
left_child=1 3 -3 4 -1 -5 -6 9 -9 13 11 12 -11 -8 -13 16 17 19 -14 20 -16 -22 23 -21 -25 -26 -27 30 -23 -30 -28 -32
right_child=-2 2 -4 5 6 -7 7 8 -10 10 -12 14 18 -15 15 -17 -18 -19 -20 22 21 28 -24 24 25 26 27 -29 29 -31 31 -33
leaf_value=-3.9576879028166327e-06 -4.3241667047267724e-06 1.1714170001328922e-06 8.5065091854622297e-06 7.1676842117241814e-06 4.0172906025940717e-06 5.1582345811398794e-07 8.4311713613395861e-07 2.1479987588277108e-06 -7.9751746106769499e-06 6.968530633564666e-06 -3.6150119942077164e-06 4.2657436141639328e-06 3.2291615960243568e-06 -5.1352632291436806e-06 -5.404069247522679e-06 -3.8333006492389382e-06 4.9557529826820453e-06 2.8682820148483593e-06 -1.2317480846504132e-06 2.953047323858042e-06 -3.483529229312394e-06 -2.2054382784180974e-06 2.996184056392972e-06 -3.5434466239352519e-06 3.0816974354226874e-06 -3.9599797516356746e-06 -2.6341259156938564e-06 2.8418769724436155e-06 3.5404371689219629e-06 -1.7199018485969898e-06 -2.0725496159525421e-07 7.2335432810751204e-07
leaf_weight=1022 838 818 518 532 718 666 582 684 745 598 814 641 659 910 564 669 841 723 575 566 706 695 696 902 610 523 681 724 897 602 816 709
leaf_count=1022 838 818 518 532 718 666 582 684 745 598 814 641 659 910 564 669 841 723 575 566 706 695 696 902 610 523 681 724 897 602 816 709
internal_value=5.23139e-08 2.16007e-07 4.01558e-06 -2.4904e-08 -2.35604e-07 3.46993e-06 -3.37902e-08 -1.9422e-07 -3.12949e-06 5.68897e-08 3.37428e-07 5.60914e-07 3.04964e-06 -2.80306e-06 1.98034e-07 -2.0615e-08 2.05992e-07 -1.77561e-07 1.15035e-06 -4.04821e-07 -1.41458e-06 -6.38617e-07 1.56859e-07 -2.00389e-07 -5.59921e-07 1.02376e-07 -4.23878e-07 2.07232e-07 2.76734e-07 1.42773e-06 -6.57344e-07 2.25252e-07
internal_weight=23244 22406 1336 21070 19872 1198 18850 18132 1429 16703 15211 14397 1832 1492 12565 11924 11255 10414 1234 9691 3464 2900 6227 5531 4965 4063 3453 2930 2194 1499 2206 1525
internal_count=23244 22406 1336 21070 19872 1198 18850 18132 1429 16703 15211 14397 1832 1492 12565 11924 11255 10414 1234 9691 3464 2900 6227 5531 4965 4063 3453 2930 2194 1499 2206 1525
is_linear=0
shrinkage=0.0329122


Tree=124
num_leaves=33
num_cat=0
split_feature=17 12 17 20 48 48 44 18 20 38 2 1 1 20 22 4 42 19 13 19 0 24 37 18 47 20 5 29 18 29 0 12
split_gain=1.43768e-05 1.77091e-05 1.47319e-05 1.33954e-05 1.37348e-05 1.34721e-05 3.6108e-05 1.94412e-05 1.94213e-05 1.87692e-05 3.29132e-05 1.1329e-05 1.62994e-05 1.0113e-05 9.4989e-06 9.88338e-06 1.47025e-05 9.37125e-06 1.33708e-05 8.97565e-06 8.37592e-06 1.32985e-05 9.4902e-06 8.23346e-06 8.63876e-06 7.92729e-06 6.64432e-06 6.57086e-06 5.4255e-06 3.53587e-06 3.14953e-06 2.56474e-06
threshold=-0.016065244030153889 -0.076263177026535803 -0.093353902947168527 11.150375939849626 30.014716666148214 86.494400238125152 0.0036418819742869428 -0.33832503914277495 0.1067577420468936 -0.0020050130350972579 0.018615163074253479 240.07699768159418 81.818592306380211 0.46460669689016149 -0.49699044872950077 -0.32205757584623029 0.0017050310772074309 -0.7433503107416185 -0.05544397801619174 0.44116410176420123 35.500000000000007 500.00000000004258 -0.0010095913728607739 -0.13448750093560327 -27.777777777776691 0.28874801615928447 -0.15914695934181369 5.5000000000000009 -0.0072865505248087539 20.500000000000004 32.500000000000007 -0.24951361867704278
decision_type=10 10 10 10 2 2 10 8 8 8 2 10 8 10 10 8 10 8 10 10 10 8 8 8 8 10 2 2 8 2 8 8
left_child=1 3 -3 5 -5 6 8 -7 -1 10 -10 12 13 -9 15 19 17 18 -17 25 22 26 -19 -24 -25 -11 -22 -27 -29 30 31 -26
right_child=-2 2 -4 4 -6 7 -8 11 9 14 -12 -13 -14 -15 -16 16 -18 20 -20 -21 21 -23 23 24 29 27 -28 28 -30 -31 -32 -33
leaf_value=-4.6834057149908652e-06 -4.1818491059837941e-06 1.1328631632092708e-06 8.2265417212532306e-06 -7.0217913394420884e-07 6.4158399774318226e-06 6.7955000401626775e-06 -6.7189649255808224e-06 -1.7060492918651072e-06 1.4040587768979165e-06 -1.8744044851310676e-06 -1.009223761411149e-05 3.9447758207265644e-06 -5.513613117550945e-06 4.0874915471189516e-06 4.4190905432741395e-06 5.1877173595719796e-06 -4.3303545038624726e-06 3.994621640595512e-06 -1.4289009263989396e-06 4.5872303502539423e-06 -3.5303122519517808e-06 -6.5272515719016902e-06 -3.9225745797962691e-06 4.2271996355779479e-06 -8.383589514775171e-07 -1.0037734460939333e-06 1.0182476171665416e-06 5.3293297976721269e-06 1.2902536122793384e-06 1.429108699948215e-06 3.4618070009208952e-07 -3.9197041014583544e-06
leaf_weight=990 838 818 518 515 683 651 985 667 564 867 517 721 577 639 612 830 911 662 550 862 536 555 570 527 668 607 991 644 818 871 959 521
leaf_count=990 838 818 518 515 683 651 985 667 564 867 517 721 577 639 612 830 911 662 550 862 536 555 570 527 668 607 991 644 818 871 959 521
internal_value=5.05927e-08 2.08899e-07 3.88343e-06 -2.40833e-08 3.35573e-06 -2.2785e-07 -6.07133e-07 1.70835e-06 -2.22001e-07 7.96354e-08 -4.09396e-06 4.36472e-07 -9.06735e-07 1.12844e-06 4.12346e-07 2.2296e-07 -3.62799e-07 7.58192e-08 2.55049e-06 1.63436e-06 -4.21968e-07 -2.16416e-06 3.37141e-07 -2.51058e-07 3.39054e-07 7.67332e-07 -5.78216e-07 1.87444e-06 3.06959e-06 -3.39589e-07 -1.05689e-06 -2.18875e-06
internal_weight=23244 22406 1336 21070 1198 19872 16617 3255 15632 14642 1081 2604 1883 1306 13561 12949 9151 8240 1380 3798 6860 2082 4778 4116 3546 2936 1527 2069 1462 3019 2148 1189
internal_count=23244 22406 1336 21070 1198 19872 16617 3255 15632 14642 1081 2604 1883 1306 13561 12949 9151 8240 1380 3798 6860 2082 4778 4116 3546 2936 1527 2069 1462 3019 2148 1189
is_linear=0
shrinkage=0.0329122


Tree=125
num_leaves=35
num_cat=0
split_feature=17 37 41 41 37 25 47 0 47 25 48 39 39 31 12 37 47 24 47 15 45 9 20 12 22 45 8 12 9 29 17 7 48 31
split_gain=1.50551e-05 1.57553e-05 1.62544e-05 2.21281e-05 1.28976e-05 1.0368e-05 1.78435e-05 1.51475e-05 1.67491e-05 1.65023e-05 1.27704e-05 1.61286e-05 1.34754e-05 1.14764e-05 1.08345e-05 1.046e-05 9.17652e-06 8.68039e-06 7.52574e-06 1.22257e-05 6.96957e-06 6.38824e-06 1.06413e-05 6.00923e-06 7.44058e-06 6.58353e-06 5.67903e-06 8.27133e-06 5.63604e-06 5.21078e-06 4.48566e-06 4.02698e-06 2.23437e-06 7.8136e-08
threshold=-0.014733922129478138 -0.0036199124669130107 0.0043891757211476099 0.0037570459314744124 -0.0020304589455630846 -0.49873865040568027 -66.66666666667146 243.50000000000003 64.81481481480877 -0.9913941737356935 19.62812992603207 -0.0036155471796771028 -0.0020387381021655378 45.500000000000007 -0.43176527320496189 0.0019361102364565677 -90.236928104576165 -2000.9999999999216 66.66666666666633 0.07725582739135238 -0.0016116045919692399 -0.48843823328481889 0.63215413018879174 -0.46168526130358184 -0.71373297410567271 -0.0010015025045084778 -0.27499999999999852 -0.54510081358330364 -0.50595472518470663 13.500000000000002 -0.11254413868679795 1.0109656965170275 41.158169220144529 123.50000000000001
decision_type=10 8 10 10 8 10 8 10 10 10 2 10 10 2 8 10 8 8 10 10 8 10 10 8 8 8 10 10 10 2 8 8 2 2
left_child=1 -1 3 4 -3 6 -6 8 15 14 12 -12 -7 30 29 17 -15 -8 23 -20 -14 26 -23 28 25 -25 32 -28 -18 -10 -13 -26 33 -19
right_child=-2 2 -4 -5 5 10 7 -9 9 -11 11 13 20 16 -16 -17 18 21 19 -21 -22 22 -24 24 31 -27 27 -29 -30 -31 -32 -33 -34 -35
leaf_value=5.2758660523564186e-06 -4.5359485816375431e-06 -4.115090801408107e-06 5.5568398927113207e-06 -6.2921747639736886e-06 -4.7034297030258341e-06 -5.8902738760121946e-06 -3.8403737424213984e-06 5.3096316376162803e-06 2.2590325361697629e-06 -7.4602556811268339e-06 6.6126168719276518e-06 6.5063379152518308e-06 2.5626189679492471e-06 4.3998720091550778e-06 -5.1000153723805572e-06 4.8782686632940745e-06 3.4968922704747019e-06 -3.0222865727204472e-08 -9.239166546496854e-07 5.7132327134352243e-06 -1.8542855809372144e-06 4.9760463941735586e-06 -4.4292266332132102e-07 5.6631133048398819e-08 2.0617169181290695e-06 -4.5131524461963845e-06 -3.8423594178301688e-06 6.0902489931200154e-07 -6.979518703289132e-07 -1.9101226127936902e-06 2.178183787128981e-06 -1.6664318554528923e-06 2.7479844802675144e-06 5.1327263392550469e-07
leaf_weight=640 756 767 563 609 988 518 545 538 746 594 642 523 736 621 537 546 657 547 588 615 816 788 782 522 738 987 872 939 735 575 515 546 589 600
leaf_count=640 756 767 563 609 988 518 545 538 746 594 642 523 736 621 537 546 657 547 588 615 816 788 782 522 738 987 872 939 735 575 515 546 589 600
internal_value=3.24881e-08 1.85834e-07 3.69652e-08 -1.08781e-07 7.30195e-08 2.34088e-07 -5.0039e-07 -4.88965e-08 -3.8182e-07 -2.68491e-06 1.00073e-06 1.61848e-06 -1.2938e-06 1.16347e-06 -1.15812e-06 5.27806e-07 6.11402e-07 1.08241e-07 1.74715e-07 2.46895e-06 2.40182e-07 5.28843e-07 2.27677e-06 -4.8472e-07 -1.3652e-06 -2.9322e-06 -2.44773e-07 -1.5342e-06 1.28178e-06 4.44125e-07 4.35916e-06 4.76204e-07 1.10023e-06 2.53882e-07
internal_weight=23280 22524 21884 21321 20712 19945 10186 9198 8660 2452 9759 7689 2070 7047 1858 6208 6009 5662 5388 1203 1552 5117 1570 4185 2793 1509 3547 1811 1392 1321 1038 1284 1736 1147
internal_count=23280 22524 21884 21321 20712 19945 10186 9198 8660 2452 9759 7689 2070 7047 1858 6208 6009 5662 5388 1203 1552 5117 1570 4185 2793 1509 3547 1811 1392 1321 1038 1284 1736 1147
is_linear=0
shrinkage=0.0329122


Tree=126
num_leaves=33
num_cat=0
split_feature=17 38 26 41 26 41 9 38 9 43 36 11 15 26 39 26 19 24 16 18 13 16 30 22 47 42 19 47 43 11 29 55
split_gain=1.40804e-05 1.40352e-05 1.44829e-05 1.91617e-05 1.64127e-05 1.81573e-05 2.42233e-05 1.42198e-05 9.86105e-06 1.1513e-05 8.46858e-06 2.67699e-05 9.48681e-06 7.0906e-06 6.95126e-06 9.21694e-06 8.0639e-06 7.68189e-06 8.27988e-06 8.41569e-06 6.34511e-06 7.55438e-06 6.26247e-06 6.12232e-06 1.24398e-05 5.63487e-06 7.24143e-06 5.89357e-06 6.73819e-06 8.14243e-06 5.37332e-06 1.17051e-06
threshold=-0.014733922129478138 -0.0036079387670091552 0.0050933207157777584 0.0043891757211476099 -0.00013670073200262821 0.0030441470828083132 -0.72685897083859619 0.0024405134161230584 -0.30525391534960394 -0.001276324706127707 0.0016764471125200189 -0.43453838398386863 0.25881507925734465 0.0019318496308721722 0.0010085731258747679 -0.0082331862533525247 -1.9857221615059186 1750.0000000000073 0.83105139391689109 -0.27876526551561592 -0.22665709612633242 0.11100668337510443 13.500000000000002 -0.76300234651142052 28.571428571423866 0.001668057874234852 0.29926425608830703 47.619047618989143 -1.0000000180025095e-35 -0.49248862482608197 15.500000000000002 2345.0000000000005
decision_type=10 8 10 10 10 10 10 10 10 10 10 8 10 10 8 8 10 10 10 8 8 10 2 8 10 8 10 10 10 8 2 2
left_child=1 -1 3 4 5 7 -7 10 9 -6 12 -12 14 -10 16 -16 -3 18 19 -18 -17 31 -21 24 -11 26 27 28 -24 -30 -23 -22
right_child=-2 2 -4 -5 8 6 -8 -9 13 23 11 -13 -14 -15 15 20 17 -19 -20 22 21 30 25 -25 -26 -27 -28 -29 29 -31 -32 -33
leaf_value=4.8012458263917831e-06 -4.386660801293548e-06 -2.3808498501171666e-06 -4.3297775839746547e-06 6.4192811384431165e-06 7.7256930209923178e-06 1.0115460818371105e-06 -7.9880221942723281e-06 4.232478643040967e-06 1.9729188325338589e-06 -1.6340896573199905e-07 -7.8693336721661493e-06 1.7185627055976504e-06 -4.294368416696902e-06 -3.1645362236164843e-06 -4.7264346534901691e-06 2.104827008571006e-06 4.1970915419191101e-06 4.7666168788373004e-06 -2.7129113138158665e-06 -2.6290546031288038e-06 -3.8815321002085452e-07 -9.74803650885587e-07 -2.2313681907083625e-07 -7.8998546030010636e-07 6.6371587169140116e-06 3.8119375913309984e-06 -2.1350419902857846e-06 -1.6119752638645313e-06 2.715837296824352e-07 5.0394388468207199e-06 -4.7820937203622027e-06 1.276973609327733e-06
leaf_weight=690 756 823 794 523 516 572 747 792 656 548 605 659 549 523 586 916 837 558 674 565 878 944 962 538 622 679 847 616 623 1029 699 954
leaf_count=690 756 823 794 523 516 572 747 792 656 548 605 659 549 523 586 916 837 558 674 565 878 944 962 538 622 679 847 616 623 1029 699 954
internal_value=3.14189e-08 1.79718e-07 3.3658e-08 1.98335e-07 3.9745e-08 -3.75335e-07 -4.08508e-06 -6.55296e-08 2.12729e-06 3.41726e-06 -2.92434e-07 -2.8704e-06 -5.52425e-08 -3.05843e-07 1.21183e-07 -8.4938e-07 7.09362e-07 1.05354e-06 7.50243e-07 1.12933e-06 -3.31916e-07 -9.743e-07 6.4672e-07 2.11551e-06 3.45174e-06 1.03592e-06 5.73536e-07 1.28387e-06 1.96638e-06 3.24153e-06 -2.59472e-06 4.78824e-07
internal_weight=23280 22524 21834 21040 20517 17114 1319 15795 3403 2224 15003 1264 13739 1179 13190 4977 8213 7390 6832 6158 4391 3475 5321 1708 1170 4756 4077 3230 2614 1652 1643 1832
internal_count=23280 22524 21834 21040 20517 17114 1319 15795 3403 2224 15003 1264 13739 1179 13190 4977 8213 7390 6832 6158 4391 3475 5321 1708 1170 4756 4077 3230 2614 1652 1643 1832
is_linear=0
shrinkage=0.0329122


Tree=127
num_leaves=34
num_cat=0
split_feature=20 37 39 48 24 40 13 47 31 42 7 44 39 15 20 7 10 11 30 27 29 8 39 26 44 48 26 22 47 22 11 20 22
split_gain=1.4114e-05 2.3342e-05 2.11463e-05 1.97642e-05 1.83972e-05 1.81351e-05 1.6156e-05 1.59006e-05 1.49352e-05 2.3516e-05 1.9779e-05 1.13358e-05 2.35756e-05 9.23635e-06 8.65253e-06 1.48571e-05 8.57185e-06 9.03119e-06 1.03265e-05 8.03398e-06 1.10252e-05 9.38814e-06 7.95905e-06 7.77592e-06 7.76551e-06 5.67984e-06 8.13865e-06 5.42751e-06 4.90245e-06 4.87083e-06 4.03557e-06 3.60031e-06 3.11752e-06
threshold=0.66224991224991236 -0.0020060200722730177 -0.0036596553964012841 21.88191431795692 -1999.9999999999925 -0.0015760451079261937 -0.091073640621385843 -91.954022988544594 45.500000000000007 0.0012084596557021545 0.86731742821533231 0.0042298207581771283 0.0031007751937984778 0.1831986236586037 0.072016949152542378 0.039934756308330467 -1.2180451127819545 -0.35555864278242671 14.500000000000002 0.43103096527794799 18.500000000000004 -0.049999999999998927 0.0025559115866903297 -0.0060961102003878297 0.001046572761725262 12.506302923409566 -0.0064971272832022317 -0.70233551435841501 37.037037037100639 -0.87112833960399783 -0.68882362550865828 8.2456896551724181 -0.74416121410396208
decision_type=8 10 8 2 8 8 10 10 2 10 8 8 8 8 10 10 10 10 2 10 2 8 8 8 8 2 10 8 8 8 10 8 10
left_child=1 -1 -2 6 -3 7 25 -5 9 10 -7 12 14 -8 -6 -16 17 18 -17 21 24 -10 27 -20 29 26 31 28 -23 -21 -25 -4 -31
right_child=2 4 3 5 11 8 13 -9 19 -11 -12 -13 -14 -15 15 16 -18 -19 23 20 -22 22 -24 30 -26 -27 -28 -29 -30 32 -32 -33 -34
leaf_value=-7.0791009854816579e-06 5.6934230588247602e-06 -4.7579144775759787e-06 2.3856717212810101e-06 8.7631377604674849e-06 -3.1474937440051958e-06 -4.1137796637868791e-06 -1.7730151271630821e-06 1.5944946868092677e-06 4.959725790461228e-06 8.6497439037746922e-06 4.8459146613305167e-06 3.9378736248118032e-06 -6.3867051301637729e-06 -7.2145746736150961e-06 5.6235256340066831e-06 2.6706440475465037e-06 -3.2272674783831342e-06 3.3807350899840797e-06 -4.5759505907531635e-06 -3.5016563146874316e-06 -4.9969055414443247e-06 6.9826025760153685e-07 -2.7514657712106354e-06 2.025585254532299e-06 2.543952256207181e-06 2.4297593309608806e-06 -4.5417254196131477e-06 -7.5366508820855684e-07 4.7892775807752982e-06 1.6916952638937402e-06 -1.958971090960331e-06 -9.8907468830737964e-07 -1.7361920939481583e-06
leaf_weight=639 849 983 537 585 699 523 668 785 546 589 545 728 640 684 599 861 705 1011 653 743 683 675 717 530 744 701 523 867 599 555 573 945 596
leaf_count=639 849 983 537 585 699 523 668 785 546 589 545 728 640 684 599 861 705 1011 653 743 683 675 717 530 744 701 523 867 599 555 573 945 596
internal_value=3.03835e-08 -1.02633e-06 6.51858e-07 3.419e-07 -5.41751e-07 1.14509e-06 -1.58822e-06 4.65572e-06 5.7126e-07 3.37008e-06 4.58135e-07 5.03706e-08 -4.00893e-07 -4.52616e-06 2.79393e-07 7.65124e-07 9.34386e-08 7.38788e-07 -2.81763e-07 -1.18317e-07 -1.27004e-06 1.00525e-06 2.49701e-07 -1.72951e-06 -3.05035e-07 -1.20252e-07 -1.01192e-06 1.25487e-06 2.62192e-06 -1.42429e-06 -4.41537e-08 2.33604e-07 -8.31024e-08
internal_weight=23280 8621 14659 13810 7982 9752 4058 1370 8382 1657 1068 6999 6271 1352 5631 4932 4333 3628 2617 6725 3321 3404 2858 1756 2638 2706 2005 2141 1274 1894 1103 1482 1151
internal_count=23280 8621 14659 13810 7982 9752 4058 1370 8382 1657 1068 6999 6271 1352 5631 4932 4333 3628 2617 6725 3321 3404 2858 1756 2638 2706 2005 2141 1274 1894 1103 1482 1151
is_linear=0
shrinkage=0.0329122


Tree=128
num_leaves=33
num_cat=0
split_feature=17 37 37 0 8 37 4 4 13 39 0 11 47 11 10 39 38 1 5 48 12 0 22 19 13 18 20 12 39 31 29 29
split_gain=1.33223e-05 1.38756e-05 1.32461e-05 1.629e-05 1.40997e-05 1.85416e-05 1.57004e-05 1.29737e-05 1.43392e-05 1.08897e-05 1.99808e-05 1.26062e-05 1.38107e-05 1.56815e-05 1.52653e-05 1.46713e-05 1.36811e-05 1.13407e-05 1.04251e-05 1.22385e-05 9.9235e-06 9.14955e-06 8.01831e-06 7.55635e-06 6.68972e-06 8.71204e-06 6.67768e-06 4.93907e-06 5.18815e-06 4.55477e-06 1.40466e-06 2.05207e-06
threshold=-0.014733922129478138 -0.0036199124669130107 -0.0020304589455630846 458.50000000000006 -0.74999999999999989 0.0034782713898567912 -0.0045862258937228511 -0.020559474386664212 -0.55472649713019717 -0.0010443867077659095 57.500000000000007 -0.22103185048697024 -18.518518518505271 -0.49807303888080312 -2.2791353383458639 0.0013063362856021723 0.0020171462517495358 143.44545399582753 -0.14373813824942258 51.757971338990252 -0.35744172145845782 23.500000000000004 -0.82056175376786056 0.26730188024691165 -0.020880741388886435 -0.19205057070777684 1.8536904300658661 -0.46561794974812248 0.0018921492810907161 170.50000000000003 4.5000000000000009 21.500000000000004
decision_type=10 8 8 10 8 10 10 10 8 8 10 10 8 10 10 10 10 10 2 2 10 10 8 10 10 10 10 10 8 2 2 2
left_child=1 -1 -3 4 -4 6 7 8 -6 10 18 12 17 14 -14 23 24 21 -10 -20 22 -11 -13 29 25 26 27 28 -16 -15 -30 -32
right_child=-2 2 3 -5 5 -7 -8 -9 9 11 -12 20 13 15 16 -17 -18 -19 19 -21 -22 -23 -24 -25 -26 -27 -28 -29 30 -31 31 -33
leaf_value=4.9503986322207166e-06 -4.2681065613045365e-06 -4.1806980471261976e-06 4.3157952366790751e-06 5.6097338556864401e-06 -4.0284457670680396e-06 -5.4465474051419384e-06 5.1044481455968883e-06 -3.8302019461196564e-06 7.8260903355196425e-06 3.027051968539286e-06 -2.5993028265611908e-06 1.2756067311314253e-06 -4.8567273204772747e-06 8.411705603843138e-07 2.9639286949801643e-06 -8.0681772540824917e-06 5.0741310072441248e-06 4.4532926996301155e-06 -3.9812542630550073e-08 5.8840711731327873e-06 -1.1473466960453955e-06 -2.5086822571679502e-06 5.8994465037033487e-06 -5.3785037710682129e-06 -3.3990138726752897e-06 3.5497627935719153e-06 -3.8634269575218066e-06 -2.5962467138315117e-06 8.4008341333232711e-07 -2.7982772204481197e-06 -2.3536147924267188e-06 4.0386909998496172e-07
leaf_weight=640 756 779 801 584 873 688 644 969 523 551 707 830 696 825 791 546 585 971 898 652 700 783 796 528 635 713 524 595 847 679 562 609
leaf_count=640 756 779 801 584 873 688 644 969 523 551 707 830 696 825 791 546 585 971 898 652 700 783 796 528 635 713 524 595 847 679 562 609
internal_value=2.93832e-08 1.73635e-07 3.39278e-08 1.89503e-07 3.52397e-08 -1.38619e-07 5.32486e-08 -1.23646e-07 8.25322e-08 2.99449e-07 2.17834e-06 -7.9969e-08 -5.29078e-07 -1.10352e-06 -2.48443e-07 -3.27827e-06 2.98757e-07 1.7474e-06 3.80787e-06 2.45189e-06 2.12879e-06 -2.22012e-07 3.53932e-06 -1.9911e-06 -2.30691e-07 2.02763e-07 -4.04718e-07 1.27637e-07 7.04689e-07 -8.01753e-07 -1.80757e-07 -9.19339e-07
internal_weight=23280 22524 21884 21105 20521 19720 19032 18388 17419 16546 2780 13766 11440 9135 6557 2578 5861 2305 2073 1550 2326 1334 1626 2032 5276 4641 3928 3404 2809 1504 2018 1171
internal_count=23280 22524 21884 21105 20521 19720 19032 18388 17419 16546 2780 13766 11440 9135 6557 2578 5861 2305 2073 1550 2326 1334 1626 2032 5276 4641 3928 3404 2809 1504 2018 1171
is_linear=0
shrinkage=0.0329122


Tree=129
num_leaves=33
num_cat=0
split_feature=20 44 38 39 15 38 39 18 48 37 26 40 31 45 1 26 43 0 42 15 22 29 20 10 26 7 18 31 13 12 13 10
split_gain=1.31458e-05 2.17989e-05 2.1504e-05 1.49596e-05 2.13596e-05 1.37345e-05 1.37419e-05 1.73725e-05 1.35727e-05 2.26114e-05 1.14101e-05 1.13551e-05 1.07184e-05 1.02971e-05 1.02468e-05 8.93469e-06 1.20701e-05 1.70886e-05 9.35565e-06 9.38961e-06 8.81852e-06 8.72275e-06 1.03671e-05 8.93741e-06 9.25217e-06 9.43952e-06 9.36323e-06 8.56125e-06 6.6549e-06 2.76558e-06 2.65529e-06 1.69193e-07
threshold=0.66224991224991236 -0.0018501403436708694 -0.0036429993364300302 0.0019361102364565677 0.08761222560112053 -0.0020191827457216034 -0.0010443867077659095 inf 95.639145208549209 0.0038143689923081374 0.0031090336933505551 -0.0015760451079261937 151.50000000000003 -0.0012507822277847966 78.94898139656523 -0.0012305864722939907 0.001493652812172175 16.500000000000004 0.0012353309221869726 0.11176997436461725 -0.86640448743703058 18.500000000000004 0.89303051317614446 -1.8204887218045107 -0.0034149550282434903 0.44889798490912652 -0.38848038658511008 141.50000000000003 -0.097943460011232206 -0.50751137517391787 -0.062769451860861927 -1.4934210526315785
decision_type=8 8 8 10 8 8 8 8 2 8 10 8 2 8 10 10 10 10 8 8 10 2 10 10 10 8 10 2 10 8 8 10
left_child=1 -1 -2 5 -5 -4 7 12 9 10 15 -8 -7 14 -13 16 18 -18 19 28 -19 23 -23 -15 25 -25 -26 -21 -3 -27 -31 -32
right_child=2 8 3 4 -6 6 11 -9 -10 -11 -12 13 -14 21 -16 -17 17 20 -20 27 -22 22 -24 24 26 29 -28 -29 -30 30 31 -33
leaf_value=-7.4577707364489162e-06 6.0720383115270461e-06 3.0418271349002383e-06 -3.8607784708956031e-06 -3.5502582866854937e-07 8.6403967873427322e-06 2.5723811495591822e-06 3.7448871371295712e-06 5.8058620540725852e-06 3.4298905485906395e-06 -7.3031864434215504e-06 -4.8601700241780702e-06 -1.8420753983288564e-08 -2.6602060404858431e-06 3.4772293241943945e-06 -5.9911028939557601e-06 2.7677891159403764e-06 -7.4973685727031182e-06 2.35374459875533e-06 3.2876760230923726e-06 -5.8890843657247697e-06 -3.6005880158558418e-06 6.4429513387224652e-07 -4.5149012159773621e-06 -4.5587590186996641e-06 -1.137485768235905e-06 1.8908770864841249e-06 4.4840043076678612e-06 -9.5244173706590168e-08 -1.6393512972083529e-06 -2.4529367627128066e-06 -3.0940358270843753e-07 4.392851137046166e-07
leaf_weight=530 746 854 920 599 547 1006 694 1003 826 572 589 554 733 906 710 1008 578 565 940 522 515 764 942 663 540 561 791 587 535 649 577 754
leaf_count=530 746 854 920 599 547 1006 694 1003 826 572 589 554 733 906 710 1008 578 565 940 522 515 764 942 663 540 561 791 587 535 649 577 754
internal_value=2.84155e-08 -9.91412e-07 6.28195e-07 3.36285e-07 3.9384e-06 1.29316e-08 3.13771e-07 2.35637e-06 -5.67805e-07 -1.02236e-06 -4.85549e-07 -3.01339e-07 3.6668e-07 -6.35225e-07 -3.37351e-06 -6.33867e-08 -6.23444e-07 -2.92999e-06 4.88835e-07 -5.6428e-07 -4.85378e-07 -1.50906e-07 -2.20432e-06 4.92889e-07 -1.0327e-07 -1.06147e-06 2.20314e-06 -2.82258e-06 1.23862e-06 -1.48859e-07 -7.26899e-07 1.1455e-07
internal_weight=23280 8621 14659 13913 1146 12767 11847 2742 8091 7265 6693 9105 1739 8411 1264 6104 5096 1658 3438 2498 1080 7147 1706 5441 4535 3204 1331 1109 1389 2541 1980 1331
internal_count=23280 8621 14659 13913 1146 12767 11847 2742 8091 7265 6693 9105 1739 8411 1264 6104 5096 1658 3438 2498 1080 7147 1706 5441 4535 3204 1331 1109 1389 2541 1980 1331
is_linear=0
shrinkage=0.0329122


Tree=130
num_leaves=32
num_cat=0
split_feature=42 41 28 49 52 13 13 38 20 7 11 10 45 12 1 3 0 26 37 9 45 11 31 45 20 44 13 0 37 27 55
split_gain=2.05289e-05 1.8006e-05 1.32258e-05 1.29849e-05 1.24219e-05 1.06788e-05 1.1582e-05 1.63254e-05 1.45019e-05 1.69704e-05 1.32753e-05 1.31848e-05 9.97613e-06 1.14246e-05 9.16952e-06 1.61058e-05 1.01285e-05 1.19457e-05 9.47394e-06 8.84862e-06 8.42261e-06 8.0977e-06 8.01655e-06 6.78974e-06 6.18992e-06 5.10992e-06 3.84538e-06 8.65865e-06 4.54069e-06 5.11565e-06 9.78072e-07
threshold=-0.0044643079575292779 -0.0037712145633829182 0.99850249550848369 3.5659581560506628 0.3002164181104528 -0.46554313586058338 -0.34301261108163106 0.0033585246179008714 0.072016949152542378 0.180831524844037 -0.083884174165209588 -1.365601503759398 0.003347282678722419 -0.29000858214011466 131.19194296890515 0.14352917336169288 18.500000000000004 -0.0058739742310872116 0.0015048917474408399 -0.40369007410394714 0.0010723863672954528 -0.41129554947429064 23.500000000000004 -0.0015003759381570501 0.42710950586264657 -0.0012507822277847966 -0.10205668049988605 20.500000000000004 -0.0012586537395244399 -6.3758787430488946 4372.5000000000009
decision_type=8 8 10 8 10 8 8 10 8 8 10 8 8 8 10 2 10 10 10 10 8 8 2 8 10 8 8 10 10 8 2
left_child=-1 -2 3 -3 5 20 11 8 -8 12 14 -7 13 19 18 16 17 -16 22 24 21 -5 -11 -24 -10 -25 27 -27 30 -30 -28
right_child=1 2 -4 4 -6 6 7 -9 9 10 -12 -13 -14 -15 15 -17 -18 -19 -20 -21 -22 -23 23 25 -26 26 28 -29 29 -31 -32
leaf_value=-6.3747630137851266e-06 5.5037721853548686e-06 3.469627132538103e-06 3.8616369009896378e-06 -3.3633049340671239e-06 -5.4702881291729722e-06 5.4881729011145943e-06 -4.5887769818600352e-06 -5.070192219663148e-06 5.771364279699306e-07 -4.1300875942935072e-06 -5.0844826834095702e-06 -7.442361763375989e-07 6.2624803305072662e-06 4.9454515505736134e-06 1.7057711840384607e-06 -2.5713622796908195e-06 -1.7503444609806167e-07 7.3072613814873767e-06 -4.4142178122390198e-06 2.8792867429888395e-06 -5.2629197384161925e-06 2.2016770887199817e-06 2.4706475559106861e-06 -3.5917731212447534e-06 -4.4281030277596336e-06 -4.7187633912989115e-06 -1.4061635037520441e-07 3.5031407951065614e-07 -7.1597844623671856e-07 3.1492180667795235e-06 -1.8064919383748567e-06
leaf_weight=549 641 967 880 622 517 830 735 743 548 581 626 660 569 715 992 909 974 706 715 706 782 520 952 537 523 583 997 976 593 990 619
leaf_count=549 641 967 880 622 517 830 735 743 548 581 626 660 569 715 992 909 974 706 715 706 782 520 952 537 523 583 997 976 593 990 619
internal_value=-8.59939e-08 6.60365e-08 -9.1908e-08 -2.56129e-07 -4.34321e-07 -3.02167e-07 -5.00961e-08 -3.04171e-07 -7.6371e-08 1.47543e-07 -4.21061e-07 2.72735e-06 2.33027e-06 1.43233e-06 -1.58608e-07 1.21278e-06 2.50021e-06 4.03491e-06 -8.09698e-07 1.86546e-08 -2.63134e-06 -8.29137e-07 -4.32214e-07 -8.82583e-08 -1.86685e-06 -5.48373e-07 -2.04839e-07 -1.54516e-06 4.48281e-07 1.70115e-06 -7.78862e-07
internal_weight=23257 22708 22067 21187 20220 19703 17779 16289 15546 14811 11750 1490 3061 2492 11124 3581 2672 1698 7543 1777 1924 1142 6828 6247 1071 5295 4758 1559 3199 1583 1616
internal_count=23257 22708 22067 21187 20220 19703 17779 16289 15546 14811 11750 1490 3061 2492 11124 3581 2672 1698 7543 1777 1924 1142 6828 6247 1071 5295 4758 1559 3199 1583 1616
is_linear=0
shrinkage=0.0329122


Tree=131
num_leaves=36
num_cat=0
split_feature=42 45 4 48 37 37 0 10 2 29 23 15 23 45 19 40 13 5 0 4 7 55 40 3 30 47 39 15 42 10 16 0 12 55 13
split_gain=1.91998e-05 1.53887e-05 1.40608e-05 1.42296e-05 2.73964e-05 2.56798e-05 1.32124e-05 1.18938e-05 2.05675e-05 1.39127e-05 1.38767e-05 1.207e-05 1.05183e-05 9.78188e-06 1.37639e-05 1.38398e-05 1.14014e-05 1.34317e-05 1.14364e-05 1.12969e-05 9.21755e-06 8.86357e-06 8.4675e-06 8.29024e-06 8.04168e-06 7.2548e-06 6.75222e-06 1.13472e-05 6.39146e-06 6.23742e-06 5.89711e-06 5.792e-06 5.63153e-06 4.14775e-06 4.02281e-06
threshold=-0.0044643079575292779 -0.0037712145633829182 -0.92111744879439972 56.279714509581389 0.0031670645348953479 0.0015048917474408399 200.50000000000003 -1.4201127819548869 0.33008630389422883 8.5000000000000018 0.12500000000000358 0.17572862636156797 0.049999999999998941 0.0010055306714660264 -0.2047969230620765 -0.0036429993364299747 -0.27221656280056156 -0.20359401991262879 29.500000000000004 -0.41677284263562814 0.180831524844037 -2308.4999999999995 0.0014609211593460405 0.033340555392342548 15.500000000000002 55.555555555553013 0.0010723863672954528 0.072016813925285625 0.0016849211621555729 -1.3129699248120297 0.4839655958077011 10.500000000000002 -0.53044936180733682 8747.0000000000018 -0.12261244650999069
decision_type=8 8 8 2 10 10 10 10 2 2 10 10 8 10 8 10 10 2 10 10 10 2 8 2 2 8 8 8 10 10 10 10 10 2 10
left_child=-1 -2 -3 5 13 6 7 10 11 -10 21 12 26 14 -5 -16 18 -18 -15 32 28 -4 -7 -21 30 -22 27 -9 -19 -14 -23 -26 -17 -32 -29
right_child=1 2 3 4 -6 22 -8 8 9 -11 -12 -13 29 16 15 19 17 20 -20 23 25 24 -24 -25 31 -27 -28 34 -30 -31 33 -33 -34 -35 -36
leaf_value=-6.1649558797177596e-06 4.1351830450195326e-06 -5.1676157703109319e-06 -4.3516366584191405e-06 5.783321223075572e-06 7.75947799666645e-06 -2.3941048959850652e-06 -5.321659450879284e-06 2.828799700110964e-06 8.1051409787929401e-07 7.5819331232821723e-06 -5.7187002526213491e-06 4.2637104166648133e-06 4.3336994712032871e-06 -6.369079848716724e-06 -3.1937447366530536e-06 1.7020753616174985e-06 5.2685093332835743e-06 4.2107349539300356e-06 -3.3193854273004658e-07 2.3102927843573168e-06 -5.1061196799796428e-06 -5.90062902492432e-07 -7.7161583719102383e-06 -2.8516500568810577e-06 2.7001526586360521e-07 -3.6954656126154036e-07 -5.1783340647179357e-06 -4.6141791060790418e-06 -8.0867610768476634e-07 -1.9178923091188593e-07 5.1343051153252896e-06 -4.4966724692725359e-06 6.1861513597512983e-06 1.1710607218720384e-06 -1.0471039395505914e-06
leaf_weight=549 963 581 542 731 606 637 518 573 584 752 639 613 547 615 734 543 543 589 760 707 549 884 659 644 566 968 555 632 515 831 527 539 688 626 748
leaf_count=549 963 581 542 731 606 637 518 573 584 752 639 613 547 615 734 543 543 589 760 707 549 884 659 644 566 968 555 632 515 831 527 539 688 626 748
internal_value=-8.31646e-08 6.38617e-08 -1.1643e-07 2.22253e-08 9.96175e-07 -7.25546e-07 -1.94435e-07 6.70015e-08 1.03638e-06 4.62214e-06 -1.24138e-06 -2.83745e-08 -7.05492e-07 5.18795e-07 1.69529e-06 7.9403e-07 -5.30126e-07 5.57211e-07 -3.03235e-06 1.92775e-06 -4.18754e-07 -4.64709e-07 -5.10048e-06 -1.50153e-07 2.05719e-07 -2.08386e-06 -1.97476e-06 -1.06426e-06 1.86905e-06 1.60445e-06 1.43213e-06 -2.05489e-06 4.20839e-06 2.98273e-06 -2.68089e-06
internal_weight=23257 22708 21745 21164 9192 11972 10676 10158 5835 1336 4323 4499 3886 8586 4047 3316 4539 3164 1375 2582 2621 3684 1296 1351 3142 1517 2508 1953 1104 1378 2037 1105 1231 1153 1380
internal_count=23257 22708 21745 21164 9192 11972 10676 10158 5835 1336 4323 4499 3886 8586 4047 3316 4539 3164 1375 2582 2621 3684 1296 1351 3142 1517 2508 1953 1104 1378 2037 1105 1231 1153 1380
is_linear=0
shrinkage=0.0329122


Tree=132
num_leaves=35
num_cat=0
split_feature=42 41 17 1 37 24 43 31 29 41 1 30 17 19 37 3 21 13 12 7 0 44 37 0 4 48 9 18 9 3 20 20 3 10
split_gain=1.79568e-05 1.64699e-05 1.14133e-05 1.45004e-05 5.69366e-05 2.88368e-05 2.06831e-05 1.78997e-05 1.51423e-05 1.45941e-05 1.77839e-05 1.09577e-05 1.33038e-05 1.133e-05 1.07123e-05 1.11675e-05 1.05676e-05 1.01322e-05 1.04802e-05 1.36342e-05 8.41487e-06 1.1273e-05 1.07719e-05 9.21872e-06 8.21794e-06 8.4621e-06 7.44454e-06 6.65457e-06 5.84546e-06 4.67699e-06 2.88296e-06 3.36294e-06 2.60198e-06 1.46557e-06
threshold=-0.0044643079575292779 -0.0037712145633829182 -0.017419719592503522 160.01338348027883 0.0037059927665613617 -1999.9999999999925 -0.0020030050090170111 24.500000000000004 14.500000000000002 -0.0030007518763140446 1353.7674323144049 13.500000000000002 -0.083766196588496461 -0.10576258440328699 0.0013937288998185917 0.040832018209147759 0.017663855168054934 -0.30140378970559584 -0.72065908217040231 0.38404381978997731 29.500000000000004 0.0012262420305545476 0.0016299929327119325 94.500000000000014 -0.29896726251426226 35.248380540496775 -0.58583833958173348 -0.34184364750390778 -0.55664196776411268 -0.13937832489441185 0.35280987394957991 0.95206382978723425 0.28928436138269825 -1.465225563909774
decision_type=8 8 10 10 8 8 8 2 2 10 10 2 10 10 10 2 2 10 10 10 8 10 8 10 10 2 10 10 10 2 10 10 2 10
left_child=-1 -2 3 5 9 -3 -7 8 -8 -5 14 13 16 -9 15 17 20 -11 -19 -20 22 23 24 30 25 -13 -27 -14 -17 -23 33 -32 -30 -22
right_child=1 2 -4 4 -6 6 7 11 -10 10 -12 12 27 -15 -16 28 -18 18 19 -21 21 29 -24 -25 -26 26 -28 -29 32 -31 31 -33 -34 -35
leaf_value=-5.9620539187554221e-06 5.2623826882445279e-06 -7.3767301874752435e-06 -4.7665971994169273e-06 5.1096876323320755e-06 1.0826539996357226e-05 4.6157932004198292e-06 -4.3112478115310469e-07 3.0567890167345621e-07 -8.1179141905647582e-06 -2.6800996003944308e-06 -4.4742266327348387e-06 3.9116438764783367e-06 5.9287958045122418e-06 -5.2322906884882611e-06 3.7214116425999464e-06 -4.9386211579705905e-06 3.3944577770131929e-06 -1.5118868776099622e-06 7.2986501917081496e-06 6.6336192362770829e-07 1.6775814949774186e-07 4.4336712588704713e-07 -5.509667529532867e-06 -3.9514974736060392e-06 -3.3390494305510619e-06 1.41591519165483e-06 -3.9049373117820588e-06 1.0641965662309623e-06 -2.4505885251878258e-06 4.4642971037899268e-06 3.4023584964346427e-06 -1.4326553988310112e-07 8.4802340211920374e-07 -1.84792195559872e-06
leaf_weight=549 641 644 551 628 614 885 516 731 601 546 883 532 590 884 958 574 787 528 667 675 870 517 697 742 958 599 543 630 517 796 517 659 519 709
leaf_count=549 641 644 551 628 614 885 516 731 601 546 883 532 590 884 958 574 787 528 667 675 870 517 697 742 958 599 543 630 517 796 517 659 519 709
internal_value=-8.04285e-08 6.17586e-08 -8.92983e-08 3.04713e-08 1.2468e-06 -5.69699e-07 -2.51167e-07 -5.85652e-07 -4.56719e-06 3.41152e-07 -1.6923e-07 -2.07486e-07 1.93298e-07 -2.72549e-06 5.93428e-07 -1.5083e-07 -2.47282e-07 1.26413e-06 2.41588e-06 3.9614e-06 -5.99447e-07 2.80909e-07 -1.87152e-06 -6.95348e-07 -9.07992e-07 4.83122e-07 -1.11385e-06 3.41694e-06 -2.27428e-06 2.88121e-06 1.81543e-07 1.41529e-06 -7.97878e-07 -7.37174e-07
internal_weight=23257 22708 22067 21516 7109 14407 13763 12878 1117 6495 5867 11761 10146 1615 4984 4026 8926 2416 1870 1342 8139 4810 3329 3497 2632 1674 1142 1220 1610 1313 2755 1176 1036 1579
internal_count=23257 22708 22067 21516 7109 14407 13763 12878 1117 6495 5867 11761 10146 1615 4984 4026 8926 2416 1870 1342 8139 4810 3329 3497 2632 1674 1142 1220 1610 1313 2755 1176 1036 1579
is_linear=0
shrinkage=0.0329122


Tree=133
num_leaves=35
num_cat=0
split_feature=42 41 28 49 52 13 13 38 20 7 11 10 48 45 12 22 9 16 0 37 44 43 13 12 47 22 3 20 3 10 15 37 10 48
split_gain=1.67943e-05 1.54036e-05 1.20945e-05 1.21047e-05 1.14447e-05 9.62856e-06 1.11174e-05 1.51815e-05 1.32795e-05 1.52414e-05 1.24623e-05 1.22534e-05 9.58038e-06 9.55114e-06 1.0576e-05 9.43653e-06 8.22254e-06 8.1575e-06 8.84866e-06 1.52813e-05 1.41102e-05 1.58722e-05 1.03673e-05 1.25809e-05 1.00014e-05 9.66134e-06 5.88414e-06 5.73052e-06 5.58185e-06 6.63402e-06 5.74275e-06 5.33566e-06 1.4881e-06 1.15313e-07
threshold=-0.0044643079575292779 -0.0037712145633829182 0.99850249550848369 3.5659581560506628 0.3002164181104528 -0.46554313586058338 -0.34301261108163106 0.0033585246179008714 0.072016949152542378 0.180831524844037 -0.083884174165209588 -1.365601503759398 42.901475475932713 0.003347282678722419 -0.29000858214011466 -0.91982932449949584 -0.40369007410394714 0.91541820970336307 13.500000000000002 0.0012368588527579274 -0.0012795910548152876 -0.0015003759381570501 -0.14492750391262582 -0.54030843820920149 135.80246913582883 -0.65262695767480194 0.28928436138269825 0.42710950586264657 0.061819226402694376 -1.4877819548872175 0.12640464036823237 -0.0015527950310559311 -1.3975563909774429 1.7861890291556268e-13
decision_type=8 8 10 8 10 8 8 10 8 8 10 8 2 8 8 10 10 10 10 10 10 8 10 8 8 8 2 10 2 10 8 10 8 2
left_child=-1 -2 3 -3 5 12 11 8 -8 13 17 -7 -5 14 16 -14 27 18 19 22 21 -20 31 -24 26 -25 28 -10 29 -22 -31 32 33 -11
right_child=1 2 -4 4 -6 6 7 -9 9 10 -12 -13 15 -15 -16 -17 -18 -19 20 -21 24 -23 23 25 -26 -27 -28 -29 -30 30 -32 -33 -34 -35
leaf_value=-5.7658297415763552e-06 5.0891864346475932e-06 3.3538727877475068e-06 3.6943168813644551e-06 -5.6308800562347893e-06 -5.249278049949652e-06 5.3334452889759272e-06 -4.3965431639043213e-06 -4.8941861428516692e-06 4.9950452942511679e-07 3.9007848885375424e-07 -4.9214400004884926e-06 -6.7478375723287385e-07 2.5412586537977813e-06 6.0518644391842414e-06 4.7058623068302138e-06 -3.2592259837670294e-06 2.7231308472070826e-06 3.6204984339111644e-06 -6.2191624780581695e-07 -4.7147347363558366e-06 -3.9623360649678797e-06 -7.9181466809641153e-06 6.9821396720053612e-06 -1.8792134370392524e-06 3.724631589063115e-06 3.6625788440763878e-06 1.4075500456656356e-06 -4.3163913142591094e-06 -4.1347753362412198e-06 1.8699574898634092e-06 -2.2496003061054802e-06 -2.6576588856051299e-06 2.11781040040053e-06 -2.626875977660594e-07
leaf_weight=549 641 967 880 683 517 830 735 743 548 673 626 660 531 569 715 710 706 589 645 516 540 647 607 593 566 801 862 523 749 947 598 674 598 519
leaf_count=549 641 967 880 683 517 830 735 743 548 673 626 660 531 569 715 710 706 589 645 516 540 647 607 593 566 801 862 523 749 947 598 674 598 519
internal_value=-7.77808e-08 5.97263e-08 -8.63586e-08 -2.43399e-07 -4.15446e-07 -2.88597e-07 -4.92412e-08 -2.98168e-07 -7.8493e-08 1.35776e-07 -4.03084e-07 2.67193e-06 -2.50028e-06 2.20433e-06 1.32572e-06 -7.77126e-07 -3.41904e-08 -1.48794e-07 -3.59553e-07 6.47632e-07 -1.26287e-06 -4.27586e-06 1.26739e-06 3.02724e-06 -3.49447e-07 1.30497e-06 -9.73407e-07 -1.85202e-06 -1.69769e-06 -8.22097e-07 2.75314e-07 -1.61686e-07 7.7801e-07 1.05671e-07
internal_weight=23257 22708 22067 21187 20220 19703 17779 16289 15546 14811 11750 1490 1924 3061 2492 1241 1777 11124 10535 4981 5554 1292 4465 2001 4262 1394 3696 1071 2834 2085 1545 2464 1790 1192
internal_count=23257 22708 22067 21187 20220 19703 17779 16289 15546 14811 11750 1490 1924 3061 2492 1241 1777 11124 10535 4981 5554 1292 4465 2001 4262 1394 3696 1071 2834 2085 1545 2464 1790 1192
is_linear=0
shrinkage=0.0329122


Tree=134
num_leaves=34
num_cat=0
split_feature=42 41 4 21 45 45 49 4 44 4 17 16 31 16 47 36 27 19 55 38 38 20 19 20 47 7 16 17 2 48 42 40 9
split_gain=1.5707e-05 1.44064e-05 1.08374e-05 1.15252e-05 1.27071e-05 1.14483e-05 9.89029e-06 1.07415e-05 1.83325e-05 1.42346e-05 1.35559e-05 1.15059e-05 1.04892e-05 2.58217e-05 1.48831e-05 1.32435e-05 1.31413e-05 1.16775e-05 1.1637e-05 1.11472e-05 9.25393e-06 7.92915e-06 7.69873e-06 7.04267e-06 6.52694e-06 5.9346e-06 6.3344e-06 5.54908e-06 8.44489e-06 5.07998e-06 8.61747e-06 5.17201e-06 4.84516e-06
threshold=-0.0044643079575292779 -0.0037712145633829182 -0.92111744879439972 0.61249285946126941 0.0044296842807526335 0.0038143689923081374 3.5659581560506628 -0.068768403152654381 -0.0030052608999978077 -0.0050614074743821572 -0.044712340188993872 0.51698137388926868 121.50000000000001 0.10916714864083286 -66.66666666667146 0.0012040943557624086 -17.617762820134399 -0.0055327360901049607 5596.5000000000009 0.0016820869762046444 0.0015785329486048829 1.0409134385461503 -0.081860178957686699 0.28192660980410539 76.92307692308448 0.072131958310107935 0.84116541353383467 -0.33730544747081709 -0.15571405207917319 46.760277601300707 -0.0012682313279677169 -0.0010045205949426037 -0.41788965344228213
decision_type=8 8 8 2 10 10 8 10 10 10 10 10 2 8 8 10 8 8 2 10 10 10 10 8 8 10 8 8 2 2 8 10 8
left_child=-1 -2 -3 4 5 6 -4 10 -9 11 12 22 13 -8 -15 19 -17 18 -16 23 21 25 -10 -14 -18 26 -19 -25 -29 30 -30 -32 -31
right_child=1 2 3 -5 -6 -7 7 8 9 -11 -12 -13 15 14 17 16 24 20 -20 -21 -22 -23 -24 27 -26 -27 -28 28 29 32 31 -33 -34
leaf_value=-5.5760639400767208e-06 4.921690405589831e-06 -4.5307694291042408e-06 3.4570449504072004e-06 -4.5855522126723846e-06 4.5605029506804475e-06 -4.7020856640807688e-06 8.1882534596970123e-06 -7.3988652412064491e-06 -6.1166173812977747e-06 4.0346815591394532e-06 4.7221359821562144e-06 9.8888185929633312e-07 3.1356856855367749e-06 -4.3954781132983642e-06 7.2177204047662703e-06 7.5750110049868167e-07 -2.8922388584389496e-06 -3.9572951093712615e-06 1.3339821472540178e-06 -4.4288095158479704e-06 4.0228895512114888e-06 -4.1076788168167065e-06 -1.1073996746608774e-06 -2.7328873135470818e-06 -8.1103185080800606e-06 2.2002296757190826e-06 6.6088517352151448e-07 3.0877009659584348e-06 -5.005181540670864e-06 -9.5142804875322246e-07 1.384825688530094e-06 -2.0791330160064045e-06 2.8427421481640168e-06
leaf_weight=549 641 578 929 569 688 543 520 519 714 559 730 926 876 596 567 558 519 547 1018 565 526 595 622 721 520 918 781 982 522 647 1005 872 835
leaf_count=549 641 578 929 569 688 543 520 519 714 559 730 926 876 596 567 558 519 547 1018 565 526 595 622 721 520 918 781 982 522 647 1005 872 835
internal_value=-7.52208e-08 5.77603e-08 -8.35163e-08 3.60929e-08 1.61807e-07 1.2216e-08 1.42243e-07 -2.1895e-08 -1.71407e-06 -6.68113e-07 3.44618e-07 -1.8304e-06 1.27067e-07 1.17541e-06 5.18071e-07 -6.10709e-07 -3.31606e-06 1.10949e-06 3.43891e-06 4.26949e-09 1.2858e-08 -7.29503e-07 -3.78465e-06 3.92028e-07 -5.50401e-06 1.65326e-07 -1.24116e-06 -3.83475e-08 3.61104e-07 -3.28741e-07 -1.26468e-06 -2.24308e-07 1.18616e-06
internal_weight=23257 22708 22067 21489 20920 20232 19689 18760 3340 2821 15420 2262 14690 6068 5548 8622 1597 4952 1585 7025 3367 2841 1336 6460 1039 2246 1328 5584 4863 3881 2399 1877 1482
internal_count=23257 22708 22067 21489 20920 20232 19689 18760 3340 2821 15420 2262 14690 6068 5548 8622 1597 4952 1585 7025 3367 2841 1336 6460 1039 2246 1328 5584 4863 3881 2399 1877 1482
is_linear=0
shrinkage=0.0329122


Tree=135
num_leaves=33
num_cat=0
split_feature=10 37 40 37 37 1 37 39 1 47 47 36 24 21 27 29 16 47 40 43 47 26 36 37 40 15 40 0 1 27 39 48
split_gain=1.54868e-05 2.79472e-05 2.25735e-05 1.85297e-05 1.61825e-05 1.09838e-05 1.94948e-05 1.60029e-05 1.54387e-05 1.44529e-05 9.94805e-06 2.09912e-05 1.4471e-05 1.41298e-05 9.05483e-06 1.02102e-05 7.83026e-06 8.05629e-06 7.39075e-06 7.23249e-06 9.53646e-06 8.45625e-06 7.08543e-06 5.65337e-06 4.87834e-06 6.74013e-06 4.57816e-06 6.02145e-06 5.11476e-06 3.76781e-06 3.25965e-06 2.16825e-07
threshold=-1.3139097744360901 -0.0021041562897780026 0.0026972365601958263 -0.0034188134087615447 -0.002047085051459951 160.01338348027883 0.0015540024921998354 -0.0018034279767131787 81.132177558986015 41.666666666696095 -63.492063492068965 -0.0012666249538753058 5.329070518200752e-11 0.1020076985784852 -349.90336381415381 7.5000000000000009 0.46898496240601512 62.145593869732572 0.0021762811404755227 -0.00128123050658252 38.095238095230648 -0.0056357372900783442 0.0010598837104803807 -0.0012414654069632378 -0.0010005005005004894 0.12874329294390027 -0.0010643962567692953 55.500000000000007 30.048534078837793 -11.458155329269383 0.0011997604797314711 7.9624618040758095e-13
decision_type=8 8 10 8 8 10 10 8 10 8 8 8 10 2 8 2 8 8 10 10 10 10 10 8 8 8 8 10 8 10 8 2
left_child=3 -2 10 -1 -5 7 14 -6 18 -10 12 -12 -3 16 -7 24 17 -13 22 -18 21 -21 23 -9 -16 -26 -25 28 -28 31 -24 -30
right_child=1 2 -4 4 5 6 -8 8 9 -11 11 13 -14 -15 15 -17 19 -19 -20 20 -22 -23 30 26 25 -27 27 -29 29 -31 -32 -33
leaf_value=6.0343941004301517e-06 -8.4251815749602538e-06 -5.8859365033100664e-06 -7.1799316609209744e-06 -5.4761364218398533e-06 4.4631099179344205e-06 -3.3608919991377963e-06 5.9900256720790191e-06 3.0227932751451789e-06 -3.5063953025970984e-07 -6.0873914860167409e-06 6.5819379605527035e-06 -7.431699453219827e-07 8.7089751735086264e-07 3.5437863488199286e-06 -2.7468521285827285e-06 4.0948707348993994e-06 2.811278363478262e-06 -5.9236547650816369e-06 3.7309129391428955e-06 -2.3569526501907733e-07 1.2831331802440127e-06 -5.9945702250051153e-06 -4.3388332439948811e-06 -2.5556912462783513e-06 -1.6670614900865023e-06 3.173747170766849e-06 -2.5133836352776735e-06 2.6040732231187758e-06 -1.0125773332624169e-07 2.2272095409381677e-06 -8.2574641378168129e-07 -8.9379637725878763e-07
leaf_weight=609 567 753 562 529 735 525 934 713 950 953 524 670 631 836 534 960 671 632 562 536 957 570 564 711 564 696 882 950 672 819 581 845
leaf_count=609 567 753 562 529 735 525 934 713 950 953 524 670 631 836 534 960 671 632 562 536 957 570 564 711 564 696 882 950 672 819 581 845
internal_value=-2.0268e-07 -1.38501e-06 -8.41288e-07 4.08964e-07 1.75561e-07 3.86867e-07 1.79515e-06 -2.10179e-07 -5.83478e-07 -3.22366e-06 -3.15839e-07 3.22596e-07 -2.80516e-06 -3.50571e-07 6.00194e-07 1.35539e-06 -1.15729e-06 -3.25799e-06 1.0484e-07 -1.56797e-07 -1.12229e-06 -3.20386e-06 -1.97613e-07 2.85326e-07 -1.10431e-07 1.00673e-06 -1.14671e-07 3.01677e-07 -3.77953e-07 4.28221e-07 -2.55641e-06 -5.42869e-07
internal_weight=23197 7909 7342 15288 14679 14150 4213 9937 9202 1903 6780 5396 1384 4872 3279 2754 4036 1302 7299 2734 2063 1106 6737 5592 1794 1260 4879 4168 3218 2336 1145 1517
internal_count=23197 7909 7342 15288 14679 14150 4213 9937 9202 1903 6780 5396 1384 4872 3279 2754 4036 1302 7299 2734 2063 1106 6737 5592 1794 1260 4879 4168 3218 2336 1145 1517
is_linear=0
shrinkage=0.0329122


Tree=136
num_leaves=35
num_cat=0
split_feature=38 36 0 47 38 38 13 45 48 19 43 26 21 42 16 17 17 55 12 11 1 44 26 39 10 4 15 27 12 10 7 16 10 29
split_gain=1.46059e-05 1.85766e-05 1.50623e-05 5.28509e-05 1.6881e-05 9.58245e-06 9.64013e-06 9.58133e-06 7.55781e-06 7.01657e-06 7.134e-06 3.11237e-05 1.0091e-05 9.64097e-06 9.54146e-06 8.65477e-06 8.29387e-06 7.70797e-06 7.75583e-06 1.09325e-05 1.96394e-05 1.02925e-05 9.25398e-06 8.18883e-06 8.33474e-06 8.80394e-06 7.93502e-06 7.16916e-06 6.8687e-06 5.98055e-06 5.76203e-06 5.63253e-06 4.97046e-06 5.46034e-07
threshold=0.0038498591966800171 0.0036429885925279852 290.50000000000006 33.333333333356791 -0.003430541825542532 0.002562461013165263 -0.46554313586058338 0.0012143295308426618 44.812433517230083 -2.7387058108765809 -0.0016038502695805976 0.00016323589830240749 0.017663855168054934 -0.0010554092648782374 0.51880579655475934 -0.033894769016529942 -0.45372816716714376 -4771.9999999999991 -0.83826159284674551 -0.69245734809937132 160.1034758414153 0.0013522656621439701 -0.0047870294352357094 0.0016012820512820716 -1.4050751879699244 -0.05153608420878672 0.085294691961978683 -1.7704980824213887 -0.4493057312753036 -1.5930451127819545 0.32667543123816895 0.030131933607603918 -1.3073308270676687 5.5000000000000009
decision_type=10 10 10 10 8 10 8 8 2 8 8 10 2 8 10 8 8 2 8 10 10 8 8 10 8 8 10 10 10 8 10 10 10 2
left_child=1 2 4 -4 -1 6 7 8 -6 -8 11 13 16 15 -14 -11 -12 -18 -19 20 22 -22 -20 24 26 27 -21 30 29 -24 -26 33 -29 -31
right_child=-2 -3 3 -5 5 -7 9 -9 -10 10 12 -13 14 -15 -16 -17 17 18 19 23 21 -23 28 -25 25 -27 -28 32 -30 31 -32 -33 -34 -35
leaf_value=4.4481083625404624e-06 4.9794311519113382e-06 -6.4826348548375055e-06 -1.1530233324498048e-05 3.1647198060771639e-06 -3.1923581262108948e-06 -3.5628240739179851e-06 -2.5409347589975331e-06 -5.9697436990711457e-06 2.2181896459013047e-06 4.8082142175462367e-07 -3.7147404869049275e-06 7.9024099497961351e-06 4.8242148623329045e-06 3.5020421526104576e-06 -7.9233749854822078e-07 -4.9659645003997148e-06 -3.297649266959387e-06 3.0836029714124672e-06 3.9164307999026761e-06 -4.2416891311384117e-07 1.8503522595204048e-06 8.123764882227178e-06 2.7620665968196782e-06 -4.7821440940414169e-06 -2.115531055189693e-06 -3.0393793641453815e-06 -6.1020213548874275e-06 5.0814910976235939e-06 -4.2290953921802335e-06 -2.3643365909036443e-07 1.4952152729472065e-06 -3.3492712410687579e-06 9.189014390031025e-07 1.1446461578130058e-06
leaf_weight=889 576 519 518 543 601 871 961 552 523 750 698 693 874 517 524 546 732 920 533 543 589 546 611 573 1024 793 524 559 520 755 899 695 700 526
leaf_count=889 576 519 518 543 601 871 961 552 523 750 698 693 874 517 524 546 732 920 533 543 589 546 611 573 1024 793 524 559 520 755 899 695 700 526
internal_value=-1.96011e-07 -3.27804e-07 -1.83265e-07 -4.00942e-06 9.65866e-09 -1.86131e-07 -3.35804e-08 -2.41873e-06 -6.74613e-07 1.93473e-07 3.51368e-07 1.96981e-06 6.44776e-08 -2.97732e-07 2.71885e-06 -1.81371e-06 -2.26777e-07 -2.45822e-08 1.87235e-07 -6.92064e-08 1.08847e-06 4.86842e-06 -9.01065e-08 -1.05374e-06 -6.29975e-07 6.32582e-08 -3.21276e-06 8.36552e-07 -7.77494e-07 -8.36164e-08 -4.27393e-07 -9.63647e-07 2.76729e-06 3.30482e-07
internal_weight=23197 22621 22102 1061 21041 20152 19281 1676 1124 17605 16644 2506 14138 1813 1398 1296 12740 12042 11310 10390 4775 1135 3640 5615 5042 3975 1067 3182 3107 2587 1923 1976 1259 1281
internal_count=23197 22621 22102 1061 21041 20152 19281 1676 1124 17605 16644 2506 14138 1813 1398 1296 12740 12042 11310 10390 4775 1135 3640 5615 5042 3975 1067 3182 3107 2587 1923 1976 1259 1281
is_linear=0
shrinkage=0.0329122


Tree=137
num_leaves=36
num_cat=0
split_feature=10 37 40 37 31 31 13 43 10 13 1 45 36 31 5 40 43 27 39 28 16 10 9 1 45 31 39 12 13 4 12 9 19 4 55
split_gain=1.44909e-05 2.61731e-05 2.10404e-05 1.68228e-05 1.61301e-05 2.54376e-05 9.47495e-06 1.85471e-05 1.31953e-05 9.8124e-06 1.51618e-05 9.18202e-06 1.2139e-05 1.15384e-05 9.02811e-06 8.91333e-06 1.53644e-05 1.364e-05 9.22304e-06 8.82764e-06 8.49526e-06 1.36264e-05 7.16537e-06 6.94285e-06 8.56258e-06 5.90395e-06 6.99223e-06 6.00655e-06 5.63234e-06 5.56081e-06 5.48782e-06 5.46271e-06 5.19789e-06 3.81732e-06 2.85812e-06
threshold=-1.3139097744360901 -0.0021041562897780026 0.0026972365601958263 -0.0034188134087615447 16.500000000000004 26.500000000000004 -0.42124269875997228 0.003347282678722419 -1.2622180451127816 -0.060422470604487404 240.07699768159418 -0.0036363636363636038 -0.0018814692097475769 45.500000000000007 0.308663087043693 0.0020387381021654831 0.0029390170164982359 -52.355699909908694 0.0016963540617537245 0.99009900990098976 0.47924498746867178 -1.4765037593984955 -0.87691570881226044 27.885322838709659 -0.0016792623089504353 72.500000000000014 -0.0012539189881856647 -0.38923776933779558 -0.24443782451285287 -0.35078698692255927 -0.46561794974812248 -0.43867747151506031 0.031422716667208313 -0.31782276703431728 2899.5000000000005
decision_type=8 8 10 8 2 2 10 8 10 10 10 8 8 2 2 10 10 8 10 10 8 10 8 8 8 2 8 8 10 8 10 10 8 10 2
left_child=3 -2 6 -1 -5 -6 8 9 -3 14 30 -7 -13 -14 28 16 18 -17 19 20 21 -15 -22 -24 -25 -26 -27 33 -8 -29 -11 -30 -31 -28 -34
right_child=1 2 -4 4 5 11 7 -9 -10 10 -12 12 13 15 -16 17 -18 -19 -20 -21 22 -23 23 24 25 26 27 29 31 32 -32 -33 34 -35 -36
leaf_value=5.7621667162931086e-06 -8.1462960529454013e-06 -6.7994109372193153e-06 -6.9266686144549473e-06 4.6108248747528278e-06 -6.8173669475294979e-06 4.1645448147050175e-06 -2.1827079521205746e-06 6.2236184147298748e-06 -3.2032326489835492e-07 -1.626976712727296e-06 -5.5618482672987491e-06 -4.7021975426932696e-06 3.6898398730247358e-06 -5.2773687243563545e-06 4.6696936261410766e-06 6.5491330361600533e-06 -5.9139990191069764e-06 -1.4445608441837154e-07 -3.7610213637365313e-06 4.0346343515543908e-06 3.9857482060820042e-06 6.7628535569116461e-07 3.6406951169070848e-06 -4.2774823840777396e-06 -2.9508466273214668e-06 4.167333083249174e-06 3.8982434696494255e-06 -3.8734516088760862e-06 3.5649890777487414e-06 -2.3968453057378838e-06 2.5051796462382693e-06 -8.7751273994570171e-07 -1.1937177256806761e-07 8.2842989057431053e-08 3.1073061610578025e-06
leaf_weight=609 567 528 562 839 583 606 765 525 959 820 788 564 965 802 589 531 521 870 691 602 567 866 544 519 571 525 590 515 624 645 605 577 696 548 519
leaf_count=609 567 528 562 839 583 606 765 525 959 820 788 564 965 802 589 531 521 870 691 602 567 866 544 519 571 525 590 515 624 645 605 577 696 548 519
internal_value=-1.8956e-07 -1.33324e-06 -8.07061e-07 4.02091e-07 1.79698e-07 -8.89068e-08 -2.99768e-07 3.52325e-07 -2.62105e-06 -2.9411e-07 -1.89843e-06 2.06972e-07 1.73807e-08 2.37623e-07 1.09537e-06 -6.18878e-08 -4.15619e-07 2.39235e-06 -1.04218e-07 1.92717e-07 -9.97585e-08 -2.18619e-06 4.58012e-07 1.05323e-07 -2.6968e-07 1.81572e-07 6.24574e-07 9.5061e-08 2.44147e-08 -8.4691e-07 1.27217e-07 1.43047e-06 -8.79359e-09 2.06115e-06 1.25875e-06
internal_weight=23197 7909 7342 15288 14679 13840 6780 5293 1487 4768 2213 13257 12651 12087 2555 11122 9721 1401 9200 8509 7907 1668 6239 5672 5128 4609 4038 3513 1966 2375 1425 1201 1860 1138 1215
internal_count=23197 7909 7342 15288 14679 13840 6780 5293 1487 4768 2213 13257 12651 12087 2555 11122 9721 1401 9200 8509 7907 1668 6239 5672 5128 4609 4038 3513 1966 2375 1425 1201 1860 1138 1215
is_linear=0
shrinkage=0.0329122


Tree=138
num_leaves=34
num_cat=0
split_feature=40 38 36 40 18 8 18 40 45 2 21 5 20 41 20 8 44 1 11 18 42 15 17 1 47 17 42 29 4 25 10 16 31
split_gain=1.43097e-05 1.49245e-05 1.31074e-05 1.30396e-05 1.74673e-05 1.11674e-05 9.69182e-06 8.23705e-06 1.28481e-05 1.02047e-05 7.92557e-06 1.02412e-05 1.28912e-05 1.43932e-05 8.47051e-06 1.26724e-05 1.38545e-05 1.06497e-05 8.24478e-06 8.7026e-06 7.15454e-06 6.18769e-06 5.29744e-06 5.18062e-06 4.15362e-06 4.12137e-06 4.52747e-06 4.40591e-06 5.0538e-06 1.2062e-05 6.39283e-06 5.83349e-06 2.12704e-06
threshold=-0.0040955650481962471 0.0038797320689395458 0.0036429885925279852 -0.0031331601232976176 0.21492080981191389 0.12500000000000358 -0.40899112837317436 -0.0020130855627217277 -0.0034364261168385308 0.65186846551813737 0.2272028477695647 -0.14373813824942258 0.35280987394957991 0.0013486182800979132 4.4803846153846161 -0.074999999999999276 0.0030983752129982727 78.422804511040013 -0.77857472206567946 -0.18186029328117517 0.001906579425663413 0.056653716864069871 -0.14535064710657966 59.184679194584632 43.893648850812674 -0.081744975278663576 -0.0012650226439852583 21.500000000000004 -0.25169191443950872 -0.99053932165940373 -1.3975563909774429 0.49618979882137781 111.50000000000001
decision_type=8 10 10 8 8 10 10 8 8 2 2 2 10 10 10 8 10 10 10 8 10 8 10 10 10 10 8 2 8 8 10 10 2
left_child=-1 2 3 4 -2 7 -7 -5 -9 10 11 12 -10 18 15 -13 20 -16 -14 -20 21 24 -21 -12 -17 26 -23 28 30 -30 -28 32 -31
right_child=1 -3 -4 5 -6 6 -8 8 9 -11 23 14 13 -15 17 16 -18 -19 19 22 -22 25 -24 -25 -26 -27 27 -29 29 31 -32 -33 -34
leaf_value=-5.1202157106004203e-06 -7.3543452368380479e-07 5.4850310524014517e-06 -5.3155152196176687e-06 -3.578689789041745e-06 7.815473074320283e-06 -5.9800381590177906e-06 -6.7489214451828186e-07 4.6780877177551921e-06 -1.7597709491230415e-06 -3.5457162143010477e-06 4.4561139338697373e-07 3.2479046765399944e-06 4.9820438405597928e-06 7.4058058833739021e-06 -4.2211007457625141e-07 4.4619524495132355e-06 -4.5284114761345658e-06 -6.195041700928382e-06 -3.0527695974788857e-06 -9.3153734267228561e-08 -3.4368716773691905e-06 -3.4685674223109076e-06 4.4155184325114913e-06 4.7607455425884798e-06 5.3357557388311748e-07 2.3823549892009128e-06 -1.7183070273064018e-06 1.6829710994053949e-06 -5.9209532885685968e-06 1.9134831249883851e-06 2.4725147986159041e-06 -2.7752094368042434e-06 -5.4146036791675513e-07
leaf_weight=619 516 516 525 678 519 652 872 645 1013 861 578 1026 534 539 792 525 883 615 563 623 679 528 516 630 656 565 670 1013 552 763 958 807 766
leaf_count=619 516 516 525 678 519 652 872 645 1013 861 578 1026 534 539 792 525 883 615 563 623 679 528 516 630 656 565 670 1013 552 763 958 807 766
internal_value=-1.83321e-07 -4.7961e-08 -1.77381e-07 -5.21194e-08 3.55219e-06 -2.34086e-07 -2.9447e-06 -1.64028e-08 1.15564e-07 -5.11078e-08 1.28041e-07 -7.09937e-08 1.41788e-06 2.57795e-06 -5.49048e-07 -2.24516e-07 -6.04968e-07 -2.94562e-06 1.41406e-06 2.94481e-07 -1.96499e-07 8.54414e-08 1.9492e-06 2.69624e-06 2.28008e-06 -3.05927e-07 -5.56729e-07 -2.78618e-07 -7.18679e-07 -1.54535e-06 7.4765e-07 -5.11286e-07 6.83453e-07
internal_weight=23197 22578 22062 21537 1035 20502 1524 18978 18300 17655 16794 15586 3788 2775 11798 10391 9365 1407 2236 1702 8482 7803 1139 1208 1181 6622 6057 5529 4516 2888 1628 2336 1529
internal_count=23197 22578 22062 21537 1035 20502 1524 18978 18300 17655 16794 15586 3788 2775 11798 10391 9365 1407 2236 1702 8482 7803 1139 1208 1181 6622 6057 5529 4516 2888 1628 2336 1529
is_linear=0
shrinkage=0.0329122


Tree=139
num_leaves=33
num_cat=0
split_feature=10 37 36 37 31 31 10 24 47 55 11 11 31 31 42 45 48 1 12 10 1 55 26 43 20 55 13 37 15 2 22 48
split_gain=1.36688e-05 2.43251e-05 1.77861e-05 1.55745e-05 1.51071e-05 2.37761e-05 1.04441e-05 1.306e-05 1.2023e-05 9.56346e-06 8.91134e-06 1.10029e-05 9.10011e-06 1.176e-05 1.10984e-05 8.19311e-06 7.57354e-06 9.96696e-06 1.83056e-05 1.43904e-05 9.26338e-06 1.39803e-05 6.96559e-06 8.21465e-06 5.69388e-06 5.09184e-06 4.90452e-06 4.57609e-06 5.24415e-06 5.18814e-06 3.25957e-06 1.39432e-06
threshold=-1.3139097744360901 -0.0021041562897780026 0.0020811677061677307 -0.0034188134087615447 16.500000000000004 26.500000000000004 -1.2904135338345861 500.00000000004258 -55.555555555567118 4435.5000000000009 -0.20778121849344663 -0.11639576204264278 45.500000000000007 56.500000000000007 0.0036652426627976635 -0.0031331601232976176 51.757971338990252 78.94898139656523 -0.58192471590909078 -1.4539473684210522 114.40325102459704 6403.5000000000009 -0.0043288856917561994 0.001339585329701243 1.4566073262581312 31656.500000000004 -0.20149262814269495 0.0012368588527579274 0.25170234120988455 0.047762880144166374 -0.81693353193073903 9.217874219391872e-12
decision_type=8 8 8 8 2 2 8 8 8 2 10 10 2 2 10 8 2 10 8 10 10 2 10 10 10 2 8 8 8 2 8 2
left_child=3 -2 6 -1 -5 -6 -3 8 -8 -10 12 -12 -7 -14 15 -15 17 27 -19 -20 26 -22 23 25 -9 -11 -18 28 29 -17 -28 -29
right_child=1 2 -4 4 5 10 7 24 9 22 11 -13 13 14 -16 16 20 18 19 -21 21 -23 -24 -25 -26 -27 30 31 -30 -31 -32 -33
leaf_value=5.5547077017999822e-06 -7.8561771958529874e-06 -3.2350685572601504e-06 -5.1201897543420264e-06 4.4716634923528782e-06 -6.5815965415429293e-06 2.9534838052695434e-06 -4.1081963917347698e-06 1.2934195796422036e-06 -3.288444612611248e-06 3.3943980640205789e-06 5.6041767007564142e-06 -7.3596467445713574e-07 -4.8738847673695049e-06 3.6803708167147687e-06 -4.4133436206519706e-06 5.6926140564686473e-07 1.4754717272752613e-06 2.0866349882767095e-06 -7.6008885248302903e-06 -1.3263792874545097e-06 5.9340242762634686e-06 -1.0732348264195965e-08 3.3591193171076238e-06 -3.5035340498506677e-06 5.8010527001591373e-06 -8.5440345631966247e-07 -3.2233654422320486e-06 -1.628000334607038e-07 -1.2141413068260313e-06 5.0747545700915857e-06 -1.33218198261997e-07 -2.4915166790693278e-06
leaf_weight=609 567 1018 898 839 583 995 798 651 628 657 695 517 585 677 603 564 985 648 796 788 817 901 1028 524 569 571 669 607 524 544 827 515
leaf_count=609 567 1018 898 839 583 995 798 651 628 657 695 517 585 677 603 564 985 648 796 788 817 901 1028 524 569 571 669 607 524 544 827 515
internal_value=-1.77289e-07 -1.28806e-06 -7.80789e-07 3.97333e-07 1.83349e-07 -7.65976e-08 -1.76038e-07 3.9784e-07 -4.71739e-07 3.79688e-07 2.09454e-07 2.89949e-06 -6.12054e-08 -3.32685e-07 -7.88068e-08 1.862e-07 -7.13204e-08 -9.38631e-07 -2.57319e-06 -4.47962e-06 9.58492e-07 2.81618e-06 1.2084e-06 -5.34228e-08 3.39594e-06 1.41859e-06 -3.27797e-07 3.86025e-07 1.49848e-06 2.78155e-06 -1.51526e-06 -1.23189e-06
internal_weight=23197 7909 7342 15288 14679 13840 6444 5426 4206 3408 13257 1212 12045 11050 10465 9862 9185 4986 2232 1584 4199 1718 2780 1752 1220 1228 2481 2754 1632 1108 1496 1122
internal_count=23197 7909 7342 15288 14679 13840 6444 5426 4206 3408 13257 1212 12045 11050 10465 9862 9185 4986 2232 1584 4199 1718 2780 1752 1220 1228 2481 2754 1632 1108 1496 1122
is_linear=0
shrinkage=0.0329122


Tree=140
num_leaves=33
num_cat=0
split_feature=19 24 1 0 44 1 37 1 20 44 10 37 31 44 21 5 12 26 44 45 0 41 26 2 16 20 1 2 22 15 55 31
split_gain=1.42377e-05 1.49051e-05 4.28855e-05 1.89897e-05 1.65534e-05 1.22468e-05 4.4035e-05 1.45999e-05 4.42687e-05 1.34926e-05 1.18367e-05 9.87489e-06 1.13439e-05 9.39987e-06 9.24691e-06 7.31329e-06 8.69822e-06 8.96225e-06 5.2469e-06 1.15565e-05 8.03824e-06 1.00795e-05 9.18167e-06 5.06527e-06 4.91364e-06 5.30061e-06 3.95304e-06 3.77595e-06 2.4551e-06 1.87367e-06 1.82203e-06 6.36192e-07
threshold=-4.6429737183954094 3000.4999999999718 240.07699768159418 20.500000000000004 -0.0033444816053511124 160.92597525895732 0.0036764705882353925 114.34045408155355 0.52896057347670256 0.0036253789671065744 -1.4257518796992479 0.0012714563307695272 134.50000000000003 0.0036596553964012295 -0.42815731680512531 -0.10478517781127812 -0.83826159284674551 -0.0056956532592022501 0.0012262420305545476 0.0012554932756632111 193.50000000000003 -0.0015026304499987651 -0.0011717410367243152 0.33008630389422883 0.47900641025641033 0.80038314176245218 39.2857642046122 -0.034151485230395184 -0.89452289259734685 0.078137678275024866 5096.5000000000009 133.50000000000003
decision_type=8 10 10 10 8 10 8 10 10 10 10 10 2 10 2 2 10 10 10 10 10 8 10 2 8 8 8 2 10 10 2 2
left_child=-1 4 -3 -4 -2 7 13 9 -9 11 -10 18 -13 14 -7 -16 -17 -18 19 20 21 22 -6 24 -23 29 -27 -20 30 -26 31 -28
right_child=1 2 3 -5 5 6 -8 8 10 -11 -12 12 -14 -15 15 16 17 -19 27 -21 -22 23 -24 -25 25 26 28 -29 -30 -31 -32 -33
leaf_value=-4.291326804186654e-06 -4.3294117720209449e-06 9.3023995042003224e-06 2.8636259128489112e-06 -5.2618326053494296e-06 4.420976687259007e-07 3.9369887235598714e-06 1.0466934279732933e-05 -8.8771270597843331e-06 -3.007683049683954e-06 4.6282249495617935e-06 3.1981972484661772e-06 2.5375243754566842e-07 -5.6397855805232847e-06 -3.53646971556912e-06 2.7397431819155046e-06 2.7692305955539454e-06 -4.5952156180356738e-06 2.5900173739024251e-07 3.2286759906089189e-06 -4.6926947166970089e-06 -3.7489348009451988e-06 -2.7463325454836792e-06 6.5787264518324883e-06 2.2079273638169272e-06 3.4818908446889168e-06 -2.9366617163020695e-06 -9.6231227947557327e-07 3.0155218756579566e-07 -1.6927189937469355e-06 6.7377067043330407e-07 1.7847208257285516e-06 5.4427668279627114e-07
leaf_weight=779 926 730 707 557 539 931 538 814 546 682 853 703 712 547 875 550 773 882 963 562 522 832 518 931 515 645 652 947 738 515 769 568
leaf_count=779 926 730 707 557 539 931 538 814 546 682 853 703 712 547 875 550 773 882 963 562 522 832 518 931 515 645 652 947 738 515 769 568
internal_value=8.31709e-08 2.34354e-07 2.9511e-06 -7.16795e-07 -2.92712e-08 1.73649e-07 1.56186e-06 -3.13347e-07 -2.77457e-06 1.28986e-07 7.7601e-07 -1.34813e-07 -2.7116e-06 5.10708e-07 1.0627e-06 1.93805e-07 -8.16385e-07 -2.00812e-06 2.2207e-07 -1.35578e-07 1.95113e-07 4.80217e-07 3.44967e-06 -2.8864e-08 -4.26778e-07 1.15775e-08 -6.19573e-07 1.77749e-06 -7.14434e-08 2.07805e-06 5.30001e-07 -2.60696e-07
internal_weight=23321 22542 1994 1264 20548 19622 5096 14526 2213 12313 1399 11631 1415 4558 4011 3080 2205 1655 10216 8306 7744 7222 1057 6165 5234 4402 3372 1910 2727 1030 1989 1220
internal_count=23321 22542 1994 1264 20548 19622 5096 14526 2213 12313 1399 11631 1415 4558 4011 3080 2205 1655 10216 8306 7744 7222 1057 6165 5234 4402 3372 1910 2727 1030 1989 1220
is_linear=0
shrinkage=0.0329122


Tree=141
num_leaves=35
num_cat=0
split_feature=19 24 1 44 13 31 9 42 16 7 36 2 12 15 31 44 20 1 31 2 2 1 13 7 1 42 22 16 55 9 22 23 31 31
split_gain=1.33159e-05 1.39401e-05 4.0109e-05 1.54818e-05 1.33689e-05 1.16342e-05 1.1411e-05 1.96481e-05 1.71704e-05 1.22859e-05 1.41458e-05 1.40561e-05 1.07875e-05 1.65618e-05 1.27464e-05 1.18898e-05 9.03155e-06 1.05607e-05 1.76943e-05 8.17075e-06 7.93294e-06 1.10234e-05 7.66006e-06 6.72603e-06 6.47517e-06 5.67836e-06 5.15424e-06 4.77076e-06 3.49174e-06 2.96889e-06 4.60514e-06 6.14908e-06 1.72296e-06 8.7083e-08
threshold=-4.6429737183954094 3000.4999999999718 240.07699768159418 -0.0033444816053511124 -0.066830449942136536 258.50000000000006 -0.8320461593511449 0.0031771267065384694 0.49808417869254379 0.015014868602970832 0.0033057941555744157 0.65186846551813737 -0.70038539222383922 0.12748484396740214 105.50000000000001 0.0031471301936315537 0.1067577420468936 160.1034758414153 78.500000000000014 -0.32903133171054655 0.33008630389422883 113.59997602052051 -0.14391312601854614 0.93258013617552871 61.238710463593044 0.0012492197253433093 -0.94019416573764392 0.47924498746867178 18693.000000000004 -0.33965864899899173 -0.81676348042942726 0.10000000000000499 84.500000000000014 164.50000000000003
decision_type=8 10 10 8 8 2 8 8 10 8 10 2 8 8 2 10 8 10 2 2 2 10 10 10 10 10 10 8 2 10 8 8 2 2
left_child=-1 3 -3 -2 -4 6 7 8 28 -8 11 12 13 19 -15 16 -14 20 -19 -11 21 23 -21 25 -10 27 -20 -18 -5 30 -29 -32 -33 -34
right_child=1 2 4 5 -6 -7 9 -9 24 10 -12 -13 15 14 -16 -17 17 18 26 22 -22 -23 -24 -25 -26 -27 -28 29 -30 -31 31 32 33 -35
leaf_value=-4.150090120022604e-06 -4.1869215690890311e-06 8.996237404354181e-06 2.1455818302626905e-06 -6.2583668635851039e-07 -4.7288353593260031e-06 5.0251939731506438e-06 -5.288271612467883e-06 7.3515167887896788e-06 1.0298096165798565e-06 3.3408914049792089e-06 -5.4172570860769548e-06 -3.9704642572294296e-06 -4.0599309805350097e-06 8.3480616771673936e-06 1.7083906615479313e-06 -5.0552118072785346e-06 -2.5683411067014977e-06 6.9727091712581939e-06 -1.575555734775441e-06 1.6948507890254885e-06 2.4623040274129934e-06 -4.2412286088572005e-06 -3.4504026809271254e-06 -3.3298525381536912e-06 5.9723373476716552e-06 3.1632376524138233e-06 2.036404717502178e-06 -2.6207670246936287e-06 -4.3196945351122739e-06 2.2891547101607904e-06 2.6066753128479513e-06 -2.1973663231737305e-06 3.2432851011913687e-07 -2.6832571571841929e-07
leaf_weight=779 926 730 742 598 522 520 518 582 601 568 531 888 548 609 645 517 774 621 742 523 977 839 782 665 550 612 1011 651 517 651 936 570 561 515
leaf_count=779 926 730 742 598 522 520 518 582 601 568 531 888 548 609 645 517 774 621 742 523 977 839 782 665 550 612 1011 651 517 651 936 570 561 515
internal_value=8.04348e-08 2.26642e-07 2.85397e-06 -2.83057e-08 -6.93197e-07 1.67936e-07 3.56981e-08 1.95743e-06 5.71906e-07 -3.0101e-07 -1.36824e-07 4.7568e-08 2.96799e-07 2.00581e-06 4.9331e-06 -1.80756e-07 5.53415e-08 2.78097e-07 2.19873e-06 4.58187e-08 -3.10132e-07 -7.10029e-07 -1.38818e-06 -2.10803e-07 3.39177e-06 1.82734e-07 5.07424e-07 -2.08816e-07 -2.3388e-06 2.61329e-07 -1.46925e-07 4.76716e-07 -7.34349e-07 4.04571e-08
internal_weight=23321 22542 1994 20548 1264 19622 19102 2848 2266 16254 15736 15205 14317 3127 1254 11190 10673 10125 2374 1873 7751 6774 1305 5935 1151 5270 1753 4658 1115 3884 3233 2582 1646 1076
internal_count=23321 22542 1994 20548 1264 19622 19102 2848 2266 16254 15736 15205 14317 3127 1254 11190 10673 10125 2374 1873 7751 6774 1305 5935 1151 5270 1753 4658 1115 3884 3233 2582 1646 1076
is_linear=0
shrinkage=0.0329122


Tree=142
num_leaves=36
num_cat=0
split_feature=31 31 38 23 22 11 28 43 0 31 31 22 16 31 55 17 18 42 18 24 12 15 44 55 0 47 13 24 13 13 15 47 10 42 31
split_gain=1.32688e-05 3.02428e-05 2.43376e-05 2.08962e-05 2.71929e-05 2.07456e-05 1.60414e-05 2.5413e-05 1.09791e-05 1.04803e-05 1.34243e-05 1.02021e-05 1.25082e-05 1.3765e-05 2.36704e-05 1.60364e-05 1.04173e-05 1.00974e-05 8.5702e-06 8.33567e-06 9.88837e-06 1.10172e-05 1.01921e-05 9.47241e-06 1.17956e-05 9.15889e-06 8.8655e-06 1.02128e-05 9.19583e-06 8.72394e-06 7.37171e-06 6.26317e-06 3.94678e-06 2.43858e-06 1.04541e-07
threshold=33.500000000000007 40.500000000000007 0.0042689482987990921 0.099999999999996106 -0.85235081374321864 -0.5496025487350954 -0.99634683855938355 -0.0027952494432941228 17.500000000000004 60.500000000000007 49.500000000000007 -0.48450477699361461 0.46522556390977449 121.50000000000001 2880.0000000000005 -0.37963442480306447 -0.23602455269164158 0.0015117166611058332 0.15122200585578935 -0.99999999999978673 -0.62592673952441091 0.056653716864069871 -0.0018921492810906602 6033.0000000000009 46.500000000000007 -47.619047619042625 -0.091073640621385843 0.49999999999997341 -0.35329626134325648 -0.015880464051068004 0.11720160420888324 -33.333333333354169 -1.3468045112781952 0.0036596553964012295 151.50000000000003
decision_type=2 2 8 10 10 8 8 8 10 2 2 10 8 2 2 10 8 8 8 8 8 10 8 2 10 10 10 10 8 10 8 10 10 8 2
left_child=2 -2 3 4 5 -1 7 -3 -9 10 -8 12 13 15 -15 -11 -16 18 -18 23 21 -21 -22 -14 -25 -23 27 28 -24 -28 -30 -29 33 -32 -35
right_child=1 6 -4 -5 -6 -7 9 8 -10 11 -12 -13 19 14 16 -17 17 -19 -20 20 22 25 26 24 -26 -27 29 31 30 -31 32 -33 -34 34 -36
leaf_value=-4.0203985166340421e-07 7.5484180156137103e-06 9.2681840252813196e-06 3.6801017480151764e-06 -9.1054929754270138e-06 3.4818456069796613e-06 -9.3257314880505884e-06 6.4885181420147955e-07 3.4313472264502845e-06 -3.0093597695919147e-06 5.1309002986779341e-06 -5.4600010778642885e-06 4.0573962141115393e-06 5.2141099649683669e-06 -8.9418123947564398e-06 2.7762113167348381e-06 -2.0084328987938764e-06 -3.8159256874441009e-06 -5.8694795334683572e-06 1.2396185601880286e-06 -1.4625460930923425e-06 -4.1511546380901439e-06 8.350156774984582e-07 3.8344509372819414e-06 -1.4159426660835569e-06 4.6813595303875194e-06 6.14661429343194e-06 4.1380901224659551e-06 -9.443816372449866e-07 -3.6397332180845348e-06 -1.2109388608069455e-06 -2.4351127791443946e-06 -5.9286306095338728e-06 2.2958883796671195e-06 -5.974614427576631e-08 5.970398539738233e-07
leaf_weight=559 618 521 648 555 665 570 711 633 524 626 862 681 793 545 518 748 637 644 845 653 747 651 590 961 535 765 908 522 692 519 553 573 700 529 520
leaf_count=559 618 521 648 555 665 570 711 633 524 626 862 681 793 545 518 748 637 644 845 653 747 651 590 961 535 765 908 522 692 519 553 573 700 529 520
internal_value=7.77869e-08 3.79262e-07 -1.96657e-06 -3.52438e-06 -1.79765e-06 -4.90756e-06 1.54418e-07 3.23234e-06 5.14183e-07 -1.32054e-07 -2.69864e-06 1.13283e-07 -5.69794e-08 -1.50971e-06 -2.69628e-06 1.24411e-06 -1.40881e-06 -2.4286e-06 -9.33224e-07 5.34276e-07 7.96839e-08 2.07381e-06 -5.22332e-07 2.30607e-06 7.64424e-07 3.70479e-06 -7.83496e-08 -7.70958e-07 7.88955e-08 2.19249e-06 -6.61101e-07 -3.55279e-06 2.34201e-07 -6.66518e-07 2.65611e-07
internal_weight=23321 20324 2997 2349 1794 1129 19706 1678 1157 18028 1573 16455 15774 4563 3189 1374 2644 2126 1482 11211 8922 2069 6853 2289 1496 1416 6106 4679 3584 1427 2994 1095 2302 1602 1049
internal_count=23321 20324 2997 2349 1794 1129 19706 1678 1157 18028 1573 16455 15774 4563 3189 1374 2644 2126 1482 11211 8922 2069 6853 2289 1496 1416 6106 4679 3584 1427 2994 1095 2302 1602 1049
is_linear=0
shrinkage=0.0329122


Tree=143
num_leaves=37
num_cat=0
split_feature=31 31 38 19 6 31 42 15 2 19 31 16 31 13 16 30 0 12 11 55 1 13 30 11 23 12 24 15 19 55 20 12 7 31 18 18
split_gain=1.24098e-05 2.82848e-05 2.2762e-05 2.01778e-05 1.43368e-05 1.40161e-05 1.89465e-05 2.44344e-05 1.25462e-05 1.25143e-05 1.32003e-05 1.04395e-05 9.21939e-06 1.21245e-05 1.19301e-05 1.14498e-05 9.47777e-06 1.01056e-05 8.54508e-06 7.75386e-06 1.27838e-05 1.15218e-05 7.25012e-06 7.02216e-06 5.67683e-06 5.99326e-06 5.25959e-06 5.69702e-06 4.8443e-06 6.45704e-06 5.50625e-06 4.41867e-06 4.23782e-06 4.10879e-06 3.86039e-06 3.04706e-06
threshold=33.500000000000007 40.500000000000007 0.0042689482987990921 0.019544737541222549 -12.749999999999998 60.500000000000007 -0.0031323433460393453 0.25507362691919411 0.079587421587618903 -3.617571209083223 258.50000000000006 0.48958990988922696 83.500000000000014 -0.23309336817324691 0.46522556390977449 13.500000000000002 7.5000000000000009 -0.83158956428187192 -0.48084263065179095 6279.5000000000009 129.6570153561762 -0.42124269875997228 14.500000000000002 -0.37353083727129527 -0.049999999999998927 -0.51895777178796043 0.99999999999996458 0.030231032697561989 0.10972388917890365 31079.000000000004 4.3574532811820958 -0.44548991864166959 0.53097979979892884 198.50000000000003 -0.41948620020040073 0.11536423529097482
decision_type=2 2 8 10 10 2 8 8 2 8 2 10 2 8 8 2 10 10 8 2 10 8 2 8 10 10 10 10 10 2 8 10 8 2 10 8
left_child=2 -2 3 4 18 8 7 -7 11 -8 12 -3 13 -11 15 -14 -17 -18 -1 20 26 34 -22 -15 -19 -26 27 -16 29 30 32 -30 -23 35 -21 -31
right_child=1 5 -4 -5 -6 6 9 -9 -10 10 -12 -13 14 23 19 16 17 24 -20 21 22 28 -24 -25 25 -27 -28 -29 31 33 -32 -33 -34 -35 -36 -37
leaf_value=3.9661689992029111e-06 7.299983493157724e-06 2.5622880500046638e-06 3.5589817262869245e-06 -7.8234285170410645e-06 -5.6404233833383075e-06 8.519640537684648e-06 -4.2532306178835559e-06 -9.4413165210131746e-07 -6.8449933105507181e-06 6.1536709848533508e-06 5.4190310210550113e-06 -3.5758284394053977e-06 -5.9087522447026562e-06 -2.0379781883339363e-06 -8.5625851557519491e-07 -4.3294533214070859e-06 3.5244749288345621e-06 -3.8864767779011693e-06 -1.9809333428357678e-06 -5.2887604009901921e-06 6.4259741770456066e-06 -9.4552340322696107e-07 1.8933722354157936e-06 2.9538303319802564e-06 -2.4659096484730999e-06 2.36926146088857e-06 -2.8982782328292263e-06 2.9918841679668906e-06 3.6057722320140505e-06 3.3817570078810078e-07 8.9641723471475684e-07 1.2852362505711711e-07 -4.7057593532604069e-06 -1.2628180394493676e-06 -1.3300521145621998e-06 3.6794380989645285e-06
leaf_weight=516 618 547 648 759 543 681 675 522 538 605 532 665 601 611 911 691 656 592 531 553 691 651 856 610 523 592 515 768 803 521 646 781 648 521 516 684
leaf_count=516 618 547 648 759 543 681 675 522 538 605 532 665 601 611 911 691 656 592 531 553 691 651 856 610 523 592 515 768 803 521 646 781 648 521 516 684
internal_value=7.52264e-08 3.6678e-07 -1.90185e-06 -3.40838e-06 -1.30068e-06 1.49336e-07 4.23368e-07 4.41298e-06 -2.66226e-06 1.36869e-07 3.21192e-07 -8.05384e-07 1.46724e-07 2.3437e-06 -1.45656e-07 -1.75618e-06 -9.38919e-07 5.24607e-08 9.49798e-07 4.39167e-07 1.62689e-06 -2.63399e-07 3.9181e-06 4.55695e-07 -1.2817e-06 1.01079e-07 1.12328e-08 9.03804e-07 3.70172e-07 -2.86177e-07 -1.58652e-06 1.89144e-06 -2.82148e-06 1.17902e-06 -3.37813e-06 2.23498e-06
internal_weight=23321 20324 2997 2349 1590 19706 17956 1203 1750 16753 16078 1212 15546 1826 13720 3655 3054 2363 1047 10065 3741 6324 1547 1221 1707 1115 2194 1679 5255 3671 1945 1584 1299 1726 1069 1205
internal_count=23321 20324 2997 2349 1590 19706 17956 1203 1750 16753 16078 1212 15546 1826 13720 3655 3054 2363 1047 10065 3741 6324 1547 1221 1707 1115 2194 1679 5255 3671 1945 1584 1299 1726 1069 1205
is_linear=0
shrinkage=0.0329122


Tree=144
num_leaves=37
num_cat=0
split_feature=19 31 31 37 31 47 45 18 1 31 2 4 20 5 19 15 19 42 2 37 37 43 2 31 5 5 1 47 43 20 11 43 13 20 55 47
split_gain=1.17187e-05 1.20117e-05 2.28592e-05 1.90847e-05 2.49185e-05 2.05383e-05 1.26572e-05 2.65126e-05 1.24572e-05 1.14915e-05 1.10147e-05 9.33586e-06 1.91667e-05 1.65758e-05 8.76617e-06 8.00318e-06 7.38941e-06 1.21944e-05 9.10541e-06 9.39502e-06 7.36867e-06 1.17479e-05 6.49206e-06 6.11399e-06 8.9049e-06 7.8609e-06 7.31035e-06 6.33347e-06 6.03735e-06 5.35285e-06 4.63387e-06 3.76816e-06 3.52741e-06 8.4556e-06 2.34566e-06 2.31005e-06
threshold=-4.6429737183954094 33.500000000000007 40.500000000000007 -0.0016625115394608423 16.500000000000004 72.916666666654905 -0.0034364261168385308 -0.38432562948479759 80.428305843119446 258.50000000000006 0.60230938163602832 -0.046317775511466854 3.5040983606557385 0.18447881016304277 -0.91825323407397252 0.086872077128731143 0.64279807848998882 0.0030303030303030502 0.10406276256741902 0.0013995808113455024 0.0012795910548153435 0.0015117166611058332 0.27214715490446867 204.50000000000003 -0.24885806508442823 -0.041430014083412348 57.773168534699288 -33.333333333354169 1.0000000180025095e-35 4.7314560439560447 -0.43762159533073924 0.0025673983257531456 -0.037474677048910006 0.74555216338561958 5494.5000000000009 55.555555555565768
decision_type=8 2 2 8 2 8 8 10 10 2 2 10 10 2 8 8 10 10 2 8 10 8 2 2 2 2 10 8 10 10 10 8 8 10 2 8
left_child=-1 3 -3 -2 5 -5 7 -4 -6 10 11 12 14 29 -8 -12 17 20 19 28 22 -22 23 24 -16 -26 35 -27 -18 -13 -24 32 33 -29 -33 -25
right_child=1 2 6 4 8 -7 9 -9 -10 -11 15 13 -14 -15 16 -17 18 -19 -20 -21 21 -23 30 26 25 27 -28 31 -30 -31 -32 34 -34 -35 -36 -37
leaf_value=-3.8959469708461996e-06 -7.4629882841539582e-06 6.7742503305541041e-06 9.1732119239909852e-06 6.7162672913438086e-06 -9.2886288931819816e-07 -1.8822184592753169e-06 3.0910261054467894e-06 -1.0746476938014454e-06 -7.7375661339750257e-06 4.7928162011425742e-06 1.9718156835679968e-07 -2.0431869498862529e-06 5.0281077843152526e-06 2.3737517560951145e-06 -4.5637070311284108e-06 -5.0957205327482076e-06 3.2926479074863869e-06 -4.2227130193119361e-06 -2.0026768452415857e-06 6.4795156036666652e-06 5.9716808632726922e-07 -6.2710285671791015e-06 5.5529138754947556e-07 -1.5657575333755896e-06 3.3043628006808233e-06 -3.5579137273142503e-06 4.6200157042198805e-06 2.2380646362329127e-06 -1.2936799422835024e-06 -6.4585221913983009e-06 4.7724407216213851e-06 6.2322466808027666e-08 -3.1912674924839689e-06 -2.8183036055748652e-06 2.8494586939820881e-06 1.4987104921263003e-06
leaf_weight=779 522 610 515 660 663 553 1009 583 519 546 515 579 930 606 580 775 681 866 584 515 564 517 608 526 592 719 564 751 572 612 527 814 593 685 547 540
leaf_count=779 522 610 515 660 663 553 1009 583 519 546 515 579 930 606 580 775 681 866 584 515 564 517 608 526 592 719 564 751 572 612 527 814 593 685 547 540
internal_value=7.27499e-08 2.09909e-07 5.02823e-07 -1.76068e-06 -5.17742e-07 2.79608e-06 3.01624e-07 3.73174e-06 -3.91866e-06 9.14046e-08 -5.63556e-08 1.78361e-07 4.59646e-07 -2.05739e-06 1.41472e-07 -2.98249e-06 -9.95873e-08 -4.90253e-07 1.56015e-06 2.73714e-06 -1.3608e-07 -2.68741e-06 2.06669e-07 -1.72165e-07 -7.16051e-07 -2.41287e-07 1.58982e-06 -7.52178e-07 1.19879e-06 -4.31222e-06 2.51359e-06 -1.5703e-07 -1.05578e-06 -1.73762e-07 1.18267e-06 -1.31858e-08
internal_weight=23321 22542 19625 2917 2395 1213 19015 1098 1182 17917 17371 16081 14284 1797 13354 1290 12345 9993 2352 1768 9127 1081 8046 6911 5281 4701 1630 4109 1253 1191 1135 3390 2029 1436 1361 1066
internal_count=23321 22542 19625 2917 2395 1213 19015 1098 1182 17917 17371 16081 14284 1797 13354 1290 12345 9993 2352 1768 9127 1081 8046 6911 5281 4701 1630 4109 1253 1191 1135 3390 2029 1436 1361 1066
is_linear=0
shrinkage=0.0329122


Tree=145
num_leaves=34
num_cat=0
split_feature=9 37 44 16 41 31 31 42 47 5 42 30 3 36 55 16 10 1 11 42 40 16 5 3 55 3 10 15 11 26 17 15 29
split_gain=1.14649e-05 2.0096e-05 1.64347e-05 2.10593e-05 1.42318e-05 1.34516e-05 1.63515e-05 1.01571e-05 2.1364e-05 9.83162e-06 9.81264e-06 9.85842e-06 9.16975e-06 1.05137e-05 1.01484e-05 1.43534e-05 9.99592e-06 9.98491e-06 9.69234e-06 7.86583e-06 7.27425e-06 7.74631e-06 6.44751e-06 1.01754e-05 9.55465e-06 9.15865e-06 1.02662e-05 6.80089e-06 6.89753e-06 6.43067e-06 5.72522e-06 5.71431e-06 2.1839e-06
threshold=-0.6962794034746066 -0.0031421857567410223 -0.0033585246179009261 0.071579264617239305 0.0037570459314744124 16.500000000000004 32.500000000000007 0.0018709090272673869 83.333333333345323 -0.48253580711810812 -0.0031323433460393453 16.500000000000004 0.2852029002236906 0.0012368588527579274 7579.5000000000009 0.51209834469328153 -1.7312030075187963 148.56973442383875 -0.32791524085285595 0.0027081935230718339 -0.001002506517548629 0.51149442160892555 0.37087167829156337 0.082093064298940102 7750.5000000000009 -1.0000000180025095e-35 -1.7312030075187963 0.063210379990275234 -0.38962504200873777 -0.002797077785140495 -0.11102316528188173 0.12434317289124847 8.5000000000000018
decision_type=10 10 8 8 10 2 2 8 10 2 10 2 2 8 2 8 8 10 8 8 10 10 2 2 2 2 10 8 10 10 8 8 2
left_child=2 -2 -1 -4 5 -3 -7 9 -9 -8 -11 22 13 16 19 -16 20 18 -18 -15 -5 -22 23 25 -25 26 -12 -28 -29 -26 -27 -24 -21
right_child=1 4 3 12 -6 6 7 8 -10 10 11 -13 -14 14 15 -17 17 -19 -20 32 21 -23 31 24 29 30 27 28 -30 -31 -32 -33 -34
leaf_value=6.3860285295727797e-06 -5.8097004718192894e-06 4.8663409084104604e-06 5.9850622208642763e-06 -3.6931833967898235e-06 -5.3414859616116592e-06 -5.2623004371412074e-06 -3.5727393175173079e-06 -5.7745223382616932e-06 2.4377718437927566e-06 4.763711146344613e-06 3.2190305889506187e-06 3.8212629287485852e-06 -3.2386735457828046e-06 3.8306704278287743e-06 -6.4643595496151992e-06 7.5803045923977792e-07 3.5929260047258109e-06 5.3246447213101281e-06 -1.4420222132479059e-06 1.1296350179112777e-07 -1.8026259125748655e-06 3.7438127090347058e-06 3.9268678259201947e-06 -5.4396459428644009e-06 -2.8913589495692155e-06 9.5651182181467806e-07 1.1077957790852965e-06 -4.9892987199738108e-06 -6.7634187391930259e-07 1.8994243252493572e-06 5.3819771102294439e-06 -5.5764250934039946e-07 -2.4544272713972619e-06
leaf_weight=541 777 560 696 538 592 692 646 891 558 582 605 797 838 535 700 519 854 993 804 1022 543 548 756 723 653 803 701 783 825 567 523 519 553
leaf_count=541 777 560 696 538 592 692 646 891 558 582 605 797 838 535 700 519 854 993 804 1022 543 548 756 723 653 803 701 783 825 567 523 519 553
internal_value=-5.26972e-08 -6.70666e-07 8.12142e-07 4.82305e-07 -3.58107e-07 -1.15954e-07 -3.56002e-07 -4.54101e-08 -2.61187e-06 3.4672e-07 6.33265e-07 3.42029e-07 2.88723e-08 3.88766e-07 -9.98383e-07 -3.38918e-06 1.46775e-06 2.71458e-06 1.15123e-06 3.82729e-07 -5.61172e-07 9.83093e-07 -2.97488e-08 -4.69216e-07 -2.44156e-06 4.34565e-07 -5.97219e-07 -1.59724e-06 -2.77664e-06 -6.64635e-07 2.70217e-06 2.10123e-06 -7.88331e-07
internal_weight=23237 13553 9684 9143 12776 12184 11624 10932 1449 9483 8837 8255 8447 7609 3329 1219 4280 2651 1658 2110 1629 1091 7458 6183 1943 4240 2914 2309 1608 1220 1326 1275 1575
internal_count=23237 13553 9684 9143 12776 12184 11624 10932 1449 9483 8837 8255 8447 7609 3329 1219 4280 2651 1658 2110 1629 1091 7458 6183 1943 4240 2914 2309 1608 1220 1326 1275 1575
is_linear=0
shrinkage=0.0329122


Tree=146
num_leaves=36
num_cat=0
split_feature=45 18 36 9 39 17 4 4 21 13 0 40 39 43 10 10 1 15 3 43 13 0 12 21 12 13 0 16 47 47 9 1 9 19 55
split_gain=1.17609e-05 5.33459e-05 1.62953e-05 1.01851e-05 1.33499e-05 3.06442e-05 1.14075e-05 1.31744e-05 1.16541e-05 1.09959e-05 1.43194e-05 1.98521e-05 1.14234e-05 1.09874e-05 9.53135e-06 1.38527e-05 1.24316e-05 1.17698e-05 8.50121e-06 8.05456e-06 7.52792e-06 8.43747e-06 9.9651e-06 6.86292e-06 6.40682e-06 6.56457e-06 7.13047e-06 5.85099e-06 7.36844e-06 8.61462e-06 5.73247e-06 3.61217e-06 2.83356e-06 1.26566e-06 1.97491e-07
threshold=-0.0037712145633829182 0.14386378703421709 -0.0033500931516688977 -0.81995175091409389 0.0025396835634905472 -0.48430177574414213 -0.0050614074743821572 -0.014082461397730291 -0.77010443721936828 -0.0034919807550108334 88.500000000000014 -0.0016038502695805976 -0.001853569710712599 0.0012292567643121812 -1.3411654135338342 -1.9013157894736836 114.29881780157204 0.20502533711668239 -0.48471623202413849 -0.0016038502695805976 -0.25929308505025672 35.500000000000007 -0.50370695809764388 0.0081484550886313477 -0.81905688345377048 -0.022911398568193519 2.5000000000000004 0.50960120890461458 72.916666666654905 20.83333333334544 -0.52669211195928745 81.818592306380211 -0.40369007410394714 -0.098346360242130601 2772.5000000000005
decision_type=8 8 8 8 10 10 10 10 2 10 10 10 8 8 10 10 10 8 2 8 8 10 8 2 8 10 8 8 8 10 10 10 8 10 2
left_child=1 -1 -2 14 6 -6 7 8 -5 10 12 -12 -10 32 15 17 -17 -4 -14 -20 21 22 -21 24 -22 26 -26 28 29 -28 -24 33 -13 34 -29
right_child=2 -3 3 4 5 -7 -8 -9 9 -11 11 13 18 -15 -16 16 -18 -19 19 20 23 -23 30 -25 25 -27 27 31 -30 -31 -32 -33 -34 -35 -36
leaf_value=-2.3757150214062473e-06 -6.0058872801578251e-06 1.120553218648634e-05 -2.5507069800007144e-06 4.0534627466742818e-06 2.5980730763485383e-06 -7.7542206858218919e-06 4.122747636152576e-06 -5.3197213568052861e-06 3.6211026643831451e-06 3.1251757345666155e-06 -8.5637509750114678e-06 -1.4788413216618358e-06 -4.4077420853834961e-06 2.5743466163116715e-06 -1.7816971220376144e-06 1.799981920057573e-06 8.0590973167733111e-06 3.8717972906039591e-06 2.8779175076217151e-06 1.605750994946506e-07 3.1001174086549973e-06 1.0150389994178894e-06 -7.679510355904817e-06 3.1282835676533601e-06 -3.5348306848153081e-06 -3.622647092690298e-06 2.9529506913798027e-06 -9.6877771477265683e-08 4.4584826427355085e-06 -2.8913747529308281e-06 -2.9166854508214995e-06 -2.5628799283435194e-06 -4.9271623362959853e-06 1.4183469003443815e-06 -8.3761465544144291e-07
leaf_weight=795 517 517 773 683 515 777 649 553 819 928 533 515 547 543 726 726 653 515 847 577 556 676 522 710 614 686 554 871 668 539 576 793 518 539 707
leaf_count=795 517 517 773 683 515 777 649 553 819 928 533 515 547 543 726 726 653 515 847 577 556 676 522 710 614 686 554 871 668 539 576 793 518 539 707
internal_value=-5.09618e-08 2.97587e-06 -2.32099e-07 -9.2652e-08 -4.04211e-07 -3.62755e-06 -1.55166e-07 -3.27905e-07 -1.50036e-07 -3.4354e-07 -5.7497e-07 -3.07288e-06 -1.2854e-07 -1.21574e-06 1.56149e-06 2.47165e-06 4.76404e-06 1.71199e-08 -4.08196e-07 -1.98519e-07 -4.70314e-07 -2.08833e-06 -3.34093e-06 5.5281e-08 -2.78962e-07 -5.93649e-07 -2.00438e-07 2.37817e-07 1.73524e-06 7.06816e-08 -5.18119e-06 -6.68274e-07 -3.20823e-06 4.1312e-08 -4.28899e-07
internal_weight=23237 1312 21925 21408 18015 1292 16723 16074 15521 14838 13910 2109 11801 1576 3393 2667 1379 1288 10982 10435 9588 2351 1675 7237 6527 5971 5285 4671 1761 1093 1098 2910 1033 2117 1578
internal_count=23237 1312 21925 21408 18015 1292 16723 16074 15521 14838 13910 2109 11801 1576 3393 2667 1379 1288 10982 10435 9588 2351 1675 7237 6527 5971 5285 4671 1761 1093 1098 2910 1033 2117 1578
is_linear=0
shrinkage=0.0329122


Tree=147
num_leaves=35
num_cat=0
split_feature=9 42 44 16 0 5 17 10 10 21 28 40 10 17 15 13 1 0 3 36 10 0 19 7 15 42 40 31 7 20 13 19 31 29
split_gain=1.04788e-05 1.7832e-05 1.50982e-05 1.9609e-05 1.45625e-05 1.49692e-05 9.7284e-06 2.13132e-05 2.60717e-05 1.66041e-05 1.21841e-05 1.77955e-05 1.1565e-05 1.3934e-05 1.50599e-05 9.3709e-06 1.62981e-05 1.19776e-05 8.59306e-06 9.67588e-06 9.41831e-06 1.02049e-05 8.10786e-06 7.71654e-06 7.11007e-06 6.97142e-06 6.90576e-06 6.69389e-06 6.29403e-06 5.275e-06 4.68963e-06 3.76111e-06 3.60239e-06 1.93333e-06
threshold=-0.6962794034746066 0.0037795279339850611 -0.0033585246179009261 0.071579264617239305 225.50000000000003 -0.48253580711810812 -0.083766196588496461 -1.3129699248120297 -1.5310150375939846 0.1020076985784852 0.99775511321496668 0.0020050130350973698 -1.3749999999999993 -0.27393690939410781 0.07629934305366759 -0.23071449411060257 80.735343420065519 14.500000000000002 0.2852029002236906 0.0012368588527579274 -1.7312030075187963 63.500000000000007 -0.10576258440328699 0.180831524844037 0.041131401075835003 -0.0010095913728607739 0.0013917891221558734 139.50000000000003 0.37394501094596161 0.61492468051688454 -0.11293620571927229 -0.085036868572919019 76.500000000000014 4.5000000000000009
decision_type=10 10 8 8 10 2 10 10 10 2 10 8 10 10 8 10 10 10 2 8 8 10 10 10 10 10 8 2 10 10 10 10 2 2
left_child=2 4 -1 -4 5 -2 9 8 -8 10 11 12 15 24 -15 16 -7 -17 19 20 25 26 32 -11 -14 -5 31 -24 -19 -27 -16 -22 -21 -34
right_child=1 -3 3 18 -6 6 7 -9 -10 23 -12 -13 13 14 30 17 -18 28 -20 22 21 -23 27 -25 -26 29 -28 -29 -30 -31 -32 -33 33 -35
leaf_value=6.1199663208716321e-06 -4.494515144197992e-06 -5.9981464282139424e-06 5.7712804287089232e-06 -3.6112759601724916e-06 -4.6379708751602279e-06 -6.9036389745040034e-07 -7.7313032075968674e-08 -1.7432969485924303e-06 8.3412861166011792e-06 6.1975382255783003e-06 -5.3977508500703262e-06 4.8230481433891812e-06 -5.006196067330917e-06 6.863956046083818e-06 2.5357130890930399e-06 2.0024777702517284e-06 -8.3758701649162172e-06 -5.8906648806767292e-06 -3.1392842391433695e-06 2.4827139921039101e-06 4.843320282612982e-06 6.5591038740392836e-06 -4.9081391840403216e-06 1.0240497366241229e-06 -1.4263458634008589e-07 -1.4181320091549988e-06 -1.7486764213980113e-06 -1.1134001206879163e-07 -9.6373259064321865e-07 3.1701039326445084e-06 -1.7163067380989416e-06 1.4662251330823558e-06 -1.8844597844162512e-06 5.5629469037099003e-07
leaf_weight=541 781 641 696 542 813 568 758 1019 840 526 603 615 541 551 518 816 631 520 838 602 548 561 782 769 818 524 515 528 611 563 614 1027 646 771
leaf_count=541 781 641 696 542 813 568 758 1019 840 526 603 615 541 551 518 816 631 520 838 602 548 561 782 769 818 524 515 528 611 563 614 1027 646 771
internal_value=-4.92842e-08 -6.40081e-07 7.77527e-07 4.61385e-07 -3.74069e-07 -8.75345e-08 2.16549e-07 1.976e-06 4.34784e-06 -3.12615e-07 -9.13843e-07 -5.16368e-07 -1.04707e-06 3.99817e-07 2.4015e-06 -2.44619e-06 -4.73522e-06 -1.03645e-06 2.38432e-08 3.72237e-07 1.40734e-06 2.6176e-06 -9.58491e-07 3.12558e-06 -2.07892e-06 -5.6209e-07 1.55951e-06 -2.97495e-06 -3.22919e-06 9.58085e-07 2.29203e-07 2.64139e-06 3.49745e-07 -5.56266e-07
internal_weight=23237 13553 9684 9143 12912 12099 11318 2617 1598 8701 7406 6803 6188 3042 1683 3146 1199 1947 8447 7609 4280 2651 3329 1295 1359 1629 2090 1310 1131 1087 1132 1575 2019 1417
internal_count=23237 13553 9684 9143 12912 12099 11318 2617 1598 8701 7406 6803 6188 3042 1683 3146 1199 1947 8447 7609 4280 2651 3329 1295 1359 1629 2090 1310 1131 1087 1132 1575 2019 1417
is_linear=0
shrinkage=0.0329122


Tree=148
num_leaves=36
num_cat=0
split_feature=45 10 36 9 8 4 4 24 27 24 38 7 42 12 41 40 5 7 17 47 12 22 9 0 27 44 13 31 25 5 31 15 48 13 29
split_gain=1.06379e-05 2.36809e-05 1.5423e-05 9.44602e-06 1.75426e-05 1.2791e-05 1.7042e-05 1.36729e-05 1.87533e-05 1.24133e-05 9.82995e-06 1.05831e-05 8.78333e-06 9.5502e-06 1.18849e-05 1.15708e-05 9.34722e-06 9.59056e-06 9.97878e-06 8.8422e-06 1.12315e-05 9.62365e-06 8.47841e-06 9.39653e-06 8.30131e-06 1.25449e-05 8.05649e-06 1.60183e-05 9.6779e-06 6.62262e-06 5.85035e-06 5.83949e-06 5.56478e-06 5.24684e-06 6.72038e-07
threshold=-0.0037712145633829182 -1.5216165413533831 -0.0033500931516688977 -0.81995175091409389 -0.074999999999999276 -0.0050614074743821572 -0.013128638717416105 -1999.9999999999925 7.4662444343275061 -0.49999999999999106 -0.0013559328266281032 0.15238009442329067 0.0037795279339850611 -0.88655127910471498 -0.0033444816053511124 0.0021762811404755227 0.26998367518868321 0.94230277014850128 -0.046010113139322718 83.33333333333745 -0.4368520617353911 -0.93123589949624497 -0.38797593390804591 35.500000000000007 -12.564466493291368 0.0015810286559881927 -0.51232399460280909 111.50000000000001 -0.67372191742693788 0.55893387577418918 189.50000000000003 0.10694194146668663 41.158169220144529 -0.034217871244022445 2.5000000000000004
decision_type=8 10 8 10 8 10 10 8 8 10 8 8 10 10 10 8 2 10 10 10 10 10 10 10 8 10 10 2 10 2 2 8 2 10 2
left_child=1 -1 -2 4 9 6 7 8 -5 -4 -6 -12 13 -9 -15 16 17 18 19 20 21 -16 23 -22 -13 26 28 -28 34 30 31 -18 -24 -23 -26
right_child=2 -3 3 5 10 -7 -8 12 -10 -11 11 24 -14 14 15 -17 29 -19 -20 -21 22 33 32 -25 25 -27 27 -29 -30 -31 -32 -33 -34 -35 -36
leaf_value=-2.625595167494114e-06 -5.8370653885999803e-06 6.4139555642684435e-06 8.4280566254982336e-06 -6.6716500323420311e-06 4.3858802138835815e-06 3.8593473992423532e-06 -6.5421772140684728e-06 3.2825594426035984e-06 1.1438850979641492e-06 1.4238444037141736e-06 -4.4935877301839322e-06 3.9350313261143528e-06 -4.0642607391767497e-06 -4.7275756611791703e-06 -6.8756465367690823e-06 4.0372993973955505e-06 3.5443441258681338e-06 -4.2115268242765386e-06 3.9280622453553099e-06 2.5568899522991564e-06 -5.1747785934736479e-07 -3.3119043241782585e-06 1.4086854930454807e-07 4.607864228479478e-06 -2.6447024645783447e-07 -4.8975422352650189e-06 6.7204477923250173e-06 -4.3911376827576675e-07 -4.6526662786194193e-06 -1.5373105663625016e-06 5.2477328801788828e-06 -1.3029766912040738e-06 -4.3926837548926927e-06 8.2879190965342397e-07 1.0870900766086369e-06
leaf_weight=520 517 792 519 853 549 676 534 896 545 581 566 586 600 607 567 719 547 833 517 716 968 914 582 646 740 546 559 858 534 561 585 530 591 520 863
leaf_count=520 517 792 519 853 549 676 534 896 545 581 566 586 600 607 567 719 547 833 517 716 968 914 582 646 740 546 559 858 534 561 585 530 591 520 863
internal_value=-4.76635e-08 2.83103e-06 -2.19936e-07 -8.42726e-08 9.18079e-07 -5.61108e-07 -7.77178e-07 -5.45641e-07 -3.62466e-06 4.72877e-06 1.95447e-07 -2.42542e-07 -1.83872e-07 2.21643e-08 -2.58628e-07 1.82625e-08 -3.00065e-07 -9.0157e-07 -4.43602e-07 -8.54282e-07 -1.36444e-06 -3.24568e-06 -1.36707e-08 1.53379e-06 2.70873e-07 -2.52778e-07 4.60732e-07 2.38514e-06 -8.15196e-07 1.55441e-06 2.59814e-06 1.15873e-06 -2.1431e-06 -1.81024e-06 4.63021e-07
internal_weight=23237 1312 21925 21408 6901 14507 13831 13297 1398 1100 5801 5252 11899 11299 10403 9796 9077 6854 6021 5504 4788 2001 2787 1614 4686 4100 3554 1417 2137 2223 1662 1077 1173 1434 1603
internal_count=23237 1312 21925 21408 6901 14507 13831 13297 1398 1100 5801 5252 11899 11299 10403 9796 9077 6854 6021 5504 4788 2001 2787 1614 4686 4100 3554 1417 2137 2223 1662 1077 1173 1434 1603
is_linear=0
shrinkage=0.0329122


Tree=149
num_leaves=36
num_cat=0
split_feature=12 36 20 37 0 1 19 42 43 8 26 37 0 43 12 8 38 16 38 21 17 31 15 16 17 1 31 7 31 12 41 42 0 31 29
split_gain=1.01936e-05 1.13576e-05 1.17519e-05 1.74736e-05 4.27808e-05 1.73681e-05 2.21984e-05 9.95583e-06 8.59544e-06 1.04249e-05 1.90762e-05 1.01267e-05 8.83755e-06 1.61269e-05 1.1229e-05 6.49189e-06 5.88864e-06 5.69905e-06 7.53594e-06 7.37296e-06 6.79484e-06 7.16599e-06 6.82328e-06 6.30322e-06 9.19667e-06 8.52215e-06 1.04131e-05 8.69897e-06 8.00374e-06 6.95578e-06 5.60314e-06 4.69925e-06 3.84199e-06 2.96682e-07 2.47645e-07
threshold=-0.95636252263769028 0.0036429885925279852 5.2967967967967979 -0.0020110613429319964 17.500000000000004 80.253186709080808 -1.0664098006570837 -0.0012414654069632378 -0.0033444816053511124 -0.099999999999996078 -0.0012840655921081362 -0.0010643962567692953 256.50000000000006 0.0030888049306390113 -0.70423931446223298 -0.049999999999998927 -0.0014609211593460956 0.51136428858405558 -0.0012507822277847966 0.017663855168054934 -0.26822650010239601 100.50000000000001 0.10071028981796758 0.4839655958077011 -0.11102316528188173 265.30339407207754 205.50000000000003 0.39263314050423498 146.50000000000003 -0.5101420295579473 0.0010758475410025394 -0.0012143295308426614 4.5000000000000009 78.500000000000014 6.5000000000000009
decision_type=8 10 10 8 10 10 10 10 8 8 8 8 10 10 8 8 8 10 10 2 8 2 8 10 10 8 2 8 2 10 10 10 10 2 2
left_child=-1 2 3 4 -2 7 -7 -4 -5 10 -10 16 13 15 -15 -13 -11 19 -19 23 30 -22 -23 24 25 26 27 -17 -25 -30 -20 -18 33 -27 -35
right_child=1 -3 5 8 -6 6 -8 -9 9 11 -12 12 -14 14 -16 17 31 18 20 -21 21 22 -24 28 -26 32 -28 -29 29 -31 -32 -33 -34 34 -36
leaf_value=3.388054303687054e-06 2.7594679890604759e-06 -4.9266219647358565e-06 -3.5457124736475821e-06 -3.7741972756201888e-06 -9.3643946643765415e-06 1.2874809782959052e-07 8.3664200314433637e-06 1.8652367721025405e-06 -3.1465392137492406e-07 4.9834435676218702e-06 7.352335148443392e-06 -3.5382656053648049e-06 3.6360552629245288e-06 -1.3139133283645857e-06 -7.6470000279217751e-06 -7.1916312982233225e-06 -1.4766095509553256e-06 -4.3651472075290489e-06 -4.6093406713573868e-06 4.0027873406353122e-06 -2.1298250990837568e-06 4.921496572180662e-06 2.132925224760486e-07 3.7101648607226594e-06 3.3554221545876712e-06 1.4462358999434474e-07 1.1753829846807213e-06 -1.8391044607744346e-06 -3.1372229214943096e-06 1.9281509884667682e-06 -2.9007294993176069e-08 2.6731724033468702e-06 2.732859384193197e-06 -3.7475968037223065e-07 -1.3416345702590388e-06
leaf_weight=900 559 534 679 663 723 671 751 805 897 547 578 638 536 647 571 616 524 653 633 572 697 526 911 1013 564 517 517 706 518 678 533 678 517 650 515
leaf_count=900 559 534 679 663 723 671 751 805 897 547 578 638 536 647 571 616 524 653 633 572 697 526 911 1013 564 517 517 706 518 678 533 678 517 650 515
internal_value=-4.60944e-08 -1.84473e-07 -6.83176e-08 -3.6797e-07 -4.07776e-06 1.88017e-06 4.47947e-06 -6.10374e-07 -9.79631e-08 4.58025e-08 2.68961e-06 -2.06145e-07 -5.06654e-07 -6.74992e-07 -4.28306e-06 -3.07959e-07 2.15244e-06 -1.26134e-07 -1.13466e-06 4.13819e-07 -4.95347e-07 6.08495e-07 1.93684e-06 1.12378e-07 -5.81262e-07 -1.13117e-06 -2.78455e-06 -4.33334e-06 1.55754e-06 -2.65524e-07 -2.51578e-06 8.63926e-07 2.5143e-07 -5.11156e-07 -8.02373e-07
internal_weight=23237 22337 21803 18897 1282 2906 1422 1484 17615 16952 1475 15477 13728 13192 1218 11974 1749 11336 3953 7383 3300 2134 1437 6811 4602 4038 1839 1322 2209 1196 1166 1202 2199 1682 1165
internal_count=23237 22337 21803 18897 1282 2906 1422 1484 17615 16952 1475 15477 13728 13192 1218 11974 1749 11336 3953 7383 3300 2134 1437 6811 4602 4038 1839 1322 2209 1196 1166 1202 2199 1682 1165
is_linear=0
shrinkage=0.0329122


Tree=150
num_leaves=35
num_cat=0
split_feature=20 17 43 31 19 37 20 43 47 12 19 37 7 15 38 9 24 55 43 7 15 17 7 21 20 18 15 45 9 22 10 42 15 48
split_gain=1.38089e-05 1.33676e-05 1.46537e-05 1.06855e-05 1.66619e-05 2.16498e-05 1.28266e-05 1.79764e-05 1.59627e-05 1.01335e-05 8.77772e-06 8.17965e-06 1.47833e-05 1.30393e-05 8.70138e-06 8.37966e-06 9.32325e-06 1.24933e-05 1.89141e-05 1.32319e-05 1.22091e-05 1.39817e-05 1.29355e-05 8.29026e-06 6.74194e-06 6.36582e-06 5.35802e-06 5.1453e-06 9.0645e-06 5.88385e-06 5.37039e-06 4.7679e-06 3.78338e-06 7.75684e-07
threshold=31.708333333333336 -0.5069828388572527 0.0043763885696773705 30.500000000000004 -0.56115329719586871 -0.0014609211593460956 5.2967967967967979 -0.0018165319254248578 -18.518518518505271 -0.50751137517391787 -2.8981590959495516 0.0010610082561639536 0.79608782832297054 0.039113303323304566 0.0013012367251842296 -0.81130240070479398 -1999.9999999999925 -1416.4999999999998 -0.0031529173183468813 0.27546736375158432 0.056653716864069871 -0.23763933179251626 0.70311156928223972 0.017663855168054934 0.94457245263696887 -0.36010526812034732 0.12434317289124847 -0.0012650226439852583 -0.43867747151506031 -0.92872086072922888 -1.3749999999999993 0.0037795279339850611 0.099874944968076806 7.9624618040758095e-13
decision_type=10 8 10 2 10 10 10 8 8 8 8 10 10 8 10 8 8 2 8 10 8 10 10 2 10 10 10 8 10 10 10 8 10 2
left_child=1 -1 3 4 -3 -6 10 -8 -9 -7 -5 15 13 -13 25 24 -17 19 -19 -18 21 -20 23 27 -12 -15 -24 -22 29 31 -31 -29 -30 -33
right_child=-2 2 -4 6 5 9 7 8 -10 -11 11 12 -14 14 -16 16 17 18 20 -21 22 -23 26 -25 -26 -27 -28 28 32 30 -32 33 -34 -35
leaf_value=3.8647102204689046e-06 5.2230287028769467e-06 2.7980469521185141e-06 -5.592452827712333e-06 -3.4487351683179099e-06 -9.3531444671787408e-06 -4.4096192329617047e-06 7.608912618596445e-06 -3.3690052836455633e-06 4.1314210650350761e-06 1.6341189172255376e-06 4.5299397898878445e-06 -6.1607308193085337e-06 3.3449090337002282e-06 -3.1795190918425545e-07 2.5649076388692461e-06 -3.1079768802426988e-06 -6.1618052333080016e-08 -5.9022857327602516e-06 9.3984984222052227e-08 7.1151202028672483e-06 2.5976780272567803e-06 6.6550099446246202e-06 -5.6210379757413616e-06 4.2777706464251262e-06 4.6907597523564189e-07 -5.1384192962899524e-06 -1.1656720105154145e-06 -2.0612363259164158e-06 -4.7890371598535136e-06 2.8479044050343584e-07 4.7316791120739659e-06 3.2918504921896928e-08 -1.2056051513289309e-06 1.5418254215726334e-06
leaf_weight=953 573 564 517 767 517 584 592 576 659 619 937 737 580 659 533 863 525 543 735 592 781 675 556 568 840 540 617 1021 518 593 584 675 832 815
leaf_count=953 573 564 517 767 517 584 592 576 659 619 937 737 580 659 533 863 525 543 735 592 781 675 556 568 840 540 617 1021 518 593 584 675 832 815
internal_value=1.77143e-07 4.95777e-08 -1.17853e-07 1.56629e-08 -2.11075e-06 -3.72051e-06 2.72468e-07 2.89356e-06 6.33061e-07 -1.29964e-06 -7.79145e-09 1.5392e-07 -1.38327e-06 -2.49407e-06 -9.33707e-07 5.07132e-07 1.81903e-07 4.49015e-07 6.23593e-08 3.74178e-06 4.23455e-07 3.23506e-06 -1.00902e-07 4.82496e-07 2.61047e-06 -2.48916e-06 -3.2777e-06 1.11995e-07 -2.73295e-07 5.71292e-07 2.49143e-06 -3.28657e-07 -2.58075e-06 8.58414e-07
internal_weight=23240 22667 21714 21197 2284 1720 18913 1827 1235 1203 17086 16319 3049 2469 1732 13270 11493 10630 9513 1117 8970 1410 7560 6387 1777 1199 1173 5819 5038 3688 1177 2511 1350 1490
internal_count=23240 22667 21714 21197 2284 1720 18913 1827 1235 1203 17086 16319 3049 2469 1732 13270 11493 10630 9513 1117 8970 1410 7560 6387 1777 1199 1173 5819 5038 3688 1177 2511 1350 1490
is_linear=0
shrinkage=0.0329122


Tree=151
num_leaves=36
num_cat=0
split_feature=17 44 44 45 48 16 39 55 12 44 31 31 24 31 19 7 37 13 41 17 16 41 18 40 47 29 16 31 10 45 27 13 48 48 55
split_gain=1.16675e-05 1.55441e-05 1.01672e-05 1.74145e-05 9.58979e-06 1.3803e-05 1.11952e-05 8.71483e-06 7.53355e-06 9.46035e-06 1.05195e-05 2.31772e-05 1.12811e-05 9.05694e-06 8.32539e-06 7.44397e-06 1.14056e-05 1.30809e-05 9.80607e-06 6.95019e-06 9.41051e-06 7.42781e-06 6.8425e-06 1.04539e-05 6.38518e-06 6.18506e-06 5.06121e-06 6.3499e-06 6.50622e-06 6.28961e-06 4.21118e-06 4.18829e-06 4.59426e-06 3.64504e-06 2.10173e-06
threshold=-0.5069828388572527 0.0038143689923081374 -0.0048038461538462132 -0.0037712145633829182 14.229384111632188 0.50444760718733328 0.0033927081235072269 21115.500000000004 -0.076263177026535803 -0.0031529173183468813 40.500000000000007 26.500000000000004 -2000.9999999999925 56.500000000000007 2.7346372551741926 1.1195406783011015 0.001027221637181386 -0.095578927571082148 0.0020090411898852083 -0.046010113139322718 0.84226448732309944 -0.0014981281814182565 -0.37700388486338138 0.0034158863510399544 64.81481481480877 12.500000000000002 0.53091060985797844 133.50000000000003 -1.4257518796992479 0.0015048917474408399 -4.1331092459888303 -0.23071449411060257 65.5650641986051 46.13604667684946 261.00000000000006
decision_type=8 10 8 8 2 10 10 2 10 8 2 2 10 2 10 10 10 10 10 10 10 8 10 8 10 2 10 2 10 10 10 8 2 2 2
left_child=-1 2 -2 -4 5 22 8 -7 9 -6 11 12 -11 -12 15 16 18 24 19 20 21 -15 23 -5 -18 -10 27 28 -23 31 -28 -29 33 -33 -25
right_child=1 -3 3 4 6 7 -8 -9 25 10 13 -13 -14 14 -16 -17 17 -19 -20 -21 -22 26 -24 34 -26 -27 30 29 -30 -31 -32 32 -34 -35 -36
leaf_value=3.7375142474096445e-06 -3.9822141845536923e-06 -3.9541224373674657e-06 5.0148716584006097e-06 4.7802078642803274e-06 -3.7525385690763025e-06 -6.4573858515117348e-06 -3.8751369345439263e-06 -1.0341390231433897e-06 5.536361257592998e-06 3.1945137240084999e-06 -3.0893647421794979e-06 8.258349024640723e-06 -2.8810526379326822e-06 3.8965156158848152e-06 4.507940074522106e-06 3.5323420678193814e-06 2.1038256577791859e-06 -5.7067051986967299e-06 4.8829019222554536e-06 3.9657756542329351e-06 -3.5823817439228853e-06 -6.2210584402661183e-07 -3.1213062524886693e-06 7.2505717925238844e-07 -2.5522490195172563e-06 7.1004250386007969e-07 0 2.780087734983288e-06 3.803564206687096e-06 -3.647717656315717e-06 -4.1033472535731122e-06 -8.4069595548344656e-08 2.2332180843597925e-06 -3.5661850233459755e-06 -2.210220367760054e-06
leaf_weight=953 609 1018 826 579 561 740 618 567 595 734 822 596 603 606 532 716 655 722 543 522 703 557 516 536 622 557 568 584 1016 517 518 866 520 522 521
leaf_count=953 609 1018 826 579 561 740 618 567 595 734 822 596 603 606 532 716 655 722 543 522 703 557 516 536 622 557 568 584 1016 517 518 866 520 522 521
internal_value=1.71313e-07 1.88112e-08 2.08979e-07 3.32535e-07 1.37524e-07 -1.43706e-06 4.70149e-07 -4.10486e-06 6.40588e-07 4.38457e-07 6.05886e-07 2.86057e-06 4.54203e-07 2.46004e-07 4.88887e-07 2.90099e-07 5.88793e-08 -2.16595e-06 6.11934e-07 3.02644e-07 2.85455e-08 4.33185e-07 1.83096e-07 1.22546e-06 -1.63872e-07 3.203e-06 6.28596e-08 5.41701e-07 2.23629e-06 -3.44094e-07 -1.95723e-06 3.41197e-07 -4.05178e-07 -1.39379e-06 -7.21538e-07
internal_weight=23240 22287 21269 20660 19834 3459 16375 1307 15757 14605 14044 1933 1337 12111 11289 10757 10041 1999 8042 7499 6977 6274 2152 1636 1277 1152 5668 4582 1573 3009 1086 2492 1908 1388 1057
internal_count=23240 22287 21269 20660 19834 3459 16375 1307 15757 14605 14044 1933 1337 12111 11289 10757 10041 1999 8042 7499 6977 6274 2152 1636 1277 1152 5668 4582 1573 3009 1086 2492 1908 1388 1057
is_linear=0
shrinkage=0.0329122


Tree=152
num_leaves=36
num_cat=0
split_feature=20 44 45 22 18 26 9 39 43 16 4 19 38 20 20 16 0 42 8 15 41 47 38 0 9 19 11 26 18 39 17 9 20 10 48
split_gain=1.28482e-05 1.55669e-05 1.60552e-05 1.27587e-05 2.08557e-05 9.13811e-06 1.14996e-05 1.59979e-05 1.19539e-05 1.44276e-05 9.80942e-06 9.76376e-06 1.17857e-05 1.14506e-05 1.1917e-05 1.0742e-05 8.86566e-06 7.36783e-06 6.70378e-06 6.04745e-06 5.92004e-06 7.12132e-06 6.09759e-06 6.68548e-06 1.1159e-05 6.52523e-06 5.89253e-06 5.2486e-06 4.88109e-06 4.36239e-06 4.09553e-06 3.43773e-06 2.93746e-06 4.0066e-06 2.05097e-06
threshold=31.708333333333336 -0.0048038461538462132 -0.0037712145633829182 -0.534269589613101 0.13820866626396996 0.0052712924148690986 -0.81995175091409389 0.0036122830672872257 0.0032008537886872861 0.49808417869254379 -0.85897226525999504 0.41614493855449558 -0.0020191827457216034 0.28192660980410539 0.63215413018879174 0.91541820970336307 193.50000000000003 0.0018709090272673869 0.19999999999999221 0.055908236193521997 -0.0015026304499987651 -83.33333333337012 -0.0010085731258747674 18.500000000000004 -0.46942670197850128 -0.053778312333390581 -0.48774480355640987 -0.0027558328418704988 -0.36010526812034732 1.0000000180025095e-35 -0.16226119774143527 -0.43391292442497259 0.66224991224991236 -1.2904135338345861 7.0493209164264456
decision_type=10 8 8 10 8 10 8 10 10 10 8 10 8 10 8 10 10 10 10 8 8 8 8 8 8 10 8 8 10 10 8 10 8 8 2
left_child=1 -1 -3 5 -5 6 8 10 9 28 -8 12 -12 -13 -15 16 17 18 19 29 -21 -22 -23 24 -24 -26 -25 -19 -4 31 -11 -14 -28 34 -34
right_child=-2 2 3 4 -6 -7 7 -9 -10 30 11 13 15 14 -16 -17 -18 27 -20 20 21 22 23 26 25 -27 32 -29 -30 -31 -32 -33 33 -35 -36
leaf_value=-5.4836950929417906e-06 5.0328669885060825e-06 4.8620727048106195e-06 5.0450798253212721e-07 6.6748792523675953e-06 -1.5674015911667744e-06 -3.8587340140049068e-06 -3.9603463200983256e-06 -5.4693413348593341e-06 6.3027738979636513e-06 5.4796238010554216e-06 -4.6052787635616463e-06 5.3027654640888397e-06 1.5460222751163947e-06 -3.4967227649817916e-06 2.6339695012536011e-06 4.29429826078947e-06 -4.3741940432553771e-06 -4.9537676354571017e-06 -3.4695908095801229e-06 2.5245893262570918e-06 -4.0132779344586666e-06 3.3593603448293695e-06 -5.2326682679032066e-06 2.93479483912382e-06 2.1991178281208717e-06 -2.3434893989532644e-06 -2.4727931920088516e-06 -4.2081382687642671e-07 -3.570589688980256e-06 -1.8057751878910896e-07 1.7114924961209863e-06 5.2522183870129301e-06 6.5408015336599311e-07 2.650287162470147e-06 -1.6684191850205236e-06
leaf_weight=539 573 765 609 767 587 713 718 651 525 546 675 750 549 555 901 565 565 554 526 861 536 518 702 823 668 703 518 553 667 569 731 536 798 573 851
leaf_count=539 573 765 609 767 587 713 718 651 525 546 675 750 549 555 901 565 565 554 526 861 536 518 702 823 668 703 518 553 667 569 731 536 798 573 851
internal_value=1.65674e-07 4.26264e-08 1.77248e-07 9.47617e-09 3.10143e-06 -1.99744e-07 -6.45297e-08 -4.14567e-07 1.77974e-06 8.49536e-07 -2.03165e-07 -2.14774e-08 -3.74021e-07 1.99891e-06 2.96907e-07 -1.35357e-07 -3.54859e-07 -1.45305e-07 1.44105e-07 3.50627e-07 -4.4161e-08 -3.74792e-07 -5.78509e-08 -3.71964e-07 -1.85808e-06 -1.30003e-07 4.92612e-07 -2.68954e-06 -1.62548e-06 2.15309e-06 3.32279e-06 3.37713e-06 -2.40851e-07 2.79364e-07 -5.44354e-07
internal_weight=23240 22667 22128 21363 1354 20009 19296 16218 3078 2553 15567 14849 12643 2206 1456 11968 11403 10838 9731 9205 7551 6690 6154 5636 2073 1371 3563 1107 1276 1654 1277 1085 2740 2222 1649
internal_count=23240 22667 22128 21363 1354 20009 19296 16218 3078 2553 15567 14849 12643 2206 1456 11968 11403 10838 9731 9205 7551 6690 6154 5636 2073 1371 3563 1107 1276 1654 1277 1085 2740 2222 1649
is_linear=0
shrinkage=0.0329122


Tree=153
num_leaves=35
num_cat=0
split_feature=20 44 45 17 44 39 48 1 20 37 49 41 16 20 4 44 48 15 47 17 1 4 38 0 17 0 9 5 5 26 41 16 26 28
split_gain=1.20163e-05 1.45591e-05 1.50158e-05 1.24554e-05 1.66482e-05 8.84654e-06 8.22136e-06 1.08218e-05 1.34912e-05 1.33685e-05 9.02855e-06 1.32541e-05 8.13465e-06 7.12388e-06 6.78715e-06 6.50179e-06 6.40281e-06 7.13596e-06 6.74796e-06 5.79461e-06 7.86958e-06 5.8858e-06 6.0927e-06 9.58432e-06 9.11295e-06 8.67397e-06 9.38694e-06 7.45997e-06 7.27491e-06 6.1991e-06 7.94452e-06 8.0913e-06 4.44591e-06 3.00193e-06
threshold=31.708333333333336 -0.0048038461538462132 -0.0037712145633829182 -0.5069828388572527 0.0037998748616258076 0.0033927081235072269 18.28945910440574 997.84174728867163 0.73367613239967966 -0.0022246968572135479 79.316399335863437 0.0030158333143849307 0.092630578347008219 0.072016949152542378 -0.033427975471950214 -0.0018885758105360859 9.217874219391872e-12 0.11344677514528397 71.058341369348554 -0.41685481493106574 715.11389457711425 -0.75907649744217875 -0.0011954576895153999 37.500000000000007 -0.07053628504459529 51.500000000000007 -0.40038167938931296 0.09510900481500642 0.33333975886142025 -0.0044918220889194867 -0.0012277475467659669 0.47274436090225569 -0.0034732241206969065 -0.99009900990098998
decision_type=10 8 8 8 10 10 2 10 10 8 10 10 8 8 10 8 2 8 8 8 10 8 8 10 8 10 8 2 2 8 10 10 10 10
left_child=1 -1 -3 -4 5 6 14 9 -9 -8 11 12 -11 -14 15 -5 33 -18 -19 -15 21 -21 23 24 -23 27 -27 29 -29 -24 31 -31 -32 -17
right_child=-2 2 3 4 -6 -7 7 8 -10 10 -12 -13 13 19 -16 16 17 18 -20 20 -22 22 25 -25 -26 26 -28 28 -30 30 32 -33 -34 -35
leaf_value=-5.3032148712887897e-06 4.8672245477319906e-06 4.7020513649331394e-06 3.6909368392342393e-06 2.7621453078506404e-06 -4.2438868981330899e-06 -3.7145812963058338e-06 -4.502366186128208e-06 -1.8482649517306978e-07 7.0977207544747132e-06 3.6985428006376037e-06 -2.5814499433788596e-06 5.8977655486749477e-06 -3.4125828224916729e-06 -2.5434801443686489e-06 -4.6513054943467622e-06 -8.920574581187366e-07 5.2572328663306394e-07 -6.8743422697203654e-06 -1.625093338714973e-06 4.1127907524646511e-06 -3.0962180339436521e-06 1.4305622185960218e-06 2.7217910940494693e-06 -6.2584497515998588e-07 7.1686328970636703e-06 4.2437023611121253e-06 -9.8484333187870016e-07 -4.6986622443894008e-06 -5.4728653767679787e-09 -8.867307961238102e-07 -4.047686319204009e-06 4.5803545280999122e-06 -3.317478943602793e-07 2.2630589171652616e-06
leaf_weight=539 573 765 951 523 1028 652 603 520 586 812 949 519 537 645 520 765 518 518 544 583 563 639 888 745 565 1009 589 754 681 669 683 522 713 570
leaf_count=539 573 765 951 523 1028 652 603 520 586 812 949 519 537 645 520 765 518 518 544 583 563 639 888 745 565 1009 589 754 681 669 683 522 713 570
internal_value=1.60221e-07 4.12228e-08 1.71414e-07 9.16358e-09 -1.6236e-07 5.40857e-08 1.85273e-07 5.42166e-07 3.67353e-06 2.88762e-07 5.09908e-07 7.52062e-07 5.21756e-07 2.82556e-07 -1.14684e-06 -6.16721e-07 -1.22302e-06 -2.64091e-06 -4.18568e-06 4.76205e-07 6.79051e-07 9.14195e-07 6.93666e-07 2.30793e-06 4.12345e-06 2.10196e-07 2.31639e-06 -4.75236e-07 -2.4716e-06 3.49096e-07 -4.65254e-07 1.50923e-06 -2.14995e-06 4.549e-07
internal_weight=23240 22667 22128 21363 20412 19384 18732 14774 1106 13668 13065 12116 11597 10785 3958 3438 2915 1580 1062 10248 9603 9040 8457 1949 1204 6508 1598 4910 1435 3475 2587 1191 1396 1335
internal_count=23240 22667 22128 21363 20412 19384 18732 14774 1106 13668 13065 12116 11597 10785 3958 3438 2915 1580 1062 10248 9603 9040 8457 1949 1204 6508 1598 4910 1435 3475 2587 1191 1396 1335
is_linear=0
shrinkage=0.0329122


Tree=154
num_leaves=36
num_cat=0
split_feature=17 44 0 17 37 42 1 11 43 37 16 6 4 12 16 27 3 26 21 3 18 16 0 45 13 10 55 13 11 7 15 15 10 48 31
split_gain=1.02694e-05 1.3418e-05 9.21527e-06 3.19113e-05 1.42701e-05 1.06426e-05 1.40784e-05 9.16164e-06 2.29873e-05 1.88338e-05 1.21052e-05 1.14068e-05 1.07919e-05 9.37121e-06 8.2165e-06 6.94886e-06 1.40298e-05 1.39701e-05 9.8455e-06 1.04561e-05 7.37677e-06 6.85655e-06 6.39799e-06 6.19135e-06 8.4082e-06 1.25991e-05 6.44315e-06 6.334e-06 5.55249e-06 5.50318e-06 5.31446e-06 5.26061e-06 4.91666e-06 1.57824e-06 7.27789e-07
threshold=-0.5069828388572527 0.0038143689923081374 193.50000000000003 -0.22284492846903248 0.0031298981191222324 -0.0036663642168229256 145.52632395985486 -0.5496025487350954 -0.0030007518763140446 -0.001853569710712599 0.4942672167006768 -27.249999999999996 -0.034735077511428743 -0.44141442207112963 0.084803354540196649 10.609739797002348 0.33539586605551391 -0.00066614014495619881 0.17295023440339427 0.31500361126279069 0.048452133193863565 0.45615411436541148 21.500000000000004 0.0018066862078195414 -0.019843185985746619 -1.4313909774436087 7965.0000000000009 -0.00053630051151416845 -0.32586635162971039 0.46265933663221775 0.093809488524877818 0.07548250473970182 -1.6860902255639092 41.158169220144529 121.50000000000001
decision_type=8 10 10 10 10 8 10 8 8 8 10 10 8 10 8 10 2 10 2 2 8 10 10 10 8 10 2 8 10 8 10 8 10 2 2
left_child=-1 2 4 -4 5 6 -2 9 -9 -7 12 -12 21 22 -10 17 20 18 19 23 -17 31 -13 24 25 -16 -27 -26 -19 -28 -22 -11 -15 34 -29
right_child=1 -3 3 -5 -6 7 -8 8 14 10 11 13 -14 32 15 16 -18 28 -20 -21 30 -23 -24 -25 27 26 29 33 -30 -31 -32 -33 -34 -35 -36
leaf_value=3.500671677047454e-06 7.437829022716665e-06 -3.6793725516675568e-06 2.6803909720533869e-06 -6.8892547628889021e-06 -4.1248596087688646e-06 -6.6646011439186997e-06 -1.3229619485812836e-07 7.3186234449660314e-06 4.1628110326474097e-06 -1.3824045310443345e-06 4.6152319727736933e-06 7.870171327516233e-07 -6.1516160105140312e-06 4.2680551248526421e-06 6.408523181056502e-06 -1.548901878679798e-07 3.5727317278547622e-06 6.4772561224762744e-06 4.5598737980107931e-06 -3.8551776117615743e-06 -6.7102100580645841e-06 -3.3626338747723133e-06 -3.9507402657579335e-06 -2.8329752271670767e-06 -3.8747194850637373e-06 3.1732837948710434e-06 1.4031907544648778e-06 3.5328090009874618e-07 2.065845826988145e-06 -2.8859325953744084e-06 -2.106207707677199e-06 3.3013750489335425e-06 7.3749411631828082e-09 1.5270865153870992e-06 -1.1399817530705357e-06
leaf_weight=953 546 1018 727 785 734 522 519 573 648 524 786 541 518 596 557 824 524 550 527 721 515 654 719 596 520 796 699 675 706 604 575 515 578 653 742
leaf_count=953 546 1018 727 785 734 522 519 573 648 524 786 541 518 596 557 824 524 550 527 721 515 654 719 596 520 796 699 675 706 604 575 515 578 653 742
internal_value=1.54946e-07 1.18716e-08 1.88557e-07 -2.28783e-06 3.78085e-07 5.51843e-07 3.74851e-06 3.62252e-07 8.85741e-07 -6.93394e-07 -1.1943e-07 1.16809e-06 -1.99462e-06 5.48259e-08 5.63289e-07 3.46976e-07 -1.19876e-06 7.98537e-07 2.31757e-07 -1.1575e-07 -2.50518e-06 -7.22584e-07 -1.91633e-06 3.45718e-07 7.06895e-07 2.00807e-06 8.40239e-07 -6.27351e-07 3.99778e-06 -5.84838e-07 -4.2817e-06 9.38979e-07 2.17057e-06 1.88302e-07 -4.28492e-07
internal_weight=23240 22287 21269 1512 19757 19023 1065 17958 12005 5953 5431 3220 2211 2434 11432 10784 2438 8346 7090 6563 1914 1693 1260 5842 5246 2656 2099 2590 1256 1303 1090 1039 1174 2070 1417
internal_count=23240 22287 21269 1512 19757 19023 1065 17958 12005 5953 5431 3220 2211 2434 11432 10784 2438 8346 7090 6563 1914 1693 1260 5842 5246 2656 2099 2590 1256 1303 1090 1039 1174 2070 1417
is_linear=0
shrinkage=0.0329122


Tree=155
num_leaves=35
num_cat=0
split_feature=47 18 18 13 16 27 43 47 16 41 39 7 44 15 47 18 38 15 18 26 42 15 1 11 25 43 26 19 11 19 48 0 17 48
split_gain=1.15105e-05 1.21897e-05 1.09457e-05 1.16317e-05 1.15162e-05 2.93472e-05 2.44616e-05 4.00213e-05 1.39598e-05 1.40925e-05 1.3446e-05 1.29719e-05 1.43929e-05 1.12566e-05 1.09161e-05 1.07932e-05 1.06451e-05 1.02962e-05 8.76428e-06 8.51257e-06 1.07846e-05 7.71757e-06 9.46749e-06 7.51954e-06 7.25942e-06 6.09837e-06 6.38238e-06 5.83908e-06 5.55204e-06 4.81858e-06 3.61685e-06 3.3381e-06 2.06113e-06 4.77361e-07
threshold=-175.82528180354646 0.12697662738301124 1.0000000180025095e-35 -0.11686405547274986 0.11530184156042281 -95.909139292100846 0.0032232091839384806 93.333333333330913 0.46522556390977449 0.0021030517470146397 -0.0036155471796771028 1.0109656965170275 -0.0010576441214898977 0.066415126952438772 -111.11111111103058 -0.4281783555977125 -0.0018165319254248578 0.082670968654746366 -0.23602455269164158 -0.0047110957124372162 0.0012012016344998824 0.039783026310991489 145.52632395985486 -0.19097341337907373 -0.99057498823622003 -0.0017969466437621759 -0.0023109834545348225 -0.2047969230620765 -0.59779572504250655 0.083503315316125551 69.96159096336325 4.5000000000000009 -0.30077067669172924 1.0000000180025095e-35
decision_type=8 10 10 10 8 10 10 10 8 8 8 10 8 8 8 8 8 8 10 8 10 8 10 10 10 8 8 8 10 10 2 10 10 2
left_child=-1 2 4 -4 5 -2 8 -8 9 18 -10 14 -13 -7 -12 -16 -17 -3 24 21 23 -18 32 25 -6 -21 -27 -28 30 -22 31 33 -23 -29
right_child=1 17 3 -5 6 13 7 -9 10 -11 11 12 -14 -15 15 16 19 -19 -20 20 29 22 -24 -25 -26 26 27 28 -30 -31 -32 -33 -34 -35
leaf_value=-4.4253515315432493e-06 9.0730585406485989e-06 6.4321486040226669e-06 2.9240574029931208e-07 -5.3584562812879884e-06 -1.2976547140232163e-06 -2.716795031971077e-06 -9.4056956290622033e-06 1.8122825076664131e-06 5.2799213831896407e-06 -6.7237664561969963e-06 4.5788344241258814e-06 -6.7981082373706179e-06 3.9440417840618973e-07 2.8299380209263619e-06 -3.5511823213287832e-06 4.7503598080995994e-06 -1.1280539187740494e-06 8.4898071825825683e-07 -3.6571765343536071e-06 2.9114313030220478e-06 9.5995741562670308e-07 6.9801784614616043e-08 6.5826045010037333e-06 -4.3378766018628197e-06 3.4392163537925115e-06 -3.5703803935826287e-06 3.1411244174610424e-06 -4.6490151964091642e-07 -2.9290238672166462e-06 5.2464057131740298e-06 1.9336614629782299e-06 -2.7991613937284973e-06 2.9255806007399772e-06 7.2807413428320054e-07
leaf_weight=588 551 604 771 808 782 738 746 640 677 518 797 528 702 856 642 705 538 878 709 608 618 535 635 520 635 669 524 662 837 526 840 559 561 805
leaf_count=588 551 604 771 808 782 738 746 640 677 518 797 528 702 856 642 705 538 878 709 608 618 535 635 520 635 669 524 662 837 526 840 559 561 805
internal_value=1.21024e-07 2.38675e-07 3.73205e-08 -2.59909e-06 2.49044e-07 2.52526e-06 -2.96557e-08 -4.22551e-06 3.30822e-07 -1.85588e-06 7.59489e-07 5.20588e-07 -2.69293e-06 2.61734e-07 8.61911e-07 5.87187e-07 8.49173e-07 3.1246e-06 -6.69709e-07 5.57707e-07 1.53021e-09 2.31463e-06 3.38475e-06 -5.54763e-07 8.24917e-07 -1.97306e-07 -5.83405e-07 -1.10607e-07 -5.70811e-07 2.93102e-06 1.17812e-07 -6.34944e-07 1.53177e-06 1.89575e-07
internal_weight=23312 22724 21242 1579 19663 2145 17518 1386 16132 2644 13488 12811 1230 1594 11581 10784 10142 1482 2126 9437 7168 2269 1731 6024 1417 5504 4896 4227 3703 1144 2866 2026 1096 1467
internal_count=23312 22724 21242 1579 19663 2145 17518 1386 16132 2644 13488 12811 1230 1594 11581 10784 10142 1482 2126 9437 7168 2269 1731 6024 1417 5504 4896 4227 3703 1144 2866 2026 1096 1467
is_linear=0
shrinkage=0.0329122


Tree=156
num_leaves=34
num_cat=0
split_feature=47 18 22 11 40 43 16 45 13 16 13 15 1 1 15 11 47 46 15 18 15 39 48 52 44 1 55 48 1 19 47 31 31
split_gain=1.07653e-05 1.14006e-05 1.05652e-05 1.1079e-05 2.77415e-05 1.4679e-05 1.26245e-05 1.20596e-05 1.18781e-05 1.15302e-05 1.42245e-05 1.10488e-05 2.35973e-05 1.19908e-05 9.62956e-06 8.43825e-06 1.18337e-05 1.05598e-05 7.55001e-06 7.50909e-06 6.37315e-06 1.3158e-05 8.42105e-06 1.22648e-05 9.45915e-06 6.82274e-06 1.10659e-05 6.72731e-06 6.45484e-06 4.39266e-06 3.24471e-06 2.49561e-06 3.29924e-07
threshold=-175.82528180354646 0.12697662738301124 -0.46867777855592124 -0.69845843110464234 0.0033698423243111457 -0.004788510631792974 0.071579264617239305 -0.0038046939839030398 -0.55472649713019717 0.53191075172207258 -0.095578927571082148 0.23132069799619978 131.19194296890515 992.33605809129097 0.082670968654746366 -0.92799274094238104 189.07864523536514 0.50000000000000899 0.07128903605417429 -0.097280243937517955 0.040413021998526387 0.0012070010431052272 56.590384038665739 0.32476307730182952 0.0012307696968596462 33.259454206864923 7028.0000000000009 66.685819699424925 235.38924304427633 -0.085036868572919019 39.548022598883193 86.500000000000014 178.50000000000003
decision_type=8 10 10 10 10 10 8 10 8 10 8 8 10 10 8 10 8 10 10 8 10 10 2 8 10 10 2 2 10 10 10 2 2
left_child=-1 2 3 6 5 -5 -2 -7 -8 15 19 13 -13 20 -3 16 -10 18 -17 -11 21 30 23 -22 27 -25 -27 -24 -28 31 -9 -18 -33
right_child=1 14 -4 4 -6 7 8 11 9 10 -12 12 -14 -15 -16 17 29 -19 -20 -21 22 -23 24 25 -26 26 28 -29 -30 -31 -32 32 -34
leaf_value=-4.2797038672668853e-06 5.162242545829191e-06 6.2204527274716687e-06 3.8106492152414136e-06 -5.7758916443998222e-06 -7.1917600594481537e-06 4.6430498138191669e-06 -4.3883232412300007e-06 2.1917807547483788e-06 -4.6048958026467499e-06 -1.8470934176064724e-06 6.7185042931711002e-06 6.2102237267852687e-07 -6.9377797984865549e-06 4.9968135844456303e-06 8.2103886103283533e-07 4.9031713403664651e-06 2.5361579185845675e-06 -2.5400874955416946e-06 6.509712874078052e-07 3.2975771796736096e-06 3.5526284960880462e-06 -5.6500520565397718e-06 2.6627399469625087e-06 1.2579726505191452e-06 4.2380329556998255e-06 1.6112952814209836e-08 -7.2694327147511252e-06 -2.0930064109669193e-06 -2.2957372962152303e-06 -2.0344239409303899e-06 -1.5026330265606873e-06 -3.9087418091062117e-07 6.7240261056308035e-07
leaf_weight=588 654 604 774 519 688 549 523 515 772 592 693 1023 795 519 878 890 638 530 920 639 603 645 578 674 1023 979 561 728 570 811 515 799 523
leaf_count=588 654 604 774 519 688 549 523 515 772 592 693 1023 795 519 878 890 638 530 920 639 603 645 578 674 1023 979 561 728 570 811 515 799 523
internal_value=1.17042e-07 2.30821e-07 3.60933e-08 -1.06631e-07 -7.83904e-07 -3.75528e-07 7.59084e-07 -1.02781e-07 4.13358e-07 7.35058e-07 2.94678e-06 -3.70636e-07 -2.68427e-06 1.61091e-07 3.02176e-06 1.16897e-08 -1.00126e-06 1.5455e-06 2.74196e-06 8.23269e-07 -1.78446e-07 -1.9638e-06 3.44691e-07 -7.02799e-07 1.86812e-06 -1.62459e-06 -2.54547e-06 1.15822e-08 -4.763e-06 2.62732e-09 3.44352e-07 8.45626e-07 2.95986e-08
internal_weight=23312 22724 21242 20468 11484 10796 8984 10277 8330 7807 1924 9728 1818 7910 1482 5883 3543 2340 1810 1231 7391 1675 5716 3387 2329 2784 2110 1306 1131 2771 1030 1960 1322
internal_count=23312 22724 21242 20468 11484 10796 8984 10277 8330 7807 1924 9728 1818 7910 1482 5883 3543 2340 1810 1231 7391 1675 5716 3387 2329 2784 2110 1306 1131 2771 1030 1960 1322
is_linear=0
shrinkage=0.0329122


Tree=157
num_leaves=35
num_cat=0
split_feature=47 12 20 37 31 44 42 4 5 11 25 37 31 31 31 7 42 19 48 27 29 20 12 55 9 47 29 45 31 8 8 15 16 48
split_gain=1.00684e-05 1.10112e-05 1.04055e-05 2.36506e-05 2.07484e-05 2.10547e-05 1.94972e-05 1.14145e-05 9.25931e-06 1.0023e-05 1.0443e-05 8.20051e-06 9.72456e-06 9.11653e-06 1.51887e-05 1.008e-05 1.45342e-05 9.34803e-06 1.51485e-05 1.1084e-05 1.05929e-05 8.54637e-06 8.42535e-06 6.56793e-06 5.63844e-06 6.2446e-06 4.83016e-06 4.82642e-06 4.79278e-06 8.087e-06 3.46458e-06 6.15548e-06 2.08961e-06 1.81171e-06
threshold=-175.82528180354646 -0.038131588513267901 0.39812620677549587 -0.0036199124669130107 33.500000000000007 0.0038486224943220519 0.0030983752129982727 -0.54433361384587131 0.27792238747353443 -0.17943824623213933 -0.9905213869513797 -0.0021041562897780026 16.500000000000004 26.500000000000004 37.500000000000007 0.19386565370065126 -0.002672011880368141 -0.0948144192468625 47.774976106997791 151.45521459243048 5.5000000000000009 3.1328431372549024 -0.59732184025820978 6576.5000000000009 -0.51405871192157682 17.543859649110114 7.5000000000000009 0.0012019248132466578 180.50000000000003 -0.099999999999996078 1.0000000180025095e-35 0.056653716864069871 0.13415670920038689 13.795425415344186
decision_type=8 10 8 8 2 8 10 8 2 8 10 8 2 2 2 8 8 8 2 8 2 10 10 2 10 8 2 8 2 10 10 10 10 2
left_child=-1 2 4 -4 -2 6 8 -5 9 10 27 -9 -13 -14 -15 23 -17 18 19 -18 -20 24 -22 -16 25 -19 -21 -6 29 33 31 -26 -30 -27
right_child=1 -3 3 7 5 -7 -8 11 -10 -11 -12 12 13 14 15 16 17 21 20 26 22 -23 -24 -25 30 28 -28 -29 32 -31 -32 -33 -34 -35
leaf_value=-4.1388494705923108e-06 -7.1287141518084669e-06 4.4352121985831109e-06 7.1824347594807306e-06 4.7788430886385285e-06 -4.2717426563305061e-07 4.8022557052818886e-06 -6.9151874513919795e-06 -3.8212957744930302e-06 2.4255723090216048e-06 -4.7492222514809162e-06 2.2705455111148917e-06 3.6258612284603868e-06 -4.0164951982406092e-06 5.1255680229306088e-06 -5.5244476928105332e-06 5.0133810799851931e-06 -6.4596614719871854e-07 -3.0838157333938045e-06 -2.5605141920416068e-06 -3.1926979678327048e-06 5.9464768200027265e-06 3.9188489360974572e-06 8.856432819808732e-08 -9.4893834681241652e-07 3.6474936195866847e-06 -3.6983682734613738e-07 -7.5449338651224029e-06 -4.4791726750622954e-06 5.6276143286741828e-07 -3.3033647212698302e-06 3.9410092437001157e-06 -7.1242079694870887e-07 3.5253396403733282e-06 2.2462375667544348e-06
leaf_weight=588 559 653 558 590 717 712 581 553 924 713 987 875 573 651 528 669 1006 774 566 540 531 810 533 954 553 537 566 573 515 786 546 959 517 615
leaf_count=588 559 653 558 590 717 712 581 553 924 713 987 875 573 651 528 669 1006 774 566 540 531 810 533 954 553 537 566 573 515 786 546 959 517 615
internal_value=1.13191e-07 2.23225e-07 9.85979e-08 5.23574e-07 -1.1031e-06 -4.56176e-07 -1.28915e-06 2.876e-07 -4.53957e-07 -1.34389e-06 -2.7748e-07 1.12759e-07 2.61743e-07 4.7319e-08 2.24333e-07 -3.08031e-08 3.11803e-07 7.99907e-09 -1.30653e-06 -3.14621e-06 1.07701e-06 7.51978e-07 3.01223e-06 -2.57923e-06 3.09821e-07 -4.5081e-07 -5.42018e-06 -2.22719e-06 2.3529e-07 -7.29417e-07 1.6937e-06 8.82026e-07 2.04714e-06 1.02657e-06
internal_weight=23312 22724 22071 16305 5766 5207 4495 15747 3914 2990 2277 15157 14604 13729 13156 12505 11023 10354 3742 2112 1630 6612 1064 1482 5802 3744 1106 1290 2970 1938 2058 1512 1032 1152
internal_count=23312 22724 22071 16305 5766 5207 4495 15747 3914 2990 2277 15157 14604 13729 13156 12505 11023 10354 3742 2112 1630 6612 1064 1482 5802 3744 1106 1290 2970 1938 2058 1512 1032 1152
is_linear=0
shrinkage=0.0329122


Tree=158
num_leaves=34
num_cat=0
split_feature=47 18 18 13 22 7 23 24 37 15 15 0 15 28 38 18 52 45 16 3 0 43 44 4 13 38 11 31 1 47 24 47 31
split_gain=9.41652e-06 1.06588e-05 1.01874e-05 1.08157e-05 1.07939e-05 1.31002e-05 2.26626e-05 1.46424e-05 1.42827e-05 1.14305e-05 1.28272e-05 1.12775e-05 8.9536e-06 8.80934e-06 2.40231e-05 1.28236e-05 1.57778e-05 1.19389e-05 8.46227e-06 7.49045e-06 1.62057e-05 8.3764e-06 7.8179e-06 7.00412e-06 5.1809e-06 6.01148e-06 5.12866e-06 5.85366e-06 7.02838e-06 6.91314e-06 4.67132e-06 3.35925e-06 9.36566e-07
threshold=-175.82528180354646 0.12697662738301124 1.0000000180025095e-35 -0.11686405547274986 -0.48840626455936631 0.16848470488758921 0.12500000000000358 -4999.4999999999991 -0.0032128534783977254 0.039783026310991489 0.051180197011733375 266.50000000000006 0.082670968654746366 0.99850249550848369 0.0030674918784389109 -0.42340474845015724 0.13908365020434291 -0.0033167587071791234 0.51698137388926868 -0.038601066588122297 13.500000000000002 0.0012099217979160139 0.0018709090272673869 -0.10514369856498083 -0.0063656079830698977 -0.0015760451079261937 -0.33365139949109407 180.50000000000003 78.586386866235173 108.97435897435921 499.99999999997169 124.99999999998447 121.50000000000001
decision_type=8 10 10 10 10 8 10 10 8 8 10 10 8 10 10 8 10 8 10 2 10 10 10 10 10 8 10 2 10 8 8 8 2
left_child=-1 2 4 -4 5 6 7 -2 -7 -9 -11 13 -3 14 15 -10 17 -17 -12 20 -19 23 24 -22 25 -21 27 28 31 -30 -29 -27 -33
right_child=1 12 3 -5 -6 8 -8 9 11 10 18 -13 -14 -15 -16 16 -18 19 -20 22 21 -23 -24 -25 -26 26 -28 30 29 -31 -32 32 -34
leaf_value=-4.0026310043474324e-06 -5.2071596837992089e-06 5.9988728642033871e-06 2.7237553458432563e-07 -5.1766738291145643e-06 4.0158674326089697e-06 5.7474522777696506e-06 -6.7130574755543595e-06 -3.9287785935889159e-06 -3.8908115543678277e-06 5.4731284772762132e-06 -1.9196222115689732e-06 4.2265218678418702e-06 7.9240442442689516e-07 4.2302793630694404e-06 -6.4308601328671249e-06 4.8318315714154802e-06 5.8411586974616123e-06 5.5521717000511805e-06 2.6359242000003415e-06 3.4314516829544604e-06 3.743825029090677e-07 3.5313630602431328e-06 -3.7392765452678558e-06 -4.2517905988288468e-06 -3.2650425417573344e-06 -2.6652436893636218e-06 2.0010257915784058e-06 2.7362149733421295e-06 -8.3852878815928457e-07 -6.0779655749253394e-06 -1.0225411990855558e-06 9.8719564867391989e-07 -6.7990617874946842e-07
leaf_weight=588 579 604 771 808 784 550 752 517 755 637 1027 765 878 541 610 584 577 758 775 529 978 520 751 556 547 516 923 799 516 579 649 1021 568
leaf_count=588 579 604 771 808 784 550 752 517 755 637 1027 765 878 541 610 584 577 758 775 529 978 520 751 556 547 516 923 799 516 579 649 1021 568
internal_value=1.09465e-07 2.15878e-07 2.75921e-08 -2.51585e-06 2.3185e-07 7.46964e-08 -1.5248e-06 -4.21033e-07 5.44629e-07 5.16362e-07 1.4587e-06 3.40827e-07 2.91449e-06 1.16922e-07 -5.77871e-08 2.62792e-07 5.38599e-07 2.55126e-07 3.94897e-08 -6.63339e-09 1.43927e-06 -7.84242e-08 -5.56257e-07 -1.30223e-06 -1.96595e-07 7.85222e-08 -2.39818e-07 -6.84854e-07 -1.47056e-06 -3.60918e-06 1.05137e-06 -3.57969e-07 3.91134e-07
internal_weight=23312 22724 21242 1579 19663 18879 4287 3535 14592 2956 2439 14042 1482 13277 12736 12126 11371 10794 1802 10210 2812 2054 7398 1534 6647 6100 5571 4648 3200 1095 1448 2105 1589
internal_count=23312 22724 21242 1579 19663 18879 4287 3535 14592 2956 2439 14042 1482 13277 12736 12126 11371 10794 1802 10210 2812 2054 7398 1534 6647 6100 5571 4648 3200 1095 1448 2105 1589
is_linear=0
shrinkage=0.0329122


Tree=159
num_leaves=38
num_cat=0
split_feature=21 4 37 44 44 45 0 42 0 40 45 49 22 21 17 4 3 17 1 39 29 45 3 31 37 48 19 20 55 22 42 27 24 1 15 31 48
split_gain=9.23329e-06 1.01934e-05 1.25427e-05 1.65809e-05 1.41466e-05 9.50946e-06 2.7294e-05 1.59567e-05 9.83916e-06 2.06658e-05 9.35112e-06 8.99123e-06 8.84539e-06 8.07012e-06 6.87853e-06 1.88747e-05 1.03924e-05 9.9017e-06 9.4101e-06 8.28053e-06 8.16673e-06 8.75965e-06 7.39591e-06 8.52123e-06 6.6133e-06 1.10592e-05 7.03574e-06 1.06798e-05 7.49834e-06 6.77254e-06 6.5071e-06 5.87905e-06 4.49696e-06 4.0136e-06 2.30044e-06 4.42205e-06 1.19246e-06
threshold=0.59287115763718146 -0.92111744879439972 -0.0036199124669130107 0.0043956256279464876 0.0037998748616258076 0.0033585246179008714 18.500000000000004 0.0033361157484697039 193.50000000000003 -0.0010493190987087562 0.0018814692097475218 2.4044166795825217 -0.99150708644379526 0.2866899520786868 -0.066442248617653063 -0.068768403152654381 -0.42162167896797781 -0.030322618634218767 81.132177558986015 -0.0020986381974173458 20.500000000000004 0.0012523486438248412 -0.20190769488736451 141.50000000000003 0.0012084596557021545 50.923796638136764 0.15630899587857885 1.2411030901722395 5835.5000000000009 -0.83967855187296669 0.0016597521804047057 -47.291085257216146 2.131628207280321e-13 39.821829424773803 0.14204943509942805 74.500000000000014 6.6901207033153023
decision_type=2 8 8 10 10 10 10 10 10 10 10 8 8 2 10 10 2 10 10 8 2 8 2 2 10 2 10 8 2 8 8 8 10 10 8 2 2
left_child=1 -1 -3 4 5 7 -7 8 10 -10 11 -4 -13 14 16 18 -14 -17 -16 -18 22 33 23 -21 26 -26 27 28 -24 -30 -12 -28 34 -22 -29 -36 -37
right_child=-2 2 3 -5 -6 6 -8 -9 9 -11 30 12 13 -15 15 17 19 -19 -20 20 21 -23 24 -25 25 -27 31 32 29 -31 -32 -33 -34 -35 35 36 -38
leaf_value=-4.2112227426542077e-06 -3.5658188272053369e-06 4.5364708253795877e-06 4.1211709599043117e-06 5.4504476620651934e-06 -5.3230908735266768e-06 -2.1141348681503552e-06 8.5084840768488136e-06 -5.6501223386216356e-06 -7.6488707059406992e-06 9.6216904178505905e-07 -1.6694162112159043e-07 -3.7604154802170487e-06 -3.0924128650537521e-06 4.3920184784051612e-06 2.2544207505950149e-06 2.1740504234773441e-06 -3.6380497163319108e-06 -4.2149827276811221e-06 8.3529901636025728e-06 5.6958051526224597e-06 2.5147673206731401e-06 1.5924549281673078e-08 6.0040769816854623e-06 1.9913532037661505e-07 -5.8611668097581479e-06 4.5809207852635084e-07 5.2742738623782499e-07 1.7969431772903942e-06 -1.1729499973784643e-06 3.5228840320468476e-06 -4.7762184968488374e-06 -3.8949902861795004e-06 -3.1562694986822408e-06 6.6070589385364054e-06 2.0605591472663228e-06 -6.2978294428138133e-07 -2.7021215037618969e-06
leaf_weight=548 719 743 741 629 522 522 526 527 523 714 722 532 1013 572 581 523 526 528 519 526 515 812 539 729 557 650 587 672 605 739 614 731 542 524 523 672 545
leaf_count=548 719 743 741 629 522 522 526 527 523 714 722 532 1013 572 581 523 526 528 519 526 515 812 539 729 557 650 587 672 605 739 614 731 542 524 523 672 545
internal_value=1.05862e-07 2.2272e-07 3.32951e-07 1.86324e-07 2.61456e-08 1.64726e-07 3.21723e-06 -2.72396e-09 1.5748e-07 -2.67837e-06 3.59809e-07 5.8066e-07 4.08747e-07 5.59339e-07 4.04478e-07 2.11844e-06 9.74101e-08 -1.03545e-06 5.13204e-06 3.91345e-07 5.93837e-07 2.57731e-06 1.67746e-07 2.5031e-06 -2.30331e-07 -2.4579e-06 2.06459e-07 7.87347e-07 2.72436e-06 1.40889e-06 -2.28545e-06 -1.9252e-06 -4.47309e-07 4.57886e-06 1.61326e-07 -4.70229e-07 -1.55801e-06
internal_weight=23312 22593 22045 21302 20673 20151 1048 19103 18576 1237 17339 16003 15262 14730 14158 2151 12007 1051 1100 10994 10468 1851 8617 1255 7362 1207 6155 4837 1883 1344 1336 1318 2954 1039 2412 1740 1217
internal_count=23312 22593 22045 21302 20673 20151 1048 19103 18576 1237 17339 16003 15262 14730 14158 2151 12007 1051 1100 10994 10468 1851 8617 1255 7362 1207 6155 4837 1883 1344 1336 1318 2954 1039 2412 1740 1217
is_linear=0
shrinkage=0.0329122


Tree=160
num_leaves=36
num_cat=0
split_feature=36 4 38 38 38 40 0 17 1 43 29 1 28 22 36 7 11 1 11 43 0 27 18 17 2 0 38 40 55 13 11 19 18 42 29
split_gain=1.75141e-05 3.32148e-05 1.45312e-05 9.4707e-06 1.0279e-05 1.07544e-05 8.26591e-06 1.51761e-05 8.67905e-06 1.01374e-05 1.26333e-05 1.19912e-05 7.71051e-06 1.22923e-05 8.75566e-06 7.25637e-06 5.86401e-06 8.71691e-06 9.49307e-06 6.55339e-06 6.36175e-06 1.30438e-05 9.87416e-06 7.47083e-06 7.19486e-06 6.08216e-06 6.85748e-06 5.60429e-06 7.07629e-06 6.5436e-06 6.39602e-06 5.30995e-06 5.19343e-06 2.87152e-06 5.48156e-07
threshold=-0.0020110613429319964 -0.17410440458760015 0.0038797320689395458 0.0030674918784389109 0.0020171462517495358 0.0036518577131324785 193.50000000000003 -0.20608871525316333 1366.7466946597763 -0.0016038502695805976 8.5000000000000018 80.428305843119446 0.99009900990098976 -0.82460690285117755 -0.0014336924930011261 0.38404381978997731 -0.2250954198473282 40.409857539928417 -0.091089466089466067 0.0030888049306390113 76.500000000000014 -11.458155329269383 -0.54940084630581054 -0.22063032478800934 -0.060280081677214124 53.500000000000007 0.0012539189881857207 -0.0010251155947877397 3977.5000000000005 -0.098358034580116285 -0.48084263065179095 -0.03040940001727321 -0.53880738908320402 0.0034662149173395611 8.5000000000000018
decision_type=8 8 10 10 10 10 10 10 10 8 2 10 10 8 8 10 10 10 10 10 10 8 10 8 2 10 10 10 2 10 8 8 10 8 2
left_child=1 -1 3 4 5 6 8 -8 9 10 -2 15 14 -14 -11 -12 19 -18 -19 20 21 22 -16 -22 -24 26 27 31 -29 30 -30 -23 -5 -33 -35
right_child=2 -3 -4 32 -6 -7 7 -9 -10 12 11 -13 13 -15 16 -17 17 18 -20 -21 23 25 24 -25 -26 -27 -28 28 29 -31 -32 33 -34 34 -36
leaf_value=-1.0397997057799883e-05 -9.1006650547579114e-07 -3.3507575902291443e-09 5.4615988911932682e-06 -8.7805836042384845e-07 4.0663997103028911e-06 -4.7325245781465054e-06 7.841690811888729e-07 -6.5170635244015902e-06 -3.8804833557914314e-06 3.3805951059738912e-06 4.6317964579497624e-06 8.0373439668910547e-06 -9.4419978856874278e-07 5.4483312084059546e-06 -6.364639819566265e-06 -4.4475066172524419e-07 -1.8599654805745189e-06 4.7031913737414004e-06 -8.5514747513773987e-07 -4.3625361097819738e-06 4.1601516595357124e-06 -3.1832228892303326e-06 1.3999972132296606e-06 -9.7678801477342287e-07 -3.8442572293755976e-06 -3.6131819048760679e-06 -3.2880002239056715e-06 4.6679864867907327e-06 1.8243891539782892e-06 3.0020585091725565e-06 -2.4133283920572199e-06 2.2922226047656361e-06 -5.548209590565336e-06 1.6364119746450999e-08 -1.22186634092437e-06
leaf_weight=520 927 926 515 517 659 531 669 572 548 682 603 519 623 683 717 617 706 886 533 522 625 682 524 602 617 531 602 577 667 816 915 516 515 863 702
leaf_count=520 927 926 515 517 659 531 669 572 548 682 603 519 623 683 717 617 706 886 533 522 625 682 524 602 617 531 602 577 667 816 915 516 515 863 702
internal_value=-2.33958e-07 -3.74156e-06 -1.10597e-09 -1.33395e-07 2.34355e-08 -1.12647e-07 1.61427e-08 -2.58092e-06 1.9717e-07 3.2667e-07 2.19283e-06 3.84701e-06 -1.42907e-08 2.39873e-06 -2.51524e-07 2.06421e-06 -4.4809e-07 1.1283e-06 2.61523e-06 -7.67814e-07 -5.79317e-07 -8.91253e-07 -3.33787e-06 1.63964e-06 -1.43565e-06 -2.29627e-07 5.37232e-08 4.04359e-07 1.39563e-06 6.08153e-07 -6.26485e-07 -6.62892e-07 -3.20883e-06 1.62979e-07 -5.38913e-07
internal_weight=23229 1446 21783 21268 20236 19577 19046 1241 17805 17257 2666 1739 14591 1306 13285 1220 12603 2125 1419 10478 9956 8729 1858 1227 1141 6871 6340 5738 2975 2398 1582 2763 1032 2081 1565
internal_count=23229 1446 21783 21268 20236 19577 19046 1241 17805 17257 2666 1739 14591 1306 13285 1220 12603 2125 1419 10478 9956 8729 1858 1227 1141 6871 6340 5738 2975 2398 1582 2763 1032 2081 1565
is_linear=0
shrinkage=0.0329122


Tree=161
num_leaves=36
num_cat=0
split_feature=36 31 38 38 31 38 0 44 15 39 1 13 7 48 28 39 45 31 1 0 8 44 48 11 31 31 27 7 31 13 10 24 18 15 29
split_gain=1.63803e-05 3.2411e-05 1.35905e-05 8.85759e-06 9.7399e-06 1.11335e-05 8.68388e-06 1.71877e-05 9.23117e-06 2.2791e-05 1.05037e-05 9.63594e-06 9.39676e-06 9.25108e-06 8.7233e-06 8.67274e-06 9.54503e-06 1.06367e-05 9.31552e-06 8.65688e-06 8.02517e-06 7.77342e-06 8.07367e-06 8.15993e-06 7.9363e-06 1.10852e-05 7.22638e-06 6.36775e-06 6.06932e-06 9.73441e-06 5.86759e-06 5.41291e-06 4.85716e-06 4.66915e-06 4.60001e-06
threshold=-0.0020110613429319964 87.500000000000014 0.0038797320689395458 0.0030674918784389109 258.50000000000006 0.0020171462517495358 193.50000000000003 0.0012070010431052272 0.092934170738795549 0.0018709090272673869 622.57933429118782 -0.033274212940884083 0.39263314050423498 22.740590714173162 -0.44748476047363023 0.001906579425663413 0.0018814692097475218 37.500000000000007 40.634333168961973 24.500000000000004 -1.0000000180025095e-35 -0.0031331601232976176 55.141394522508286 -0.32791524085285595 100.50000000000001 137.50000000000003 -3.7383002537759444 0.52095035430349135 59.500000000000007 -0.3631190512973797 -1.3862781954887218 -1.0000000180025095e-35 -0.53880738908320402 0.055302927444159787 4.5000000000000009
decision_type=8 2 10 10 2 10 10 8 8 8 8 8 8 2 10 10 8 2 10 8 10 10 2 8 2 2 8 10 2 10 10 10 10 10 2
left_child=1 -1 3 4 5 6 8 -8 9 11 15 20 -12 34 -15 16 17 -10 -18 -13 -2 -19 24 26 -23 -26 -24 30 -22 -30 -27 -31 -5 -33 -14
right_child=2 -3 -4 32 -6 -7 7 -9 10 -11 12 19 13 14 -16 -17 18 21 -20 -21 28 22 23 -25 25 27 -28 -29 29 31 -32 33 -34 -35 -36
leaf_value=-1.0134996955656223e-05 -4.749695389961067e-06 1.0711544066371449e-07 5.2818460295795247e-06 -8.4915965925664775e-07 4.4513163146083701e-06 4.1782476979906489e-06 -6.6055019537424967e-06 1.3939564072351457e-06 5.4863263607352977e-06 -7.7238739499549061e-06 -3.8064292951489429e-06 4.8507519354708258e-06 -1.1940979439610249e-07 -8.9362456082426529e-07 4.2305686533240971e-06 5.1133251442705588e-06 -4.3122453243940241e-06 4.2114053434805333e-06 9.7809549829457813e-07 -4.810044515974265e-07 -3.8465195168325872e-06 -3.5219953667576297e-06 3.2826449139597941e-06 5.2386379808137033e-06 4.4969474551840865e-06 -4.6872925880108486e-06 -1.8687755256768586e-06 1.3486276369297728e-06 3.5941342380707712e-06 1.2013218072206888e-06 8.2360350802600755e-09 -4.6695664417576431e-07 -5.3656060174774844e-06 -4.3914174537870898e-06 -3.8818358986853981e-06
leaf_weight=526 624 920 515 517 524 639 642 532 613 520 957 599 730 681 763 545 703 689 740 734 540 725 572 641 555 582 609 886 619 706 571 677 515 638 680
leaf_count=526 624 920 515 517 524 639 642 532 613 520 957 599 730 681 763 545 703 689 740 734 540 725 572 641 555 582 609 886 619 706 571 677 515 638 680
internal_value=-2.2626e-07 -3.61842e-06 -1.0706e-09 -1.29006e-07 2.26627e-08 -9.50517e-08 -2.38231e-07 -2.98034e-06 -5.83631e-08 -1.15789e-06 4.49709e-07 -4.932e-07 -9.84167e-07 -3.77298e-08 1.81381e-06 1.09788e-06 8.20345e-07 1.36225e-06 -1.59909e-06 1.91471e-06 -1.33704e-06 9.28579e-07 4.88568e-07 2.24893e-06 -4.77734e-07 3.73021e-07 6.26046e-07 -7.49367e-07 -6.67318e-07 -1.69405e-08 -2.36173e-06 -1.12307e-06 -3.10323e-06 -2.37117e-06 -1.93408e-06
internal_weight=23229 1446 21783 21268 20236 19712 19073 1174 17899 5657 12242 5137 3811 2854 1444 8431 7886 6443 1443 1333 3804 5830 5141 1822 3319 2594 1181 2039 3180 2640 1153 2021 1032 1315 1410
internal_count=23229 1446 21783 21268 20236 19712 19073 1174 17899 5657 12242 5137 3811 2854 1444 8431 7886 6443 1443 1333 3804 5830 5141 1822 3319 2594 1181 2039 3180 2640 1153 2021 1032 1315 1410
is_linear=0
shrinkage=0.0329122


Tree=162
num_leaves=36
num_cat=0
split_feature=36 31 38 38 31 38 40 0 0 15 1 42 29 24 27 39 26 16 41 1 26 13 54 11 16 31 16 26 1 40 16 1 30 9 29
split_gain=1.53197e-05 3.03127e-05 1.27842e-05 9.53078e-06 9.10932e-06 1.04127e-05 1.00402e-05 9.76396e-06 1.26362e-05 7.95785e-06 1.46325e-05 1.29718e-05 1.25493e-05 1.11439e-05 1.12658e-05 1.07117e-05 1.31167e-05 9.32259e-06 1.53491e-05 9.37375e-06 6.67386e-06 6.72982e-06 6.57509e-06 5.73386e-06 8.69839e-06 7.29876e-06 5.70872e-06 4.97192e-06 4.80425e-06 4.78992e-06 4.26208e-06 7.47301e-06 4.76883e-06 2.96605e-06 7.85837e-07
threshold=-0.0020110613429319964 87.500000000000014 0.0038498591966800171 0.0030674918784389109 258.50000000000006 0.0020171462517495358 0.0036518577131324785 193.50000000000003 314.50000000000006 0.092934170738795549 1333.9119942497821 0.0013614710189253645 8.5000000000000018 -1.4210854715201547e-13 30.647353542970748 0.0010055306714660264 -0.0049287455613755268 0.88635711415944451 -0.00138985473651676 27.885322838709659 0.00078098742448812653 -0.11293620571927229 -14.084071201706774 -0.76367472190256991 0.50881447445774941 71.500000000000014 0.49047615592256122 -0.0075450573063143766 160.01338348027883 -0.0013131982023929509 0.54981203007518809 129.55438398697845 14.500000000000002 -0.46371380442662796 5.5000000000000009
decision_type=8 2 10 10 2 10 10 10 10 10 10 10 2 10 10 10 8 10 8 8 10 10 10 8 8 2 10 10 10 10 10 8 2 10 2
left_child=1 -1 3 4 5 6 7 9 -9 10 15 12 22 -14 20 17 27 18 -2 -20 21 -15 29 -21 25 -25 -18 -17 -27 -11 31 -26 -33 -31 -34
right_child=2 -3 -4 -5 -6 -7 -8 8 -10 11 -12 -13 13 14 -16 16 26 -19 19 23 -22 -23 -24 24 30 28 -28 -29 -30 33 -32 32 34 -35 -36
leaf_value=-9.8014322379881044e-06 4.6308333059524943e-06 1.0359011294648396e-07 4.8717807331317831e-06 -3.3030474952776858e-06 4.3048138089519549e-06 4.0407326079543168e-06 -4.7231522388906193e-06 -6.6988131297899868e-06 2.9659752876192681e-07 -4.9269037005412088e-06 -5.5438421534598687e-06 4.6963991726661478e-06 -2.0402490085930483e-06 -1.7005884243970255e-06 6.8808675781094836e-06 -2.498788673570259e-06 2.4859300484086391e-06 -3.5746148531896333e-06 -3.1605269248984672e-06 -2.610347321275327e-06 4.6219175703739063e-06 2.6583965202121287e-06 1.6511133109678336e-06 6.0121397598996696e-06 -4.2434327414150919e-06 2.8217063436891391e-06 -1.8028312189075489e-06 -6.9376700315843959e-06 -1.0926967505608341e-06 -2.8382131949070634e-06 2.3954095600211639e-06 2.4919315962992949e-06 -1.5335035415258719e-08 5.7051075694458841e-07 -1.6725957223503972e-06
leaf_weight=526 955 920 568 979 524 639 524 541 579 581 579 889 687 780 545 539 601 586 806 533 567 755 545 519 520 997 763 555 515 589 580 652 538 521 732
leaf_count=526 955 920 568 979 524 639 524 541 579 581 579 889 687 780 545 539 601 586 806 533 567 755 545 519 520 997 763 555 515 589 580 652 538 521 732
internal_value=-2.18813e-07 -3.49932e-06 -1.03503e-09 -1.31508e-07 2.19168e-08 -9.1923e-08 -2.30391e-07 -1.0346e-07 -3.08223e-06 8.79447e-08 -4.51672e-07 1.00447e-06 4.15177e-07 1.69456e-06 2.66398e-06 -1.67908e-07 -2.06631e-06 4.20275e-07 7.3894e-07 1.57434e-07 1.57053e-06 4.43258e-07 -1.49236e-06 6.36221e-07 9.78721e-07 2.64441e-06 8.66972e-08 -4.7509e-06 1.48828e-06 -2.50562e-06 -1.40668e-07 -7.43106e-07 2.03794e-07 -1.23806e-06 -9.70724e-07
internal_weight=23229 1446 21783 21215 20236 19712 19073 18549 1120 17429 10970 6459 5570 3334 2647 10391 2458 7933 7347 6392 2102 1535 2236 5586 5053 2031 1364 1094 1512 1691 3022 2442 1922 1110 1270
internal_count=23229 1446 21783 21215 20236 19712 19073 18549 1120 17429 10970 6459 5570 3334 2647 10391 2458 7933 7347 6392 2102 1535 2236 5586 5053 2031 1364 1094 1512 1691 3022 2442 1922 1110 1270
is_linear=0
shrinkage=0.0329122


Tree=163
num_leaves=35
num_cat=0
split_feature=36 4 38 37 7 31 39 0 4 24 22 16 15 55 47 17 13 31 31 43 13 2 0 4 13 13 17 22 27 4 48 39 25 31
split_gain=1.43279e-05 3.13129e-05 1.19565e-05 8.943e-06 1.70296e-05 7.72583e-06 7.50751e-06 3.10723e-05 1.1578e-05 7.4596e-06 9.89046e-06 1.30549e-05 7.19519e-06 9.22654e-06 1.11523e-05 1.01142e-05 8.50634e-06 1.06361e-05 1.23346e-05 1.00919e-05 7.06008e-06 6.55582e-06 5.8437e-06 5.65946e-06 4.47043e-06 1.16308e-05 4.69617e-06 4.44097e-06 4.32448e-06 5.84323e-06 3.51482e-06 4.94818e-06 3.23509e-06 8.75036e-07
threshold=-0.0020110613429319964 -0.17410440458760015 0.0038498591966800171 0.0028070189262020544 0.43255452255092897 258.50000000000006 -0.0020986381974173458 25.500000000000004 -0.0045862258937228511 -1.0000000000001064 -0.85539679378671696 0.49618979882137781 0.13072063186241947 3977.5000000000005 18.518518518557997 -0.27973508674409758 -0.12792816907330762 57.500000000000007 90.500000000000014 -0.0013995808113455019 -0.0045047630898166725 0.079587421587618903 37.500000000000007 -0.068768403152654381 -0.49114656253547606 -0.34301261108163106 -0.35716537280486632 -0.74802954136411581 52.961244071339095 -0.17091392344950071 71.548389845920312 -0.0013413822264605744 -0.49688474369800589 97.500000000000014
decision_type=8 8 10 10 8 2 8 10 10 8 8 10 10 2 10 10 8 2 2 8 10 2 10 8 10 10 10 10 8 8 2 10 10 2
left_child=1 -1 3 5 -5 6 7 -2 9 10 11 -8 16 -14 21 -16 17 -11 -19 -18 22 -15 28 27 -20 -26 -27 -12 29 -21 31 33 -24 -30
right_child=2 -3 -4 4 -6 -7 8 -9 -10 12 23 -13 13 14 15 -17 19 18 24 20 -22 -23 32 -25 25 26 -28 -29 30 -31 -32 -33 -34 -35
leaf_value=-9.8472087352067357e-06 2.2865541402669991e-06 2.4496941256426681e-07 4.7114399049333357e-06 -7.3187395350825652e-06 1.0102843603361439e-06 3.9760040870140648e-06 -2.152762880407206e-06 -7.7064082252575549e-06 4.3743069579910645e-06 -4.4839022957470008e-06 -4.0685950901104515e-06 4.112733005184044e-06 5.4456314474534161e-06 1.080006874834529e-06 2.384691270014092e-07 6.6540034202150882e-06 4.2680289534662645e-06 4.0843055825133123e-06 -4.0344331045968724e-06 1.24668698708206e-07 3.4543292216131626e-06 -2.9665756712410085e-06 -6.5674231492638741e-07 -5.6051324472571469e-06 3.3122706816915925e-06 -1.9575963909339003e-07 -3.6600386494158403e-06 -1.6679362243731992e-07 1.052514789966605e-06 4.585471930155572e-06 1.683921970745951e-06 -3.404060310924096e-06 -4.3050479578161532e-06 -5.9984112224505738e-07
leaf_weight=520 712 926 568 521 543 523 824 640 661 893 538 640 562 936 527 538 722 546 533 827 624 808 539 616 586 787 919 766 537 517 659 674 515 982
leaf_count=520 712 926 568 521 543 523 824 640 661 893 538 640 562 936 527 538 722 546 533 827 624 808 539 616 586 787 919 766 537 517 659 674 515 982
internal_value=-2.11611e-07 -3.38415e-06 -1.0013e-09 -1.27181e-07 -3.0679e-06 2.80822e-08 -7.7101e-08 -2.44367e-06 9.7958e-08 -6.24984e-08 -1.45142e-06 5.86095e-07 2.67759e-07 1.59606e-06 8.25792e-07 3.47958e-06 -1.44532e-07 -1.29018e-06 -4.44073e-07 5.9604e-07 1.4466e-07 -7.94655e-07 -2.48674e-07 -3.00515e-06 -1.31937e-06 -6.87892e-07 -2.06206e-06 -1.77676e-06 3.01607e-07 1.84079e-06 -4.23649e-07 -1.05708e-06 -2.43958e-06 -1.55463e-08
internal_weight=23229 1446 21783 21215 1064 20151 19628 1352 18276 17615 3384 1464 14231 3371 2809 1065 10860 4264 3371 6596 5874 1744 5250 1920 2825 2292 1706 1304 4196 1344 2852 2193 1054 1519
internal_count=23229 1446 21783 21215 1064 20151 19628 1352 18276 17615 3384 1464 14231 3371 2809 1065 10860 4264 3371 6596 5874 1744 5250 1920 2825 2292 1706 1304 4196 1344 2852 2193 1054 1519
is_linear=0
shrinkage=0.0329122


Tree=164
num_leaves=36
num_cat=0
split_feature=36 13 38 38 38 40 48 1 24 40 38 0 22 37 47 11 2 13 19 9 19 27 0 1 13 20 2 55 47 1 7 18 15 0 31
split_gain=1.34002e-05 2.89421e-05 1.11894e-05 7.52065e-06 8.43885e-06 9.27849e-06 7.63164e-06 1.33621e-05 1.14155e-05 1.3617e-05 1.05897e-05 3.3733e-05 8.96505e-06 1.12757e-05 7.77735e-06 6.68768e-06 1.33016e-05 6.94274e-06 6.27212e-06 1.49503e-05 1.01197e-05 6.85053e-06 1.07949e-05 1.13967e-05 1.30049e-05 1.11632e-05 8.87953e-06 8.99716e-06 5.85065e-06 5.47761e-06 5.19733e-06 4.53081e-06 4.34289e-06 3.34598e-06 7.82422e-07
threshold=-0.0020110613429319964 -0.038515700880592696 0.0038797320689395458 0.0030674918784389109 0.0020171462517495358 0.0036518577131324785 23.649828101032231 372.52852837505873 -500.25000000000711 -0.0018885758105360859 -0.0016155088852988773 37.500000000000007 -0.95808713149573588 -0.0038022813688213804 -66.66666666667146 -0.23134873784224433 0.24547175531332158 -0.23785348979358795 -0.14718204808352905 -0.77799394725464754 -0.073559235111538598 -28.053865786791047 36.500000000000007 39.902379628184114 -0.19401323239990056 0.47292059501361833 -0.55333157404458777 7028.0000000000009 196.96969696969452 61.238710463593044 0.54246961055421139 -0.53880738908320402 0.096277035768488228 37.500000000000007 128.50000000000003
decision_type=8 10 10 10 10 10 2 10 8 8 8 10 10 10 8 10 2 10 8 10 8 10 8 10 10 8 2 2 8 10 10 10 10 10 2
left_child=1 -1 3 4 5 6 7 8 -2 -10 11 -8 13 34 -14 18 17 -17 19 -12 -20 22 23 -22 -25 -24 -23 -28 -27 -19 -21 -5 33 -29 -11
right_child=2 -3 -4 31 -6 -7 10 -9 9 12 15 -13 14 -15 -16 16 -18 29 20 30 21 26 25 24 -26 28 27 32 -30 -31 -32 -33 -34 -35 -36
leaf_value=1.1262674382046457e-06 -4.6987758326423688e-06 -8.2010449562488201e-06 4.7926047830931962e-06 -6.8060736683828927e-07 3.6859537821631421e-06 -4.3917794151059126e-06 7.1645706318723269e-06 -4.4823717248285608e-06 5.1707299193064211e-06 -1.8053733106878071e-06 4.9952671023209431e-06 -3.054611861105343e-06 -5.4913250191038272e-06 4.6136541816590036e-06 -4.9472185796750177e-07 -2.4431752180998587e-06 6.176118753728565e-06 -3.8678212590013064e-07 -4.8350192186475392e-06 -2.5076641664855226e-06 8.76337746172508e-07 -3.1490375067627169e-06 4.3040636119743084e-06 -7.8308203493140185e-06 -1.5792718995796571e-06 -3.8924713863968923e-06 4.9280712219392071e-06 6.9974493899258615e-07 8.9121911689453914e-07 4.2933761893626616e-06 1.3725694697729166e-06 -5.0426815062229836e-06 2.2189322459505124e-06 -2.5808745188675094e-06 -1.7248870741843611e-08
leaf_weight=764 544 682 515 517 659 531 875 995 553 523 771 583 533 647 920 632 551 555 591 779 599 547 582 681 766 515 623 788 599 529 719 515 920 588 538
leaf_count=764 544 682 515 517 659 531 875 995 553 523 771 583 533 647 920 632 551 555 591 779 599 547 582 681 766 515 623 788 599 529 719 515 920 588 538
internal_value=-2.04645e-07 -3.27276e-06 -9.66969e-10 -1.17053e-07 2.27007e-08 -1.006e-07 1.90257e-08 -1.04851e-06 -2.46044e-07 4.06099e-07 4.2561e-07 3.07814e-06 -4.27375e-07 1.18916e-06 -2.32777e-06 1.12061e-07 1.72707e-06 2.98361e-07 -2.51565e-07 1.27138e-06 -6.94671e-07 -3.55163e-07 -1.33169e-06 -2.94115e-06 -4.52159e-06 6.09777e-07 6.99056e-07 1.42024e-06 -1.32007e-06 1.89696e-06 -6.45103e-07 -2.85764e-06 4.6832e-07 -7.01981e-07 -8.98887e-07
internal_weight=23229 1446 21783 21268 20236 19577 19046 5253 4258 3714 13793 1458 3161 1708 1453 12335 2267 1716 10068 2269 7799 7208 3742 2046 1447 1696 3466 2919 1114 1084 1498 1032 2296 1376 1061
internal_count=23229 1446 21783 21268 20236 19577 19046 5253 4258 3714 13793 1458 3161 1708 1453 12335 2267 1716 10068 2269 7799 7208 3742 2046 1447 1696 3466 2919 1114 1084 1498 1032 2296 1376 1061
is_linear=0
shrinkage=0.0329122


Tree=165
num_leaves=35
num_cat=0
split_feature=47 20 21 24 10 55 48 43 6 12 26 7 8 31 45 40 44 11 20 37 0 17 18 45 55 41 20 16 10 9 26 7 48 55
split_gain=1.18249e-05 1.29792e-05 1.21332e-05 9.75012e-06 3.71372e-05 3.33848e-05 1.20836e-05 1.76249e-05 1.48345e-05 1.75452e-05 1.25751e-05 9.85231e-06 1.22329e-05 1.32218e-05 9.45648e-06 1.08313e-05 8.57536e-06 8.08102e-06 1.25188e-05 8.01191e-06 7.58515e-06 6.83904e-06 1.0891e-05 9.45641e-06 5.98413e-06 5.90216e-06 1.75739e-05 6.45895e-06 1.02475e-05 6.41973e-06 6.25113e-06 5.08509e-06 3.56166e-06 2.9649e-07
threshold=176.47058823529989 0.034204283253712914 0.60395343672974322 3000.4999999999718 -1.7312030075187963 8371.5000000000018 56.279714509581389 0.0025109865513263112 -29.249999999999996 -0.70423931446223298 -0.0010721021338773841 0.31114163815111678 3.5000000000000004 98.500000000000014 0.001562534333029775 -0.0031620573119763291 0.0012682313279676063 -0.33365139949109407 1.2601369863013698 0.001885015812102542 171.50000000000003 -0.13357201369181707 -0.28836705085199726 -0.0013559328266281032 13866.000000000002 -0.0020986381974173458 53.350000000000016 0.49047615592256122 -1.4389097744360899 -0.68386147395581343 -0.0047870294352357094 0.29527813892960425 30.874513194972803 274.50000000000006
decision_type=10 8 2 10 10 2 2 10 10 8 10 8 8 2 10 8 10 10 10 10 10 10 8 10 2 10 8 10 8 10 8 10 2 2
left_child=1 -1 3 6 -5 -6 7 14 9 -8 17 -11 13 -13 15 -3 -12 18 31 20 21 25 -23 -24 -25 26 -17 29 -29 -27 -30 -10 -31 -28
right_child=-2 2 -4 4 5 -7 8 -9 10 11 16 12 -14 -15 -16 19 -18 -19 -20 -21 -22 22 23 24 -26 27 33 28 30 32 -32 -33 -34 -35
leaf_value=-5.1817720734886922e-06 4.2192432851640698e-06 -4.0866594880547757e-06 -4.3429882548127812e-06 -5.2282159476870967e-06 1.0005981638967771e-05 1.6780696340902378e-07 7.0656424536960751e-06 -6.4633444948077868e-06 5.7993687161542097e-07 -2.1931535720996883e-06 1.3455212695049398e-07 8.0543630667974087e-06 -1.2967410490558347e-06 1.3398085478104986e-06 -4.5227709094623499e-06 -6.8101631748540998e-06 5.2565292079218126e-06 1.0867792656475876e-06 -6.7091640518782379e-06 3.9978323401835936e-06 -3.9337465391507351e-06 -2.891453982453307e-06 4.7492552199312813e-06 -1.8385646375190019e-06 2.6357247381555785e-06 -4.4217270995141749e-06 -3.2663867826223837e-07 4.2210543520226833e-06 1.9762005045324144e-06 1.9077646408855037e-06 -2.1272154401285777e-06 -3.2018871543633983e-06 -1.8494568119648287e-06 7.3014200967998824e-07
leaf_weight=524 721 721 658 517 735 760 752 549 902 639 848 577 612 707 577 583 608 954 575 538 536 518 1025 614 685 535 572 815 725 532 903 672 562 578
leaf_count=524 721 721 658 517 735 760 752 549 902 639 848 577 612 707 577 583 608 954 575 538 536 518 1025 614 685 535 572 815 725 532 903 672 562 578
internal_value=6.99793e-08 -6.23362e-08 5.91253e-08 1.94326e-07 2.37522e-06 5.00479e-06 -3.16821e-08 -7.07921e-07 9.65323e-07 2.65073e-06 -2.4979e-07 1.34097e-06 2.53218e-06 4.35735e-06 -4.21148e-07 -1.9448e-07 2.27356e-06 -1.43388e-06 -2.55297e-06 9.41771e-08 -1.345e-07 1.00977e-07 1.42385e-06 2.38579e-06 5.20681e-07 -5.46632e-07 -2.1553e-06 1.37945e-07 1.20836e-06 -1.46721e-06 -2.99694e-07 -1.03452e-06 -2.21528e-08 2.0431e-07
internal_weight=23329 22608 22084 21426 2012 1495 19414 11568 7846 3287 4559 2535 1896 1284 11019 10442 1456 3103 2149 9721 9183 8647 2842 2324 1299 5805 1733 4072 2443 1629 1628 1574 1094 1150
internal_count=23329 22608 22084 21426 2012 1495 19414 11568 7846 3287 4559 2535 1896 1284 11019 10442 1456 3103 2149 9721 9183 8647 2842 2324 1299 5805 1733 4072 2443 1629 1628 1574 1094 1150
is_linear=0
shrinkage=0.0329122


Tree=166
num_leaves=34
num_cat=0
split_feature=47 21 4 24 1 10 13 42 17 48 15 1 10 0 45 0 40 38 4 19 29 31 27 17 41 16 16 29 16 48 0 26 48
split_gain=1.10594e-05 1.04638e-05 1.11799e-05 9.80675e-06 4.90132e-05 1.84488e-05 1.09279e-05 1.10719e-05 9.45055e-06 9.09635e-06 1.27812e-05 1.14711e-05 2.16343e-05 9.42237e-06 9.03943e-06 7.48657e-06 7.11291e-06 6.6937e-06 6.42416e-06 8.98332e-06 8.78145e-06 7.47279e-06 6.66092e-06 9.27765e-06 8.62736e-06 8.18264e-06 5.85464e-06 5.04694e-06 5.92845e-06 5.84288e-06 4.63675e-06 3.28327e-06 1.20903e-07
threshold=176.47058823529989 0.60395343672974322 -0.91313447648570112 3000.4999999999718 247.09846594319512 -1.4050751879699244 -0.56338318613845162 0.0038797320689395458 -0.44476865321454356 56.279714509581389 0.032673903443609299 131.04055542254005 -1.4144736842105259 195.50000000000003 0.001562534333029775 109.50000000000001 -0.0031620573119763291 -0.0010443867077659095 -0.046317775511466854 -0.7433503107416185 17.500000000000004 100.50000000000001 1.183267882836093 -0.093353902947168527 -0.0021130486615126283 0.98818879330388298 0.47924498746867178 16.500000000000004 0.49047615592256122 67.332851909619237 33.500000000000007 0.00041662126287273605 1.0000000180025095e-35
decision_type=10 2 8 10 10 10 8 10 8 2 8 10 10 10 10 10 8 8 8 10 2 2 10 10 10 8 10 2 10 2 10 8 2
left_child=1 2 -1 6 -5 -6 -4 8 -8 13 -11 17 -13 14 15 16 -10 -12 19 -18 21 -21 24 -24 25 -20 -23 29 -29 -19 -28 -31 -27
right_child=-2 -3 3 4 5 -7 7 -9 9 10 11 12 -14 -15 -16 -17 18 27 22 20 -22 26 23 -25 -26 32 30 28 -30 31 -32 -33 -34
leaf_value=-4.5652149385156318e-06 4.0803789016901467e-06 -4.1057232099412274e-06 -3.7662317876251927e-06 8.9992468567742168e-06 -6.3027605572083133e-06 1.808684990277662e-06 -3.2418464242917879e-06 4.4233349826210536e-06 -3.8727496098425132e-06 -3.1484235676752071e-06 3.4700980905615419e-06 7.3780299624153438e-06 3.7816956297000477e-07 -4.4806382883937076e-06 -4.2981278316990074e-06 3.6122504608675904e-06 4.4282750950282828e-06 3.9195920502599378e-06 -4.8124505555719848e-06 -3.5036029025179115e-06 3.0346870851132991e-06 -2.4406971607117352e-06 -5.1240745671382107e-06 5.1466654232586003e-07 2.5406714660844654e-06 -1.5412219736680403e-07 2.7794091403437579e-06 -4.2806259582828223e-06 3.0457973322298622e-07 1.4331440353801919e-06 -8.3580305921740359e-07 -2.0022900398951629e-06 5.2618897138564124e-07
leaf_weight=551 721 672 818 754 528 715 940 626 537 671 704 916 1001 589 551 595 659 532 523 729 944 599 785 529 940 609 985 543 698 626 630 581 528
leaf_count=551 721 672 818 754 528 715 940 626 537 671 704 916 1001 589 551 595 659 532 523 729 944 599 785 529 940 609 985 543 698 626 630 581 528
internal_value=6.76755e-08 -6.0285e-08 6.36349e-08 1.82911e-07 2.37896e-06 -1.6367e-06 -4.32741e-08 1.20708e-07 -2.93819e-08 1.48193e-07 1.14396e-06 1.65822e-06 3.72303e-06 -4.3373e-07 -1.98705e-07 3.67574e-08 -1.99676e-07 5.83723e-07 3.34461e-08 8.75013e-07 2.72535e-07 -6.13378e-07 -9.43951e-07 -2.85381e-06 2.11762e-08 -1.40539e-06 3.38178e-07 -9.80823e-08 -1.70149e-06 1.04603e-06 1.369e-06 -2.20343e-07 1.616e-07
internal_weight=23329 22608 21936 21385 1997 1243 19388 18570 17944 17004 6272 5601 1917 10732 10143 9592 8997 3684 8460 4546 3887 2943 3914 1314 2600 1660 2214 2980 1241 1739 1615 1207 1137
internal_count=23329 22608 21936 21385 1997 1243 19388 18570 17944 17004 6272 5601 1917 10732 10143 9592 8997 3684 8460 4546 3887 2943 3914 1314 2600 1660 2214 2980 1241 1739 1615 1207 1137
is_linear=0
shrinkage=0.0329122


Tree=167
num_leaves=35
num_cat=0
split_feature=47 20 21 45 10 22 9 1 45 31 31 7 1 5 38 38 26 0 10 48 11 47 0 4 17 18 23 19 0 47 12 42 55 55
split_gain=1.03434e-05 1.17418e-05 1.0639e-05 8.7252e-06 3.44419e-05 1.11569e-05 1.05386e-05 8.62468e-06 2.13075e-05 1.44694e-05 1.4543e-05 1.16896e-05 1.3554e-05 1.57669e-05 1.15885e-05 1.03541e-05 1.03197e-05 1.08366e-05 1.04326e-05 9.90172e-06 6.97408e-06 6.69394e-06 1.05137e-05 5.18677e-06 9.4477e-06 6.0183e-06 6.82478e-06 4.15183e-06 3.93497e-06 4.9031e-06 4.06446e-06 4.3614e-06 2.88901e-06 6.66207e-07
threshold=176.47058823529989 0.034204283253712914 0.60395343672974322 -0.0037712145633829182 -1.5592105263157892 -0.4532897128316975 -0.04562803608605135 147.94444444444449 0.011104260857651706 24.500000000000004 40.500000000000007 1.0109656965170275 232.28527828273647 -0.19593381619554118 -0.0013504395083342444 0.0018034279767131791 -0.0014242936690129406 8.5000000000000018 -1.3129699248120297 58.033459422175717 -0.72832796564680613 64.81481481480877 28.500000000000004 -0.037584775279835871 -0.049427032614192505 -0.018228836866052079 0.049999999999998941 0.17411525466000913 28.500000000000004 -47.619047619066556 -0.38545642493638671 -1.0000000180025095e-35 10292.500000000002 4214.5000000000009
decision_type=10 8 2 8 10 10 10 10 8 2 2 10 10 2 8 10 10 10 10 2 10 10 10 10 10 10 10 10 8 10 10 10 2 2
left_child=1 -1 3 4 -3 6 7 9 11 19 -11 12 -9 -14 -15 21 17 20 -19 -5 -16 23 -23 24 25 26 27 28 29 32 31 33 -12 -30
right_child=-2 2 -4 5 -6 -7 -8 8 -10 10 15 -13 13 14 16 -17 -18 18 -20 -21 -22 22 -24 -25 -26 -27 -28 -29 30 -31 -32 -33 -34 -35
leaf_value=-4.9275899051358143e-06 3.9460849127538404e-06 -3.6065221995760733e-06 -4.0649230462104172e-06 -7.3951075020364877e-06 7.4491315352535103e-06 4.0944047137363992e-06 -4.6798624094786771e-06 4.2480338072228283e-06 6.5348465125958282e-06 4.7697778270810058e-06 4.9549943767966649e-06 -3.8953342216524984e-06 3.6541174700369729e-06 -4.8757875546977988e-06 -8.7950613941182312e-07 -4.2776568268383962e-06 3.559256840859213e-06 3.8839579072993502e-06 -2.3667256229044907e-06 -1.0589850397712851e-06 -6.1191713423582537e-06 -5.4814237655856922e-06 1.3304972101364525e-08 -2.0294381174305486e-06 4.7686862689056675e-06 3.2291178417118308e-06 -3.2538457932829718e-06 -2.249588280878052e-06 9.3562253618636805e-08 -9.421394652377786e-08 -2.5634369998539142e-06 2.9841639556514026e-06 1.5177287978665044e-06 -1.358417241083949e-06
leaf_weight=524 721 523 658 528 733 702 536 1017 663 608 528 637 1024 671 556 719 655 644 525 541 545 620 963 988 524 631 680 631 903 879 619 550 532 551
leaf_count=524 721 523 658 528 733 702 536 1017 663 608 528 637 1024 671 556 719 655 644 525 541 545 620 963 988 524 631 680 631 903 879 619 550 532 551
internal_value=6.54478e-08 -5.83009e-08 5.72253e-08 1.83829e-07 2.84536e-06 1.80817e-08 -1.28895e-07 -3.69712e-11 9.23678e-07 -5.34263e-07 -1.76689e-07 3.30686e-07 8.08281e-07 5.10396e-08 -9.74912e-07 -4.68187e-07 -7.99667e-08 -1.13015e-06 1.07657e-06 -4.18873e-06 -3.47337e-06 -1.8282e-07 -2.13862e-06 2.03384e-07 5.17307e-07 1.74756e-07 -1.53368e-07 2.52582e-07 5.98723e-07 1.72298e-06 -2.32272e-07 4.87669e-07 3.23009e-06 -4.56515e-07
internal_weight=23329 22608 22084 21426 1256 20170 19468 18932 6937 11995 10926 6274 5637 4620 3596 10318 2925 2270 1169 1069 1101 9599 1583 8016 7028 6504 5873 5193 4562 1939 2623 2004 1060 1454
internal_count=23329 22608 22084 21426 1256 20170 19468 18932 6937 11995 10926 6274 5637 4620 3596 10318 2925 2270 1169 1069 1101 9599 1583 8016 7028 6504 5873 5193 4562 1939 2623 2004 1060 1454
is_linear=0
shrinkage=0.0329122


Tree=168
num_leaves=35
num_cat=0
split_feature=47 20 0 38 39 17 4 49 55 7 23 47 47 28 4 38 41 22 37 41 55 39 13 44 18 0 10 22 27 19 13 11 55 55
split_gain=9.67373e-06 1.10341e-05 8.20381e-06 3.10965e-05 1.8797e-05 1.10412e-05 1.76341e-05 1.13422e-05 8.85401e-06 1.73006e-05 1.4545e-05 2.04752e-05 1.17571e-05 9.16934e-06 1.48703e-05 1.08157e-05 9.54641e-06 1.0753e-05 9.24583e-06 8.33689e-06 8.15593e-06 6.43459e-06 6.6837e-06 4.95334e-06 9.23896e-06 6.72005e-06 5.95743e-06 5.86981e-06 4.83231e-06 4.32833e-06 3.47265e-06 2.96615e-06 2.54964e-06 1.18234e-06
threshold=176.47058823529989 0.038851804642425873 193.50000000000003 -0.0010005005005004894 -0.0036155471796771028 -0.44476865321454356 -0.47806529943535875 3.5659581560506628 -3117.4999999999995 0.20953883016732996 -0.12500000000000352 66.666666666661186 -20.833333333315426 -0.99009900990099042 -0.3139383940688259 -0.0018365488397193428 -0.0020110613429319964 -0.51906579425663379 -0.0012307696968595903 0.0027991616226910048 17793.500000000004 0.0020070250913383218 -0.43586704323144232 -0.0010085731258747674 -0.21531912565631897 13.500000000000002 -1.9539473684210522 -0.82437590262017735 -10.432165954160391 0.18252534763208675 -0.032358578291631461 -0.48774480355640987 5877.5000000000009 291.00000000000006
decision_type=10 8 10 8 8 8 10 8 2 10 8 8 10 8 10 8 8 10 8 10 2 10 8 8 8 10 10 10 10 10 10 10 2 2
left_child=1 -1 4 -4 -3 6 -6 -7 9 -9 11 -10 -11 14 -12 -15 -17 18 20 21 -18 22 -20 25 -25 -24 -26 29 -29 30 31 32 33 -28
right_child=-2 2 3 -5 5 7 -8 8 10 12 13 -13 -14 15 -16 16 17 -19 19 -21 -22 -23 23 24 26 -27 27 28 -30 -31 -32 -33 -34 -35
leaf_value=-4.4375365272032332e-06 3.8162106884380632e-06 4.7828600519809044e-06 -8.8126870721731912e-06 1.1378873178884094e-06 1.1182987392354946e-06 4.0722302293572379e-06 -6.7172233799848037e-06 -6.4986133216805421e-06 8.2705268641187683e-06 3.852725474453306e-06 9.0653640113973379e-07 -7.7396742707187003e-07 -2.9010885000260008e-06 3.7455908174030799e-06 -5.9636765244366668e-06 -3.6461085706036326e-06 4.356705428633497e-07 4.6037403548433553e-06 -3.5380784511536551e-06 -4.3720039916634779e-06 5.7304487523953586e-06 3.4318350869830299e-06 9.6131868813369191e-07 3.7288958619685992e-06 -3.4207454255197454e-06 -3.7614905800755236e-06 3.5833419729337043e-08 -4.9344350324532367e-07 3.481769021133423e-06 -3.0511142746619213e-06 2.4107662213676547e-06 -2.3581622855963341e-06 1.464621514940307e-06 -1.985208823308406e-06
leaf_weight=606 721 940 518 991 595 793 652 637 570 530 679 517 590 912 686 720 757 586 641 520 540 530 546 763 538 811 753 523 903 585 549 673 917 537
leaf_count=606 721 940 518 991 595 793 652 637 570 530 679 517 590 912 686 720 757 586 641 520 540 530 546 763 538 811 753 523 903 585 549 673 917 537
internal_value=6.32925e-08 -5.6383e-08 6.42765e-08 -2.27773e-06 2.36741e-07 1.81772e-08 -2.97836e-06 2.22313e-07 4.79731e-08 -2.16808e-06 2.95106e-07 3.96857e-06 2.94709e-07 2.28807e-08 -2.54602e-06 2.86469e-07 3.18733e-08 2.58773e-07 2.90799e-08 -3.16872e-07 2.6403e-06 -8.93509e-08 -3.02929e-07 -4.68212e-08 3.18361e-07 -1.86106e-06 -1.16903e-07 2.09795e-07 2.02366e-06 -4.34535e-07 1.17967e-08 -4.45427e-07 1.37736e-07 -8.05307e-07
internal_weight=23329 22608 22002 1509 20493 19553 1247 18306 17513 1757 15756 1087 1120 14669 1365 13304 12392 11672 11086 9789 1297 9269 8739 8098 6741 1357 5978 5440 1426 4014 3429 2880 2207 1290
internal_count=23329 22608 22002 1509 20493 19553 1247 18306 17513 1757 15756 1087 1120 14669 1365 13304 12392 11672 11086 9789 1297 9269 8739 8098 6741 1357 5978 5440 1426 4014 3429 2880 2207 1290
is_linear=0
shrinkage=0.0329122


Tree=169
num_leaves=34
num_cat=0
split_feature=47 20 21 19 13 39 48 2 55 0 6 23 26 0 2 21 12 47 1 9 48 13 9 26 36 44 55 43 48 12 55 12 13
split_gain=9.04744e-06 1.03197e-05 1.05485e-05 8.43289e-06 1.07018e-05 1.06125e-05 7.63544e-06 1.56966e-05 1.17427e-05 1.42757e-05 1.1355e-05 1.53126e-05 1.50111e-05 9.99992e-06 9.11935e-06 1.67043e-05 1.20691e-05 8.71651e-06 1.23465e-05 8.55961e-06 9.81856e-06 1.20453e-05 8.06095e-06 7.16224e-06 6.90915e-06 6.17679e-06 6.8888e-06 1.06405e-05 9.08778e-06 6.34375e-06 6.06765e-06 5.92898e-06 3.37279e-06
threshold=176.47058823529989 0.038851804642425873 0.60395343672974322 3.3939065170823146 -0.58748889079680588 -0.0036496350364963455 56.279714509581389 0.48065151576949822 -3117.4999999999995 200.50000000000003 -42.749999999999993 0.10000000000000499 -0.0010173898455116245 15.500000000000002 0.34952367775590326 -1.0000000180025095e-35 -0.53514010847107429 62.145593869732572 79.660400808656277 -0.81130240070479398 43.698197841370337 -0.062769451860861927 -0.53240842440551372 -0.005145152722967168 -0.0010712375863818344 -0.0018083182640144522 3977.5000000000005 0.0018957363003851981 4.3758776854262423e-13 -0.27098005417384879 18055.500000000004 -0.52617872807017529 -0.044137445676632379
decision_type=10 8 2 10 8 8 2 2 2 10 10 8 10 10 2 2 10 10 10 8 2 10 10 10 10 8 2 8 2 10 2 10 8
left_child=1 -1 3 4 -3 -6 8 10 22 14 11 13 17 -8 19 -16 -17 23 -19 -10 25 -22 -7 -12 -14 -21 28 29 -27 31 -15 32 -28
right_child=-2 2 -4 -5 5 6 7 -9 9 -11 12 -13 24 30 15 16 -18 18 -20 20 21 -23 -24 -25 -26 26 27 -29 -30 -31 -32 -33 -34
leaf_value=-4.2914877181703206e-06 3.6906110271758307e-06 -3.8167805598484813e-06 -4.0550949457044308e-06 3.7946026738466441e-06 3.6642947545566531e-06 -9.3958286566619032e-07 1.9884565686622138e-06 -4.1642482540722788e-06 2.5740367100322082e-06 -5.4091904261451023e-06 2.254755226286323e-06 -7.3572215722896668e-07 5.9633082957130157e-06 9.309755784926903e-06 -1.9924423527835496e-06 7.9195604620389816e-06 1.6938797937995996e-06 -1.6729733237696498e-07 -6.9314366441090934e-06 2.2466489266785831e-06 -9.4157317627673182e-07 -7.1185968222605613e-06 -6.6859325496525246e-06 -2.2544990225696218e-06 1.207681966114562e-06 -9.9139012461651495e-07 -2.915697981602224e-06 -5.4208033753639733e-06 4.6279513212012376e-06 -3.1807751637177066e-06 4.263714532359497e-06 2.8225596598465647e-06 8.1488560905892111e-07
leaf_weight=606 721 740 654 680 921 533 869 618 924 531 932 844 528 515 739 551 870 624 550 961 948 535 525 646 887 745 530 606 536 710 518 712 520
leaf_count=606 721 740 654 680 921 533 869 618 924 531 932 844 528 515 739 551 870 624 550 961 948 535 525 646 887 745 530 606 536 710 518 712 520
internal_value=6.12101e-08 -5.45264e-08 6.21617e-08 1.88305e-07 6.96431e-08 2.13972e-07 4.67715e-08 8.61084e-07 -4.87592e-07 -1.52068e-07 1.31037e-06 2.95352e-06 2.27491e-07 4.59072e-06 1.30253e-07 2.0208e-06 4.10808e-06 -1.18891e-06 -3.33638e-06 -3.98201e-07 -8.01931e-07 -3.17012e-06 -3.79125e-06 4.08616e-07 2.98238e-06 -1.41733e-07 -6.68336e-07 -1.51243e-06 1.35969e-06 -5.54223e-07 6.77963e-06 5.0402e-07 -1.06795e-06
internal_weight=23329 22608 22002 21348 20668 19928 19007 7531 11476 10418 6913 2746 4167 1902 9887 2160 1421 2752 1174 7727 6803 1483 1058 1578 1415 5320 4359 3078 1281 2472 1033 1762 1050
internal_count=23329 22608 22002 21348 20668 19928 19007 7531 11476 10418 6913 2746 4167 1902 9887 2160 1421 2752 1174 7727 6803 1483 1058 1578 1415 5320 4359 3078 1281 2472 1033 1762 1050
is_linear=0
shrinkage=0.0329122


Tree=170
num_leaves=37
num_cat=0
split_feature=20 55 31 29 45 19 48 37 40 40 39 2 31 31 42 42 30 26 17 20 2 19 43 36 31 12 31 42 20 16 19 31 12 18 15 31
split_gain=1.00526e-05 1.35246e-05 1.04018e-05 2.2079e-05 2.04945e-05 1.11329e-05 1.21862e-05 1.08532e-05 1.21446e-05 1.12034e-05 9.65095e-06 7.92782e-06 7.20827e-06 1.3162e-05 1.12368e-05 9.34934e-06 6.16626e-06 9.77563e-06 9.17313e-06 1.61966e-05 7.41757e-06 7.11674e-06 6.69689e-06 5.47441e-06 4.86667e-06 9.44056e-06 6.13964e-06 5.197e-06 6.75793e-06 7.14066e-06 5.28782e-06 5.26572e-06 6.41612e-06 4.80116e-06 4.42223e-06 3.10472e-09
threshold=92.750000000000014 3304.5000000000005 25.500000000000004 13.500000000000002 -0.0038647379072910821 -2.8981590959495516 37.746330450944178 -0.0036199124669130107 -0.0034364261168385308 0.0038498591966800171 0.003463206059261315 0.65186846551813737 44.500000000000007 55.500000000000007 -0.002672011880368141 0.0010106116779523557 16.500000000000004 -0.0039815815405561368 -0.42283907726514725 0.2322427763338939 -0.68116942615530385 0.51791545718725385 0.001668057874234852 -0.0017969466437621759 210.50000000000003 -0.50370695809764388 234.50000000000003 -0.0012570715211275838 2.2088732163359031 0.55113929862825006 1.0000000180025095e-35 188.50000000000003 -0.32621141719216723 -0.34876427309246494 0.09468728141436622 121.50000000000001
decision_type=8 2 2 2 10 10 2 8 8 10 10 2 2 2 8 8 2 10 8 10 2 10 10 8 2 10 2 10 10 10 10 2 8 10 10 2
left_child=2 35 3 4 -1 6 -4 -7 -9 10 11 12 15 -14 -15 -10 18 -18 22 21 -21 -20 -16 -22 27 -26 -27 30 29 31 -25 32 33 -29 -30 -2
right_child=1 -3 5 -5 -6 7 -8 8 9 -11 -12 -13 13 14 16 -17 17 -19 19 20 23 -23 -24 24 25 26 -28 28 34 -31 -32 -33 -34 -35 -36 -37
leaf_value=5.0418016031063642e-06 1.3050326472647715e-07 6.4228123765286372e-06 -6.3476236573252689e-06 -6.2863406460773414e-06 -3.7728886288116246e-06 4.8682585440145817e-06 3.4707270071659506e-07 -4.8982699282159658e-06 3.8419032506533145e-08 4.5410537043333179e-06 -4.0885292308689265e-06 -2.6380153268600958e-06 -4.3707403701971775e-06 4.6769846680301943e-06 7.1702450399221696e-08 6.1626520388391481e-06 -3.4201524540736334e-07 5.7613031633244559e-06 1.619549758451776e-06 3.5228002736519846e-06 -3.7055349762566063e-06 6.2659320364106223e-06 -4.7855766887405877e-06 -4.4919459672829358e-06 3.8088479189062167e-06 1.6518461777858459e-06 -3.3506610821216683e-06 3.5004370188847964e-06 2.4068117018853297e-08 -4.3761981340861178e-06 -1.104252381049918e-07 -3.0656772151806465e-06 -1.6951006523189281e-06 -1.9427695985067505e-07 4.2525187650672694e-06 2.4563140817042746e-07
leaf_weight=565 517 591 607 910 578 524 572 519 563 624 589 1000 654 637 541 519 609 533 898 534 533 593 712 704 836 528 535 785 554 545 518 599 990 740 519 524
leaf_count=565 517 591 607 910 578 524 572 519 563 624 589 1000 654 637 541 519 609 533 898 534 533 593 712 704 836 528 535 785 554 545 518 599 990 740 519 524
internal_value=-4.45438e-08 2.4464e-06 -2.32177e-07 -2.46112e-06 5.84129e-07 1.11543e-09 -3.09945e-06 1.99423e-07 6.28197e-08 2.10878e-07 4.97226e-08 2.00391e-07 3.87401e-07 1.88683e-07 4.10515e-07 2.97622e-06 1.98273e-07 2.50636e-06 -2.76872e-08 2.92492e-07 -2.38219e-07 3.46766e-06 -2.6882e-06 -4.77739e-07 -2.58632e-07 1.19208e-06 -8.65663e-07 -7.2137e-07 -2.27187e-07 -9.00765e-07 -2.63483e-06 -2.92434e-07 3.67981e-07 1.70744e-06 2.06954e-06 1.88674e-07
internal_weight=23299 1632 21667 2053 1143 19614 1179 18435 17911 17392 16768 16179 15179 14097 13443 1082 12806 1142 11664 10411 8920 1491 1253 8386 7853 1899 1063 5954 4732 3659 1222 3114 2515 1525 1073 1041
internal_count=23299 1632 21667 2053 1143 19614 1179 18435 17911 17392 16768 16179 15179 14097 13443 1082 12806 1142 11664 10411 8920 1491 1253 8386 7853 1899 1063 5954 4732 3659 1222 3114 2515 1525 1073 1041
is_linear=0
shrinkage=0.0329122


Tree=171
num_leaves=37
num_cat=0
split_feature=20 1 45 0 31 1 27 45 0 10 17 49 27 3 3 42 3 19 15 2 29 45 45 17 44 20 38 22 31 16 2 48 13 20 9 10
split_gain=9.54762e-06 1.05563e-05 1.43467e-05 1.69308e-05 1.22623e-05 2.00715e-05 1.52751e-05 1.00149e-05 2.29229e-05 1.02365e-05 8.92554e-06 6.52806e-06 5.78603e-06 1.07581e-05 1.16469e-05 1.07064e-05 9.49556e-06 9.2145e-06 9.61506e-06 7.66317e-06 7.15908e-06 1.48053e-05 7.98718e-06 8.20582e-06 7.44912e-06 9.99089e-06 9.15759e-06 6.70409e-06 5.72528e-06 5.36685e-06 4.78321e-06 5.79466e-06 4.39097e-06 4.21488e-06 3.25832e-06 5.04721e-07
threshold=31.708333333333336 1366.7466946597763 -0.0037712145633829182 22.500000000000004 26.500000000000004 235.38924304427633 -21.065303291450036 0.0033927081235072269 17.500000000000004 -1.459586466165413 -0.4681530905904942 3.5659581560506628 3.5325317992723941 0.34710169418699371 0.070420396555972944 -0.0012570715211275838 0.18768160988790758 -0.015850992044214248 0.14701273907825729 -0.19754376616774952 20.500000000000004 0.0012523486438248412 -0.0016792623089504353 -0.063970601033441085 0.0012262420305545476 0.19056883453770615 0.0013431839503500467 -0.83179140391636242 157.50000000000003 0.49047615592256122 -0.11615901207493554 48.484366394935897 -0.39858134567461728 1.6208711433756808 -0.41217381583570217 -1.4934210526315785
decision_type=10 10 8 10 2 8 10 10 10 10 8 8 10 2 2 10 2 8 8 2 2 8 8 10 8 8 8 10 2 8 2 2 10 10 10 10
left_child=1 2 3 -1 5 6 -4 10 -9 -10 -6 -12 17 14 15 -14 -16 18 -13 -17 22 -22 -19 24 26 -26 27 30 -21 -27 -24 -32 35 -20 -29 -31
right_child=-2 -3 4 -5 7 -7 -8 8 9 -11 11 12 13 -15 16 19 -18 20 33 28 21 -23 23 -25 25 29 -28 34 -30 32 31 -33 -34 -35 -36 -37
leaf_value=7.9885509312763759e-06 4.1985113104157537e-06 -3.6031121082379719e-06 -9.3720403824925746e-06 -2.2490278448429058e-07 -3.6603075145684471e-06 1.8632387312159907e-06 -1.7683398863458831e-06 -2.2716595634040755e-06 8.1946651609563776e-06 1.8937729942557712e-06 2.7313125921575989e-06 5.1424394128582632e-06 -3.827550305253395e-06 2.1225525887522705e-06 -7.794252147982583e-06 3.9571424360262427e-06 -1.8723513275802506e-06 -4.2973312924057338e-06 2.3176278094575867e-06 1.5694829447964515e-06 6.1535657451781509e-06 -9.7337645623192165e-07 -4.7457740757047835e-06 3.5709535096202348e-06 4.4407389423638342e-06 -3.1243087864569393e-06 -5.6796722356806852e-06 2.2214506377074663e-06 -2.6784601542981767e-06 7.6117879870471757e-08 1.1038192014674716e-06 -3.6165649111334692e-06 3.0355905971883296e-06 -1.791681452560609e-06 -1.1202143066373054e-06 -1.3151623042692203e-06
leaf_weight=518 561 919 549 572 770 641 598 709 605 519 875 775 830 894 546 543 634 583 562 655 549 743 572 550 592 570 516 766 723 594 616 519 534 521 538 538
leaf_count=518 561 919 549 572 770 641 598 709 605 519 875 775 830 894 546 543 634 583 562 655 549 743 572 550 592 570 516 766 723 594 616 519 534 521 538 538
internal_value=-4.30765e-08 -1.47736e-07 -2.18815e-09 3.67816e-06 -1.95724e-07 -2.80111e-06 -5.40797e-06 5.02077e-08 2.36227e-06 5.28547e-06 -1.97499e-07 -3.42854e-08 -1.90796e-07 -1.13613e-06 -1.87729e-06 -7.03899e-07 -4.61268e-06 2.3795e-07 2.34361e-06 6.45608e-07 -2.07618e-07 2.05485e-06 -5.98021e-07 -2.85649e-07 -6.19459e-07 6.3887e-07 -1.62847e-06 -9.34132e-07 -6.59134e-07 -3.67605e-07 -2.29152e-06 -1.05446e-06 5.75427e-07 3.40547e-07 8.42582e-07 -5.84907e-07
internal_weight=23299 22738 21819 1090 20729 1788 1147 18941 1833 1124 17108 16338 15463 4825 3931 2751 1180 10638 1858 1921 8780 1292 7488 6905 6355 2828 3527 3011 1378 2236 1707 1135 1666 1083 1304 1132
internal_count=23299 22738 21819 1090 20729 1788 1147 18941 1833 1124 17108 16338 15463 4825 3931 2751 1180 10638 1858 1921 8780 1292 7488 6905 6355 2828 3527 3011 1378 2236 1707 1135 1666 1083 1304 1132
is_linear=0
shrinkage=0.0329122


Tree=172
num_leaves=37
num_cat=0
split_feature=20 55 5 55 45 18 36 48 43 0 41 45 4 19 5 12 43 1 47 17 12 18 0 39 20 16 44 25 19 26 21 40 0 44 4 12
split_gain=9.38641e-06 1.25755e-05 9.65571e-06 1.30877e-05 1.07024e-05 3.67205e-05 1.28514e-05 1.07819e-05 2.09866e-05 1.43937e-05 1.18937e-05 1.33827e-05 1.05176e-05 9.54349e-06 1.10286e-05 1.41802e-05 9.29819e-06 7.6978e-06 9.26277e-06 1.15246e-05 1.0811e-05 9.26023e-06 8.46431e-06 7.23587e-06 7.85413e-06 7.01198e-06 1.08544e-05 9.63853e-06 6.8743e-06 5.79121e-06 7.10602e-06 8.27775e-06 7.24844e-06 8.70551e-06 7.05462e-06 5.39282e-06
threshold=92.750000000000014 3304.5000000000005 -0.48253580711810812 36785.000000000007 -0.0037712145633829182 -0.25209120969807414 -0.0031620573119763291 53.651798071432985 0.0025109865513263112 285.50000000000006 -0.0020986381974173458 0.0013596199349305007 -0.013128638717416105 -1.2999981327604642 -0.20775179503621299 -0.6309124320869286 -0.0012539189881856647 989.65603908721948 135.80246913582883 -0.39461127515144129 -0.80223214285714273 -0.086313750711643711 91.500000000000014 -0.0018885758105360859 0.24022790934555646 0.49811675414952478 0.0015117166611058332 -0.99069773106656489 0.052105882027156276 0.0025975663319944826 -0.54354842326623809 -0.0013131982023929509 9.5000000000000018 -0.0012492197253432533 -0.16777194458435493 -0.37633250380715372
decision_type=8 2 2 2 8 10 8 2 10 10 10 10 8 10 2 10 8 10 10 8 8 8 10 10 10 10 8 10 10 8 2 10 10 10 10 10
left_child=2 -2 3 -1 5 -4 -6 8 10 13 12 23 -8 -9 15 -15 -16 18 19 21 -21 -18 25 -12 -25 27 28 -22 -27 30 -26 -32 -33 -34 35 -35
right_child=1 -3 4 -5 6 -7 7 9 -10 -11 11 -13 -14 14 16 -17 17 -19 -20 20 22 -23 -24 24 29 26 -28 -29 -30 -31 31 32 33 34 -36 -37
leaf_value=-5.4753089031078261e-06 1.8826368450456185e-07 6.1996812354775952e-06 9.3782808519796789e-06 1.1882659926591879e-06 -5.3013012945881316e-06 -2.4721003647230935e-06 1.6396330172535905e-07 4.025976595046176e-06 -7.2546957634282405e-06 5.6122829188655632e-06 3.7983500030547051e-06 -4.6994320032716176e-06 -5.5527271524969776e-06 6.9976567207040001e-06 3.4753024443237165e-06 -3.315752576583767e-07 -7.1545894838085786e-06 -4.6881634908846842e-06 3.2055757196406262e-06 4.2033956877309763e-06 1.0308239823112813e-06 -9.6048439369550954e-07 -4.6724315087085743e-06 3.4655491652421143e-06 -3.3606247665342541e-06 1.7697810733793874e-06 4.4171982912105382e-06 -5.071856329141485e-06 -3.2666369649481996e-06 -2.7954922892506163e-06 4.5182705275267324e-06 2.9261403670407086e-06 -4.2706699605193709e-06 8.8572395372517562e-07 2.3445246480594662e-06 -3.4595622100922197e-06
leaf_weight=832 1041 591 531 518 526 607 588 709 527 606 636 593 856 527 594 625 520 515 652 533 530 526 527 673 548 572 677 595 603 852 518 755 587 587 968 654
leaf_count=832 1041 591 531 518 526 607 588 709 527 606 636 593 856 527 594 625 520 515 652 533 530 526 527 673 548 572 677 595 603 852 518 755 587 587 968 654
internal_value=-4.16587e-08 2.36533e-06 -2.22968e-07 -2.9183e-06 -4.38609e-08 3.05718e-06 -2.27876e-07 -8.47966e-08 -8.74772e-07 7.07784e-07 -4.93325e-07 4.17315e-08 -3.22472e-06 3.6633e-07 4.18031e-08 3.0211e-06 -4.59646e-07 -8.3366e-07 -4.87487e-07 -9.61244e-07 -1.63474e-07 -4.03999e-06 -8.27792e-07 4.56565e-07 1.10488e-07 -1.47123e-07 1.09772e-06 -2.19661e-06 -8.14671e-07 -3.02335e-07 1.57691e-07 6.31583e-07 6.45505e-08 -7.08079e-07 2.38509e-07 -1.40403e-06
internal_weight=23299 1632 21667 1350 20317 1138 19179 18653 9342 9311 8815 7371 1444 8705 7996 1152 6844 6250 5735 5083 4037 1046 3504 6778 6142 2977 1852 1125 1175 5469 4617 4069 3551 2796 2209 1241
internal_count=23299 1632 21667 1350 20317 1138 19179 18653 9342 9311 8815 7371 1444 8705 7996 1152 6844 6250 5735 5083 4037 1046 3504 6778 6142 2977 1852 1125 1175 5469 4617 4069 3551 2796 2209 1241
is_linear=0
shrinkage=0.0329122


Tree=173
num_leaves=35
num_cat=0
split_feature=30 31 22 0 38 1 0 11 48 0 47 44 4 45 12 31 12 39 45 19 45 1 9 47 11 2 11 17 17 18 42 7 31 29
split_gain=8.47154e-06 1.80685e-05 1.29787e-05 1.85222e-05 1.7311e-05 1.61468e-05 1.15305e-05 1.07575e-05 1.06903e-05 2.09184e-05 1.64542e-05 1.3079e-05 1.27847e-05 1.03955e-05 1.08653e-05 1.04808e-05 9.69624e-06 9.03803e-06 1.12585e-05 9.81567e-06 7.38835e-06 1.27889e-05 1.14784e-05 7.37149e-06 7.19661e-06 6.17116e-06 5.99228e-06 1.4498e-05 5.88361e-06 4.75198e-06 4.5729e-06 3.80456e-06 3.77834e-06 3.06458e-07
threshold=13.500000000000002 203.50000000000003 -0.82437590262017735 246.50000000000003 -0.0027797094730335199 715.11389457711425 28.500000000000004 -0.37353083727129527 80.401304561262592 206.50000000000003 -97.701149425298453 0.0016992365706894887 -0.43023902167871036 0.0012586537395243849 -0.25210143391961565 174.50000000000003 -0.45711484678988318 -0.0012143295308426614 -0.0013976247216470614 -0.069309498340459172 -0.0033528942250402589 59.432159462423748 -0.36061562029391908 -17.24137931035078 -0.60308313779071476 0.24547175531332158 -0.11639576204264278 -0.21287411134840992 -0.18340629191073707 -0.064575274916454484 0.001218769495855754 1.8206774068547233 90.500000000000014 8.5000000000000018
decision_type=2 2 8 10 8 10 10 10 2 10 8 10 8 8 10 2 10 8 10 10 10 10 8 10 10 2 10 10 8 8 8 8 2 2
left_child=1 16 5 4 -4 8 -3 17 9 10 -2 -10 24 14 15 29 -1 18 -6 23 -21 30 -23 31 -12 26 27 -9 -7 -14 -22 -19 -33 -34
right_child=2 6 3 -5 7 28 -8 25 11 -11 12 -13 13 -15 -16 -17 -18 19 -20 20 21 22 -24 -25 -26 -27 -28 -29 -30 -31 -32 32 33 -35
leaf_value=-1.457836856948717e-06 3.7002008891660378e-06 -1.7567521011652668e-06 5.9216315740664215e-06 6.5004530633412267e-06 -8.9833840485110942e-07 -2.1345559566065054e-06 -7.8654365564174095e-06 -4.7827443010429107e-07 -1.3751460069143409e-06 -7.1357256709687358e-06 4.1137710703531448e-06 4.6718989855044481e-06 -2.4736075441095253e-07 -6.0179566842603616e-06 -4.8765615088326374e-06 -3.4678833999524435e-06 3.8183177735135208e-06 -2.6382955987827471e-06 5.4988806204157445e-06 1.4948088979343432e-06 -2.1033919817728533e-06 -2.4263304399253479e-06 -8.6018700677912818e-06 4.0812937963524743e-06 -4.684396332824277e-07 4.6080107317128306e-06 -1.731590164094603e-06 6.1545069155199646e-06 -7.0911371928789136e-06 3.8079595144600381e-06 1.5264729222330253e-06 2.4134343128241029e-06 -1.2414700568670099e-06 -1.402341373439746e-07
leaf_weight=915 941 751 627 611 602 520 604 879 662 526 628 934 646 635 682 637 642 543 590 541 967 762 570 528 908 740 580 601 518 607 615 691 551 545
leaf_count=915 941 751 627 611 602 520 604 879 662 526 628 934 646 635 682 637 642 543 590 541 967 762 570 528 908 740 580 601 518 607 615 691 551 545
internal_value=-4.02863e-08 -1.70084e-06 1.96889e-07 9.23773e-07 6.12066e-07 -7.51799e-07 -4.47991e-06 2.88987e-07 -2.38953e-07 -8.56438e-07 -2.75309e-07 2.16352e-06 -1.06409e-06 -2.24667e-06 -1.31549e-06 -3.03732e-08 7.17541e-07 -3.60505e-07 2.26788e-06 -8.56824e-07 -2.03717e-06 -2.69298e-06 -5.06919e-06 5.70006e-07 1.40487e-06 2.02994e-06 1.10373e-06 2.21502e-06 -4.60829e-06 1.71701e-06 -6.92143e-07 -2.25587e-07 5.07414e-07 -6.94075e-07
internal_weight=23299 2912 20387 11543 10932 8844 1355 10305 7806 6210 5684 1596 4743 3207 2572 1890 1557 7505 1192 6313 3455 2914 1332 2858 1536 2800 2060 1480 1038 1253 1582 2330 1787 1096
internal_count=23299 2912 20387 11543 10932 8844 1355 10305 7806 6210 5684 1596 4743 3207 2572 1890 1557 7505 1192 6313 3455 2914 1332 2858 1536 2800 2060 1480 1038 1253 1582 2330 1787 1096
is_linear=0
shrinkage=0.0329122


Tree=174
num_leaves=35
num_cat=0
split_feature=20 29 47 45 18 44 22 48 42 1 15 31 41 9 20 42 0 42 47 24 4 10 44 8 42 20 1 0 48 1 40 1 1 48
split_gain=8.70056e-06 9.60966e-06 2.02974e-05 1.29997e-05 1.40014e-05 9.85154e-06 8.32928e-06 7.54834e-06 1.55642e-05 1.54705e-05 1.08207e-05 1.16109e-05 8.05599e-06 1.29439e-05 1.20969e-05 7.69827e-06 1.39964e-05 1.0244e-05 8.70814e-06 1.08907e-05 7.335e-06 8.12327e-06 6.93395e-06 6.76968e-06 1.08775e-05 7.96269e-06 5.13542e-06 8.24904e-06 4.85467e-06 4.3231e-06 4.19107e-06 3.58325e-06 3.39037e-06 8.00963e-07
threshold=31.708333333333336 22.500000000000004 48.611111111126625 -0.0037712145633829182 -0.043188195080018067 -0.0034453083269037062 -0.43867747151506031 86.494400238125152 0.0036596553964012295 235.38924304427633 0.014489147418219389 105.50000000000001 0.0015710928783704283 -0.6962794034746066 0.56487493987493997 -0.0012779557933451644 59.500000000000007 -0.0025396835634905464 47.619047618989143 -3750.9999999999641 -0.28813920622381484 -1.3016917293233077 0.0018709090272673869 -1.0000000180025095e-35 0.0012353309221869726 0.4418040189659066 47.803365053036153 33.500000000000007 35.62270741488161 78.422804511040013 -1.0000000180025095e-35 632.07622579695214 130.24389394036038 1.7861890291556268e-13
decision_type=10 2 8 8 8 8 10 2 10 10 10 2 10 8 10 8 10 10 8 10 10 10 10 8 10 8 10 10 2 10 10 8 10 2
left_child=1 3 -3 4 -1 -5 7 8 12 10 -9 -12 15 -14 -15 16 17 -7 19 -17 21 32 23 -20 25 -25 28 -28 -22 -19 -4 -27 -21 -33
right_child=-2 2 30 5 -6 6 -8 9 -10 -11 11 -13 13 14 -16 18 -18 29 22 20 26 -23 -24 24 -26 31 27 -29 -30 -31 -32 33 -34 -35
leaf_value=-1.3837510780425861e-07 4.0101006833886051e-06 -7.9144356220841093e-06 -2.0951442443091734e-06 -4.1774213257458881e-06 7.5027314938857203e-06 3.6388283541852939e-06 3.6470020031742535e-06 -3.1057893596362903e-06 -5.0089751480909331e-06 5.2838880727912739e-06 5.5369955245034738e-06 -7.1387160042719234e-07 1.4710509553620702e-06 -7.1616878680629066e-06 -8.4748436326437514e-07 5.5099750217699958e-06 -5.9130541340394862e-06 2.4181244967342736e-07 -3.5092489443975819e-06 2.5602950373030023e-06 -7.5483601611456317e-07 -5.6546753516893543e-07 -3.9675013436151696e-06 -3.9729189812948376e-06 4.3455712520338075e-06 1.8882219801122963e-06 4.4836553830766005e-07 -4.3209731696315912e-06 3.2431980633725225e-06 -3.574619984297711e-06 1.662570590487668e-06 1.1410363910658986e-07 5.8717298023944568e-06 -1.4931371313508187e-06
leaf_weight=524 561 522 644 630 515 551 657 795 759 808 529 822 711 665 650 615 598 624 539 959 627 711 563 549 637 1028 1007 644 692 663 642 668 515 675
leaf_count=524 561 522 644 630 515 551 657 795 759 808 529 822 711 665 650 615 598 624 539 959 627 711 563 549 637 1028 1007 644 692 663 642 668 515 675
internal_value=-3.89624e-08 -1.38872e-07 -2.44095e-06 5.99775e-08 3.64886e-06 -1.27475e-07 4.98082e-09 -1.23625e-07 -4.11659e-07 1.40227e-06 -5.91027e-08 1.73356e-06 -1.77317e-07 -2.10635e-06 -4.04077e-06 1.26453e-07 -1.53935e-06 -1.1623e-07 5.15573e-07 1.37017e-06 8.76241e-07 2.32367e-06 -5.42766e-07 -7.19761e-08 4.48817e-07 -4.01184e-07 -1.8854e-07 -1.41186e-06 1.34252e-06 -1.72405e-06 -2.19031e-07 4.25747e-07 3.71743e-06 -6.93535e-07
internal_weight=23299 22738 1808 20930 1039 19891 19261 18604 15650 2954 2146 1351 14891 2026 1315 12865 2436 1838 10429 5770 5155 2185 4659 4096 3557 2920 2970 1651 1319 1287 1286 2371 1474 1343
internal_count=23299 22738 1808 20930 1039 19891 19261 18604 15650 2954 2146 1351 14891 2026 1315 12865 2436 1838 10429 5770 5155 2185 4659 4096 3557 2920 2970 1651 1319 1287 1286 2371 1474 1343
is_linear=0
shrinkage=0.0329122


Tree=175
num_leaves=36
num_cat=0
split_feature=31 37 31 15 40 42 1 4 31 45 18 55 42 16 43 13 16 21 15 38 26 22 55 37 55 15 31 48 44 7 20 16 31 13 29
split_gain=1.07745e-05 2.13326e-05 2.11906e-05 1.53301e-05 1.28201e-05 1.71821e-05 1.2219e-05 1.76469e-05 1.04943e-05 1.74102e-05 1.78854e-05 1.37659e-05 1.09472e-05 8.95071e-06 7.10443e-06 5.54163e-06 9.06685e-06 8.89674e-06 8.57093e-06 6.78975e-06 5.91248e-06 6.54532e-06 1.18738e-05 6.03991e-06 8.5855e-06 5.76614e-06 1.01159e-05 5.43882e-06 5.43039e-06 1.72626e-05 5.46323e-06 5.12046e-06 4.78313e-06 3.84309e-06 1.58069e-06
threshold=33.500000000000007 -0.0016764471125201295 40.500000000000007 0.12544579487374766 0.0038498591966800171 0.0037453183520600457 156.46026584001021 -0.84338393993342398 60.500000000000007 -0.0034364261168385308 -0.32562866596528456 7579.5000000000009 0.0031771267065384694 0.079066444391521801 -0.0031529173183468813 -0.094264096584752113 0.46522556390977449 -0.63934443631262983 0.051987532700400303 -0.0010712375863818344 -0.0047110957124372162 -0.94548991864166954 8942.5000000000018 -0.0010735376147296691 12798.500000000002 0.091127422157762025 171.50000000000003 44.119182588517091 0.001046572761725262 0.33846900920200457 0.4418040189659066 0.51987224416974642 176.50000000000003 -0.010924952430178771 7.5000000000000009
decision_type=2 8 2 8 10 10 10 10 2 8 10 2 10 8 8 10 8 2 10 10 8 10 2 8 2 10 2 2 8 8 8 8 2 10 2
left_child=1 -1 -2 -3 5 8 7 -5 11 10 -10 -4 13 -11 -15 16 -16 -17 33 -20 21 -18 -23 24 -22 -21 -27 -24 29 -25 -30 -32 -31 -19 -33
right_child=2 3 4 6 -6 -7 -8 -9 9 12 -12 -13 -14 14 15 17 20 18 19 25 23 22 27 28 -26 26 -28 -29 30 32 31 34 -34 -35 -36
leaf_value=-7.9509752510743677e-06 6.2568707799495241e-06 -5.1582245824899328e-06 -6.2920193661400842e-06 -4.3631189671074238e-06 5.1172733914950516e-06 -5.5451464389705072e-06 4.7777526647455233e-06 3.5886892594120372e-06 8.7858849438721129e-06 -3.3786899680634694e-06 1.1568992971493506e-07 1.829071158019656e-08 4.6136818662834702e-06 -3.6243717243394632e-06 -3.3900810671958764e-06 5.0492036577403524e-06 -1.7746809759030327e-06 4.1119930239313063e-06 2.0217790676106318e-06 -4.2393294911264541e-06 -1.2253462702601516e-06 5.9416234941486415e-06 -2.0918640087836305e-06 -6.2974216591953859e-06 4.6686530501998646e-06 2.6408744004524307e-06 -2.9784368576191429e-06 2.3588000762102925e-06 2.8203254791613917e-06 -1.7947629177995953e-06 -3.4392420325367305e-06 -8.1504389605558783e-07 1.973082531487501e-06 5.2577383386135295e-07 1.306305361675816e-06
leaf_weight=521 611 604 625 709 523 609 592 527 516 862 515 934 548 542 901 554 527 850 858 581 527 657 521 733 544 655 738 693 594 821 563 769 657 523 753
leaf_count=521 611 604 625 709 523 609 592 527 516 862 515 934 548 542 901 554 527 850 858 581 527 657 521 733 544 655 738 693 594 821 563 769 657 523 753
internal_value=-4.96017e-08 -1.90715e-06 2.20547e-07 -6.12303e-07 3.32513e-08 -1.0544e-07 8.89616e-07 -9.72478e-07 7.30283e-08 3.10017e-07 4.45521e-06 -2.51135e-06 4.24113e-08 -1.19997e-07 7.28992e-08 2.15859e-07 -2.53225e-07 1.12864e-06 6.12063e-07 -4.22475e-07 8.48634e-08 1.46495e-06 2.37757e-06 -4.70281e-07 1.76822e-06 -1.48499e-06 -3.36027e-07 4.48566e-07 -9.606e-07 -2.16789e-06 3.56964e-08 -7.57513e-07 -1.19727e-07 2.74611e-06 2.3433e-07
internal_weight=23257 2953 20304 2432 19693 19170 1828 1236 18561 17002 1031 1559 15971 15423 14561 14019 9260 4759 4205 2832 8359 2398 1871 5961 1071 1974 1393 1214 4890 2211 2679 2085 1478 1373 1522
internal_count=23257 2953 20304 2432 19693 19170 1828 1236 18561 17002 1031 1559 15971 15423 14561 14019 9260 4759 4205 2832 8359 2398 1871 5961 1071 1974 1393 1214 4890 2211 2679 2085 1478 1373 1522
is_linear=0
shrinkage=0.0329122


Tree=176
num_leaves=34
num_cat=0
split_feature=31 37 31 31 27 1 31 17 45 18 31 13 12 49 38 39 17 42 45 44 27 7 29 2 29 20 31 27 3 15 27 17 0
split_gain=1.0077e-05 1.99515e-05 1.98187e-05 1.47876e-05 1.6909e-05 1.57856e-05 8.11427e-06 1.84703e-05 1.3941e-05 2.52798e-05 1.03129e-05 1.19845e-05 1.20777e-05 7.95576e-06 1.10337e-05 5.48625e-06 6.03744e-06 1.13231e-05 7.97269e-06 1.09095e-05 7.89786e-06 9.49952e-06 7.85188e-06 7.03411e-06 6.77387e-06 6.71754e-06 6.0223e-06 8.1914e-06 6.43198e-06 5.3234e-06 4.89115e-06 4.84233e-06 2.74619e-06
threshold=33.500000000000007 -0.0016764471125201295 40.500000000000007 16.500000000000004 -481.85334973876655 80.735343420065519 56.500000000000007 -0.38600192154009366 -0.0034364261168385308 -0.36835156086810456 83.500000000000014 -0.23309336817324691 -0.57312499999999988 3.5659581560506628 -0.0020191827457216034 0.0033698423243111457 -0.4681530905904942 0.0031771267065384694 0.0012586537395243849 0.001046572761725262 10.609739797002348 0.44105023620232747 18.500000000000004 -0.039592551741210721 15.500000000000002 0.41138804457953398 176.50000000000003 -135.26870984998843 -0.1473207193896523 0.27827135138108605 -6.8542214935135517 -0.11254413868679795 47.500000000000007
decision_type=2 8 2 2 10 10 2 10 8 10 2 8 10 8 8 10 8 10 8 8 10 10 2 2 2 8 2 10 2 8 8 8 8
left_child=1 -1 -2 4 -3 -5 7 -4 9 -8 11 -10 -13 -12 -15 16 -16 18 20 -20 22 -22 26 -23 25 -21 27 -18 -28 -24 -30 -29 -27
right_child=2 3 6 5 -6 -7 8 -9 10 -11 13 12 -14 14 15 -17 17 -19 19 24 21 23 29 -25 -26 32 28 31 30 -31 -32 -33 -34
leaf_value=-7.689291580876894e-06 6.0509437417913881e-06 -1.5782353636975823e-06 2.1901842428237616e-06 1.087601911629947e-07 6.2263665352429456e-06 -7.4504480080809327e-06 9.1204210025355227e-06 -5.5102582545654597e-06 5.6440813919528551e-06 -8.4149565899564978e-07 3.2025497182531104e-06 2.9098567082711174e-06 -3.1087610339473511e-06 -4.5706067344587556e-06 -3.1348481904203775e-06 -3.0833371058114758e-06 -4.3850629712894686e-06 4.7020567474420929e-06 -4.4656809073758079e-06 3.8760420964479975e-06 -3.8924605759226377e-06 -2.1906604856421477e-06 5.6989961922042397e-06 2.129043520121967e-06 -2.5978497893747575e-06 -2.3053615165380367e-06 -6.6909241597147097e-07 -9.2823471478867163e-07 1.3412984089216586e-06 1.2572298900427809e-06 5.3596085269324631e-06 2.9538882495035228e-06 7.3209736855316919e-07
leaf_weight=521 611 659 568 694 553 526 516 831 701 593 663 875 615 682 684 717 515 540 949 537 862 693 598 994 991 536 777 1010 751 572 583 531 809
leaf_count=521 611 659 568 694 553 526 516 831 701 593 663 875 615 682 684 717 515 540 949 537 862 693 598 994 991 536 777 1010 751 572 583 531 809
internal_value=-4.79682e-08 -1.84438e-06 2.13289e-07 -5.92148e-07 1.98259e-06 -3.15019e-06 3.21573e-08 -2.38368e-06 2.16917e-07 3.79342e-06 -1.38726e-08 2.09527e-06 4.25509e-07 -3.22087e-07 -4.85164e-07 -2.8101e-07 -1.2562e-07 4.24139e-08 -1.7248e-07 -1.40617e-06 4.25406e-07 -1.08166e-06 1.14524e-06 3.54424e-07 -3.9548e-07 7.64095e-07 4.76252e-07 -7.91493e-07 1.71108e-06 3.52766e-06 3.0976e-06 4.09324e-07 -4.78199e-07
internal_weight=23257 2953 20304 2432 1212 1220 19693 1399 18294 1109 17185 2191 1490 14994 14331 13649 12932 12248 11708 3822 7886 2549 5337 1687 2873 1882 4167 2056 2111 1170 1334 1541 1345
internal_count=23257 2953 20304 2432 1212 1220 19693 1399 18294 1109 17185 2191 1490 14994 14331 13649 12932 12248 11708 3822 7886 2549 5337 1687 2873 1882 4167 2056 2111 1170 1334 1541 1345
is_linear=0
shrinkage=0.0329122


Tree=177
num_leaves=32
num_cat=0
split_feature=47 43 45 23 0 23 16 38 12 43 38 0 39 13 3 3 18 48 27 23 16 17 11 9 17 42 12 7 48 0 48
split_gain=9.62497e-06 2.84987e-05 2.79718e-05 1.06821e-05 1.04825e-05 1.80583e-05 1.43501e-05 1.21381e-05 9.90805e-06 8.8823e-06 8.47458e-06 9.20724e-06 7.98956e-06 1.07234e-05 7.74685e-06 8.27574e-06 9.43233e-06 1.0238e-05 7.34664e-06 6.09849e-06 7.58036e-06 1.25056e-05 6.12695e-06 7.46997e-06 6.54342e-06 7.49611e-06 6.03776e-06 5.19406e-06 3.9691e-06 5.50501e-06 1.03794e-06
threshold=96.491228070176291 0.0033984731413787554 0.0038143689923081374 -1.0000000180025095e-35 87.500000000000014 0.099999999999996106 0.062147113065683081 -0.0031331601232976176 -0.61825121443442044 0.0015540024921998354 -0.0020050130350972579 72.500000000000014 -0.0016116045919692399 -0.10612289542622282 0.51081087558245653 0.15184389377092158 0.01100355667052412 38.189942055891855 -9.403583913584507 -0.099999999999999631 0.47924498746867178 -0.14535064710657966 -0.46371380442662796 -0.50595472518470663 -0.29857991649449467 -0.0012277475467659669 -0.40636927480916024 0.61358073673680646 65.5650641986051 4.5000000000000009 7.9624618040758095e-13
decision_type=10 10 10 10 10 10 8 8 10 10 8 10 8 8 2 2 8 2 8 8 8 10 8 8 10 10 10 8 2 10 2
left_child=2 3 4 -2 6 8 -1 -8 -6 -5 -9 12 13 -12 15 19 -17 -18 -10 -14 21 27 24 -24 -22 -26 28 -21 29 30 -25
right_child=1 -3 -4 9 5 -7 7 10 18 -11 11 -13 14 -15 -16 16 17 -19 -20 20 22 -23 23 26 25 -27 -28 -29 -30 -31 -32
leaf_value=-4.870195348473389e-06 -2.8189016350809343e-06 6.5986761354977136e-06 -6.1928818062428832e-06 4.2820720218478631e-06 2.1845777622332354e-06 -6.5427018474787994e-06 4.0100334146253085e-06 -3.8504633909863802e-06 8.5875246507561874e-07 -1.421664542305773e-06 -7.222376833891686e-07 4.563698437163226e-06 3.1979219480052659e-06 4.9079728742912895e-06 3.1852239970115045e-06 -4.7285524891286658e-06 3.1778226604767024e-06 -2.7573129920762791e-06 -4.098946556280078e-06 -5.0558776153098404e-06 4.6928586570132839e-06 2.3418088267917037e-06 -3.0582120918207691e-06 -7.3284116634760351e-07 3.6888855101021421e-06 -1.0966135453227709e-06 3.1758059350020331e-06 -9.1585929695313127e-07 1.8334598358443864e-06 -3.5295171194911298e-06 9.4081934368230137e-07
leaf_weight=567 1022 899 839 669 924 684 978 533 521 530 644 547 660 850 744 883 534 767 855 888 636 546 833 818 570 938 687 521 746 636 788
leaf_count=567 1022 899 839 669 924 684 978 533 521 530 644 547 660 850 744 883 534 767 855 888 636 546 833 818 570 938 687 521 746 636 788
internal_value=-4.63891e-08 1.65458e-06 -3.09946e-07 -3.46553e-07 -5.41679e-08 -1.84773e-06 2.73879e-07 4.59115e-07 -4.51383e-07 1.76063e-06 2.23959e-07 3.76522e-07 2.0919e-07 2.48087e-06 -6.90938e-08 -2.80555e-07 -2.10312e-06 -3.2104e-07 -2.22163e-06 1.48953e-07 -8.48203e-08 -1.88652e-06 4.4466e-07 -2.44142e-07 1.89305e-06 7.12077e-07 3.93651e-07 -3.5252e-06 -2.45944e-07 -9.37944e-07 8.82147e-08
internal_weight=23257 3120 20137 2221 19298 2984 16314 15747 2300 1199 14769 14236 13689 1494 12195 11451 2184 1301 1376 9267 8607 1955 6652 4508 2144 1508 3675 1409 2988 2242 1606
internal_count=23257 3120 20137 2221 19298 2984 16314 15747 2300 1199 14769 14236 13689 1494 12195 11451 2184 1301 1376 9267 8607 1955 6652 4508 2144 1508 3675 1409 2988 2242 1606
is_linear=0
shrinkage=0.0329122


Tree=178
num_leaves=35
num_cat=0
split_feature=31 31 37 31 27 1 40 42 31 45 18 15 42 16 43 38 39 4 43 27 4 47 15 17 18 27 21 26 31 27 26 16 20 19
split_gain=9.35893e-06 1.84971e-05 1.84714e-05 1.37713e-05 1.58331e-05 1.47156e-05 1.17418e-05 1.62229e-05 9.34493e-06 1.51221e-05 1.53378e-05 9.98584e-06 9.86747e-06 7.90962e-06 6.60343e-06 5.33743e-06 6.08654e-06 1.29402e-05 9.83645e-06 5.1688e-06 5.04722e-06 8.96888e-06 5.09055e-06 9.19268e-06 4.91436e-06 4.86766e-06 1.09715e-05 7.51095e-06 7.16767e-06 7.39833e-06 7.96208e-06 8.28548e-06 7.29615e-06 8.34044e-07
threshold=33.500000000000007 40.500000000000007 -0.0016764471125201295 16.500000000000004 -481.85334973876655 80.735343420065519 0.0038498591966800171 0.0037453183520600457 60.500000000000007 -0.0034364261168385308 -0.32562866596528456 0.061561554609702841 0.0031771267065384694 0.079066444391521801 -0.0031529173183468813 0.0020171462517495358 -0.0013995808113455019 -0.40759489967592472 -0.0013559328266281032 723.98887927626822 -0.14575123831728373 41.666666666672967 0.17251716531576747 -0.18915042878943308 0.013753104082541068 -21.95941085401677 -0.25977246327431142 -0.0050802436857981378 117.50000000000001 1.0000000180025095e-35 -0.0077641846903023556 0.50293455156879552 1.2756861365235752 -2.4144336958346453
decision_type=2 2 8 2 10 10 10 10 2 8 10 10 10 8 8 10 8 10 10 10 10 10 10 10 8 8 2 8 2 10 10 8 8 10
left_child=2 -2 -1 4 -4 -5 7 8 11 10 -10 -3 13 -11 -15 16 17 -16 -19 20 22 24 25 -24 -22 26 -18 -28 32 30 31 -30 -27 -33
right_child=1 6 3 5 -6 -7 -8 -9 9 12 -12 -13 -14 14 15 -17 19 18 -20 -21 21 -23 23 -25 -26 28 27 -29 29 -31 -32 33 -34 -35
leaf_value=-7.4000247377141967e-06 5.8465691011225865e-06 -9.7071672721601435e-08 -1.5321798677771269e-06 1.0677507611098273e-07 6.0200288894887999e-06 -7.1917185644481178e-06 4.8974444777246784e-06 -5.3864893635028967e-06 8.1698608601582751e-06 -3.1706680733410982e-06 1.4082424831132862e-07 -5.4242572135252108e-06 4.3868281034344382e-06 -3.4905389181316207e-06 5.6132132878673883e-06 3.0172796207063946e-06 2.0325730924770706e-06 2.8123672493314487e-06 -3.5500385623222298e-06 -2.5693195197586377e-06 -1.6509404411622996e-06 5.2165478522793043e-06 4.8534096583552694e-06 -1.0362839284901442e-06 2.0263667311386092e-06 3.4022494488016621e-06 -1.0094951089684455e-06 -5.7816397640157248e-06 -4.3652228540002323e-06 -3.567752758043177e-06 2.2381096287535641e-06 -5.4592928714109247e-07 -1.3470558415567179e-06 1.0870291731243427e-06
leaf_weight=521 611 895 659 694 553 526 523 609 516 862 515 664 548 542 637 698 517 533 520 921 775 516 533 622 800 1001 669 767 659 880 1017 853 539 562
leaf_count=521 611 895 659 694 553 526 523 609 516 862 515 664 548 542 637 698 517 533 520 921 775 516 533 622 800 1001 669 767 659 880 1017 853 539 562
internal_value=-4.4862e-08 2.06915e-07 -1.77609e-06 -5.71194e-07 1.91348e-06 -3.03977e-06 3.1926e-08 -1.00804e-07 7.26107e-08 2.96246e-07 4.15946e-06 -2.36614e-06 4.68436e-08 -1.07347e-07 7.39835e-08 2.11811e-07 6.47913e-08 1.91041e-06 -3.29344e-07 -2.0336e-07 7.83779e-11 1.45067e-06 -3.51814e-07 1.68145e-06 2.16753e-07 -6.66477e-07 -2.07836e-06 -3.55856e-06 -1.66091e-07 -9.05292e-07 -1.47222e-07 -1.317e-06 1.73984e-06 1.02476e-07
internal_weight=23257 20304 2953 2432 1212 1220 19693 19170 18561 17002 1031 1559 15971 15423 14561 14019 13321 1690 1053 11631 10710 2091 8619 1155 1575 7464 1953 1436 5511 3971 3091 2074 1540 1415
internal_count=23257 20304 2953 2432 1212 1220 19693 19170 18561 17002 1031 1559 15971 15423 14561 14019 13321 1690 1053 11631 10710 2091 8619 1155 1575 7464 1953 1436 5511 3971 3091 2074 1540 1415
is_linear=0
shrinkage=0.0329122


Tree=179
num_leaves=35
num_cat=0
split_feature=36 4 26 6 24 39 39 28 24 43 45 18 27 27 4 36 55 0 10 38 22 10 1 31 13 19 1 31 8 39 43 31 55 10
split_gain=8.93126e-06 1.00315e-05 1.09328e-05 1.76132e-05 9.29968e-06 1.87725e-05 1.54645e-05 1.1993e-05 9.84072e-06 1.67043e-05 1.2279e-05 1.21889e-05 6.97582e-06 5.40288e-06 9.06756e-06 7.73429e-06 7.10113e-06 8.48862e-06 5.89773e-06 6.20416e-06 5.76329e-06 7.7862e-06 6.60496e-06 1.7375e-05 5.60844e-06 8.48327e-06 4.27689e-06 3.99965e-06 4.55088e-06 5.34035e-06 4.24964e-06 7.2508e-06 9.5023e-06 2.05241e-06
threshold=0.0036585420263861583 -0.0045862258937228511 0.0037344090578806241 -18.749999999999996 2000.999999999993 -0.0030030030030029349 -0.0031620573119763291 0.99850249550848369 -5000.2499999999991 0.0014035094631009717 0.0033585246179008714 -0.19938283460488151 25.748948719208773 2.2949966041329071 -0.41275119081680683 -0.0015936265098183131 50948.000000000007 9.5000000000000018 -0.86654135338345872 -0.0013486182800979127 -0.77490458015267161 -1.3749999999999993 143.44545399582753 123.50000000000001 -0.14492750391262582 -0.12838642961020949 46.598696375750364 33.500000000000007 -1.0000000180025095e-35 0.0020387381021654831 -0.0010735376147296691 164.50000000000003 21390.500000000004 -1.459586466165413
decision_type=10 10 10 10 10 10 8 10 8 8 10 10 10 10 10 8 2 10 8 8 10 10 10 2 10 10 10 2 8 8 10 2 2 10
left_child=1 2 4 -4 6 -6 -1 8 9 -8 13 -12 -7 15 -15 -10 17 -16 19 -17 22 26 27 -24 -19 -26 -22 -21 -29 30 -30 32 -32 -31
right_child=-2 -3 3 -5 5 12 7 -9 10 -11 11 -13 -14 14 16 18 -18 24 -20 20 21 -23 23 -25 25 -27 -28 28 29 33 31 -33 -34 -35
leaf_value=-5.3775759794405022e-06 -3.8682821022595897e-06 3.2499299466103893e-06 -6.7522942432115186e-06 3.5798392382040681e-07 7.6608200586181758e-06 2.5462229882086871e-06 3.1889405188995311e-07 4.1982175537425247e-06 3.7761795535839672e-06 -7.3312925488460234e-06 4.8500953825905263e-07 6.9142814855782657e-06 -2.6180943059659072e-06 -4.3727919056021079e-06 1.897038467885886e-06 3.5698269074168804e-06 2.9175822527797699e-06 -1.8540743601928565e-07 -3.281019828678525e-06 -2.7834199108808265e-06 -1.3646920932532161e-06 6.5546932562343639e-07 7.2371325580390731e-06 -4.2571635213859442e-07 -6.6962326748552755e-06 -9.3076995440955007e-07 -5.5550987785396379e-06 -2.4890040750638717e-06 -1.039138685435279e-06 -6.0888599257829335e-09 6.8772837410633805e-06 1.033554149267342e-07 9.3959446163556058e-07 -2.4576497487525376e-06
leaf_weight=581 643 1023 673 859 520 601 738 734 630 532 764 549 536 777 726 560 571 800 555 528 519 912 519 838 551 555 537 587 578 981 583 1018 585 594
leaf_count=581 643 1023 673 859 520 601 738 734 630 532 764 549 536 777 726 560 571 800 555 528 519 912 519 838 551 555 537 587 578 981 583 1018 585 594
internal_value=-4.33855e-08 6.53604e-08 -8.55167e-08 -2.76538e-06 1.19145e-07 2.48075e-06 -9.34921e-08 7.87667e-08 -9.81776e-08 -2.88557e-06 1.25617e-07 3.17343e-06 1.1148e-07 -1.50276e-07 -1.18322e-06 2.40345e-07 -4.09409e-07 -1.13127e-06 1.51782e-08 2.1109e-07 -3.13322e-09 -1.57194e-06 4.50131e-07 2.50486e-06 -2.28488e-06 -3.80328e-06 -3.49583e-06 -6.10605e-08 2.30693e-07 5.98679e-07 1.47031e-06 2.13394e-06 3.90355e-06 -9.30823e-07
internal_weight=23257 22614 21591 1532 20059 1657 18402 17821 17087 1270 15817 1313 1137 14504 3980 10524 3203 2632 9894 9339 8779 1968 6811 1357 1906 1106 1056 5454 4926 4339 2764 2186 1168 1575
internal_count=23257 22614 21591 1532 20059 1657 18402 17821 17087 1270 15817 1313 1137 14504 3980 10524 3203 2632 9894 9339 8779 1968 6811 1357 1906 1106 1056 5454 4926 4339 2764 2186 1168 1575
is_linear=0
shrinkage=0.0329122


Tree=180
num_leaves=34
num_cat=0
split_feature=26 24 1 11 39 0 1 37 24 1 37 19 40 18 36 16 4 9 3 31 13 1 30 41 3 42 18 9 4 4 12 40 48
split_gain=1.05417e-05 1.6239e-05 4.15197e-05 1.25897e-05 1.06632e-05 2.34023e-05 1.11153e-05 3.33381e-05 2.02982e-05 1.67151e-05 1.18244e-05 1.25005e-05 9.65656e-06 1.51874e-05 8.70621e-06 9.87174e-06 7.91638e-06 7.19344e-06 1.15436e-05 6.42156e-06 5.63556e-06 6.55974e-06 5.02206e-06 6.18926e-06 5.97268e-06 6.15114e-06 5.82611e-06 4.61955e-06 4.26575e-06 4.65595e-06 3.68824e-06 1.86374e-06 8.68975e-07
threshold=0.0057050714651917635 1999.9999999999579 239.56293357400352 -0.60873713906405569 -0.0020130855627217277 15.500000000000002 160.92597525895732 0.0037059927665613617 -1999.9999999999925 259.95117877887077 -0.0012202567080615843 -0.27465209702032917 0.0021762811404755227 -0.14675611378952072 0.0015987220447284403 0.51900359527478179 -0.22669026652233695 -0.65262695767480194 0.085628635695612604 26.500000000000004 -0.46554313586058338 129.50153074195876 16.500000000000004 0.0015071598611642314 -0.1718569986037207 0.0012353309221869726 -0.34876427309246494 -0.87691570881226044 -0.31782276703431728 -0.72411573681284913 -0.35019849083949012 0.0017969466437621764 7.9624618040758095e-13
decision_type=10 10 8 10 8 10 10 8 8 10 8 8 10 8 10 10 10 10 2 2 8 10 2 10 2 10 10 10 10 10 10 8 2
left_child=1 4 -3 -4 5 -1 8 9 -6 -8 16 -12 19 -14 15 17 -10 27 -19 -13 -21 22 23 24 26 28 -22 -11 29 31 -30 -26 -33
right_child=-2 2 3 -5 6 -7 7 -9 10 14 11 12 13 -15 -16 -17 -18 18 -20 20 21 -23 -24 -25 25 -27 -28 -29 30 -31 -32 32 -34
leaf_value=2.7475758269222752e-06 -3.6653246728267207e-06 9.2010061825258459e-06 -4.3956472240497624e-06 2.2406850293047665e-06 -5.7123792385160667e-06 -6.0444489021447256e-06 5.7999545267746937e-06 8.9157796200357334e-06 4.9576035290882534e-06 1.6007762873240662e-06 -4.6354154581737803e-06 -3.1712747536045349e-06 6.7741081651382205e-06 -1.0136096995798602e-06 -3.928284074532836e-06 -2.347585989330752e-06 3.4577543143575622e-07 5.3215243748193378e-06 -4.7625921636594149e-07 -2.7805002487737883e-06 -4.6008351145677422e-09 3.6784628703047652e-06 2.3044848501490981e-06 -3.0077212495695516e-06 1.6501091691926411e-06 3.5170081151458564e-06 -4.4346832340880135e-06 -2.7840654471058752e-06 4.8998739153670961e-08 -3.1778684253534984e-06 3.5597829533963645e-06 3.2051883636238899e-07 -1.3755954712729506e-06
leaf_weight=522 762 754 534 737 711 882 579 581 801 518 700 843 538 547 575 996 812 906 631 810 707 519 807 885 559 635 590 523 768 648 561 592 731
leaf_count=522 762 754 534 737 711 882 579 581 801 518 700 843 538 547 575 996 812 906 631 810 707 519 807 885 559 635 590 523 768 648 561 592 731
internal_value=1.41818e-07 2.70752e-07 3.08231e-06 -5.47334e-07 -7.27578e-09 -2.77546e-06 1.96483e-07 1.47579e-06 -2.9695e-07 5.61479e-07 -1.95254e-09 -3.7393e-07 -9.61578e-08 2.84774e-06 -1.69504e-07 4.35161e-07 2.63611e-06 1.51035e-06 2.94115e-06 -4.27008e-07 -1.64452e-07 1.00329e-07 -1.4781e-07 -4.4428e-07 -5.24866e-08 5.15302e-07 -2.02e-06 -6.01955e-07 2.13105e-08 -7.71712e-07 1.53115e-06 5.66408e-08 -6.16466e-07
internal_weight=23264 22502 2025 1271 20477 1404 19073 5309 13764 4728 13053 11440 10740 1085 4149 3574 1613 2578 1537 9655 8812 8002 7483 6676 5791 4494 1297 1041 3859 2530 1329 1882 1323
internal_count=23264 22502 2025 1271 20477 1404 19073 5309 13764 4728 13053 11440 10740 1085 4149 3574 1613 2578 1537 9655 8812 8002 7483 6676 5791 4494 1297 1041 3859 2530 1329 1882 1323
is_linear=0
shrinkage=0.0329122


Tree=181
num_leaves=35
num_cat=0
split_feature=26 24 1 10 19 38 48 36 7 30 20 45 37 26 22 40 26 4 4 17 7 12 4 27 24 0 1 25 20 29 1 48 11 48
split_gain=9.85918e-06 1.51877e-05 3.88317e-05 1.23814e-05 8.05499e-06 8.5262e-06 2.83779e-05 1.14412e-05 1.13495e-05 7.51592e-06 1.87883e-05 1.32336e-05 1.12778e-05 8.88984e-06 7.84822e-06 1.02164e-05 7.24976e-06 7.65599e-06 1.09005e-05 6.78822e-06 7.23678e-06 6.75057e-06 9.3453e-06 8.85007e-06 8.69498e-06 1.0229e-05 6.6445e-06 6.40645e-06 6.11233e-06 6.44846e-06 3.91829e-06 3.58453e-06 2.22542e-06 1.22948e-06
threshold=0.0057050714651917635 1999.9999999999579 239.56293357400352 -1.3919172932330823 2.7346372551741926 -0.0020191827457216034 33.125265789228209 -0.0015936265098183131 0.34584575007696045 16.500000000000004 0.31516330621388994 0.0031620573119763855 0.0030911974926423062 -0.0056357372900783442 -0.92373682297346404 0.0031906410125894795 -0.0022021085580976522 -0.14575123831728373 -0.39318627307568527 -0.45372816716714376 0.93258013617552871 -0.42242298411985851 -0.020559474386664212 -6.3758787430488946 -500.99999999998926 4.5000000000000009 113.59997602052051 -0.98730978877353526 2.4214638157894748 15.500000000000002 78.367588372640057 59.414999597378696 -0.36249037047412275 35.916237990963616
decision_type=10 10 10 10 10 8 2 8 10 2 10 8 10 10 8 10 10 10 8 8 10 8 8 10 8 8 10 10 10 2 10 2 8 2
left_child=1 4 -3 -4 5 6 -1 8 -7 12 11 -11 14 -12 16 19 17 18 -9 -16 21 22 23 31 -23 -26 -25 32 29 -29 -22 -21 -27 -34
right_child=-2 2 3 -5 -6 7 -8 9 -10 10 13 -13 -14 -15 15 -17 -18 -19 -20 20 30 24 -24 26 25 27 -28 28 -30 -31 -32 -33 33 -35
leaf_value=-8.0868014930326671e-06 -3.5446909317726431e-06 8.8981813267124123e-06 -4.1147106367574971e-06 2.4136699422784006e-06 3.1451607923927205e-06 6.4269824418985103e-06 2.5989257960569954e-06 1.4955054466599466e-06 -2.6400347721139671e-07 -5.2804820699970075e-06 7.677068301569942e-06 2.1377435096719238e-06 -3.8265738913520804e-06 1.9088712340313806e-06 -3.9423224991577827e-06 -5.095232408416186e-06 3.6627626874493935e-06 2.9616592967732527e-06 -4.3681542905330124e-06 -1.6637985608994985e-06 -4.1796828820787575e-06 -4.5233505025236459e-06 -2.5637325466360538e-06 2.175470921431701e-06 2.850701197824538e-06 2.068624209243627e-06 6.7151447933554333e-06 1.5230817368442539e-06 -5.4140768610491451e-06 -3.5645156128797401e-06 -4.9356760879035103e-07 1.7807496897089701e-06 3.417242711091457e-07 -1.445324309609946e-06
leaf_weight=564 762 754 573 698 842 583 515 737 519 526 520 516 997 653 552 524 949 714 643 656 696 546 571 1021 986 537 531 527 524 553 567 653 1073 682
leaf_count=564 762 754 573 698 842 583 515 737 519 526 520 516 997 653 552 524 949 714 643 656 696 546 571 1021 986 537 531 527 524 553 567 653 1073 682
internal_value=1.3715e-07 2.61841e-07 2.98086e-06 -5.29315e-07 -7.03596e-09 -1.42222e-07 -2.98636e-06 2.31474e-08 3.27558e-06 -1.82189e-07 1.60918e-06 -1.60675e-06 -4.42582e-07 4.46615e-06 -2.05672e-07 -6.08419e-07 1.27646e-06 1.94885e-07 -1.23645e-06 -3.88155e-07 -1.94326e-07 1.37895e-07 1.28041e-06 2.04771e-06 -5.84453e-07 -1.43882e-07 3.72882e-06 -9.0181e-07 -2.49719e-06 -1.08174e-06 -2.52505e-06 5.43537e-08 2.14577e-07 -3.526e-07
internal_weight=23264 22502 2025 1271 20477 19635 1079 18556 1102 17454 2215 1042 15239 1173 14242 11199 3043 2094 1380 10675 10123 8860 3432 2861 5428 4882 1552 3896 1604 1080 1263 1309 2292 1755
internal_count=23264 22502 2025 1271 20477 19635 1079 18556 1102 17454 2215 1042 15239 1173 14242 11199 3043 2094 1380 10675 10123 8860 3432 2861 5428 4882 1552 3896 1604 1080 1263 1309 2292 1755
is_linear=0
shrinkage=0.0329122


Tree=182
num_leaves=34
num_cat=0
split_feature=26 24 1 10 39 0 1 37 24 1 31 37 3 5 31 22 39 55 9 41 41 5 13 7 1 11 41 10 25 45 55 1 31
split_gain=9.22089e-06 1.42044e-05 3.63177e-05 1.15798e-05 9.67683e-06 2.16801e-05 1.00645e-05 3.11752e-05 1.87076e-05 1.54744e-05 1.12769e-05 1.10632e-05 9.15193e-06 8.65762e-06 7.87586e-06 1.37694e-05 8.66371e-06 7.82781e-06 7.709e-06 6.9053e-06 7.45075e-06 5.83724e-06 1.07578e-05 7.71593e-06 7.12417e-06 1.05036e-05 5.1995e-06 4.84242e-06 3.42332e-06 5.12883e-06 4.41831e-06 3.90244e-06 1.45937e-07
threshold=0.0057050714651917635 1999.9999999999579 239.56293357400352 -1.3919172932330823 -0.0020130855627217277 15.500000000000002 160.92597525895732 0.0037059927665613617 -1999.9999999999925 259.95117877887077 10.500000000000002 -0.0012202567080615843 0.077832155278753437 -0.13592233145266255 46.500000000000007 -0.84814412146181417 0.0025559115866903297 2825.5000000000005 -0.60873713906405569 0.0024434951085317018 0.0015071598611642314 0.21326460218830504 -0.14168900569975548 0.94230277014850128 61.238710463593044 -0.57823778366308343 0.0018501403436708144 -1.3411654135338342 -0.99468368944419394 -0.0017969466437621759 7336.0000000000009 32.956741895315744 146.50000000000003
decision_type=10 10 10 10 8 10 10 8 8 10 2 8 2 2 2 10 10 2 10 10 10 2 10 10 10 10 8 10 8 10 2 10 2
left_child=1 4 -3 -4 5 -1 8 9 -6 -8 -10 12 -12 18 15 -13 19 -15 -11 20 21 23 -23 24 28 -26 27 -19 -16 30 32 -31 -30
right_child=-2 2 3 -5 6 -7 7 -9 10 13 11 14 -14 17 16 -17 -18 26 -20 -21 -22 22 -24 -25 25 -27 -28 -29 29 31 -32 -33 -34
leaf_value=2.6720665443229021e-06 -3.4280276050806601e-06 8.6053230817136987e-06 -3.9792866440214532e-06 2.3342308313961998e-06 -5.4811555635130233e-06 -5.7902611263160738e-06 5.560807468091741e-06 8.5992364337026978e-06 -4.7577853196031614e-06 -7.9748970118171208e-07 4.833173315668655e-06 -3.5441561354980346e-07 -4.1984232919029877e-07 -4.7063820633782589e-06 2.2567376490761343e-06 6.4126917537082818e-06 -4.3586190082786692e-06 5.3294876209665363e-07 4.563320414401872e-06 3.3708226387770152e-06 -3.4614333228676696e-06 -1.0854471623167651e-06 4.2900369055445896e-06 -4.1866219177541732e-06 -5.9385707729197792e-06 1.8236171751119074e-07 2.5468580986335645e-06 -2.7926292132413796e-06 3.3854242107016075e-07 -3.2297387261490272e-06 3.5044837287910114e-06 -3.2252598855933399e-08 -4.4008959091910424e-07
leaf_weight=522 762 754 573 698 711 882 579 581 518 519 941 883 581 542 861 516 592 944 660 537 819 807 806 595 530 711 531 953 528 695 597 1021 515
leaf_count=522 762 754 573 698 711 882 579 581 518 519 941 883 581 542 861 516 592 944 660 537 819 807 806 595 530 711 531 953 528 695 597 1021 515
internal_value=1.32636e-07 2.53223e-07 2.88275e-06 -5.11888e-07 -6.80366e-09 -2.64385e-06 1.87302e-07 1.40464e-06 -2.82229e-07 5.20485e-07 9.40757e-10 1.9761e-07 2.82777e-06 -1.82846e-07 -1.65858e-07 2.14137e-06 -5.01621e-07 -1.13014e-06 2.20328e-06 -2.4851e-07 -4.77598e-07 -1.58789e-07 1.60049e-06 -6.27637e-07 -2.39615e-07 -2.43155e-06 -3.31727e-07 -1.13761e-06 4.05384e-07 -6.95224e-08 1.24651e-06 -1.32741e-06 -4.57018e-08
internal_weight=23264 22502 2025 1271 20477 1404 19073 5309 13764 4728 13053 12535 1522 4149 11013 1399 9614 2970 1179 9022 8485 7666 1613 6053 5458 1241 2428 1897 4217 3356 1640 1716 1043
internal_count=23264 22502 2025 1271 20477 1404 19073 5309 13764 4728 13053 12535 1522 4149 11013 1399 9614 2970 1179 9022 8485 7666 1613 6053 5458 1241 2428 1897 4217 3356 1640 1716 1043
is_linear=0
shrinkage=0.0329122


Tree=183
num_leaves=35
num_cat=0
split_feature=26 28 10 29 21 55 0 20 38 4 12 21 26 26 51 55 7 16 31 19 10 13 9 45 31 20 15 13 23 0 12 26 18 48
split_gain=8.62391e-06 1.16856e-05 2.98292e-05 3.27762e-05 9.94438e-06 8.43653e-06 1.71519e-05 8.74751e-06 1.63977e-05 1.6216e-05 1.32774e-05 1.26173e-05 1.04459e-05 1.18381e-05 1.5528e-05 1.26731e-05 1.14076e-05 1.70838e-05 1.14835e-05 1.33699e-05 1.03069e-05 1.02268e-05 8.43708e-06 1.3011e-05 9.46915e-06 9.63706e-06 8.11976e-06 8.71977e-06 9.01306e-06 8.03304e-06 6.82886e-06 6.23696e-06 2.79695e-06 2.37464e-06
threshold=0.0057050714651917635 -0.99775511321496635 -1.465225563909774 8.5000000000000018 0.59287115763718146 -3708.4999999999995 24.500000000000004 1.2869967793880839 -0.0032025641025640868 -0.088629936696431794 -0.87401477068205791 -0.10033108724710728 0.0025094785595479517 -0.00013670073200262821 44.444444444448187 50040.000000000007 0.52582071156189281 0.11530184156042281 205.50000000000003 0.077687176254345416 -1.4877819548872175 -0.019349059962250715 -0.11827360583612227 -0.002865335394076018 193.50000000000003 3.3435167910447765 0.10609757720332104 -0.25205461088715803 -0.74999999999999989 15.500000000000002 -0.61825121443442044 -0.0024999225279914122 -0.046808996357441422 25.676134965193977
decision_type=10 8 8 2 2 2 8 10 10 8 8 2 10 10 10 2 10 8 2 10 10 10 8 10 2 10 10 10 10 10 10 10 8 2
left_child=1 2 -1 -4 5 6 -3 12 -9 11 -11 -10 13 14 15 16 17 -7 21 -20 -18 26 23 -12 25 -25 27 28 33 -29 -17 -13 -27 -19
right_child=-2 4 3 -5 -6 7 -8 8 9 10 22 31 -14 -15 -16 30 20 18 19 -21 -22 -23 -24 24 -26 32 -28 29 -30 -31 -32 -33 -34 -35
leaf_value=-2.8415344845434101e-06 -3.3152037191973333e-06 -5.1232958973407042e-06 9.6282458531367859e-07 1.212099209052475e-05 -4.105995318432863e-06 5.845833782520777e-06 1.165776322946475e-06 6.1365456302625575e-06 7.2649064724608828e-06 -5.2806991889270684e-06 5.7475907098561715e-06 3.6654629393181179e-06 -4.6199515079463367e-06 3.6547394659580178e-06 -4.4160875831445423e-06 6.1839273094825251e-06 5.4854603426248041e-07 -8.2581614612377101e-07 -6.4082203853590618e-07 5.6853474669885116e-06 -5.2850415018947657e-06 -5.3153092457232138e-06 -2.9354298675998475e-06 -1.7984269113687822e-06 -3.4594410149912087e-06 1.5894037969841566e-06 -3.8170123001853403e-06 1.9938933187252649e-07 -4.1277552003834855e-06 5.4339258713227552e-06 9.137996420997572e-07 -9.0380716993958452e-07 5.0039456524334086e-06 1.8126250578400445e-06
leaf_weight=652 762 931 636 517 613 541 948 686 592 527 533 672 547 901 897 522 533 841 776 678 853 536 694 661 614 524 669 816 729 520 544 624 516 659
leaf_count=652 762 931 636 517 613 541 948 686 592 527 533 672 547 901 897 522 533 841 776 678 853 536 694 661 614 524 669 816 729 520 544 624 516 659
internal_value=1.2827e-07 2.44888e-07 2.78461e-06 5.9663e-06 2.33861e-08 1.49434e-07 -1.95019e-06 3.66155e-07 1.31794e-06 7.62999e-07 -4.06642e-07 3.28392e-06 -1.80678e-07 3.97535e-08 -2.82263e-07 1.20017e-07 -3.21301e-07 2.35977e-07 -2.51604e-07 2.30891e-06 -3.04151e-06 -1.03215e-06 3.18485e-07 1.11148e-06 4.39732e-08 1.30871e-06 -4.89876e-07 1.34423e-07 -1.12567e-06 2.23696e-06 3.4947e-06 1.46527e-06 3.28376e-06 3.33187e-07
internal_weight=23264 22502 1805 1153 20697 20084 1879 18205 6643 5957 4069 1888 11562 11015 10114 9217 8151 6765 6224 1454 1386 4770 3542 2848 2315 1701 4234 3565 2229 1336 1066 1296 1040 1500
internal_count=23264 22502 1805 1153 20697 20084 1879 18205 6643 5957 4069 1888 11562 11015 10114 9217 8151 6765 6224 1454 1386 4770 3542 2848 2315 1701 4234 3565 2229 1336 1066 1296 1040 1500
is_linear=0
shrinkage=0.0329122


Tree=184
num_leaves=34
num_cat=0
split_feature=26 24 1 10 39 12 19 30 39 0 39 17 4 7 24 43 17 43 21 4 7 45 10 1 8 23 20 12 10 27 0 42 19
split_gain=8.0656e-06 1.27977e-05 3.69606e-05 1.05175e-05 1.02814e-05 1.34242e-05 8.67768e-06 9.66844e-06 1.26561e-05 1.20804e-05 1.47475e-05 1.68087e-05 1.10321e-05 8.41924e-06 6.72086e-06 1.2285e-05 1.0311e-05 9.31907e-06 5.45711e-06 1.01592e-05 7.32692e-06 9.61119e-06 9.05154e-06 1.54317e-05 6.99649e-06 6.14337e-06 1.27399e-05 5.44833e-06 5.79618e-06 6.23563e-06 5.30133e-06 5.29127e-06 2.45195e-06
threshold=0.0057050714651917635 3001.0000000000073 239.56293357400352 -1.3919172932330823 -0.0024767811353626486 -0.46942670197850128 2.7346372551741926 16.500000000000004 0.003463206059261315 5.5000000000000009 0.0014015423841345911 -0.1413440060719322 -0.0045862258937228511 0.025181728943747879 -500.99999999998926 0.0017050310772074309 -0.26822650010239601 0.003347282678722419 -0.64859591951041473 -0.031882340270682048 0.94230277014850128 -0.0012539189881856647 -1.4313909774436087 47.215228502941912 0.049999999999998941 -1.0000000180025095e-35 0.28874801615928447 -0.73280897487406116 -1.234022556390977 7.9288146193068512 41.500000000000007 -0.0012618301552728137 -0.062449625915625966
decision_type=10 10 10 10 8 8 10 2 10 10 8 8 10 8 8 8 10 10 2 10 10 8 8 10 10 10 10 8 8 8 10 8 10
left_child=1 4 -3 -4 5 -1 7 8 12 -9 11 -11 13 -6 15 16 -15 18 -16 20 21 31 23 32 25 26 -24 -27 29 30 -29 -20 -23
right_child=-2 2 3 -5 6 -7 -8 9 -10 10 -12 -13 -14 14 17 -17 -18 -19 19 -21 -22 22 24 -25 -26 27 -28 28 -30 -31 -32 -33 -34
leaf_value=-6.3805146943913312e-06 -3.2060933573099917e-06 8.9706183851072981e-06 -3.8358425626342216e-06 2.1810897461438322e-06 -4.277784291241411e-06 7.3996980399115936e-07 3.5438021324116448e-06 -2.0330450035836732e-06 -4.2892305696905696e-06 -1.959905602245099e-06 7.9332759465140471e-06 5.8328057031788369e-06 4.3026877308757529e-06 2.6011543371750864e-06 2.3374541023939595e-06 -5.5274373896705195e-06 -2.7013924700970612e-06 4.3773521777293634e-06 1.0508659134649574e-06 -3.6042666036232028e-06 -2.9295720305385692e-06 -7.281761294434229e-07 1.5901058506685128e-06 -4.8890233927246336e-06 4.004669771830651e-06 4.0951762269806966e-06 -5.502764101182485e-06 -1.1096810541669396e-06 2.6803269519091641e-06 -3.1113824082361258e-06 3.3073112255708558e-06 5.4696971743677703e-06 1.8238524397159563e-06
leaf_weight=609 762 681 573 698 535 542 794 600 801 699 535 525 607 761 1015 653 831 561 616 866 785 997 572 973 639 528 527 665 859 676 528 561 690
leaf_count=609 762 681 573 698 535 542 794 600 801 699 535 525 607 761 1015 653 831 561 616 866 785 997 572 973 639 528 527 665 859 676 528 561 690
internal_value=1.24048e-07 2.36829e-07 2.78353e-06 -5.31321e-07 -5.06572e-09 -3.02732e-06 1.74242e-07 3.04275e-08 -2.55458e-07 1.99936e-06 3.37496e-06 1.38237e-06 -4.62454e-08 -2.24169e-07 -7.25287e-08 -1.72597e-06 -1.66551e-07 2.35295e-07 3.31622e-08 -1.89947e-07 1.17517e-07 3.88403e-07 -3.7346e-08 -1.58818e-06 7.88642e-07 3.16709e-07 -1.81091e-06 1.03491e-06 4.42522e-07 -5.8586e-07 8.45007e-07 3.15723e-06 3.15494e-07
internal_weight=23264 22502 1952 1271 20550 1151 19399 18605 16246 2359 1759 1224 15445 14838 14303 2245 1592 12058 11497 10482 9616 8831 7654 2660 4994 4355 1099 3256 2728 1869 1193 1177 1687
internal_count=23264 22502 1952 1271 20550 1151 19399 18605 16246 2359 1759 1224 15445 14838 14303 2245 1592 12058 11497 10482 9616 8831 7654 2660 4994 4355 1099 3256 2728 1869 1193 1177 1687
is_linear=0
shrinkage=0.0329122


Tree=185
num_leaves=33
num_cat=0
split_feature=31 20 26 16 38 1 38 41 41 43 1 10 10 4 41 26 42 29 0 41 1 1 4 1 0 19 18 25 20 13 16 55
split_gain=9.70949e-06 9.70384e-06 1.95615e-05 1.68152e-05 1.5975e-05 1.08533e-05 2.1931e-05 1.93826e-05 1.54347e-05 1.1248e-05 1.69302e-05 1.27504e-05 1.41264e-05 1.3411e-05 9.5554e-06 1.09674e-05 9.48353e-06 7.69113e-06 7.62492e-06 7.32032e-06 6.82715e-06 7.97075e-06 5.03626e-06 4.64942e-06 6.36648e-06 9.66714e-06 3.96402e-06 5.44477e-06 4.09982e-06 2.94701e-06 2.53974e-06 8.47358e-07
threshold=6.5000000000000009 0.52896057347670256 0.0031090336933505551 0.1472437742460268 0.0033927081235072269 80.253186709080808 -0.003430541825542532 0.001809956233456478 -0.0024706618443742774 0.0016380027367122187 131.19579061073793 -2.1381578947368416 -1.3204887218045107 -0.068768403152654381 -0.0015760451079261937 -0.0010173898455116245 -0.0013468019575335608 7.5000000000000009 7.5000000000000009 -0.0016934813157819526 258.32414436594655 80.428305843119446 -0.70359263918551229 26.65658434768455 102.50000000000001 -0.10997367449670391 -0.0048704318236457824 -0.99252059785133262 1.2005917159763315 -0.12261244650999069 0.11530184156042281 3144.5000000000005
decision_type=2 8 10 10 8 10 8 10 8 8 10 10 10 10 10 10 10 2 10 8 10 10 10 8 10 8 10 8 10 8 10 2
left_child=-1 2 3 -2 14 8 -7 9 -3 10 -8 -12 13 17 -5 18 -14 -13 -16 -10 21 22 -20 -21 25 -25 27 -27 30 -30 31 -29
right_child=1 5 -4 4 -6 6 7 -9 19 -11 11 12 16 -15 15 -17 -18 -19 20 23 -22 -23 -24 24 -26 26 -28 28 29 -31 -32 -33
leaf_value=4.230114088469666e-06 3.6751031559952682e-06 -5.8084931518694435e-06 -6.5998539505904092e-06 -4.7288314155274581e-06 -6.2427535281512053e-06 6.7741624855508938e-06 5.067783798940076e-06 4.9768832811524604e-06 3.6029355848512988e-06 -3.7905411390522558e-06 -4.8958333460500023e-06 2.2118871810383748e-06 -4.6720055500662942e-06 -1.8294476629259047e-06 -3.7320721511650932e-06 3.6327394819172523e-06 3.333452505438207e-07 7.41077970466866e-06 2.0409527339048954e-06 -2.6896948816569077e-06 3.0592011702032829e-06 -4.3357158929001431e-06 -1.4254023758094492e-06 -3.5057883087499298e-06 2.7097720080715802e-06 2.3339020651123581e-06 2.9396688502697714e-06 7.5405609722177609e-08 -4.0920003648728556e-06 -8.3724495107519271e-07 2.1608265552725345e-06 -1.5541828137721791e-06
leaf_weight=607 914 525 616 526 594 738 773 1014 573 726 552 749 682 542 749 736 1028 524 863 764 619 540 958 896 833 794 519 1011 518 721 530 525
leaf_count=607 914 525 616 526 594 738 773 1014 573 726 552 749 682 542 749 736 1028 524 863 764 619 540 958 896 833 794 519 1011 518 721 530 525
internal_value=1.22232e-07 1.21436e-08 -9.94479e-07 -4.63145e-07 -1.14042e-06 4.7313e-07 1.39381e-06 7.91242e-07 -3.48715e-07 3.00391e-08 6.01992e-07 -2.44667e-07 4.83621e-07 2.506e-06 -5.33125e-07 -3.87976e-08 -1.66281e-06 4.35207e-06 -7.63517e-07 2.42885e-08 -1.73173e-08 -8.24007e-07 2.17231e-07 -2.64045e-07 2.78994e-08 -3.7721e-07 2.29758e-07 -1.13305e-07 -7.01296e-07 -2.19817e-06 1.96286e-07 -4.81434e-07
internal_weight=23259 22652 7115 6499 5585 15537 7328 6590 8209 5576 4850 4077 3525 1815 4991 4465 1710 1273 3729 7684 2980 2361 1821 7111 6347 5514 4618 4099 3305 1239 2066 1536
internal_count=23259 22652 7115 6499 5585 15537 7328 6590 8209 5576 4850 4077 3525 1815 4991 4465 1710 1273 3729 7684 2980 2361 1821 7111 6347 5514 4618 4099 3305 1239 2066 1536
is_linear=0
shrinkage=0.0329122


Tree=186
num_leaves=34
num_cat=0
split_feature=20 12 13 16 36 15 44 17 44 43 41 48 10 1 0 11 9 1 43 1 45 41 9 7 31 2 45 20 12 12 12 28 31
split_gain=9.5327e-06 7.16918e-06 9.41203e-06 2.02352e-05 1.39187e-05 9.80957e-06 1.41168e-05 1.30519e-05 9.69919e-06 9.68123e-06 2.19516e-05 8.97915e-06 8.75913e-06 1.91905e-05 1.15857e-05 1.15474e-05 9.64888e-06 7.7242e-06 8.11127e-06 6.85341e-06 1.14765e-05 1.06509e-05 7.13446e-06 7.30127e-06 7.19262e-06 7.61445e-06 6.92348e-06 7.37043e-06 5.40868e-06 5.2823e-06 5.21591e-06 2.51899e-06 5.99021e-07
threshold=31.708333333333336 -0.95636252263769028 -0.050616502213236415 0.57353938123998527 -0.0028797711110650766 0.13275120793374548 0.0010643962567692402 -0.07053628504459529 -0.00138985473651676 0.0032008537886872861 0.0015515913139775297 34.138158526626889 -1.3129699248120297 239.56293357400352 23.500000000000004 -0.5585761542792792 -0.55934205743366039 1353.7674323144049 -0.0018001814764404542 161.26603512632394 0.0016116045919692958 0.0030441470828083132 -0.23276441499831962 0.74225847790930699 33.500000000000007 -0.22072895875669268 0.001668057874234852 0.80038314176245218 -0.46561794974812248 -0.29578808730244055 -0.49377582644628099 -0.98039215686274461 153.50000000000003
decision_type=10 8 10 10 8 10 10 10 10 8 10 2 10 10 10 10 10 10 8 10 8 10 10 10 2 2 10 8 10 10 8 10 2
left_child=1 -1 4 9 -3 7 8 17 -7 10 12 -10 14 30 16 -16 -4 18 -6 21 28 22 23 24 -20 -26 27 -27 -21 -13 -14 32 -29
right_child=-2 2 3 -5 5 6 -8 -9 11 -11 -12 29 13 -15 15 -17 -18 -19 19 20 -22 -23 -24 -25 25 26 -28 31 -30 -31 -32 -33 -34
leaf_value=2.9563299869807537e-06 4.3144396331413476e-06 5.6375205522817094e-06 4.4533792869943406e-07 -7.3266969428156281e-06 4.1521333685513714e-06 3.7192135507552312e-06 5.9857786983451701e-06 -4.6603143004832135e-06 -4.3756056245265717e-06 3.0307445608402541e-06 -6.6457815388327102e-06 -1.4305966216430541e-06 -1.5716670312606717e-06 -6.3219838352892335e-06 -3.8102981003272394e-06 1.9058878971257104e-06 5.8390997754931767e-06 -3.2274330271954226e-06 -4.4507510344861722e-06 -2.730284132986358e-06 4.1886573932583825e-06 -4.3816031715399448e-06 2.7521366019073019e-06 2.4539884347766486e-06 -3.3319327151879189e-06 3.2959117864148228e-06 -3.356971031858336e-06 -7.1451651860084601e-08 1.4606730488205108e-06 3.1664336387650369e-06 2.9349527700964714e-06 -1.9268736341872002e-06 1.3021822629894671e-06
leaf_weight=862 572 521 783 526 544 745 685 691 521 704 671 538 576 709 832 709 664 746 567 610 1021 687 843 785 835 884 515 816 736 545 538 684 594
leaf_count=862 572 521 783 526 544 745 685 691 521 704 671 538 576 709 832 709 664 746 567 610 1021 687 843 785 835 884 515 816 736 545 538 684 594
internal_value=1.18209e-07 1.24004e-08 -1.03863e-07 -1.12945e-06 3.51608e-07 1.62862e-07 1.82842e-06 -2.74331e-07 6.15981e-07 -6.02459e-07 -1.06908e-06 -8.25215e-07 -2.91236e-07 -2.08917e-06 8.05622e-07 -1.18018e-06 2.92059e-06 4.5391e-09 2.42784e-07 2.06986e-08 1.55733e-06 -4.83737e-07 -7.31798e-08 -4.92541e-07 -9.65116e-07 -5.08419e-07 1.66475e-07 7.75879e-07 -4.38476e-07 8.82564e-07 6.04574e-07 -2.87865e-07 5.07066e-07
internal_weight=23259 22687 21825 6712 15113 14592 3034 11558 2349 6186 5482 1604 4811 1823 2988 1541 1447 10867 10121 9577 2367 7210 6523 5680 4895 4328 3493 2978 1346 1083 1114 2094 1410
internal_count=23259 22687 21825 6712 15113 14592 3034 11558 2349 6186 5482 1604 4811 1823 2988 1541 1447 10867 10121 9577 2367 7210 6523 5680 4895 4328 3493 2978 1346 1083 1114 2094 1410
is_linear=0
shrinkage=0.0329122


Tree=187
num_leaves=36
num_cat=0
split_feature=20 40 45 26 38 38 22 5 9 13 40 23 11 19 4 3 55 38 47 40 44 11 19 37 16 21 37 1 15 0 47 20 5 16 29
split_gain=8.91554e-06 6.90272e-06 1.29385e-05 1.42357e-05 6.56021e-06 8.88118e-06 1.14849e-05 5.52702e-06 1.24475e-05 7.21813e-06 7.10546e-06 1.09927e-05 7.57808e-06 1.0714e-05 8.66682e-06 6.94183e-06 6.89172e-06 1.46882e-05 1.32496e-05 8.20019e-06 9.57044e-06 6.80327e-06 5.4738e-06 9.40981e-06 8.14521e-06 7.60738e-06 5.49366e-06 5.28204e-06 5.00854e-06 4.875e-06 5.02043e-06 5.43155e-06 4.77476e-06 1.78721e-06 4.01588e-07
threshold=31.708333333333336 0.0038498591966800171 0.0038143689923081374 -0.0027558328418704988 -0.0037998748616258067 -0.0020191827457216034 -0.91584659247677724 -0.34715621209045239 -0.34763764880952375 -0.14391312601854614 -0.0018034279767131787 0.099999999999999659 -0.21902794175521445 0.29926425608830703 -0.063086380966280026 0.2660063226795038 -3117.4999999999995 0.0025015644555693721 55.555555555517408 0.0020387381021654831 0.0019436364323222046 -0.27185689090450987 -0.15483730177666641 -0.0015527950310559311 0.54793233082706772 -0.085808402450752344 0.0016299929327119325 275.58474357401485 0.058145440420168289 43.500000000000007 -3.6711374680933316e-11 0.95206382978723425 0.028392701772902391 0.14379699248120303 8.5000000000000018
decision_type=10 10 10 8 8 8 10 2 10 10 8 10 10 10 8 2 2 10 8 10 10 10 8 8 10 2 10 10 8 10 10 10 2 10 2
left_child=1 2 4 -4 -1 6 -6 8 9 -7 11 -9 16 14 15 -14 18 19 -12 20 21 22 25 -24 26 -18 28 -27 -25 30 31 33 -26 34 -30
right_child=-2 -3 3 -5 5 7 -8 10 -10 -11 12 -13 13 -15 -16 -17 17 -19 -20 -21 -22 -23 23 24 32 27 -28 -29 29 -31 -32 -33 -34 -35 -36
leaf_value=3.5689470229335382e-06 4.1724422708131968e-06 2.9803560972272655e-06 -7.5399164952958227e-06 1.3537303036820676e-07 -6.3856154695639448e-06 -1.93700989081228e-06 -4.8986163510069194e-08 4.827808563874883e-06 -5.0912863110802469e-06 2.4265900764064274e-06 6.2287403858871103e-07 -1.1950205272908631e-06 -2.2424851119533377e-06 5.9590734420745527e-06 4.3754912448046812e-06 2.4546223167960579e-06 -1.5034946863606587e-06 5.1893755315769142e-06 -6.2808859185061964e-06 3.6434307656859999e-06 -3.8007902924000626e-06 -3.756262698797647e-06 -4.4970327750308467e-06 2.3164856640693473e-06 4.4283030803309491e-06 5.4363126219861233e-06 -3.7188070393871098e-06 1.3021194133837025e-06 -6.6423835030600703e-08 -2.8704989101300148e-06 -2.6922496217824422e-06 3.422113113091066e-06 1.7286185858284318e-07 -1.8269788310254578e-06 1.0364328928826298e-06
leaf_weight=568 572 818 519 528 529 836 748 890 679 807 661 520 958 532 517 529 588 580 553 574 824 522 540 742 640 559 524 835 876 832 625 573 516 541 604
leaf_count=568 572 818 519 528 529 836 748 890 679 807 661 520 958 532 517 529 588 580 553 574 824 522 540 742 640 559 524 835 876 832 625 573 516 541 604
internal_value=1.14318e-07 1.19923e-08 -9.90276e-08 -3.66906e-06 8.04749e-08 -1.7344e-08 -2.67413e-06 1.61424e-07 -1.34284e-06 2.06141e-07 3.71158e-07 2.60646e-06 1.64402e-07 1.80709e-06 7.04752e-07 -5.71336e-07 -1.63368e-07 8.56811e-08 -2.52173e-06 -1.85497e-07 -3.98053e-07 -1.03413e-07 1.08544e-07 -3.23047e-07 2.51262e-08 1.63578e-06 -5.19216e-07 2.96011e-06 -1.69369e-07 -6.24746e-07 -4.42257e-08 5.93703e-07 2.52901e-06 -2.08104e-07 3.83506e-07
internal_weight=23259 22687 21869 1047 20822 20254 1277 18977 2322 1643 16655 1410 15245 2536 2004 1487 12709 11495 1214 10915 10341 9517 8995 7013 6473 1982 5317 1394 4793 4051 3219 2594 1156 2021 1480
internal_count=23259 22687 21869 1047 20822 20254 1277 18977 2322 1643 16655 1410 15245 2536 2004 1487 12709 11495 1214 10915 10341 9517 8995 7013 6473 1982 5317 1394 4793 4051 3219 2594 1156 2021 1480
is_linear=0
shrinkage=0.0329122


Tree=188
num_leaves=33
num_cat=0
split_feature=38 10 7 41 38 36 0 0 26 6 36 29 41 43 55 3 37 16 16 42 48 55 36 3 47 12 30 18 7 7 37 30
split_gain=7.99089e-06 7.26428e-06 6.87106e-06 8.25041e-06 6.61638e-06 6.4474e-06 6.09914e-06 7.5908e-06 1.04254e-05 1.23359e-05 1.4874e-05 1.06659e-05 9.48309e-06 8.92353e-06 8.37795e-06 7.77437e-06 7.19966e-06 6.5672e-06 8.88436e-06 9.32115e-06 7.69415e-06 7.7357e-06 7.03184e-06 5.48253e-06 6.12793e-06 5.30915e-06 8.2883e-06 3.52317e-06 5.49961e-06 6.35561e-06 3.93179e-06 1.61337e-06
threshold=0.0038498591966800171 -2.6635338345864654 0.013251738698460011 0.0038436915197479497 -0.0037998748616258067 -0.0032680087574090684 396.50000000000006 193.50000000000003 -0.0005727404261720631 -18.749999999999996 -0.0013633271501908848 7.5000000000000009 0.0027991616226910048 0.0032232091839384806 7102.5000000000009 -0.45191549226221012 0.0020060200722731296 0.87264325586694014 0.47924498746867178 -0.0030959752321980667 14.229384111632188 12187.500000000002 0.0016038502695806536 -0.095518695873707857 37.037037037051782 -0.24212549603174602 14.500000000000002 -0.15923738545975349 0.58821592510571075 0.27954530662969584 -0.0012338067619612756 15.500000000000002
decision_type=10 8 8 10 8 8 10 10 10 10 10 2 10 10 2 2 10 10 10 10 2 2 10 2 10 8 2 8 8 10 10 2
left_child=1 -1 -3 4 -4 -6 7 8 12 -10 -11 -12 13 15 -13 -7 17 18 22 -20 -21 25 27 -23 -25 26 -22 -17 29 -29 31 -30
right_child=-2 2 3 -5 5 6 -8 -9 9 10 11 14 -14 -15 -16 16 -18 -19 19 20 21 23 -24 24 -26 -27 -28 28 30 -31 -32 -33
leaf_value=-3.701636640684499e-06 3.9628517095752513e-06 -3.4952209509345738e-06 3.4935657061552846e-06 4.1541912525553309e-06 -3.5228866375299389e-06 -2.7020141078855037e-06 3.6136633485509711e-06 -3.1244305710868803e-06 -1.7261766690778062e-06 6.8369411112972343e-06 -1.6315041478524447e-06 6.4055058734220447e-06 -3.6339005224982507e-06 -4.2543493828698934e-06 1.1829466605825276e-06 2.1451029313593221e-06 3.7242794096147873e-06 -2.8342714805923564e-06 4.5362929406158831e-06 -2.2852993050791801e-06 7.1781976622156058e-06 2.4872356310669303e-06 -4.2267337326366847e-06 -2.9793116801774026e-06 1.1428699575526069e-06 6.7440391311693116e-07 1.7599435829311691e-06 -2.9250913550665636e-07 3.3470212076667198e-07 -4.6898353241184942e-06 2.3675024521028037e-06 -1.7223128955528759e-06
leaf_weight=556 569 559 603 557 549 987 519 808 897 709 817 522 853 528 918 583 643 749 793 790 527 628 537 879 703 858 729 819 1003 630 735 702
leaf_count=556 569 559 603 557 549 987 519 808 897 709 817 522 853 528 918 583 643 749 793 790 527 628 537 879 703 858 729 819 1003 630 735 702
internal_value=1.10556e-07 1.39418e-08 1.07286e-07 2.00637e-07 9.58522e-08 -4.49523e-09 9.27245e-08 -1.71586e-09 1.34372e-07 1.65563e-06 2.67846e-06 1.37203e-06 -2.66036e-07 -5.8193e-08 3.07628e-06 1.08437e-07 3.3383e-07 1.46922e-07 3.51497e-07 1.21614e-06 7.01256e-07 1.24696e-06 -6.6811e-07 -1.14451e-07 -1.14738e-06 2.6703e-06 4.03355e-06 -2.40738e-07 -5.98458e-07 -2.20455e-06 3.55228e-07 -5.12099e-07
internal_weight=23259 22690 22134 21575 21018 20415 19866 19347 18539 3863 2966 2257 14676 13823 1440 13295 12308 11665 10916 5907 5114 4324 5009 2210 1582 2114 1256 4472 3889 1449 2440 1705
internal_count=23259 22690 22134 21575 21018 20415 19866 19347 18539 3863 2966 2257 14676 13823 1440 13295 12308 11665 10916 5907 5114 4324 5009 2210 1582 2114 1256 4472 3889 1449 2440 1705
is_linear=0
shrinkage=0.0329122


Tree=189
num_leaves=34
num_cat=0
split_feature=31 20 26 16 38 47 1 1 17 41 41 55 39 1 0 22 26 43 0 42 26 41 55 22 19 7 21 1 31 10 11 40 48
split_gain=8.92093e-06 8.68284e-06 1.83675e-05 1.58594e-05 1.51424e-05 1.00839e-05 1.00392e-05 1.98639e-05 1.74557e-05 1.47899e-05 1.3456e-05 2.09607e-05 2.65784e-05 1.14955e-05 9.29369e-06 7.8677e-06 6.89223e-06 9.49973e-06 1.01929e-05 7.78586e-06 8.27611e-06 6.65517e-06 5.60053e-06 4.84985e-06 5.27077e-06 6.38464e-06 5.0011e-06 7.12024e-06 3.77762e-06 3.00639e-06 4.98989e-06 4.16969e-06 2.89388e-07
threshold=6.5000000000000009 0.52896057347670256 0.0031090336933505551 0.1472437742460268 0.0033927081235072269 -66.66666666667146 80.253186709080808 145.52632395985486 -0.07053628504459529 -0.0024706618443742774 0.001809956233456478 151.50000000000003 -0.0034013605442176349 258.32414436594655 35.500000000000007 -0.83179140391636242 -0.0012305864722939907 0.0012828741647740174 20.500000000000004 0.0012353309221869726 -0.0053119455752112963 -0.0016934813157819526 4214.5000000000009 -0.95792329623838857 -0.076875709760543018 0.77101336559511469 -0.30127096285627136 27.695046921954788 125.50000000000001 -1.3637218045112778 -0.20778121849344663 1.0000000180025095e-35 0.61805234532921716
decision_type=2 8 10 10 8 8 10 10 8 8 10 2 10 10 10 8 10 10 10 8 8 8 2 8 8 10 2 8 2 10 8 8 2
left_child=-1 2 3 -2 5 -5 9 8 -8 -3 11 -9 -13 15 22 -14 17 19 -19 20 -7 -11 -15 -23 25 -25 -26 -28 -24 30 -29 -31 -32
right_child=1 6 -4 4 -6 16 7 10 -10 21 -12 12 13 14 -16 -17 -18 18 -20 -21 -22 23 28 24 26 -27 27 29 -30 31 32 -33 -34
leaf_value=4.0444547344010213e-06 3.5829703883608237e-06 -5.6974739035431099e-06 -6.3824076945424562e-06 -4.7104539470910247e-06 -6.0612691233495567e-06 1.5046912350884968e-06 1.9665020758650313e-06 5.7871343770903205e-06 9.2970660666669629e-06 3.4243574367462356e-06 4.2698681915366715e-06 -7.7927605321154486e-06 -1.9775920643930837e-07 -2.628829757523529e-06 -4.8988180530856153e-06 5.2755646129686888e-06 2.7753803036239464e-06 -6.3294184932220903e-06 -5.1530368798386487e-07 3.933501095317595e-06 -3.2268038778619752e-06 2.1048656072206028e-06 3.0952548871029376e-06 -4.5302985263089879e-06 2.368924270176326e-06 1.1578636999230354e-07 -4.0309450071214316e-06 -2.8973947717798058e-06 -3.4820765157253188e-07 2.5331272027776437e-06 -1.2253246807543073e-08 -7.9668947145150812e-07 9.9644645528413187e-07
leaf_weight=607 914 525 616 549 594 974 947 561 560 573 853 542 527 688 573 618 804 529 854 601 680 828 560 714 760 581 548 792 899 906 678 740 564
leaf_count=607 914 525 616 549 594 974 947 561 560 573 853 542 527 688 573 618 804 529 854 601 680 828 560 714 760 581 548 792 899 906 678 740 564
internal_value=1.06918e-07 1.3944e-09 -9.508e-07 -4.35936e-07 -1.09368e-06 -5.02422e-07 4.37456e-07 1.32293e-06 4.69069e-06 -3.52964e-07 4.51017e-07 -2.04629e-07 -9.67417e-07 -1.02206e-08 -1.17485e-06 2.7562e-06 1.76097e-08 -5.91796e-07 -2.73938e-06 7.25223e-07 -4.40404e-07 1.21634e-08 -1.80871e-07 -2.62757e-07 -5.74809e-07 -2.44566e-06 -8.90459e-08 -5.3093e-07 9.73321e-07 -9.66998e-09 -8.55973e-07 1.03599e-06 4.45619e-07
internal_weight=23259 22652 7115 6499 5585 4991 15537 7328 1507 8209 5821 4968 4407 3865 2720 1145 4442 3638 1383 2255 1654 7684 2147 7111 6283 1295 4988 4228 1459 3680 2034 1646 1242
internal_count=23259 22652 7115 6499 5585 4991 15537 7328 1507 8209 5821 4968 4407 3865 2720 1145 4442 3638 1383 2255 1654 7684 2147 7111 6283 1295 4988 4228 1459 3680 2034 1646 1242
is_linear=0
shrinkage=0.0329122


Tree=190
num_leaves=37
num_cat=0
split_feature=20 31 37 31 31 47 55 47 31 12 37 55 26 39 48 10 38 44 31 49 31 27 40 15 11 55 27 2 38 15 7 27 22 15 31 31
split_gain=9.65286e-06 1.35761e-05 1.72655e-05 1.90083e-05 1.60689e-05 1.14598e-05 9.23733e-06 6.5625e-06 8.31942e-06 1.25055e-05 9.75172e-06 1.05088e-05 3.10758e-05 1.74164e-05 1.08716e-05 7.24563e-06 7.48631e-06 1.07904e-05 5.78015e-06 1.07447e-05 7.85269e-06 8.71276e-06 1.40537e-05 8.80796e-06 5.08814e-06 8.74219e-06 4.67145e-06 6.54138e-06 5.84125e-06 4.4922e-06 4.4678e-06 4.2844e-06 4.16136e-06 4.33148e-06 3.18548e-06 3.88382e-09
threshold=92.750000000000014 32.500000000000007 -0.0028756305300587366 16.500000000000004 40.500000000000007 -2.0910448730457412 3304.5000000000005 166.66666666664565 60.500000000000007 -0.78585325180655907 0.0043763885696773705 -1416.4999999999998 -1.0000000180025095e-35 -0.003364173952409288 50.923796638136764 -2.3825187969924806 0.0020387381021654831 0.0033585246179008714 82.500000000000014 3.5659581560506628 94.500000000000014 14.835044294108803 -0.0016708449422392355 0.23735694071880634 -0.25633012820512813 21390.500000000004 -12.209039782606814 -0.17354027108734302 0.0013486182800979132 0.11455768020878117 0.33846900920200457 -0.39484658919947074 -0.72124479182506607 0.1025871261260085 164.50000000000003 126.50000000000001
decision_type=8 2 10 2 2 8 2 10 2 10 8 2 8 8 2 10 10 10 2 8 2 10 8 8 10 2 8 2 8 10 10 8 10 10 2 2
left_child=1 2 -1 -4 -3 -5 35 8 9 -6 11 12 14 -13 -10 -15 17 18 31 -20 -21 22 -22 32 26 -26 27 -24 29 34 -29 -17 33 -23 -28 -2
right_child=6 4 3 5 7 -7 -8 -9 10 -11 -12 13 -14 15 -16 16 -18 -19 19 20 21 23 24 -25 25 -27 28 30 -30 -31 -32 -33 -34 -35 -36 -37
leaf_value=-7.8655364119665183e-06 5.3387404625480325e-07 5.0830162614735303e-06 2.1609399719411745e-06 -7.628792317034296e-06 1.2348046262812267e-06 -9.5906273016807438e-07 5.5834274647670056e-06 2.7410654051011172e-06 -3.2844934070514894e-06 -4.8559237644598006e-06 -3.9695166183597457e-06 -6.1003877773000403e-06 9.0001053576564356e-06 -3.325790150448338e-06 2.7267662812123294e-06 4.576606156410448e-07 3.2504037867918545e-06 -4.543145619052894e-06 4.1339938322101178e-06 -4.0994876109406301e-06 5.2222939630036492e-06 -1.2083586442989226e-06 9.4512394615089225e-07 -4.7957869132719553e-06 4.8867641637726009e-06 -6.9576549726436455e-07 6.1374259332407541e-07 -5.4365320455013737e-06 -2.6607290136761206e-06 -9.7233368509950445e-07 -1.185126662437649e-06 4.6671869569015002e-06 -2.9741629283985049e-06 2.4870075763125861e-06 3.8264697728284056e-06 4.0412685907358201e-07
leaf_weight=520 534 658 987 528 583 592 602 812 664 977 663 523 549 663 640 530 817 542 628 558 641 766 593 707 576 643 629 549 530 673 523 518 532 623 714 517
leaf_count=520 534 658 987 528 583 592 602 812 664 977 663 523 549 663 640 530 817 542 628 558 641 766 593 707 576 643 629 549 530 673 523 518 532 623 714 517
internal_value=-9.16543e-08 -2.76747e-07 -2.49457e-06 -1.16892e-06 2.94972e-08 -4.10357e-06 2.33255e-06 -1.51543e-07 -2.8536e-07 -2.57956e-06 -6.15774e-08 1.07409e-07 2.43135e-06 -2.12076e-07 -3.34007e-07 2.56202e-08 2.06406e-07 -1.03019e-08 2.14392e-07 -3.19899e-08 -3.14637e-07 -7.18306e-08 6.13444e-07 -1.65499e-06 6.93369e-08 1.9419e-06 -4.72677e-07 -1.82824e-06 4.13727e-07 1.2221e-06 -3.3626e-06 2.53854e-06 -4.98934e-07 4.48938e-07 2.32195e-06 4.70267e-07
internal_weight=23304 21651 2627 2107 19024 1120 1653 18366 17554 1560 15994 15331 1853 13478 1304 12955 12292 11475 10933 9885 9257 8699 6071 2628 5430 1219 4211 1665 2546 2016 1072 1048 1921 1389 1343 1051
internal_count=23304 21651 2627 2107 19024 1120 1653 18366 17554 1560 15994 15331 1853 13478 1304 12955 12292 11475 10933 9885 9257 8699 6071 2628 5430 1219 4211 1665 2546 2016 1072 1048 1921 1389 1343 1051
is_linear=0
shrinkage=0.0329122


Tree=191
num_leaves=36
num_cat=0
split_feature=20 31 37 31 31 47 55 17 12 47 31 12 31 18 37 49 52 42 26 41 36 11 17 22 15 45 22 55 31 26 47 12 9 47 31
split_gain=9.02799e-06 1.26972e-05 1.61477e-05 1.77777e-05 1.50286e-05 1.07178e-05 8.63924e-06 8.02969e-06 1.0205e-05 7.09005e-06 6.96069e-06 1.24597e-05 9.6667e-06 1.27805e-05 1.155e-05 7.49157e-06 7.18524e-06 7.74316e-06 9.69677e-06 1.08483e-05 7.49522e-06 6.39233e-06 6.92275e-06 6.88434e-06 8.52519e-06 8.2485e-06 7.25717e-06 1.13264e-05 8.92874e-06 7.68127e-06 6.08431e-06 1.06217e-05 5.15254e-06 3.81664e-06 3.62605e-09
threshold=92.750000000000014 32.500000000000007 -0.0028756305300587366 16.500000000000004 40.500000000000007 -2.0910448730457412 3304.5000000000005 -0.014733922129478138 -0.038131588513267901 166.66666666664565 59.500000000000007 -0.78585325180655907 83.500000000000014 -0.043188195080018067 0.0043763885696773705 3.5659581560506628 0.12369524990050436 -0.0042194280627573235 0.0038830307241385156 -0.0036210031293160134 -0.0018814692097475769 -0.20778121849344663 -0.44114080748429774 -0.69460857900284256 0.07629934305366759 0.0020931455234506351 -0.93897784397691286 7130.0000000000009 182.50000000000003 -0.0022021085580976522 55.555555555588128 -0.48973093792172734 -0.3511923537947132 17.543859649110114 126.50000000000001
decision_type=8 2 10 2 2 8 2 10 10 10 2 10 2 8 8 8 10 10 10 10 10 10 8 10 10 10 10 2 2 8 8 10 10 8 2
left_child=1 2 -1 -4 -3 -5 34 8 9 10 11 -6 13 -12 15 -14 17 -17 19 -19 -21 22 -22 25 -25 26 29 28 -28 -24 31 -23 33 -29 -2
right_child=6 4 3 5 7 -7 -8 -9 -10 -11 12 -13 14 -15 -16 16 -18 18 -20 20 21 30 23 24 -26 -27 27 32 -30 -31 -32 -33 -34 -35 -36
leaf_value=-7.6066646591558381e-06 5.1630310600411285e-07 4.9157233408616e-06 2.0898188373795084e-06 -7.3777123583299056e-06 1.3784093447388514e-06 -9.2749782932913262e-07 5.3996649031300183e-06 -4.1543295585528076e-06 4.2849577760523041e-06 2.8517017179681272e-06 -8.7143729370185658e-07 -5.0718192652321702e-06 3.4503843554042322e-06 4.8560397790461406e-06 -4.9066059718804149e-06 -3.9608112408891215e-06 -3.5791846391485398e-06 4.7310729904176135e-06 -3.960346746471572e-06 -3.658146535276882e-06 -3.6331506982166637e-06 -2.8345994258154347e-06 -3.544210482694304e-06 9.5583314087951556e-07 -4.237412166547604e-06 4.3724977575664332e-06 1.0458633387398547e-06 -3.008939319644873e-06 6.7827056219025283e-06 7.9198348583480446e-07 4.5978404701315467e-06 3.808220310560635e-06 2.0885864847769112e-06 4.7542752523400628e-07 3.9082616445341125e-07
leaf_weight=520 534 658 987 528 530 592 602 526 575 801 781 836 580 918 592 558 715 555 627 571 581 517 935 609 782 571 638 782 545 840 637 526 635 603 517
leaf_count=520 534 658 987 528 530 592 602 526 575 801 781 836 580 918 592 558 715 555 627 571 581 517 935 609 782 571 638 782 545 840 637 526 635 603 517
internal_value=-8.86371e-08 -2.67639e-07 -2.41247e-06 -1.13045e-06 2.8526e-08 -3.96852e-06 2.25579e-06 -1.46556e-07 -2.83763e-08 -1.72042e-07 -3.19166e-07 -2.569e-06 -1.15596e-07 2.22309e-06 -4.12159e-07 -2.04387e-07 -3.77773e-07 -1.78917e-07 1.37133e-08 2.55019e-07 7.78477e-10 2.27871e-07 -1.82103e-07 1.06778e-07 -1.96357e-06 6.25805e-07 1.95996e-07 1.13151e-06 3.68898e-06 -1.49202e-06 2.06337e-06 5.15251e-07 -3.66138e-07 -1.49175e-06 4.54797e-07
internal_weight=23304 21651 2627 2107 19024 1120 1653 18366 17840 17265 16464 1366 15098 1699 13399 12807 12227 11512 10954 10327 9772 9201 7521 6940 1391 5549 4978 3203 1183 1775 1680 1043 2020 1385 1051
internal_count=23304 21651 2627 2107 19024 1120 1653 18366 17840 17265 16464 1366 15098 1699 13399 12807 12227 11512 10954 10327 9772 9201 7521 6940 1391 5549 4978 3203 1183 1775 1680 1043 2020 1385 1051
is_linear=0
shrinkage=0.0329122


Tree=192
num_leaves=36
num_cat=0
split_feature=20 31 13 27 10 31 55 17 12 47 31 12 31 18 37 17 49 23 31 55 7 36 2 13 1 27 16 4 20 3 22 17 47 10 31
split_gain=8.44357e-06 1.18752e-05 1.53178e-05 2.23656e-05 2.06974e-05 1.40556e-05 8.07987e-06 7.50984e-06 9.54431e-06 6.63103e-06 6.51002e-06 1.16531e-05 9.04083e-06 1.19531e-05 1.08023e-05 7.15371e-06 7.29284e-06 7.30134e-06 9.82228e-06 6.86005e-06 1.56263e-05 1.01432e-05 7.59972e-06 7.7747e-06 9.98808e-06 6.88669e-06 5.69226e-06 6.46341e-06 8.73507e-06 9.57606e-06 9.27606e-06 6.07002e-06 5.21912e-06 3.66681e-06 3.38519e-09
threshold=92.750000000000014 32.500000000000007 -0.05544397801619174 -10.432165954160391 -1.8486842105263155 40.500000000000007 3304.5000000000005 -0.014733922129478138 -0.038131588513267901 166.66666666664565 59.500000000000007 -0.78585325180655907 83.500000000000014 -0.043188195080018067 0.0043763885696773705 -0.44476865321454356 3.5659581560506628 -0.27499999999999852 94.500000000000014 -1416.4999999999998 0.49314601420606408 -0.0018814692097475769 0.64294963364257984 -0.42124269875997228 78.422804511040013 -481.85334973876655 0.54793233082706772 -0.060979548091402019 0.7556058320764204 0.15579937223555598 -0.93897784397691286 -0.12513650649904109 41.66666666666179 -1.3580827067669168 126.50000000000001
decision_type=8 2 8 10 10 2 2 10 10 10 2 10 2 8 8 8 8 8 2 2 8 8 2 10 10 8 10 10 10 2 10 8 8 10 2
left_child=1 2 4 -4 -1 -3 34 8 9 10 11 -7 13 -12 15 -14 -17 -18 -19 20 -20 -21 23 24 -23 -25 27 28 30 31 -27 -30 -32 -28 -2
right_child=6 5 3 -5 -6 7 -8 -9 -10 -11 12 -13 14 -15 -16 16 17 18 19 21 -22 22 -24 25 -26 26 33 -29 29 -31 32 -33 -34 -35 -36
leaf_value=5.1833771689534436e-06 4.9931046449373993e-07 4.7539362852178473e-06 -9.9085160818045452e-06 -8.2819095963556725e-07 -3.0152229439072712e-06 1.3330429566915824e-06 5.2219502764221178e-06 -4.0176014734439842e-06 4.1439305206419468e-06 2.7578461072117165e-06 -8.4275634664898578e-07 -4.9048946933727084e-06 -3.0457192254197028e-06 4.6962170466257645e-06 -4.7451190737772939e-06 3.6441077936983157e-06 2.7438267045893344e-06 -4.4603075785896557e-06 -1.0479208249313611e-06 -4.7496479142369865e-06 6.4964458524676995e-06 4.5390120876841934e-07 -3.8281717948211104e-06 3.7902513989824083e-06 -5.7021174522214197e-06 -4.8662575239151823e-06 3.6984751053105722e-07 -2.7920158581511084e-06 -1.6944189461137425e-06 5.674797477868664e-06 2.3069137043996759e-06 2.8177476003032056e-06 -1.8734539701076526e-06 4.1055634979727929e-06 3.779632507848725e-07
leaf_weight=521 534 658 557 622 927 530 602 526 575 801 781 836 889 918 592 571 862 610 700 564 517 616 576 637 532 555 561 925 698 521 648 601 646 578 517
leaf_count=521 534 658 557 622 927 530 602 526 575 801 781 836 889 918 592 571 862 610 700 564 517 616 576 637 532 555 561 925 698 521 648 601 646 578 517
internal_value=-8.57183e-08 -2.5883e-07 -2.33307e-06 -5.11824e-06 -6.51543e-08 2.75879e-08 2.18155e-06 -1.41731e-07 -2.74407e-08 -1.66379e-07 -3.08661e-07 -2.48444e-06 -1.11791e-07 2.14992e-06 -3.98593e-07 -1.97658e-07 1.47681e-08 -1.67846e-07 -4.07244e-07 -1.56855e-07 2.15685e-06 -4.82104e-07 -1.84708e-07 9.44092e-08 -2.39869e-06 5.43751e-07 1.82988e-07 -3.33354e-07 2.86443e-07 1.90513e-06 -1.30673e-06 3.9302e-07 2.19784e-07 2.26578e-06 4.39836e-07
internal_weight=23304 21651 2627 1179 1448 19024 1653 18366 17840 17265 16464 1366 15098 1699 13399 12807 11918 11347 10485 9875 1217 8658 8094 7518 1148 6370 5733 4594 3669 1820 1849 1299 1294 1139 1051
internal_count=23304 21651 2627 1179 1448 19024 1653 18366 17840 17265 16464 1366 15098 1699 13399 12807 11918 11347 10485 9875 1217 8658 8094 7518 1148 6370 5733 4594 3669 1820 1849 1299 1294 1139 1051
is_linear=0
shrinkage=0.0329122


Tree=193
num_leaves=36
num_cat=0
split_feature=21 13 37 38 13 40 42 28 42 48 4 26 40 15 17 36 16 13 26 2 16 19 15 22 7 39 47 45 47 15 7 55 29 9 10
split_gain=7.21251e-06 7.27498e-06 2.71804e-05 1.30975e-05 1.10533e-05 1.27599e-05 8.99898e-06 9.17389e-06 1.08251e-05 8.62565e-06 9.59065e-06 8.00359e-06 1.09671e-05 6.998e-06 6.49198e-06 9.33066e-06 6.43253e-06 8.70257e-06 9.98727e-06 9.00302e-06 7.9354e-06 6.69044e-06 6.33565e-06 6.02844e-06 7.14946e-06 1.0952e-05 5.73711e-06 1.5455e-05 5.69814e-06 5.16247e-06 4.63501e-06 3.69278e-06 3.53529e-06 2.9658e-06 3.85239e-07
threshold=-0.91395127469681647 -0.020706130126001164 -0.0020110613429319964 0.0038498591966800171 -0.0011550067667619476 0.0016963540617537245 0.0037795279339850611 0.99775511321496668 -0.0067624731330315204 14.619990709648652 -0.0087621778180860688 0.0047210604945960325 -0.0036122830672872248 0.23132069799619978 -0.42608325072810199 0.0017256268238937669 0.45892375168690963 -0.25929308505025672 -0.0042249332171664733 -0.1332572067202952 0.53571428571428592 0.010034940332804611 0.13504035262337424 -0.87007385341028975 0.68288367546021289 -0.0020130855627217277 89.041095890414439 0.0024615393937190704 -65.217391304353427 0.09468728141436622 0.31114163815111678 3144.5000000000005 12.500000000000002 -0.41217381583570217 -1.4934210526315785
decision_type=2 8 8 8 10 10 10 10 10 2 10 10 10 8 10 8 10 10 10 2 10 10 8 8 8 10 8 8 10 10 10 2 2 10 10
left_child=-1 3 -3 6 5 23 7 8 -2 13 11 12 -11 28 26 16 -16 19 22 30 -21 -20 -19 29 32 31 -14 -28 -10 -4 -18 34 -25 -23 -26
right_child=1 2 4 -5 -6 -7 -8 -9 9 10 -12 -13 14 -15 15 -17 17 18 21 20 -22 33 -24 24 25 -27 27 -29 -30 -31 -32 -33 -34 -35 -36
leaf_value=-3.7594429353531403e-06 4.8313365744472365e-06 -7.548797491962486e-06 4.3085729809048975e-06 4.1762370469870008e-06 3.5619854037970377e-06 -5.4218129036391984e-06 -3.3783469129640029e-06 -3.4907948142251517e-06 2.4482703334352964e-06 5.2572524022194412e-06 5.0074779152863568e-06 -3.1474666135818136e-06 -4.2055066300992726e-06 -4.1003532065184126e-06 -2.5688505082453619e-06 5.0697724174020632e-06 3.844671790761504e-06 2.3770699693456689e-06 2.5776128529201668e-06 9.4273414645223733e-07 -4.0047828720201381e-06 3.0837016793975507e-07 6.8713784150014248e-06 -1.2366170879802602e-06 4.0239392870771397e-07 3.4335066252559348e-06 -3.0071324744319108e-06 4.2235102799663697e-06 -2.3765384498802524e-06 -2.4825110183277515e-07 -5.1456667850794538e-07 -3.1136088077735753e-06 -5.0714779703409765e-06 -2.7698029832677832e-06 -7.6306624100515704e-07
leaf_weight=564 603 606 523 932 729 568 742 647 520 536 525 630 533 792 658 527 538 981 992 545 987 826 520 523 653 753 816 527 541 555 519 719 519 575 580
leaf_count=564 603 606 523 932 729 568 742 647 520 536 525 630 533 792 658 527 538 981 992 545 987 826 520 523 653 753 816 527 541 555 519 719 519 575 580
internal_value=-8.28961e-08 8.27992e-09 -8.99858e-07 3.8988e-07 -2.4166e-07 -7.55861e-07 1.55854e-07 3.38767e-07 5.19758e-07 3.21095e-07 6.64246e-07 4.51321e-07 6.76268e-07 -1.75936e-06 4.18972e-07 8.43565e-07 5.31643e-07 8.46366e-07 1.82962e-06 -6.32417e-07 -2.24458e-06 5.09431e-07 3.93421e-06 -2.06537e-07 -8.3057e-07 6.16273e-08 -1.3164e-06 -1.69621e-07 -1.16664e-08 1.96232e-06 1.70402e-06 -1.23899e-06 -3.14691e-06 -9.54814e-07 -1.4565e-07
internal_weight=23304 22740 6728 16012 6122 5393 15080 14338 13691 13088 11235 10710 10080 1853 9544 7668 7141 6483 3894 2589 1532 2393 1501 4825 3747 2705 1876 1343 1061 1078 1057 1952 1042 1401 1233
internal_count=23304 22740 6728 16012 6122 5393 15080 14338 13691 13088 11235 10710 10080 1853 9544 7668 7141 6483 3894 2589 1532 2393 1501 4825 3747 2705 1876 1343 1061 1078 1057 1952 1042 1401 1233
is_linear=0
shrinkage=0.0329122


Tree=194
num_leaves=35
num_cat=0
split_feature=20 31 13 27 38 31 31 17 12 47 31 12 31 30 41 31 27 21 17 0 17 17 11 0 9 19 10 11 11 13 26 19 29 48
split_gain=8.10938e-06 1.11954e-05 1.38724e-05 2.08176e-05 1.99139e-05 1.31694e-05 7.12462e-06 6.89022e-06 8.93935e-06 6.24066e-06 6.0496e-06 1.09124e-05 8.43047e-06 1.15221e-05 9.27321e-06 7.52351e-06 6.30641e-06 8.49096e-06 9.52139e-06 1.80872e-05 7.7173e-06 9.53615e-06 1.31915e-05 1.01321e-05 8.90763e-06 8.13887e-06 9.71509e-06 8.03834e-06 7.95499e-06 7.34173e-06 6.74418e-06 6.1631e-06 4.00635e-06 2.99305e-07
threshold=92.750000000000014 32.500000000000007 -0.05544397801619174 -10.432165954160391 0.0012570715211277508 40.500000000000007 74.500000000000014 -0.014733922129478138 -0.038131588513267901 166.66666666664565 59.500000000000007 -0.78585325180655907 83.500000000000014 15.500000000000002 0.0043763885696773705 91.500000000000014 575.38556996127784 0.017663855168054934 -0.066442248617653063 37.500000000000007 -0.44476865321454356 -0.29114865383552663 -0.5496025487350954 15.500000000000002 -0.50595472518470663 -0.17106723262544318 -1.3919172932330823 -0.36019962655829529 -0.68882362550865828 -0.3631190512973797 -0.0040932295284609775 -0.027643488211374741 12.500000000000002 9.217874219391872e-12
decision_type=8 2 8 10 8 2 2 10 10 10 2 10 2 2 8 2 10 2 10 10 8 10 10 10 10 10 10 10 8 8 10 10 2 2
left_child=1 2 4 -4 -1 -3 -2 8 9 10 11 -7 13 -12 15 -14 17 18 20 -20 -17 28 23 -23 -25 -24 -27 -28 -22 -30 -18 -31 -33 -8
right_child=6 5 3 -5 -6 7 33 -9 -10 -11 12 -13 14 -15 -16 16 30 -19 19 -21 21 22 25 24 -26 26 27 -29 29 31 -32 32 -34 -35
leaf_value=-3.1130296280936128e-06 5.3492692645717947e-06 4.6031979837728077e-06 -9.5358574094276479e-06 -7.7539846057826425e-07 4.8478797751884206e-06 1.2980923460549111e-06 1.5477135530687802e-07 -3.8481486568595952e-06 4.010868155156401e-06 2.6762396574049432e-06 -6.1428119968568987e-07 -4.7383290789422181e-06 -4.0334323430973617e-06 4.8063738839997332e-06 -4.0245495329880994e-06 -4.1248952019734602e-06 2.2618480681322603e-07 3.1373219693025868e-06 5.7694021973666378e-06 -2.1624433278068111e-06 4.5966027885950031e-06 -6.6983100238177141e-06 3.8916291645322853e-06 1.0249635088858418e-06 -4.5633806851207373e-06 -3.838989885495126e-06 3.3796856753827694e-06 -1.3996352107407383e-06 3.9598961265784165e-06 -2.2981030966900289e-06 -4.7087105607536947e-06 -9.4760796912716182e-07 2.699037426402056e-06 1.2232879293574642e-06
leaf_weight=901 516 658 557 622 547 530 572 526 575 801 856 836 526 843 718 577 591 993 774 521 592 629 544 665 577 691 724 805 516 1021 609 580 746 565
leaf_count=901 516 658 557 622 547 530 572 526 575 801 856 836 526 843 718 577 591 993 774 521 592 629 544 665 577 691 724 805 516 1021 609 580 746 565
internal_value=-8.01682e-08 -2.49819e-07 -2.26382e-06 -4.91433e-06 -1.05539e-07 2.82793e-08 2.14178e-06 -1.35614e-07 -2.61399e-08 -1.60603e-07 -2.98634e-07 -2.39607e-06 -1.08853e-07 2.07517e-06 -3.85805e-07 -1.79761e-07 -1.2977e-08 2.3512e-07 -5.41453e-08 2.57811e-06 -4.47477e-07 -1.85165e-07 -1.16078e-06 -3.29487e-06 -1.57105e-06 2.83742e-07 -6.0025e-07 8.63281e-07 1.12359e-06 4.05373e-07 -2.27808e-06 -3.76009e-07 1.1038e-06 6.85942e-07
internal_weight=23304 21651 2627 1179 1448 19024 1653 18366 17840 17265 16464 1366 15098 1699 13399 12681 12155 10955 9962 1295 8667 8090 4635 1871 1242 2764 2220 1529 3455 2863 1200 2347 1326 1137
internal_count=23304 21651 2627 1179 1448 19024 1653 18366 17840 17265 16464 1366 15098 1699 13399 12681 12155 10955 9962 1295 8667 8090 4635 1871 1242 2764 2220 1529 3455 2863 1200 2347 1326 1137
is_linear=0
shrinkage=0.0329122


Tree=195
num_leaves=36
num_cat=0
split_feature=37 38 8 42 38 12 5 38 1 37 7 45 2 17 44 11 26 2 27 12 24 22 29 36 13 11 47 47 31 19 1 26 12 29 29
split_gain=8.09451e-06 1.17633e-05 1.04829e-05 2.21694e-05 1.40605e-05 2.67996e-05 1.22511e-05 7.03031e-06 9.78636e-06 7.73292e-06 8.90203e-06 1.73981e-05 8.61554e-06 1.39936e-05 1.11436e-05 1.08433e-05 8.02671e-06 8.76937e-06 8.63773e-06 7.78818e-06 9.10441e-06 7.57214e-06 6.59483e-06 6.17832e-06 8.51084e-06 7.90194e-06 5.63731e-06 5.49733e-06 5.1378e-06 7.62782e-06 4.69573e-06 3.65426e-06 2.60136e-06 1.65733e-06 1.61041e-06
threshold=-0.0037593984962405731 -0.0036079387670091552 -0.074999999999999276 0.0032077005391611961 0.002562461013165263 -0.74847419150757311 -0.10478517781127812 0.0019323689536455693 26.309970521055188 0.0020502311895754803 0.94230277014850128 -0.0020050130350972579 0.24547175531332158 -0.44476865321454356 -0.0024585135286243061 -0.83257414926726703 -0.0087753017457969599 0.090107045757870777 30.647353542970748 -0.18304274215106778 0.85714285714271365 -0.7709710435413023 6.5000000000000009 0.0012292567643121812 -0.11764421626401204 -0.36019962655829529 -44.871794871803246 37.037037037100639 210.50000000000003 0.20198705880774884 114.40325102459704 -0.0053746702334438118 -0.68470687436204669 19.500000000000004 6.5000000000000009
decision_type=8 8 8 8 10 8 2 10 8 10 10 10 2 8 8 10 8 2 10 10 10 10 2 10 8 8 8 10 2 10 10 8 10 2 2
left_child=-1 -2 3 6 7 -6 -3 8 -4 10 12 -12 13 -10 -15 -14 -16 18 23 20 21 31 -8 24 25 27 -13 -18 29 30 32 -17 33 34 -26
right_child=1 2 4 -5 5 -7 22 -9 9 -11 11 26 15 14 16 19 17 -19 -20 -21 -22 -23 -24 -25 28 -27 -28 -29 -30 -31 -32 -33 -34 -35 -36
leaf_value=-3.777129476624431e-06 4.8754679002127698e-06 3.6262693251353003e-06 3.6274993846986318e-06 7.2430129500237912e-06 1.810930569151237e-06 -8.0895040092897817e-06 1.0180593517727213e-06 3.5591799558416217e-06 -4.9716955336481098e-06 -4.0461655176911658e-06 -7.0647166282055385e-06 -2.9408930962195679e-06 -2.6285727443618528e-06 4.0404002757742404e-06 2.7940432409936975e-06 2.5590587379022831e-06 -2.8425983121580537e-06 -3.7820881181260813e-06 2.554571837878476e-06 5.8069015249652121e-06 -1.9562400347031197e-06 -1.0162617950393597e-07 -3.7723263538218143e-06 2.7589236527034933e-06 -2.694292255386104e-07 -4.8613273547776756e-06 1.2874728692584269e-06 1.6994425169978705e-06 2.4940461359095896e-06 -3.8345526133207905e-06 2.9020951938422734e-06 6.4676445655602567e-06 -2.4464004906099356e-06 -1.3390102053435204e-06 2.133015090981771e-06
leaf_weight=588 553 735 717 649 532 668 546 575 660 576 573 546 556 681 822 522 655 851 1024 578 598 618 724 522 691 967 912 516 686 652 531 515 576 592 537
leaf_count=588 553 735 717 649 532 668 546 575 660 576 573 546 556 681 822 522 655 851 1024 578 598 618 724 522 691 967 912 516 686 652 531 515 576 592 537
internal_value=3.52619e-08 1.34216e-07 1.55836e-08 1.9559e-06 -2.49179e-07 -3.70012e-06 2.44391e-07 -2.22424e-08 -1.38772e-07 -2.98036e-07 -1.66228e-07 -2.20563e-06 1.22399e-07 -3.25828e-07 -2.81961e-08 1.57328e-06 -3.16176e-07 -6.06725e-07 -2.6675e-07 2.39859e-06 1.5241e-06 2.78179e-06 -1.71266e-06 -6.83971e-07 -9.64687e-07 -2.65944e-06 -2.95832e-07 -8.40957e-07 -1.15069e-07 -6.15231e-07 1.01807e-07 4.50038e-06 -5.18696e-07 9.12648e-08 7.80965e-07
internal_weight=23244 22656 22103 2654 19449 1200 2005 18249 17674 16957 16381 2031 14350 10963 10303 3387 9622 8800 7949 2831 2253 1655 1270 6925 6403 2138 1458 1171 4265 3579 2927 1037 2396 1820 1228
internal_count=23244 22656 22103 2654 19449 1200 2005 18249 17674 16957 16381 2031 14350 10963 10303 3387 9622 8800 7949 2831 2253 1655 1270 6925 6403 2138 1458 1171 4265 3579 2927 1037 2396 1820 1228
is_linear=0
shrinkage=0.0329122


Tree=196
num_leaves=37
num_cat=0
split_feature=37 38 8 43 38 12 43 5 31 19 1 29 30 19 55 20 39 22 2 25 1 43 43 45 1 31 42 37 43 27 15 13 47 15 31 55
split_gain=7.57046e-06 1.10018e-05 9.80425e-06 2.56422e-05 1.31502e-05 2.50646e-05 1.02336e-05 1.4994e-05 6.58397e-06 1.40347e-05 9.41612e-06 2.032e-05 1.1076e-05 9.40896e-06 2.31628e-05 1.45893e-05 1.45398e-05 1.23752e-05 7.8631e-06 8.83572e-06 1.26408e-05 9.08201e-06 6.4141e-06 7.25856e-06 1.18078e-05 6.13594e-06 6.1575e-06 1.32554e-05 1.06757e-05 1.02713e-05 8.87831e-06 5.69074e-06 4.87602e-06 2.84109e-06 1.38418e-06 4.98686e-07
threshold=-0.0037593984962405731 -0.0036079387670091552 -0.074999999999999276 0.0037094284842827956 0.002562461013165263 -0.74847419150757311 0.0015540024921998354 -0.10478517781127812 211.50000000000003 -1.9857221615059186 114.30974034040246 7.5000000000000009 13.500000000000002 0.029545157235766343 4372.5000000000009 1.4312826047850336 0.0018957363003851981 -0.78997980218017638 0.36805924910735599 -0.98097104361317577 40.604182068407049 0.0013651883493988051 -0.0034453083269037062 0.0019474215153101329 269.65803529288354 192.50000000000003 -0.0012682313279677169 -0.0010493190987087562 -0.0016038502695805976 -1.6265529594687924 0.051180197011733375 -0.12792816907330762 15.873015873001696 0.15609811322309824 74.500000000000014 2553.0000000000005
decision_type=8 8 8 8 10 8 10 2 2 10 10 2 2 10 2 10 10 8 2 10 10 8 8 8 8 2 8 8 8 10 10 8 10 8 2 2
left_child=-1 -2 3 6 8 -6 7 -3 13 -10 12 -12 -11 16 17 18 22 -15 19 20 -16 33 -4 25 -25 26 28 -28 -24 -29 -31 -14 -32 -21 -26 -36
right_child=1 2 4 -5 5 -7 -8 -9 9 10 11 -13 31 14 15 -17 -18 -19 -20 21 -22 -23 23 24 34 -27 27 29 -30 30 32 -33 -34 -35 35 -37
leaf_value=-3.6528159894114482e-06 4.7150057731740799e-06 5.6994650874921095e-06 -3.3509497493386153e-06 8.3449705620573521e-06 1.7513289899060674e-06 -7.8232610038569308e-06 -3.7313650846155244e-06 -8.8715050898106447e-07 -3.7214779913020288e-06 -3.3578433035707659e-06 1.4112868616830467e-07 8.9019713312985223e-06 2.3042410654605206e-07 -2.1269543579336942e-06 -2.8410060668632442e-07 3.4668437129640003e-06 5.6111293755506289e-06 -9.2223497071563358e-06 2.0005698196462038e-06 -5.2636051436796548e-07 -6.8853493923668885e-06 3.1276959709864276e-06 2.1988442552580534e-06 -4.395689906118514e-06 1.7054049107902712e-06 -2.2181721322141929e-06 6.854864774947113e-06 4.0690505251444586e-06 -4.2759680437329177e-06 2.5594880535203819e-06 -3.405783167972089e-06 4.1797437932838788e-06 6.6290685630235384e-07 -3.8188005979659404e-06 -1.0373857241745672e-06 3.8867701481225857e-07
leaf_weight=588 553 598 581 533 532 668 522 1001 540 541 589 559 837 519 549 866 529 547 645 599 735 530 590 845 570 599 517 923 518 845 788 749 536 540 517 546
leaf_count=588 553 598 581 533 532 668 522 1001 540 541 589 559 837 519 549 866 529 547 645 599 735 530 590 845 570 599 517 923 518 845 788 749 536 540 517 546
internal_value=3.41016e-08 1.298e-07 1.50711e-08 1.89153e-06 -2.40977e-07 -3.57834e-06 2.6969e-07 1.57599e-06 -2.15099e-08 1.19446e-06 2.00509e-06 4.40728e-06 7.08463e-07 -3.42914e-07 -1.40918e-06 -3.68238e-07 3.19287e-07 -5.76805e-06 -1.29136e-06 -2.01047e-06 -4.06303e-06 -4.31254e-07 -1.49401e-08 2.33712e-07 -1.23735e-06 9.19477e-07 1.31797e-06 1.97686e-06 -8.27983e-07 1.16115e-06 -7.61707e-08 2.09566e-06 -1.75847e-06 -2.08751e-06 3.96797e-07 -3.04687e-07
internal_weight=23244 22656 22103 2654 19449 1200 2121 1599 18249 3815 3275 1148 2127 14434 5530 4464 8904 1066 3598 2953 1284 1669 8375 7794 2478 5316 4717 3609 1108 3092 2169 1586 1324 1139 1633 1063
internal_count=23244 22656 22103 2654 19449 1200 2121 1599 18249 3815 3275 1148 2127 14434 5530 4464 8904 1066 3598 2953 1284 1669 8375 7794 2478 5316 4717 3609 1108 3092 2169 1586 1324 1139 1633 1063
is_linear=0
shrinkage=0.0329122


Tree=197
num_leaves=36
num_cat=0
split_feature=26 2 41 24 55 39 18 7 47 50 55 37 39 31 47 10 3 2 8 10 40 26 13 25 47 55 1 23 39 0 47 12 31 1 55
split_gain=7.81082e-06 1.62933e-05 1.14704e-05 1.01888e-05 2.39368e-05 1.10758e-05 1.48965e-05 8.82485e-06 1.00903e-05 8.24652e-06 1.00409e-05 1.90784e-05 1.65643e-05 8.94334e-06 9.34925e-06 8.48046e-06 9.22014e-06 7.90663e-06 8.49482e-06 8.14751e-06 1.24291e-05 7.43857e-06 7.16159e-06 7.21926e-06 6.79161e-06 5.04432e-06 4.9517e-06 4.65354e-06 7.24444e-06 3.80775e-06 3.80266e-06 4.9936e-06 3.74985e-06 8.02141e-06 3.3751e-06
threshold=0.0044414605054402022 0.099850776937360289 0.0043891757211476099 3001.0000000000073 8371.5000000000018 -0.0024767811353626486 -0.23602455269164158 1.1961253456619427 -27.777777777810837 66.666666666665051 27000.500000000004 0.0034782713898567912 0.0019361102364565677 210.50000000000003 -1.0000000180025095e-35 -2.2998120300751874 -0.30252645166849418 0.26086224890463999 -0.049999999999998927 -1.6936090225563905 0.0021242703813759705 0.001422035574401887 -0.25078138790746718 -0.99213221363280579 55.555555555588128 6403.5000000000009 78.491896879072087 1.0000000180025095e-35 0.0010055306714660264 21.500000000000004 37.037037037051782 -0.46942670197850128 102.50000000000001 26.500017962409576 2772.5000000000005
decision_type=10 2 10 10 2 8 10 10 10 10 2 10 8 2 8 10 2 2 10 10 8 8 10 10 10 2 10 10 10 10 10 8 2 10 2
left_child=2 -2 3 5 -5 6 -1 9 -9 10 11 13 21 15 -15 -7 -17 18 32 -20 22 27 -21 -24 -11 -16 -25 28 29 -12 31 -31 33 -18 -34
right_child=1 -3 -4 4 -6 7 -8 8 -10 24 12 -13 -14 14 25 16 17 -19 19 20 -22 -23 23 26 -26 -27 -28 -29 -30 30 -32 -33 34 -35 -36
leaf_value=5.7587687443294907e-07 -5.4865920968600216e-06 2.0542046613965487e-06 5.0044633813444097e-06 6.4003811949889922e-06 -1.1037837784013792e-06 -4.2494534069363317e-06 -7.2371060362302888e-06 -3.3960741237870461e-07 6.0778190551027983e-06 -4.7673809004013081e-07 3.8561948056613541e-06 -6.3167627044025537e-06 5.7332783682465621e-06 4.7341327275615142e-06 1.6001073502918235e-06 3.059298690420314e-06 -9.7334855267145615e-07 1.9934674107511367e-06 1.1887616563154895e-06 -5.2413476317489429e-06 -7.4032706602859835e-06 3.5469271918153221e-06 -4.2053896239845968e-06 -2.0751777837813566e-06 -5.5978279554784329e-06 -2.283039779398878e-06 2.0325247273948872e-06 -2.3643258054841292e-06 -2.2398553639126123e-06 -2.7389117417705529e-06 2.7586748102894615e-06 1.7817854099531396e-06 1.0664818055661016e-06 4.7067885681669964e-06 -2.4590554939361566e-06
leaf_weight=515 772 519 521 863 987 672 543 519 543 600 537 583 756 717 1004 755 562 960 622 545 553 714 526 537 527 567 779 789 783 539 601 520 520 517 677
leaf_count=515 772 519 521 863 987 672 543 519 543 600 537 583 756 717 1004 755 562 960 622 545 553 714 526 537 527 567 779 789 783 539 601 520 520 517 677
internal_value=3.29793e-08 -2.45491e-06 1.79296e-07 6.19883e-08 2.39668e-06 -1.58569e-07 -3.43378e-06 2.84825e-08 2.9414e-06 -1.48662e-07 3.91899e-08 -5.21488e-07 1.22673e-06 -2.00089e-07 1.61993e-06 -7.06402e-07 -3.91142e-07 -7.74389e-07 -1.22957e-06 -2.23314e-06 -2.95717e-06 4.66706e-07 -1.92703e-06 -9.46291e-07 -2.87163e-06 1.98469e-07 3.56184e-07 -1.16751e-07 4.78251e-07 1.44708e-06 6.67602e-07 -5.18901e-07 3.40927e-07 1.74806e-06 -9.27303e-07
internal_weight=23244 1291 21953 21432 1850 19582 1058 18524 1062 17462 16335 11096 5239 10513 2288 8225 7553 6798 5838 3562 2940 4483 2387 1842 1127 1571 1316 3769 2980 2197 1660 1059 2276 1079 1197
internal_count=23244 1291 21953 21432 1850 19582 1058 18524 1062 17462 16335 11096 5239 10513 2288 8225 7553 6798 5838 3562 2940 4483 2387 1842 1127 1571 1316 3769 2980 2197 1660 1059 2276 1079 1197
is_linear=0
shrinkage=0.0329122


Tree=198
num_leaves=34
num_cat=0
split_feature=26 2 41 24 55 39 44 7 38 41 9 42 44 43 7 17 0 39 27 7 11 23 17 18 7 11 23 31 9 13 27 20 31
split_gain=7.30511e-06 1.52384e-05 1.07278e-05 9.52913e-06 2.23872e-05 1.04441e-05 1.59832e-05 9.04456e-06 1.00414e-05 1.95692e-05 9.49278e-06 8.5427e-06 1.06609e-05 5.80781e-06 6.34481e-06 7.40655e-06 7.53927e-06 7.56777e-06 6.05754e-06 4.28456e-06 6.20938e-06 5.29555e-06 7.05588e-06 7.25953e-06 3.81948e-06 4.2462e-06 4.3047e-06 3.6516e-06 3.36929e-06 3.78504e-06 3.49345e-06 2.82646e-06 1.70911e-07
threshold=0.0044414605054402022 0.099850776937360289 0.0043891757211476099 3001.0000000000073 8371.5000000000018 -0.0020130855627217277 -0.0012682313279677169 1.1961253456619427 0.002562461013165263 0.0030441470828083132 -0.53240842440551372 0.0036286667968759016 0.0033927081235072269 -0.0015910989595200318 0.93258013617552871 -0.45372816716714376 169.50000000000003 0.0020070250913383218 14.280765202225494 0.090606636709298319 -0.48774480355640987 0.75000000000000011 -0.12119488897340626 -0.034569565675781046 0.18393638335788429 -0.534269589613101 -0.049999999999998927 153.50000000000003 -0.42569201342524082 -0.27221656280056156 -11.810853915218432 5.6291005291005307 84.500000000000014
decision_type=10 2 10 10 2 8 8 10 10 10 8 10 10 8 10 8 10 10 8 8 8 10 10 8 8 8 8 2 10 10 10 8 2
left_child=2 -2 3 5 -5 6 -1 8 11 -10 -9 12 13 18 15 -15 17 19 -7 20 -17 22 24 -24 -21 27 -27 -26 29 31 -31 -28 -33
right_child=1 -3 -4 4 -6 7 -8 10 9 -11 -12 -13 -14 14 -16 16 -18 -19 -20 21 -22 -23 23 -25 25 26 28 -29 -30 30 -32 32 -34
leaf_value=-6.4109112111306684e-06 -5.3060165468724196e-06 1.9865963017585013e-06 4.8397557638564972e-06 6.189730888969677e-06 -1.0674559253514624e-06 -1.4314759709713162e-07 8.3061420312772791e-07 6.1883901347204946e-06 7.9133849278563113e-07 -7.5706087230238664e-06 -9.7017504474417201e-08 3.7807051600302884e-06 -4.4388309807976881e-06 -3.4421474288884475e-06 -2.9395312268399877e-06 3.9831717849131782e-07 3.6853053837795403e-06 3.759253268502446e-06 3.6986568805017824e-06 2.0238729745239782e-06 -4.1677666969356585e-06 -2.7415036117389583e-06 5.4638170251861452e-06 4.6574195091325178e-07 -3.739292096968722e-06 2.6428820839346251e-06 -2.7127522852028319e-06 -3.1769989074710251e-07 -2.2375144182591194e-06 2.9680335962821464e-06 -3.3265682439644729e-07 4.8678999344124578e-07 -2.4910293254584431e-07
leaf_weight=696 772 519 521 863 987 849 628 518 668 555 523 652 581 623 819 630 650 561 933 814 661 664 539 757 667 619 572 685 788 765 636 516 1013
leaf_count=696 772 519 521 863 987 849 628 518 668 555 523 652 581 623 819 630 650 561 933 814 661 664 539 757 667 619 572 685 788 765 636 516 1013
internal_value=3.18935e-08 -2.37411e-06 1.73395e-07 5.99474e-08 2.3178e-06 -1.5335e-07 -2.97594e-06 5.13201e-08 -1.2879e-07 -3.00314e-06 3.03037e-06 9.0986e-08 -6.58037e-08 1.06305e-07 -1.35579e-07 5.32534e-08 2.42026e-07 3.64261e-08 1.86817e-06 -1.65809e-07 -1.93937e-06 8.75877e-08 3.12023e-07 2.54459e-06 -9.69077e-08 -3.72669e-07 7.70929e-08 -2.00589e-06 -2.93069e-07 1.44394e-07 1.46948e-06 -7.39101e-07 -6.07527e-10
internal_weight=23244 1291 21953 21432 1850 19582 1324 18258 17217 1223 1041 15994 15342 14761 12979 12160 11537 10887 1782 10326 1291 9035 8371 1296 7075 6261 4909 1352 4290 3502 1401 2101 1529
internal_count=23244 1291 21953 21432 1850 19582 1324 18258 17217 1223 1041 15994 15342 14761 12979 12160 11537 10887 1782 10326 1291 9035 8371 1296 7075 6261 4909 1352 4290 3502 1401 2101 1529
is_linear=0
shrinkage=0.0329122


Tree=199
num_leaves=36
num_cat=0
split_feature=37 38 8 43 38 12 7 47 18 34 38 1 7 41 19 17 36 47 31 19 27 7 3 1 12 47 12 7 18 2 16 3 20 55 31
split_gain=7.3303e-06 1.03033e-05 8.83803e-06 2.36163e-05 1.18876e-05 2.32998e-05 1.13301e-05 1.47489e-05 7.55531e-06 6.58005e-06 7.39592e-06 7.57054e-06 7.51284e-06 1.11819e-05 1.44268e-05 1.06118e-05 8.35002e-06 1.15643e-05 7.48474e-06 1.20416e-05 9.14868e-06 7.71349e-06 1.31754e-05 1.00474e-05 9.53417e-06 8.73847e-06 8.60242e-06 8.03506e-06 7.42375e-06 7.22995e-06 6.28618e-06 8.669e-06 4.47939e-06 1.2993e-06 1.52168e-07
threshold=-0.0037593984962405731 -0.0036079387670091552 -0.074999999999999276 0.0037094284842827956 0.002562461013165263 -0.74847419150757311 0.83236301593905948 41.66666666666179 -0.52027440236766986 1.0000000180025095e-35 0.0019323689536455693 26.309970521055188 0.93258013617552871 0.0012383905676812692 -0.012200462598803695 -0.42845729032948221 -0.0010712375863818344 -41.666666666668974 226.50000000000003 0.20198705880774884 1873.3895694324908 0.51442670987996586 -0.22295294322367187 57.773168534699288 -0.42242298411985851 -47.619047619031655 -0.31153082270262006 0.14647064754003922 -0.46149239855985974 -0.11615901207493554 0.4604842457477461 0.19662639824476827 0.60464083938660218 6033.0000000000009 122.50000000000001
decision_type=8 8 8 8 10 8 8 8 8 2 10 8 8 8 8 8 10 10 2 10 10 10 2 10 8 8 10 10 10 2 10 2 10 2 2
left_child=-1 -2 3 6 8 -6 7 -3 -4 10 11 -10 15 16 -15 29 -14 -18 20 28 21 22 23 -17 30 -23 -27 -26 -20 -13 -24 -32 -29 34 -16
right_child=1 2 4 -5 5 -7 -8 -9 9 -11 -12 12 13 14 33 18 17 -19 19 -21 -22 25 24 -25 27 26 -28 32 -30 -31 31 -33 -34 -35 -36
leaf_value=-3.5971227554594191e-06 4.5622789304778324e-06 1.6847436286622216e-06 -3.7567679066120592e-06 7.988834914972115e-06 1.7363748826749988e-06 -7.4949757066173371e-06 4.3809048832494392e-06 -4.7013716116484885e-06 3.4778015949836077e-06 -3.3917969097839853e-06 4.0385482574461894e-06 -5.2685395626480774e-06 8.4686174748774006e-08 5.2736529569538582e-06 -7.6616726870376296e-07 -5.2220330064514514e-07 -6.4193261696790367e-06 -5.016341698201647e-07 -1.8229508288796641e-06 6.6679762070524662e-06 3.8405696789992545e-06 4.4563072766186108e-06 -5.8409968720836862e-06 5.1159466287896191e-06 3.0849633394116129e-06 2.1148371498182559e-06 -3.062219201660256e-06 9.3042839716093966e-07 3.3829672675097762e-06 3.6922499972013104e-08 1.82491179607446e-07 -4.8405395785689756e-06 -2.9040633175255396e-06 -2.3604354021368049e-06 -2.9111841739693857e-08
leaf_weight=588 553 880 568 533 532 668 535 706 686 566 531 565 722 517 608 727 958 571 586 560 733 773 639 647 642 909 563 549 601 548 876 647 827 523 607
leaf_count=588 553 880 568 533 532 668 535 706 686 566 531 565 722 517 608 727 958 571 586 560 733 773 639 647 642 909 563 549 601 548 876 647 827 523 607
internal_value=3.08435e-08 1.25012e-07 1.39843e-08 1.79558e-06 -2.29119e-07 -3.40222e-06 2.39128e-07 -1.15786e-06 -2.04533e-08 9.95624e-08 2.15036e-07 9.25984e-08 -5.3459e-08 -1.19108e-06 4.46911e-07 3.96495e-07 -2.83208e-06 -4.20953e-06 7.27051e-07 2.68974e-06 3.25147e-07 -5.22584e-09 -6.63318e-07 2.13257e-06 -1.5824e-06 1.62275e-06 1.34598e-07 4.44456e-08 8.12709e-07 -2.65612e-06 -3.101e-06 -1.95124e-06 -1.374e-06 -9.88761e-07 -3.98131e-07
internal_weight=23244 22656 22103 2654 19449 1200 2121 1586 18249 17681 17115 16584 15898 4506 2255 11392 2251 1529 10279 1747 8532 7799 5554 1374 4180 2245 1472 2018 1187 1113 2162 1523 1376 1738 1215
internal_count=23244 22656 22103 2654 19449 1200 2121 1586 18249 17681 17115 16584 15898 4506 2255 11392 2251 1529 10279 1747 8532 7799 5554 1374 4180 2245 1472 2018 1187 1113 2162 1523 1376 1738 1215
is_linear=0
shrinkage=0.0329122


end of trees

feature_importances:
alpha042=421
time_encoded=414
volume=300
vwap=274
alpha020=266
past_ret_2=263
MFI=213
alpha041=189
alpha033=188
alpha030=184
past_ret_1=177
past_ret_3=177
past_ret_7=172
CCI=172
OBV=171
alpha083=170
alpha015=166
past_ret_4=162
alpha013=154
alpha018=154
alpha060=153
alpha038=151
alpha040=142
alpha005=140
past_ret_10=135
alpha054=133
past_ret_9=133
alpha053=124
stock_encoded=124
alpha011=122
past_ret_8=122
past_ret_5=119
alpha050=101
alpha016=94
past_ret_6=92
alpha002=88
alpha003=66
alpha101=63
alpha044=54
alpha051=51
alpha006=48
alpha012=41
day_encoded=41
alpha007=28
STOCHRSI=12
NATR=6
slowD=5
BOP=3
slowK=2
DI_diff=2
open_10min=1
open_20min=1

parameters:
[boosting: gbdt]
[objective: regression]
[metric: rmse]
[tree_learner: serial]
[device_type: cpu]
[data_sample_strategy: bagging]
[data: ]
[valid: ]
[num_iterations: 200]
[learning_rate: 0.0329122]
[num_leaves: 70]
[num_threads: 0]
[seed: 0]
[deterministic: 0]
[force_col_wise: 0]
[force_row_wise: 0]
[histogram_pool_size: -1]
[max_depth: -1]
[min_data_in_leaf: 515]
[min_sum_hessian_in_leaf: 0.001]
[bagging_fraction: 0.874485]
[pos_bagging_fraction: 1]
[neg_bagging_fraction: 1]
[bagging_freq: 5]
[bagging_seed: 3]
[bagging_by_query: 0]
[feature_fraction: 0.828352]
[feature_fraction_bynode: 1]
[feature_fraction_seed: 2]
[extra_trees: 0]
[extra_seed: 6]
[early_stopping_round: 0]
[early_stopping_min_delta: 0]
[first_metric_only: 0]
[max_delta_step: 0]
[lambda_l1: 6.94951e-06]
[lambda_l2: 1.00305e-05]
[linear_lambda: 0]
[min_gain_to_split: 0]
[drop_rate: 0.1]
[max_drop: 50]
[skip_drop: 0.5]
[xgboost_dart_mode: 0]
[uniform_drop: 0]
[drop_seed: 4]
[top_rate: 0.2]
[other_rate: 0.1]
[min_data_per_group: 100]
[max_cat_threshold: 32]
[cat_l2: 10]
[cat_smooth: 10]
[max_cat_to_onehot: 4]
[top_k: 20]
[monotone_constraints: ]
[monotone_constraints_method: basic]
[monotone_penalty: 0]
[feature_contri: ]
[forcedsplits_filename: ]
[refit_decay_rate: 0.9]
[cegb_tradeoff: 1]
[cegb_penalty_split: 0]
[cegb_penalty_feature_lazy: ]
[cegb_penalty_feature_coupled: ]
[path_smooth: 0]
[interaction_constraints: ]
[verbosity: -1]
[saved_feature_importance_type: 0]
[use_quantized_grad: 0]
[num_grad_quant_bins: 4]
[quant_train_renew_leaf: 0]
[stochastic_rounding: 1]
[linear_tree: 0]
[max_bin: 255]
[max_bin_by_feature: ]
[min_data_in_bin: 3]
[bin_construct_sample_cnt: 200000]
[data_random_seed: 1]
[is_enable_sparse: 1]
[enable_bundle: 1]
[use_missing: 1]
[zero_as_missing: 0]
[feature_pre_filter: 1]
[pre_partition: 0]
[two_round: 0]
[header: 0]
[label_column: ]
[weight_column: ]
[group_column: ]
[ignore_column: ]
[categorical_feature: ]
[forcedbins_filename: ]
[precise_float_parser: 0]
[parser_config_file: ]
[objective_seed: 5]
[num_class: 1]
[is_unbalance: 0]
[scale_pos_weight: 1]
[sigmoid: 1]
[boost_from_average: 1]
[reg_sqrt: 0]
[alpha: 0.9]
[fair_c: 1]
[poisson_max_delta_step: 0.7]
[tweedie_variance_power: 1.5]
[lambdarank_truncation_level: 30]
[lambdarank_norm: 1]
[label_gain: ]
[lambdarank_position_bias_regularization: 0]
[eval_at: ]
[multi_error_top_k: 1]
[auc_mu_weights: ]
[num_machines: 1]
[local_listen_port: 12400]
[time_out: 120]
[machine_list_filename: ]
[machines: ]
[gpu_platform_id: -1]
[gpu_device_id: -1]
[gpu_use_dp: 0]
[num_gpu: 1]

end of parameters

pandas_categorical:[]
