tree
version=v4
num_class=1
num_tree_per_iteration=1
label_index=0
max_feature_idx=33
objective=regression
feature_names=open high low close volume vwap alpha002 alpha003 alpha005 alpha006 alpha007 alpha011 alpha012 alpha013 alpha015 alpha016 alpha018 alpha020 alpha027 alpha030 alpha033 alpha038 alpha040 alpha041 alpha042 alpha044 alpha050 alpha051 alpha053 alpha054 alpha060 alpha083 alpha101 stock_encoded
feature_infos=[24.75:2405] [24.75:2410] [24.75:2400] [24.75:2405] [1:9861] [24.831676706827309:2393.3433133732533] [-0.99440251190931772:0.99289045818785504] [-0.93441247128951888:0.96192615154003835] [-0.99931388713107783:-2.9772387123204389e-07] [-0.99926738507424795:0.99927377525030925] [-60:60] [6.4820939779851076e-06:1.9935073049941976] [-135:20] [-1:-0.00022644927536231884] [-2.9928229665071751:-0.0068352699931648964] [-1:-0.00017914725904693657] [-1:-0.00017099863201094391] [-1:-4.9975268476768618e-12] [1:1] [0.00011970853573906926:0.9124910689938317] [0.00017088174982911826:1] [-0.9777606040347242:-2.8998723253444025e-05] [-inf:inf] [-58.774650414934513:25.722813471117206] [0.00017838030681412772:16.957236842105264] [-1.0000000000053018:0.99999999998306577] [-1:-0.0090629274965800272] [-135:15] [-200000:150000] [-1:0] [-0.00065335386837465275:0.0010690806075951474] [-inf:inf] [-0.99995000249987498:0.99995000249987498] [0:24]
tree_sizes=3050 3100 3181 2803 3285 2905 3191 3088 2994 2896 2784 2896 3108 3095 2802 2897 3003 2995 3100 3010 3090 2907 3094 2879 3004 3108 2981 2614 2614 2788 2799 2893 2986 2884 2789 2989 2794 2883 2996 2879 3104 2989 2892 2904 2699 2798 3001 3000 2904 3096 2908 2703 2703 2889 2987 2998 2813 2906 2898 2997 2812 2903 2893 2700 2892 2888 2908 2991 2909 2905 2911 2996 2981 2999 2996 2809 2801 2979 3105 3086 2879 2985 3004 2803 3187 3080 2798 2896 2901 2995 2993 2794 2889 2804 2993 2803 2885 2889 3078 2987 3083 2902 2998 3201 2897 2895 3082 2886 2987 2887 2905 2885 2994 2803 3094 2802 2997 2805 3208 2809 2996 2998 3094 2808 2924 2788 3098 2897 2791 3005 2905 2709 2800 2899 2888 2831 2799 2898 2807 2704 2899 2802 2901 2996 2987 2884 2873 3084 3082 2993 2694 2996 2891 3066 2986 3193 2985 3090 2876 3012 3196 2981 2893 2882 2799 2899 2804 2791 2885 2792 2985 3102 2906 3095 2803 2903 3189 3003 3093 2899 2890 3093 2991 2603 2798 2794 3013 3009 3112 2994 2906 3008 2904 2904 3010 2800 2791 2893 2984 2802

Tree=0
num_leaves=30
num_cat=0
split_feature=29 21 29 8 20 0 8 20 29 8 23 0 20 20 29 13 33 33 22 22 1 19 5 23 13 23 13 19 33
split_gain=0.00513925 0.00123253 0.000617226 0.00041561 0.000297712 0.000346681 0.000244529 0.000200255 0.000195995 0.000145301 0.000137231 0.00013141 0.000124229 0.000113801 0.000104578 0.000102796 9.51831e-05 8.53516e-05 8.51236e-05 8.02907e-05 7.82487e-05 6.24308e-05 5.60207e-05 4.69951e-05 3.62769e-05 2.69187e-05 1.9428e-05 1.38995e-05 7.93871e-06
threshold=-0.50311914312393957 -0.24392526255697997 -0.98572470964588288 -0.00749857877759147 0.82649670194955493 113.25000000000001 -0.17671882151874077 0.51872483424661697 -0.98115628956620127 -0.14547674281755807 0.14588815798614266 81.750000000000014 0.4975901339709205 0.50330413218429049 -0.99375392092900527 -0.39356160818502323 8.5000000000000018 18.500000000000004 -0.30873720076278549 -0.37055131289876769 259.75000000000006 0.1283885479017938 57.773168534699288 -0.019581411976034243 -0.436035313109358 0.12250489648381092 -0.19825695592763207 0.079234015145746226 11.500000000000002
decision_type=10 10 10 10 10 10 10 10 10 10 10 10 10 10 10 10 2 2 10 10 10 10 10 10 8 8 8 8 2
left_child=2 7 6 4 9 -6 11 10 -4 12 13 14 -3 17 25 18 24 -2 -8 -12 22 -11 -14 -15 -13 27 -27 -1 -28
right_child=1 3 8 -5 5 -7 15 -9 -10 21 19 16 20 23 -16 -17 -18 -19 -20 -21 -22 -23 -24 -25 -26 26 28 -29 -30
leaf_value=8.8411899120697591e-05 9.4029080100203723e-05 9.1513391585632412e-05 8.3274350152934767e-05 9.8731610419256144e-05 9.4139263907365932e-05 9.8396092597303602e-05 9.0126644784669109e-05 9.4112646256897344e-05 8.7289275356939206e-05 9.4062030178726497e-05 8.8323503869984461e-05 8.919482266990251e-05 9.3566037411084693e-05 9.1547402498388415e-05 8.755403374536163e-05 8.9172844801273932e-05 8.6200927968196881e-05 9.1459407914634152e-05 9.2668674682167137e-05 9.0868400554857306e-05 9.2487732702645664e-05 9.5955384274904864e-05 9.5687052861472531e-05 8.9598843931538888e-05 8.7489784630401452e-05 9.0577514330623159e-05 8.9865180090853086e-05 8.9480621668382697e-05 8.9115281103873079e-05
leaf_weight=559 581 764 534 556 901 794 568 553 539 846 504 604 597 593 755 724 695 560 595 598 649 704 509 506 506 574 709 517 556
leaf_count=559 581 764 534 556 901 794 568 553 539 846 504 604 597 593 755 724 695 560 595 598 649 704 509 506 506 574 709 517 556
internal_value=9.13323e-05 9.35728e-05 8.86191e-05 9.48536e-05 9.44795e-05 9.61333e-05 8.91042e-05 9.14946e-05 8.52911e-05 9.37905e-05 9.10614e-05 8.86016e-05 9.30943e-05 9.17289e-05 8.9112e-05 9.05622e-05 8.7564e-05 9.27679e-05 9.14271e-05 8.97045e-05 9.37825e-05 9.4922e-05 9.45422e-05 9.06503e-05 8.84175e-05 8.95155e-05 8.98608e-05 8.89254e-05 8.95356e-05
internal_weight=18650 10215 8435 6320 5764 1695 7362 3895 1073 4069 3342 5475 2519 2240 3670 1887 1805 1141 1163 1102 1755 1550 1106 1099 1110 2915 1839 1076 1265
internal_count=18650 10215 8435 6320 5764 1695 7362 3895 1073 4069 3342 5475 2519 2240 3670 1887 1805 1141 1163 1102 1755 1550 1106 1099 1110 2915 1839 1076 1265
is_linear=0
shrinkage=1


Tree=1
num_leaves=30
num_cat=0
split_feature=30 24 24 0 21 31 21 24 1 19 16 15 21 16 1 15 25 6 30 14 17 1 19 19 16 21 33 24 14
split_gain=0.00356547 0.00108392 0.000907608 0.000500227 0.000471576 0.000368092 0.000293977 0.000236931 0.000206279 0.000156404 0.000153672 0.000131108 0.000120019 0.000117397 0.00010459 9.91357e-05 9.57962e-05 7.31786e-05 7.04816e-05 9.65473e-05 7.00279e-05 6.80448e-05 6.08971e-05 5.28518e-05 4.51609e-05 4.49761e-05 5.56013e-05 2.38522e-05 1.66824e-05
threshold=-0.00014861293463354895 0.85248209206933701 0.84060164314523023 82.850000000000009 -0.30247946552938126 307.87663277086244 -0.083034867595870837 0.37435388890488669 78.15000000000002 0.034143492055604539 -0.65189786656939563 -0.26701920645432381 -0.48482446727689216 -0.68009954759550173 82.850000000000009 -0.47605132359708063 -0.32987202914857111 -0.4180685031929306 -0.0002728471930297899 -1.3055365686944638 -0.11745447313412077 32.275000000000006 0.089231340462334219 0.12307380632068197 -0.42058331486200862 -0.15886019977297686 11.500000000000002 0.52505203695725033 -1.4523667122351325
decision_type=10 10 10 10 10 8 10 8 10 10 10 8 10 8 10 10 2 2 8 2 10 10 8 8 10 10 2 10 2
left_child=2 4 7 21 20 8 -5 9 -4 12 -6 -7 -1 15 -11 -9 -15 -12 19 -18 -2 -3 -10 -23 27 -19 -27 28 -20
right_child=1 3 5 6 10 11 -8 13 22 14 17 -13 -14 16 -16 -17 18 25 24 -21 -22 23 -24 -25 -26 26 -28 -29 -30
leaf_value=-3.133496181337132e-06 -2.6986566567300458e-06 4.5452177364220639e-06 9.1936352205177495e-07 5.0059176103065589e-06 -7.9795369304075441e-08 4.0827724447375358e-06 9.565505243195672e-06 -1.7384542666178026e-06 -3.429595295021339e-06 -1.5036034901849946e-06 4.1861728465064747e-06 1.2067201469617988e-06 -6.1305324491192541e-06 4.9266651937950787e-07 -3.7645320107062171e-06 -4.6830151114469456e-06 -4.0478810487032742e-06 1.1013571157953152e-06 -1.4403574823698446e-06 -1.2493601485632828e-06 -3.0274454252964958e-07 1.4154137738357862e-06 -1.127333178010685e-06 3.4645730554116195e-06 -5.175366218487347e-08 3.6186165741591488e-06 1.7141892036054612e-06 -8.5428976115408328e-07 -2.4387793520666072e-06
leaf_weight=548 550 558 783 671 581 550 583 505 512 973 512 960 638 505 842 504 562 585 778 527 527 507 502 614 532 672 681 685 703
leaf_count=548 550 558 783 671 581 550 583 505 512 973 512 960 638 505 842 504 562 585 778 527 527 507 502 614 532 672 681 685 703
internal_value=6.34545e-08 2.70039e-06 -1.53588e-06 4.88131e-06 1.14326e-06 5.44894e-07 7.12575e-06 -2.36473e-06 -8.91493e-07 -3.41929e-06 2.09185e-06 2.25431e-06 -4.74576e-06 -1.76772e-06 -2.55249e-06 -3.20931e-06 -1.42881e-06 2.60685e-06 -1.68505e-06 -2.69362e-06 -1.52631e-06 3.20498e-06 -2.28985e-06 2.53782e-06 -1.27794e-06 2.18959e-06 2.66009e-06 -1.57909e-06 -1.91431e-06
internal_weight=18650 7041 11609 2933 4108 3307 1254 8302 1797 3001 3031 1510 1186 5301 1815 1009 4292 2450 3787 1089 1077 1679 1014 1121 2698 1938 1353 2166 1481
internal_count=18650 7041 11609 2933 4108 3307 1254 8302 1797 3001 3031 1510 1186 5301 1815 1009 4292 2450 3787 1089 1077 1679 1014 1121 2698 1938 1353 2166 1481
is_linear=0
shrinkage=0.00469677


Tree=2
num_leaves=31
num_cat=0
split_feature=29 31 29 24 0 21 24 4 29 8 4 11 30 20 31 24 19 21 1 33 0 4 33 15 0 23 26 19 1 33
split_gain=0.0050536 0.00125446 0.000610701 0.000459849 0.000598413 0.000473017 0.000447607 0.000294642 0.000193448 0.000185032 0.000183609 0.000135087 0.00010471 0.000104086 0.000100139 8.46997e-05 7.81099e-05 7.21114e-05 8.08933e-05 5.95711e-05 5.80241e-05 5.77377e-05 5.43217e-05 4.36122e-05 3.99259e-05 3.61516e-05 3.26486e-05 2.31517e-05 4.44318e-05 8.08978e-06
threshold=-0.50311914312393957 -1802.446653882226 -0.98572470964588288 0.85248209206933701 82.850000000000009 -0.064635638358891689 0.6569277309654159 31.500000000000004 -0.98115628956620127 -0.24109417197851016 68.500000000000014 0.93373829501867389 0.00010159974769942375 0.51987336601307199 261.14316787383194 0.36906804089748574 0.035923229634606681 -0.19853954058313558 32.275000000000006 7.5000000000000009 79.950000000000017 112.50000000000001 18.500000000000004 -0.42468619901623145 259.25000000000006 0.27555888743418683 -0.83402851867917838 0.12307380632068197 47.025000000000006 17.500000000000004
decision_type=10 10 10 10 10 10 10 8 10 10 10 10 8 10 10 10 8 10 10 2 10 10 2 10 10 10 10 10 10 2
left_child=2 6 7 10 17 14 15 9 -4 19 13 16 -12 24 -6 -2 -9 -5 -19 -1 -21 27 -8 -20 -3 -15 -11 28 29 -18
right_child=1 3 8 4 5 -7 22 11 -10 26 12 -13 -14 25 -16 -17 21 18 23 20 -22 -23 -24 -25 -26 -27 -28 -29 -30 -31
leaf_value=-3.117449389267415e-06 -3.1291889805894493e-06 2.5978767251996129e-06 -7.9413418824035051e-06 1.3060028026907849e-06 6.3718329227443187e-06 1.0339112286781575e-05 3.0358660315330037e-06 -3.0744207454589571e-06 -3.9525888719704186e-06 -2.6499715841453143e-06 -5.5892623441326667e-07 7.0905363953111706e-07 2.2588215786643072e-06 3.1483288635072751e-06 3.4604436694173292e-06 -1.0014125146744463e-06 -1.2557863048436207e-06 4.86151307129567e-06 3.5180089162073386e-06 -3.9480031133671573e-06 -6.0952848046717423e-06 7.2772935142793941e-08 9.9169659763391544e-07 1.6059300897997007e-06 8.8679201035911979e-07 4.7582317199737991e-06 -1.0549790227696078e-06 -7.5612076559503661e-07 -3.0850831366978706e-06 -1.9519595831416694e-06
leaf_weight=629 713 740 534 508 503 522 509 746 539 556 690 587 503 746 541 980 1066 518 545 611 509 504 657 509 507 524 577 504 510 563
leaf_count=629 713 740 534 508 503 522 509 746 539 556 690 587 503 746 541 980 1066 518 545 611 509 504 657 509 507 524 577 504 510 563
internal_value=6.31564e-08 2.28485e-06 -2.62737e-06 3.31096e-06 4.49556e-06 6.68852e-06 -3.55251e-07 -2.14489e-06 -5.9377e-06 -3.31639e-06 2.1468e-06 -1.39125e-06 6.29082e-07 2.86615e-06 4.86319e-06 -1.89754e-06 -1.70795e-06 2.84449e-06 3.34164e-06 -4.27426e-06 -4.9239e-06 -1.38401e-06 1.88408e-06 2.59466e-06 1.90222e-06 3.8126e-06 -1.83772e-06 -1.66182e-06 -1.87521e-06 -1.49641e-06
internal_weight=18650 10215 8435 7356 3646 1566 2859 7362 1073 2882 3710 4480 1193 2517 1044 1693 3893 2080 1572 1749 1120 3147 1166 1054 1247 1270 1133 2643 2139 1629
internal_count=18650 10215 8435 7356 3646 1566 2859 7362 1073 2882 3710 4480 1193 2517 1044 1693 3893 2080 1572 1749 1120 3147 1166 1054 1247 1270 1133 2643 2139 1629
is_linear=0
shrinkage=0.00469677


Tree=3
num_leaves=27
num_cat=0
split_feature=30 31 32 28 28 31 27 32 32 28 8 4 19 31 23 28 8 11 4 23 1 25 5 31 23 14
split_gain=0.00350107 0.000871901 0.000790851 0.000568206 0.000404464 0.000398183 0.000257971 0.000242572 0.00019768 0.000185153 0.000163383 0.000159972 0.000117586 0.000120528 0.000110297 8.14152e-05 8.08968e-05 7.66231e-05 7.2708e-05 6.80064e-05 6.10564e-05 5.93661e-05 5.07909e-05 5.05728e-05 9.95253e-06 1.74037e-06
threshold=-0.00014861293463354895 0.094329001605013715 0.98039215686274483 1.0000000000001068 -0.99999999999989331 307.87663277086244 -0.45000000000000279 -0.99634683855938355 -0.74988752436909512 500.83333333334048 -0.18507734089596725 13.500000000000002 0.1173139392833687 28.181396251217926 0.12770457682921335 2.0000000000000715 -0.17671882151874077 0.19940716668058078 55.500000000000007 -0.22970543393329021 32.275000000000006 -0.040691623348437983 130.24389394036038 -27.07450182009643 0.052105882027156276 -1.4336551606288443
decision_type=10 10 10 10 10 10 8 10 10 10 8 10 10 10 8 10 10 10 10 10 10 2 10 10 10 2
left_child=2 4 3 5 -2 6 -1 -3 -6 17 21 -4 15 -14 19 -9 18 -10 -13 -12 -21 -8 23 -23 -25 -16
right_child=1 7 11 -5 8 -7 10 12 9 -11 14 16 13 -15 25 -17 -18 -19 -20 20 -22 22 -24 24 -26 -27
leaf_value=-4.4039520647267774e-06 -2.7452739038400615e-06 6.1620005211642237e-06 -5.6317731403677609e-06 3.8654117807448302e-06 3.2681846034654383e-06 1.8656880875372254e-06 -1.0646492348841339e-06 1.6560640228967653e-06 -1.7817547493898269e-06 2.8882668380892541e-06 -1.0054566298969423e-06 -4.9307619505321846e-06 3.0739900316922077e-06 5.777790319695282e-06 -1.4973185562723173e-06 3.9477603868437454e-06 -1.6738777413167103e-06 7.4760771855812969e-07 -2.5070371688204378e-06 -5.0456797876495863e-07 1.3792858269588054e-06 -8.0024423691234886e-07 -3.5886338319091728e-06 -2.1640093454193985e-06 -3.08925784864453e-06 -1.8201254357246801e-06
leaf_weight=624 570 994 782 524 994 857 920 899 536 520 972 596 732 723 841 552 598 521 504 660 893 503 649 523 504 659
leaf_count=624 570 994 782 524 994 857 920 899 536 520 972 596 732 723 841 552 598 521 504 660 893 503 649 523 504 659
internal_value=6.28598e-08 2.67587e-06 -1.52196e-06 -8.83011e-07 8.34177e-07 -1.17217e-06 -1.50819e-06 4.15914e-06 1.62777e-06 5.93774e-07 -1.25454e-06 -3.87395e-06 3.47404e-06 4.41755e-06 -6.30408e-07 2.52791e-06 -3.06439e-06 -5.34989e-07 -3.82029e-06 -3.11352e-08 5.78657e-07 -2.06516e-06 -2.48757e-06 -2.02049e-06 -2.61811e-06 -1.63916e-06
internal_weight=18650 7041 11609 9129 3141 8605 7748 3900 2571 1577 7124 2480 2906 1455 4025 1451 1698 1057 1100 2525 1553 3099 2179 1530 1027 1500
internal_count=18650 7041 11609 9129 3141 8605 7748 3900 2571 1577 7124 2480 2906 1455 4025 1451 1698 1057 1100 2525 1553 3099 2179 1530 1027 1500
is_linear=0
shrinkage=0.00469677


Tree=4
num_leaves=32
num_cat=0
split_feature=29 31 29 24 3 21 24 4 29 8 4 8 17 27 20 31 27 4 21 3 22 6 21 31 17 15 6 3 16 10 33
split_gain=0.00496543 0.00123083 0.000603395 0.000453681 0.000590873 0.000467812 0.000442353 0.000290571 0.000191043 0.00018217 0.000181119 0.000130633 0.000116673 0.000107865 0.000102103 9.8746e-05 9.65128e-05 7.97794e-05 7.10936e-05 7.8625e-05 6.12326e-05 5.7869e-05 5.09984e-05 4.73989e-05 4.58665e-05 4.27461e-05 4.1244e-05 3.97286e-05 3.66647e-05 1.57425e-05 2.95116e-06
threshold=-0.50311914312393957 -1802.446653882226 -0.98572470964588288 0.85248209206933701 82.950000000000017 -0.064635638358891689 0.6569277309654159 31.500000000000004 -0.98115628956620127 -0.24109417197851016 68.500000000000014 -0.17671882151874077 -0.24371057779246563 1.0000000180025095e-35 0.51987336601307199 261.14316787383194 -0.049999999999998927 74.500000000000014 -0.19853954058313558 32.225000000000009 -0.17165842846199428 -0.12602156960921398 -0.34273721684222413 -33.499755908623818 -0.31676743386771883 -0.42468619901623145 -0.010488078600527469 259.25000000000006 -0.56923000758500064 -51.249999999999993 1.5000000000000002
decision_type=10 10 10 10 10 10 10 8 10 10 10 10 10 8 10 10 10 8 10 10 10 2 10 8 10 10 2 10 10 10 2
left_child=2 6 7 10 18 15 12 9 -4 16 14 17 -2 -8 27 -6 -1 26 -5 -20 -11 -12 -18 -19 -16 -21 -9 -3 -14 30 -25
right_child=1 3 8 4 5 -7 13 11 -10 20 21 -13 28 -15 24 -17 22 23 19 25 -22 -23 -24 29 -26 -27 -28 -29 -30 -31 -32
leaf_value=-5.6946289214132198e-06 -3.3958660416968429e-06 2.5785535102327353e-06 -7.8860046537271789e-06 1.2895911864245292e-06 6.3197737918411354e-06 1.0267371964594148e-05 4.6910702212082421e-07 -1.9348155659769662e-06 -3.9221262821909699e-06 -2.7966521444942724e-06 1.8248781683994331e-06 1.3531703982733822e-07 -1.7639170771709647e-06 3.3265969720000018e-06 2.6869497509928762e-06 3.4287005317484246e-06 -4.3244605628833221e-06 -2.071125619551339e-08 4.804921981929741e-06 3.4854612562941661e-06 -5.9893795822332621e-07 -2.6873233195567618e-07 -2.3039721973692087e-06 -1.6115397562828236e-06 4.5079572151124311e-06 1.5905311421180776e-06 -3.6756444034845357e-06 8.7170249541843301e-07 1.9642559758233511e-08 -2.3417250785944563e-06 -1.157672574166111e-06
leaf_weight=638 676 740 534 508 503 522 592 617 539 630 505 984 512 574 510 541 604 507 520 545 503 688 507 589 760 507 585 507 505 514 684
leaf_count=638 676 740 534 508 503 522 592 617 539 630 505 984 512 574 510 541 604 507 520 545 503 688 507 589 760 507 585 507 505 514 684
internal_value=6.25645e-08 2.26479e-06 -2.60439e-06 3.2812e-06 4.45781e-06 6.63691e-06 -3.50321e-07 -2.1248e-06 -5.89486e-06 -3.28819e-06 2.12487e-06 -1.37639e-06 -1.88353e-06 1.87582e-06 2.83932e-06 4.82165e-06 -4.23861e-06 -1.80189e-06 2.81719e-06 3.31082e-06 -1.821e-06 6.1747e-07 -3.40245e-06 -1.28827e-06 3.77671e-06 2.57225e-06 -2.78209e-06 1.88462e-06 -8.78243e-07 -1.64788e-06 -1.3677e-06
internal_weight=18650 10215 8435 7356 3646 1566 2859 7362 1073 2882 3710 4480 1693 1166 2517 1044 1749 3496 2080 1572 1133 1193 1111 2294 1270 1052 1202 1247 1017 1787 1273
internal_count=18650 10215 8435 7356 3646 1566 2859 7362 1073 2882 3710 4480 1693 1166 2517 1044 1749 3496 2080 1572 1133 1193 1111 2294 1270 1052 1202 1247 1017 1787 1273
is_linear=0
shrinkage=0.00469677


Tree=5
num_leaves=28
num_cat=0
split_feature=30 28 8 20 20 17 28 17 11 17 19 33 23 33 15 28 33 20 0 15 19 16 16 16 11 8 33
split_gain=0.00343816 0.000710628 0.000707614 0.000584518 0.000565977 0.000464681 0.000286507 0.000267086 0.000210518 0.000163355 0.000150411 0.000145252 0.000107855 0.000102059 9.25941e-05 8.18158e-05 8.07315e-05 0.000194586 7.86898e-05 7.74579e-05 3.91516e-05 3.71091e-05 3.70609e-05 3.45407e-05 2.99759e-05 2.88905e-05 1.2546e-05
threshold=-0.00014861293463354895 1.0000000000001068 -0.11764203154219885 0.51987336601307199 0.47648383294787405 -0.062532825000526981 4999.5000000000009 -0.10564295043562753 0.93373829501867389 -0.29201367180712823 0.13292059429498815 18.500000000000004 -0.0029753026120911126 10.500000000000002 -0.37166310390782187 500.83333333334048 11.500000000000002 0.82649670194955493 80.950000000000017 -0.37432639056802847 0.047635559354079905 -0.71978057016773689 -0.2975162421581784 -0.58834895901975304 0.76187347506808423 -0.78531356689784493 8.5000000000000018
decision_type=10 10 10 10 8 10 10 10 10 8 10 2 8 2 10 10 2 10 10 10 10 10 10 10 10 10 2
left_child=1 4 3 7 8 9 10 -2 11 18 24 13 14 19 21 23 17 -5 -6 -1 -15 -11 25 -9 -4 26 -14
right_child=2 -3 6 16 5 -7 -8 15 -10 12 -12 -13 22 20 -16 -17 -18 -19 -20 -21 -22 -23 -24 -25 -26 -27 -28
leaf_value=-3.0187816066143621e-06 -2.0238750532324066e-06 3.8364630187481621e-06 1.7847700032752821e-06 2.5229627051708948e-06 -1.7461371744621925e-06 2.2626583730525423e-06 7.5249703841411387e-06 -4.5937027172560304e-07 -6.4611598280530207e-07 -3.3849125240734272e-08 5.3392088432508772e-06 -5.9718509323611535e-06 -1.0643290500574164e-06 -3.109257851479865e-06 -1.4355774462823415e-06 2.6279473119073659e-06 2.3705609619518155e-06 6.367650378384222e-06 -3.7428409039698932e-06 -5.1826085059914783e-06 -1.283170848064323e-06 1.6558470667758235e-06 -4.4047813357414602e-07 1.2368652447613358e-06 3.3923165169794135e-06 -2.6569843633411796e-06 -1.8514067982236557e-06
leaf_weight=732 889 524 505 661 939 842 602 516 561 665 778 546 812 504 732 562 947 518 812 728 533 504 538 544 519 643 994
leaf_count=732 889 524 505 661 939 842 602 516 561 665 778 546 812 504 732 562 947 518 812 728 533 504 538 544 519 643 994
internal_value=6.22707e-08 -1.50825e-06 2.6517e-06 1.5796e-06 -1.7609e-06 -1.02427e-06 4.71962e-06 4.51883e-08 -3.28994e-06 -1.44115e-06 3.7824e-06 -3.77734e-06 -1.00018e-06 -3.29747e-06 -1.25621e-07 1.17924e-06 3.39187e-06 4.21218e-06 -2.6721e-06 -4.09775e-06 -2.17071e-06 6.94614e-07 -1.55676e-06 4.11119e-07 2.59956e-06 -1.80198e-06 -1.49755e-06
internal_weight=18650 11609 7041 4637 11085 7481 2404 2511 3604 6639 1802 3043 4888 2497 1901 1622 2126 1179 1751 1460 1037 1169 2987 1060 1024 2449 1806
internal_count=18650 11609 7041 4637 11085 7481 2404 2511 3604 6639 1802 3043 4888 2497 1901 1622 2126 1179 1751 1460 1037 1169 2987 1060 1024 2449 1806
is_linear=0
shrinkage=0.00469677


Tree=6
num_leaves=31
num_cat=0
split_feature=29 31 29 24 1 21 24 8 29 20 2 17 29 13 31 21 6 21 1 20 33 21 15 33 19 23 13 6 24 33
split_gain=0.00488053 0.00120919 0.00059631 0.000446549 0.000583024 0.000462227 0.000436871 0.000234033 0.00018839 0.000137976 0.000126384 0.000115138 0.000101619 0.000101576 9.85848e-05 7.91569e-05 7.27342e-05 6.98491e-05 7.98684e-05 5.91998e-05 5.37149e-05 4.53204e-05 4.27513e-05 3.26729e-05 3.15544e-05 2.61659e-05 1.99442e-05 1.64552e-05 1.32467e-05 7.65064e-06
threshold=-0.50311914312393957 -1802.446653882226 -0.98572470964588288 0.85248209206933701 82.850000000000009 -0.083034867595870837 0.6569277309654159 -0.17671882151874077 -0.98115628956620127 0.80437561579074768 81.65000000000002 -0.24371057779246563 -0.99375392092900527 -0.39356160818502323 -59.444588445118839 -0.10812456645259387 -0.34890951901378831 -0.19853954058313558 32.275000000000006 0.49473407104986061 18.500000000000004 -0.36756042024073093 -0.41659920356951197 11.500000000000002 0.098167987625203859 0.12250489648381092 -0.19825695592763207 -0.010488078600527469 0.40702680644419381 11.500000000000002
decision_type=10 10 10 10 10 10 10 10 10 10 10 10 10 10 8 10 2 10 10 10 2 10 10 2 10 8 8 2 10 2
left_child=2 6 7 9 17 -6 11 10 -4 16 12 -2 25 23 -12 -11 -3 -5 -19 -18 -8 -16 -20 -9 -21 27 -27 -1 -13 -28
right_child=1 3 8 4 5 -7 20 13 -10 15 14 28 -14 -15 21 -17 19 18 22 24 -22 -23 -24 -25 -26 26 29 -29 -30 -31
leaf_value=-1.6691998531041074e-06 -3.3727687539700469e-06 2.7948302081460507e-06 -7.8304412134839369e-06 1.276200051665662e-06 4.3780182757438082e-06 9.5355394006039449e-06 3.0109114037838225e-06 -5.9222491061662978e-07 -3.8941848044094492e-06 4.7557546680325461e-06 -2.3222166284762609e-06 -1.4083481058172119e-06 -3.6319217074423451e-06 -2.0599859559077378e-06 -5.4978500350244501e-06 2.2115094413551967e-06 -5.9574948077316267e-08 4.7898661377387279e-06 3.4481429031516227e-06 2.5084491381757125e-06 9.7819056142587543e-07 -3.5444164610611509e-06 1.5547703686182197e-06 9.8248563295511889e-07 9.8942344837895739e-07 -6.3075523628536857e-07 -1.3635005417076572e-06 -2.8325601938021666e-06 -3.3616912710988747e-07 -2.0996705161810319e-06
leaf_weight=511 676 722 534 508 896 670 509 592 539 555 757 508 755 724 538 525 686 518 547 543 657 511 507 571 679 573 709 565 509 556
leaf_count=511 676 722 534 508 896 670 509 592 539 555 757 508 755 724 538 525 686 518 547 543 657 511 507 571 679 573 709 565 509 556
internal_value=6.19782e-08 2.2453e-06 -2.58207e-06 3.25273e-06 4.42006e-06 6.58464e-06 -3.46736e-07 -2.10531e-06 -5.85317e-06 2.10552e-06 -2.59694e-06 -1.87041e-06 -2.09626e-06 -6.7887e-07 -3.61408e-06 3.519e-06 1.52507e-06 2.79037e-06 3.27966e-06 1.04457e-06 1.86557e-06 -4.5463e-06 2.53742e-06 1.80885e-07 1.66444e-06 -1.69837e-06 -1.3578e-06 -2.2801e-06 -8.71764e-07 -1.68709e-06
internal_weight=18650 10215 8435 7356 3646 1566 2859 7362 1073 3710 5475 1693 3669 1887 1806 1080 2630 2080 1572 1908 1166 1049 1054 1163 1222 2914 1838 1076 1017 1265
internal_count=18650 10215 8435 7356 3646 1566 2859 7362 1073 3710 5475 1693 3669 1887 1806 1080 2630 2080 1572 1908 1166 1049 1054 1163 1222 2914 1838 1076 1017 1265
is_linear=0
shrinkage=0.00469677


Tree=7
num_leaves=30
num_cat=0
split_feature=29 31 29 24 1 21 24 4 29 4 31 17 24 27 13 20 31 9 27 21 1 31 17 15 1 16 19 3 21
split_gain=0.00483479 0.00119786 0.000590722 0.000442364 0.00057756 0.000458533 0.000432777 0.000286174 0.000186624 0.000178739 0.000171092 0.000114059 0.00011277 0.00010622 0.000104244 9.92839e-05 9.68798e-05 9.09314e-05 7.11591e-05 6.91945e-05 7.91199e-05 6.18144e-05 4.55061e-05 4.23506e-05 3.93232e-05 3.62313e-05 3.6038e-05 3.12468e-05 3.32748e-05
threshold=-0.50311914312393957 -1802.446653882226 -0.98572470964588288 0.85248209206933701 82.850000000000009 -0.064635638358891689 0.6569277309654159 31.500000000000004 -0.98115628956620127 68.500000000000014 -1.1033719619323745 -0.24371057779246563 0.95595560671775437 1.0000000180025095e-35 -0.39741683202219563 0.51987336601307199 261.14316787383194 -0.079949475786160726 -0.049999999999998927 -0.19853954058313558 32.275000000000006 -42.290604148816435 -0.31676743386771883 -0.41659920356951197 259.75000000000006 -0.56923000758500064 0.04572194386849119 41.57500000000001 -0.23858032453464059
decision_type=10 10 10 10 10 10 10 8 10 10 10 10 10 8 10 10 10 2 10 10 10 8 10 10 10 10 10 10 8
left_child=2 6 7 9 19 16 11 10 -4 15 18 -2 14 -8 21 24 -6 -11 -1 -5 -21 -9 -17 -22 -3 -13 -12 28 -23
right_child=1 3 8 4 5 -7 13 12 -10 17 26 25 -14 -15 -16 22 -18 -19 -20 20 23 27 -24 -25 -26 -27 -28 -29 -30
leaf_value=-5.532721125295461e-06 -3.3569276200975797e-06 2.5543330163500336e-06 -7.7936633437076606e-06 1.270206003326815e-06 6.2404433591326986e-06 1.0147989006324034e-05 4.6086436395706974e-07 1.4221379787584346e-07 -3.875894668468644e-06 -8.9468432106719784e-07 -2.8428515443443285e-06 -1.748095477410576e-06 4.3366694452953283e-07 3.2964753610018126e-06 -3.2475923740945193e-06 2.6442692656133404e-06 3.3768174268512735e-06 1.7244595564461901e-06 -3.4968057396252343e-06 4.767369237790438e-06 3.4319477369834172e-06 -2.8366886058174841e-07 4.4581063051002362e-06 1.5474679497841203e-06 8.5621163364418974e-07 2.4893394608959306e-08 -1.2517023496228258e-06 -2.5138934365131149e-06 -1.6764747021394946e-06
leaf_weight=609 676 740 534 508 503 522 592 551 539 513 567 512 664 574 739 510 541 680 1002 518 547 520 760 507 507 505 704 616 1390
leaf_count=609 676 740 534 508 503 522 592 551 539 513 567 512 664 574 739 510 541 680 1002 518 547 520 760 507 507 505 704 616 1390
internal_value=6.1687e-08 2.23475e-06 -2.56995e-06 3.23745e-06 4.3993e-06 6.55372e-06 -3.45107e-07 -2.09542e-06 -5.82568e-06 2.09563e-06 -3.24997e-06 -1.86163e-06 -1.35269e-06 1.85681e-06 -1.66353e-06 2.80538e-06 4.75655e-06 5.98178e-07 -4.26646e-06 2.77726e-06 3.26425e-06 -1.28308e-06 3.72974e-06 2.5255e-06 1.86394e-06 -8.6767e-07 -1.96155e-06 -1.594e-06 -1.2973e-06
internal_weight=18650 10215 8435 7356 3646 1566 2859 7362 1073 3710 2882 1693 4480 1166 3816 2517 1044 1193 1611 2080 1572 3077 1270 1054 1247 1017 1271 2526 1910
internal_count=18650 10215 8435 7356 3646 1566 2859 7362 1073 3710 2882 1693 4480 1166 3816 2517 1044 1193 1611 2080 1572 3077 1270 1054 1247 1017 1271 2526 1910
is_linear=0
shrinkage=0.00469677


Tree=8
num_leaves=29
num_cat=0
split_feature=29 31 29 32 23 29 21 31 21 31 31 5 1 5 5 31 27 17 23 15 26 6 7 19 19 16 5 14
split_gain=0.00478948 0.00118664 0.000585186 0.000431006 0.000282907 0.000184875 0.000173419 0.000162608 0.000147319 0.000126626 0.000120036 0.000127412 0.000118983 0.000107194 0.000115177 0.00011377 0.00010543 7.88242e-05 7.81941e-05 5.73115e-05 4.94274e-05 4.94199e-05 4.23663e-05 4.03811e-05 3.76059e-05 2.86229e-05 2.43725e-05 2.13006e-05
threshold=-0.50311914312393957 -1802.446653882226 -0.98572470964588288 -0.99634683855938355 0.11369602106551825 -0.98115628956620127 -0.24392526255697997 1.0000000180025095e-35 -0.052756645981795171 1507.7888106477196 0.36385453765735826 61.519571057180109 244.25000000000003 80.950154218723597 29.703202308113529 -59.444588445118839 1.0000000180025095e-35 -0.2124526452418953 -1.379324219125351 -0.3831162877948619 -0.90909370829842029 0.14258617783862698 0.052867300937449645 0.086493711556304018 0.099120548896745389 -0.59951052472382782 32.92760773920859 -1.440191387559808
decision_type=10 10 10 10 10 10 10 10 10 10 10 10 10 10 8 8 8 8 10 10 10 2 2 10 10 10 10 2
left_child=2 4 10 12 16 -4 9 20 19 -5 13 -12 -3 14 -1 -15 26 -6 -13 24 -8 23 -21 25 -9 27 -2 -16
right_child=1 3 5 6 17 -7 7 8 -10 -11 11 18 -14 15 21 -17 -18 -19 -20 22 -22 -23 -24 -25 -26 -27 -28 -29
leaf_value=-4.0680389170171358e-06 -8.2982958849555043e-07 7.1568272419721472e-06 -7.7570583331594262e-06 2.2939057913196496e-06 -3.5366517897165563e-06 -3.8576905073647289e-06 6.7236654960930024e-07 2.919890879095233e-06 5.4019959317213729e-06 -6.4569958464826755e-07 5.4355460524419181e-07 -6.3108916567235936e-07 4.4167328781254816e-06 -2.1524275046480532e-06 -9.1285573357324883e-07 -4.6475869101924496e-06 2.2811499849314344e-06 -1.06216273851106e-06 -3.0062694773996683e-06 3.2640340261427301e-06 2.4674733201912057e-06 -2.8420465665971279e-06 1.3878701851069371e-06 -2.0504116440779591e-07 4.6209851846690679e-06 -2.646497136863732e-06 6.3083356789933116e-07 -2.003268270933852e-06
leaf_weight=520 502 581 534 871 502 539 531 546 835 514 687 540 878 771 929 845 695 654 705 517 933 657 546 503 604 517 506 688
leaf_count=520 502 581 534 871 502 539 531 546 835 514 687 540 878 771 929 845 695 654 705 517 933 657 546 503 604 517 506 688
internal_value=6.13973e-08 2.22426e-06 -2.55788e-06 3.22225e-06 -3.43486e-07 -5.79832e-06 2.65674e-06 3.10298e-06 3.72094e-06 1.20294e-06 -2.08558e-06 -1.08012e-06 5.50791e-06 -2.44332e-06 -2.01375e-06 -3.45716e-06 8.73768e-07 -2.13675e-06 -1.9761e-06 3.08663e-06 1.8164e-06 -1.68944e-06 2.30039e-06 -1.40226e-06 3.81336e-06 -1.68444e-06 -9.65668e-08 -1.37682e-06
internal_weight=18650 10215 8435 7356 2859 1073 5897 4512 3048 1385 7362 1932 1459 5430 3814 1616 1703 1156 1245 2213 1464 3294 1063 2637 1150 2134 1008 1617
internal_count=18650 10215 8435 7356 2859 1073 5897 4512 3048 1385 7362 1932 1459 5430 3814 1616 1703 1156 1245 2213 1464 3294 1063 2637 1150 2134 1008 1617
is_linear=0
shrinkage=0.00469677


Tree=9
num_leaves=28
num_cat=0
split_feature=29 24 20 5 29 28 19 2 5 17 29 21 11 33 5 19 20 16 19 26 7 13 24 30 11 13 14
split_gain=0.00474322 0.00133032 0.000604265 0.000538982 0.000498551 0.000364162 0.000296012 0.000193943 0.000198333 0.000186533 0.000170711 0.000164753 0.000151196 0.000140426 0.000118187 9.29076e-05 8.422e-05 7.81018e-05 6.98961e-05 6.35009e-05 5.48602e-05 5.10168e-05 4.23647e-05 3.71801e-05 3.68064e-05 2.74928e-05 1.00771e-05
threshold=-0.50265113435241282 0.85248209206933701 0.63712002544239399 114.16599462365595 -0.98473307571521806 500.00000000004258 0.11628332466582704 81.65000000000002 160.01338348027883 -0.21974076882274421 -0.98103718290264685 -0.2215547738818136 0.88658867999923163 8.5000000000000018 29.818754351477988 0.034143492055604539 0.50193172646320339 -0.71978057016773689 0.089231340462334219 -0.9406309245137231 -0.026643636159769835 -0.53940103906465031 1.2471699534957836 -0.00048538585801111356 0.33678369184699286 -0.40201951200423275 -1.4198991797676008
decision_type=10 10 10 10 10 10 10 10 10 8 10 10 10 2 8 10 10 10 8 10 2 10 10 10 10 10 2
left_child=4 2 5 11 7 9 13 12 -9 -2 -6 -3 14 -5 -1 -10 -13 -11 25 -4 -17 -19 -18 26 -21 -16 -20
right_child=1 3 19 6 10 -7 -8 8 15 17 -12 16 -14 -15 18 20 22 21 23 24 -22 -23 -24 -25 -26 -27 -28
leaf_value=-3.812802753820469e-06 -2.7683999218186494e-06 1.071276915574299e-06 1.6101301540583633e-06 2.8341688478437453e-06 -7.3215589091907953e-06 2.7162495711967838e-06 8.3348244448858656e-06 -5.5827574391206806e-06 -3.7264199037899115e-06 -1.3987536869672199e-06 -3.5903538130504912e-06 2.1164569216510408e-06 8.212515849913609e-07 6.2515769801641977e-06 -1.8371396542756639e-06 -6.6591611056040266e-07 3.498623338508916e-06 1.314058656747479e-06 -1.1423988904445011e-06 4.2382374725321543e-06 -2.6229177267449117e-06 -4.3681284517657884e-07 5.3347110803991375e-06 -1.8318172868084828e-07 2.590497974790915e-06 -3.1462567750786422e-06 -1.9548360086972856e-06
leaf_weight=606 941 884 541 554 580 706 743 592 830 886 507 579 507 509 894 595 618 677 804 708 674 802 503 748 518 586 580
leaf_count=606 941 884 541 554 580 706 743 592 830 886 507 579 507 509 894 595 618 677 804 708 674 802 503 748 518 586 580
internal_value=-2.19206e-08 2.14273e-06 6.62099e-07 4.09182e-06 -2.6107e-06 -3.45811e-07 6.06037e-06 -2.17528e-06 -3.18175e-06 -9.99728e-07 -5.58128e-06 2.71596e-06 -1.60206e-06 4.47057e-06 -1.89335e-06 -2.50456e-06 3.57118e-06 -2.95984e-07 -1.57131e-06 2.95059e-06 -1.70536e-06 3.64612e-07 4.32252e-06 -1.02691e-06 3.54207e-06 -2.3555e-06 -1.4829e-06
internal_weight=18672 10169 5779 4390 8503 4012 1806 7416 2691 3306 1087 2584 4725 1063 4218 2099 1700 2365 3612 1767 1269 1479 1121 2132 1226 1480 1384
internal_count=18672 10169 5779 4390 8503 4012 1806 7416 2691 3306 1087 2584 4725 1063 4218 2099 1700 2365 3612 1767 1269 1479 1121 2132 1226 1480 1384
is_linear=0
shrinkage=0.00469677


Tree=10
num_leaves=27
num_cat=0
split_feature=29 24 32 0 4 29 28 19 24 10 4 33 21 24 3 32 25 33 0 19 19 33 24 16 33 1
split_gain=0.00469877 0.00131785 0.000610904 0.00053128 0.000500936 0.000477367 0.000361119 0.000359919 0.000113335 9.71004e-05 0.00010957 9.70728e-05 9.46798e-05 8.75769e-05 8.15619e-05 7.78976e-05 8.7963e-05 6.47815e-05 5.77049e-05 4.91761e-05 4.10101e-05 4.03957e-05 3.35704e-05 3.16551e-05 2.84003e-05 2.68771e-05
threshold=-0.50265113435241282 0.85248209206933701 -0.33326668591970571 82.850000000000009 50.500000000000007 -0.98944042083173855 500.00000000004258 0.11628332466582704 0.50534465310253085 -43.249999999999993 23.500000000000004 8.5000000000000018 -0.2215547738818136 0.9661794809604658 37.925000000000004 0.99009900990098976 -0.27523430386969522 18.500000000000004 79.950000000000017 0.24190188573399243 0.023420611131166408 11.500000000000002 0.56526912222911629 -0.5114389455402284 9.5000000000000018 79.450000000000017
decision_type=10 10 10 10 8 10 10 10 10 10 10 2 10 10 10 10 2 2 10 8 10 2 8 10 2 10
left_child=4 2 21 12 5 13 8 11 9 -4 -11 -5 -3 17 -14 16 -6 20 22 -10 -1 -2 -18 -16 -24 -22
right_child=1 3 6 7 15 -7 -8 -9 19 10 -12 -13 14 -15 23 -17 18 -19 -20 -21 25 -23 24 -25 -26 -27
leaf_value=-4.075608359824617e-06 3.6394912642844829e-06 1.2603040617740135e-06 -3.2980218346532998e-06 2.820857360485282e-06 4.6282109908711827e-07 -7.1204788236315924e-06 2.6923920291660761e-06 8.3627528021617523e-06 7.0138805598838299e-07 -2.3733678273689391e-06 6.2083660114306741e-07 5.5162867400639618e-06 4.6430816687086731e-06 -1.7273476697876646e-06 1.6087560497377666e-06 -3.0034378905039921e-06 -2.0736328862756521e-06 -4.8318851610948204e-06 -2.9078652685655825e-06 -9.4817754807020395e-07 -2.0475063284161303e-06 2.2117908767814748e-06 -1.4656223011318772e-06 3.2406782833065364e-06 -2.1519082273647903e-07 -3.2217404299790761e-06
leaf_weight=630 933 785 634 554 642 736 709 781 821 581 503 630 589 920 503 553 621 556 502 775 804 823 740 548 874 925
leaf_count=630 933 785 634 554 642 736 709 781 821 581 503 630 589 920 503 553 621 556 502 775 804 823 740 548 874 925
internal_value=-2.18177e-08 2.13266e-06 6.58989e-07 4.0726e-06 -2.59843e-06 -3.65576e-06 -3.49901e-07 5.88773e-06 -1.00078e-06 -1.83795e-06 -9.8396e-07 4.25511e-06 2.60178e-06 -2.99081e-06 3.24386e-06 -1.36927e-06 -1.10182e-06 -3.38956e-06 -1.46884e-06 -9.96019e-08 -3.0496e-06 2.97038e-06 -1.14561e-06 2.45969e-06 -7.8852e-07 -2.67573e-06
internal_weight=18672 10169 5779 4390 8503 4571 4023 1965 3314 1718 1084 1184 2425 3835 1640 3932 3379 2915 2737 1596 2359 1756 2235 1051 1614 1729
internal_count=18672 10169 5779 4390 8503 4571 4023 1965 3314 1718 1084 1184 2425 3835 1640 3932 3379 2915 2737 1596 2359 1756 2235 1051 1614 1729
is_linear=0
shrinkage=0.00469677


Tree=11
num_leaves=28
num_cat=0
split_feature=30 24 32 28 1 32 24 28 13 33 19 17 15 19 9 14 19 4 24 19 17 22 33 1 20 14 33
split_gain=0.00322317 0.00113297 0.000811527 0.000667132 0.000522009 0.000422823 0.000413996 0.000340677 0.000185139 0.000165224 0.000159838 0.000143468 0.000142717 0.000133017 0.0001109 9.51713e-05 0.000101044 9.62415e-05 7.26741e-05 7.03327e-05 6.19858e-05 5.76016e-05 5.20989e-05 4.931e-05 3.2299e-05 1.92308e-05 1.61469e-05
threshold=-0.00014144344296940277 0.85248209206933701 0.99709198763887641 499.99999999993605 82.850000000000009 -0.4999125181208447 0.9661794809604658 500.83333333334048 -0.39107933514731424 8.5000000000000018 0.11628332466582704 -0.4535323809060362 -0.62198052818525906 0.028745846711719213 -0.0095149039477020331 -1.7370129870129867 0.12944616055636868 36.500000000000007 0.50534465310253085 0.13179474422536516 -0.13555744082834381 -0.15063056651543572 11.500000000000002 114.75000000000001 0.49473407104986061 -1.3055365686944638 9.5000000000000018
decision_type=10 10 10 10 10 10 10 10 10 2 10 8 10 10 2 2 8 10 10 8 10 10 2 10 10 2 2
left_child=2 5 3 6 19 21 8 13 11 -4 -6 -1 -8 -7 -10 17 23 -13 -15 -3 -16 -2 -14 -17 25 26 -18
right_child=1 4 9 -5 10 7 12 -9 14 -11 -12 15 22 18 20 16 24 -19 -20 -21 -22 -23 -24 -25 -26 -27 -28
leaf_value=-3.7903074236413105e-06 3.7429162572227419e-06 2.0562002052023453e-06 -3.2777022030024602e-06 4.1981352841156092e-06 5.2369535714065075e-06 -3.3070917771854318e-06 1.7880891597787329e-06 2.5977703368061233e-06 -4.529006419935109e-06 -6.4305353711247614e-06 8.6214088708311345e-06 -1.276289384756007e-06 -1.6793502373338781e-06 -1.3908234269759151e-06 -3.2811630397156568e-06 -1.8993302246493477e-06 -1.4601394505266463e-06 1.5191736484493515e-06 7.604349192442412e-07 3.9796686338034694e-06 -1.0178576837349897e-06 1.8265178914470746e-06 2.217590086229387e-07 -3.7122788792089285e-06 -1.7802797141727036e-07 -2.0897580785376678e-06 -3.7209635456715993e-07
leaf_weight=522 843 827 763 506 574 504 969 697 765 706 664 584 557 837 552 968 726 508 591 851 517 587 741 503 782 514 514
leaf_count=522 843 827 763 506 574 504 969 697 765 706 664 584 557 837 552 968 726 508 591 851 517 587 741 503 782 514 514
internal_value=-2.17152e-08 2.50532e-06 -1.5286e-06 -1.05975e-06 4.73865e-06 9.00874e-07 -1.33342e-06 -2.17116e-07 -1.86788e-06 -4.79297e-06 7.05223e-06 -1.44509e-06 4.24166e-07 -1.23265e-06 -3.16368e-06 -1.205e-06 -1.53997e-06 2.41336e-08 -5.00468e-07 3.03171e-06 -2.18659e-06 2.95628e-06 -5.94023e-07 -2.51928e-06 -9.71913e-07 -1.32584e-06 -1.00915e-06
internal_weight=18672 6975 11697 10228 2916 4059 9722 2629 7455 1469 1238 5621 2267 1932 1834 5099 4007 1092 1428 1678 1069 1430 1298 1471 2536 1754 1240
internal_count=18672 6975 11697 10228 2916 4059 9722 2629 7455 1469 1238 5621 2267 1932 1834 5099 4007 1092 1428 1678 1069 1430 1298 1471 2536 1754 1240
is_linear=0
shrinkage=0.00469677


Tree=12
num_leaves=30
num_cat=0
split_feature=30 28 8 20 20 1 8 22 5 28 3 27 16 13 22 19 6 33 8 14 13 16 15 19 14 19 0 20 33
split_gain=0.00319296 0.000778907 0.000708668 0.000614416 0.000490283 0.000289931 0.000246817 0.000238149 0.000233443 0.000213118 0.000192718 0.000161898 0.000127861 0.000127051 0.000106697 9.43868e-05 9.07003e-05 8.54037e-05 8.37925e-05 8.23471e-05 7.68933e-05 7.06052e-05 6.28476e-05 4.32296e-05 4.25215e-05 3.19718e-05 3.45563e-05 1.74343e-05 7.09972e-06
threshold=-0.00014144344296940277 499.99999999993605 -0.11196136208971112 0.51987336601307199 0.48422653738713262 80.950000000000017 -0.12693414226466351 -0.0029915848395654938 113.9514485094851 500.00000000004258 245.25000000000003 -1.0000000180025095e-35 -0.75000011055205784 -0.40201951200423275 -0.15063056651543572 0.038520319904840429 0.26261843295889925 7.5000000000000009 -0.34190619312121323 -1.5262303485987692 -0.49126917570978645 -0.60710294071800097 -0.25796834718688338 0.050297070567682976 -1.2919087491455907 0.028745846711719213 148.25000000000003 0.51872483424661697 9.5000000000000018
decision_type=10 10 10 10 8 10 8 8 10 10 10 10 10 10 10 10 2 2 10 2 10 10 10 10 2 10 10 8 2
left_child=1 4 3 9 7 21 16 13 23 12 -7 27 -2 15 18 -1 19 -10 -5 -6 -14 -4 25 -9 -21 26 -13 -8 -29
right_child=2 -3 5 14 6 10 11 8 17 -11 -12 22 20 -15 -16 -17 -18 -19 -20 24 -22 -23 -24 -25 -26 -27 -28 28 -30
leaf_value=-2.5021192216403356e-06 -2.6595564432860578e-06 4.1784176000847998e-06 1.6695177060361915e-06 3.0757574346063166e-06 4.5891049042171226e-08 8.2463522885064402e-06 -1.8922651544267677e-06 -3.4325191982484103e-06 -4.1459250578661057e-06 2.2173021630463393e-06 4.3488417039435676e-06 1.3787018599752063e-06 1.0921360340487079e-06 -3.6877284097683604e-06 2.027431135183161e-06 -9.5486348002578035e-09 -3.3664375461629841e-06 -6.6927473363307631e-06 5.5051211130396961e-06 -2.8428638592288596e-06 -1.2321379882136138e-06 3.9849051213256071e-06 -8.2017698408895312e-07 -1.5603663943689771e-06 -1.2859003901213076e-06 2.0398195244382244e-06 -2.8627844228721374e-07 -1.2268454980829132e-06 -5.1636013037201734e-07
leaf_weight=581 627 506 503 703 540 571 633 556 532 636 549 608 632 579 877 792 833 640 565 794 624 688 506 533 755 517 502 770 520
leaf_count=581 627 506 503 703 540 571 633 556 532 636 549 608 632 579 877 792 833 640 565 794 624 688 506 533 755 517 502 770 520
internal_value=-2.16132e-08 -1.52142e-06 2.49355e-06 1.43971e-06 -1.77915e-06 4.62036e-06 -1.01527e-06 -3.04435e-06 -4.08193e-06 -1.33358e-07 6.33591e-06 -2.65516e-07 -9.27332e-07 -1.8425e-06 3.28707e-06 -1.06433e-06 -2.05598e-06 -5.53671e-06 4.15827e-06 -1.53342e-06 -6.25723e-08 3.00707e-06 6.25449e-07 -2.51624e-06 -2.084e-06 1.07506e-06 6.25681e-07 -1.2538e-06 -9.40474e-07
internal_weight=18672 11697 6975 4664 11191 2311 6978 4213 2261 2519 1120 4056 1883 1952 2145 1373 2922 1172 1268 2089 1256 1191 2133 1089 1549 1627 1110 1923 1290
internal_count=18672 11697 6975 4664 11191 2311 6978 4213 2261 2519 1120 4056 1883 1952 2145 1373 2922 1172 1268 2089 1256 1191 2133 1089 1549 1627 1110 1923 1290
is_linear=0
shrinkage=0.00469677


Tree=13
num_leaves=30
num_cat=0
split_feature=30 24 32 28 0 21 24 27 4 33 3 16 21 15 20 15 11 14 5 33 4 16 24 17 33 17 24 20 33
split_gain=0.00316304 0.00111491 0.000797959 0.000654572 0.000513422 0.000435535 0.000408699 0.00019452 0.000175064 0.000162818 0.000162561 0.000145803 0.000140368 0.000100043 9.71628e-05 9.58163e-05 8.79537e-05 7.98356e-05 7.58002e-05 7.33868e-05 5.30611e-05 4.69701e-05 4.44975e-05 4.35333e-05 3.59485e-05 3.40102e-05 3.19165e-05 2.48813e-05 3.75819e-06
threshold=-0.00014144344296940277 0.85248209206933701 0.99709198763887641 499.99999999993605 82.850000000000009 -0.26561684740347669 0.84060164314523023 -0.049999999999998927 25.500000000000004 8.5000000000000018 245.25000000000003 -0.65189786656939563 -0.019527030872421667 -0.60560701012142404 0.50022549231717561 -0.62198052818525906 0.13776454327076978 -1.440191387559808 38.187094918195129 11.500000000000002 45.500000000000007 -0.52285268318759115 0.59321186848436258 -0.23275730347653792 8.5000000000000018 -0.1104887458968014 0.53195060630305779 0.47648383294787405 9.5000000000000018
decision_type=10 10 10 10 10 10 10 8 10 2 10 10 8 10 10 10 10 2 10 2 10 10 10 10 2 8 10 10 2
left_child=2 5 3 6 18 8 7 17 -2 -4 -6 -7 13 -8 -13 20 -16 -1 -3 -15 25 -20 -18 24 -17 -9 -25 28 -27
right_child=1 4 9 -5 10 11 12 15 -10 -11 -12 14 -14 19 16 23 22 -19 21 -21 -22 -23 -24 26 -26 27 -28 -29 -30
leaf_value=-2.0619128051279984e-06 -3.0890943676666274e-06 4.3356509792326605e-06 -3.247045479281344e-06 4.1587925266633235e-06 8.6719462960496736e-06 -3.6093835307765668e-07 1.1179848160196176e-06 -2.2528797928712873e-06 5.6564036094934056e-07 -6.3768402736149412e-06 5.2675370644049408e-06 5.6868682531651156e-07 1.824448845102867e-06 -2.4049824860663397e-06 4.5368565196562473e-06 -1.8522135807133042e-06 1.4660007725724444e-06 -4.3724505806176631e-06 1.2246898031272365e-06 -1.9341601159552883e-07 4.4031986273577405e-07 3.1915775440898392e-06 3.193112476785252e-06 -2.1772475367713537e-06 -3.4796691217312309e-06 -1.5125395464877576e-06 -7.3084748036657429e-07 -8.6301385266801422e-08 -1.0050266407169306e-06
leaf_weight=533 671 604 763 506 627 526 594 556 508 706 611 514 830 607 510 504 732 866 511 728 505 563 598 865 738 707 551 546 592
leaf_count=533 671 604 763 506 627 526 594 556 508 706 611 514 830 607 510 504 732 866 511 728 505 563 598 865 738 707 551 546 592
internal_value=-2.15117e-08 2.48184e-06 -1.51428e-06 -1.04937e-06 4.6973e-06 8.90237e-07 -1.32044e-06 -1.92662e-06 -1.51434e-06 -4.75124e-06 6.99177e-06 1.87462e-06 2.09391e-07 -4.8551e-07 2.37417e-06 -1.53297e-06 2.87851e-06 -3.49219e-06 3.00445e-06 -1.199e-06 -9.43485e-07 2.25578e-06 2.24258e-06 -2.17744e-06 -2.81928e-06 -1.23455e-06 -1.61444e-06 -9.27658e-07 -1.28127e-06
internal_weight=18672 6975 11697 10228 2916 4059 9722 6963 1179 1469 1238 2880 2759 1929 2354 5564 1840 1399 1678 1335 2906 1074 1330 2658 1242 2401 1416 1845 1299
internal_count=18672 6975 11697 10228 2916 4059 9722 6963 1179 1469 1238 2880 2759 1929 2354 5564 1840 1399 1678 1335 2906 1074 1330 2658 1242 2401 1416 1845 1299
is_linear=0
shrinkage=0.00469677


Tree=14
num_leaves=27
num_cat=0
split_feature=29 21 4 29 28 8 1 8 21 17 16 4 8 22 30 26 13 7 21 9 33 33 17 28 33 17
split_gain=0.00454872 0.000936257 0.000490572 0.000464526 0.000349873 0.000314672 0.000334325 0.000213624 0.000203635 0.00020155 0.000143057 0.000120219 0.000102965 8.42461e-05 0.000103508 8.34607e-05 8.25869e-05 6.8371e-05 7.83184e-05 5.40567e-05 5.04333e-05 4.71409e-05 6.9344e-05 1.46304e-05 1.28792e-05 1.10631e-05
threshold=-0.50265113435241282 -0.23461548811900237 50.500000000000007 -0.98944042083173855 499.99999999993605 -0.11764203154219885 80.950000000000017 -0.33570846962822265 -0.064635638358891689 -0.087940627687971409 -0.70782498675906702 4.5000000000000009 -0.16932323998322132 -0.071249270133671286 4.9870029884606808e-05 -0.80022272028095232 -0.38706834268620088 0.12648448659984643 -0.34903520799291565 0.0047639538117799432 16.500000000000004 6.5000000000000009 -0.23275730347653792 -1000.0000000000495 1.5000000000000002 -0.11630923521287892
decision_type=10 10 8 10 10 10 10 8 10 10 10 10 10 10 10 10 10 2 8 2 2 2 8 10 2 8
left_child=2 4 3 12 7 10 20 -2 -8 11 -3 25 21 14 19 -14 17 18 -4 -12 -7 -1 -23 24 -20 -9
right_child=1 5 16 -5 -6 6 8 9 -10 -11 13 -13 15 -15 -16 -17 -18 -19 23 -21 -22 22 -24 -25 -26 -27
leaf_value=-2.4604880427333383e-06 -2.1181983040868125e-06 5.6850420141185865e-08 5.570550588716499e-07 -7.0206812349283217e-06 3.7782899115518121e-06 3.7305515977134554e-06 4.6319759136148867e-06 -1.8140745926632972e-06 8.5183098371992495e-06 2.876997609575552e-06 1.6545689119773955e-06 1.0552401371835043e-06 -2.8768522833023731e-06 1.4581714865046281e-06 4.4118101864854373e-06 -3.3651092699147018e-07 -2.7965102330121223e-06 -2.4253010407256962e-06 -1.4812162825462724e-06 3.5290731523901174e-06 1.8606765870609897e-06 -4.7703957792061705e-06 -2.9826348690841699e-06 -1.8817295644891531e-06 -5.3989125948588908e-07 -8.4112932875546949e-07
leaf_weight=755 960 508 780 736 556 679 695 526 520 594 857 841 661 834 932 502 705 619 572 562 599 926 991 526 730 506
leaf_count=755 960 508 780 736 556 679 695 526 520 594 857 841 661 834 932 502 705 619 572 562 599 926 991 526 730 506
internal_value=-2.14107e-08 2.09839e-06 -2.55655e-06 -3.60288e-06 3.22321e-07 3.24195e-06 4.53126e-06 -2.38369e-07 6.29529e-06 4.93127e-07 2.37158e-06 -2.62871e-07 -2.94694e-06 2.74076e-06 3.19574e-06 -1.78036e-06 -1.34017e-06 -1.022e-06 -6.88917e-07 2.397e-06 2.85417e-06 -3.45468e-06 -3.84622e-06 -1.22059e-06 -9.53464e-07 -1.33706e-06
internal_weight=18672 10169 8503 4571 3983 6186 2493 3427 1215 2467 3693 1873 3835 3185 2351 1163 3932 3227 2608 1419 1278 2672 1917 1828 1302 1032
internal_count=18672 10169 8503 4571 3983 6186 2493 3427 1215 2467 3693 1873 3835 3185 2351 1163 3932 3227 2608 1419 1278 2672 1917 1828 1302 1032
is_linear=0
shrinkage=0.00469677


Tree=15
num_leaves=28
num_cat=0
split_feature=29 24 32 1 4 29 28 21 24 17 8 21 13 3 16 21 13 2 17 4 20 32 16 17 13 16 14
split_gain=0.00450609 0.00126948 0.000584885 0.000514212 0.000485974 0.000460172 0.000346759 0.000297406 0.000250209 0.000179322 0.000102 9.15756e-05 8.18129e-05 8.02912e-05 7.88824e-05 6.55689e-05 5.05757e-05 4.70582e-05 4.47914e-05 5.19962e-05 4.16415e-05 4.11468e-05 3.87037e-05 4.28488e-05 3.75385e-05 3.07308e-05 3.66063e-06
threshold=-0.50265113435241282 0.85248209206933701 -0.33326668591970571 82.850000000000009 50.500000000000007 -0.98944042083173855 500.00000000004258 -0.064635638358891689 1.0579658893871386 -0.21974076882274421 -0.16932323998322132 -0.2215547738818136 -0.38706834268620088 37.925000000000004 -0.71978057016773689 -0.34903520799291565 -0.53940103906465031 78.750000000000014 -0.1104887458968014 19.500000000000004 0.16067684702404969 0.46150478100589759 -0.39489933723008058 -0.29615263384644064 -0.4214119426388851 -0.5114389455402284 -1.3306989063568002
decision_type=10 10 10 10 8 10 10 10 10 8 10 10 10 10 10 8 10 10 8 10 10 10 10 10 8 10 2
left_child=4 2 22 11 5 10 9 8 -5 -4 18 -3 15 -13 -11 21 -16 -12 19 -1 26 -6 -2 -24 -20 -15 -17
right_child=1 3 6 7 12 -7 -8 -9 -10 14 17 13 -14 25 16 20 -18 -19 24 -21 -22 -23 23 -25 -26 -27 -28
leaf_value=-4.7994935693465604e-06 1.8167487435473953e-06 1.2262337790507826e-06 -2.7178059871155326e-06 7.3053208101395564e-06 8.9011059097387713e-07 -6.9877066329827746e-06 2.6361771167086539e-06 8.7695257465542751e-06 3.2027205721887426e-06 -1.4012061078432277e-06 -6.9723935669083415e-07 4.5652817739159035e-06 -2.7833756495921137e-06 1.5605466469044048e-06 1.3133514044865661e-06 -1.1877629023779135e-06 -4.2725439835558362e-07 -2.6025955469005121e-06 -1.7969896537372992e-06 -3.0994426110273189e-06 -2.3795648286899151e-06 -9.9412012163662528e-07 2.3342662601984181e-06 4.09853957478711e-06 -3.5463048634438057e-06 3.1684689490359232e-06 -6.9640991442980377e-07
leaf_weight=786 512 785 941 509 521 736 709 534 922 889 507 589 705 503 678 943 806 656 523 802 742 502 527 717 561 548 519
leaf_count=786 512 785 941 509 521 736 709 534 922 889 507 589 705 503 678 943 806 656 523 802 742 502 527 717 561 548 519
internal_value=-2.13102e-08 2.08854e-06 6.42157e-07 3.99254e-06 -2.54454e-06 -3.58596e-06 -3.45014e-07 5.77827e-06 4.66202e-06 -9.82823e-07 -2.9331e-06 2.54553e-06 -1.33388e-06 3.17701e-06 -2.94811e-07 -1.0172e-06 3.67959e-07 -1.772e-06 -3.43846e-06 -3.94092e-06 -1.47332e-06 -3.44744e-08 2.90379e-06 3.35116e-06 -2.70234e-06 2.39896e-06 -1.01336e-06
internal_weight=18672 10169 5779 4390 8503 4571 4023 1965 1431 3314 3835 2425 3932 1640 2373 3227 1484 1163 2672 1588 2204 1023 1756 1244 1084 1051 1462
internal_count=18672 10169 5779 4390 8503 4571 4023 1965 1431 3314 3835 2425 3932 1640 2373 3227 1484 1163 2672 1588 2204 1023 1756 1244 1084 1051 1462
is_linear=0
shrinkage=0.00469677


Tree=16
num_leaves=29
num_cat=0
split_feature=29 32 8 4 29 3 28 5 3 16 8 3 13 30 26 13 23 9 27 4 11 3 23 13 4 30 4 23
split_gain=0.00446386 0.000910108 0.000825583 0.00048142 0.00045586 0.000308736 0.00029526 0.000193101 0.000252741 0.000113763 0.000101044 8.9361e-05 8.69594e-05 8.79076e-05 8.26331e-05 8.10462e-05 7.86538e-05 6.23091e-05 5.62783e-05 4.77833e-05 4.41305e-05 3.83017e-05 3.80714e-05 3.05807e-05 2.88063e-05 2.51556e-05 2.49652e-05 1.86612e-05
threshold=-0.50265113435241282 -0.49504950495046857 -0.098492672083061603 50.500000000000007 -0.98944042083173855 82.950000000000017 500.00000000004258 81.818592306380211 257.75000000000006 -0.75000011055205784 -0.16932323998322132 683.50000000000011 -0.53508953383819058 -0.00012952742967617585 -0.80022272028095232 -0.38706834268620088 0.052105882027156276 -0.28497895363126241 -0.049999999999998927 66.500000000000014 0.17244506262363252 47.57500000000001 -0.0070502761499469093 -0.31315465337140241 25.500000000000004 -5.6612089205080232e-05 19.500000000000004 8.3169333015762863
decision_type=10 10 10 8 10 10 10 10 10 8 10 10 10 10 10 10 10 2 8 10 10 10 10 8 10 10 10 8
left_child=3 7 6 4 10 25 9 19 -9 -3 18 -10 13 22 -12 17 -14 -5 -1 24 27 -22 -11 26 -2 -4 -20 -19
right_child=1 2 5 15 -6 -7 -8 8 11 12 14 -13 16 -15 -16 -17 -18 20 23 -21 21 -23 -24 -25 -26 -27 -28 -29
leaf_value=-4.4422908090854951e-06 2.6996582920591395e-06 -2.2019526496211656e-06 1.4715989501309217e-06 4.6813527769670056e-07 -6.9548869718443635e-06 6.1925337876444653e-06 2.6779798797150771e-06 7.3282577455150614e-06 2.3307897375040017e-06 6.7343188423117458e-07 -2.8547178301589797e-06 5.0886708715905437e-06 1.8880370544447857e-07 2.1245178963002675e-06 -3.2700283305297784e-07 -2.7703027543830452e-06 -2.0103553712414042e-06 -7.2448570366554028e-08 -3.2668576168753531e-06 1.7638902661147719e-06 -1.1537795138612173e-06 -2.965382328709473e-06 -7.7912031738640329e-07 -3.7898500604019862e-06 4.2671570698845612e-06 2.9384038975217352e-06 -1.9058119745496226e-06 -1.1544434077512868e-06
leaf_weight=825 512 633 513 525 736 735 843 711 525 837 661 512 699 575 502 705 737 503 544 536 512 518 759 647 523 519 656 1169
leaf_count=825 512 633 513 525 736 735 843 711 525 837 661 512 699 575 502 705 737 503 544 536 512 518 759 647 523 519 656 1169
internal_value=-2.12101e-08 2.07873e-06 1.10066e-06 -2.53259e-06 -3.56912e-06 3.86618e-06 1.39278e-07 4.09732e-06 5.17135e-06 -3.65461e-07 -2.91932e-06 3.69248e-06 -4.31615e-08 5.49935e-07 -1.76368e-06 -1.32761e-06 -9.3985e-07 -1.01242e-06 -3.42231e-06 2.90227e-06 -1.30011e-06 -2.06489e-06 -1.73286e-08 -2.96669e-06 3.49177e-06 2.2093e-06 -2.52285e-06 -8.28959e-07
internal_weight=18672 10169 6850 8503 4571 1767 5083 3319 1748 4240 3835 1037 3607 2171 1163 3932 1436 3227 2672 1571 2702 1030 1596 1847 1035 1032 1200 1672
internal_count=18672 10169 6850 8503 4571 1767 5083 3319 1748 4240 3835 1037 3607 2171 1163 3932 1436 3227 2672 1571 2702 1030 1596 1847 1035 1032 1200 1672
is_linear=0
shrinkage=0.00469677


Tree=17
num_leaves=29
num_cat=0
split_feature=29 31 29 12 4 8 31 31 3 29 3 20 8 8 26 20 22 13 4 26 13 21 16 4 9 8 23 14
split_gain=0.00442266 0.00103525 0.000727498 0.000358277 0.000286252 0.000258373 0.00022965 0.000224761 0.00022458 0.000177264 0.000119436 0.000119404 9.58697e-05 8.92119e-05 8.72624e-05 8.43711e-05 5.60594e-05 5.49995e-05 7.70896e-05 4.02329e-05 3.76023e-05 4.45775e-05 2.94664e-05 2.90046e-05 2.0282e-05 1.36895e-05 5.68526e-06 2.14135e-06
threshold=-0.66160453748142256 -163.52549547861057 -0.98473307571521806 -0.27499999999999852 52.500000000000007 -0.024889233243550163 -1802.446653882226 535.58318684227845 78.750000000000014 -0.33126036806934006 260.25000000000006 0.50022549231717561 -0.11196136208971112 -0.16932323998322132 -0.80022272028095232 0.50134227231381778 -0.4304501716153738 -0.35461074251835117 13.500000000000002 -0.70481974580685425 -0.40995011493128569 -0.40053215992577257 -0.39489933723008058 47.500000000000007 -0.05572367439299792 -0.63852584715072636 0.0036628842409491828 -1.3946086807928912
decision_type=10 10 10 10 8 10 8 10 10 10 10 10 10 10 10 10 10 8 10 8 10 8 10 10 2 10 10 2
left_child=2 6 4 -3 13 7 15 9 -7 -5 26 23 16 17 -15 -2 -13 18 -1 -19 21 -6 -18 -11 -20 27 -8 -23
right_child=1 3 -4 5 20 8 10 -9 -10 11 -12 12 -14 14 -16 -17 22 19 24 -21 -22 25 -24 -25 -26 -27 -28 -29
leaf_value=-4.3537406683628012e-06 -3.1658101572478572e-06 6.2951059721093335e-06 -6.606705403170235e-06 2.2073338535966937e-07 1.8095102262234879e-07 2.7854450804665378e-06 2.3064569781374432e-06 2.373173226838572e-07 7.0513749373460646e-06 2.4713769928677659e-06 -4.1131234782008119e-07 4.052238445292076e-06 5.1063708070591132e-06 -2.9858441783299501e-06 -4.3700042290281717e-07 -7.3697952948198394e-07 1.6972114596896826e-06 -4.9473767020938977e-06 -1.4700863908801573e-06 -3.1941698318935107e-06 -2.1622053688320716e-06 -1.0877793208248271e-06 3.1328271702086399e-06 9.3777953093961504e-07 -2.7396234446890879e-06 -1.7381802260511978e-06 1.6023620260473233e-06 -7.1675224407207673e-07
leaf_weight=514 521 667 883 551 679 588 509 991 507 582 877 807 689 682 524 800 587 661 514 513 600 843 682 511 604 702 504 580
leaf_count=514 521 667 883 551 679 588 509 991 507 582 877 807 689 682 524 800 587 661 514 513 600 843 682 511 604 702 504 580
internal_value=-2.11105e-08 2.02348e-06 -2.57667e-06 3.01699e-06 -2.09682e-06 2.68034e-06 -1.92499e-07 2.2585e-06 4.76066e-06 2.71278e-06 8.57596e-07 3.06869e-06 3.58821e-06 -2.94679e-06 -1.87841e-06 -1.69493e-06 3.08433e-06 -3.40597e-06 -2.84819e-06 -4.18131e-06 -1.09502e-06 -8.66649e-07 2.46878e-06 1.75442e-06 -2.15598e-06 -1.2014e-06 1.95618e-06 -9.36576e-07
internal_weight=18672 10373 8299 7162 7416 6495 3211 5400 1095 4409 1890 3858 2765 4012 1206 1321 2076 2806 1632 1174 3404 2804 1269 1093 1118 2125 1013 1423
internal_count=18672 10373 8299 7162 7416 6495 3211 5400 1095 4409 1890 3858 2765 4012 1206 1321 2076 2806 1632 1174 3404 2804 1269 1093 1118 2125 1013 1423
is_linear=0
shrinkage=0.00469677


Tree=18
num_leaves=30
num_cat=0
split_feature=29 31 29 24 0 21 4 24 32 19 28 28 8 0 11 19 23 27 26 13 33 30 26 24 26 16 8 28 33
split_gain=0.00457311 0.00124618 0.000778014 0.000525194 0.000563764 0.000442703 0.000392661 0.000391562 0.000172774 0.000125541 9.84082e-05 9.64371e-05 9.44179e-05 9.01178e-05 7.51168e-05 7.22002e-05 7.95552e-05 6.99433e-05 6.16523e-05 5.89807e-05 8.69073e-05 5.37469e-05 4.25251e-05 4.05622e-05 4.04008e-05 3.5446e-05 3.24824e-05 2.52309e-05 1.42284e-05
threshold=-0.66160453748142256 -972.99020585867527 -0.98501898920110598 0.9393245590397078 82.850000000000009 -0.072979994342367696 52.500000000000007 0.6569277309654159 -0.4999125181208447 0.024615091914549594 500.00000000002484 1.0658141036401504e-10 -0.13667341160383531 37.925000000000004 0.84214793197700655 0.043170282332530736 0.12250489648381092 0.049999999999998941 -0.91927165203796368 -0.47464203025933527 12.500000000000002 -0.00042333198378491501 -0.80928147250204685 0.91397801490210961 -0.83552971966768963 -0.51572097508143477 -0.4056165944882969 -0.99999999999996436 5.5000000000000009
decision_type=10 10 10 10 10 10 8 10 10 10 10 8 10 10 10 8 10 8 8 10 2 10 8 8 10 10 10 8 2
left_child=2 7 6 8 13 -6 9 19 18 27 11 22 21 -5 15 -8 23 -9 -3 20 -2 -11 -10 -17 -15 -23 -20 -1 -25
right_child=1 3 -4 4 5 -7 14 17 10 12 -12 -13 -14 24 -16 16 -18 -19 26 -21 -22 25 -24 28 -26 -27 -28 -29 -30
leaf_value=-4.9014825748011112e-06 -8.1916440304647773e-08 1.7769292052812398e-06 -6.7880859478658339e-06 4.2908894574579298e-06 4.7138286160798863e-06 1.0273765453770208e-05 -2.7900392862286129e-06 4.0309416773616207e-07 2.040383432490867e-06 -4.3736447565930138e-06 2.5778043731073206e-06 -1.1204521840905593e-06 -1.1660410849392658e-06 1.1572993178366698e-06 6.6847311689637561e-07 -2.4855499967140876e-06 6.689118730577192e-07 2.6667312962463924e-06 4.5353355995342479e-06 -3.2238017844588425e-06 -2.6940916912139362e-06 -3.2977758509258522e-06 2.7824291394727968e-07 -1.4541103398053218e-06 2.8784831444305434e-06 -1.8371144888016178e-06 2.9912166519763708e-06 -3.5448684857068402e-06 -4.7173481851784197e-07
leaf_weight=744 567 502 881 617 825 512 548 624 727 534 817 508 774 558 530 516 549 582 581 577 557 808 517 610 653 671 623 510 697
leaf_count=744 567 502 881 617 825 512 548 624 727 534 817 508 774 558 530 516 549 582 581 577 557 808 517 610 653 671 623 510 697
internal_value=-3.22108e-08 2.05599e-06 -2.61303e-06 3.07486e-06 4.52515e-06 6.84301e-06 -2.122e-06 -5.51641e-07 2.00112e-06 -3.11559e-06 1.23165e-06 6.03893e-07 -2.56026e-06 2.82985e-06 -9.58203e-07 -1.25347e-06 -8.98462e-07 1.49552e-06 3.15981e-06 -2.00309e-06 -1.37641e-06 -3.09632e-06 1.30807e-06 -1.3705e-06 2.08543e-06 -2.63512e-06 3.73637e-06 -4.34978e-06 -9.30252e-07
internal_weight=18719 10347 8372 7440 3165 1337 7491 2907 4275 4041 2569 1752 2787 1828 3450 2920 2372 1206 1706 1701 1124 2013 1244 1823 1211 1479 1204 1254 1307
internal_count=18719 10347 8372 7440 3165 1337 7491 2907 4275 4041 2569 1752 2787 1828 3450 2920 2372 1206 1706 1701 1124 2013 1244 1823 1211 1479 1204 1254 1307
is_linear=0
shrinkage=0.00469677


Tree=19
num_leaves=29
num_cat=0
split_feature=30 21 32 32 31 31 4 17 4 32 0 21 17 32 21 0 4 16 8 16 11 0 30 16 14 6 12 14
split_gain=0.00319571 0.000941609 0.000642277 0.000423464 0.000375385 0.000345997 0.000319042 0.000262149 0.000226901 0.000208687 0.00019029 0.000328676 0.000175306 0.000136141 0.000118693 9.98118e-05 9.88705e-05 9.46622e-05 5.73001e-05 3.98899e-05 3.44526e-05 2.95561e-05 2.80268e-05 2.79848e-05 2.49893e-05 2.02397e-05 1.49726e-05 3.06606e-06
threshold=-0.00014144344296940277 -0.23461548811900237 0.99709198763887641 -0.33266858639092672 372.12891278348195 0.094329001605013715 29.500000000000004 -0.23275730347653792 63.500000000000007 0.49504950495049499 82.850000000000009 -0.062597304966712633 -0.062532825000526981 -0.90679331222573945 -0.31787891525380069 32.225000000000009 29.500000000000004 -0.18086830747430319 -0.36904624938101788 -0.66721933033957559 0.38863008629830437 114.75000000000001 -0.00037690930106655144 -0.2189712232009732 -1.3398410799726592 -0.02760589589027846 0.52499999999999869 -1.3306989063568002
decision_type=10 10 10 8 10 10 10 8 10 10 10 10 10 10 10 10 10 10 10 8 10 8 8 8 2 2 8 2
left_child=2 6 3 -1 7 13 18 8 19 12 15 17 21 25 -4 -7 -11 -12 -2 -5 -18 23 -21 -9 -24 -3 -23 -28
right_child=1 5 14 4 -6 10 -8 9 -10 16 11 -13 -14 -15 -16 -17 20 -19 -20 22 -22 26 24 -25 -26 -27 27 -29
leaf_value=2.8813595949863972e-06 -3.2978988788682678e-06 3.7388934372488982e-06 -2.7776100532171901e-06 -4.6726768591522273e-06 1.5504989425522714e-06 4.7479220218732571e-06 1.9148934683382949e-06 -9.7002266930192743e-07 -8.0327774681049084e-07 -4.1242158915379841e-06 2.9532443818588739e-06 8.2643106933041657e-06 1.6052873982070216e-06 5.8415987631880445e-07 -5.5059572006866304e-06 2.1603116010525261e-06 -2.4941299340503022e-06 5.5518891171921498e-06 -1.0668134854962785e-06 -3.9727138089030729e-06 -8.5120040401400186e-07 -1.9092636779450833e-06 -3.5032025738960199e-06 4.6177408570866417e-07 -2.0993976916834022e-06 2.4178321882915537e-06 -1.1650320168578995e-06 -7.1080525776841849e-07
leaf_weight=556 514 519 583 505 904 523 706 676 980 516 733 602 755 901 887 886 543 535 502 625 585 563 510 543 620 505 937 505
leaf_count=556 514 519 583 505 904 523 706 676 980 516 733 602 755 901 887 886 543 535 502 625 585 563 510 543 620 505 937 505
internal_value=-3.20595e-08 2.50023e-06 -1.51927e-06 -1.10564e-06 -1.33261e-06 3.49642e-06 -5.10305e-07 -1.62668e-06 -2.69082e-06 -1.01352e-06 4.42435e-06 5.40651e-06 -4.31903e-07 1.91578e-06 -4.42392e-06 3.12082e-06 -2.42118e-06 4.0497e-06 -2.19556e-06 -3.5093e-06 -1.64211e-06 -9.08984e-07 -3.17451e-06 -3.32206e-07 -2.733e-06 3.08743e-06 -1.25964e-06 -1.00598e-06
internal_weight=18719 6926 11793 10323 9767 5204 1722 8863 3240 5623 3279 1870 3979 1925 1470 1409 1644 1268 1016 2260 1128 3224 1755 1219 1130 1024 2005 1442
internal_count=18719 6926 11793 10323 9767 5204 1722 8863 3240 5623 3279 1870 3979 1925 1470 1409 1644 1268 1016 2260 1128 3224 1755 1219 1130 1024 2005 1442
is_linear=0
shrinkage=0.00469677


Tree=20
num_leaves=30
num_cat=0
split_feature=32 28 32 31 21 4 19 5 33 11 33 15 33 21 21 0 15 4 4 23 4 4 5 22 4 26 19 33 1
split_gain=0.00289172 0.00131042 0.000816284 0.000602996 0.000400906 0.000215186 0.000210637 0.000191743 0.000435871 0.000131743 0.000126612 0.000106283 0.000150703 9.90423e-05 8.86216e-05 8.35494e-05 8.08952e-05 7.12428e-05 6.29799e-05 5.47197e-05 6.71945e-05 4.69595e-05 4.12245e-05 3.91507e-05 2.81103e-05 1.92115e-05 1.22247e-05 1.20822e-05 4.65297e-06
threshold=-0.49628097138072008 3.0000000000000715 0.98039215686274483 0.17677872479825754 -0.23993840892365506 31.500000000000004 0.036533912669587831 81.818592306380211 8.5000000000000018 0.95527862333264435 8.5000000000000018 -0.69441423977242334 19.500000000000004 -0.31787891525380069 -0.41466024360111559 2352.5000000000005 -0.50352152373327386 10.500000000000002 92.500000000000014 0.027219666402316992 25.500000000000004 66.500000000000014 129.99197032201749 -0.21123572938937049 16.500000000000004 -0.85373106329162896 0.089231340462334219 18.500000000000004 39.375000000000007
decision_type=8 10 10 10 10 10 8 10 2 10 2 10 2 10 10 8 10 10 10 10 10 10 10 10 10 10 10 2 10
left_child=7 2 3 6 16 10 14 21 -9 17 -4 15 18 -7 -2 19 -5 -6 22 28 -21 25 26 -3 -18 -1 -13 -17 -8
right_child=1 23 5 4 9 13 11 8 -10 -11 -12 12 -14 -15 -16 27 24 -19 -20 20 -22 -23 -24 -25 -26 -27 -28 -29 -30
leaf_value=2.6600690769762938e-06 -4.8151517268805158e-06 4.0565928526254908e-06 -3.1719978356082926e-06 5.5472820212086407e-07 2.8196111066687422e-06 -5.7754155148181408e-07 4.0889256006609009e-07 2.8710499942997734e-06 7.5121340466503998e-06 4.3158674237526842e-06 -5.917097364807467e-06 -1.7004560324907991e-06 -4.1519527527593065e-06 -3.2980646570537267e-06 -2.2185025364072368e-06 -1.1984541395532387e-06 -2.3946215100053755e-06 6.4811630134012527e-07 9.3763605417319331e-08 -1.7682031220276768e-06 5.1681646987280688e-07 1.5701061708018032e-06 -2.625370584231156e-06 2.5130192699969534e-06 -9.0336904209936336e-07 3.9459534816463024e-06 -7.1577128365735305e-07 -2.1147629341416689e-06 1.0478896415471712e-06
leaf_weight=521 516 782 625 600 563 510 503 993 811 516 911 539 519 701 662 773 511 817 516 650 504 529 735 676 614 505 575 539 503
leaf_count=521 516 782 625 600 563 510 503 993 811 516 911 539 519 701 662 773 511 817 516 650 504 529 735 676 614 505 575 539 503
internal_value=-3.19089e-08 -8.95179e-07 -1.33945e-06 -7.74673e-07 8.00467e-07 -3.6329e-06 -1.53172e-06 3.91563e-06 4.9575e-06 2.29114e-06 -4.80014e-06 -1.19362e-06 -1.86002e-06 -2.15237e-06 -3.35594e-06 -6.4007e-07 -8.37961e-07 1.53405e-06 -1.35705e-06 -7.22199e-08 -7.70211e-07 2.70692e-06 -1.76194e-06 3.34094e-06 -1.58076e-06 3.29302e-06 -1.19223e-06 -1.57492e-06 7.28424e-07
internal_weight=18719 15360 13902 11155 3621 2747 7534 3359 1804 1896 1536 6356 2884 1211 1178 3472 1725 1380 2365 2160 1154 1555 1849 1458 1125 1026 1114 1312 1006
internal_count=18719 15360 13902 11155 3621 2747 7534 3359 1804 1896 1536 6356 2884 1211 1178 3472 1725 1380 2365 2160 1154 1555 1849 1458 1125 1026 1114 1312 1006
is_linear=0
shrinkage=0.00469677


Tree=21
num_leaves=28
num_cat=0
split_feature=30 21 32 28 31 31 4 20 19 32 33 8 11 4 8 20 16 8 13 0 4 33 31 30 23 33 8
split_gain=0.00314173 0.000923903 0.00063099 0.000526568 0.000380158 0.000341078 0.000314458 0.000277365 0.00024952 0.000133629 0.000123858 0.000119164 0.000115364 0.000103885 0.000164106 7.57561e-05 6.80751e-05 5.65012e-05 5.54182e-05 5.39826e-05 4.92086e-05 3.76353e-05 3.00368e-05 2.83478e-05 2.42113e-05 1.98334e-05 1.95672e-05
threshold=-0.00014144344296940277 -0.23461548811900237 0.99709198763887641 499.99999999997152 372.12891278348195 0.094329001605013715 29.500000000000004 0.84706361908572581 0.03534027278300772 -0.90679331222573945 8.5000000000000018 -0.024889233243550163 0.30899180043534619 92.500000000000014 -0.26795185087600787 0.49473407104986061 -0.16437127883326128 -0.36904624938101788 -0.3401152416048337 113.75000000000001 68.500000000000014 14.500000000000002 23.507582977775602 -0.00045417343801772549 -0.027643488211374741 1.5000000000000002 -0.54558563166668217
decision_type=10 10 10 10 10 10 10 10 8 10 2 10 10 10 8 10 8 10 10 10 8 2 10 10 10 2 10
left_child=2 6 3 4 8 9 17 11 12 26 -4 22 -1 14 18 20 -17 -2 19 -10 23 -15 -7 -16 -18 -22 -3
right_child=1 5 10 -5 -6 7 -8 -9 13 -11 -12 -13 -14 21 15 16 24 -19 -20 -21 25 -23 -24 -25 -26 -27 -28
leaf_value=-4.7754595334440358e-06 -3.2707751851738626e-06 3.7181434425122244e-06 -3.1012529536648215e-06 3.5663014588056355e-06 1.560864727965496e-06 3.4904932136309639e-06 1.9046680699571981e-06 6.5276043481148484e-06 -1.3304139663391688e-06 5.7719115321188174e-07 -5.8329751577825571e-06 5.3129391674540366e-06 -2.1977522703497224e-06 8.1327403432573335e-07 -2.9351151661457649e-06 -1.3316779899059146e-06 1.2188897040248736e-06 -1.0552972318419307e-06 -3.9069268263248612e-06 -3.2061840070199946e-06 -1.5426792658260334e-06 -9.0489985894801412e-07 2.2510281597919401e-06 -1.4823757348004892e-06 -2.0954678907125751e-07 -3.7318079996769358e-07 2.4191284396507409e-06
leaf_weight=690 514 503 779 508 906 887 706 949 780 901 691 603 861 621 605 768 527 502 551 598 581 514 840 581 520 712 521
leaf_count=690 514 503 779 508 906 887 706 949 780 901 691 603 861 621 605 768 527 502 551 598 581 514 840 581 520 712 521
internal_value=-3.1759e-08 2.47905e-06 -1.50635e-06 -1.09638e-06 -1.33771e-06 3.46583e-06 -5.03044e-07 4.38714e-06 -1.63248e-06 1.89647e-06 -4.38537e-06 3.51532e-06 -3.34453e-06 -1.27159e-06 -1.50993e-06 -9.98714e-07 -2.69608e-07 -2.17615e-06 -2.6479e-06 -2.14445e-06 -1.53252e-06 3.51465e-08 2.88765e-06 -2.22347e-06 5.09415e-07 -8.98712e-07 3.05725e-06
internal_weight=18719 6926 11793 10323 9815 5204 1722 3279 8909 1925 1470 2330 1551 7358 6223 4294 1815 1016 1929 1378 2479 1135 1727 1186 1047 1293 1024
internal_count=18719 6926 11793 10323 9815 5204 1722 3279 8909 1925 1470 2330 1551 7358 6223 4294 1815 1016 1929 1378 2479 1135 1727 1186 1047 1293 1024
is_linear=0
shrinkage=0.00469677


Tree=22
num_leaves=30
num_cat=0
split_feature=29 31 29 20 0 4 11 21 29 31 21 27 19 20 20 16 11 31 19 31 27 26 33 4 0 27 4 21 33
split_gain=0.00442322 0.00120229 0.000761344 0.000397368 0.000420575 0.000382339 0.00027018 0.000183672 0.000167504 0.000183107 0.000133126 0.000132931 0.000123324 0.000101181 8.8457e-05 7.70538e-05 7.37996e-05 7.33138e-05 7.02377e-05 7.86242e-05 6.3156e-05 6.22975e-05 4.12579e-05 3.71416e-05 3.34351e-05 3.2895e-05 2.0873e-05 1.88794e-05 1.04484e-05
threshold=-0.66160453748142256 -972.99020585867527 -0.98501898920110598 0.84706361908572581 113.25000000000001 52.500000000000007 1.1997958546157739 -0.17884803298523719 -0.33333333333332538 738.5863795966776 -0.2215547738818136 1.0000000180025095e-35 0.024615091914549594 0.50022549231717561 0.51137778332037354 -0.47620445712048759 0.84214793197700655 -4.145663282480883 0.043170282332530736 -17.844141067854775 0.074999999999999303 -0.74579184948253985 9.5000000000000018 54.500000000000007 78.850000000000009 -1.0000000180025095e-35 16.500000000000004 -0.43181372878860225 5.5000000000000009
decision_type=10 10 10 10 10 8 10 8 10 10 10 10 10 10 10 10 10 10 8 8 10 10 2 10 10 10 10 10 2
left_child=2 7 5 6 -5 12 8 -2 -3 13 -11 25 26 23 -15 -16 18 22 -7 -20 -17 24 -14 -10 -19 -9 -1 28 -21
right_child=1 3 -4 4 -6 16 -8 11 9 10 -12 -13 17 14 15 20 -18 21 19 27 -22 -23 -24 -25 -26 -27 -28 -29 -30
leaf_value=-4.7912109194693497e-06 -2.1934352682600947e-06 -2.0647646928898624e-07 -6.6998655751356415e-06 2.855626863303358e-06 7.9284961857236791e-06 -2.743850514381626e-06 5.7042978258770533e-06 -1.3425919495980571e-06 2.567578659829094e-06 -7.4455163762582928e-07 2.3703329759647937e-06 2.2353597913190199e-06 -2.4379362436183487e-06 5.1879570742802418e-06 1.5312056783069524e-06 2.6656966938733019e-06 6.7671020089482918e-07 -1.6751518066565718e-06 7.2177659261544802e-07 -1.4781348527290928e-06 4.7116046889682942e-06 -5.5698976982691557e-07 -4.1953698817591118e-06 9.211759642274903e-07 -3.3445352733512572e-06 1.3358162205324514e-07 -3.5579946170255786e-06 -2.0946617707376531e-06 -6.4293668597356633e-07
leaf_weight=742 981 580 881 770 678 548 526 573 751 580 633 558 540 558 525 688 530 524 527 627 645 539 649 506 535 795 512 519 699
leaf_count=742 981 580 881 770 678 548 526 573 751 580 633 558 540 558 525 688 530 524 527 627 645 539 649 506 535 795 512 519 699
internal_value=-3.16099e-08 2.02208e-06 -2.56978e-06 3.02285e-06 5.23093e-06 -2.08404e-06 2.48925e-06 -5.39217e-07 2.17985e-06 2.46313e-06 8.80913e-07 3.03335e-07 -3.06448e-06 2.98565e-06 3.54795e-06 3.0554e-06 -9.35642e-07 -2.51408e-06 -1.22831e-06 -8.78158e-07 3.65568e-06 -1.85694e-06 -3.39724e-06 1.90485e-06 -2.51855e-06 -4.84704e-07 -4.28772e-06 -1.33518e-06 -1.03789e-06
internal_weight=18719 10347 8372 7440 1448 7491 5992 2907 5466 4886 1213 1926 4041 3673 2416 1858 3450 2787 2920 2372 1333 1598 1189 1257 1059 1368 1254 1845 1326
internal_count=18719 10347 8372 7440 1448 7491 5992 2907 5466 4886 1213 1926 4041 3673 2416 1858 3450 2787 2920 2372 1333 1598 1189 1257 1059 1368 1254 1845 1326
is_linear=0
shrinkage=0.00469677


Tree=23
num_leaves=28
num_cat=0
split_feature=30 24 24 0 20 27 20 19 17 0 33 24 11 17 0 30 5 5 0 33 5 17 19 1 31 33 33
split_gain=0.00308279 0.000984618 0.000792959 0.000434304 0.000360915 0.000313889 0.000215628 0.000211395 0.00020942 0.000141579 0.000178548 0.000140575 0.000150923 0.00012575 0.00010673 0.000106 8.48187e-05 8.42508e-05 7.61871e-05 7.24487e-05 5.74656e-05 5.51014e-05 4.74747e-05 3.03462e-05 2.57977e-05 2.53777e-05 6.35412e-05
threshold=-0.00014144344296940277 0.85248209206933701 0.66157737909408165 82.850000000000009 0.51987336601307199 1.0000000180025095e-35 0.35325786294710881 0.1173139392833687 -0.10564295043562753 113.75000000000001 8.5000000000000018 0.95595560671775437 1.4417356010445899 -0.23275730347653792 40.225000000000009 -2.7463392136373673e-05 78.367588372640057 32.350464201498404 113.75000000000001 6.5000000000000009 80.950154218723597 -0.40533513039675212 0.12412158888362743 259.75000000000006 -7.071281963586336 17.500000000000004 2.5000000000000004
decision_type=10 10 8 10 10 10 10 10 10 10 2 10 8 10 10 10 10 10 10 2 10 10 8 10 8 2 2
left_child=2 4 6 17 8 11 9 -5 -2 14 -11 18 16 19 -1 -10 -13 -3 25 -8 -21 -6 -19 -23 -15 26 -4
right_child=1 3 5 7 21 -7 13 -9 15 10 -12 12 -14 24 -16 -17 -18 22 -20 20 -22 23 -24 -25 -26 -27 -28
leaf_value=-4.1887973876727309e-06 -2.1356792745731547e-06 4.4852975645100004e-06 -1.4833309183534719e-06 4.6585691624592489e-06 1.3828216108873527e-06 2.2101880621515868e-06 -1.28121025530746e-06 8.5757165820645415e-06 -9.1306041511316219e-07 -3.3147173813314479e-06 -7.0444384125294352e-06 6.1515997106798499e-07 2.2506837717964888e-06 -1.5478342518654549e-06 -1.18124505672032e-06 1.715678414399884e-06 -1.4941051982362655e-06 1.1759704739086484e-06 -2.6950528643267772e-06 -2.3847735711468412e-06 -4.1198443962059896e-06 3.7947306916480347e-06 3.157674610767989e-06 2.2780330527326827e-06 -2.4468961632010496e-07 -1.7181602174464494e-06 5.9041202998981338e-07
leaf_weight=507 825 548 763 583 572 933 591 635 516 612 527 746 552 659 535 983 964 506 790 906 787 691 564 503 682 670 569
leaf_count=507 825 548 763 583 572 933 591 635 516 612 527 746 552 659 535 983 964 506 790 906 787 691 564 503 682 670 569
internal_value=-3.14614e-08 2.45568e-06 -1.49216e-06 4.58236e-06 9.8104e-07 -2.92799e-07 -2.7289e-06 6.70079e-06 -2.35182e-07 -3.89583e-06 -5.04044e-06 -7.54873e-07 1.15371e-07 -2.0268e-06 -2.64464e-06 8.10767e-07 -5.73903e-07 2.98763e-06 -1.45993e-06 -2.6971e-06 -3.19135e-06 2.58157e-06 2.22056e-06 3.15581e-06 -8.85111e-07 -9.7253e-07 -5.9745e-07
internal_weight=18719 6926 11793 2836 4090 5987 5806 1218 2324 2181 1139 5054 2262 3625 1042 1499 1710 1618 2792 2284 1693 1766 1070 1194 1341 2002 1332
internal_count=18719 6926 11793 2836 4090 5987 5806 1218 2324 2181 1139 5054 2262 3625 1042 1499 1710 1618 2792 2284 1693 1766 1070 1194 1341 2002 1332
is_linear=0
shrinkage=0.00469677


Tree=24
num_leaves=29
num_cat=0
split_feature=32 24 32 28 17 32 24 1 1 17 32 31 24 17 19 6 31 21 24 21 17 6 5 16 8 8 20 20
split_gain=0.0027896 0.00146415 0.000716023 0.000568032 0.000436181 0.000571278 0.000322184 0.000343987 0.000279297 0.000276166 0.000224973 0.000176665 0.000176351 0.000145559 9.95504e-05 9.91135e-05 9.67011e-05 9.02283e-05 6.46408e-05 5.84704e-05 8.10782e-05 5.39944e-05 5.3568e-05 5.06464e-05 4.29273e-05 3.71504e-05 3.39843e-05 1.77106e-05
threshold=-0.49628097138072008 0.93026870185265176 0.99709198763887641 3.0000000000000715 -0.043141270546377196 0.66445182724253293 0.83642709638018931 82.850000000000009 82.850000000000009 -0.23275730347653792 0.49504950495048611 -96.898130204991332 0.51170836604237124 -0.02943762187846349 0.036533912669587831 -0.20378088811099121 -35.105392241332417 -0.23993840892365506 1.2759043673753188 -0.074269929262123419 -0.29615263384644064 0.073278822677921754 81.132177558986015 -0.56923000758500064 -0.17438225202906563 -0.16589015484876735 0.48874560302042186 0.20703764621680318
decision_type=8 10 10 10 10 10 10 10 10 8 10 10 10 10 10 2 10 8 10 8 10 2 10 10 8 10 10 10
left_child=6 2 3 9 17 8 19 -8 -6 14 12 -4 21 24 22 -12 -16 18 -3 20 -1 23 -2 27 -14 -19 -18 -11
right_child=1 4 11 -5 5 -7 7 -9 -10 10 15 -13 13 -15 16 -17 26 25 -20 -21 -22 -23 -24 -25 -26 -27 -28 -29
leaf_value=1.8163387043261592e-06 -2.634211974842407e-06 2.6850442262945184e-07 -3.0033212327188473e-06 2.3942452728180329e-06 2.9587299383533412e-06 -9.6289624459332229e-07 3.2231674145489003e-06 7.6093423570955753e-06 7.2365250342924983e-06 -1.0600750265608932e-06 -1.1050580115541248e-06 -6.5727345411517134e-06 8.2455922085544377e-07 2.7266183533196396e-06 -7.7894780249036838e-07 -3.7035760055618836e-06 -2.1904288415339125e-06 9.6314659838113644e-08 -2.0951155530103923e-06 1.1404434448212981e-06 4.1928966409804633e-06 -2.6929460440557782e-06 -4.533539528289793e-06 3.1328984473119249e-07 -9.3084389710757132e-07 1.8059393374972909e-06 -3.7732580986749376e-06 -2.1026270331968031e-06
leaf_weight=626 566 506 524 829 797 532 798 780 583 1191 522 735 505 507 772 853 661 528 515 514 641 502 778 509 785 598 547 515
leaf_count=626 566 506 524 829 797 532 798 780 583 1191 522 735 505 507 772 853 661 528 515 514 641 502 778 509 785 598 547 515
internal_value=-3.13137e-08 -8.79203e-07 -1.74826e-06 -1.32965e-06 1.5404e-06 3.17194e-06 3.8459e-06 5.39126e-06 4.76597e-06 -1.66473e-06 -1.05379e-06 -5.08716e-06 -5.47123e-07 5.94371e-07 -2.74711e-06 -2.71711e-06 -2.0774e-06 8.74327e-08 -9.2369e-07 2.47666e-06 3.01871e-06 -1.30211e-06 -3.7337e-06 -9.86879e-07 -2.43625e-07 1.0043e-06 -2.90718e-06 -1.37482e-06
internal_weight=18719 15360 11301 10042 4059 1912 3359 1578 1380 9213 5889 1259 4514 1797 3324 1375 1980 2147 1021 1781 1267 2717 1344 2215 1290 1126 1208 1706
internal_count=18719 15360 11301 10042 4059 1912 3359 1578 1380 9213 5889 1259 4514 1797 3324 1375 1980 2147 1021 1781 1267 2717 1344 2215 1290 1126 1208 1706
is_linear=0
shrinkage=0.00469677


Tree=25
num_leaves=30
num_cat=0
split_feature=29 24 29 5 19 32 4 17 19 30 17 25 24 5 22 4 24 11 19 26 17 13 30 13 17 4 14 26 33
split_gain=0.00431513 0.00114601 0.000746916 0.000513427 0.000469796 0.000434589 0.00037704 0.000331616 0.000121633 0.000118887 0.000118844 9.10126e-05 8.59634e-05 8.49719e-05 8.30101e-05 8.04295e-05 7.44516e-05 7.25244e-05 6.89723e-05 6.8645e-05 6.03719e-05 5.57211e-05 4.35053e-05 2.76105e-05 2.36991e-05 2.05839e-05 1.99384e-05 1.6531e-05 5.70369e-06
threshold=-0.66160453748142256 0.85248209206933701 -0.98501898920110598 114.16599462365595 0.1173139392833687 -0.90679331222573945 52.500000000000007 -0.052564831521350573 0.024615091914549594 -0.0002259193037143858 -0.27180020690210677 -1.0000000180025095e-35 0.49768926045146894 32.350464201498404 -0.10825016851421726 6.5000000000000009 0.9661794809604658 0.84214793197700655 0.043170282332530736 -0.91927165203796368 -0.22972438879582627 -0.34372591624006132 -3.4236603800110451e-05 -0.45021231504734788 -0.29615263384644064 16.500000000000004 -1.3220266575529731 -0.83402851867917838 5.5000000000000009
decision_type=10 10 10 10 10 10 8 10 10 10 8 2 10 10 10 10 10 10 8 10 8 8 10 10 10 10 2 10 2
left_child=2 5 6 9 15 19 8 10 25 -3 -7 -12 -13 -11 -15 -5 20 18 -8 -2 27 -20 -9 -22 -21 -1 -24 -10 -23
right_child=1 3 -4 4 -6 7 17 22 16 13 11 12 -14 14 -16 -17 -18 -19 21 24 23 28 26 -25 -26 -27 -28 -29 -30
leaf_value=-4.7454548889214952e-06 1.3976641115397575e-06 9.0627675278572477e-07 -6.6288964069124849e-06 2.4593359825344712e-06 8.5960167404411717e-06 -2.8102157776276901e-06 -2.7085581452787356e-06 5.6001945296000478e-07 -4.3150349956415785e-06 4.6022214639916894e-06 9.3761367800894424e-07 -2.7808588798602788e-06 -1.7803983139450572e-07 3.5167461431955049e-06 1.0560649595777074e-06 5.0012708681430017e-06 -1.1260573304960457e-06 6.8175713853366276e-07 4.6185548888308342e-08 2.6734510567882084e-06 -1.3903816253839027e-06 -1.7692170723972606e-06 1.3481705110713633e-06 -2.8904400207363391e-06 4.0757100601555782e-06 -3.5208068415164529e-06 2.6557305171002301e-06 -3.1237145777931147e-06 -1.1751235350684012e-06
leaf_weight=742 574 767 881 538 741 755 548 803 526 576 581 509 622 675 548 561 675 530 918 505 539 628 502 544 562 512 528 503 826
leaf_count=742 574 767 881 538 741 755 548 803 526 576 581 509 622 675 548 561 675 530 918 505 539 628 502 544 562 512 528 503 826
internal_value=-3.11666e-08 1.99727e-06 -2.53813e-06 3.81235e-06 5.70573e-06 6.51161e-07 -2.05702e-06 -1.33579e-07 -3.03064e-06 2.45465e-06 -1.25788e-06 -5.73274e-07 -1.34945e-06 3.11477e-06 2.4142e-06 3.75693e-06 -2.48402e-06 -9.16603e-07 -1.20673e-06 2.70748e-06 -2.91802e-06 -8.59748e-07 1.37958e-06 -2.1439e-06 3.41207e-06 -4.24547e-06 2.01849e-06 -3.73272e-06 -1.43174e-06
internal_weight=18719 10347 8372 4406 1840 5941 7491 4300 4041 2566 2467 1712 1131 1799 1223 1099 2787 3450 2920 1641 2112 2372 1833 1083 1067 1254 1030 1029 1454
internal_count=18719 10347 8372 4406 1840 5941 7491 4300 4041 2566 2467 1712 1131 1799 1223 1099 2787 3450 2920 1641 2112 2372 1833 1083 1067 1254 1030 1029 1454
is_linear=0
shrinkage=0.00469677


Tree=26
num_leaves=29
num_cat=0
split_feature=29 31 29 24 5 24 4 21 32 24 33 21 20 29 31 11 20 23 5 5 0 33 16 31 5 24 5 33
split_gain=0.00427469 0.00116299 0.000739916 0.000499435 0.000574721 0.000375789 0.000373506 0.000307851 0.000159098 0.000102366 0.000102645 9.51579e-05 9.31889e-05 7.73803e-05 0.00011897 7.18447e-05 5.93287e-05 5.48737e-05 5.05317e-05 9.05384e-05 4.88736e-05 4.58964e-05 4.18958e-05 4.14537e-05 3.21296e-05 2.53086e-05 2.14031e-05 6.00504e-06
threshold=-0.66160453748142256 -972.99020585867527 -0.98501898920110598 0.9393245590397078 114.16599462365595 0.6569277309654159 52.500000000000007 -0.080920107585482307 -0.4999125181208447 0.9661794809604658 18.500000000000004 -0.16787610007620776 0.50022549231717561 -0.33126036806934006 535.58318684227845 0.84214793197700655 0.50134227231381778 0.10972388917890365 129.99197032201749 624.01689976689988 258.25000000000006 14.500000000000002 -0.34490650037928899 -4.145663282480883 39.99470839671207 0.56203020573890217 240.07699768159418 10.500000000000002
decision_type=10 10 10 10 10 10 8 10 10 10 2 10 10 10 10 10 10 8 10 10 8 2 10 10 10 10 10 2
left_child=2 5 6 8 11 12 9 -6 22 10 18 -5 -2 -10 16 17 -15 -8 23 -20 -19 -7 -3 -1 -13 -24 -14 -22
right_child=1 3 -4 4 7 21 15 -9 13 -11 -12 24 26 14 -16 -17 -18 20 19 -21 27 -23 25 -25 -26 -27 -28 -29
leaf_value=-3.1056219914761971e-06 -3.4480864554995137e-06 1.9404659706027689e-06 -6.5977619904397187e-06 1.2074918923932305e-06 4.903001691809931e-06 2.530290221804631e-06 -2.1992207187949324e-06 9.6240694470728107e-06 -4.2356729473521804e-07 -1.6510141494218475e-06 -5.1443568530834712e-06 4.3972887533228377e-06 -1.8240092544773265e-06 1.5791829015275766e-06 -2.3410653597927388e-07 6.7855503854659132e-07 3.5274744743142616e-06 2.0992982166833058e-07 -4.8503034564743162e-06 -2.3652553668753307e-06 -1.0620133769730517e-06 6.792127028861266e-07 2.8395979040051147e-06 -1.3518432302925394e-06 2.8866824507873289e-06 4.2179302879437804e-06 -5.1503005662285924e-07 -1.7054671871709417e-06
leaf_weight=653 597 530 881 597 738 518 858 519 524 932 615 506 531 933 565 530 547 712 667 628 828 688 586 546 805 590 573 522
leaf_count=653 597 530 881 597 738 518 858 519 524 932 615 506 531 933 565 530 547 712 667 628 828 688 586 546 805 590 573 522
internal_value=-3.10202e-08 1.98789e-06 -2.52621e-06 2.97217e-06 4.38645e-06 -5.31194e-07 -2.04736e-06 6.8523e-06 1.9251e-06 -3.01641e-06 -3.42571e-06 2.76192e-06 -1.95311e-06 1.18671e-06 1.59933e-06 -9.12298e-07 2.29928e-06 -1.20106e-06 -3.00189e-06 -3.64522e-06 -7.85708e-07 1.47431e-06 3.03699e-06 -2.30701e-06 3.46975e-06 3.53114e-06 -1.14465e-06 -1.31084e-06
internal_weight=18719 10347 8372 7440 3165 2907 7491 1257 4275 4041 3109 1908 1701 2569 2045 3450 1480 2920 2494 1295 2062 1206 1706 1199 1311 1176 1104 1350
internal_count=18719 10347 8372 7440 3165 2907 7491 1257 4275 4041 3109 1908 1701 2569 2045 3450 1480 2920 2494 1295 2062 1206 1706 1199 1311 1176 1104 1350
is_linear=0
shrinkage=0.00469677


Tree=27
num_leaves=25
num_cat=0
split_feature=28 32 24 32 30 24 24 1 31 30 31 27 15 26 23 26 23 6 1 8 28 20 25 1
split_gain=0.00239386 0.00131206 0.000896333 0.000519326 0.000276344 0.00027632 0.0002607 0.00034772 0.000187833 0.000161301 0.000143424 0.000123926 0.00010088 7.70163e-05 8.39076e-05 7.24007e-05 6.70933e-05 6.05763e-05 5.77717e-05 5.71165e-05 5.32202e-05 4.94211e-05 4.54833e-05 6.45741e-05
threshold=2.4999999999999294 -0.54879228150145987 0.9661794809604658 0.99709198763887641 -0.00023229745688757122 0.52505203695725033 0.71320239820287001 82.850000000000009 -96.898130204991332 -0.00013155939769923477 141.75096003883499 -0.049999999999998927 -0.23349014551207667 -0.79797035043918785 1.0000000180025095e-35 -0.71613844659272596 0.077687176254345416 -0.010488078600527469 372.25000000000006 -0.4056165944882969 501.00000000002495 0.84654981935298224 -0.016821381170625514 131.25000000000003
decision_type=10 8 10 10 10 8 10 10 10 10 10 10 10 10 10 8 10 2 8 8 10 10 2 10
left_child=1 21 3 5 12 11 19 20 -5 13 -6 17 15 14 18 -4 -13 -3 -7 -2 -8 -1 -18 -24
right_child=6 2 4 8 10 9 7 -9 -10 -11 -12 16 -14 -15 -16 -17 22 -19 -20 -21 -22 -23 23 -25
leaf_value=3.1185163670316431e-06 2.7431631286423279e-06 -2.5155889485644071e-06 -6.0974185906702791e-07 -2.5391373682812556e-06 1.2574845830602256e-06 -2.1919867710615318e-06 3.7633668499594954e-06 6.680768637009652e-06 -6.1604413200520971e-06 1.176919284987281e-06 4.544143832098554e-06 -2.9273710417794207e-06 -1.8862177185163508e-06 -2.4205045723185632e-06 7.834768469662924e-07 1.4428555998308842e-06 -6.1775237179783935e-07 -4.5513006223438165e-06 -6.4834037727861755e-07 9.3036842397699473e-07 1.6906716972425935e-06 5.0918913129687416e-06 -1.1495431370403286e-06 -3.0759395378622527e-06
leaf_weight=621 919 628 711 534 661 806 561 912 774 825 526 936 535 789 610 812 913 663 1590 658 533 510 944 647
leaf_count=621 919 628 711 534 661 806 561 912 774 825 526 936 535 789 610 812 913 663 1590 658 533 510 944 647
internal_value=-3.42142e-08 -8.56372e-07 -1.25209e-06 -1.91007e-06 9.09203e-07 -1.52233e-06 3.41572e-06 4.53904e-06 -4.68204e-06 -7.05303e-07 2.71394e-06 -2.32019e-06 -1.31708e-07 -1.11449e-06 -7.71684e-07 4.84595e-07 -1.85449e-06 -3.56107e-06 -1.16763e-06 1.9868e-06 2.75357e-06 4.0084e-06 -1.45343e-06 -1.93296e-06
internal_weight=18618 15035 13904 10659 3245 9351 3583 2006 1308 4620 1187 4731 2058 3795 3006 1523 3440 1291 2396 1577 1094 1131 2504 1591
internal_count=18618 15035 13904 10659 3245 9351 3583 2006 1308 4620 1187 4731 2058 3795 3006 1523 3440 1291 2396 1577 1094 1131 2504 1591
is_linear=0
shrinkage=0.00469677


Tree=28
num_leaves=25
num_cat=0
split_feature=29 24 4 5 32 29 28 26 0 27 24 24 30 24 30 26 23 10 4 30 11 11 13 24
split_gain=0.00367105 0.000888427 0.000592201 0.00050528 0.000374138 0.000337225 0.000271293 0.00026652 0.000187522 0.000157189 0.000124823 0.000124691 0.000115592 0.000115422 0.000155854 8.70498e-05 8.20193e-05 7.70928e-05 7.07364e-05 4.90044e-05 4.3362e-05 4.08235e-05 3.75061e-05 1.83872e-05
threshold=-0.33126036806934006 0.85248209206933701 49.500000000000007 114.16599462365595 -0.33326668591970571 -0.9875079596822619 500.00000000002484 -0.75195391859270055 258.25000000000006 1.0000000180025095e-35 0.50534465310253085 0.9661794809604658 -0.0002259193037143858 0.49144128915934199 -0.00043865349876291276 -0.90019727419018614 1.5627759233841518 -39.749999999999993 12.500000000000002 -0.00039835381763625514 0.27946650902871134 0.33678369184699286 -0.66574430721430466 0.47665765109886277
decision_type=10 10 8 10 10 10 10 10 10 10 10 10 10 10 10 10 8 10 10 10 10 10 8 10
left_child=2 4 5 9 15 11 10 8 -5 12 17 18 -3 16 -15 -2 22 -6 -1 -20 -17 -12 -4 -21
right_child=1 3 13 7 6 -7 -8 -9 -10 -11 21 -13 -14 14 -16 20 -18 -19 19 23 -22 -23 -24 -25
leaf_value=-4.2397298949621613e-06 1.2696863976609809e-06 -4.1578226290939922e-07 -1.4014221407490159e-06 6.5964634398458263e-06 -3.0760036320210593e-06 -6.1065889927017964e-06 2.5133093737949164e-06 8.4661765413571217e-06 2.8368682013235112e-06 3.7718640339672393e-06 -5.2719422710977571e-07 -1.2270472307598181e-06 2.3269751665731451e-06 -1.9225704070365147e-06 1.2244076983315336e-06 4.3194919261971719e-06 -6.8497467844781356e-07 -8.4916171875727191e-07 -3.743012164403834e-06 -2.6410767158569512e-06 2.4069794258236767e-06 1.0368308970291213e-06 -2.8887914988760951e-06 -1.5011539110239104e-06
leaf_weight=998 708 543 662 503 560 800 706 508 700 930 760 902 902 537 982 545 1465 885 659 752 503 714 860 534
leaf_count=998 708 543 662 503 560 800 706 508 700 930 760 902 902 537 982 545 1465 885 659 752 503 714 860 534
internal_value=-3.40535e-08 2.01643e-06 -2.15535e-06 3.66758e-06 7.62639e-07 -3.33215e-06 -9.93225e-08 5.61351e-06 4.40886e-06 2.26568e-06 -7.31235e-07 -2.75488e-06 1.29628e-06 -9.42235e-07 1.1186e-07 2.54205e-06 -1.47829e-06 -1.71218e-06 -3.22314e-06 -2.7015e-06 3.40159e-06 2.30391e-07 -2.24188e-06 -2.16776e-06
internal_weight=18618 9467 9151 4086 5381 4645 3625 1711 1203 2375 2919 3845 1445 4506 1519 1756 2987 1445 2943 1945 1048 1474 1522 1286
internal_count=18618 9467 9151 4086 5381 4645 3625 1711 1203 2375 2919 3845 1445 4506 1519 1756 2987 1445 2943 1945 1048 1474 1522 1286
is_linear=0
shrinkage=0.00469677


Tree=29
num_leaves=27
num_cat=0
split_feature=29 31 4 24 24 29 5 20 3 24 25 24 31 17 27 4 24 20 0 17 14 20 14 21 14 31
split_gain=0.00363665 0.00101073 0.000586651 0.000386841 0.000350741 0.000334065 0.000331583 0.00013866 0.000129646 0.000123522 0.000115957 0.000162054 8.82749e-05 8.35329e-05 8.05553e-05 8.01569e-05 7.22861e-05 6.89446e-05 7.66007e-05 5.73224e-05 5.56965e-05 3.40894e-05 2.71505e-05 2.20181e-05 6.22537e-06 4.60837e-06
threshold=-0.33126036806934006 -1260.013481058711 49.500000000000007 1.3137244949004516 0.53195060630305779 -0.9875079596822619 114.29881780157204 0.80437561579074768 81.550000000000011 0.9661794809604658 -0.37886922869698542 0.42141944684114663 535.58318684227845 -0.22972438879582627 1.0000000180025095e-35 11.500000000000002 0.97698100829205525 0.50022549231717561 258.25000000000006 -0.2124526452418953 -1.3210013670539991 0.4975901339709205 -1.3398410799726592 -0.23858032453464059 -1.4868421052631582 -0.89951094534529652
decision_type=10 10 8 10 10 10 10 10 10 10 2 10 10 10 8 10 8 10 10 10 2 10 2 8 2 10
left_child=2 4 5 7 19 9 -5 12 25 13 11 -4 17 21 -6 -15 20 22 -19 -2 -12 -1 -3 -17 -18 -9
right_child=1 3 10 6 14 -7 -8 8 -10 -11 16 -13 -14 15 -16 23 24 18 -20 -21 -22 -23 -24 -25 -26 -27
leaf_value=-3.3923430025531079e-06 -3.2128963407613497e-06 2.2509445875646402e-06 -1.3446469310982305e-06 3.3715037066026274e-06 1.1332924015855551e-07 -6.0779077428377429e-06 8.205815994512469e-06 2.0700698221196835e-06 4.928447902045725e-06 -1.2212840509780925e-06 -2.9663212686164515e-06 2.3241653754005369e-06 7.1131381329610916e-07 -3.9542858920445171e-06 2.2357619381328665e-06 -9.8070131729291183e-07 -9.5752448568056125e-07 3.8921788572730847e-06 1.6217167038119357e-06 -1.2019540812224303e-06 -1.2866467749564486e-06 -4.8607519071703818e-06 7.9884172794883375e-07 -2.3691821030253213e-06 -3.8314356562849378e-07 2.7069776479496268e-06
leaf_weight=808 621 555 553 784 825 800 521 502 794 902 771 511 982 513 756 505 792 896 517 630 1001 614 582 503 878 502
leaf_count=808 621 555 553 784 825 800 521 502 794 902 771 511 982 513 756 505 792 896 517 630 1001 614 582 503 878 502
internal_value=-3.38936e-08 2.00696e-06 -2.14522e-06 3.00958e-06 -3.42046e-07 -3.3165e-06 5.30155e-06 2.44841e-06 3.5102e-06 -2.74195e-06 -9.37809e-07 4.17317e-07 1.90789e-06 -3.208e-06 1.12825e-06 -2.44285e-06 -1.35672e-06 2.36867e-06 3.06147e-06 -2.20022e-06 -2.01749e-06 -4.02641e-06 1.50768e-06 -1.6736e-06 -6.55565e-07 2.38856e-06
internal_weight=18618 9467 9151 6635 2832 4645 1305 5330 1798 3845 4506 1064 3532 2943 1581 1521 3442 2550 1413 1251 1772 1422 1137 1008 1670 1004
internal_count=18618 9467 9151 6635 2832 4645 1305 5330 1798 3845 4506 1064 3532 2943 1581 1521 3442 2550 1413 1251 1772 1422 1137 1008 1670 1004
is_linear=0
shrinkage=0.00469677


Tree=30
num_leaves=27
num_cat=0
split_feature=29 31 4 11 29 31 21 27 20 25 15 21 25 8 11 33 8 8 14 14 8 21 9 27 8 33
split_gain=0.00360257 0.00100126 0.000581153 0.000441087 0.000330934 0.000249104 0.000184912 0.000159047 0.000156939 0.000167076 0.000175011 0.000118262 0.00011487 0.000114723 0.000100033 7.87066e-05 7.39545e-05 6.00247e-05 5.5993e-05 5.98609e-05 4.403e-05 4.22127e-05 3.81831e-05 3.16148e-05 2.92152e-05 1.59919e-05
threshold=-0.33126036806934006 -1260.013481058711 49.500000000000007 1.2544628245512093 -0.9875079596822619 2417.9780889831632 -0.17884803298523719 1.0000000180025095e-35 0.50022549231717561 0.0086658779984651445 -0.23513007020367513 -0.21307075409421172 -0.37886922869698542 -0.13026813001915952 0.40062891222358915 18.500000000000004 -0.11196136208971112 -0.017397175083995884 -1.3210013670539991 -1.2262474367737528 -0.13438399044770138 -0.11156813106285475 -0.15703590498892114 -1.0000000180025095e-35 -0.39673344212944145 3.5000000000000004
decision_type=10 10 8 10 10 10 8 10 10 2 10 10 2 10 10 2 8 8 2 2 10 10 2 10 8 2
left_child=2 6 4 5 13 8 -2 23 20 10 16 -7 14 15 -4 22 21 18 -14 -20 -3 -10 -1 -8 -24 -19
right_child=1 3 12 -5 -6 11 7 -9 9 -11 -12 -13 17 -15 -16 -17 -18 25 19 -21 -22 -23 24 -25 -26 -27
leaf_value=-1.8517592012720766e-06 -1.9736927432299071e-06 1.0641110348839883e-06 -1.0438059400228612e-06 7.0971219015498649e-06 -6.0493611686422676e-06 -8.3289972396856857e-07 -1.1656131784693482e-06 2.7093013149605722e-06 3.6242141362084357e-06 1.1672581977481434e-06 6.3065182592702729e-06 2.2292840225972013e-06 -2.8052209634556916e-06 -1.292673254621789e-06 1.8366813151670341e-06 -4.6294932190028091e-06 4.683903033656379e-06 -1.1942497488540017e-06 -2.9548603450461746e-07 -2.4399589798374461e-06 2.817854123286341e-06 2.1597498625147602e-06 -3.8495171430695687e-06 3.0609118170946564e-07 -2.5691472546619484e-06 -1.9101413873836952e-07
leaf_weight=689 993 846 525 532 800 582 573 531 922 534 593 533 834 930 539 649 768 609 671 502 504 821 749 735 828 826
leaf_count=689 993 846 525 532 800 582 573 531 922 534 593 533 834 930 539 649 768 609 671 502 504 821 749 735 828 826
internal_value=-3.37344e-08 1.99753e-06 -2.13515e-06 2.99545e-06 -3.30092e-06 2.6379e-06 -3.40439e-07 5.41446e-07 3.08653e-06 3.59404e-06 4.01153e-06 6.30877e-07 -9.33405e-07 -2.72907e-06 4.15357e-07 -3.18732e-06 3.46953e-06 -1.35035e-06 -1.87481e-06 -1.21327e-06 1.71887e-06 2.93443e-06 -2.77426e-06 -3.38598e-07 -3.17728e-06 -6.16801e-07
internal_weight=18618 9467 9151 6635 4645 6103 2832 1839 4988 3638 3104 1115 4506 3845 1064 2915 2511 3442 2007 1173 1350 1743 2266 1308 1577 1435
internal_count=18618 9467 9151 6635 4645 6103 2832 1839 4988 3638 3104 1115 4506 3845 1064 2915 2511 3442 2007 1173 1350 1743 2266 1308 1577 1435
is_linear=0
shrinkage=0.00469677


Tree=31
num_leaves=28
num_cat=0
split_feature=29 8 32 4 1 17 29 33 23 8 15 10 26 17 28 20 28 20 33 33 17 13 1 28 17 33 4
split_gain=0.00356881 0.000791994 0.000586215 0.000575707 0.00042211 0.00038883 0.000327832 0.000269959 0.00011859 0.000113648 0.000108793 0.000112182 9.19946e-05 8.75983e-05 8.04528e-05 7.46619e-05 8.32176e-05 7.15732e-05 6.80544e-05 6.01729e-05 5.81611e-05 5.54697e-05 5.22566e-05 2.75605e-05 1.83379e-05 9.28213e-06 6.63319e-06
threshold=-0.33126036806934006 -0.11764203154219885 -0.33326668591970571 49.500000000000007 80.950000000000017 -0.1104887458968014 -0.9875079596822619 8.5000000000000018 0.12770457682921335 -0.13026813001915952 -0.68033613464595322 -15.499999999999998 -0.90756224841572786 -0.23275730347653792 -0.50000000000001765 0.50022549231717561 1.7905676941154525e-11 0.50330413218429049 8.5000000000000018 8.5000000000000018 -0.082320663147164228 -0.29767657897280714 33.275000000000006 -5000.833333333333 -0.021560250389615246 9.5000000000000018 24.500000000000004
decision_type=10 10 10 8 10 10 10 2 10 10 8 10 8 10 10 10 10 10 2 2 10 8 10 10 10 2 10
left_child=3 2 12 6 22 8 9 -6 17 13 11 -5 -2 19 23 24 -17 -4 -14 -1 -16 -15 -3 25 -7 -12 -20
right_child=1 4 5 10 7 15 -8 -9 -10 -11 14 -13 18 21 20 16 -18 -19 26 -21 -22 -23 -24 -25 -26 -27 -28
leaf_value=-2.7585120127722623e-06 1.5568098737249016e-06 3.5618593425523225e-06 8.7750268216799348e-07 1.8514492349531436e-06 3.7741273329288013e-06 3.8629053282282493e-08 -6.020948662010548e-06 8.0862876243839964e-06 -2.8008285433482341e-06 -1.2866018595663158e-06 -1.5201180954226988e-06 -1.0750608872239746e-06 2.4625022381705543e-06 -1.6640723243030291e-06 -1.4214962478569203e-06 1.2358182105327855e-06 3.7630571710606465e-06 -1.2915647775171039e-06 4.8006875252674668e-06 -4.7345506966533388e-06 -3.5249026800849039e-06 -3.5575197051498436e-06 1.6702191951424063e-06 -8.9312562688340451e-08 1.2274828530732631e-06 -7.493813384543897e-07 4.0371523611114259e-06
leaf_weight=545 639 506 533 549 597 570 800 691 741 930 842 610 643 925 659 669 504 906 503 904 518 541 887 744 575 584 503
leaf_count=545 639 506 533 549 597 570 800 691 741 930 842 610 643 925 659 669 504 906 503 904 518 541 887 744 575 584 503
internal_value=-3.3576e-08 1.98815e-06 1.13427e-06 -2.12512e-06 4.14945e-06 1.49704e-07 -3.28542e-06 6.08759e-06 -1.27425e-06 -2.71625e-06 -9.29021e-07 3.11152e-07 3.06981e-06 -3.17235e-06 -1.35848e-06 1.4889e-06 2.32172e-06 -4.88127e-07 3.65609e-06 -3.99134e-06 -2.34724e-06 -2.36284e-06 2.35737e-06 -8.22163e-07 6.35681e-07 -1.2045e-06 4.41895e-06
internal_weight=18618 9467 6786 9151 2681 4498 4645 1288 2180 3845 4506 1159 2288 2915 3347 2318 1173 1439 1649 1449 1177 1466 1393 2170 1145 1426 1006
internal_count=18618 9467 6786 9151 2681 4498 4645 1288 2180 3845 4506 1159 2288 2915 3347 2318 1173 1439 1649 1449 1177 1466 1393 2170 1145 1426 1006
is_linear=0
shrinkage=0.00469677


Tree=32
num_leaves=29
num_cat=0
split_feature=29 31 11 24 24 31 3 13 24 0 31 0 21 3 0 13 0 3 27 20 21 24 24 20 16 19 19 14
split_gain=0.00353536 0.000983516 0.000435642 0.000345572 0.000343936 0.000246515 0.000244605 0.000193447 0.000184511 0.000309872 0.000139175 0.000121877 0.000116563 0.000107965 0.00010253 0.000100543 8.97861e-05 8.02156e-05 7.89251e-05 6.83726e-05 7.53781e-05 6.79694e-05 6.09679e-05 5.09254e-05 4.53194e-05 2.5735e-05 2.25164e-05 1.04903e-05
threshold=-0.33126036806934006 -1260.013481058711 1.2544628245512093 0.53195060630305779 0.9661794809604658 2417.9780889831632 995.50000000000011 -0.39741683202219563 0.85248209206933701 82.850000000000009 -86.17372242781984 82.850000000000009 -0.21307075409421172 159.75000000000003 81.750000000000014 -0.45246011126207991 40.32500000000001 78.15000000000002 1.0000000180025095e-35 0.49532288246697226 -0.075647657897736684 0.37435388890488669 0.42901016541936693 0.50134227231381778 -0.55778561333606835 0.12412158888362743 0.060846491279790381 -1.4706083390293905
decision_type=10 10 10 10 8 10 10 8 10 10 8 10 10 10 10 8 10 10 8 10 8 10 10 10 10 10 10 2
left_child=4 3 5 23 6 8 7 10 19 24 -1 22 -7 -13 16 -6 -9 27 -5 -3 21 -21 26 -2 -10 -23 -12 -17
right_child=1 2 -4 18 15 12 -8 14 9 -11 11 13 -14 -15 -16 17 -18 -19 -20 20 -22 25 -24 -25 -26 -27 -28 -29
leaf_value=1.2697025460691083e-07 -3.2219569121764181e-06 1.0666215716696091e-06 7.044122694397928e-06 1.1647349185784132e-07 5.7204033542420763e-07 -8.3727908528457126e-07 -5.8340058510211577e-06 -3.8186505496671279e-06 1.5872794206930795e-06 6.358035442800643e-06 -2.9915092981123002e-06 -4.9767680344051945e-06 2.2028291906976525e-06 -2.0079456789498316e-06 -4.7620787079264555e-06 -1.1710892625658099e-06 -1.1771259725901777e-06 -2.9533891544246377e-06 2.2173219483515554e-06 4.6056631458313758e-06 1.1547805953160013e-06 1.8849274183180656e-06 -6.0746213103581209e-07 -1.3185160511111346e-06 3.4003476693184076e-06 3.3136930173744869e-06 -1.5976504585875406e-06 -3.9415767767258584e-07
leaf_weight=671 568 745 532 825 855 582 516 650 516 827 515 543 533 538 928 823 504 513 756 524 518 593 869 683 741 524 508 718
leaf_count=671 568 745 532 825 855 582 516 650 516 827 515 543 533 538 928 823 504 513 756 524 518 593 869 683 741 524 508 718
internal_value=-3.34183e-08 1.97881e-06 2.96785e-06 -3.38347e-07 -2.11514e-06 2.61251e-06 -2.73675e-06 -2.45763e-06 3.05881e-06 4.12517e-06 -1.80507e-06 -2.24114e-06 6.15945e-07 -3.49925e-06 -3.59975e-06 -7.81313e-07 -2.66502e-06 -1.34468e-06 1.12107e-06 2.29354e-06 2.7169e-06 3.20998e-06 -1.5223e-06 -2.18277e-06 2.65611e-06 2.55521e-06 -2.29938e-06 -8.09114e-07
internal_weight=18618 9467 6635 2832 9151 6103 6242 5726 4988 2084 3644 2973 1115 1081 2082 2909 1154 2054 1581 2904 2159 1641 1892 1251 1257 1117 1023 1541
internal_count=18618 9467 6635 2832 9151 6103 6242 5726 4988 2084 3644 2973 1115 1081 2082 2909 1154 2054 1581 2904 2159 1641 1892 1251 1257 1117 1023 1541
is_linear=0
shrinkage=0.00469677


Tree=33
num_leaves=28
num_cat=0
split_feature=29 31 4 29 23 31 23 5 3 25 21 31 20 19 10 19 23 4 33 5 4 27 28 21 4 15 33
split_gain=0.00350223 0.000974299 0.000567538 0.000323407 0.000318586 0.000243585 0.000227895 0.000141109 0.000460496 0.00011279 0.000110478 0.000104764 0.000102517 9.73723e-05 8.92431e-05 7.86213e-05 6.589e-05 6.40496e-05 7.58252e-05 6.34688e-05 6.77522e-05 4.77558e-05 3.85163e-05 7.43204e-05 3.17019e-05 3.01446e-05 1.43437e-05
threshold=-0.33126036806934006 -1260.013481058711 49.500000000000007 -0.9875079596822619 -2.6506180188155208 1104.9614668438314 0.040863978880459235 81.818592306380211 257.75000000000006 -0.37886922869698542 -0.12090016904253657 -1.8751115382635593 0.50134227231381778 0.043170282332530736 -15.499999999999998 0.12612811469067167 0.083503315316125551 11.500000000000002 10.500000000000002 33.271026314967266 71.500000000000014 1.0000000180025095e-35 -0.66666666666660335 -0.39097358465434118 29.500000000000004 -0.42468619901623145 3.5000000000000004
decision_type=10 10 8 10 10 10 10 10 10 2 8 10 10 8 10 10 10 10 2 10 10 8 8 10 10 8 2
left_child=2 6 3 11 -3 7 21 19 10 14 -9 16 -8 -11 -4 -10 -1 -13 -19 -6 24 -2 -15 26 -21 -18 -24
right_child=1 4 9 -5 5 -7 12 8 15 13 -12 17 -14 22 -16 -17 25 18 -20 20 -22 -23 23 -25 -26 -27 -28
leaf_value=-4.3790010385163687e-06 2.0525688180671806e-07 6.461343981538539e-06 1.7945610916331696e-06 -5.9742459045255407e-06 3.3811181826862295e-06 5.2563765148735977e-07 -3.1666349700061811e-06 4.4522432796376382e-06 7.7340986050139624e-07 -3.0729897120615776e-06 7.4138243149768331e-06 -3.172925575677348e-06 -6.3924468037325199e-07 -2.3407222324721751e-08 -9.2607656520722939e-07 3.1881796000322914e-06 -1.8740342141417361e-06 -2.4232410649184063e-06 -5.590290679366302e-08 1.7238921413456626e-06 6.5620093507381698e-07 1.9954724106028497e-06 -1.2249209390741448e-06 -2.5531101630986758e-06 3.2336306928685707e-06 -3.3545651154305102e-06 -2.8139222995852164e-07
leaf_weight=878 662 526 526 800 901 995 563 505 641 587 618 545 954 709 538 555 548 592 602 583 663 653 619 692 648 680 835
leaf_count=878 662 526 526 800 901 995 563 505 641 587 618 545 954 709 538 555 548 592 602 583 663 653 619 692 648 680 835
internal_value=-3.32613e-08 1.96952e-06 -2.1052e-06 -3.25724e-06 2.95391e-06 2.6519e-06 -3.36758e-07 3.06559e-06 3.92213e-06 -9.17622e-07 6.08207e-06 -2.69193e-06 -1.57725e-06 -1.33077e-06 4.18869e-07 1.894e-06 -3.39644e-06 -1.83871e-06 -1.22969e-06 2.35491e-06 1.86671e-06 1.09426e-06 -9.72552e-07 -1.28612e-06 2.51865e-06 -2.6939e-06 -6.83096e-07
internal_weight=18618 9467 9151 4645 6635 6109 2832 5114 2319 4506 1123 3845 1517 3442 1064 1196 2106 1739 1194 2795 1894 1315 2855 2146 1231 1228 1454
internal_count=18618 9467 9151 4645 6635 6109 2832 5114 2319 4506 1123 3845 1517 3442 1064 1196 2106 1739 1194 2795 1894 1315 2855 2146 1231 1228 1454
is_linear=0
shrinkage=0.00469677


Tree=34
num_leaves=27
num_cat=0
split_feature=28 24 21 24 33 24 0 23 24 23 31 10 26 8 23 14 26 16 23 3 24 8 28 24 3 14
split_gain=0.00224693 0.00105876 0.000317093 0.000313759 0.000293537 0.000250725 0.00033397 0.000195653 0.000193979 0.000124739 0.000116888 0.000107013 0.000100385 9.54175e-05 9.79094e-05 9.13524e-05 7.81602e-05 6.98343e-05 6.97447e-05 7.71309e-05 6.31937e-05 5.59873e-05 5.24661e-05 4.86081e-05 1.29402e-05 4.63432e-06
threshold=2.4999999999999294 0.85248209206933701 -0.15428745546733208 0.52117866539647983 19.500000000000004 0.71320239820287001 82.850000000000009 1.0000000180025095e-35 1.3417894655810447 0.069574496155794932 28.181396251217926 -51.249999999999993 -0.79797035043918785 -0.015195926674069259 -0.21553087640443633 -1.3677802460697188 -0.98816184372778826 -0.55403382959231506 1.6250613464831647 130.75000000000003 0.24428061840036158 -0.4056165944882969 501.00000000002495 0.63422664517416893 41.57500000000001 -1.4198991797676008
decision_type=10 10 10 8 2 10 10 10 10 10 8 10 8 8 10 2 10 10 10 10 10 8 10 10 10 2
left_child=1 3 13 4 9 21 22 10 -4 17 15 -11 -9 14 -3 -5 -15 -1 19 20 -13 -2 -7 25 -16 -12
right_child=5 2 8 7 -6 6 -8 12 -10 11 23 18 -14 16 24 -17 -18 -19 -20 -21 -22 -23 -24 -25 -26 -27
leaf_value=-4.3945550567013939e-06 2.656810626474061e-06 -2.2466780339612916e-06 1.4817433695927113e-06 -3.8663013166888062e-06 -4.8738345333981153e-06 3.6637035231451636e-06 6.5098594932995308e-06 1.9595418572017405e-06 4.8804721971112526e-06 -3.2219147436174521e-06 -1.0011762861774562e-06 -1.7869166725918917e-06 -5.9432635695305941e-07 1.8149875384016825e-07 7.8010133934931273e-07 -1.1660727729899832e-06 2.5425517614786624e-06 -2.0738337966020593e-06 1.9358098928875465e-07 -2.77538717454631e-06 2.2360394871474839e-09 8.6202679584955919e-07 1.6057477830793839e-06 2.2412390632170322e-07 -2.8418412195594393e-07 -1.523351798517709e-06
leaf_weight=595 919 530 941 585 871 561 912 727 611 668 905 960 637 779 503 524 513 551 669 749 797 658 533 774 505 641
leaf_count=595 919 530 941 585 871 561 912 727 611 668 905 960 637 779 503 524 513 551 669 749 797 658 533 774 505 641
internal_value=-3.31051e-08 -8.29633e-07 1.11369e-06 -1.629e-06 -2.35799e-06 3.30928e-06 4.4109e-06 -7.37729e-07 2.8198e-06 -1.91875e-06 -1.33623e-06 -1.51318e-06 7.66838e-07 1.78041e-07 -6.12394e-07 -2.59048e-06 1.119e-06 -3.27877e-06 -1.15366e-06 -1.51334e-06 -9.75313e-07 1.90796e-06 2.66109e-06 -7.36664e-07 2.4687e-07 -1.2177e-06
internal_weight=18618 15035 4382 10653 5860 3583 2006 4793 1552 4989 3429 3843 1364 2830 1538 1109 1292 1146 3175 2506 1757 1577 1094 2320 1008 1546
internal_count=18618 15035 4382 10653 5860 3583 2006 4793 1552 4989 3429 3843 1364 2830 1538 1109 1292 1146 3175 2506 1757 1577 1094 2320 1008 1546
is_linear=0
shrinkage=0.00469677


Tree=35
num_leaves=29
num_cat=0
split_feature=29 31 24 32 29 24 5 24 29 5 19 32 31 5 27 14 8 33 28 14 26 9 24 21 30 15 30 33
split_gain=0.0034506 0.00095748 0.00037353 0.00036192 0.00038612 0.000337163 0.000320162 0.000207764 0.000154499 0.000203376 0.000138811 0.000117026 9.38547e-05 7.88284e-05 7.74047e-05 7.43681e-05 6.90446e-05 6.33016e-05 5.90419e-05 5.60609e-05 4.9857e-05 4.83076e-05 3.99904e-05 3.24357e-05 2.251e-05 1.84753e-05 1.56916e-05 8.90376e-06
threshold=-0.33126036806934006 -1260.013481058711 1.3137244949004516 0.99709198763887641 -0.98473307571521806 0.53195060630305779 114.29881780157204 0.47236023179795533 -0.97613437465185948 78.367588372640057 0.036533912669587831 -0.99634683855938355 2417.9780889831632 27.906421395889875 1.0000000180025095e-35 -1.2156100478468905 -0.71424293075438527 7.5000000000000009 2000.833333333291 -1.3398410799726592 -0.93618956594195424 -0.072321497730403056 0.36906804089748574 -0.32681410329051658 0.00011995609995997948 -0.54384487801573222 -0.00030375735182419883 18.500000000000004
decision_type=10 10 10 10 10 10 10 8 10 10 10 10 10 10 8 2 10 2 8 2 8 2 10 10 10 10 8 2
left_child=3 5 11 7 -5 22 -4 10 9 13 26 17 15 27 -7 18 -12 -3 20 -11 -13 -15 -2 -18 25 -22 -1 -9
right_child=1 2 6 4 -6 14 -8 8 -10 19 16 12 -14 21 -16 -17 23 -19 -20 -21 24 -23 -24 -25 -26 -27 -28 -29
leaf_value=-3.4351724102931935e-06 -2.8614118932569128e-06 2.6027211396488198e-06 3.2865350527485102e-06 -1.9898189550296384e-06 -6.6424495267709529e-06 1.1540592382648483e-07 8.036866593510004e-06 -1.0063520653417527e-06 1.3171675347145935e-06 -3.7943366777383504e-06 -7.5486230798309378e-07 1.1064983388273782e-06 7.0144595964994577e-07 -8.1001031449778846e-07 2.1959213087938535e-06 8.0017351898406949e-07 -1.8196409205956688e-06 4.7906904800150915e-06 4.1084450524043785e-06 -1.8991775134812873e-06 1.7348208026819642e-06 1.0810179496804121e-06 -1.157366590998549e-06 -3.4022883771088354e-06 3.5865775777717029e-06 2.9485693014487076e-06 -4.5925856093499581e-06 -1.7284143748881893e-06
leaf_weight=505 731 585 784 855 729 825 521 844 539 676 729 526 936 520 756 540 576 582 534 702 508 698 520 567 511 608 530 681
leaf_count=505 731 585 784 855 729 825 521 844 539 676 729 526 936 520 756 540 576 582 534 702 508 698 520 567 511 608 530 681
internal_value=-3.29496e-08 1.95501e-06 2.93087e-06 -2.08956e-06 -4.13111e-06 -3.31272e-07 5.18305e-06 -1.6622e-06 -1.04751e-06 -1.3568e-06 -2.64756e-06 2.37943e-06 2.01094e-06 -6.17244e-07 1.11028e-06 2.39075e-06 -1.88439e-06 3.69392e-06 2.71039e-06 -2.8289e-06 2.36362e-06 2.73655e-07 -2.15312e-06 -2.60476e-06 2.77002e-06 2.3961e-06 -4.02789e-06 -1.32882e-06
internal_weight=18618 9467 6635 9151 1584 2832 1305 7567 4660 4121 2907 5330 4163 2743 1581 3227 1872 1167 2687 1378 2153 1218 1251 1143 1627 1116 1035 1525
internal_count=18618 9467 6635 9151 1584 2832 1305 7567 4660 4121 2907 5330 4163 2743 1581 3227 1872 1167 2687 1378 2153 1218 1251 1143 1627 1116 1035 1525
is_linear=0
shrinkage=0.00469677


Tree=36
num_leaves=27
num_cat=0
split_feature=29 31 4 29 8 20 5 11 28 8 19 13 25 31 16 19 4 5 0 5 4 28 13 30 19 31
split_gain=0.00382533 0.000925292 0.000527405 0.000376044 0.000357835 0.000340737 0.000246772 0.000152965 0.000125583 0.000104405 9.50917e-05 9.41376e-05 9.12391e-05 9.06478e-05 8.37431e-05 8.89607e-05 8.07169e-05 7.20715e-05 6.37648e-05 7.13964e-05 4.87891e-05 4.66413e-05 4.37017e-05 3.27605e-05 2.51658e-05 1.977e-05
threshold=-0.50253164103948544 -1802.446653882226 77.500000000000014 -0.99093386929847538 -0.0090808117003548048 0.82649670194955493 80.253186709080808 0.79323389719983617 4.4999999999997877 -0.06003063627727407 0.085668090501933733 -0.49126917570978645 -0.40824829047327621 -2.7382297559514757 -0.72474769646252712 0.19985373954509669 3.5000000000000004 78.491896879072087 258.25000000000006 78.755864698903011 11.500000000000002 -500.99999999998926 -0.31315465337140241 1.7884902422627114e-05 0.066669972890033763 -24.49259622789738
decision_type=10 10 8 10 10 10 10 8 10 10 8 10 2 10 10 8 10 10 10 10 10 10 8 10 10 10
left_child=2 7 3 13 5 8 -7 11 9 14 -5 -2 -4 20 -3 23 -9 -15 19 -10 -1 -14 25 -16 -19 -22
right_child=1 4 12 10 -6 6 -8 16 18 -11 -12 -13 21 17 15 -17 -18 24 -20 -21 22 -23 -24 -25 -26 -27
leaf_value=-4.2488583726881138e-06 -1.4327276156042783e-07 -7.7683478674445355e-07 9.8622326439262336e-07 -6.9291415516108487e-06 6.1746612889527212e-06 2.7054185439952214e-06 6.2925236097342538e-06 -1.8620406997307328e-07 2.6264958932769209e-06 3.1696320450292275e-06 -4.2157010699473628e-06 -2.4327713630869888e-06 -5.5066271215969898e-07 -7.5179063664804549e-07 1.4656776796295937e-06 -1.7386211225553063e-07 2.275819132641031e-06 -3.2164022356249396e-06 1.6307747933526743e-06 4.8727942504850012e-06 -1.5016026191551809e-06 -1.8938748704927463e-06 -3.840867370158861e-06 3.0091467600948401e-06 -1.7982031418360182e-06 -2.7177648818557799e-06
leaf_weight=595 875 502 604 534 690 881 814 584 815 567 611 724 1525 914 767 558 591 574 591 506 513 911 510 502 532 694
leaf_count=595 875 502 604 534 690 881 814 584 815 567 611 724 1525 914 767 558 591 574 591 506 513 911 510 502 532 694
internal_value=9.47707e-08 2.06991e-06 -2.21663e-06 -3.08738e-06 2.95861e-06 2.61737e-06 4.4281e-06 -2.34484e-07 1.97901e-06 1.36221e-06 -5.48121e-06 -1.17994e-06 -6.4783e-07 -2.45465e-06 9.22176e-07 1.38903e-06 1.05211e-06 -1.72775e-06 2.91322e-06 3.48695e-06 -3.08973e-06 -1.053e-06 -2.68804e-06 2.07628e-06 -2.53426e-06 -2.2009e-06
internal_weight=18484 9967 8517 5477 7193 6503 1695 2774 4808 2896 1145 1599 3040 4332 2329 1827 1175 2020 1912 1321 2312 2436 1717 1269 1106 1207
internal_count=18484 9967 8517 5477 7193 6503 1695 2774 4808 2896 1145 1599 3040 4332 2329 1827 1175 2020 1912 1321 2312 2436 1717 1269 1106 1207
is_linear=0
shrinkage=0.00469677


Tree=37
num_leaves=28
num_cat=0
split_feature=29 24 31 28 4 29 21 5 4 24 28 33 19 31 33 28 31 1 13 5 24 28 16 33 5 19 11
split_gain=0.00378948 0.00100098 0.000567256 0.000541563 0.000522463 0.00037252 0.000244741 0.000245138 0.000129699 0.00011938 0.000103132 9.95089e-05 9.42004e-05 8.97983e-05 0.000100604 8.30686e-05 8.04368e-05 7.7103e-05 7.55555e-05 7.36287e-05 6.42893e-05 7.49688e-05 5.86857e-05 5.34084e-05 5.33253e-05 2.63043e-05 1.42367e-05
threshold=-0.50253164103948544 0.85248209206933701 -1802.446653882226 4999.5000000000009 77.500000000000014 -0.99093386929847538 -0.14404001393961327 80.253186709080808 29.500000000000004 0.36906804089748574 500.00000000002484 4.5000000000000009 0.085668090501933733 -2.7382297559514757 10.500000000000002 7.1054273576011546e-14 535.58318684227845 259.75000000000006 -0.29095143337338358 39.821829424773803 0.54594361515175527 -1000.9999999999608 -0.26282063667175742 6.5000000000000009 114.29881780157204 0.057644638032498273 0.17244506262363252
decision_type=10 10 10 10 8 10 10 10 10 10 10 2 8 10 2 8 10 10 8 10 10 10 10 2 10 10 10
left_child=4 2 9 6 5 13 8 19 16 -2 15 -6 -7 23 -15 22 -3 -12 -11 -8 21 -13 -4 -1 26 -16 -25
right_child=1 3 10 -5 11 12 7 -9 -10 18 17 20 -14 14 25 -17 -18 -19 -20 -21 -22 -23 -24 24 -26 -27 -28
leaf_value=-1.9086905415335951e-06 -2.7892808234978929e-06 1.9403676941987389e-06 1.0609391551466328e-06 7.3660368367066581e-06 -1.9347239896651444e-06 -6.8965969491638983e-06 4.4855714064208209e-06 7.0011259949885262e-06 3.8157102879504577e-06 9.3051693674843561e-07 3.5881344511232561e-06 4.9610559664601114e-07 -4.1959008851069867e-06 -2.7782481832202065e-06 -1.428644478619217e-06 -3.8692812114687053e-07 -4.5605839238508417e-07 1.498636515171926e-06 -1.3229578949582122e-06 2.13386557451906e-06 1.2048030491457498e-06 -1.5981907624238237e-06 3.0317385930991438e-06 -2.2880815686500315e-06 -4.5766118379174629e-06 7.9860323726464023e-08 -3.3879857024804591e-06
leaf_weight=630 695 791 945 762 920 534 504 509 502 558 984 718 611 1000 515 549 507 645 797 704 608 794 515 504 642 505 536
leaf_count=630 695 791 945 762 920 534 504 509 502 558 984 718 611 1000 515 549 507 645 797 704 608 794 515 504 642 505 536
internal_value=9.43255e-08 2.06019e-06 7.69193e-07 3.77628e-06 -2.20622e-06 -3.07288e-06 2.9985e-06 4.2671e-06 1.78839e-06 -1.20669e-06 1.88261e-06 -6.44787e-07 -5.45547e-06 -2.44312e-06 -1.71964e-06 1.17049e-06 1.0043e-06 2.76082e-06 -3.94934e-07 3.11507e-06 -8.49871e-08 -6.03655e-07 1.75614e-06 -3.07522e-06 -3.51213e-06 -6.81754e-07 -2.85499e-06
internal_weight=18484 9967 5688 4279 8517 5477 3517 1717 1800 2050 3638 3040 1145 4332 2020 2009 1298 1629 1355 1208 2120 1512 1460 2312 1682 1020 1040
internal_count=18484 9967 5688 4279 8517 5477 3517 1717 1800 2050 3638 3040 1145 4332 2020 2009 1298 1629 1355 1208 2120 1512 1460 2312 1682 1020 1040
is_linear=0
shrinkage=0.00469677


Tree=38
num_leaves=29
num_cat=0
split_feature=29 24 31 28 4 29 21 5 17 24 28 32 19 31 10 13 5 5 22 17 26 15 13 4 13 11 22 14
split_gain=0.00375397 0.000991602 0.00056194 0.000536487 0.000517567 0.000369029 0.000242448 0.000242841 0.000164493 0.000118261 0.000102165 0.00012792 9.33176e-05 8.89567e-05 7.87135e-05 7.48474e-05 7.29387e-05 7.10009e-05 6.83414e-05 6.27897e-05 5.17878e-05 4.98924e-05 4.87262e-05 4.81993e-05 4.33349e-05 2.96276e-05 2.6896e-05 1.35537e-06
threshold=-0.50253164103948544 0.85248209206933701 -1802.446653882226 4999.5000000000009 77.500000000000014 -0.99093386929847538 -0.14404001393961327 80.253186709080808 -0.10745977890057386 0.36906804089748574 500.00000000002484 -0.33316675920373867 0.085668090501933733 -2.7382297559514757 -22.249999999999996 -0.29095143337338358 39.821829424773803 78.491896879072087 -0.1402839033925489 -0.081517773036507313 -0.78997031879952717 -0.34272607483167861 -0.77628626321748306 11.500000000000002 -0.31315465337140241 0.07547716884665169 -0.52203585087794291 -1.440191387559808
decision_type=10 10 10 10 8 10 10 10 10 10 10 10 8 10 8 8 10 10 10 10 8 10 10 10 8 10 10 2
left_child=4 2 9 6 5 13 8 16 22 -2 11 -4 -7 23 -6 -11 -8 -15 -12 25 -13 -19 -3 -1 26 27 -25 -16
right_child=1 3 10 -5 14 12 7 -9 -10 15 18 20 -14 17 19 -17 -18 21 -20 -21 -22 -23 -24 24 -26 -27 -28 -29
leaf_value=-4.2128752121634522e-06 -2.7761802010530406e-06 1.5635606226749616e-06 2.8292548427293678e-06 7.3314401909287158e-06 9.0808122425813097e-07 -6.8642051975470033e-06 4.4645037152475016e-06 6.9682433395165514e-06 3.3926638135178311e-06 9.2614650788630357e-07 3.5118372499547001e-06 1.0590375533993368e-06 -4.1761936675146436e-06 -7.4287488645856391e-07 -1.1329832925286878e-06 -1.3167442701956266e-06 2.1238432729016227e-06 -1.4795034379674229e-06 1.5363435509376888e-06 -2.4401955518797509e-06 -8.4020665666291522e-07 -3.4759551557250728e-06 -4.9559024367766759e-07 -2.9518013095500385e-06 -3.8095002779993123e-06 2.5526359626653754e-07 -1.5422983545302316e-06 -8.287374943297844e-07
leaf_weight=595 695 505 676 762 584 534 504 509 786 558 999 815 611 914 773 797 704 534 630 531 518 572 509 543 510 595 664 557
leaf_count=595 695 505 676 762 584 534 504 509 786 558 999 815 611 914 773 797 704 534 630 531 518 572 509 543 510 595 664 557
internal_value=9.38825e-08 2.05051e-06 7.6558e-07 3.75854e-06 -2.19585e-06 -3.05845e-06 2.98442e-06 4.24706e-06 1.77999e-06 -1.20102e-06 1.87376e-06 1.16499e-06 -5.42985e-06 -2.43165e-06 -6.41758e-07 -3.93079e-07 3.10044e-06 -1.71156e-06 2.74785e-06 -1.0103e-06 3.20972e-07 -2.51206e-06 5.29891e-07 -3.06078e-06 -2.66152e-06 -6.15855e-07 -2.17643e-06 -1.00559e-06
internal_weight=18484 9967 5688 4279 8517 5477 3517 1717 1800 2050 3638 2009 1145 4332 3040 1355 1208 2020 1629 2456 1333 1106 1014 2312 1717 1925 1207 1330
internal_count=18484 9967 5688 4279 8517 5477 3517 1717 1800 2050 3638 2009 1145 4332 3040 1355 1208 2020 1629 2456 1333 1106 1014 2312 1717 1925 1207 1330
is_linear=0
shrinkage=0.00469677


Tree=39
num_leaves=28
num_cat=0
split_feature=29 31 4 29 8 23 28 33 33 31 29 5 15 19 31 33 25 4 33 33 5 22 0 19 33 28 11
split_gain=0.00371879 0.000899506 0.000512716 0.000365571 0.000351482 0.000221529 0.000178245 0.000289591 9.84356e-05 9.7528e-05 0.000103511 9.90633e-05 9.60204e-05 9.2443e-05 8.8123e-05 9.92474e-05 8.77619e-05 7.02997e-05 6.13136e-05 5.28877e-05 5.26975e-05 4.98331e-05 4.06133e-05 2.6063e-05 2.35378e-05 2.04935e-05 1.41095e-05
threshold=-0.50253164103948544 -1802.446653882226 77.500000000000014 -0.99093386929847538 -0.0090808117003548048 0.12770457682921335 3001.0000000000073 8.5000000000000018 4.5000000000000009 535.58318684227845 -0.33126036806934006 81.818592306380211 -0.55004757846619989 0.085668090501933733 -2.7382297559514757 10.500000000000002 -0.40824829047327621 89.500000000000014 16.500000000000004 6.5000000000000009 114.29881780157204 0.1396847608560727 370.25000000000006 0.057644638032498273 16.500000000000004 500.00000000002484 0.17244506262363252
decision_type=10 10 8 10 10 10 10 2 2 10 10 10 10 8 10 2 2 10 2 2 10 8 10 10 2 8 10
left_child=2 5 3 14 6 18 9 -8 -4 10 -3 17 -11 -5 19 -16 -10 25 -2 -1 26 -18 -7 -17 -23 -12 -21
right_child=1 4 8 13 -6 22 7 -9 16 12 11 -13 -14 -15 15 23 21 -19 -20 20 -22 24 -24 -25 -26 -27 -28
leaf_value=-1.8855712953479577e-06 1.9115748740370892e-06 5.5142067185132036e-07 -1.9217055311650668e-06 -6.8319655491941521e-06 6.1044865373424753e-06 -2.8487332850612691e-06 2.1390640306163128e-06 6.3083951043824486e-06 1.6269442092460089e-06 2.4157141845103833e-06 2.2850009380680057e-06 4.1280007860698796e-06 -3.7761334790069002e-07 -4.1565790266943672e-06 -2.7549725564843485e-06 -1.4161151979748952e-06 -1.7644234974914337e-06 9.752434145547648e-07 8.9214119986025511e-08 -2.2635441272487614e-06 -4.5393740467412955e-06 7.1182263850242582e-07 -1.032146404418437e-06 8.5454293499731714e-08 -6.8653132098299774e-07 3.2725422473919298e-06 -3.3585251062511609e-06
leaf_weight=630 691 521 920 534 690 509 820 666 505 505 926 908 587 611 1000 515 550 641 992 504 642 505 582 505 560 929 536
leaf_count=630 691 521 920 534 690 509 820 666 505 505 926 908 587 611 1000 515 550 641 992 504 642 505 582 505 560 929 536
internal_value=9.34415e-08 2.04088e-06 -2.18554e-06 -3.04408e-06 2.91711e-06 -2.31176e-07 2.57891e-06 4.00771e-06 -6.38744e-07 2.1557e-06 2.50112e-06 2.79952e-06 9.14142e-07 -5.40434e-06 -2.42023e-06 -1.70352e-06 -8.19716e-08 2.31623e-06 8.37452e-07 -3.0464e-06 -3.48118e-06 -6.16359e-07 -1.8797e-06 -6.72658e-07 -2.34307e-08 2.77959e-06 -2.82791e-06
internal_weight=18484 9967 8517 5477 7193 2774 6503 1486 3040 5017 3925 3404 1092 1145 4332 2020 2120 2496 1683 2312 1682 1615 1091 1020 1065 1855 1040
internal_count=18484 9967 8517 5477 7193 2774 6503 1486 3040 5017 3925 3404 1092 1145 4332 2020 2120 2496 1683 2312 1682 1615 1091 1020 1065 1855 1040
is_linear=0
shrinkage=0.00469677


Tree=40
num_leaves=30
num_cat=0
split_feature=30 21 28 8 8 3 16 30 4 3 25 14 28 33 30 26 23 26 23 21 3 5 11 33 15 14 23 12 33
split_gain=0.00260342 0.000720006 0.000599617 0.000288415 0.000269294 0.00029699 0.000226604 0.000221933 0.000191118 0.00016158 0.000161398 0.000160831 0.000131298 0.000262367 0.00011073 9.40175e-05 0.000114269 8.34545e-05 8.09985e-05 4.93481e-05 6.56871e-05 4.52969e-05 4.2015e-05 4.05446e-05 3.51236e-05 3.79557e-05 2.6903e-05 3.45844e-05 2.65295e-05
threshold=-0.00014861293463354895 -0.29636643876974184 1.0000000000001068 -0.0090808117003548048 -0.011799440463340645 82.950000000000017 -0.69840920535244044 -0.0002728471930297899 25.500000000000004 160.75000000000003 -0.39568166800960797 -1.2161654135338336 4999.5000000000009 8.5000000000000018 -4.0872996535463596e-05 -0.95956230704280443 -0.008709752989551232 -0.9406309245137231 0.22621120553402821 -0.13838426260679157 78.350000000000009 30.048534078837793 0.33310759454826822 5.5000000000000009 -0.68033613464595322 -1.2828947368421046 -0.062449625915625966 -0.049999999999998927 9.5000000000000018
decision_type=10 10 10 10 10 10 8 8 10 10 2 2 10 2 10 8 10 10 10 10 10 10 10 2 10 2 8 10 2
left_child=2 8 4 11 5 15 10 9 -2 -8 -7 12 14 -14 -3 -1 23 -16 28 -19 -21 -18 -12 -17 -23 -26 -25 -28 -9
right_child=1 3 -4 -5 -6 6 7 18 -10 -11 22 -13 13 -15 17 16 21 19 -20 20 -22 24 -24 26 25 -27 27 -29 -30
leaf_value=8.9298351712214723e-07 -2.1666708611831662e-06 1.1869251501878179e-06 3.6895296104039238e-06 6.3844564979741164e-06 1.8433829117761091e-06 -1.8209638858350991e-06 -5.3915036686325965e-06 5.7889135385794205e-07 1.3478262681599122e-06 -1.9417839621186353e-06 -4.1230669191836727e-06 9.3805009126768906e-07 2.2088210041287442e-06 6.7642962169143132e-06 1.5527884135034431e-06 -1.3481058328306982e-06 -2.7893927445611118e-06 2.644240393719825e-06 -2.1535324296867836e-06 3.219638227896993e-06 5.5498256541515603e-06 -4.0016109252156281e-07 -5.9700820663136823e-06 6.7565040095498869e-07 -2.774866452401933e-06 -1.0489660062360293e-06 1.7178678430753269e-07 -1.3975172834377846e-06 -7.825945557492148e-07
leaf_weight=551 797 835 512 537 504 521 507 625 597 732 573 879 548 568 522 841 816 618 646 570 502 502 517 639 551 574 716 546 638
leaf_count=551 797 835 512 537 504 521 507 625 597 732 573 879 548 568 522 841 816 618 646 570 502 502 517 639 551 574 716 546 638
internal_value=9.30026e-08 2.35775e-06 -1.27891e-06 3.11217e-06 -1.51019e-06 -1.67124e-06 -2.53866e-06 -1.80547e-06 -6.61514e-07 -3.35344e-06 -3.97135e-06 2.76365e-06 3.14911e-06 4.52741e-06 2.64428e-06 -9.51565e-07 -1.14759e-06 3.1944e-06 -8.0077e-07 3.70143e-06 4.31086e-06 -1.88628e-06 -4.99916e-06 -4.89434e-07 -1.43332e-06 -1.8943e-06 -1.09541e-07 -5.07141e-07 -1.08832e-07
internal_weight=18484 6973 11511 5579 10999 10495 4759 3148 1394 1239 1611 5042 4163 1116 3047 5736 5185 2212 1909 1690 1072 2443 1090 2742 1627 1125 1901 1262 1263
internal_count=18484 6973 11511 5579 10999 10495 4759 3148 1394 1239 1611 5042 4163 1116 3047 5736 5185 2212 1909 1690 1072 2443 1090 2742 1627 1125 1901 1262 1263
is_linear=0
shrinkage=0.00469677


Tree=41
num_leaves=29
num_cat=0
split_feature=29 24 31 28 0 0 0 21 3 24 19 24 26 28 31 28 0 13 5 23 15 26 15 21 29 19 13 14
split_gain=0.00365779 0.00097373 0.000546039 0.000525547 0.000433409 0.000282272 0.000237934 0.000236717 0.00024029 0.000158179 0.000138557 0.000116407 0.000116232 9.98622e-05 8.78319e-05 8.1305e-05 7.77809e-05 7.42093e-05 7.21627e-05 6.70153e-05 6.33901e-05 5.56584e-05 4.92208e-05 4.81501e-05 4.63133e-05 2.8392e-05 2.34922e-05 4.1763e-07
threshold=-0.50253164103948544 0.85248209206933701 -1802.446653882226 4999.5000000000009 82.850000000000009 160.75000000000003 996.50000000000011 -0.14404001393961327 80.050000000000011 0.55074370033750131 0.071629110555824951 0.36906804089748574 -0.91927165203796368 500.00000000002484 2417.9780889831632 7.1054273576011546e-14 260.25000000000006 -0.29095143337338358 39.821829424773803 0.077687176254345416 -0.23200985028710097 -0.78567111995809391 -0.63257056482669849 -0.18724920046477597 -0.99471180308560758 0.04572194386849119 -0.16722264390633804 -1.4336551606288443
decision_type=10 10 10 10 10 10 10 10 10 8 10 10 10 10 10 8 10 8 10 10 8 10 8 10 10 10 8 2
left_child=4 2 11 7 9 10 12 14 18 19 -6 -2 -7 15 20 23 -15 -13 -9 -1 -3 -14 -11 -4 26 -21 -24 -28
right_child=1 3 13 -5 5 6 -8 8 -10 22 -12 17 21 16 -16 -17 -18 -19 -20 25 -22 -23 24 -25 -26 -27 27 -29
leaf_value=-3.3201413812210225e-06 -2.7506723511527509e-06 3.7040346522679995e-06 5.8673989160450296e-07 7.2528149490263869e-06 -6.7908279103248609e-06 -3.2199004490631464e-06 -5.3492572281459828e-06 4.4161734319150557e-06 6.9086167298714167e-06 7.1414469720109833e-07 -3.5155002674011881e-06 9.2726541378321611e-07 2.8491777292883489e-07 3.5296783211934135e-06 2.2030747180620244e-07 -3.9847511122997665e-07 1.4264127221081913e-06 -1.3060437076611343e-06 2.0886865852015654e-06 -2.4509717273683483e-06 1.5517261450315079e-06 -1.784859561722154e-06 3.5861499140375981e-07 2.3627766985842147e-06 -1.9836282104473753e-06 -1.0131061369061947e-06 -9.0257030041535287e-07 -7.2976391724741331e-07
leaf_weight=815 695 522 527 762 641 707 508 504 508 534 513 558 547 992 562 549 637 797 705 507 716 602 520 933 607 753 714 549
leaf_count=815 695 522 527 762 641 707 508 504 508 534 513 558 547 992 562 549 637 797 705 507 716 602 520 933 607 753 714 549
internal_value=9.25658e-08 2.02397e-06 7.50668e-07 3.71653e-06 -2.16765e-06 -3.43064e-06 -2.50108e-06 2.95035e-06 4.19797e-06 -1.27882e-06 -5.33484e-06 -1.18791e-06 -1.7215e-06 1.84306e-06 1.76023e-06 1.14232e-06 2.70724e-06 -3.86324e-07 3.05898e-06 -2.2706e-06 2.45927e-06 -7.9948e-07 -5.75002e-07 1.72172e-06 -8.63051e-07 -1.5917e-06 -4.81546e-07 -8.27481e-07
internal_weight=18484 9967 5688 4279 8517 3518 2364 3517 1717 4999 1154 2050 1856 3638 1800 2009 1629 1355 1209 2075 1238 1149 2924 1460 2390 1260 1783 1263
internal_count=18484 9967 5688 4279 8517 3518 2364 3517 1717 4999 1154 2050 1856 3638 1800 2009 1629 1355 1209 2075 1238 1149 2924 1460 2390 1260 1783 1263
is_linear=0
shrinkage=0.00469677


Tree=42
num_leaves=28
num_cat=0
split_feature=29 24 31 28 0 0 0 21 3 17 24 19 24 20 23 17 0 2 23 6 2 17 20 16 16 20 11
split_gain=0.00362351 0.000964605 0.000540921 0.000520622 0.000429348 0.000279626 0.000235705 0.000234498 0.000238038 0.000161227 0.000156696 0.000137259 0.000115316 0.000113593 8.04178e-05 7.18237e-05 7.02741e-05 0.000108663 6.63873e-05 6.12092e-05 6.01718e-05 5.48631e-05 5.50923e-05 4.67183e-05 3.36705e-05 3.03168e-05 1.73165e-05
threshold=-0.50253164103948544 0.85248209206933701 -1802.446653882226 4999.5000000000009 82.850000000000009 160.75000000000003 996.50000000000011 -0.14404001393961327 80.050000000000011 -0.10745977890057386 0.55074370033750131 0.071629110555824951 0.36906804089748574 0.49532288246697226 0.036534956781469681 -0.24371057779246563 260.25000000000006 59.650000000000013 0.077687176254345416 -0.033088028466763862 39.925000000000004 -0.1556800062330084 0.172987051544578 -0.21120061590926195 -0.59157557851260312 0.18817296738349373 0.33310759454826822
decision_type=10 10 10 10 10 10 10 10 10 10 8 10 10 10 10 10 10 10 10 2 10 8 8 8 8 10 10
left_child=4 2 12 7 10 11 15 9 20 23 18 -6 -2 19 -15 -7 17 -16 -1 -4 -9 -12 -23 -3 -20 -17 -14
right_child=1 3 13 -5 5 6 -8 8 -10 -11 21 -13 26 14 16 25 -18 -19 24 -21 -22 22 -24 -25 -26 -27 -28
leaf_value=-3.3045474414967386e-06 -2.7377530633030963e-06 -5.0374482095719286e-07 1.6928670093140205e-06 7.2187500913924631e-06 -6.7589329240793486e-06 -6.8610268922376725e-07 -5.3241329602537369e-06 4.2366608922365226e-06 6.8761685157952095e-06 3.3485507274627071e-06 4.5560283925144105e-07 -3.4989887339212737e-06 -7.924864086088788e-07 1.2249644432844493e-06 2.1008141261123996e-06 -1.7353733880672525e-06 1.5168074571939941e-06 4.9520797046903772e-06 -6.9469667010508003e-07 -5.9237838954284859e-07 2.1234386982698692e-06 -2.0383980775374957e-06 -4.3098441945313632e-07 1.5126162079740889e-06 -2.2470157321724709e-06 -3.3503019943407793e-06 3.0647007000622559e-07
leaf_weight=815 695 502 503 762 641 830 508 527 508 786 823 513 852 903 564 512 518 618 538 532 682 711 1390 512 722 514 503
leaf_count=815 695 502 503 762 641 830 508 527 508 786 823 513 852 903 564 512 518 618 538 532 682 711 1390 512 722 514 503
internal_value=9.2131e-08 2.01446e-06 7.47142e-07 3.69908e-06 -2.15747e-06 -3.41453e-06 -2.48934e-06 2.93649e-06 4.17826e-06 1.75197e-06 -1.27282e-06 -5.30978e-06 -1.18233e-06 1.8344e-06 2.35774e-06 -1.71342e-06 2.95942e-06 3.59161e-06 -2.25993e-06 5.18197e-07 3.04461e-06 -5.72301e-07 -9.74966e-07 5.14345e-07 -1.58423e-06 -2.54444e-06 -3.8451e-07
internal_weight=18484 9967 5688 4279 8517 3518 2364 3517 1717 1800 4999 1154 2050 3638 2603 1856 1700 1182 2075 1035 1209 2924 2101 1014 1260 1026 1355
internal_count=18484 9967 5688 4279 8517 3518 2364 3517 1717 1800 4999 1154 2050 3638 2603 1856 1700 1182 2075 1035 1209 2924 2101 1014 1260 1026 1355
is_linear=0
shrinkage=0.00469677


Tree=43
num_leaves=28
num_cat=0
split_feature=30 24 32 0 24 21 25 33 8 24 0 13 21 1 6 32 24 1 21 17 9 16 32 15 16 33 32
split_gain=0.00253176 0.000836081 0.00062641 0.000426385 0.000404091 0.000354335 0.000208402 0.000203615 0.000194904 0.000220163 0.000160219 0.00011053 0.000110094 0.000103992 9.12721e-05 8.63738e-05 7.20205e-05 6.86309e-05 5.17235e-05 4.83234e-05 4.48327e-05 3.47435e-05 3.37754e-05 2.76418e-05 2.52388e-05 2.47688e-05 1.48866e-05
threshold=-0.00014861293463354895 0.85248209206933701 0.99775511321496668 80.950000000000017 0.55074370033750131 -0.29636643876974184 -0.42568688308181668 9.5000000000000018 -0.015195926674069259 0.84060164314523023 80.950000000000017 -0.40201951200423275 -0.31787891525380069 114.25000000000001 -0.40586674184782645 -0.90679331222573945 0.38715596683586279 39.225000000000009 -0.16267791234431286 -0.2643879483358122 -0.092630715607152692 -0.507581631089563 0.49813277750899049 -0.43300140598306674 -0.40131858391197006 5.5000000000000009 -0.98039215686274461
decision_type=10 10 10 10 8 10 2 2 8 10 10 10 10 10 2 10 10 10 10 10 2 10 10 10 8 2 10
left_child=2 5 4 17 11 16 -6 -5 10 25 20 19 -4 -11 -7 23 -2 -3 -17 -1 -8 -13 24 -16 -21 -10 -27
right_child=1 3 12 7 6 14 8 -9 9 13 -12 21 -14 -15 15 18 -18 -19 -20 22 -22 -23 -24 -25 -26 26 -28
leaf_value=-2.3308662134521324e-06 -2.4641793757874873e-06 3.8553947588230308e-06 -2.5604360057890389e-06 4.6356241746134246e-06 2.0424053072950622e-06 3.3140133184236408e-06 -1.5188754255843524e-06 8.4965910613761798e-06 -1.4529679389109815e-06 6.8286593450841262e-07 -2.8882729953351162e-06 -4.0574878063509424e-06 -5.2118189487423925e-06 3.4707387691000803e-06 1.5143957914977504e-06 -6.6127209375280266e-07 -3.7517607429578936e-08 1.9158575356918645e-06 1.2982592669408621e-06 -1.3306968370100385e-06 2.3606992212679456e-07 -2.4565463519217182e-06 -1.9571841812814574e-06 3.0003179874132466e-06 8.2874440523758614e-08 1.9268381396623628e-07 -8.898783063338066e-07
leaf_weight=987 582 686 574 668 861 674 510 549 624 671 994 572 868 527 521 504 503 974 724 506 867 627 568 588 620 631 504
leaf_count=987 582 686 574 668 861 674 510 549 624 671 994 572 868 527 521 504 503 974 724 506 867 627 568 588 620 631 504
internal_value=9.16983e-08 2.32506e-06 -1.2612e-06 4.26561e-06 -8.46566e-07 9.62028e-07 -1.01568e-07 6.37737e-06 -4.48038e-07 3.56346e-07 -1.45124e-06 -2.03491e-06 -4.15644e-06 1.90928e-06 1.79128e-06 1.35211e-06 -1.33922e-06 2.7174e-06 4.93994e-07 -1.50475e-06 -4.13886e-07 -3.22033e-06 -1.02339e-06 2.30227e-06 -5.52324e-07 -7.01289e-07 -2.88002e-07
internal_weight=18484 6973 11511 2877 10069 4096 6189 1217 5328 2957 2371 3880 1442 1198 3011 2337 1085 1660 1228 2681 1377 1199 1694 1109 1126 1759 1135
internal_count=18484 6973 11511 2877 10069 4096 6189 1217 5328 2957 2371 3880 1442 1198 3011 2337 1085 1660 1228 2681 1377 1199 1694 1109 1126 1759 1135
is_linear=0
shrinkage=0.00469677


Tree=44
num_leaves=26
num_cat=0
split_feature=28 20 24 20 17 17 20 24 0 25 14 17 20 15 19 19 33 23 24 1 24 33 28 13 23
split_gain=0.00244631 0.00104669 0.000715339 0.000351283 0.0002792 0.000269439 0.0003642 0.000250209 0.000363745 0.000200292 0.000129982 0.000123743 0.000103882 0.000101729 7.98943e-05 7.5788e-05 7.41977e-05 6.55466e-05 9.52867e-05 5.53201e-05 5.18799e-05 4.23841e-05 2.96939e-05 2.49205e-05 1.95043e-05
threshold=2.4999999999999294 0.77135405578028537 0.95595560671775437 0.47648383294787405 -0.23275730347653792 -0.032568084481012144 0.47648383294787405 0.71776045450050818 80.950000000000017 -0.39568166800960797 -1.2919087491455907 -0.034703991995690971 0.83087508499745399 -0.23349014551207667 0.073971997345531629 0.057644638032498273 18.500000000000004 0.66960263869579262 0.38715596683586279 259.75000000000006 0.36906804089748574 4.5000000000000009 501.00000000002495 -0.38706834268620088 -1.6250840056543436
decision_type=10 10 10 8 8 8 10 10 10 2 2 10 10 10 10 8 2 10 10 10 8 2 10 8 10
left_child=1 2 3 9 16 13 -7 19 22 -1 15 20 -3 14 -4 -11 17 18 -5 -2 -6 -22 -9 -23 -25
right_child=7 12 5 4 11 6 -8 8 -10 10 -12 -13 -14 -15 -16 -17 -18 -19 -20 -21 21 23 -24 24 -26
leaf_value=-1.2179432258343078e-06 2.8888212579753907e-06 1.6958319091556581e-06 -4.8049360462956812e-07 -3.7567883405539623e-06 -2.0223521554176013e-06 -6.1318458734710775e-07 4.4871886176444715e-06 3.5971270158478466e-06 6.8469655051538072e-06 -6.0056640405947797e-06 -2.3878626388165972e-06 1.0995186178252387e-06 4.358790726989061e-06 -1.8995255478378831e-06 1.8777583698012882e-06 -3.767435024287932e-06 -3.7723544297611441e-06 -5.553174105126228e-07 -1.4484759610643005e-06 1.0880439024251292e-06 -1.4860388720674194e-06 5.6496392983560299e-07 2.0231810304190026e-06 -1.2770255395594274e-08 -1.1817219327484953e-06
leaf_weight=963 975 558 837 665 641 513 776 532 925 562 906 951 768 610 510 822 595 585 970 613 746 669 526 678 588
leaf_count=963 975 558 837 665 641 513 776 532 925 562 906 951 768 610 510 822 595 585 970 613 746 669 526 678 588
internal_value=9.12676e-08 -7.44853e-07 -1.13357e-06 -1.73737e-06 -1.15091e-06 7.89957e-07 2.4573e-06 3.58303e-06 4.6956e-06 -3.01519e-06 -3.77095e-06 -3.94302e-07 3.2382e-06 -3.08241e-07 4.12361e-07 -4.67634e-06 -2.2994e-06 -1.9046e-06 -2.38735e-06 2.19371e-06 -8.21953e-07 -5.34938e-07 2.81465e-06 -1.68243e-07 -5.55722e-07
internal_weight=18484 14913 13587 10341 7088 3246 1289 3571 1983 3253 2290 4273 1326 1957 1347 1384 2815 2220 1635 1588 3322 2681 1058 1935 1266
internal_count=18484 14913 13587 10341 7088 3246 1289 3571 1983 3253 2290 4273 1326 1957 1347 1384 2815 2220 1635 1588 3322 2681 1058 1935 1266
is_linear=0
shrinkage=0.00469677


Tree=45
num_leaves=27
num_cat=0
split_feature=29 24 29 31 5 30 4 15 24 6 27 4 8 17 4 30 26 26 31 13 17 13 6 26 4 14
split_gain=0.0035439 0.000999487 0.000738963 0.000608962 0.000529525 0.000307677 0.000248427 0.000157809 0.000128955 0.000120362 0.000113675 0.000109749 0.00010809 0.000105126 9.59244e-05 7.94352e-05 7.53113e-05 6.9142e-05 6.32009e-05 5.04675e-05 4.93744e-05 3.99672e-05 4.80305e-05 3.86411e-05 1.47921e-05 3.69144e-06
threshold=-0.73845015095217559 0.84713960008626799 -0.98501898920110598 -1802.446653882226 114.16599462365595 -0.00023229745688757122 13.500000000000002 -0.37432639056802847 0.55074370033750131 -0.40586674184782645 1.0000000180025095e-35 100.50000000000001 -0.17671882151874077 -0.24371057779246563 67.500000000000014 -0.0002259193037143858 -0.8057200591575594 -0.80331513085600215 17.28013475621648 -0.26083166393924179 -0.10745977890057386 -0.78763566534699514 0.12068737244697909 -0.82082914533815365 31.500000000000004 -1.4336551606288443
decision_type=10 10 10 10 10 10 8 10 10 2 10 8 10 10 10 10 10 8 10 8 8 10 2 8 10 2
left_child=2 3 6 8 10 -6 20 -7 13 -5 15 12 19 -2 18 -3 -14 -13 23 21 -1 -8 -23 -11 -17 -19
right_child=1 4 -4 9 5 7 11 -9 -10 14 -12 17 16 -15 -16 24 -18 25 -20 -21 -22 22 -24 -25 -26 -27
leaf_value=-4.2653843226284226e-06 -3.9461716991516794e-06 -8.597603568962709e-09 -6.319444864152256e-06 3.1879942627522186e-06 2.4360174198585681e-06 8.5247575860486699e-06 -3.1815196166143661e-06 5.2230507416902183e-06 3.9608986245173802e-08 1.6449133822081407e-06 3.3959813246808546e-06 6.6227640900674045e-07 -1.8641848186862198e-06 -1.2543475339171067e-06 1.0348855493019778e-08 1.6010512482717838e-06 5.2637728922803296e-07 -1.3054223478223888e-06 5.3065967574938403e-07 -3.5992110107410383e-06 -2.5665684961571765e-06 -1.0109409556497784e-06 -2.7949297368896599e-06 3.2402063145519755e-06 2.7341826212946887e-06 -8.5380695617145537e-07
leaf_weight=832 539 582 892 902 529 574 506 720 800 722 997 701 589 788 961 509 574 895 580 603 691 932 518 625 508 722
leaf_count=832 539 582 892 902 529 574 506 720 800 722 997 701 589 788 961 509 574 895 580 603 691 932 518 625 508 722
internal_value=-2.10873e-08 1.8237e-06 -2.27629e-06 5.61506e-07 3.51376e-06 5.45394e-06 -1.79943e-06 6.68767e-06 -1.4498e-06 1.69029e-06 2.15128e-06 -1.37197e-06 -1.8716e-06 -2.34774e-06 1.2225e-06 1.37517e-06 -6.84291e-07 -5.69692e-07 1.82699e-06 -2.41119e-06 -3.49464e-06 -2.04493e-06 -1.64828e-06 2.38514e-06 2.16709e-06 -1.10379e-06
internal_weight=18791 10336 8455 5917 4419 1823 7563 1294 2127 3790 2596 6040 3722 1327 2888 1599 1163 2318 1927 2559 1523 1956 1450 1347 1017 1617
internal_count=18791 10336 8455 5917 4419 1823 7563 1294 2127 3790 2596 6040 3722 1327 2888 1599 1163 2318 1927 2559 1523 1956 1450 1347 1017 1617
is_linear=0
shrinkage=0.00469677


Tree=46
num_leaves=29
num_cat=0
split_feature=30 31 28 20 17 19 19 1 4 17 21 28 20 22 20 22 22 31 19 4 21 6 31 16 16 2 20 14
split_gain=0.00242844 0.000727964 0.00062748 0.000355296 0.000504979 0.000331307 0.000256245 0.000283665 0.000186151 0.000149537 0.000138845 0.000130439 0.000123667 0.000109237 0.000164458 0.000108036 8.52825e-05 6.44941e-05 5.79397e-05 4.7639e-05 5.57584e-05 2.87356e-05 2.63135e-05 2.50582e-05 2.75846e-05 4.82024e-05 1.33489e-05 2.12313e-06
threshold=-0.00014144344296940277 0.094329001605013715 1.0000000000001068 0.48422653738713262 -0.062532825000526981 0.032921256358910779 0.1173139392833687 80.950000000000017 32.500000000000007 -0.48912690421385058 -0.091028570231391465 500.83333333334048 0.51987336601307199 -0.41121165479254207 0.1682434915478016 -0.16753881046811789 -0.010029770374564347 -2.1300642686105351 0.070752131890874329 51.500000000000007 -0.33038493260284779 -0.038261715476789956 -3.2377992856898556 -0.2528666435622266 -0.64260555278059939 2352.5000000000005 0.50500568539241886 -1.440191387559808
decision_type=10 10 10 8 10 10 10 10 10 8 10 10 10 10 10 10 8 8 8 10 8 2 10 10 10 8 10 2
left_child=2 5 3 8 9 -2 15 -8 16 -5 -9 12 21 18 -15 -3 -1 19 -10 20 -11 -7 -18 24 25 26 -19 -27
right_child=1 6 -4 4 -6 11 7 10 13 17 -12 -13 -14 14 -16 -17 22 23 -20 -21 -22 -23 -24 -25 -26 27 -28 -29
leaf_value=-2.4652736616007806e-06 -2.6930378794953738e-06 3.4372827534217107e-06 3.5263647518151231e-06 -3.4522562736727196e-06 2.5568341188455457e-06 2.0812588146355669e-07 2.7005418624973556e-06 4.6497272037630744e-06 -3.996293896149321e-06 -3.473770060825464e-06 7.950057205023611e-06 2.5588228256342905e-06 2.2391203365639956e-06 1.0042127229562867e-06 -2.3935909244268292e-06 1.1529248120471503e-06 -5.1310763443374423e-06 5.4452411316920293e-07 -1.8079516940038337e-06 -6.5742397188855744e-07 -1.4769252820847603e-06 -1.381004870336013e-06 -3.7056859765386176e-06 2.0899675636381528e-07 -1.6346188468394395e-06 -1.4443717306135274e-06 -4.6936499204564652e-07 -1.0607327545143062e-06
leaf_weight=733 581 918 564 673 821 502 855 566 506 545 559 1000 518 591 671 909 657 580 565 524 711 502 506 506 864 735 566 563
leaf_count=733 581 918 564 673 821 502 855 566 506 545 559 1000 518 591 671 909 657 580 565 524 711 502 506 506 864 735 566 563
internal_value=-2.09882e-08 2.193e-06 -1.30865e-06 -1.54961e-06 -9.0679e-07 5.0443e-07 3.56931e-06 4.73983e-06 -2.627e-06 -1.36054e-06 6.28965e-06 1.24105e-06 3.75216e-07 -1.73865e-06 -8.02358e-07 2.30075e-06 -3.7201e-06 -1.10889e-06 -2.84188e-06 -1.84711e-06 -2.34342e-06 -5.86406e-07 -4.51094e-06 -7.64351e-07 -9.13247e-07 -6.58214e-07 4.37435e-08 -1.278e-06
internal_weight=18791 6910 11881 11317 7088 3103 3807 1980 4229 6267 1125 2522 1522 2333 1262 1827 1896 5594 1071 1780 1256 1004 1163 3814 3308 2444 1146 1298
internal_count=18791 6910 11881 11317 7088 3103 3807 1980 4229 6267 1125 2522 1522 2333 1262 1827 1896 5594 1071 1780 1256 1004 1163 3814 3308 2444 1146 1298
is_linear=0
shrinkage=0.00469677


Tree=47
num_leaves=29
num_cat=0
split_feature=30 24 24 2 21 8 32 5 27 21 20 30 24 26 22 21 5 11 24 4 21 21 10 2 15 8 5 14
split_gain=0.00240568 0.000792497 0.000550675 0.000477252 0.000389565 0.000341766 0.00029527 0.000196416 0.000163457 0.000152223 0.000141353 0.000110204 0.000106375 9.9091e-05 9.48638e-05 8.09349e-05 7.84883e-05 6.65627e-05 5.92369e-05 5.70555e-05 6.59573e-05 4.85857e-05 4.18193e-05 4.39833e-05 3.96779e-05 4.5193e-05 2.78374e-05 5.87143e-07
threshold=-0.00014144344296940277 0.85248209206933701 0.84060164314523023 82.750000000000014 -0.43609283911472657 -0.010003463102031864 0.99709198763887641 78.367588372640057 -0.049999999999998927 -0.092253725849710214 0.50022549231717561 -0.00029724232784935901 1.4391304119484072 -0.92030809957074455 0.51291179351980209 -0.26975886796171256 39.668238695875992 0.13776454327076978 0.53195060630305779 95.500000000000014 -0.36485522472490517 -0.2215547738818136 -10.749999999999998 2352.5000000000005 -0.19336430519090383 -0.63289178335761809 146.7159999200716 -1.4336551606288443
decision_type=10 10 10 10 10 8 10 10 8 10 10 10 10 10 8 10 10 10 8 10 8 10 10 8 8 10 10 2
left_child=2 4 6 16 -2 7 8 -4 14 -5 -6 -9 -7 -12 -1 -8 -3 -15 19 20 -10 22 23 -20 25 -22 -19 -25
right_child=1 3 5 9 10 12 15 11 18 -11 13 -13 -14 17 -16 -17 -18 26 21 -21 24 -23 -24 27 -26 -27 -28 -29
leaf_value=-2.048310955349703e-06 -2.8447503038410416e-06 3.6850472485679086e-06 7.8973522088590943e-07 4.5246166540812138e-06 -1.0158921213242854e-07 1.0979166960758324e-06 -2.7843357231346772e-06 -3.6260341471863142e-06 -3.4035709573987025e-06 7.8702743769576835e-06 5.7516929551077444e-07 -7.0176009277843595e-07 3.7866380412135083e-06 3.9483821940344308e-06 -4.550871458107239e-06 -5.2449455004606087e-06 1.5914895691981704e-06 1.2090670939051245e-06 1.9088478538758827e-07 -3.0091755390038283e-07 -6.4121804300926388e-08 5.1152449639714772e-07 -2.1992211422267125e-06 -1.3441037858125708e-06 -2.6859121088079422e-06 -1.8938092127811532e-06 2.6298752220194023e-06 -1.1424136426108113e-06
leaf_weight=854 545 661 823 558 971 890 547 592 590 649 753 547 511 560 549 640 982 550 714 502 513 521 558 751 510 710 681 559
leaf_count=854 545 661 823 558 971 890 547 592 590 649 753 547 511 560 549 640 982 550 714 502 513 521 558 751 510 710 681 559
internal_value=-2.08896e-08 2.1827e-06 -1.3025e-06 4.08116e-06 8.50032e-07 3.06748e-07 -1.93786e-06 -9.58472e-07 -1.58598e-06 6.32359e-06 1.42292e-06 -2.22169e-06 2.07862e-06 2.00481e-06 -3.0276e-06 -4.11106e-06 2.43378e-06 2.60586e-06 -1.24478e-06 -1.73685e-06 -2.04715e-06 -7.96777e-07 -1.06078e-06 -7.46907e-07 -1.58533e-06 -1.12636e-06 1.9951e-06 -1.25806e-06
internal_weight=18791 6910 11881 2850 4060 3363 8518 1962 7331 1207 3515 1139 1401 2544 1403 1187 1643 1791 5928 2825 2323 3103 2582 2024 1733 1223 1231 1310
internal_count=18791 6910 11881 2850 4060 3363 8518 1962 7331 1207 3515 1139 1401 2544 1403 1187 1643 1791 5928 2825 2323 3103 2582 2024 1733 1223 1231 1310
is_linear=0
shrinkage=0.00469677


Tree=48
num_leaves=28
num_cat=0
split_feature=29 31 29 8 32 4 21 27 30 8 33 8 0 4 19 30 6 27 17 17 20 30 17 33 17 29 33
split_gain=0.00345649 0.000968501 0.000727604 0.00036208 0.000260897 0.000247971 0.000166975 0.000118219 0.000114602 0.000114471 0.000109932 0.000102178 0.000100599 9.96123e-05 5.99599e-05 5.86411e-05 5.72147e-05 7.44987e-05 5.02473e-05 4.59301e-05 3.69966e-05 3.69982e-05 3.01674e-05 2.74952e-05 2.68758e-05 2.42214e-05 7.28692e-06
threshold=-0.73845015095217559 -972.99020585867527 -0.98730978877353526 -0.010003463102031864 -0.99634683855938355 13.500000000000002 -0.25771574267913538 0.049999999999998941 -0.0002259193037143858 -0.13026813001915952 8.5000000000000018 -0.032114140173633038 80.050000000000011 100.50000000000001 0.089231340462334219 -0.00043865349876291276 -0.43248491289078428 0.10000000000000499 -0.10745977890057386 -0.11745447313412077 0.49532288246697226 5.6859989870064414e-05 -0.23795243774837918 15.500000000000002 -0.24523036428281272 -0.99387631741694837 4.5000000000000009
decision_type=10 10 10 10 10 8 8 10 10 10 2 10 10 8 10 10 2 10 8 8 10 10 10 2 10 10 2
left_child=2 6 5 4 10 18 -2 19 -6 16 -3 13 23 14 24 26 -10 20 -1 -8 -18 -22 -16 -11 -7 -26 -15
right_child=1 3 -4 -5 8 11 7 -9 9 12 -12 -13 -14 15 22 -17 17 -19 -20 -21 21 -23 -24 -25 25 -27 -28
leaf_value=-4.2326581541148269e-06 -2.3026652587313024e-06 2.9666575119998428e-06 -6.1461056006474909e-06 5.7696159798043512e-06 3.1124380654764446e-07 -3.101109669844616e-06 -1.5392826457038091e-06 2.0832447132434255e-06 2.8458212490117994e-06 3.1309214209641066e-06 5.6642573887192175e-06 6.7955357581547501e-07 4.8930944698829717e-06 -1.5724218915637568e-06 -1.963719764912775e-06 5.2692401570653587e-07 7.0499804311149116e-07 -2.9089497375989244e-07 -2.5177504676115161e-06 1.4762526040824099e-07 1.486366955506521e-06 3.1359273182938524e-06 -4.8413785638669706e-07 1.5785275685760405e-06 -1.2770360457672213e-06 -2.6521299610750977e-06 -9.3069629323574625e-07
leaf_weight=831 814 729 939 761 858 946 556 546 672 505 614 510 525 687 592 589 527 512 690 990 700 525 625 502 516 625 905
leaf_count=831 814 729 939 761 858 946 556 546 672 505 614 510 525 687 592 589 527 512 690 990 700 525 625 502 516 625 905
internal_value=-2.07915e-08 1.8011e-06 -2.24801e-06 2.70024e-06 2.34999e-06 -1.761e-06 -4.9779e-07 2.04474e-07 1.88349e-06 2.1854e-06 4.19999e-06 -1.33128e-06 3.22616e-06 -1.51826e-06 -2.03251e-06 -7.39191e-07 1.64233e-06 1.28509e-06 -3.45471e-06 -4.59029e-07 1.74567e-06 2.19335e-06 -1.2039e-06 2.35707e-06 -2.51569e-06 -2.03029e-06 -1.20764e-06
internal_weight=18791 10336 8455 7430 6669 7516 2906 2092 5326 4468 1343 5995 1532 5485 3304 2181 2936 2264 1521 1546 1752 1225 1217 1007 2087 1141 1592
internal_count=18791 10336 8455 7430 6669 7516 2906 2092 5326 4468 1343 5995 1532 5485 3304 2181 2936 2264 1521 1546 1752 1225 1217 1007 2087 1141 1592
is_linear=0
shrinkage=0.00469677


Tree=49
num_leaves=30
num_cat=0
split_feature=30 21 28 8 20 8 1 17 28 0 0 17 20 4 33 33 15 14 13 4 23 16 2 22 6 22 17 33 14
split_gain=0.0023603 0.000659937 0.000615859 0.000382262 0.000324062 0.000294487 0.00027996 0.000277009 0.000217159 0.000187463 0.000179852 0.000140491 0.000137053 9.93544e-05 8.53264e-05 0.000145564 7.72829e-05 6.3842e-05 6.33379e-05 6.21042e-05 3.47401e-05 4.10862e-05 7.30418e-05 3.4436e-05 2.71487e-05 2.45819e-05 2.14568e-05 2.1015e-05 2.96525e-06
threshold=-0.00014144344296940277 -0.25771574267913538 1.0000000000001068 -0.011799440463340645 0.48422653738713262 -0.11764203154219885 80.950000000000017 -0.062532825000526981 1.0000000180025095e-35 82.850000000000009 160.75000000000003 -0.48912690421385058 0.50022549231717561 12.500000000000002 11.500000000000002 7.5000000000000009 -0.17498705065629327 -1.4151999316473005 -0.57369051694625117 30.500000000000004 0.27555888743418683 -0.26282063667175742 2352.5000000000005 -0.46612460850600773 0.078414604167062099 -1.0000000180025095e-35 -0.24288728875608204 15.500000000000002 -1.440191387559808
decision_type=10 10 10 10 8 10 10 10 10 10 10 8 10 10 2 2 10 2 8 10 10 8 8 10 2 8 10 2 2
left_child=2 8 3 4 9 12 27 11 13 19 -11 -6 -3 -2 15 -14 20 -8 -12 -1 21 25 26 -21 -16 -13 -23 -7 -24
right_child=1 5 -4 -5 7 6 17 -9 -10 10 18 16 14 -15 24 -17 -18 -19 -20 23 -22 22 28 -25 -26 -27 -28 -29 -30
leaf_value=-3.0033178825093823e-06 -3.1469608181301247e-06 2.4291809829429698e-07 3.499867157606542e-06 2.3348707498259181e-06 -3.4840959898369223e-06 3.3036407448037449e-06 7.2553781770171075e-06 1.5997129652329656e-06 1.983732339222465e-06 -5.8238893589918256e-06 -1.7143302986546233e-06 -7.9961950969595771e-07 2.1684861182831592e-06 -2.620847711168361e-07 2.3456387695619919e-06 5.3947316698496738e-06 -2.7237390993814701e-06 4.9129290475001408e-06 -3.7492287751608519e-06 -2.0423649186421938e-06 -1.8796952200750626e-06 -2.0294379440596398e-07 -1.4363834101801587e-06 -5.2605962697839442e-07 9.6671310512879114e-07 -2.0406794793647159e-06 1.0158841295061179e-06 1.9676757730063624e-06 -9.8231877231531841e-07
leaf_weight=603 539 708 564 538 657 507 510 746 515 652 619 676 793 515 684 505 635 517 742 587 790 713 729 756 584 735 576 533 563
leaf_count=603 539 708 564 538 657 507 510 746 515 652 619 676 793 515 684 505 635 517 742 587 790 713 729 756 584 735 576 533 563
internal_value=-2.06939e-08 2.16202e-06 -1.29016e-06 -1.52888e-06 -1.72173e-06 2.94872e-06 4.33674e-06 -1.10125e-06 -5.15974e-07 -2.79061e-06 -3.7955e-06 -1.43298e-06 2.0724e-06 -1.7374e-06 2.57717e-06 3.42372e-06 -1.18421e-06 6.0762e-06 -2.82376e-06 -1.7511e-06 -9.79769e-07 -8.01669e-07 -4.49342e-07 -1.18883e-06 1.71058e-06 -1.44612e-06 3.41673e-07 2.61899e-06 -1.23855e-06
internal_weight=18791 6910 11881 11317 10779 5341 2067 6820 1569 3959 2013 6074 3274 1054 2566 1298 5417 1027 1361 1946 4782 3992 2581 1343 1268 1411 1289 1040 1292
internal_count=18791 6910 11881 11317 10779 5341 2067 6820 1569 3959 2013 6074 3274 1054 2566 1298 5417 1027 1361 1946 4782 3992 2581 1343 1268 1411 1289 1040 1292
is_linear=0
shrinkage=0.00469677


Tree=50
num_leaves=28
num_cat=0
split_feature=30 24 28 1 24 21 31 32 19 20 19 31 32 17 26 19 17 1 8 20 19 0 22 24 28 21 14
split_gain=0.00233819 0.000775478 0.000610087 0.000473217 0.000440016 0.000381391 0.000248535 0.000212525 0.000202364 0.000138123 0.000135011 0.000108718 0.000102668 0.000131338 9.81403e-05 0.000103869 8.33836e-05 7.28117e-05 7.10332e-05 7.93439e-05 4.8796e-05 4.03245e-05 3.61178e-05 3.52337e-05 3.40439e-05 6.03112e-05 1.29978e-06
threshold=-0.00014144344296940277 0.85248209206933701 1.0000000000001068 80.950000000000017 0.84060164314523023 -0.43609283911472657 908.87792431952801 0.99709198763887641 0.13815962288294428 0.50022549231717561 0.025736082008505426 -25.7190578640665 0.98039215686274617 -0.10745977890057386 -0.92030809957074455 0.14657301193609065 -0.40533513039675212 39.225000000000009 -0.022746025948646675 0.49473407104986061 0.16703890940188623 147.25000000000003 -0.37371788469304906 0.49144128915934199 -0.99999999999989331 -0.48482446727689216 -1.4198991797676008
decision_type=10 10 10 10 8 10 10 10 10 10 8 10 10 10 10 10 8 10 8 10 10 10 10 10 8 10 2
left_child=2 5 4 17 7 -2 12 10 -5 -7 -1 -9 13 18 -11 21 -12 -3 -6 26 22 -16 24 -24 -18 -26 -20
right_child=1 3 -4 8 6 9 -8 11 -10 14 16 -13 -14 -15 15 -17 20 -19 19 -21 -22 -23 23 -25 25 -27 -28
leaf_value=-3.6633063377146304e-06 -2.8222341023923542e-06 3.5588019966475831e-06 3.4834290818282757e-06 4.5039769097714534e-06 -2.2202324553881931e-06 -1.0656479437478105e-07 2.5148060453055572e-06 -2.7759660184258093e-06 8.3629873552448935e-06 5.5286309873093819e-07 -3.0444617786251407e-06 -5.6348823818382505e-06 -2.6349917762450873e-06 1.6674179683568565e-06 7.4258822884014039e-07 4.0851561601155561e-06 -2.7350235104568811e-06 1.551637959255149e-06 -9.3050296796674177e-07 1.0478792786939497e-06 -5.9297614752609647e-08 2.5142780304587928e-06 -1.5263552454276907e-06 7.8111503945435705e-09 -6.2905849423476655e-07 -2.4422074371513087e-06 -1.2281469627264041e-06
leaf_weight=804 545 683 564 659 659 971 584 656 550 753 743 531 560 535 510 643 728 958 839 564 569 638 860 536 831 789 529
leaf_count=804 545 683 564 659 659 971 584 656 550 753 743 531 560 535 510 643 728 958 839 564 569 638 860 536 831 789 529
internal_value=-2.05967e-08 2.15186e-06 -1.2841e-06 4.02982e-06 -1.5217e-06 8.33579e-07 -3.31942e-07 -2.24261e-06 6.25955e-06 1.40042e-06 -1.87551e-06 -4.05492e-06 -7.82982e-07 -4.51197e-07 1.97563e-06 2.57379e-06 -1.59121e-06 2.38706e-06 -8.8867e-07 -4.34461e-07 -1.34085e-06 1.72723e-06 -1.5356e-06 -9.37282e-07 -1.89132e-06 -1.51215e-06 -1.04563e-06
internal_weight=18791 6910 11881 2850 11317 4060 4270 7047 1209 3515 5860 1187 3686 3126 2544 1791 5056 1641 2591 1932 4313 1148 3744 1396 2348 1620 1368
internal_count=18791 6910 11881 2850 11317 4060 4270 7047 1209 3515 5860 1187 3686 3126 2544 1791 5056 1641 2591 1932 4313 1148 3744 1396 2348 1620 1368
is_linear=0
shrinkage=0.00469677


Tree=51
num_leaves=26
num_cat=0
split_feature=29 31 29 8 4 20 5 17 30 4 8 8 26 20 30 3 13 17 11 30 7 31 3 11 33
split_gain=0.00336874 0.000945203 0.000715057 0.000355695 0.000244637 0.000203336 0.000271173 0.000154619 0.000115027 0.000101151 0.000127795 9.69333e-05 8.19706e-05 5.87049e-05 6.81377e-05 5.62816e-05 5.01361e-05 4.98247e-05 4.61011e-05 4.58236e-05 4.11965e-05 3.95847e-05 3.69828e-05 3.54656e-05 1.11247e-05
threshold=-0.73845015095217559 -972.99020585867527 -0.98730978877353526 -0.010003463102031864 13.500000000000002 0.8508170168638175 80.253186709080808 -0.2124526452418953 -0.0002259193037143858 122.50000000000001 -0.17671882151874077 -0.13026813001915952 -0.8057200591575594 0.49532288246697226 7.7852106022392782e-05 46.525000000000006 -0.26083166393924179 -0.10745977890057386 0.10071803472754358 -0.00025621245875933105 -0.014682807181388754 1.2685712142436325 623.50000000000011 0.46293317054512156 2.5000000000000004
decision_type=10 10 10 10 8 10 10 8 8 10 8 10 10 10 10 10 10 8 10 10 2 10 10 10 2
left_child=2 7 4 5 17 8 -7 -2 -3 10 16 13 21 -10 23 -13 18 -1 -6 22 -20 24 -9 -15 -12
right_child=1 3 -4 -5 9 6 -8 19 11 -11 12 15 -14 14 -16 -17 -18 -19 20 -21 -22 -23 -24 -25 -26
leaf_value=-4.1934271379701543e-06 -2.0548366537635507e-06 1.009607729829204e-07 -6.0836028699673097e-06 5.7085683586599577e-06 -8.6840738564859665e-07 2.0579691737642849e-06 6.5127919325108783e-06 1.3093878035883769e-06 7.6133838006590278e-07 1.720445495904995e-07 -1.354536739560456e-06 1.9319945293514783e-06 6.8760406677093489e-07 2.0576028019845931e-06 3.1996732343364107e-06 3.8450171806793709e-06 -3.5707416615649822e-06 -2.4857456824684279e-06 -1.6009920358148713e-06 -8.548932449641628e-07 -3.1850224756705633e-06 -2.4209336767760348e-06 -2.7953462541007116e-07 5.2607400787569758e-07 -5.1772245460270827e-07
leaf_weight=831 944 665 939 761 603 673 546 873 965 869 627 521 611 968 849 973 538 690 706 576 744 502 513 509 795
leaf_count=831 944 665 939 761 603 673 546 873 965 869 627 521 611 968 849 973 538 690 706 576 744 502 513 509 795
internal_value=-2.04999e-08 1.77812e-06 -2.21926e-06 2.66638e-06 -1.73647e-06 2.31923e-06 4.05335e-06 -4.92954e-07 1.93135e-06 -1.30965e-06 -1.56085e-06 2.18572e-06 -8.11085e-07 1.73529e-06 2.13935e-06 3.17791e-06 -2.29439e-06 -3.41876e-06 -1.9599e-06 2.58516e-07 -2.41379e-06 -1.28704e-06 7.21256e-07 1.52983e-06 -8.86721e-07
internal_weight=18791 10336 8455 7430 7516 6669 1219 2906 5450 5995 5126 4785 2535 3291 2326 1494 2591 1521 2053 1962 1450 1924 1386 1477 1422
internal_count=18791 10336 8455 7430 7516 6669 1219 2906 5450 5995 5126 4785 2535 3291 2326 1494 2591 1521 2053 1962 1450 1924 1386 1477 1422
is_linear=0
shrinkage=0.00469677


Tree=52
num_leaves=26
num_cat=0
split_feature=29 31 29 8 20 5 23 19 30 10 8 30 30 8 23 21 20 30 3 20 33 5 3 33 33
split_gain=0.00333717 0.000936345 0.000708356 0.000352362 0.000201431 0.000268631 0.000186306 0.000118967 0.000113949 9.62574e-05 9.60249e-05 7.25904e-05 6.87429e-05 7.43485e-05 9.12623e-05 5.85841e-05 5.81548e-05 6.74991e-05 5.57541e-05 4.54128e-05 4.03623e-05 2.87937e-05 2.19322e-05 1.2814e-05 8.58801e-08
threshold=-0.73845015095217559 -972.99020585867527 -0.98730978877353526 -0.010003463102031864 0.8508170168638175 80.253186709080808 0.23167064466802148 0.03534027278300772 -0.0002259193037143858 -15.499999999999998 -0.13026813001915952 -0.00025621245875933105 -0.00025118270903750408 -0.08049336308608486 0.55145843899950375 -0.20217159208470786 0.49532288246697226 7.7852106022392782e-05 46.525000000000006 0.20156121208549005 21.500000000000004 114.30974034040246 59.150000000000013 3.5000000000000004 13.500000000000002
decision_type=10 10 10 10 10 10 10 8 8 8 10 10 10 10 8 8 10 10 10 10 2 10 10 2 2
left_child=2 6 7 4 8 -6 11 19 -3 -9 16 20 13 14 15 22 -10 21 -12 -1 -2 -18 -11 -16 -25
right_child=1 3 -4 -5 5 -7 -8 9 10 12 18 -13 -14 -15 23 -17 17 -19 -20 -21 -22 -23 -24 24 -26
leaf_value=-1.9132035214661986e-06 1.68204501351641e-06 1.0048660755978712e-07 -6.0550295576210014e-06 5.6817565242824988e-06 2.0483033634609341e-06 6.4822028320589032e-06 -2.1877731505375075e-06 5.5575972836374947e-07 7.5776255604645042e-07 -1.0690070957673048e-06 1.9229203838519951e-06 -1.167837079662567e-06 -2.9441778637887664e-06 1.7231015752129229e-07 -1.2915576752117527e-06 -3.1608966543980488e-06 8.7867517351189641e-07 3.1846450797000847e-06 3.8269580028338767e-06 -3.4763831678259074e-06 1.0542486907364656e-07 2.1905585161679604e-06 -2.2395559549753654e-06 -4.1585910807882299e-07 -5.0237990848007912e-07
leaf_weight=702 710 665 939 761 673 546 957 502 965 742 521 516 721 590 674 896 752 849 973 986 723 725 674 524 505
leaf_count=702 710 665 939 761 673 546 957 502 965 742 521 516 721 590 674 896 752 849 973 986 723 725 674 524 505
internal_value=-2.04037e-08 1.76977e-06 -2.20884e-06 2.65385e-06 2.30833e-06 4.03431e-06 -4.90638e-07 -1.72832e-06 1.92228e-06 -1.41029e-06 2.17546e-06 3.42673e-07 -1.59561e-06 -1.38446e-06 -1.61323e-06 -2.22097e-06 1.72714e-06 2.1293e-06 3.16299e-06 -2.82631e-06 8.86607e-07 1.52265e-06 -1.6262e-06 -7.88132e-07 -4.58353e-07
internal_weight=18791 10336 8455 7430 6669 1219 2906 7516 5450 5828 4785 1949 5326 4605 4015 2312 3291 2326 1494 1688 1433 1477 1416 1703 1029
internal_count=18791 10336 8455 7430 6669 1219 2906 7516 5450 5828 4785 1949 5326 4605 4015 2312 3291 2326 1494 1688 1433 1477 1416 1703 1029
is_linear=0
shrinkage=0.00469677


Tree=53
num_leaves=28
num_cat=0
split_feature=29 21 29 28 11 4 17 32 4 4 19 15 28 1 22 26 22 1 27 4 1 17 21 11 1 4 33
split_gain=0.0033059 0.000818642 0.000701895 0.000358833 0.000249472 0.000238742 0.000196867 0.000188551 0.000129838 0.00010547 0.000107245 9.61855e-05 9.59111e-05 9.26964e-05 5.91471e-05 7.60087e-05 5.81667e-05 9.08786e-05 5.52926e-05 6.45304e-05 4.91967e-05 4.817e-05 4.24856e-05 3.04663e-05 2.34061e-05 1.70737e-05 1.20181e-05
threshold=-0.73845015095217559 -0.2215547738818136 -0.98501898920110598 499.99999999993605 1.1997958546157739 13.500000000000002 -0.082320663147164228 -0.99634683855938355 127.50000000000001 122.50000000000001 0.047008941771098926 -0.37166310390782187 1999.4999999999579 272.25000000000006 -0.32851199387704777 -0.8057200591575594 -0.094252843480036874 60.850000000000001 -0.049999999999998927 5.5000000000000009 59.050000000000004 -0.10745977890057386 -0.095282702079840867 0.276213781731594 58.150000000000013 68.500000000000014 2.5000000000000004
decision_type=10 10 10 10 10 8 10 10 10 10 8 10 10 10 10 10 10 10 10 10 10 8 10 10 10 8 2
left_child=2 3 5 6 7 21 11 13 12 10 24 18 16 -3 20 -16 22 -18 -2 -20 25 -1 23 -9 -7 -12 -27
right_child=1 4 -4 -5 -6 9 -8 8 -10 -11 14 -13 -14 -15 15 -17 17 -19 19 -21 -22 -23 -24 -25 -26 26 -28
leaf_value=-4.1568415269784237e-06 -1.4875324217829688e-06 5.4876244796008667e-06 -6.1389105326903491e-06 3.5149347569944555e-06 5.6949301045654828e-06 -2.01144912981554e-06 1.5961007434692989e-06 1.1513586530012008e-06 -3.0452417023978395e-08 1.9119371090139798e-07 -1.9168356963589483e-06 -2.2704811125347588e-06 4.2871701176163733e-06 2.950978249491144e-06 -1.2777370468049333e-06 1.0808661229210666e-06 2.4394504564833144e-06 -2.5670766162762999e-07 -8.3757423576850829e-07 1.3301255978302267e-06 -2.7379081363276124e-06 -2.4788742982511891e-06 3.4106315586819351e-06 2.6333022647308814e-06 -3.2128982550075186e-06 -1.3936015608628594e-06 -5.0532480013085973e-07
leaf_weight=832 662 590 892 605 615 664 841 523 566 877 521 890 505 689 739 509 609 504 633 581 602 691 785 738 776 625 727
leaf_count=832 662 590 892 605 615 664 841 523 566 877 521 890 505 689 739 509 609 504 633 581 602 691 785 738 776 625 727
internal_value=-2.03078e-08 1.76145e-06 -2.19846e-06 1.67608e-07 2.85767e-06 -1.73371e-06 -3.93827e-07 2.54093e-06 2.06312e-06 -1.31467e-06 -1.57047e-06 -9.98875e-07 2.38653e-06 4.12115e-06 -1.14946e-06 -3.15748e-07 2.08268e-06 1.21852e-06 -3.95591e-07 1.99823e-07 -1.56984e-06 -3.39555e-06 2.55276e-06 2.01869e-06 -2.65892e-06 -1.1944e-06 -9.1598e-07
internal_weight=18791 10336 8455 4212 6124 7563 3607 5509 4230 6040 5163 2766 3664 1279 3723 1248 3159 1113 1876 1214 2475 1523 2046 1261 1440 1873 1352
internal_count=18791 10336 8455 4212 6124 7563 3607 5509 4230 6040 5163 2766 3664 1279 3723 1248 3159 1113 1876 1214 2475 1523 2046 1261 1440 1873 1352
is_linear=0
shrinkage=0.00469677


Tree=54
num_leaves=29
num_cat=0
split_feature=29 21 4 28 29 20 5 23 8 8 20 19 4 21 19 19 33 16 4 26 22 4 28 8 5 26 23 33
split_gain=0.00282403 0.000754581 0.00039097 0.00026433 0.00025348 0.000235696 0.000267323 0.000197863 0.000151971 0.000147192 8.11492e-05 7.92729e-05 9.84544e-05 6.97406e-05 7.35821e-05 7.2016e-05 6.358e-05 6.4541e-05 6.25335e-05 5.51816e-05 5.74292e-05 5.17895e-05 4.32857e-05 4.07179e-05 2.94242e-05 2.84261e-05 1.64513e-05 2.01967e-06
threshold=-0.50000000000000877 -0.23461548811900237 52.500000000000007 499.99999999993605 -0.98473307571521806 0.84654981935298224 80.253186709080808 -0.016759188213995909 -0.026310985153074732 -0.13026813001915952 0.50022549231717561 0.13402067017805361 5.5000000000000009 -0.37049105411565986 0.041963952485028481 0.062451509922302216 7.5000000000000009 -0.51572097508143477 7.5000000000000009 -0.67448659535511968 -0.15063056651543572 17.500000000000004 4.4999999999997877 -0.16302827095319836 617.22399819337727 -0.85522154777881743 3.1869664671291393 4.5000000000000009
decision_type=10 10 8 10 10 10 10 10 10 10 10 8 10 8 10 8 2 10 8 10 10 10 10 10 10 10 8 2
left_child=2 3 4 7 9 8 -7 18 10 16 23 -9 -13 14 -4 -15 24 21 -2 20 22 -18 -12 -3 -1 26 -17 -28
right_child=1 5 13 -5 -6 6 -8 11 -10 -11 19 12 -14 15 -16 25 17 -19 -20 -21 -22 -23 -24 -25 -26 -27 27 -29
leaf_value=-2.8225296739314275e-06 1.4417990918839429e-07 1.0762095496434677e-07 -1.2728580259859394e-06 3.0669229109770374e-06 -5.5242018367185286e-06 2.4297453491940068e-06 6.6214641860298032e-06 -2.6108102746007821e-06 4.1082931427513564e-06 -8.4581997749973658e-07 1.7214649373304167e-06 -1.9688677527230945e-06 8.3959636370584199e-07 -2.8113084163066574e-06 1.1087758446202476e-06 -1.9367906561204094e-06 -5.3014624255197796e-06 -2.5535792930361325e-06 2.2111601878262008e-06 3.6544013651078962e-06 1.0231831220348768e-06 -3.2231101032910761e-06 3.4539362187233936e-06 1.8276882697728661e-06 -1.2630800520004437e-06 1.0040164432398438e-09 -1.1195070186566759e-06 -7.3687873739842655e-07
leaf_weight=517 905 702 507 551 689 694 650 766 787 969 628 584 521 555 657 503 515 963 502 536 851 544 645 535 552 554 606 613
leaf_count=517 905 702 507 551 689 694 650 766 787 969 628 584 521 555 657 503 515 963 502 536 851 544 645 535 552 554 606 613
internal_value=-3.6159e-08 1.68749e-06 -1.97921e-06 5.69662e-08 -2.89012e-06 2.72319e-06 4.45702e-06 -4.48968e-07 2.22569e-06 -2.44309e-06 1.84549e-06 -1.44964e-06 -6.44666e-07 -8.96369e-07 7.1386e-08 -1.29428e-06 -2.94381e-06 -3.43362e-06 8.81676e-07 2.30769e-06 1.96783e-06 -4.23386e-06 2.59929e-06 8.51574e-07 -2.01731e-06 -9.24346e-07 -1.22207e-06 -9.27122e-07
internal_weight=18601 9857 8744 3829 4749 6028 1344 3278 4684 4060 3897 1871 1105 3995 1164 2831 3091 2022 1407 2660 2124 1059 1273 1237 1069 2276 1722 1219
internal_count=18601 9857 8744 3829 4749 6028 1344 3278 4684 4060 3897 1871 1105 3995 1164 2831 3091 2022 1407 2660 2124 1059 1273 1237 1069 2276 1722 1219
is_linear=0
shrinkage=0.00469677


Tree=55
num_leaves=29
num_cat=0
split_feature=32 28 8 32 17 8 4 5 0 31 25 5 16 33 17 30 8 5 17 33 8 4 28 23 17 30 16 33
split_gain=0.00199906 0.000900536 0.000699128 0.00048754 0.000591172 0.000222129 0.000171797 0.000169449 0.000226706 0.000136628 0.000128837 0.000156298 0.000107949 9.8218e-05 8.55131e-05 7.1489e-05 6.61846e-05 6.22287e-05 5.79455e-05 5.65077e-05 4.35214e-05 4.34021e-05 3.18802e-05 3.8132e-05 2.99349e-05 2.09831e-05 2.06717e-05 8.26444e-06
threshold=-0.33222591362128601 499.99999999993605 -0.010003463102031864 0.49751243781097182 -0.23275730347653792 -0.19060328851941263 50.500000000000007 81.818592306380211 258.25000000000006 36.549840991824617 -0.20274738730492706 114.29881780157204 -0.46454731643888364 7.5000000000000009 -0.081517773036507313 4.395318687546047e-05 -0.12344182602393601 114.29881780157204 -0.033805147750708149 8.5000000000000018 -0.33930216764956561 59.500000000000007 -0.49999999999994665 -0.008709752989551232 -0.29497869244415537 -0.00034429319288112613 -0.71151177132569732 17.500000000000004
decision_type=8 10 10 10 8 10 10 10 10 8 2 10 8 2 10 8 10 10 10 2 10 10 8 8 8 8 10 2
left_child=7 2 3 4 6 14 13 21 -9 -10 20 25 -8 -2 22 -16 -3 -15 -7 -13 -5 24 -6 -24 -1 -12 27 -25
right_child=1 16 -4 10 5 18 12 8 9 -11 11 19 -14 17 15 -17 -18 -19 -20 -21 -22 -23 23 26 -26 -27 -28 -29
leaf_value=1.8929917193140716e-06 -1.6354266526347211e-06 1.9946023483390906e-06 3.5249737443861142e-06 -2.5457240241577209e-06 -1.970947708371409e-06 8.2892185818184125e-07 3.5062827083483825e-07 6.2270264544099964e-06 1.0858258813577882e-06 4.4118268169827934e-06 -1.7393637950853039e-06 -3.8447993843056445e-06 -2.4926183663432872e-06 -2.7247977674215753e-06 -5.30416641603352e-07 1.6841107248163064e-06 4.0877173619248791e-06 -4.4705786240329652e-06 2.6862613002284726e-06 -6.0273666136663396e-06 -6.4386803430489996e-07 1.1567007824619171e-06 4.5112733985942655e-07 -1.4936805276493691e-06 3.4969846592906577e-06 -3.0388664853773101e-06 -1.9071557482732341e-07 -7.8956115584626325e-07
leaf_weight=510 823 858 673 556 502 886 703 713 522 570 541 524 507 905 659 628 545 897 637 523 508 660 527 1000 517 556 569 582
leaf_count=510 823 858 673 556 502 886 703 713 522 570 541 524 507 905 659 628 545 897 637 523 508 660 527 1000 517 556 569 582
internal_value=-3.59891e-08 -7.76215e-07 -1.14308e-06 -1.38413e-06 -8.6505e-07 5.67929e-08 -2.30491e-06 3.16677e-06 4.16702e-06 2.82196e-06 -2.9739e-06 -3.63698e-06 -8.40688e-07 -2.97984e-06 -4.71319e-07 5.5015e-07 2.8077e-06 -3.59383e-06 1.60578e-06 -4.93507e-06 -1.63773e-06 2.09654e-06 -8.84736e-07 -6.8111e-07 2.70049e-06 -2.39803e-06 -9.58526e-07 -1.23466e-06
internal_weight=18601 15109 13706 13033 9825 5990 3835 3492 1805 1092 3208 2144 1210 2625 4467 1287 1403 1802 1523 1047 1064 1687 3180 2678 1027 1097 2151 1582
internal_count=18601 15109 13706 13033 9825 5990 3835 3492 1805 1092 3208 2144 1210 2625 4467 1287 1403 1802 1523 1047 1064 1687 3180 2678 1027 1097 2151 1582
is_linear=0
shrinkage=0.00469677


Tree=56
num_leaves=27
num_cat=0
split_feature=32 24 28 30 32 24 1 8 27 30 25 8 5 5 21 24 21 4 26 11 30 11 26 15 28 24
split_gain=0.00198032 0.00115264 0.000538999 0.000379594 0.000328737 0.000194504 0.000363543 0.000160853 0.000128103 0.000108244 0.000107441 9.97113e-05 0.000107374 9.90522e-05 8.26569e-05 7.93945e-05 7.37847e-05 9.45444e-05 7.05717e-05 6.36986e-05 3.73209e-05 3.48867e-05 2.89275e-05 2.18303e-05 2.25952e-05 1.70803e-05
threshold=-0.33222591362128601 0.91397801490210961 500.00000000002484 -0.00023229745688757122 0.49751243781097182 0.85248209206933701 82.850000000000009 -0.015195926674069259 -1.0000000180025095e-35 4.395318687546047e-05 -0.18256537682375798 -0.010003463102031864 78.367588372640057 114.29881780157204 -0.19073278849653186 0.47236023179795533 -0.34273721684222413 44.500000000000007 -0.92030809957074455 0.32077904228338072 -0.00026369342824518173 1.3897638067458937 -0.85981330301514414 -0.17501714750439221 -50000.249999999993 0.50175409314038444
decision_type=8 10 10 10 10 10 10 10 8 10 2 8 10 10 10 10 8 10 8 8 10 8 10 8 10 10
left_child=5 2 4 11 8 18 -7 14 15 16 -6 12 -3 -12 -5 -2 17 -10 -1 -20 22 -13 23 -18 -25 -22
right_child=1 3 -4 7 10 6 -8 -9 9 -11 13 21 -14 -15 -16 -17 20 -19 19 -21 25 -23 -24 24 -26 -27
leaf_value=6.8849617513126041e-07 -3.6529677188678191e-06 8.7152996661088334e-07 2.3274619817788919e-06 7.537379646699867e-07 -1.9606073009815457e-06 2.1958715415280776e-06 6.6847670904765862e-06 5.1284389137155352e-06 -3.1939366799243707e-06 9.2096278932739344e-07 -2.7699328896987227e-06 3.296588813299446e-07 -1.9252527186201939e-06 -5.0173357901615764e-06 3.2158815633743688e-06 -1.2863627470073081e-06 -2.5035551318870153e-07 -7.4133998289271564e-07 3.6320316559467464e-06 1.594039772738431e-06 -8.8669513898891421e-07 2.0755984266725379e-06 -2.1235414050016651e-06 -9.0835757839723719e-07 -2.0043744018308652e-06 2.4406920691108438e-07
leaf_weight=534 765 514 737 566 925 825 769 549 839 553 829 502 737 905 642 529 647 591 742 622 520 508 625 1346 600 680
leaf_count=534 765 514 737 566 925 825 769 549 839 553 829 502 737 905 642 529 647 591 742 622 520 508 625 1346 600 680
internal_value=-3.58201e-08 -7.7257e-07 -1.55338e-06 1.38273e-06 -1.82963e-06 3.1519e-06 4.36149e-06 3.02037e-06 -1.33767e-06 -1.06519e-06 -3.25333e-06 1.1012e-07 -7.76108e-07 -3.9429e-06 2.06229e-06 -2.6855e-06 -1.25301e-06 -2.18033e-06 2.13603e-06 2.70271e-06 -9.52848e-07 1.20785e-06 -1.21646e-06 -9.9781e-07 -1.2463e-06 -2.45901e-07
internal_weight=18601 15109 11091 4018 10354 3492 1594 1757 7695 6401 2659 2261 1251 1734 1208 1294 5848 1430 1898 1364 4418 1010 3218 2593 1946 1200
internal_count=18601 15109 11091 4018 10354 3492 1594 1757 7695 6401 2659 2261 1251 1734 1208 1294 5848 1430 1898 1364 4418 1010 3218 2593 1946 1200
is_linear=0
shrinkage=0.00469677


Tree=57
num_leaves=28
num_cat=0
split_feature=29 31 1 20 1 8 19 19 29 31 20 27 10 1 8 19 23 26 23 17 17 31 32 27 30 23 33
split_gain=0.00275119 0.000852631 0.000298706 0.000293613 0.000281345 0.000231957 0.000208151 0.000141678 0.000226211 0.000122738 0.000146585 0.000102793 9.49487e-05 0.000116554 0.000100023 7.56035e-05 6.33677e-05 6.25584e-05 5.1781e-05 3.92873e-05 3.72583e-05 3.68308e-05 2.6807e-05 2.38424e-05 1.90391e-05 1.2549e-05 7.02087e-06
threshold=-0.50000000000000877 -1260.013481058711 997.50000000000011 0.84654981935298224 80.950000000000017 -0.026310985153074732 0.13602106542069611 0.20687101841019992 -0.98730978877353526 738.5863795966776 0.48874560302042186 1.0000000180025095e-35 -20.749999999999996 648.50000000000011 -0.17671882151874077 0.024615091914549594 -0.250744462509985 -0.66509335565472039 0.083503315316125551 -0.12215266325195652 -0.31676743386771883 -3.5885634845829597 -0.98039215686274461 1.0000000180025095e-35 -0.00037406833374825063 1.0000000180025095e-35 5.5000000000000009
decision_type=10 10 10 10 10 10 8 10 10 10 10 10 8 8 10 10 10 8 10 8 10 10 10 10 10 10 2
left_child=2 6 7 5 -5 9 -2 8 12 10 -3 19 -1 14 15 -14 -16 20 21 -8 -12 -17 -22 -24 -20 -21 -15
right_child=1 3 -4 4 -6 -7 11 -9 -10 -11 17 -13 13 26 16 18 -18 -19 24 25 22 -23 23 -25 -26 -27 -28
leaf_value=1.2223809584971559e-07 -2.6539233659940322e-06 3.7685949216803515e-07 -5.4635760901449629e-06 2.4188569336896629e-06 6.6439667068327837e-06 4.1817671609266911e-06 -1.4351985181262816e-06 5.1397643441368976e-07 -4.1291523660915732e-06 1.636039217565757e-07 1.089443987627819e-06 2.0314198710441718e-06 -3.712376014064393e-06 -1.0004583433844036e-06 -2.1445809655646568e-06 -3.7982995813293232e-06 -1.3792037654937082e-07 3.9834841470966374e-06 -7.8001058711989107e-07 6.8544592737592633e-07 3.4266581612435752e-06 -2.0317831923878638e-06 2.8363502606357415e-06 1.5411307432999032e-06 -2.0090460438335507e-06 -3.6108194512009351e-07 -3.7772933693458413e-07
leaf_weight=630 746 903 504 717 675 947 512 573 893 989 509 527 992 835 684 512 705 543 514 505 521 530 600 657 606 506 766
leaf_count=630 746 903 504 717 675 947 512 573 893 989 509 527 992 835 684 512 705 543 514 505 521 530 600 657 606 506 766
internal_value=-3.56518e-08 1.66562e-06 -1.95348e-06 2.53487e-06 4.46769e-06 2.06027e-06 -5.29559e-07 -1.73878e-06 -1.90715e-06 1.63479e-06 2.02455e-06 2.43486e-07 -1.61422e-06 -1.79228e-06 -2.17631e-06 -2.63881e-06 -1.12611e-06 2.55029e-06 -2.1462e-06 -3.75167e-07 2.20999e-06 -2.89982e-06 2.53076e-06 2.1594e-06 -1.44504e-06 1.61631e-07 -7.02534e-07
internal_weight=18601 9857 8744 7061 1392 5669 2796 8240 7667 4722 3733 2050 6774 6144 4543 3154 1389 2830 2162 1523 2287 1042 1778 1257 1120 1011 1601
internal_count=18601 9857 8744 7061 1392 5669 2796 8240 7667 4722 3733 2050 6774 6144 4543 3154 1389 2830 2162 1523 2287 1042 1778 1257 1120 1011 1601
is_linear=0
shrinkage=0.00469677


Tree=58
num_leaves=28
num_cat=0
split_feature=32 24 28 30 32 17 20 0 4 4 17 25 16 5 26 22 33 26 17 16 20 16 2 5 10 17 33
split_gain=0.00194435 0.00113534 0.000530382 0.000372869 0.000323234 0.000329253 0.00019607 0.000289521 0.000157728 0.000143424 0.000113864 0.000106203 9.86329e-05 9.75947e-05 9.44201e-05 9.80497e-05 8.83773e-05 8.30609e-05 6.48019e-05 6.27857e-05 5.28037e-05 5.05256e-05 5.02172e-05 4.35756e-05 3.5158e-05 3.92157e-05 6.36025e-06
threshold=-0.33222591362128601 0.91397801490210961 500.00000000002484 -0.00023229745688757122 0.49751243781097182 -0.23275730347653792 0.85368794607849185 80.950000000000017 43.500000000000007 49.500000000000007 -0.039719509259780898 -0.18256537682375798 -0.69840920535244044 114.29881780157204 -0.88280527424210353 -0.2778739419608392 7.5000000000000009 -0.91169144411573921 -0.034225451064785133 -0.2312329001367989 0.50134227231381778 -0.51572097508143477 2352.5000000000005 114.29881780157204 -26.749999999999996 -0.034703991995690971 11.500000000000002
decision_type=8 10 10 10 10 8 10 10 10 10 10 2 10 10 8 10 2 8 8 8 10 8 8 10 10 10 2
left_child=6 2 4 14 5 9 17 -8 10 16 -5 -6 20 -13 -3 18 -2 -1 -16 -19 22 -11 -7 -18 -14 -26 -24
right_child=1 3 -4 8 11 12 7 -9 -10 21 -12 13 24 -15 15 -17 23 19 -20 -21 -22 -23 26 -25 25 -27 -28
leaf_value=7.4305298481071858e-07 -1.8480478738908919e-06 -1.4756553324395725e-06 2.3092511749225249e-06 5.2067191170174214e-07 -1.9409548268607366e-06 3.9544747459458267e-07 2.4922779084511596e-06 6.7852643569332058e-06 5.1494692732517638e-06 -1.1403928181899976e-07 3.3880912478852048e-06 -2.7474869868545901e-06 -7.4208890183341566e-07 -4.9782944860314774e-06 -1.1464742807391691e-06 2.319707656121123e-06 -3.045883611858447e-06 1.6617202465281558e-06 1.1336856396424552e-06 3.6155280187235747e-06 -2.3876212342774541e-06 -2.1711378475996422e-06 -9.7959744199197176e-07 -4.7173873160186196e-06 -1.271844988211582e-08 1.5311052714431683e-06 -1.6385792203115778e-06
leaf_weight=602 689 605 737 563 925 563 745 648 526 553 668 829 601 905 605 547 667 618 504 879 591 503 701 711 914 602 600
leaf_count=602 689 605 737 563 925 563 745 648 526 553 668 829 601 905 605 547 667 618 504 879 591 503 701 711 914 602 600
internal_value=-3.54844e-08 -7.65512e-07 -1.54045e-06 1.37355e-06 -1.81447e-06 -1.32665e-06 3.12315e-06 4.48933e-06 2.99663e-06 -2.50216e-06 2.0767e-06 -3.2262e-06 -5.23678e-07 -3.9118e-06 1.12267e-07 6.92416e-07 -3.2216e-06 2.21647e-06 -1.10195e-07 2.80897e-06 -1.16429e-06 -1.09392e-06 -7.76399e-07 -3.90835e-06 2.19196e-07 6.00308e-07 -1.28353e-06
internal_weight=18601 15109 11091 4018 10354 7695 3492 1393 1757 3123 1231 2659 4572 1734 2261 1656 2067 2099 1109 1497 2455 1056 1864 1378 2117 1516 1301
internal_count=18601 15109 11091 4018 10354 7695 3492 1393 1757 3123 1231 2659 4572 1734 2261 1656 2067 2099 1109 1497 2455 1056 1864 1378 2117 1516 1301
is_linear=0
shrinkage=0.00469677


Tree=59
num_leaves=29
num_cat=0
split_feature=32 28 8 32 17 8 0 0 31 25 19 2 25 17 33 0 30 8 8 17 33 22 28 23 33 16 19 33
split_gain=0.00192613 0.000869456 0.000680562 0.000471849 0.00057431 0.00021567 0.000161588 0.00021457 0.000133682 0.000125435 0.000151004 0.000142522 8.42576e-05 8.30693e-05 7.1286e-05 9.06402e-05 7.01301e-05 6.44662e-05 6.0784e-05 5.63691e-05 4.96037e-05 4.4238e-05 3.13275e-05 3.7092e-05 2.10429e-05 2.0397e-05 1.98814e-05 8.17857e-06
threshold=-0.33222591362128601 499.99999999993605 -0.010003463102031864 0.49751243781097182 -0.23275730347653792 -0.19060328851941263 81.950000000000017 258.25000000000006 36.549840991824617 -0.20274738730492706 0.034143492055604539 113.75000000000001 -0.40005855576511112 -0.081517773036507313 7.5000000000000009 114.25000000000001 4.395318687546047e-05 -0.12344182602393601 -0.54558563166668217 -0.033805147750708149 8.5000000000000018 -0.078433912054685681 -0.49999999999994665 -0.008709752989551232 15.500000000000002 -0.71151177132569732 0.048873233852556319 17.500000000000004
decision_type=8 10 10 10 8 10 10 10 8 2 10 10 2 10 2 10 8 10 10 10 2 10 8 8 2 10 10 2
left_child=6 2 3 4 12 13 21 -8 -9 10 -5 26 -2 22 -14 18 -15 -3 -16 -7 -13 24 -6 -24 -1 27 -11 -25
right_child=1 17 -4 9 5 19 7 8 -10 11 -12 20 14 16 15 -17 -18 -19 -20 -21 -22 -23 23 25 -26 -27 -28 -29
leaf_value=3.153867298272993e-06 -8.8756402414380452e-07 1.9571362001797945e-06 3.483260305485906e-06 -3.4673723346447732e-06 -1.9455617222853674e-06 8.1911847489310086e-07 6.0471491425012197e-06 1.0405856085990358e-06 4.3305242029479135e-06 -3.0077713533811449e-06 7.5907747818921051e-08 -3.7753172251705808e-06 -1.481458407106865e-06 -5.2482060101747262e-07 -3.3872387780538402e-06 -4.1742586787472044e-06 1.6685580082434698e-06 4.0229003364194486e-06 -1.3054283802251988e-06 2.6510207101745596e-06 -5.8077915303901867e-06 9.2096234456059937e-07 4.4973622077415476e-07 -1.47252527369652e-06 1.8767245540419945e-06 -1.7787028028873082e-07 -1.7352523013679945e-06 -7.7207434280903905e-07
leaf_weight=622 777 858 673 505 502 886 730 522 570 550 559 524 869 659 563 939 628 545 687 637 536 523 527 1000 525 569 534 582
leaf_count=622 777 858 673 505 502 886 730 522 570 550 559 524 869 659 563 939 628 545 687 637 536 523 527 1000 525 569 534 582
internal_value=-3.53177e-08 -7.61917e-07 -1.1224e-06 -1.36023e-06 -8.49564e-07 5.90365e-08 3.10848e-06 4.07578e-06 2.75789e-06 -2.9242e-06 -1.60579e-06 -3.57847e-06 -2.26874e-06 -4.61341e-07 -2.61967e-06 -3.07151e-06 5.45427e-07 2.75961e-06 -2.2431e-06 1.58534e-06 -4.80309e-06 2.05312e-06 -8.68808e-07 -6.66954e-07 2.56933e-06 -9.40561e-07 -2.38093e-06 -1.21486e-06
internal_weight=18601 15109 13706 13033 9825 5990 3492 1822 1092 3208 1064 2144 3835 4467 3058 2189 1287 1403 1250 1523 1060 1670 3180 2678 1147 2151 1084 1582
internal_count=18601 15109 13706 13033 9825 5990 3492 1822 1092 3208 1064 2144 3835 4467 3058 2189 1287 1403 1250 1523 1060 1670 3180 2678 1147 2151 1084 1582
is_linear=0
shrinkage=0.00469677


Tree=60
num_leaves=27
num_cat=0
split_feature=32 24 32 17 30 4 20 0 4 13 17 25 17 5 26 16 16 16 16 14 30 9 17 5 30 14
split_gain=0.00190808 0.00111698 0.000442249 0.000483807 0.000366635 0.000219091 0.000194158 0.000285149 0.000155927 0.00011644 0.000112007 0.000104221 9.86279e-05 9.57252e-05 8.22214e-05 7.19762e-05 6.99839e-05 6.20101e-05 4.76559e-05 4.67904e-05 3.49687e-05 3.38456e-05 2.68923e-05 2.68125e-05 2.47877e-05 4.6955e-07
threshold=-0.33222591362128601 0.91397801490210961 0.49751243781097182 -0.19312157548074479 -0.00023229745688757122 49.500000000000007 0.85368794607849185 80.950000000000017 43.500000000000007 -0.30156279801581226 -0.039719509259780898 -0.18256537682375798 -0.029760452869820358 114.29881780157204 -0.91169144411573921 -0.71151177132569732 -0.64629833222701616 -0.2312329001367989 -0.67559471086410128 -1.4924384825700618 -0.00028218693927834735 -0.063756802476251997 -0.26163354550815648 33.259454206864923 -0.00023084158167255669 -1.4198991797676008
decision_type=8 10 10 10 10 8 10 10 10 10 10 2 10 10 8 10 10 8 8 2 10 2 8 10 10 2
left_child=6 2 3 5 9 18 14 -8 10 16 -6 -4 15 -13 -1 -5 -3 -16 -2 -7 22 -14 -20 25 -17 -21
right_child=1 4 11 12 8 19 7 -9 -10 -11 -12 13 21 -15 17 24 -18 -19 20 23 -22 -23 -24 -25 -26 -27
leaf_value=7.2568016510122355e-07 -4.2169190323808995e-06 1.6392587183825964e-06 -1.9239329051082853e-06 -1.5824079228187908e-06 5.1485812893889852e-07 2.0336200173092622e-07 2.4714681054450351e-06 6.7319183509866754e-06 5.1133240904168907e-06 -1.7274761802441907e-06 3.358802451854647e-06 -2.7231911073086233e-06 3.695905437879006e-07 -4.9325305006297536e-06 1.6409900914922218e-06 -3.4840163368932904e-07 -2.7286436522947571e-07 3.5826915506506196e-06 -3.7271515924400588e-06 -8.5876073995623045e-07 -1.7622257434290674e-06 1.9036435951122015e-06 -2.3339066381979075e-06 -2.1725012858362018e-06 8.2616561710250679e-07 -1.0417330677650602e-06
leaf_weight=602 525 888 925 673 563 576 745 648 526 568 668 829 516 905 618 777 805 879 669 654 678 824 563 574 809 594
leaf_count=602 525 888 925 673 563 576 745 648 526 568 668 829 516 905 618 777 805 879 669 654 678 824 563 574 809 594
internal_value=-3.51518e-08 -7.58338e-07 -1.52698e-06 -1.0003e-06 1.36336e-06 -1.97115e-06 3.09388e-06 4.45338e-06 2.97281e-06 1.12664e-07 2.05815e-06 -3.19713e-06 3.03421e-07 -3.8763e-06 2.19164e-06 -2.95396e-07 7.30049e-07 2.78113e-06 -2.96354e-06 -9.63441e-07 -2.61901e-06 1.31294e-06 -3.09049e-06 -1.33233e-06 2.5071e-07 -9.45875e-07
internal_weight=18601 15109 11091 8432 4018 4833 3492 1393 1757 2261 1231 2659 3599 1734 2099 2259 1693 1497 2435 2398 1910 1340 1232 1822 1586 1248
internal_count=18601 15109 11091 8432 4018 4833 3492 1393 1757 2261 1231 2659 3599 1734 2099 2259 1693 1497 2435 2398 1910 1340 1232 1822 1586 1248
is_linear=0
shrinkage=0.00469677


Tree=61
num_leaves=28
num_cat=0
split_feature=29 24 32 4 0 19 17 29 8 28 22 11 19 4 17 17 19 23 24 4 26 19 23 13 22 22 17
split_gain=0.00265947 0.000846188 0.000466726 0.000376568 0.000315833 0.000347313 0.0003113 0.000245057 0.000138864 0.000117777 7.46886e-05 6.80686e-05 8.7344e-05 7.17673e-05 6.1602e-05 6.12241e-05 4.40244e-05 4.40091e-05 4.48936e-05 3.89036e-05 3.61487e-05 3.58744e-05 3.13493e-05 3.25182e-05 4.54569e-05 6.64514e-06 5.81098e-06
threshold=-0.50000000000000877 0.93026870185265176 -0.33222591362126241 52.500000000000007 80.950000000000017 0.11628332466582704 -0.19813208289395787 -0.98473307571521806 -0.13026813001915952 500.00000000002484 -0.41121165479254207 0.90464943149315313 0.037201272867201339 143.50000000000003 -0.40533513039675212 -0.23275730347653792 0.023420611131166408 -0.032750912728124242 1.3018032051497579 19.500000000000004 -0.90019727419018614 0.11063592324855953 0.40185745917750643 -0.20965258279989255 -0.096837165850630916 -0.020360641157605427 -0.76689251724975105
decision_type=10 10 10 8 10 10 10 10 10 10 10 10 8 10 10 10 10 10 10 10 10 8 10 8 8 8 10
left_child=3 2 14 7 17 -6 10 8 15 22 -4 12 -5 21 -2 19 -17 18 -3 -1 -16 -14 23 24 -8 -18 -23
right_child=1 4 6 11 5 -7 9 -9 -10 -11 -12 -13 13 -15 20 16 25 -19 -20 -21 -22 26 -24 -25 -26 -27 -28
leaf_value=-4.2231138500060083e-06 1.3410461795453544e-06 9.2984216470516237e-07 -3.2469194311788926e-06 -2.7600855321195626e-06 3.1723144181299947e-06 7.5623458391887108e-06 -3.4338202460659553e-07 -5.4045044306534917e-06 -8.2358316073010592e-07 2.1961061215644701e-06 -8.9818846383234339e-07 5.6435329764225653e-07 -2.1798907676091261e-06 8.1319413946068526e-07 2.1342622335569447e-06 -3.2979648103983673e-06 -1.2358761255761232e-06 3.3455182776846234e-06 2.5609988812012002e-06 -2.7393894883357795e-06 3.7492188230128497e-06 -9.7428921902592164e-07 -1.0178947511103448e-06 -6.5432265462785792e-07 1.480979779345e-06 -1.9999910801863474e-06 -3.7344777131257984e-07
leaf_weight=817 680 726 727 592 982 668 517 689 969 707 507 626 547 513 515 523 503 527 764 746 753 1215 514 548 722 502 502
leaf_count=817 680 726 727 592 982 668 517 689 969 707 507 626 547 513 515 523 503 527 764 746 753 1215 514 548 722 502 502
internal_value=-3.49867e-08 1.63769e-06 5.785e-07 -1.92058e-06 3.42562e-06 4.94963e-06 -2.9546e-07 -2.81455e-06 -2.37502e-06 5.19466e-07 -2.28195e-06 -8.57868e-07 -1.12214e-06 -7.72955e-07 2.48167e-06 -2.86136e-06 -2.19276e-06 2.17889e-06 1.76624e-06 -3.51497e-06 3.09333e-06 -1.13238e-06 4.29034e-09 2.98323e-07 7.19698e-07 -1.61759e-06 -7.9864e-07
internal_weight=18601 9857 6190 8744 3667 1650 4242 4749 4060 3008 1234 3995 3369 2777 1948 3091 1528 2017 1490 1563 1268 2264 2301 1787 1239 1005 1717
internal_count=18601 9857 6190 8744 3667 1650 4242 4749 4060 3008 1234 3995 3369 2777 1948 3091 1528 2017 1490 1563 1268 2264 2301 1787 1239 1005 1717
is_linear=0
shrinkage=0.00469677


Tree=62
num_leaves=28
num_cat=0
split_feature=29 31 1 20 1 19 19 29 19 23 20 10 5 19 17 23 13 13 31 17 1 9 7 31 5 30 14
split_gain=0.00263455 0.000817536 0.000290788 0.00028206 0.000271276 0.000203455 0.00013781 0.000221809 0.000102603 0.000164044 0.000104402 9.34483e-05 0.000115556 9.8941e-05 7.67742e-05 5.57241e-05 5.54245e-05 6.85924e-05 5.14711e-05 6.67703e-05 4.64113e-05 3.47095e-05 3.08622e-05 2.82411e-05 2.81457e-05 1.77577e-05 6.16251e-06
threshold=-0.50000000000000877 -1260.013481058711 997.50000000000011 0.84654981935298224 80.950000000000017 0.13602106542069611 0.20687101841019992 -0.98730978877353526 0.015550060999383174 -1.0214436875451722 0.50134227231381778 -20.749999999999996 646.58805453123261 0.020698277504306185 -0.11213978385638994 -0.014141953024928709 -0.37865747754101248 -0.78763566534699514 27.158598923869508 -0.24821623050169866 149.25000000000003 0.051305133493287518 0.052867300937449645 -3.5885634845829597 58.836973275812333 -0.00028218693927834735 -1.3055365686944638
decision_type=10 10 10 10 10 8 10 10 10 10 10 8 8 10 10 10 10 10 10 10 10 2 2 10 10 8 2
left_child=2 5 6 8 -5 -2 7 11 -3 -10 20 -1 13 25 15 -7 17 -15 19 -12 21 -11 -19 -18 -21 -13 -14
right_child=1 3 -4 4 -6 14 -8 -9 9 10 18 12 26 16 -16 -17 23 22 -20 24 -22 -23 -24 -25 -26 -27 -28
leaf_value=1.4697470783738678e-07 -2.6197976142328577e-06 2.7670021927094031e-07 -5.37481637807473e-06 2.3637415655283531e-06 6.5125574449718156e-06 6.695296965918099e-07 5.2207118581013982e-07 -4.0660553604682963e-06 4.350902159385046e-06 8.8366514559317346e-07 1.9068370040610235e-06 -2.6774602328716023e-06 -4.6100173087286183e-07 -2.8011233793060105e-06 1.5594076249249854e-06 -1.2251561704078563e-06 -3.3301506607610693e-06 -2.6462719423581841e-07 1.3533715162779463e-06 2.9594942109484746e-06 -1.2798787080448193e-07 2.356715082680849e-06 -1.5491137938515647e-06 -1.8889732157574651e-06 4.5187262576607063e-06 -3.8550658571635831e-06 -1.0755653006522489e-06
leaf_weight=630 746 661 504 717 675 616 573 893 702 809 760 510 1061 506 663 771 546 941 583 507 506 626 735 666 515 634 545
leaf_count=630 746 661 504 717 675 616 573 893 702 809 760 510 1061 506 663 771 546 941 583 507 506 626 735 666 515 634 545
internal_value=-3.48224e-08 1.63e-06 -1.91156e-06 2.48117e-06 4.37558e-06 -5.19533e-07 -1.69972e-06 -1.86577e-06 2.016e-06 2.24556e-06 1.90232e-06 -1.57571e-06 -1.75236e-06 -2.13555e-06 2.44743e-07 -3.83657e-07 -1.73289e-06 -1.28554e-06 2.56487e-06 2.96121e-06 1.09502e-06 1.52629e-06 -8.27951e-07 -2.53824e-06 3.74525e-06 -3.33011e-06 -6.69576e-07
internal_weight=18601 9857 8744 7061 1392 2796 8240 7667 5669 5008 4306 6774 6144 4538 2050 1387 3394 2182 2365 1782 1941 1435 1676 1212 1022 1144 1606
internal_count=18601 9857 8744 7061 1392 2796 8240 7667 5669 5008 4306 6774 6144 4538 2050 1387 3394 2182 2365 1782 1941 1435 1676 1212 1022 1144 1606
is_linear=0
shrinkage=0.00469677


Tree=63
num_leaves=26
num_cat=0
split_feature=29 24 28 29 31 4 11 24 20 17 29 31 23 4 2 17 15 6 4 28 11 31 17 20 19
split_gain=0.00312992 0.000902561 0.000585129 0.000548942 0.000491421 0.000236433 0.000234158 0.00014677 0.000144987 0.000182695 0.000106507 0.000101234 7.54826e-05 6.83746e-05 6.47146e-05 5.72478e-05 4.96278e-05 4.90555e-05 4.90492e-05 6.45465e-05 4.02945e-05 2.85346e-05 1.97662e-05 1.69716e-05 1.58026e-05
threshold=-0.66160453748142256 0.85248209206933701 4999.5000000000009 -0.98501898920110598 -2629.297603976524 50.500000000000007 1.2544628245512093 0.36906804089748574 0.82152413230722188 -0.10745977890057386 -0.25570550095929118 -1.8751115382635593 0.64279807848998882 124.50000000000001 58.750000000000007 -0.10745977890057386 -0.82378796668296184 1.0000000180025095e-35 73.500000000000014 500.00000000004258 0.32506245516625881 14.579431191075832 -0.10451936393315193 0.48422653738713262 0.04572194386849119
decision_type=10 10 10 10 10 8 10 10 10 8 10 10 10 10 10 8 10 2 10 10 8 10 8 10 10
left_child=3 4 6 5 7 11 8 -2 9 -3 -6 15 18 17 -13 20 -11 24 19 21 -1 -12 -9 -16 -7
right_child=1 2 -4 -5 10 13 -8 22 -10 16 12 14 -14 -15 23 -17 -18 -19 -20 -21 -22 -23 -24 -25 -26
leaf_value=-3.1307615753282661e-06 -3.0600564444583546e-06 -3.2745692238259674e-07 7.0778870810589692e-06 -5.5991910520104327e-06 -4.2255718770079129e-07 -1.0943075795551631e-06 5.5299001966309087e-06 -8.4073470320868843e-07 3.7877294107677967e-06 3.5606118816603004e-06 1.8390492254262751e-06 -5.284489729645094e-07 3.1623066095814588e-06 3.1861070081376686e-07 -2.9527331789232341e-06 -2.2588566115250837e-06 1.8039744842774499e-06 -2.3852565442289689e-06 3.5425163061321233e-07 2.8557958038905852e-06 -4.8234653538542595e-06 3.0504085651828159e-07 3.2428257587356743e-07 -1.7952530698492419e-06 -1.4839185177640878e-07
leaf_weight=795 697 803 763 896 528 1520 504 889 816 554 551 688 747 874 545 915 987 594 653 803 509 520 503 574 524
leaf_count=795 697 803 763 896 528 1520 504 889 816 554 551 688 747 874 545 915 987 594 653 803 509 520 503 574 524
internal_value=-1.26654e-09 1.73358e-06 3.33602e-06 -2.12365e-06 5.29368e-07 -1.71053e-06 2.55679e-06 -1.3007e-06 2.08259e-06 1.48897e-06 1.5349e-06 -2.48743e-06 1.85059e-06 -8.19907e-07 -1.66207e-06 -3.15954e-06 2.43552e-06 -1.19712e-06 1.46283e-06 1.8491e-06 -3.79151e-06 1.09428e-06 -4.19731e-07 -2.35902e-06 -8.51829e-07
internal_weight=18752 10318 4427 8434 5891 7538 3664 2089 3160 2344 3802 4026 3274 3512 1807 2219 1541 2638 2527 1874 1304 1071 1392 1119 2044
internal_count=18752 10318 4427 8434 5891 7538 3664 2089 3160 2344 3802 4026 3274 3512 1807 2219 1541 2638 2527 1874 1304 1071 1392 1119 2044
is_linear=0
shrinkage=0.00469677


Tree=64
num_leaves=28
num_cat=0
split_feature=29 24 29 31 5 26 4 5 21 24 8 14 26 4 3 13 21 24 6 5 1 6 29 13 23 16 14
split_gain=0.00310059 0.000894103 0.000543798 0.000486816 0.000451084 0.000449508 0.000234218 0.000191851 0.000185713 0.000145395 0.000125764 0.000125084 7.10863e-05 6.77338e-05 6.41281e-05 5.95059e-05 5.81786e-05 5.31903e-05 4.97014e-05 5.00817e-05 6.53072e-05 4.85957e-05 4.5708e-05 2.53279e-05 1.74502e-05 1.45598e-05 2.49586e-06
threshold=-0.66160453748142256 0.85248209206933701 -0.98501898920110598 -2629.297603976524 114.16599462365595 -0.74579184948253985 50.500000000000007 248.12497618387198 -0.2215547738818136 0.36906804089748574 -0.17671882151874077 -1.2105690362269308 -0.93618956594195424 124.50000000000001 37.925000000000004 -0.39107933514731424 -0.36756042024073093 1.3018032051497579 0.30381779087413546 60.740204987617794 271.25000000000006 1.0000000180025095e-35 -0.99371466232154215 -0.21331280103375042 0.083503315316125551 -0.42630457944015321 -1.4198991797676008
decision_type=10 10 10 10 10 10 8 10 10 10 10 2 8 10 10 10 8 10 2 10 10 2 10 8 10 8 2
left_child=2 3 6 9 8 7 10 -6 -3 -2 16 12 -5 21 -10 -12 -1 -16 19 -14 -21 25 24 -11 -18 -8 -27
right_child=1 4 -4 11 5 -7 13 -9 14 23 15 -13 18 -15 17 -17 22 -19 -20 20 -22 -23 -24 -25 -26 26 -28
leaf_value=-3.9445175918582096e-06 -3.0456840431603265e-06 2.9301941714435608e-07 -5.5728928926499645e-06 6.9829829737110664e-07 5.8658643288354398e-06 8.7922669107196715e-06 -1.673757863402841e-07 2.1969129598850471e-06 4.2448723169705165e-06 2.6994323815484989e-07 -4.0230660030904707e-07 -5.9831153044028948e-07 1.6009931897545947e-06 3.1711425311573618e-07 1.3390020819615599e-06 -2.4594874344934762e-06 -2.4937485728651433e-06 3.3632815951985707e-06 1.1734194049430475e-06 4.4003723870143768e-06 2.1698713960043366e-06 -2.3740535207076683e-06 -3.541292435597052e-06 -1.0013923010184177e-06 -1.3175779208443305e-06 -9.0654155504133647e-07 -1.2885340742716947e-06
leaf_weight=1001 697 873 896 848 518 521 518 800 568 639 746 526 613 874 594 531 610 553 656 567 592 594 626 753 512 838 688
leaf_count=1001 697 873 896 848 518 521 518 800 568 639 746 526 613 874 594 531 610 553 656 567 592 594 626 753 512 838 688
internal_value=-1.26059e-09 1.72544e-06 -2.11368e-06 5.26882e-07 3.32035e-06 5.0989e-06 -1.70249e-06 3.63891e-06 2.05651e-06 -1.29459e-06 -2.47575e-06 1.52769e-06 1.86906e-06 -8.16057e-07 2.95418e-06 -1.25775e-06 -3.04154e-06 2.31499e-06 2.27794e-06 2.68682e-06 3.26109e-06 -1.1915e-06 -2.52443e-06 -4.1776e-07 -1.95706e-06 -8.47828e-07 -1.07879e-06
internal_weight=18752 10318 8434 5891 4427 1839 7538 1318 2588 2089 4026 3802 3276 3512 1715 1277 2749 1147 2428 1772 1159 2638 1748 1392 1122 2044 1526
internal_count=18752 10318 8434 5891 4427 1839 7538 1318 2588 2089 4026 3802 3276 3512 1715 1277 2749 1147 2428 1772 1159 2638 1748 1392 1122 2044 1526
is_linear=0
shrinkage=0.00469677


Tree=65
num_leaves=28
num_cat=0
split_feature=29 24 29 31 5 26 4 5 21 24 29 31 26 5 33 4 3 32 5 24 26 24 19 13 13 17 33
split_gain=0.00307153 0.000885724 0.000538702 0.000482254 0.000446857 0.000445296 0.000232023 0.000190053 0.000183972 0.000144032 0.000105519 9.95443e-05 9.13615e-05 7.78621e-05 7.09268e-05 6.70991e-05 6.35271e-05 6.22164e-05 5.61153e-05 5.2697e-05 5.03001e-05 5.84005e-05 4.45437e-05 3.80458e-05 2.50905e-05 1.51584e-05 1.15769e-06
threshold=-0.66160453748142256 0.85248209206933701 -0.98501898920110598 -2629.297603976524 114.16599462365595 -0.74579184948253985 50.500000000000007 248.12497618387198 -0.2215547738818136 0.36906804089748574 -0.25570550095929118 -1.8751115382635593 -0.70797066271801723 149.03879229151175 6.5000000000000009 124.50000000000001 37.925000000000004 -0.99009900990099042 114.29881780157204 1.2897811313969814 -0.92030809957074455 0.62582748036204405 0.088439638810682994 -0.53081302932396612 -0.21331280103375042 -0.34507271852430638 7.5000000000000009
decision_type=10 10 10 10 10 10 8 10 10 10 10 10 8 10 2 10 10 10 10 10 10 10 8 10 8 10 2
left_child=2 3 6 9 8 7 11 -6 -3 -2 -5 14 13 -13 -1 22 -10 -12 -16 -18 -19 23 -8 -22 -11 26 -24
right_child=1 4 -4 10 5 -7 15 -9 16 24 17 12 -14 -15 18 -17 19 20 -20 -21 21 -23 25 -25 -26 -27 -28
leaf_value=-1.6851931729056391e-06 -3.0313791767132574e-06 2.9164316614055038e-07 -5.546718303274297e-06 -4.2784041179596206e-07 5.8383136957048372e-06 8.7509716603340552e-06 -2.133058188792849e-06 2.1865945444128092e-06 4.2249350999805088e-06 2.6867536996079406e-07 2.9395665079765921e-06 -1.2766358871299093e-06 1.1246620268117583e-08 -3.6015105353214371e-06 -2.8666133563631772e-06 3.1562484498651673e-07 1.3190078830688846e-06 4.538283271472192e-07 -4.6110963379204728e-06 3.3330698251862151e-06 3.4757299109669604e-06 6.9346910931137797e-07 -9.4493785348926575e-07 1.726907539173008e-06 -9.9668898678424725e-07 -1.5757443729152378e-07 -1.2276227949080003e-06
leaf_weight=560 697 873 896 528 518 521 774 800 568 639 837 709 522 576 944 874 586 761 715 561 514 573 696 589 753 574 594
leaf_count=560 697 873 896 528 518 521 774 800 568 639 837 709 522 576 944 874 586 761 715 561 514 573 696 589 753 574 594
internal_value=-1.25467e-09 1.71733e-06 -2.10375e-06 5.24407e-07 3.30475e-06 5.07496e-06 -1.6945e-06 3.62182e-06 2.04685e-06 -1.28851e-06 1.52052e-06 -2.46412e-06 -1.64567e-06 -2.31878e-06 -3.1306e-06 -8.12224e-07 2.9403e-06 1.83474e-06 -3.61848e-06 2.30412e-06 1.45527e-06 1.90996e-06 -1.18591e-06 2.54189e-06 -4.15797e-07 -7.92596e-07 -1.07513e-06
internal_weight=18752 10318 8434 5891 4427 1839 7538 1318 2588 2089 3802 4026 1807 1285 2219 3512 1715 3274 1659 1147 2437 1676 2638 1103 1392 1864 1290
internal_count=18752 10318 8434 5891 4427 1839 7538 1318 2588 2089 3802 4026 1807 1285 2219 3512 1715 3274 1659 1147 2437 1676 2638 1103 1392 1864 1290
is_linear=0
shrinkage=0.00469677


Tree=66
num_leaves=28
num_cat=0
split_feature=32 24 32 17 11 17 32 32 4 24 17 0 17 25 22 33 19 24 15 5 26 19 33 23 19 13 33
split_gain=0.00200883 0.00100401 0.000491268 0.000323983 0.000319647 0.000253983 0.000280202 0.000251349 0.000227325 0.000222583 0.000211207 0.000205333 0.000129129 0.000118098 0.000108852 7.68226e-05 7.0901e-05 6.73165e-05 6.08591e-05 5.97939e-05 5.0548e-05 3.52931e-05 3.28571e-05 3.27536e-05 2.83702e-05 3.11084e-05 8.57796e-06
threshold=-0.33222591362126241 0.95595560671775437 0.99709198763887641 -0.21974076882274421 1.3178753801723555 -0.23795243774837918 0.49813277750899049 0.49751243781095417 49.500000000000007 0.85248209206933701 -0.029760452869820358 113.25000000000001 -0.034703991995690971 -0.20274738730492706 -0.010029770374564347 7.5000000000000009 0.037934511651699789 0.53195060630305779 -0.65707223385352864 114.29881780157204 -0.92030809957074455 0.12508578307210122 8.5000000000000018 1.0000000180025095e-35 0.089231340462334219 -0.29095143337338358 7.5000000000000009
decision_type=8 10 10 8 10 8 10 10 10 10 10 10 10 2 8 2 10 10 10 10 10 10 2 10 8 8 2
left_child=9 2 3 8 5 -3 12 10 15 20 17 -11 18 -10 -4 -2 -9 24 -7 -17 -1 -22 -12 -19 -5 -26 -27
right_child=1 4 14 7 -6 6 -8 16 13 11 22 -13 -14 -15 -16 19 -18 23 -20 -21 21 -23 -24 -25 25 26 -28
leaf_value=1.0654522530774558e-06 -1.9332601233035576e-06 -1.6150121842375344e-06 -2.6381286844672014e-06 -2.0513080962651729e-06 4.7639349869916984e-06 2.3002362500164528e-06 -1.4874094177434062e-06 -3.5907829902524026e-06 1.0769279400354209e-06 2.8873078433008204e-06 7.0529279623271242e-07 6.2149975587247515e-06 3.5057972886194719e-06 -1.8813897976250926e-06 -5.3861151839537232e-06 -2.8326704508681734e-06 -1.3757009501466005e-06 -3.5766563555080471e-07 1.0842703796387808e-07 -4.7403591696746228e-06 1.8924257199561186e-06 3.5158141466999899e-06 2.1467295471047037e-06 1.1207633017817772e-06 1.5416457073166032e-07 -8.0051853042351741e-07 -1.5079602269622124e-06
leaf_weight=670 719 754 569 504 514 542 557 569 507 859 623 781 979 721 721 707 725 824 577 744 609 574 793 552 545 756 757
leaf_count=670 719 754 569 504 514 542 557 569 507 859 623 781 979 721 721 707 725 824 577 744 609 574 793 552 545 756 757
internal_value=-1.24876e-09 -7.36753e-07 -1.44549e-06 -1.09512e-06 1.31123e-06 7.90631e-07 1.47383e-06 -4.92092e-07 -2.27489e-06 3.21176e-06 -4.31127e-08 4.47204e-06 2.26003e-06 -6.59972e-07 -4.17404e-06 -3.18876e-06 -2.34975e-06 -6.025e-07 1.17008e-06 -3.81086e-06 2.09632e-06 2.68013e-06 1.51256e-06 2.35401e-07 -1.05253e-06 -8.07919e-07 -1.1545e-06
internal_weight=18752 15259 11336 10046 3923 3409 2655 6648 3398 3493 5354 1640 2098 1228 1290 2170 1294 3938 1119 1451 1853 1183 1416 1376 2562 2058 1513
internal_count=18752 15259 11336 10046 3923 3409 2655 6648 3398 3493 5354 1640 2098 1228 1290 2170 1294 3938 1119 1451 1853 1183 1416 1376 2562 2058 1513
is_linear=0
shrinkage=0.00469677


Tree=67
num_leaves=29
num_cat=0
split_feature=28 32 8 32 17 32 8 28 4 17 4 14 33 21 8 0 13 4 14 0 28 33 14 15 6 17 14 2
split_gain=0.00216213 0.00100435 0.000630771 0.000523212 0.000367969 0.000295068 0.000246164 0.000234298 0.000230931 0.000161695 0.000113159 0.000111894 0.000102779 9.93395e-05 7.42948e-05 7.24831e-05 7.0375e-05 6.76615e-05 6.24656e-05 4.89647e-05 4.67737e-05 4.44035e-05 4.18027e-05 2.42519e-05 2.27942e-05 2.19608e-05 1.31096e-05 5.11859e-06
threshold=2.0000000000000715 -0.4999125181208447 -0.010003463102031864 0.99709198763887641 -0.21974076882274421 0.49751243781094528 -0.093886246440069876 4999.5000000000009 44.500000000000007 -0.021560250389615246 85.500000000000014 -1.5097829801777165 8.5000000000000018 -0.35412812090920215 -0.59551364558616005 113.25000000000001 -0.75972626690007627 74.500000000000014 -1.9929938482570051 113.25000000000001 -0.99999999999989331 8.5000000000000018 -1.3306989063568002 -0.18791837604099029 0.055813952848346733 -0.013365061421793754 -1.4198991797676008 114.25000000000001
decision_type=10 8 10 10 8 8 10 10 10 10 8 2 2 10 8 10 10 10 2 10 8 2 2 8 2 10 2 10
left_child=1 19 3 4 8 9 16 -8 13 14 25 -10 -5 15 -6 -3 -2 21 -16 -1 -20 -18 -11 -22 -15 -7 -12 -25
right_child=6 2 -4 12 5 10 7 -9 11 22 26 -13 -14 24 18 -17 17 -19 20 -21 23 -23 -24 27 -26 -27 -28 -29
leaf_value=2.427093456954316e-06 3.6851539152962545e-06 -2.5269981121437225e-06 3.1506621802127647e-06 -2.7771330457049241e-06 -1.8388944758067699e-06 -3.458794424643961e-06 2.9249500243867319e-06 7.23141312944473e-06 8.5632872913598986e-07 2.7519417692287659e-06 -4.9006837095569363e-07 -1.7023304251391166e-06 -5.2525606633662601e-06 -2.6069846625479264e-06 1.5875723979897415e-06 -4.6775033714770051e-06 1.521234563459651e-06 5.4071158168129448e-07 -1.254932431517479e-06 4.3914246394715027e-06 6.9725256893410092e-07 3.3193308688702585e-06 9.0481474209993878e-07 -6.9492479681137062e-10 -1.3141899202757151e-06 -2.1528280522538969e-06 -1.3473435302317238e-06 -6.681938054638239e-07
leaf_weight=519 720 577 723 758 505 526 551 564 612 583 993 982 723 629 521 863 532 531 679 608 984 704 504 502 577 618 652 512
leaf_count=519 720 577 723 758 505 526 551 564 612 583 993 982 723 629 521 863 532 531 679 608 984 704 504 502 577 618 652 512
internal_value=-1.24288e-09 -7.78891e-07 -1.12172e-06 -1.35398e-06 -1.02421e-06 -4.04348e-07 3.26954e-06 5.10332e-06 -2.13221e-06 3.02796e-07 -1.61885e-06 -7.19938e-07 -3.98562e-06 -2.98297e-06 -1.64736e-07 -3.81583e-06 2.44738e-06 1.94301e-06 9.96222e-08 3.48685e-06 -1.89951e-07 2.54542e-06 1.89553e-06 1.71955e-07 -1.98849e-06 -2.75333e-06 -8.29872e-07 -3.37769e-07
internal_weight=18752 15150 14023 13300 11819 7579 3602 1115 4240 4790 2789 1594 1481 2646 3703 1440 2487 1767 3198 1127 2677 1236 1087 1998 1206 1144 1645 1014
internal_count=18752 15150 14023 13300 11819 7579 3602 1115 4240 4790 2789 1594 1481 2646 3703 1440 2487 1767 3198 1127 2677 1236 1087 1998 1206 1144 1645 1014
is_linear=0
shrinkage=0.00469677


Tree=68
num_leaves=28
num_cat=0
split_feature=29 31 29 20 19 3 21 21 10 30 20 17 12 25 31 19 15 15 9 30 30 17 15 31 25 3 16
split_gain=0.00299287 0.000793907 0.000528771 0.000269596 0.0001673 0.00020592 0.000162577 0.0001406 0.000116738 0.0001065 9.14692e-05 0.000101428 6.36017e-05 6.25454e-05 6.2004e-05 5.78634e-05 4.76872e-05 4.73429e-05 4.49492e-05 4.25123e-05 3.4606e-05 2.88127e-05 2.54341e-05 2.50257e-05 2.16487e-05 2.05022e-05 1.69791e-05
threshold=-0.66160453748142256 -207.54193960637048 -0.98501898920110598 0.89508571953833538 0.1173139392833687 81.950000000000017 -0.25771574267913538 -0.13196034537884352 -22.249999999999996 -0.00024119311779221387 0.51872483424661697 -0.11745447313412077 -0.74999999999999989 0.054940548140081952 82.875116855201199 0.03534027278300772 -0.62198052818525906 -0.51200330675748551 -0.17075553057359466 1.0000000180025095e-35 -0.00046336543648473001 -0.087940627687971409 -0.65191669416556663 -3.7512224292578051 -0.44689049781909157 59.150000000000013 -0.52285268318759115
decision_type=10 10 10 10 10 10 8 10 8 10 10 8 10 2 10 10 10 10 2 10 10 10 10 10 2 10 10
left_child=2 6 8 4 13 18 -2 -7 -1 12 11 -8 -10 14 17 22 -16 24 -6 -20 -17 -13 -14 -11 -3 -22 -27
right_child=1 3 -4 -5 5 7 10 -9 9 23 -12 21 15 -15 16 20 -18 -19 19 -21 25 -23 -24 -25 -26 26 -28
leaf_value=1.4276317881037786e-07 -1.9740901622429481e-06 2.3517479505776972e-06 -5.4877211286328763e-06 5.8092287757434519e-06 8.6445924113438538e-07 2.5974739222368505e-06 -1.8881431017099334e-06 5.5675302535000535e-06 -7.6672424873345491e-07 -3.9937159758248564e-06 2.0048849114976781e-06 -4.201292922010185e-08 -3.4736700680567158e-06 8.9300905507895381e-08 1.9317867829339572e-06 -2.2753339980493074e-06 -1.1333479528166793e-07 3.1180569437256697e-06 1.5030891405021754e-06 3.3166678934418647e-06 -6.214916570630216e-07 1.4456450821648356e-06 -2.1935039360127687e-06 -2.541203004409677e-06 9.9257757290023868e-07 -1.0130242887347965e-06 -2.2129265405157013e-06
leaf_weight=709 887 504 896 522 547 587 517 877 1472 502 581 654 525 519 503 870 503 922 519 633 886 512 985 547 531 538 504
leaf_count=709 887 504 896 522 547 587 517 877 1472 502 581 654 525 519 503 870 503 922 519 633 886 512 985 547 531 538 504
internal_value=-1.23704e-09 1.6952e-06 -2.07663e-06 2.55906e-06 2.30374e-06 3.08567e-06 -2.69646e-07 4.37669e-06 -1.67117e-06 -1.8595e-06 3.98113e-07 -1.56551e-07 -1.60962e-06 1.59343e-06 1.85688e-06 -1.89762e-06 9.09193e-07 2.34402e-06 1.97321e-06 2.49964e-06 -1.49771e-06 6.11201e-07 -2.63862e-06 -3.23634e-06 1.65447e-06 -1.1468e-06 -1.59343e-06
internal_weight=18752 10318 8434 7167 6645 3163 3151 1464 7538 6829 2264 1683 5780 3482 2963 4308 1006 1957 1699 1152 2798 1166 1510 1049 1035 1928 1042
internal_count=18752 10318 8434 7167 6645 3163 3151 1464 7538 6829 2264 1683 5780 3482 2963 4308 1006 1957 1699 1152 2798 1166 1510 1049 1035 1928 1042
is_linear=0
shrinkage=0.00469677


Tree=69
num_leaves=28
num_cat=0
split_feature=29 21 29 28 28 4 23 21 11 32 4 21 25 23 0 13 4 12 6 30 23 6 23 21 19 28 14
split_gain=0.00296482 0.00074707 0.000523816 0.000256458 0.00024456 0.000225446 0.000193354 0.00017249 0.000133898 9.98402e-05 9.88072e-05 8.73008e-05 7.8787e-05 7.15116e-05 7.06524e-05 6.86711e-05 6.59904e-05 6.04711e-05 4.78314e-05 4.08337e-05 3.99407e-05 3.86612e-05 3.80785e-05 3.04531e-05 1.56113e-05 1.40398e-05 4.756e-06
threshold=-0.66160453748142256 -0.2215547738818136 -0.98501898920110598 499.99999999993605 4999.5000000000009 50.500000000000007 -1.0214436875451722 -0.086975533549374248 1.151033286883272 -0.99173824667234967 4.5000000000000009 -0.36485522472490517 0.054940548140081952 0.040863978880459235 113.25000000000001 -0.38229173983282988 124.50000000000001 -1.0000000180025095e-35 1.0000000180025095e-35 4.395318687546047e-05 0.071786765172813474 -0.12602156960921398 0.13870243103258775 -0.4380326394436253 0.04572194386849119 1.0658141036401504e-10 -1.4198991797676008
decision_type=10 10 10 10 10 8 10 10 10 10 10 10 2 10 10 10 10 10 2 10 10 2 10 10 10 10 2
left_child=2 3 5 6 8 11 -2 -6 9 -3 13 14 17 -8 -1 21 18 -11 24 20 25 -13 23 -12 26 -19 -7
right_child=1 4 -4 -5 7 16 10 -9 -10 12 22 15 -14 -15 -16 -17 -18 19 -20 -21 -22 -23 -24 -25 -26 -27 -28
leaf_value=-2.2251137033280588e-06 2.3747432050309614e-06 3.8863442615420188e-06 -5.4619465343608968e-06 2.9987618883253828e-06 2.840157340637744e-06 -8.5025047082071144e-07 -7.1037154054769161e-07 6.0835039836884743e-06 4.4846684806181888e-06 3.1829664211406874e-06 1.2614571335368094e-06 -2.1335910913656033e-06 -3.0485426105384492e-09 -3.026370811009605e-06 -4.1117199506239945e-06 -2.8219933812587371e-06 3.2484940456401394e-07 1.1835237636455525e-06 -2.3374388568542867e-06 2.4799057156190433e-06 8.7631820940329691e-08 -5.1825736562761479e-07 -9.1380983119550243e-07 -2.7199311801308462e-07 -1.2409904166229508e-07 2.2263724134553659e-06 -1.3870104224673906e-06
leaf_weight=840 506 507 896 601 743 914 610 705 509 683 535 538 535 568 915 900 874 612 594 791 509 833 758 613 524 533 606
leaf_count=840 506 507 896 601 743 914 610 705 509 683 535 538 535 568 915 900 874 612 594 791 509 833 758 613 524 533 606
internal_value=-1.23122e-09 1.68724e-06 -2.06688e-06 1.59147e-07 2.73248e-06 -1.66332e-06 -3.16222e-07 4.4193e-06 2.21046e-06 1.93286e-06 -7.57747e-07 -2.42196e-06 1.66247e-06 -1.82711e-06 -3.20875e-06 -1.81393e-06 -7.93642e-07 1.94734e-06 -1.16422e-06 1.60216e-06 1.18237e-06 -1.15216e-06 -9.68101e-08 4.42608e-07 -8.23264e-07 1.669e-06 -1.06427e-06
internal_weight=18752 10318 8434 4191 6127 7538 3590 1448 4679 4170 3084 4026 3663 1178 1755 2271 3512 3128 2638 2445 1654 1371 1906 1148 2044 1145 1520
internal_count=18752 10318 8434 4191 6127 7538 3590 1448 4679 4170 3084 4026 3663 1178 1755 2271 3512 3128 2638 2445 1654 1371 1906 1148 2044 1145 1520
is_linear=0
shrinkage=0.00469677


Tree=70
num_leaves=28
num_cat=0
split_feature=29 31 29 11 28 33 23 21 13 31 21 14 17 0 19 16 26 17 31 21 14 13 23 19 22 31 33
split_gain=0.00293704 0.000780636 0.000518907 0.000361357 0.000305738 0.000321479 0.000176449 0.000132634 0.000121269 0.000116148 0.00012024 8.24943e-05 8.14094e-05 7.97466e-05 7.35021e-05 6.2529e-05 8.42979e-05 6.94357e-05 5.53848e-05 6.86599e-05 7.38604e-05 6.15865e-05 4.19147e-05 4.00301e-05 5.48192e-05 3.45011e-05 3.50233e-06
threshold=-0.66160453748142256 -207.54193960637048 -0.98501898920110598 1.3178753801723555 4999.5000000000009 8.5000000000000018 -0.014141953024928709 -0.22718509372967141 -0.38706834268620088 2417.9780889831632 -0.2215547738818136 -1.2156100478468905 -0.19813208289395787 114.25000000000001 0.13815962288294428 -0.72855085459078783 -0.90454579620692022 -0.78369383721974961 1.0000000180025095e-35 -0.13838426260679157 -1.4706083390293905 -0.62347105039692274 0.0063898893189993098 0.024615091914549594 -0.10593862982951967 -6.5997867323834329 11.500000000000002
decision_type=10 10 10 10 10 2 10 10 10 10 10 2 8 10 10 10 10 10 10 8 2 10 10 10 8 10 2
left_child=2 6 8 4 9 -6 -2 12 14 11 -11 18 -8 22 15 16 17 26 21 -20 -21 -3 -10 -17 -25 -26 -1
right_child=1 3 -4 -5 5 -7 7 -9 13 10 -12 -13 -14 -15 -16 23 -18 -19 19 20 -22 -23 -24 24 25 -27 -28
leaf_value=-6.7485169388052747e-07 1.5150073462314372e-06 2.8293824457828136e-06 -5.4362930202785786e-06 6.2642091810470097e-06 2.2519676803217119e-06 6.8899605365685667e-06 -2.8052769413614744e-06 1.0177101586116758e-06 -8.8561343691986441e-07 -1.1646731489904073e-06 1.8820310287744865e-06 6.576968353734721e-07 -7.3098449791195819e-07 -3.7159464255210731e-06 1.0893391068790004e-07 -3.2337885913980306e-06 4.9223132866009887e-07 -2.8606447384183238e-06 1.6511175352031661e-06 2.2395304253767751e-06 4.5306179734406792e-06 9.2376527076313916e-07 -2.609991751863591e-06 -4.7407573706147264e-07 -3.1869459432687231e-06 -1.564587754351466e-06 -1.1689504629151054e-06
leaf_weight=729 881 652 896 531 771 576 726 562 551 555 589 727 982 855 725 506 633 568 616 538 734 878 714 529 527 641 560
leaf_count=729 881 652 896 531 771 576 726 562 551 555 589 727 982 855 725 506 633 568 616 538 734 878 714 529 527 641 560
internal_value=-1.22545e-09 1.67932e-06 -2.05717e-06 2.53592e-06 2.23759e-06 4.23528e-06 -2.69042e-07 -9.61456e-07 -1.65551e-06 1.72881e-06 4.03924e-07 2.09447e-06 -1.6127e-06 -2.60788e-06 -1.28285e-06 -1.49787e-06 -9.87902e-07 -1.49246e-06 2.40005e-06 2.93829e-06 3.56162e-06 1.73585e-06 -1.85893e-06 -2.07426e-06 -1.72851e-06 -2.29662e-06 -8.89536e-07
internal_weight=18752 10318 8434 7167 6636 1347 3151 2270 7538 5289 1144 4145 1708 2120 5418 4693 2490 1857 3418 1888 1272 1530 1265 2203 1697 1168 1289
internal_count=18752 10318 8434 7167 6636 1347 3151 2270 7538 5289 1144 4145 1708 2120 5418 4693 2490 1857 3418 1888 1272 1530 1265 2203 1697 1168 1289
is_linear=0
shrinkage=0.00469677


Tree=71
num_leaves=29
num_cat=0
split_feature=29 24 28 29 31 11 4 24 27 14 8 33 32 28 33 22 4 33 26 6 16 33 24 1 22 16 26 14
split_gain=0.00290951 0.000854557 0.000556477 0.000514043 0.000457303 0.000225324 0.000222419 0.000140175 0.000137396 0.000122511 0.000121485 0.000100624 7.97843e-05 7.70883e-05 7.4239e-05 6.60301e-05 6.53866e-05 6.26935e-05 5.17722e-05 4.72059e-05 2.93472e-05 2.90958e-05 1.77653e-05 1.75347e-05 1.46275e-05 1.45911e-05 8.95092e-06 2.32612e-06
threshold=-0.66160453748142256 0.85248209206933701 4999.5000000000009 -0.98501898920110598 -2629.297603976524 1.2544628245512093 50.500000000000007 0.36906804089748574 1.0000000180025095e-35 -1.2105690362269308 -0.17671882151874077 11.500000000000002 -0.98039215686274594 500.00000000004258 16.500000000000004 -0.21123572938937049 124.50000000000001 18.500000000000004 -0.91927165203796368 1.0000000180025095e-35 -0.51572097508143477 8.5000000000000018 0.53195060630305779 130.25000000000003 -0.30873720076278549 -0.42630457944015321 -0.80928147250204685 -1.4198991797676008
decision_type=10 10 10 10 10 10 8 10 10 2 10 2 10 10 2 10 10 2 10 2 8 2 10 10 10 8 8 2
left_child=3 4 5 6 7 8 10 -2 14 12 17 -12 24 18 21 -10 19 20 -14 25 23 -3 -9 -1 -6 -8 -22 -27
right_child=1 2 -4 -5 9 -7 16 22 15 -11 11 -13 13 -15 -16 -17 -18 -19 -20 -21 26 -23 -24 -25 -26 27 -28 -29
leaf_value=-2.4417899110706874e-06 -2.9850917237150319e-06 1.2066199131770866e-06 6.8797782373004268e-06 -5.4107599891190661e-06 3.4750630139884916e-06 5.3872448335454987e-06 -1.3289165283292652e-07 -1.0722634355771917e-06 4.1712273732022715e-06 -6.3434086129855307e-07 -2.3057754674676618e-06 3.7370269121366124e-07 -5.4682114411863611e-07 2.4716095882949926e-06 1.4831156597215289e-07 2.0029683257859906e-06 3.2945027885269942e-07 -4.3098808084770844e-06 1.3164794599344361e-06 -2.3183135521694188e-06 -2.4441450602232148e-06 2.7508281655735938e-06 1.6973058914394736e-08 -3.6113686568851669e-06 2.3420207993733424e-06 -8.7898802445745035e-07 -1.5582189240484573e-06 -1.2477718371225457e-06
leaf_weight=504 697 511 763 896 503 504 518 539 700 526 752 525 504 819 824 556 874 593 947 594 502 569 853 645 503 838 505 688
leaf_count=504 697 511 763 896 503 504 518 539 700 526 752 525 504 819 824 556 874 593 947 594 502 569 853 645 503 838 505 688
internal_value=-1.21968e-09 1.67143e-06 3.23067e-06 -2.04751e-06 4.99678e-07 2.47076e-06 -1.64774e-06 -1.26572e-06 2.00559e-06 1.46968e-06 -2.40127e-06 -1.20416e-06 1.80751e-06 1.31954e-06 1.21013e-06 3.21142e-06 -7.83913e-07 -2.95735e-06 6.69245e-07 -1.1528e-06 -2.58532e-06 2.02022e-06 -4.04769e-07 -3.09837e-06 2.90858e-06 -8.14072e-07 -1.9999e-06 -1.04528e-06
internal_weight=18752 10318 4427 8434 5891 3664 7538 2089 3160 3802 4026 1277 3276 2270 1904 1256 3512 2749 1451 2638 2156 1080 1392 1149 1006 2044 1007 1526
internal_count=18752 10318 4427 8434 5891 3664 7538 2089 3160 3802 4026 1277 3276 2270 1904 1256 3512 2749 1451 2638 2156 1080 1392 1149 1006 2044 1007 1526
is_linear=0
shrinkage=0.00469677


Tree=72
num_leaves=29
num_cat=0
split_feature=30 24 24 1 32 32 28 31 24 27 23 4 5 31 5 24 27 5 13 23 5 7 28 26 11 16 4 14
split_gain=0.00214283 0.000650532 0.000561409 0.000461028 0.00035229 0.00026912 0.00022896 0.000174412 0.000138301 0.000137858 0.000137378 0.000135617 0.000134897 0.000129803 9.67303e-05 8.04498e-05 8.61911e-05 7.56908e-05 6.23296e-05 6.1654e-05 4.88082e-05 4.581e-05 3.9528e-05 3.84852e-05 3.48983e-05 3.42741e-05 2.57446e-05 1.22384e-05
threshold=-0.00014144344296940277 0.85248209206933701 0.93026870185265176 82.850000000000009 0.99709198763887641 -0.81520240802337274 500.00000000004258 738.5863795966776 0.42141944684114663 -0.049999999999998927 -1.379324219125351 38.500000000000007 78.367588372640057 -53.784082988983094 114.16599462365595 0.50175409314038444 0.049999999999998941 38.187094918195129 -0.37865747754101248 -0.079753755941727164 145.40666802805382 0.036956325147622787 -7.1111116994870814e-11 -0.85522154777881743 0.40537342938321125 -0.47620445712048759 23.500000000000004 -1.4198991797676008
decision_type=10 10 10 10 10 10 10 8 10 8 10 10 10 10 10 8 10 10 8 8 10 2 10 8 10 10 10 2
left_child=2 5 4 17 9 24 8 12 -7 11 -5 -1 -4 -6 -9 18 19 -3 21 -17 -10 23 27 -11 -2 -19 -14 -21
right_child=1 3 7 10 13 6 -8 14 20 15 -12 -13 26 -15 -16 16 -18 25 -20 22 -22 -23 -24 -25 -26 -27 -28 -29
leaf_value=-4.170854471994386e-06 3.1418384708187244e-06 3.6052123905555279e-06 1.3192045711265865e-06 4.3638169492790533e-06 -2.5034279730520419e-06 -1.9999515450821518e-06 2.3898359861408852e-06 8.3095605991212957e-07 -5.2782734950731e-07 -1.4008505236855889e-06 7.4752891763949197e-06 -1.3050776663145568e-06 -2.0598410528403867e-06 -5.61710715854441e-06 3.5438810853876192e-06 -2.2758705964151009e-06 1.1338713776436647e-06 6.5910233123816719e-07 -2.622845561186632e-06 -6.2442389020746331e-07 1.5252791824074842e-06 -2.1071352256523152e-06 2.9916910129860581e-07 3.9590185253909898e-07 1.6091427201268393e-06 2.3594717637824727e-06 -5.937173271073774e-07 -1.4398725046004172e-06
leaf_weight=679 941 566 709 590 579 963 707 633 520 532 667 786 530 603 535 570 552 546 942 947 502 639 796 520 503 502 527 711
leaf_count=679 941 566 709 590 579 963 707 633 520 532 667 786 530 603 535 570 552 546 942 947 502 639 796 520 503 502 527 711
internal_value=1.07449e-07 2.16448e-06 -1.11508e-06 3.88216e-06 -1.705e-06 9.72143e-07 9.46684e-08 6.65536e-07 -7.22788e-07 -1.33735e-06 6.01488e-06 -2.63333e-06 -2.65735e-07 -4.09191e-06 2.07363e-06 -1.03155e-06 -5.72788e-07 2.22115e-06 -1.65461e-06 -8.84332e-07 4.80613e-07 -1.11522e-06 -5.611e-07 -5.1269e-07 2.60797e-06 1.47362e-06 -1.32889e-06 -9.74133e-07
internal_weight=18797 7007 11790 2871 8856 4136 2692 2934 1985 7674 1257 1465 1766 1182 1168 6209 3576 1614 2633 3024 1022 1691 2454 1052 1444 1048 1057 1658
internal_count=18797 7007 11790 2871 8856 4136 2692 2934 1985 7674 1257 1465 1766 1182 1168 6209 3576 1614 2633 3024 1022 1691 2454 1052 1444 1048 1057 1658
is_linear=0
shrinkage=0.00469677


Tree=73
num_leaves=29
num_cat=0
split_feature=30 31 28 32 32 19 2 21 8 28 31 25 22 33 2 4 4 20 4 19 16 23 23 17 8 20 33 33
split_gain=0.00212275 0.000523907 0.000409593 0.000334236 0.00030701 0.000289896 0.000320984 0.000236058 0.000220597 0.000219 0.000136625 0.000129046 0.000122801 0.000110963 9.73286e-05 8.60736e-05 8.30117e-05 5.91439e-05 6.11157e-05 4.59181e-05 4.09226e-05 4.04694e-05 3.44242e-05 3.30479e-05 2.88703e-05 2.83515e-05 2.70036e-05 5.35724e-06
threshold=-0.00014144344296940277 0.094329001605013715 2.0000000000000715 0.99709198763887641 -0.74988752436909512 0.1173139392833687 82.750000000000014 -0.091028570231391465 -0.098492672083061603 500.00000000004258 372.12891278348195 -0.39043007557820336 -0.21123572938937049 18.500000000000004 249.25000000000003 26.500000000000004 71.500000000000014 0.49532288246697226 29.500000000000004 0.047008941771098926 -0.91634427106966598 -0.1866379575832546 -0.010256212719477629 -0.2643879483358122 -0.54558563166668217 0.48422653738713262 10.500000000000002 11.500000000000002
decision_type=10 10 10 10 10 10 10 10 8 10 10 2 10 2 10 10 10 10 8 10 10 10 10 10 10 10 2 2
left_child=2 4 3 8 24 12 -7 -8 11 15 17 16 -3 19 -5 -6 -1 18 -10 26 27 -14 -19 -21 -2 -25 -13 -20
right_child=1 5 -4 14 9 6 7 -9 10 -11 -12 13 21 -15 -16 -17 -18 22 20 23 -22 -23 -24 25 -26 -27 -28 -29
leaf_value=-1.3675873125724049e-06 3.654762484487805e-06 3.3157089569730081e-06 2.9697346169283404e-06 -4.9822229206457208e-06 -2.1549199465703903e-06 2.3556522411750593e-06 4.0532979586883839e-06 8.3001684952598302e-06 -2.1789263490495753e-06 2.3232158934979724e-06 1.9042157240078003e-06 -3.1841537057934653e-06 -6.1746779035921631e-08 -3.7305070526970656e-06 -2.4765865699820852e-06 2.9338648656875846e-08 1.1239119716150726e-06 7.438512543233205e-07 -7.3396588483833466e-07 -2.1364649230436435e-06 5.5036817869561959e-07 1.8148164779201339e-06 -6.7728647821398713e-07 -1.5454565746090314e-06 2.079170287283863e-06 -1.9697584831353905e-07 -1.7544479921979799e-06 -1.3480697355194555e-06
leaf_weight=696 502 831 519 531 861 843 580 575 691 536 574 555 505 722 961 740 512 937 742 651 537 509 628 669 525 708 614 543
leaf_count=696 502 831 519 531 861 843 580 575 691 536 574 555 505 722 961 740 512 937 742 651 537 509 628 669 525 708 614 543
internal_value=1.06945e-07 2.15431e-06 -1.10984e-06 -1.29769e-06 7.38903e-07 3.31963e-06 4.55925e-06 6.16757e-06 -9.81766e-07 -2.75323e-07 -2.41191e-07 -1.65372e-06 1.97719e-06 -2.06742e-06 -3.36836e-06 -1.14531e-06 -3.1156e-07 -5.43177e-07 -9.89546e-07 -1.69183e-06 -5.38451e-07 8.80203e-07 1.73559e-07 -1.26444e-06 2.84936e-06 -8.52144e-07 -2.43325e-06 -9.93493e-07
internal_weight=18797 7007 11790 11271 3164 3843 1998 1155 9779 2137 4652 5127 1845 3919 1492 1601 1208 4078 2513 3197 1822 1014 1565 2028 1027 1377 1169 1285
internal_count=18797 7007 11790 11271 3164 3843 1998 1155 9779 2137 4652 5127 1845 3919 1492 1601 1208 4078 2513 3197 1822 1014 1565 2028 1027 1377 1169 1285
is_linear=0
shrinkage=0.00469677


Tree=74
num_leaves=29
num_cat=0
split_feature=30 24 24 0 32 20 8 28 0 33 24 31 13 24 28 0 26 0 30 14 13 14 6 22 6 10 0 14
split_gain=0.00210285 0.000641136 0.000553306 0.000454304 0.000346344 0.000291377 0.00023609 0.000173506 0.000140221 0.000133474 0.000131444 0.000128319 0.000108852 0.000107393 0.000101253 0.000100902 7.67804e-05 6.4511e-05 5.46956e-05 5.40507e-05 7.0358e-05 4.63204e-05 4.11176e-05 3.86478e-05 2.7576e-05 2.60373e-05 1.58881e-05 1.59911e-05
threshold=-0.00014144344296940277 0.85248209206933701 0.93026870185265176 82.850000000000009 0.99709198763887641 0.51872483424661697 -0.010003463102031864 500.00000000004258 62.750000000000007 8.5000000000000018 0.50175409314038444 -86.17372242781984 -0.40604539196461309 0.42141944684114663 7.1054273576011546e-14 82.850000000000009 -0.92030809957074455 37.925000000000004 -0.00037690930106655144 -1.7237696514012304 -0.62347105039692274 -1.5535714285714286 0.11084238868128736 -0.10825016851421726 0.015582267586109356 -1.0000000180025095e-35 27.725000000000005 -1.4198991797676008
decision_type=10 8 10 10 10 8 8 10 10 2 8 10 8 10 10 10 10 10 8 2 10 2 2 10 2 8 10 2
left_child=2 5 4 17 10 7 8 13 -4 -5 12 -6 19 -2 18 -8 -7 -3 -12 -1 -21 -20 -14 -19 -18 -23 27 -27
right_child=1 3 6 9 11 16 15 -9 -10 -11 14 -13 22 -15 -16 -17 24 23 21 20 -22 25 -24 -25 -26 26 -28 -29
leaf_value=-2.2174261204150075e-07 -2.0271504499888034e-06 3.4994836105477988e-06 1.1285266453697571e-06 4.1473152179475382e-06 -2.2865765587323745e-06 9.8158402096169972e-07 8.0910980330241511e-07 2.1130938535898718e-06 -1.6454339246218609e-06 7.2542852208658239e-06 -2.2307970309406834e-06 -5.4097898730863002e-06 -2.3548629401254201e-06 2.8129189965583379e-07 1.204128043108635e-06 3.4548328132100585e-06 3.7931801225094065e-06 2.3853013042023129e-06 3.3206497187625384e-07 -2.8672926417478911e-06 -8.4254174944009748e-07 -1.9731720659088102e-06 -4.0070458584080565e-06 5.9026081939173257e-07 2.3716562520510428e-06 -6.0188075912068905e-07 -1.0040835615793876e-07 -1.7003571881959375e-06
leaf_weight=671 871 554 683 521 512 574 612 578 977 736 679 670 833 908 511 662 591 550 671 734 782 540 553 510 614 660 515 525
leaf_count=671 871 554 683 521 512 574 612 578 977 736 679 670 833 908 511 662 591 550 671 734 782 540 553 510 614 660 515 525
internal_value=1.06442e-07 2.14419e-06 -1.10463e-06 3.84943e-06 -1.69027e-06 9.605e-07 6.63089e-07 -1.22529e-07 -5.04079e-07 5.96654e-06 -1.32574e-06 -4.05695e-06 -1.98429e-06 -8.48905e-07 -7.51964e-07 2.18392e-06 2.39543e-06 2.20058e-06 -1.0304e-06 -1.33165e-06 -1.82289e-06 -7.50396e-07 -3.01409e-06 1.52168e-06 3.06888e-06 -1.07467e-06 -7.89239e-07 -1.08858e-06
internal_weight=18797 7007 11790 2871 8856 4136 2934 2357 1660 1257 7674 1182 3573 1779 4101 1274 1779 1614 3590 2187 1516 2911 1386 1060 1205 2240 1700 1185
internal_count=18797 7007 11790 2871 8856 4136 2934 2357 1660 1257 7674 1182 3573 1779 4101 1274 1779 1614 3590 2187 1516 2911 1386 1060 1205 2240 1700 1185
is_linear=0
shrinkage=0.00469677


Tree=75
num_leaves=27
num_cat=0
split_feature=32 24 32 28 19 24 20 0 27 28 32 21 14 13 23 13 19 4 23 14 13 26 27 16 16 14
split_gain=0.00182836 0.00109766 0.000495608 0.000347624 0.000340795 0.000153454 0.000153033 0.000346382 0.000111892 0.000110821 0.000105151 0.000103727 9.98358e-05 0.000130988 9.71204e-05 9.29637e-05 7.01512e-05 6.28338e-05 5.44047e-05 4.61996e-05 4.48626e-05 4.17939e-05 3.95946e-05 1.88239e-05 1.83309e-05 6.33511e-06
threshold=-0.33326668591970571 0.93026870185265176 0.99709198763887641 500.00000000004258 0.13292059429498815 0.41201714168169129 0.8519930101642551 80.450000000000017 -1.0000000180025095e-35 1.0658141036401504e-10 -0.98039215686274461 -0.31787891525380069 -1.5097829801777165 -0.60896705388156713 -0.19221626517357035 -0.39356160818502323 0.03534027278300772 38.500000000000007 0.019544737541222549 -1.3398410799726592 -0.39741683202219563 -0.91927165203796368 0.099999999999996106 -0.43349283822161694 -0.65918629105797766 -1.3220266575529731
decision_type=8 10 10 10 10 8 10 10 10 10 10 10 2 8 10 10 10 10 8 2 8 10 8 10 10 2
left_child=6 2 3 5 9 8 10 -8 17 15 22 -4 13 -7 -6 21 -10 -2 19 -14 -20 -3 -1 -18 -21 -22
right_child=1 4 11 -5 14 12 7 -9 16 -11 -12 -13 18 -15 -16 -17 23 -19 20 24 25 -23 -24 -25 -26 -27
leaf_value=2.1604907559031857e-06 -4.4234025127475283e-06 1.2461230903756164e-07 -2.5446664588347053e-06 2.0641485076632164e-06 5.2573438693599156e-06 1.5615975628625441e-06 2.2309232839055459e-06 6.8211551258351607e-06 -2.5913849312510749e-06 2.4451811352141331e-06 6.1749293624151145e-07 -5.268521133123588e-06 -2.843889050215989e-06 -1.0980403254638737e-06 2.4161092238314676e-06 -1.1122730078910661e-06 -1.3094428959578426e-06 -2.2254349352505173e-06 5.1817097136778193e-07 -1.9342314101391945e-06 -7.9351477812060789e-07 1.670559245836887e-06 3.6794780841741172e-06 -2.6167836363289538e-07 -8.4210073691365704e-07 -1.400758560913102e-06
leaf_weight=711 527 790 532 753 513 797 805 660 775 622 579 734 581 838 550 777 881 630 542 559 893 754 810 663 862 659
leaf_count=711 527 790 532 753 513 797 805 660 775 622 579 734 581 838 550 777 881 630 542 559 893 754 810 663 862 659
internal_value=1.05942e-07 -6.02716e-07 -1.3559e-06 -1.00405e-06 1.50791e-06 -1.25499e-06 3.1338e-06 4.2989e-06 -2.03358e-06 6.84589e-07 2.32099e-06 -4.12393e-06 -7.82752e-07 1.98411e-07 3.78731e-06 2.12757e-07 -1.43834e-06 -3.22661e-06 -1.17441e-06 -1.72802e-06 -6.4511e-07 8.79585e-07 2.96944e-06 -8.5955e-07 -1.27175e-06 -1.05138e-06
internal_weight=18797 15232 11226 9960 4006 9207 3565 1465 3476 2943 2100 1266 5731 1635 1063 2321 2319 1157 4096 2002 2094 1544 1521 1544 1421 1552
internal_count=18797 15232 11226 9960 4006 9207 3565 1465 3476 2943 2100 1266 5731 1635 1063 2321 2319 1157 4096 2002 2094 1544 1521 1544 1421 1552
is_linear=0
shrinkage=0.00469677


Tree=76
num_leaves=27
num_cat=0
split_feature=30 31 32 32 19 1 32 8 17 4 32 8 14 22 4 3 17 8 4 23 5 23 15 14 8 14
split_gain=0.00206859 0.000511111 0.000384371 0.00029909 0.000285869 0.000315142 0.000266464 0.000208531 0.000169469 0.000165386 0.000156009 0.000149708 0.000133639 0.000121205 0.000113602 9.729e-05 7.59636e-05 6.97945e-05 4.4061e-05 4.03822e-05 3.92729e-05 4.35887e-05 3.50858e-05 3.2244e-05 2.8585e-05 2.31705e-05
threshold=-0.00014144344296940277 0.094329001605013715 0.99709198763887641 -0.74988752436909512 0.1173139392833687 82.850000000000009 -0.49751243781097171 -0.016269982861690839 -0.22972438879582627 26.500000000000004 0.49504950495048611 -0.084654472621003965 -1.5097829801777165 -0.21123572938937049 52.500000000000007 250.75000000000003 -0.025959581408493616 -0.50502628926520632 18.500000000000004 -0.1866379575832546 41.601549895863094 -0.008709752989551232 -0.37210348457953291 -1.311389268626111 -0.54558563166668217 -1.4198991797676008
decision_type=10 10 10 10 10 10 8 10 8 10 8 10 2 10 8 10 10 10 10 10 10 10 10 2 10 2
left_child=2 3 6 24 13 -6 -1 8 12 -5 16 -7 -8 -3 -12 -4 20 -11 -14 -15 21 -10 -22 -20 -2 -16
right_child=1 4 15 9 5 11 7 -9 10 17 14 -13 18 19 25 -17 -18 -19 23 -21 22 -23 -24 -25 -26 -27
leaf_value=2.4999162879549685e-06 3.6129766540842372e-06 3.2742363818454855e-06 -4.9348824391545254e-06 -1.6684256336254416e-06 2.3250514451278104e-06 4.4953220928208834e-06 -3.9807161417609619e-07 1.9675502898384656e-06 1.389135951755406e-06 -1.3216067493363772e-07 -2.9167712475621548e-06 7.8818579413727365e-06 -3.3133937366744966e-06 -8.6336044044360056e-08 -3.8117607708150843e-07 -2.4307968822625396e-06 1.7243469661675497e-06 2.1989913593050154e-06 -2.7753229762684932e-06 1.7882071606906266e-06 -2.0491097601195298e-07 -4.4575479452556272e-07 -1.7142055984114757e-06 -1.4107325645185384e-06 2.0451897805667304e-06 -1.4256695441105603e-06
leaf_weight=521 502 831 532 998 843 607 902 513 537 610 815 548 936 505 1106 960 521 529 692 509 950 610 529 853 525 813
leaf_count=521 502 831 532 998 843 607 902 513 537 610 815 548 936 505 1106 960 521 529 692 509 950 610 529 853 525 813
internal_value=1.05445e-07 2.12652e-06 -1.09572e-06 7.28508e-07 3.27752e-06 4.50851e-06 -7.72916e-07 -9.47323e-07 -1.10874e-06 -2.7255e-07 -6.26927e-07 6.10212e-06 -1.94631e-06 1.94444e-06 -1.44765e-06 -3.3237e-06 8.60799e-08 9.50496e-07 -2.50918e-06 8.546e-07 -2.38941e-07 4.13271e-07 -7.44769e-07 -2.02195e-06 2.81156e-06 -8.23702e-07
internal_weight=18797 7007 11790 3164 3843 1998 10298 9777 9264 2137 5881 1155 3383 1845 2734 1492 3147 1139 2481 1014 2626 1147 1479 1545 1027 1919
internal_count=18797 7007 11790 3164 3843 1998 10298 9777 9264 2137 5881 1155 3383 1845 2734 1492 3147 1139 2481 1014 2626 1147 1479 1545 1027 1919
is_linear=0
shrinkage=0.00469677


Tree=77
num_leaves=29
num_cat=0
split_feature=30 24 24 0 19 21 20 21 31 20 17 5 25 2 0 5 30 24 5 24 24 21 19 14 16 24 0 2
split_gain=0.0020492 0.000627818 0.000539389 0.00044518 0.000321517 0.000291535 0.000243102 0.000180774 0.000170134 0.0001485 0.000138022 0.000132011 0.000106165 9.947e-05 9.8036e-05 9.56919e-05 7.67687e-05 8.33617e-05 7.43755e-05 7.40898e-05 6.12947e-05 5.91914e-05 5.86741e-05 2.52973e-05 4.41845e-05 3.38529e-05 2.32743e-05 4.25282e-06
threshold=-0.00014144344296940277 0.85248209206933701 0.93026870185265176 82.850000000000009 0.1173139392833687 -0.41466024360111559 0.47648383294787405 -0.31787891525380069 738.5863795966776 0.49473407104986061 -0.26163354550815648 78.367588372640057 -0.2097640704493664 113.75000000000001 273.25000000000006 114.16599462365595 -5.0207101727994208e-05 0.28641333569251898 38.187094918195129 0.66157737909408165 0.53195060630305779 -0.340087533828137 0.13062080481588065 -1.4198991797676008 -0.43727353118630502 0.53195060630305779 130.25000000000003 1372.5000000000002
decision_type=10 10 10 10 10 8 8 8 8 10 8 10 2 10 10 10 10 10 10 10 10 8 8 2 10 8 10 8
left_child=2 5 6 18 -5 -2 7 12 11 -7 21 -4 -1 -9 -15 -10 -11 -18 -3 23 -19 -8 -20 27 25 -25 -13 -12
right_child=1 3 8 4 -6 9 10 13 15 16 19 26 -14 14 -16 -17 17 20 22 -21 -22 -23 -24 24 -26 -27 -28 -29
leaf_value=2.8805771496054803e-07 -2.0270950534022972e-06 3.5437375900744045e-06 1.302887444283149e-06 3.378005322175903e-06 8.137387695575659e-06 -3.2765654447849709e-07 -3.1260812903294608e-06 -2.4549770215131734e-06 8.0950552924654089e-07 5.1866260713624186e-07 -1.8831346447039855e-07 -2.0117277210288633e-06 -2.6917562408758235e-06 -6.0958464106868613e-06 -3.2102043856153761e-06 3.5078286386201421e-06 4.0622029150526248e-06 7.7682590545607671e-07 2.979336520530478e-07 5.7235849648234283e-07 2.6436836910404958e-06 -1.4144959226277869e-06 2.5210773352958224e-06 -2.7371091365251894e-06 -3.6447668058419113e-07 -1.1260535541053131e-06 -6.1770645908155959e-07 -7.1253530227874637e-07
leaf_weight=526 619 566 709 591 666 788 827 868 633 610 575 530 529 504 536 535 511 654 514 873 954 967 534 548 656 606 527 841
leaf_count=526 619 566 709 591 666 788 827 868 633 610 575 530 529 504 536 535 511 654 514 873 954 967 534 548 656 606 527 841
internal_value=1.04949e-07 2.11654e-06 -1.09057e-06 3.80396e-06 5.89971e-06 9.45202e-07 -1.66881e-06 -2.76624e-06 6.54774e-07 1.46834e-06 -1.11701e-06 -2.65006e-07 -1.20605e-06 -3.62891e-06 -4.60866e-06 2.0455e-06 1.98695e-06 2.40961e-06 2.17176e-06 -6.41467e-07 1.88442e-06 -2.20352e-06 1.43075e-06 -9.69956e-07 -1.33784e-06 -1.89112e-06 -1.31673e-06 -4.99686e-07
internal_weight=18797 7007 11790 2871 1257 4136 8856 2963 2934 3517 5893 1766 1055 1908 1040 1168 2729 2119 1614 4099 1608 1794 1048 3226 1810 1154 1057 1416
internal_count=18797 7007 11790 2871 1257 4136 8856 2963 2934 3517 5893 1766 1055 1908 1040 1168 2729 2119 1614 4099 1608 1794 1048 3226 1810 1154 1057 1416
is_linear=0
shrinkage=0.00469677


Tree=78
num_leaves=30
num_cat=0
split_feature=29 24 27 20 24 32 29 17 30 8 15 26 10 17 26 5 24 10 2 17 20 16 9 20 15 17 16 23 26
split_gain=0.00279284 0.000623143 0.000478899 0.000341221 0.000337091 0.000225027 0.000380177 0.000191012 0.000173459 0.000119074 0.000102425 9.1481e-05 8.4145e-05 8.02034e-05 7.85456e-05 7.81609e-05 7.74129e-05 6.86661e-05 7.24511e-05 6.72559e-05 7.46636e-05 6.32187e-05 4.0045e-05 3.71136e-05 3.40991e-05 2.73331e-05 2.28543e-05 2.0132e-05 1.37667e-05
threshold=-0.33126036806934006 0.85248209206933701 0.19999999999999932 0.51987336601307199 0.95595560671775437 0.99709198763887641 -0.98501898920110598 -0.24371057779246563 6.8942410154027581e-05 -0.015195926674069259 -0.68033613464595322 -0.76501858648942356 -15.499999999999998 -0.029760452869820358 -0.92030809957074455 78.367588372640057 0.9968804400599377 -48.749999999999993 82.750000000000014 -0.034225451064785133 0.80544398137800988 -0.5189650213046314 0.024014656668022234 0.49532288246697226 -0.20846606246103958 -0.0086458825047551358 -0.49265279923814898 0.093385738712001412 -0.87443129261507158
decision_type=10 10 10 10 8 10 10 10 10 10 8 8 10 8 10 8 10 10 10 10 10 10 2 10 10 10 10 8 10
left_child=4 3 8 7 5 10 -7 -2 19 15 12 -4 -1 23 -5 -6 -17 -12 24 20 21 -3 -16 -9 28 -15 -20 -25 -19
right_child=1 2 11 14 9 6 -8 13 -10 -11 17 -13 -14 25 22 16 -18 18 26 -21 -22 -23 -24 27 -26 -27 -28 -29 -30
leaf_value=5.6157030908496304e-07 -1.9943927735025678e-06 1.4904248247609479e-06 4.642781623679316e-06 1.1877577531724259e-06 7.2839322097656764e-07 -1.6469043662449315e-06 -6.7780224905768695e-06 -1.0785411248788878e-06 4.3703499078368442e-06 1.6231771976849591e-06 -3.9543098883258653e-06 7.3506922873411436e-06 -1.7233614136778023e-06 2.3867302807191133e-06 2.3079188437818282e-06 -5.9791798919306502e-07 -2.5498778753138001e-06 -1.3569233451820809e-06 -3.7674900105351092e-06 2.9699118909079116e-06 2.5880072819534123e-06 -7.5092476032374056e-07 4.0019204994582835e-06 -1.9804331426933037e-07 -6.0237397895617017e-07 8.5159933953793608e-07 -2.378697991513331e-06 1.098146409328754e-06 -2.3516351400456492e-06
leaf_weight=556 841 621 590 736 533 662 614 542 685 512 506 516 986 502 637 1243 701 506 522 646 560 502 596 543 597 522 524 515 781
leaf_count=556 841 621 590 736 533 662 614 542 685 512 506 516 986 502 637 1243 701 506 522 646 560 502 596 543 597 522 524 515 781
internal_value=1.04456e-07 1.88516e-06 3.26273e-06 8.40702e-07 -1.73616e-06 -2.35625e-06 -4.11598e-06 -4.65047e-08 2.2927e-06 -4.38723e-07 -1.90518e-06 5.90618e-06 -8.9946e-07 5.77787e-07 2.402e-06 -8.64935e-07 -1.30181e-06 -2.35651e-06 -2.08056e-06 1.68161e-06 1.18709e-06 4.88474e-07 3.12678e-06 -7.91009e-08 -1.53021e-06 1.60421e-06 -3.0718e-06 4.32868e-07 -1.96058e-06
internal_weight=18797 9554 4120 5434 9243 6254 1276 3465 3014 2989 4978 1106 1542 2624 1969 2477 1944 3436 2930 2329 1683 1123 1233 1600 1884 1024 1046 1058 1287
internal_count=18797 9554 4120 5434 9243 6254 1276 3465 3014 2989 4978 1106 1542 2624 1969 2477 1944 3436 2930 2329 1683 1123 1233 1600 1884 1024 1046 1058 1287
is_linear=0
shrinkage=0.00469677


Tree=79
num_leaves=30
num_cat=0
split_feature=30 24 24 0 32 19 21 31 20 27 5 31 6 5 24 27 5 26 13 23 19 9 23 19 5 0 9 26 33
split_gain=0.00201229 0.000616681 0.000529248 0.000439232 0.000330852 0.000317983 0.00028696 0.000167265 0.000146257 0.000133263 0.000129936 0.000125395 9.50235e-05 9.43615e-05 7.65491e-05 8.29931e-05 7.36019e-05 7.04233e-05 6.08082e-05 6.05644e-05 5.79581e-05 5.04614e-05 4.27017e-05 3.73224e-05 3.4333e-05 2.28565e-05 1.94584e-05 1.55549e-05 5.60941e-06
threshold=-0.00014144344296940277 0.85248209206933701 0.93026870185265176 82.850000000000009 0.99709198763887641 0.1173139392833687 -0.41466024360111559 738.5863795966776 0.49473407104986061 -0.049999999999998927 78.367588372640057 -53.784082988983094 -0.40586674184782645 114.16599462365595 0.50175409314038444 0.049999999999998941 38.187094918195129 -0.88168889802354911 -0.37865747754101248 -0.079753755941727164 0.13062080481588065 0.024014656668022234 0.21009508972549187 0.13715138508500399 27.704732974745333 130.25000000000003 -0.063756802476251997 -0.88533774553474209 8.5000000000000018
decision_type=10 10 10 10 10 10 10 8 10 8 10 10 2 10 8 10 10 8 8 8 8 2 10 8 10 10 2 10 2
left_child=2 6 4 16 9 -5 -2 10 -8 17 -4 -6 -10 -9 18 19 -3 -1 23 -16 -18 22 -14 26 28 -12 -11 -26 -21
right_child=1 3 7 5 11 -7 8 13 12 14 25 -13 21 -15 15 -17 20 -19 -20 24 -22 -23 -24 -25 27 -27 -28 -29 -30
leaf_value=-1.2392416712371408e-06 -2.01242712312171e-06 3.5133058564547419e-06 1.2916567035566184e-06 3.3436373974465707e-06 -2.4053843339722703e-06 8.0767924906562337e-06 -3.2690951850834333e-07 7.9969922298460675e-07 3.5699281093770026e-06 -8.8766909786929817e-07 -1.9960320441386091e-06 -5.4657319418452743e-06 2.5622892348174169e-08 3.4791996342333701e-06 -2.2339596601046584e-06 1.1256352856382726e-06 2.8545323781368732e-07 -3.3675064843604677e-06 -2.5606787337556166e-06 -6.9493271868700598e-07 2.4949905282869326e-06 2.3064598877303492e-06 1.829455620324057e-06 -9.9407759468750493e-08 7.1136997406894722e-07 -6.1457758515897952e-07 -2.1342596196401974e-06 -4.5149834319901866e-07 -1.2821050847649942e-06
leaf_weight=548 619 566 709 591 579 666 788 633 630 503 530 603 641 535 570 552 514 917 942 689 534 930 528 575 505 527 613 510 750
leaf_count=548 619 566 709 591 579 666 788 633 630 503 530 603 641 535 570 552 514 917 942 689 534 930 528 575 505 527 613 510 750
internal_value=1.03966e-07 2.09735e-06 -1.08074e-06 3.76975e-06 -1.65351e-06 5.85145e-06 9.36454e-07 6.48121e-07 1.45547e-06 -1.29722e-06 -2.6387e-07 -3.96666e-06 1.97015e-06 2.02707e-06 -9.9657e-07 -5.49063e-07 2.14848e-06 -2.57143e-06 -1.60434e-06 -8.54773e-07 1.41134e-06 1.48997e-06 8.40385e-07 -1.07157e-06 -5.3441e-07 -1.3073e-06 -1.57243e-06 1.27039e-07 -1.00099e-06
internal_weight=18797 7007 11790 2871 8856 1257 4136 2934 3517 7674 1766 1182 2729 1168 6209 3576 1614 1465 2633 3024 1048 2099 1169 1691 2454 1057 1116 1015 1439
internal_count=18797 7007 11790 2871 8856 1257 4136 2934 3517 7674 1766 1182 2729 1168 6209 3576 1614 1465 2633 3024 1048 2099 1169 1691 2454 1057 1116 1015 1439
is_linear=0
shrinkage=0.00469677


Tree=80
num_leaves=28
num_cat=0
split_feature=29 31 4 24 11 24 20 31 21 4 29 0 0 20 0 27 13 20 20 8 13 21 24 26 11 26 26
split_gain=0.00274586 0.00078012 0.000427 0.00031075 0.000292908 0.00024063 0.000218884 0.000162905 0.00015621 0.000139164 0.000137249 0.000116393 0.000306599 0.000106484 0.000106183 0.000100484 7.98601e-05 6.95409e-05 5.55405e-05 5.30414e-05 4.85274e-05 4.57673e-05 4.44677e-05 2.86014e-05 2.50047e-05 2.01774e-05 1.93833e-05
threshold=-0.33126036806934006 -2629.297603976524 14.500000000000002 0.6569277309654159 1.2544628245512093 0.95595560671775437 0.50022549231717561 2417.9780889831632 -0.26975886796171256 77.500000000000014 -0.99057498823622003 81.950000000000017 258.25000000000006 0.20156121208549005 146.25000000000003 0.049999999999998941 -0.4214119426388851 0.8129488279384639 0.48422653738713262 -0.33570846962822265 -0.64037126352003382 -0.12975078105828339 0.36906804089748574 -0.84168552072167302 0.43768590848143657 -0.85522154777881743 -0.9453381350599489
decision_type=10 10 8 10 10 10 10 10 10 8 10 10 10 8 10 8 8 10 10 10 10 8 10 10 10 10 10
left_child=2 3 10 22 6 8 20 11 9 18 19 21 -13 -11 23 -5 -7 -14 -4 -1 -3 -8 -2 -10 -23 -22 -15
right_child=1 4 5 15 -6 16 7 -9 14 13 -12 12 17 26 -16 -17 -18 -19 -20 -21 25 24 -24 -25 -26 -27 -28
leaf_value=-3.8006191188208759e-06 -2.432784503165487e-06 2.1231534321179721e-06 -2.9553360796114506e-06 2.9408300541012689e-07 6.1345593501673168e-06 1.648884888067062e-06 3.6292818517035977e-06 1.0291528247300132e-06 -2.6186192806234771e-06 1.4963405594806675e-06 -5.7364098709259132e-06 6.2962132972713811e-06 1.5020012169221488e-06 -6.0553020013072284e-07 -4.3353660371783796e-06 3.0637139395197011e-06 -6.6360408288485093e-07 3.8576069376612246e-06 -1.3070800504719587e-06 -2.0009379430367649e-06 -2.245547942036964e-07 1.3479473878464619e-06 -8.6626741009991952e-07 -1.0880489818864665e-06 2.7046912875361104e-06 1.0283799034132888e-06 -1.66499354323015e-06
leaf_weight=739 707 598 874 596 515 732 563 770 580 522 519 858 614 1382 628 561 599 503 932 707 509 618 920 503 582 640 526
leaf_count=739 707 598 874 596 515 732 563 770 580 522 519 858 614 1382 628 561 599 503 932 707 509 618 920 503 582 640 526
internal_value=1.03478e-07 1.86914e-06 -1.72159e-06 -2.23741e-07 2.7298e-06 -1.19704e-06 2.44946e-06 2.99642e-06 -1.60107e-06 -1.11727e-06 -3.66442e-06 3.40165e-06 4.18472e-06 -3.8335e-07 -2.79881e-06 1.63704e-06 6.08153e-07 2.56279e-06 -2.10476e-06 -2.92072e-06 1.03807e-06 2.5244e-06 -1.54701e-06 -1.90778e-06 2.006e-06 4.73308e-07 -8.97622e-07
internal_weight=18797 9554 9243 2784 6770 7278 6255 4508 5947 4236 1965 3738 1975 2430 1711 1157 1331 1117 1806 1446 1747 1763 1627 1083 1200 1149 1908
internal_count=18797 9554 9243 2784 6770 7278 6255 4508 5947 4236 1965 3738 1975 2430 1711 1157 1331 1117 1806 1446 1747 1763 1627 1083 1200 1149 1908
is_linear=0
shrinkage=0.00469677


Tree=81
num_leaves=29
num_cat=0
split_feature=29 24 31 29 27 24 33 26 20 24 21 14 23 33 17 24 6 33 22 31 9 23 2 2 7 17 17 33
split_gain=0.00264884 0.0006569 0.000449556 0.00043874 0.00033375 0.000176128 0.000150856 0.000149899 0.00011318 0.000110322 0.000106287 9.75791e-05 9.73623e-05 8.85184e-05 8.78384e-05 6.92194e-05 6.85162e-05 6.46766e-05 6.17627e-05 5.99907e-05 4.7043e-05 4.15591e-05 3.80163e-05 4.21714e-05 3.77344e-05 3.66919e-05 3.45097e-05 8.16188e-06
threshold=-0.50472588119130879 0.84713960008626799 -2629.297603976524 -0.9875079596822619 0.12500000000000358 0.95595560671775437 18.500000000000004 -0.74797128520755762 0.49473407104986061 0.55074370033750131 -0.086975533549374248 -1.4198991797676008 0.22621120553402821 10.500000000000002 -0.2124526452418953 0.4252225832870995 -0.17177221329731387 7.5000000000000009 -0.30873720076278549 535.58318684227845 0.0047639538117799432 0.13311775079142055 634.50000000000011 158.25000000000003 0.0072006025240720613 -0.10745977890057386 -0.0034526597301622248 6.5000000000000009
decision_type=10 10 10 10 10 8 2 8 10 10 10 2 10 2 10 10 2 2 10 8 2 10 10 10 2 8 8 2
left_child=3 2 9 5 10 6 13 -6 -4 14 19 -5 20 17 -2 21 -14 22 26 24 -10 -15 23 -1 -3 -21 -7 -28
right_child=1 4 8 11 7 18 -8 -9 12 -11 -12 -13 16 15 -16 -17 -18 -19 -20 25 -22 -23 -24 -25 -26 -27 27 -29
leaf_value=-1.5293300219720146e-06 -3.3093136768330923e-06 3.1419335905483454e-06 1.3347331084381584e-07 -3.3589822816093089e-06 3.6417600824134536e-06 -2.0248669206881928e-06 -4.1060594775195571e-06 7.0287346936073477e-06 5.0244305179798312e-07 1.6463400805400237e-07 3.569950980022062e-06 -6.237305781027654e-06 4.3345787174504705e-06 -2.7469446177801862e-06 -8.3974422937856233e-07 1.7567121209069337e-08 2.0493408192313712e-06 -3.8872247513091775e-06 5.6008500592021349e-07 1.1213796949878396e-07 2.1237886706375177e-06 -1.0352467811876532e-06 -9.0763096772517825e-07 -3.4489571307083589e-06 1.4566903379981355e-06 1.8029901141404585e-06 -9.8022032516147782e-07 -2.2443259251426839e-07
leaf_weight=505 632 656 963 508 670 552 707 506 864 793 874 532 504 536 639 791 680 518 746 623 727 752 502 505 530 519 656 607
leaf_count=505 632 656 963 508 670 552 707 506 864 793 874 532 504 536 639 791 680 518 746 623 727 752 502 505 530 519 656 607
internal_value=-2.60359e-08 1.58576e-06 5.49361e-07 -1.97544e-06 2.95926e-06 -1.57281e-06 -2.10203e-06 5.09911e-06 1.52085e-06 -1.21004e-06 2.17334e-06 -4.83139e-06 2.0023e-06 -1.7572e-06 -2.06775e-06 -1.07598e-06 3.02214e-06 -2.45485e-06 -5.77584e-07 1.649e-06 1.24333e-06 -1.74759e-06 -1.96411e-06 -2.48918e-06 2.38886e-06 8.80602e-07 -1.04521e-06 -6.17014e-07
internal_weight=18597 10180 5802 8417 4378 7377 4816 1176 3738 2064 3202 1040 2775 4109 1271 2079 1184 2030 2561 2328 1591 1288 1512 1010 1186 1142 1815 1263
internal_count=18597 10180 5802 8417 4378 7377 4816 1176 3738 2064 3202 1040 2775 4109 1271 2079 1184 2030 2561 2328 1591 1288 1512 1010 1186 1142 1815 1263
is_linear=0
shrinkage=0.00469677


Tree=82
num_leaves=29
num_cat=0
split_feature=30 21 32 28 20 25 21 28 26 23 22 22 3 2 33 9 21 2 13 30 21 13 16 20 32 33 7 20
split_gain=0.00170492 0.000544508 0.000439883 0.000334662 0.000204902 0.000194688 0.00014843 0.00012302 0.00010332 0.000101701 9.56414e-05 8.98461e-05 8.41506e-05 9.91814e-05 8.33646e-05 8.01939e-05 6.56303e-05 5.88647e-05 5.45653e-05 6.25226e-05 4.46918e-05 4.02864e-05 3.77933e-05 2.62818e-05 2.2459e-05 9.70939e-06 8.90378e-06 8.7089e-06
threshold=-0.00014626679338174096 -0.25771574267913538 0.98039215686274483 499.99999999997152 0.50022549231717561 -0.40824829047327621 -0.24392526255697997 -0.10000000007105424 -0.81808468129228484 -0.0029753026120911126 0.51291179351980209 -0.047752327333732233 113.25000000000001 160.25000000000003 11.500000000000002 0.051305133493287518 -0.10075544866430249 113.75000000000001 -0.75580515770826928 3.8330447906463357e-05 -0.19853954058313558 -0.060453071015345881 -0.27383495852859879 0.48687407612117978 -0.49962531221901535 3.5000000000000004 -0.11643378722978498 0.4975901339709205
decision_type=10 10 10 10 10 2 8 10 8 8 8 8 10 10 2 2 10 10 10 10 10 8 10 10 10 2 2 10
left_child=2 7 3 5 14 20 12 -2 -8 21 18 26 23 -14 -3 -9 -12 -13 -6 -20 -1 -10 -21 -7 25 -11 -4 -25
right_child=1 4 11 -5 10 6 8 15 9 24 16 17 13 -15 -16 -17 -18 -19 19 22 -22 -23 -24 27 -26 -27 -28 -29
leaf_value=1.1201292456703831e-07 -2.3731961216547054e-06 2.0296698139816747e-06 -2.2016437275565084e-06 3.0825097960977231e-06 3.7224138349290869e-06 -2.0477631170960913e-06 -2.1665732441299294e-06 1.6922946815103598e-06 1.7969078131956847e-06 -9.3933594274402314e-07 3.1729822502219113e-06 -2.4872480177422339e-06 -4.1147021251237555e-06 -1.6641952243728678e-06 -3.5907549222449366e-07 -9.5854123266091321e-07 5.4393638661064e-06 -4.3504254385991793e-06 1.3398204023723921e-06 2.2262536383528158e-06 1.8484233365219111e-06 1.2459868115717998e-07 3.880965565306776e-06 -3.5363338497115018e-07 -1.5286557702946031e-06 -1.0315864382790941e-07 -1.3167727554474166e-06 -1.2128300007807961e-06
leaf_weight=938 563 682 502 503 720 541 753 504 509 601 620 646 663 809 611 503 517 889 970 716 502 846 530 535 790 625 502 507
leaf_count=938 563 682 502 503 720 541 753 504 509 601 620 646 663 809 611 503 517 889 970 716 502 846 530 535 790 625 502 507
internal_value=-2.59136e-08 1.81801e-06 -1.12269e-06 -6.41415e-07 2.52983e-06 -8.58745e-07 -1.17489e-06 -6.14866e-07 -5.93618e-07 -2.42248e-07 3.04695e-06 -2.85177e-06 -1.95956e-06 -2.76794e-06 9.00856e-07 3.6816e-07 4.20355e-06 -3.56633e-06 2.59904e-06 2.23403e-06 7.17368e-07 7.52819e-07 2.93013e-06 -1.20784e-06 -9.11071e-07 -5.1309e-07 -1.75924e-06 -7.7172e-07
internal_weight=18597 6936 11661 9122 5366 8619 7179 1570 4124 3371 4073 2539 3055 1472 1293 1007 1137 1535 2936 2216 1440 1355 1246 1583 2016 1226 1004 1042
internal_count=18597 6936 11661 9122 5366 8619 7179 1570 4124 3371 4073 2539 3055 1472 1293 1007 1137 1535 2936 2216 1440 1355 1246 1583 2016 1226 1004 1042
is_linear=0
shrinkage=0.00469677


Tree=83
num_leaves=27
num_cat=0
split_feature=29 31 29 4 8 23 14 8 27 17 4 31 21 17 27 13 1 27 15 0 19 4 14 11 11 23
split_gain=0.00260437 0.000613462 0.000433408 0.000237834 0.000226712 0.00017186 0.000144019 0.000127592 0.000123649 0.000146602 0.000113489 9.25613e-05 9.15777e-05 9.08482e-05 9.01112e-05 7.79212e-05 7.25273e-05 6.75892e-05 5.52853e-05 4.66211e-05 4.62386e-05 3.80645e-05 3.12331e-05 2.911e-05 2.43087e-05 2.32997e-05
threshold=-0.50472588119130879 -1802.446653882226 -0.9875079596822619 94.500000000000014 -0.010003463102031864 0.027219666402316992 -1.2156100478468905 -0.17671882151874077 0.049999999999998941 -0.034796620191254839 30.500000000000004 618.94498228779037 -0.35412812090920215 -0.19176728656913553 -0.049999999999998927 -0.31315465337140241 79.550000000000011 0.049999999999998941 -0.47605132359708063 114.25000000000001 0.11628332466582704 24.500000000000004 -1.5097829801777165 0.68113865787837991 0.14121999451532644 -2.4144336958346453
decision_type=10 10 10 8 10 10 2 10 10 10 10 10 8 10 10 10 10 8 10 10 10 10 2 10 10 10
left_child=2 5 3 7 6 17 8 14 11 18 -4 16 -5 -7 21 23 22 -2 -10 24 -8 -1 -3 -9 -16 -14
right_child=1 4 10 12 -6 13 20 15 9 -11 -12 -13 25 -15 19 -17 -18 -19 -20 -21 -22 -23 -24 -25 -26 -27
leaf_value=-4.5687266869106659e-06 -2.1235252091040186e-09 6.2590447640980412e-07 -6.3310993084181495e-06 1.1773515830416598e-06 4.7931202986605583e-06 -2.38682145252031e-06 -3.2029789422895069e-07 5.3119111992598718e-07 3.1226993739580988e-06 1.7070011984551748e-06 -3.2276359182856139e-06 6.165230277663981e-08 -5.3002049029138802e-07 -1.7039679008208209e-07 -7.4083285013608909e-07 -2.5289371310495973e-06 3.0813387954768256e-06 2.1962657414786386e-06 4.9132275630689179e-06 -2.8977505872857474e-06 1.5468003651690524e-06 -2.8214092559034746e-06 2.0857241721370679e-06 -1.0542126341311443e-06 -2.0431572413888525e-06 -1.6892526547268733e-06
leaf_weight=588 643 619 526 639 722 809 640 506 757 999 514 613 1207 823 505 502 981 593 765 991 539 517 677 516 846 560
leaf_count=588 643 619 526 639 722 809 640 506 757 999 514 613 1207 823 505 502 981 593 765 991 539 517 677 516 846 560
internal_value=-2.57919e-08 1.57242e-06 -1.95876e-06 -1.55859e-06 2.29451e-06 -2.68545e-07 2.02076e-06 -2.1453e-06 2.34486e-06 3.10506e-06 -4.7973e-06 1.68172e-06 -3.46379e-07 -1.26912e-06 -2.64564e-06 -1.01359e-06 2.11784e-06 1.05258e-06 4.02269e-06 -2.12398e-06 5.3325e-07 -3.75123e-06 1.38851e-06 -2.69234e-07 -1.55638e-06 -8.97425e-07
internal_weight=18597 10180 8417 7377 7312 2868 6590 4971 5411 2521 1040 2890 2406 1632 3447 1524 2277 1236 1522 2342 1179 1105 1296 1022 1351 1767
internal_count=18597 10180 8417 7377 7312 2868 6590 4971 5411 2521 1040 2890 2406 1632 3447 1524 2277 1236 1522 2342 1179 1105 1296 1022 1351 1767
is_linear=0
shrinkage=0.00469677


Tree=84
num_leaves=31
num_cat=0
split_feature=29 24 31 29 5 26 4 8 4 4 20 24 21 21 13 33 20 20 30 8 20 5 33 23 11 24 15 20 8 33
split_gain=0.00257997 0.000646683 0.000437302 0.000429346 0.000358037 0.000327215 0.000235605 0.000126397 0.000112862 0.000112425 0.000111299 0.000108378 9.74703e-05 9.07195e-05 7.7191e-05 7.64187e-05 7.22112e-05 7.02668e-05 9.41528e-05 6.66131e-05 6.53376e-05 4.36899e-05 5.31575e-05 3.23424e-05 2.88372e-05 2.66339e-05 2.46111e-05 1.81096e-05 2.16408e-05 8.7513e-06
threshold=-0.50472588119130879 0.84713960008626799 -2629.297603976524 -0.9875079596822619 114.16599462365595 -0.7386706567513418 94.500000000000014 -0.17671882151874077 171.50000000000003 30.500000000000004 0.76073969483255299 0.55074370033750131 -0.2215547738818136 -0.35412812090920215 -0.31315465337140241 18.500000000000004 0.50193172646320339 0.49532288246697226 4.6798788848004769e-05 -0.43334210884273661 0.50134227231381778 129.99197032201749 6.5000000000000009 -0.046403119514073048 0.68113865787837991 1.3137244949004516 -0.55004757846619989 0.20231904898859174 -0.49522269979491224 1.5000000000000002
decision_type=10 10 10 10 10 10 8 10 10 10 10 10 10 8 10 2 10 10 10 10 10 10 2 10 10 8 10 10 8 2
left_child=3 2 11 6 12 10 7 15 17 -5 -6 20 -3 -8 24 21 -14 -4 26 -20 -2 27 -23 -18 -9 -15 -19 -1 -29 -27
right_child=1 4 8 9 5 -7 13 14 -10 -11 -12 -13 16 25 -16 -17 23 18 19 -21 -22 22 -24 -25 -26 29 -28 28 -30 -31
leaf_value=-2.5252880499138934e-06 -3.2073411175293199e-06 5.2226202857041683e-07 6.7309783423306063e-07 -6.301363565229536e-06 2.1861500079324062e-06 7.713214795203097e-06 1.1718218129321257e-06 5.2869626302032933e-07 -5.7239108024271587e-07 -3.212476502767072e-06 4.9990503833728167e-06 1.6397424496862423e-07 1.0330731855335809e-06 -1.7874116242455204e-06 -2.5170592509083058e-06 -4.1369380537023064e-06 2.4263737666358271e-06 5.9400656104909046e-07 4.3729033475698156e-06 2.0433744236724085e-06 -1.0698537586120621e-06 -1.956260892659398e-06 -3.9165198838803467e-06 4.0142346710811251e-06 -1.049261227246049e-06 -9.3801547148019342e-07 1.9171051686600669e-06 -2.0654111848679797e-06 -7.4012895553232889e-07 -1.5002338139200536e-07
leaf_weight=516 582 873 867 526 800 510 639 506 504 514 507 793 537 519 502 613 649 526 564 521 689 586 637 502 516 588 756 593 502 660
leaf_count=516 582 873 867 526 800 510 639 506 504 514 507 793 537 519 502 613 649 526 564 521 689 586 637 502 516 588 756 593 502 660
internal_value=-2.56708e-08 1.56503e-06 5.36726e-07 -1.94956e-06 2.92781e-06 4.52242e-06 -1.55127e-06 -2.13522e-06 1.49489e-06 -4.77477e-06 3.27733e-06 -1.19853e-06 1.79643e-06 -3.44752e-07 -1.00883e-06 -2.63321e-06 2.45538e-06 1.81707e-06 2.23608e-06 3.25433e-06 -2.04865e-06 -2.30794e-06 -2.97729e-06 3.11894e-06 -2.6797e-07 -8.9321e-07 1.37427e-06 -1.79978e-06 -1.45787e-06 -5.21316e-07
internal_weight=18597 10180 5802 8417 4378 1817 7377 4971 3738 1040 1307 2064 2561 2406 1524 3447 1688 3234 2367 1085 1271 2834 1223 1151 1022 1767 1282 1611 1095 1248
internal_count=18597 10180 5802 8417 4378 1817 7377 4971 3738 1040 1307 2064 2561 2406 1524 3447 1688 3234 2367 1085 1271 2834 1223 1151 1022 1767 1282 1611 1095 1248
is_linear=0
shrinkage=0.00469677


Tree=85
num_leaves=30
num_cat=0
split_feature=29 24 31 29 5 19 4 19 4 4 24 31 24 17 33 30 5 31 1 16 4 4 19 19 17 17 5 6 33
split_gain=0.00255579 0.000640623 0.000433204 0.000425323 0.000354682 0.00033136 0.000233397 0.000122691 0.000111805 0.000111372 0.000107362 0.000102932 9.97659e-05 8.62176e-05 6.15172e-05 7.52483e-05 5.5824e-05 5.13889e-05 4.91039e-05 4.72982e-05 4.54751e-05 3.99571e-05 3.72694e-05 3.38842e-05 3.20081e-05 2.74342e-05 1.60129e-05 1.46055e-05 8.52203e-06
threshold=-0.50472588119130879 0.84713960008626799 -2629.297603976524 -0.9875079596822619 114.16599462365595 0.16224921563426001 94.500000000000014 0.024615091914549594 171.50000000000003 30.500000000000004 0.55074370033750131 261.14316787383194 0.60690807394686619 -0.2124526452418953 20.500000000000004 4.6798788848004769e-05 38.187094918195129 65.267762999661215 41.925000000000004 -0.54973940484611672 12.500000000000002 50.500000000000007 0.12099538857315317 0.12307380632068197 -0.23275730347653792 -0.23795243774837918 258.32414436594655 0.0056825397991882211 9.5000000000000018
decision_type=10 10 10 10 10 10 8 10 10 10 10 8 10 10 2 10 10 8 10 8 10 10 10 10 10 10 10 2 2
left_child=3 2 10 6 16 11 7 20 14 -5 13 -6 24 -2 15 21 17 -3 -18 -8 -1 26 -17 -20 -9 -14 -4 -26 -21
right_child=1 4 8 9 5 -7 19 12 -10 -11 -12 -13 25 -15 -16 22 18 -19 23 28 -22 -23 -24 -25 27 -27 -28 -29 -30
leaf_value=-4.2680811999262067e-06 -3.2690796797620436e-06 3.6587285247869533e-06 2.5548974018613945e-06 -6.2717674834107988e-06 4.927900806736975e-06 7.7341424996526087e-06 7.0923275283988911e-07 -2.9604012231022101e-06 -5.6970268343560323e-07 -3.1973881683004773e-06 1.6320410188097719e-07 2.2210317535395895e-06 -1.4259956978919049e-06 -8.2240049272896655e-07 3.1830582806326691e-07 2.1410267798310738e-06 3.1541573252024514e-08 1.5703452187362755e-06 9.5364491454052226e-07 -1.1004078738578377e-06 -2.5643870687632754e-06 3.5574279863112845e-07 3.8771702309920701e-06 2.6760463591437889e-06 -1.2168750995342526e-06 -1.7167137514363171e-07 1.4276858717531508e-06 -2.3292234259196265e-06 -4.4014672706889371e-07
leaf_weight=607 632 526 514 526 502 505 677 975 504 514 793 810 727 639 514 525 513 514 503 825 803 507 568 505 518 817 606 524 904
leaf_count=607 632 526 514 526 502 505 677 975 504 514 793 810 727 639 514 525 513 514 503 825 803 507 568 505 518 817 606 524 904
internal_value=-2.55502e-08 1.55768e-06 5.34205e-07 -1.94041e-06 2.91406e-06 4.50118e-06 -1.54398e-06 -2.12519e-06 1.48787e-06 -4.75235e-06 -1.1929e-06 3.25676e-06 -1.66086e-06 -2.03903e-06 1.80854e-06 2.09013e-06 1.78799e-06 2.62662e-06 1.21455e-06 -3.43133e-07 -3.29785e-06 1.4498e-06 3.04328e-06 1.81659e-06 -2.34869e-06 -7.62298e-07 1.94503e-06 -1.77628e-06 -7.55213e-07
internal_weight=18597 10180 5802 8417 4378 1817 7377 4971 3738 1040 2064 1312 3561 1271 3234 2720 2561 1040 1521 2406 1410 1627 1093 1008 2017 1544 1120 1042 1729
internal_count=18597 10180 5802 8417 4378 1817 7377 4971 3738 1040 2064 1312 3561 1271 3234 2720 2561 1040 1521 2406 1410 1627 1093 1008 2017 1544 1120 1042 1729
is_linear=0
shrinkage=0.00469677


Tree=86
num_leaves=27
num_cat=0
split_feature=32 24 32 28 8 27 28 4 25 32 24 33 19 19 20 12 20 25 24 26 19 20 19 3 14 33
split_gain=0.0016072 0.000865743 0.000532078 0.000355474 0.000321261 0.000198152 0.000162196 0.000147445 0.000140693 0.000132317 0.000158976 0.000102888 8.81623e-05 8.80308e-05 7.38205e-05 6.62733e-05 5.26906e-05 5.66608e-05 6.73113e-05 4.31987e-05 4.22396e-05 5.04276e-05 3.62135e-05 2.03679e-05 1.81537e-05 2.59237e-05
threshold=-0.33112582781459304 0.95595560671775437 0.99173824667235 499.99999999993605 -0.010003463102031864 -0.049999999999998927 0.33333333333333737 40.500000000000007 -0.75225792784017143 -0.99634683855938355 0.83642709638018931 8.5000000000000018 0.04639199546136228 0.02693302212034052 0.4975901339709205 -1.0000000180025095e-35 0.51137778332037354 -0.40824829047327621 0.21092266784604766 -0.90161109014432872 0.15912211514585914 0.49473407104986061 0.04572194386849119 59.150000000000013 -1.2919087491455907 6.5000000000000009
decision_type=8 10 10 10 10 8 10 10 2 10 10 2 8 8 10 10 10 2 8 10 10 8 10 8 2 2
left_child=9 2 3 5 6 7 12 -2 -7 10 -1 -4 -3 -10 -14 -11 17 -15 -19 -17 21 22 -20 -23 25 -25
right_child=1 4 11 -5 -6 8 -8 -9 13 15 -12 -13 14 16 -16 19 -18 18 20 -21 -22 23 -24 24 -26 -27
leaf_value=2.4905429669102203e-06 -3.9755163964057221e-06 -1.7738474909253807e-06 -2.909807921401092e-06 2.0760835494872522e-06 3.8496459963689946e-06 1.4918399267710179e-06 2.5557490010252777e-06 -1.2301581801552146e-06 -2.7737758955222203e-06 3.421413438145108e-06 5.446295679529188e-06 -5.5375416112779871e-06 -5.8465688903585055e-07 5.6914467465055237e-07 1.3250122542106376e-06 3.950640148641618e-07 -2.1231898990690308e-06 -2.2562246760149466e-06 -2.4917772975422461e-06 2.1014987400718625e-06 5.6694321921169968e-07 3.6171361062078742e-07 -9.5565154973657447e-07 -1.0500407393379149e-06 -1.4401061574819344e-06 2.658871890322687e-07
leaf_weight=898 905 516 696 776 819 505 674 825 614 518 726 623 841 629 952 528 703 719 570 861 509 524 834 666 511 655
leaf_count=898 905 516 696 776 819 505 674 825 614 518 726 623 841 629 952 528 703 719 570 861 509 524 834 666 511 655
internal_value=-2.54302e-08 -6.93873e-07 -1.34799e-06 -9.76228e-07 1.24404e-06 -1.23456e-06 5.28646e-07 -2.66633e-06 -9.01582e-07 2.82666e-06 3.81192e-06 -4.15098e-06 -6.30533e-08 -1.0759e-06 4.2927e-07 1.98759e-06 -9.10941e-07 -7.59215e-07 -9.26732e-07 1.45286e-06 -7.02806e-07 -8.74704e-07 -1.57932e-06 -4.54794e-07 -6.88354e-07 -3.9753e-07
internal_weight=18597 15066 11264 9945 3802 9169 2983 1730 7439 3531 1624 1319 2309 6934 1793 1907 6320 5617 4988 1389 4269 3760 1404 2356 1832 1321
internal_count=18597 15066 11264 9945 3802 9169 2983 1730 7439 3531 1624 1319 2309 6934 1793 1907 6320 5617 4988 1389 4269 3760 1404 2356 1832 1321
is_linear=0
shrinkage=0.00469677


Tree=87
num_leaves=28
num_cat=0
split_feature=29 31 29 4 8 32 20 23 8 4 27 20 12 31 17 17 17 6 4 2 23 4 5 23 11 8 14
split_gain=0.00251374 0.000590772 0.000418979 0.000230436 0.000221635 0.000209651 0.000183026 0.000165119 0.00012317 0.000109494 8.82232e-05 8.39532e-05 0.000112333 0.000100041 8.37971e-05 7.0739e-05 4.99916e-05 4.78018e-05 4.69331e-05 4.55251e-05 3.99282e-05 3.72834e-05 3.43854e-05 3.05418e-05 2.4177e-05 1.914e-05 1.00286e-06
threshold=-0.50472588119130879 -1802.446653882226 -0.9875079596822619 94.500000000000014 -0.010003463102031864 -0.99634683855938355 0.4975901339709205 -0.008709752989551232 -0.17671882151874077 30.500000000000004 -0.049999999999998927 0.50022549231717561 -0.049999999999998927 738.5863795966776 -0.35328553349792169 -0.44011523503931071 -0.21569599539768164 -0.010488078600527469 15.500000000000002 113.75000000000001 0.12250489648381092 24.500000000000004 59.307811666083659 -0.26325671429484737 0.14121999451532644 -0.032114140173633038 -1.4336551606288443
decision_type=10 10 10 8 10 10 10 10 10 10 10 10 10 10 10 10 10 2 10 10 10 10 10 10 10 8 2
left_child=2 6 3 8 5 15 -2 -8 10 -4 21 17 -13 14 -14 -3 -9 -7 -10 24 25 -1 -16 -20 -12 -5 -27
right_child=1 4 9 20 -6 11 7 16 18 -11 19 12 13 -15 22 -17 -18 -19 23 -21 -22 -23 -24 -25 -26 26 -28
leaf_value=-4.5030123689647162e-06 -2.4889831814641191e-06 2.2179694486443662e-06 -6.2217990146286123e-06 -1.3748698009346711e-06 4.7239345365257115e-06 1.5081113188864333e-06 2.2664882226499945e-06 -1.4013550099878426e-06 -2.1535830008509041e-06 -3.1734456888824653e-06 -7.0960961167480286e-07 3.9187160471652931e-06 4.7544985899439524e-07 5.3743676409723274e-08 2.0134891646601063e-06 4.4289885525064963e-06 2.9732654438308292e-07 1.4964585933035358e-08 -1.2232610217179696e-06 -2.8484550081925892e-06 8.3767536666540065e-07 -2.7737149175326482e-06 3.4073875472083307e-06 4.0939420094152432e-07 -2.0084009465580646e-06 -4.5167848985654365e-07 -1.9062371552973655e-07
leaf_weight=588 634 505 526 564 722 948 697 712 513 514 505 561 512 683 837 868 825 944 507 991 504 517 732 504 846 782 556
leaf_count=588 634 505 526 564 722 948 697 712 513 514 505 561 512 683 837 868 825 944 507 991 504 517 732 504 846 782 556
internal_value=-2.53107e-08 1.54485e-06 -1.92435e-06 -1.53089e-06 2.25346e-06 1.98279e-06 -2.61754e-07 3.7031e-07 -2.1084e-06 -4.71524e-06 -2.6e-06 1.55301e-06 2.00246e-06 1.61351e-06 2.12542e-06 3.61578e-06 -4.89549e-07 7.63134e-07 -9.96487e-07 -2.08384e-06 -3.37685e-07 -3.69395e-06 2.66382e-06 -4.09323e-07 -1.52294e-06 -6.49155e-07 -3.43223e-07
internal_weight=18597 10180 8417 7377 7312 6590 2868 2234 4971 1040 3447 5217 3325 2764 2081 1373 1537 1892 1524 2342 2406 1105 1569 1011 1351 1902 1338
internal_count=18597 10180 8417 7377 7312 6590 2868 2234 4971 1040 3447 5217 3325 2764 2081 1373 1537 1892 1524 2342 2406 1105 1569 1011 1351 1902 1338
is_linear=0
shrinkage=0.00469677


Tree=88
num_leaves=28
num_cat=0
split_feature=30 24 21 27 24 1 4 32 23 24 31 23 25 20 5 27 5 17 4 26 4 31 16 17 20 17 20
split_gain=0.00161432 0.000535019 0.000518467 0.000237931 0.00023155 0.000246316 0.000209771 0.000204039 0.00012697 0.00012376 0.000153333 0.000124547 0.000114242 0.000112434 0.000103395 8.21234e-05 5.77329e-05 5.31162e-05 5.05803e-05 5.01081e-05 4.95691e-05 4.15954e-05 4.08188e-05 4.67735e-05 3.65159e-05 2.92293e-05 1.93255e-05
threshold=-0.00014626679338174096 0.6569277309654159 -0.25771574267913538 1.0000000180025095e-35 0.85248209206933701 82.850000000000009 26.500000000000004 0.99173824667235 -0.96032447463758774 0.95595560671775437 221.57029272663968 -0.053778312333390581 -0.38510509627227235 0.50022549231717561 38.187094918195129 -0.049999999999998927 78.367588372640057 -0.4535323809060362 51.500000000000007 -0.92030809957074455 6.5000000000000009 -66.112455758063405 -0.6631487374460282 -0.21974076882274421 0.80437561579074768 -0.085350096757840707 0.17704393696581197
decision_type=10 8 10 10 10 10 10 10 10 10 8 8 2 10 10 10 10 10 10 10 10 10 8 8 10 10 10
left_child=1 7 6 9 13 14 -2 12 -7 11 16 -3 18 -4 -6 -14 -11 -15 -1 -19 -12 -9 -17 -24 -21 -25 -13
right_child=2 3 4 -5 5 8 -8 21 -10 10 20 26 15 17 -16 22 -18 19 -20 24 -22 -23 23 25 -26 -27 -28
leaf_value=-1.3398122926650748e-06 -2.0727576349516594e-06 -2.7033141574155074e-06 -1.007181994407614e-07 2.0960878088987278e-06 3.8802789313797899e-06 3.7024191271319833e-06 1.4030848588954181e-06 -3.0869053504278818e-06 6.8981389294744081e-06 3.5137273544727222e-07 6.3235016946439317e-07 -8.1839887474111594e-07 -3.3123443003158724e-06 7.5238512568196806e-07 1.2184768855120998e-06 -2.8537964890642826e-06 -1.6830842109131508e-06 1.2569222867395834e-06 7.2915453174337714e-07 2.2567196725073132e-06 2.7176025556040811e-06 -4.9972771569724185e-06 -2.166900575027432e-06 8.9434596450301892e-09 3.9283340378369158e-06 -1.4672402965285536e-06 2.1382317466533781e-07
leaf_weight=541 907 823 688 912 508 599 663 502 506 549 503 1440 927 512 879 535 700 512 503 631 503 504 976 554 531 635 554
leaf_count=541 907 823 688 912 508 599 663 502 506 549 503 1440 927 512 879 535 700 512 503 631 503 504 976 554 531 635 554
internal_value=-2.51919e-08 -1.09243e-06 1.76907e-06 -1.12527e-07 2.46367e-06 3.51145e-06 -6.04912e-07 -2.12532e-06 5.16583e-06 -5.09666e-07 3.10334e-07 -1.16609e-06 -1.71208e-06 1.55514e-06 2.19341e-06 -2.10616e-06 -7.88809e-07 2.0763e-06 -3.42951e-07 2.48121e-06 1.67501e-06 -4.04402e-06 -1.69202e-06 -1.40491e-06 3.02063e-06 -7.79402e-07 -5.31596e-07
internal_weight=18597 11661 6936 5984 5366 2492 1570 5677 1105 5072 2255 2817 4671 2874 1387 3627 1249 2186 1044 1674 1006 1006 2700 2165 1162 1189 1994
internal_count=18597 11661 6936 5984 5366 2492 1570 5677 1105 5072 2255 2817 4671 2874 1387 3627 1249 2186 1044 1674 1006 1006 2700 2165 1162 1189 1994
is_linear=0
shrinkage=0.00469677


Tree=89
num_leaves=29
num_cat=0
split_feature=29 24 31 29 5 19 4 19 4 27 4 26 24 24 21 17 27 21 33 30 11 26 4 4 11 24 15 33
split_gain=0.00247205 0.000621684 0.000418206 0.000413797 0.000347173 0.000325679 0.000227611 0.000120432 0.000110683 0.000109222 0.000108014 0.000105687 0.000105615 9.65265e-05 8.96794e-05 8.42609e-05 8.04777e-05 6.09428e-05 6.06757e-05 7.37889e-05 4.77391e-05 4.66242e-05 4.46734e-05 3.94605e-05 3.84549e-05 2.62968e-05 2.30174e-05 8.48694e-06
threshold=-0.50472588119130879 0.84713960008626799 -2629.297603976524 -0.9875079596822619 114.16599462365595 0.16224921563426001 94.500000000000014 0.024615091914549594 171.50000000000003 1.0000000180025095e-35 30.500000000000004 -0.73566663573577318 0.55074370033750131 0.60690807394686619 -0.35412812090920215 -0.2124526452418953 -0.049999999999998927 -0.2215547738818136 20.500000000000004 4.6798788848004769e-05 0.10071803472754358 -0.8057200591575594 12.500000000000002 50.500000000000007 0.1828690573879368 1.3137244949004516 -0.42468619901623145 1.5000000000000002
decision_type=10 10 10 10 10 10 8 10 10 10 10 8 10 10 8 10 10 10 2 10 10 10 10 10 10 8 10 2
left_child=3 2 12 6 9 11 7 22 18 17 -5 -6 15 16 -8 -2 -9 -3 19 23 -18 -15 -1 26 -21 -16 -4 -27
right_child=1 4 8 10 5 -7 14 13 -10 -11 -12 -13 -14 21 25 -17 20 -19 -20 24 -22 -23 -24 -25 -26 27 -28 -29
leaf_value=-4.2146941970641853e-06 -3.2284051848136468e-06 -6.7984700405447433e-09 1.1876425678245868e-06 -6.1782234659724085e-06 1.9037113245897233e-06 7.6435420850067278e-06 1.1764417312012105e-06 -3.851613729975609e-06 -5.8643702462716739e-07 2.9850747933223947e-06 -3.1505360222964871e-06 4.5707112745242848e-06 1.7185241887895381e-07 -1.5182625459743677e-06 -1.7652420478403079e-06 -8.0964813449063161e-07 -6.0799252852346778e-07 1.8435357597859833e-06 2.9983425151459731e-07 3.9575723334518492e-06 -2.3705705893905027e-06 1.1669955902924582e-07 -2.5260830112615775e-06 3.3817008472767934e-07 2.1897966013381441e-06 -9.1754222956316159e-07 2.5388128331437665e-06 -1.4154296980353559e-07
leaf_weight=607 632 729 515 526 672 505 639 544 504 981 514 640 793 816 519 639 529 851 514 503 944 728 803 507 590 588 605 660
leaf_count=607 632 729 515 526 672 505 639 544 504 981 514 640 793 816 519 639 529 851 514 503 944 728 803 507 590 588 605 660
internal_value=-2.50735e-08 1.53201e-06 5.23771e-07 -1.9083e-06 2.86818e-06 4.43842e-06 -1.51728e-06 -2.09124e-06 1.46078e-06 1.7541e-06 -4.68188e-06 3.20471e-06 -1.17318e-06 -1.63121e-06 -3.31414e-07 -2.01239e-06 -2.30778e-06 9.89784e-07 1.77984e-06 2.0595e-06 -1.7376e-06 -7.47352e-07 -3.25305e-06 1.42541e-06 3.00336e-06 -8.76718e-07 1.91755e-06 -5.07185e-07
internal_weight=18597 10180 5802 8417 4378 1817 7377 4971 3738 2561 1040 1312 2064 3561 2406 1271 2017 1580 3234 2720 1473 1544 1410 1627 1093 1767 1120 1248
internal_count=18597 10180 5802 8417 4378 1817 7377 4971 3738 2561 1040 1312 2064 3561 2406 1271 2017 1580 3234 2720 1473 1544 1410 1627 1093 1767 1120 1248
is_linear=0
shrinkage=0.00469677


Tree=90
num_leaves=29
num_cat=0
split_feature=32 28 24 32 24 4 0 21 33 19 24 20 4 31 1 15 26 28 22 19 6 21 26 21 23 24 14 33
split_gain=0.00168143 0.000845636 0.00057232 0.000315017 0.000261742 0.000250328 0.000168813 0.000129664 0.000113229 0.000105895 0.000125632 0.000102369 9.24933e-05 0.000102649 9.13898e-05 8.26248e-05 7.9632e-05 7.18303e-05 5.02881e-05 4.7725e-05 4.51607e-05 5.95113e-05 2.70791e-05 2.67461e-05 2.66614e-05 2.25289e-05 1.61742e-05 1.83173e-05
threshold=-0.33222591362128601 499.99999999993605 0.9661794809604658 0.99709198763887641 0.85248209206933701 60.500000000000007 113.25000000000001 -0.11381184872771989 8.5000000000000018 0.03534027278300772 0.54594361515175527 0.50022549231717561 41.500000000000007 -35.105392241332417 78.15000000000002 -0.35018129468802112 -0.92030809957074455 -0.99999999999996436 0.15634942320570908 0.14657301193609065 0.2330667081758204 -0.23993840892365506 -0.91927165203796368 -0.4226791605114551 0.012389825995320793 0.37435388890488669 -1.3220266575529731 1.5000000000000002
decision_type=8 10 10 10 10 10 10 10 2 8 10 10 10 8 10 10 10 8 8 10 2 10 10 10 10 8 2 2
left_child=4 2 3 9 16 7 -6 14 -5 10 23 -3 17 -14 -4 -16 -1 18 -11 -18 21 25 -15 -2 -24 -19 27 -27
right_child=1 11 5 8 6 -7 -8 -9 -10 12 -12 -13 13 22 15 -17 19 20 -20 -21 -22 -23 24 -25 -26 26 -28 -29
leaf_value=4.7445232965598535e-07 -3.9891583932604626e-06 1.678611751571695e-06 7.702172521060074e-07 -2.4311888137292768e-06 2.9012915855156613e-06 3.2084861339907645e-06 5.9660420052095042e-06 2.1555340062841629e-06 -5.2041412076506796e-06 -1.4281034716547314e-06 -3.9702085361019207e-07 4.23115358033269e-06 1.2804832436161806e-06 -1.745193442310874e-06 -1.5651034377255881e-07 -2.5594643493359116e-06 1.7135483354776962e-06 -1.9894406666409514e-06 -3.2739762767246191e-06 3.5945002533976316e-06 -2.2502951606866944e-06 6.3893945690705287e-07 -1.2170576813130563e-06 -2.5481892432034858e-06 2.727801287655231e-07 -1.2216817053118167e-06 -1.4161521278700324e-06 -1.6935435277965217e-07
leaf_weight=677 507 791 771 703 840 692 751 504 604 681 518 617 696 533 675 593 731 512 624 502 581 514 513 647 548 626 860 875
leaf_count=677 507 791 771 703 840 692 751 504 604 681 518 617 696 533 675 593 731 512 624 502 581 514 513 647 548 626 860 875
internal_value=6.64343e-09 -6.69858e-07 -1.02419e-06 -1.55449e-06 2.94086e-06 7.03892e-07 4.34797e-06 2.23305e-08 -3.71267e-06 -1.24904e-06 -2.31872e-06 2.79719e-06 -1.01256e-06 -2.24369e-07 -5.04938e-07 -1.28032e-06 1.76875e-06 -1.35485e-06 -2.31075e-06 2.47938e-06 -1.04046e-06 -8.32918e-07 -8.81465e-07 -3.1813e-06 -4.47534e-07 -1.09626e-06 -9.02548e-07 -6.08255e-07
internal_weight=18686 15185 13777 10542 3501 3235 1591 2543 1307 9235 1672 1408 7563 2290 2039 1268 1910 5273 1305 1233 3968 3387 1594 1154 1061 2873 2361 1501
internal_count=18686 15185 13777 10542 3501 3235 1591 2543 1307 9235 1672 1408 7563 2290 2039 1268 1910 5273 1305 1233 3968 3387 1594 1154 1061 2873 2361 1501
is_linear=0
shrinkage=0.00469677


Tree=91
num_leaves=27
num_cat=0
split_feature=29 24 29 27 21 19 21 2 20 30 17 20 24 11 5 17 5 6 19 30 33 24 23 14 14 33
split_gain=0.00241229 0.000747819 0.000379167 0.000371111 0.000245123 0.000184139 0.000170821 0.000136426 0.000143429 9.5913e-05 9.45144e-05 9.23374e-05 9.00636e-05 8.5368e-05 9.06615e-05 7.1694e-05 7.12615e-05 7.06975e-05 6.49913e-05 4.83348e-05 4.26554e-05 4.16534e-05 3.61282e-05 2.82553e-05 1.89121e-05 1.28977e-05
threshold=-0.66160453748142256 0.85248209206933701 -0.98730978877353526 0.12500000000000358 -0.24655101834621254 0.13402067017805361 -0.2215547738818136 81.65000000000002 0.18373911219921993 5.6859989870064414e-05 -0.1104887458968014 0.49473407104986061 1.2656292773811249 0.86965793067689801 29.818754351477988 -0.46079025506888388 160.31825799426397 0.14258617783862698 0.04572194386849119 4.6798788848004769e-05 7.5000000000000009 0.49768926045146894 -0.098346360242130601 -1.3220266575529731 -1.311773752563226 1.5000000000000002
decision_type=10 10 10 10 10 10 10 10 10 10 10 10 10 10 8 10 10 2 10 10 2 10 10 2 2 2
left_child=2 4 7 6 10 -5 12 13 -9 22 21 -6 -3 14 -1 -13 -10 18 24 23 -18 -2 -8 -17 25 -16
right_child=1 3 -4 5 11 -7 9 8 16 -11 -12 15 -14 -15 17 19 20 -19 -20 -21 -22 -23 -24 -25 -26 -27
leaf_value=-2.9411576680988594e-06 -2.026835049885164e-06 1.8889618882070918e-06 -4.6272160381160057e-06 3.6582754181481678e-06 -2.0009990034588535e-07 7.4246048029612582e-06 3.1397124713944207e-06 -1.5818195911536672e-07 -4.110852895118548e-06 4.616847019710825e-06 5.8760539658839872e-07 1.1412348953194231e-07 -6.7749834835685076e-07 8.0632692083678516e-07 -1.2433551481848602e-06 6.6203000977577533e-07 -1.5726083506485253e-06 -2.159849410565012e-06 3.9775702119385358e-07 2.8854192285360751e-06 -3.1675978640632541e-06 -5.3821572209975566e-07 1.5941059279290028e-06 2.1103776710048757e-06 -1.766773020034158e-06 -2.8123184876294123e-07
leaf_weight=590 861 728 963 665 725 503 658 537 694 600 889 511 515 507 625 544 823 832 951 918 672 800 677 655 638 605
leaf_count=590 861 728 963 665 725 503 658 537 694 600 889 511 515 507 625 544 823 832 951 918 672 800 677 655 638 605
internal_value=6.61218e-09 1.53773e-06 -1.85334e-06 3.01633e-06 4.49134e-07 5.28028e-06 2.18426e-06 -1.49593e-06 -2.3334e-06 3.05701e-06 -6.48352e-07 1.2838e-06 8.25599e-07 -1.0151e-06 -1.23286e-06 1.69318e-06 -2.86701e-06 -9.56789e-07 -6.01706e-07 2.07431e-06 -2.28958e-06 -1.30988e-06 2.35594e-06 1.45327e-06 -1.11055e-06 -7.70143e-07
internal_weight=18686 10249 8437 4346 5903 1168 3178 7474 2726 1935 2550 3353 1243 4748 4241 2628 2189 3651 2819 2117 1495 1661 1335 1199 1868 1230
internal_count=18686 10249 8437 4346 5903 1168 3178 7474 2726 1935 2550 3353 1243 4748 4241 2628 2189 3651 2819 2117 1495 1661 1335 1199 1868 1230
is_linear=0
shrinkage=0.00469677


Tree=92
num_leaves=28
num_cat=0
split_feature=30 24 28 24 28 20 32 4 8 5 19 19 31 24 4 15 19 2 24 31 16 26 16 3 4 2 14
split_gain=0.00170881 0.000672908 0.000467597 0.000319328 0.000281443 0.000251749 0.000226873 0.000171731 0.000151222 0.000165245 0.000138843 0.00010955 9.96159e-05 7.6752e-05 6.86965e-05 6.03234e-05 5.13995e-05 5.36336e-05 4.15728e-05 6.70247e-05 3.9854e-05 3.82837e-05 3.25531e-05 4.85929e-05 2.78765e-05 3.08652e-05 3.37663e-06
threshold=-0.00014144344296940277 0.85248209206933701 499.99999999997152 0.9661794809604658 4999.5000000000009 0.50022549231717561 0.99709198763887641 26.500000000000004 -0.0090808117003548048 78.367588372640057 0.13062080481588065 0.03534027278300772 -53.784082988983094 0.47236023179795533 128.50000000000003 -0.075795143638850884 0.13402067017805361 146.75000000000003 0.66157737909408165 -35.105392241332417 -0.53667390753119559 -0.88533774553474209 -0.44405003160468998 61.850000000000001 8.5000000000000018 40.375000000000007 -1.4006322624743672
decision_type=10 10 10 10 10 10 10 10 8 10 10 8 10 10 10 8 10 10 8 8 10 10 10 10 8 10 2
left_child=2 5 3 6 10 7 11 -2 9 -5 20 13 -8 -1 18 -10 17 -7 19 -13 -3 -18 23 -21 -20 26 -26
right_child=1 4 -4 8 -6 16 12 -9 15 -11 -12 14 -14 -15 -16 -17 21 -19 24 22 -22 -23 -24 -25 25 -27 -28
leaf_value=-3.5578186980646408e-06 -3.1264162958815476e-06 8.7754998480031052e-07 3.294937642161544e-06 1.159174148455218e-06 6.4807565145246932e-06 -2.7995974179025188e-09 -2.1891639796154156e-06 3.3890262960367335e-07 2.632284654270847e-06 -2.029597935860166e-06 4.1783304660948301e-06 -6.3827743793321123e-07 -4.8740708737118568e-06 -1.2665439318401539e-06 3.3275560821238406e-07 4.0697821248066487e-07 1.3036015762466468e-06 1.728978675021087e-06 1.1582067474965314e-07 -1.8475529547423752e-06 2.5842679829919142e-06 3.0283399880031862e-06 -1.4499731811822164e-06 -3.7470786184412536e-06 -9.1706373168624853e-07 -2.0565683177223502e-06 -4.4108584141928246e-07
leaf_weight=786 523 557 517 589 605 743 589 795 540 916 980 970 632 547 633 535 532 841 525 726 659 609 902 503 857 541 534
leaf_count=786 523 557 517 589 605 743 589 795 540 916 980 970 632 547 633 535 532 841 525 726 659 609 902 503 857 541 534
internal_value=6.58111e-09 1.87488e-06 -1.07319e-06 -1.2726e-06 3.64425e-06 6.49051e-07 -1.70098e-06 -1.03616e-06 1.79396e-07 -7.81611e-07 2.86278e-06 -1.39622e-06 -3.57892e-06 -2.61761e-06 -1.13324e-06 1.52484e-06 1.46415e-06 9.1664e-07 -1.3002e-06 -1.66179e-06 1.80252e-06 2.2242e-06 -2.12766e-06 -2.62501e-06 -8.43832e-07 -1.10462e-06 -7.34361e-07
internal_weight=18686 6844 11842 11325 2801 4043 8745 1318 2580 1505 2196 7524 1221 1333 6191 1075 2725 1584 5558 3101 1216 1141 2131 1229 2457 1932 1391
internal_count=18686 6844 11842 11325 2801 4043 8745 1318 2580 1505 2196 7524 1221 1333 6191 1075 2725 1584 5558 3101 1216 1141 2131 1229 2457 1932 1391
is_linear=0
shrinkage=0.00469677


Tree=93
num_leaves=27
num_cat=0
split_feature=30 24 24 0 27 32 31 27 4 4 31 15 31 30 14 6 17 5 23 30 13 22 17 24 16 23
split_gain=0.0016928 0.000666602 0.000401252 0.000275557 0.000248587 0.000225873 0.000193864 0.000136817 0.000135934 0.000102536 9.64141e-05 9.33634e-05 9.08561e-05 8.14812e-05 7.10984e-05 6.69127e-05 6.53354e-05 6.36295e-05 6.3056e-05 5.41063e-05 4.94046e-05 3.22959e-05 3.06139e-05 3.44207e-05 2.6229e-05 7.55268e-06
threshold=-0.00014144344296940277 0.85248209206933701 0.85248209206933701 82.850000000000009 1.0000000180025095e-35 0.99709198763887641 -2629.297603976524 -0.049999999999998927 52.500000000000007 41.500000000000007 -53.784082988983094 -0.33499120052273829 2417.9780889831632 -3.4236603800110451e-05 -1.5097829801777165 -0.40586674184782645 -0.23275730347653792 39.624178234170422 -0.250744462509985 0.00017672978620980069 -0.65716620025885841 0.07620220114244057 -0.10745977890057386 0.53195060630305779 -0.35892661875904003 1.2342765725919522
decision_type=10 10 10 10 10 10 10 8 10 10 10 10 8 10 2 2 8 10 10 10 8 8 8 8 8 8
left_child=2 6 5 17 8 7 -2 9 12 -1 -7 -5 18 -8 20 -15 24 -3 -4 21 -9 -17 -18 -24 -16 -25
right_child=1 3 4 11 -6 10 13 14 -10 -11 -12 -13 -14 15 16 19 22 -19 -20 -21 -22 -23 23 25 -26 -27
leaf_value=-3.927400269599822e-06 -1.7891578856111762e-06 3.4960536004986073e-06 -2.9645744261535613e-06 6.6401928527911545e-06 2.9216691152242869e-06 -2.1382104343709857e-06 -7.4136587400975982e-08 9.8086563817533294e-07 1.6260051907250138e-06 -1.4069771450839241e-06 -4.8172914221720273e-06 4.0142877864224554e-06 1.880460859441659e-07 2.8490435114093123e-06 -2.7013663284779637e-06 9.730343204350461e-07 -3.6021713371231692e-08 1.5893894535889259e-06 -7.2333777595970457e-07 -2.0503810155532481e-07 -7.8718524111246723e-07 2.4730250444363876e-06 -2.0016772847706916e-06 -2.9674778981868443e-07 -1.4414229264965026e-06 -9.8739224914063988e-07
leaf_weight=678 612 646 536 601 652 580 968 580 611 750 606 594 923 634 755 774 718 960 573 519 874 536 716 520 705 1065
leaf_count=678 612 646 536 601 652 580 968 580 611 750 606 594 923 634 755 774 718 960 573 519 874 536 716 520 705 1065
internal_value=6.5502e-09 1.86608e-06 -1.06815e-06 3.62714e-06 3.24279e-07 -1.60495e-06 6.46002e-07 -1.29847e-06 -3.16457e-07 -2.60367e-06 -3.50715e-06 5.33496e-06 -9.0055e-07 1.08038e-06 -9.84316e-07 1.53414e-06 -1.27726e-06 2.35635e-06 -1.8066e-06 1.07832e-06 -8.18875e-08 1.5868e-06 -8.82758e-07 -1.14696e-06 -2.09299e-06 -7.6083e-07
internal_weight=18686 6844 11842 2801 3295 8547 4043 7361 2643 1428 1186 1195 2032 3431 5933 2463 4479 1606 1109 1829 1454 1310 3019 2301 1460 1585
internal_count=18686 6844 11842 2801 3295 8547 4043 7361 2643 1428 1186 1195 2032 3431 5933 2463 4479 1606 1109 1829 1454 1310 3019 2301 1460 1585
is_linear=0
shrinkage=0.00469677


Tree=94
num_leaves=29
num_cat=0
split_feature=29 31 4 24 5 24 29 19 31 27 27 19 21 20 19 20 24 20 0 4 24 31 31 24 26 19 21 21
split_gain=0.00235429 0.00076679 0.000327038 0.000325684 0.000339345 0.000267757 0.000206284 0.000150942 0.000120836 0.00010946 9.80493e-05 9.04883e-05 0.000135904 8.50624e-05 8.158e-05 7.89272e-05 7.19925e-05 7.18244e-05 6.63491e-05 5.74481e-05 4.99271e-05 6.55965e-05 3.94801e-05 3.61269e-05 3.5016e-05 3.03435e-05 2.17037e-05 2.04539e-05
threshold=-0.50000000000000877 -1802.446653882226 27.500000000000004 0.9393245590397078 114.29881780157204 0.6569277309654159 -0.98473307571521806 0.1415681770122085 535.58318684227845 1.0000000180025095e-35 1.0000000180025095e-35 0.038520319904840429 -0.40476012864981076 0.50022549231717561 0.034143492055604539 0.50022549231717561 0.40203876839455804 0.15377424559909461 80.250000000000014 63.500000000000007 0.37435388890488669 4.7553804115887557 34.771339650097921 0.60316631481039706 -0.85373106329162896 0.11143529996964782 -0.43609283911472657 -0.31266903691633358
decision_type=10 10 8 10 10 10 10 10 10 8 10 8 8 10 10 10 10 10 10 10 10 10 10 10 10 10 10 8
left_child=2 5 6 8 10 15 14 -6 13 -7 22 16 -13 19 27 -2 -4 -14 23 -3 -15 25 -5 -19 -16 -22 -17 -1
right_child=1 3 11 4 7 9 -8 -9 -10 -11 -12 12 17 20 24 26 -18 18 -20 -21 21 -23 -24 -25 -26 -27 -28 -29
leaf_value=-4.0138785541005298e-06 -3.117704147269197e-06 1.7603052184410585e-06 -3.3402836349721217e-06 2.2501208441209047e-06 4.0554407804989383e-06 -2.8197267522092858e-07 -5.5643203643835331e-06 7.414286060119525e-06 -4.9237309701826867e-07 2.6029232211673936e-06 3.5611681447634663e-06 1.0113932250651513e-06 -4.2585246679795016e-07 3.4147964524655655e-06 -2.4485727507221043e-06 -1.6392140244237998e-06 -1.0963170689445473e-06 -1.8520545364836787e-06 -3.0188532398584758e-06 -3.8028418748629946e-07 3.492583368244819e-07 3.068216559564554e-06 4.5948255005795767e-07 -1.7738270854229963e-07 -9.9957932321280622e-07 1.9448385699830377e-06 -2.9371504026288183e-07 -2.7925676311385231e-06
leaf_weight=519 585 596 605 554 697 560 552 512 569 602 772 795 1609 681 685 530 659 655 631 516 503 664 533 502 795 551 528 726
leaf_count=519 585 596 605 554 697 560 552 512 569 602 772 795 1609 681 685 530 659 655 631 516 503 664 533 502 795 551 528 726
internal_value=6.51938e-09 1.56814e-06 -1.77326e-06 2.38479e-06 3.54093e-06 -5.12917e-07 -2.94604e-06 5.47791e-06 1.51541e-06 1.21258e-06 2.2812e-06 -1.06885e-06 -7.36699e-07 1.84081e-06 -2.41565e-06 -1.73329e-06 -2.17039e-06 -1.14582e-06 -1.79368e-06 7.6698e-07 2.33854e-06 1.9119e-06 1.37213e-06 -1.12548e-06 -1.67025e-06 1.18341e-06 -9.67768e-07 -3.30172e-06
internal_weight=18686 9953 8733 7148 3068 2805 3277 1209 4080 1162 1859 5456 4192 3511 2725 1643 1264 3397 1788 1112 2399 1718 1087 1157 1480 1054 1058 1245
internal_count=18686 9953 8733 7148 3068 2805 3277 1209 4080 1162 1859 5456 4192 3511 2725 1643 1264 3397 1788 1112 2399 1718 1087 1157 1480 1054 1058 1245
is_linear=0
shrinkage=0.00469677


Tree=95
num_leaves=27
num_cat=0
split_feature=29 31 29 32 33 4 26 11 27 3 14 13 2 33 13 17 26 21 17 22 17 22 14 27 21 14
split_gain=0.00233286 0.00072401 0.000370027 0.000207075 0.000232256 0.000199404 0.000167447 0.000191947 0.000119038 0.000121832 0.000105712 9.41437e-05 8.57263e-05 0.000204226 8.45464e-05 7.97379e-05 6.69606e-05 5.57802e-05 5.3158e-05 5.00566e-05 4.89608e-05 4.49214e-05 3.90845e-05 5.49421e-05 3.30314e-05 5.59945e-06
threshold=-0.66160453748142256 -1802.446653882226 -0.98730978877353526 -0.99775511321496635 8.5000000000000018 52.500000000000007 -0.93618956594195424 1.1997958546157739 1.0000000180025095e-35 623.50000000000011 -1.2156100478468905 -0.29767657897280714 80.350000000000009 8.5000000000000018 -0.22135888081544666 -0.23795243774837918 -0.8057200591575594 -0.37049105411565986 -0.034703991995690971 0.11841569540124282 -0.2124526452418953 0.20100539391829048 -1.5097829801777165 1.0000000180025095e-35 -0.33762301014680157 -1.4198991797676008
decision_type=10 10 10 10 2 8 10 10 8 10 2 8 10 2 10 10 10 8 10 8 10 8 2 10 10 2
left_child=2 8 5 4 -3 11 18 10 20 -10 12 15 22 -14 -13 21 -17 -7 -5 -19 -2 -1 -8 -24 25 -21
right_child=1 3 -4 6 -6 17 7 -9 9 -11 -12 14 13 -15 -16 16 -18 19 -20 24 -22 -23 23 -25 -26 -27
leaf_value=-1.5951885515234863e-06 -2.1944001842386714e-06 2.1512150103125673e-06 -4.5628308890922566e-06 -2.4749255967267658e-07 5.9448222759246608e-06 3.0103632451047034e-07 1.03207309882036e-06 5.0750371185098256e-06 2.2173530474039578e-06 -9.3258636614818541e-07 4.6720627822748183e-07 -4.5100441565516782e-06 1.4991946364681471e-06 5.2441435455770304e-06 -2.1955147617993328e-06 -1.6982320563020449e-06 4.4314102110126341e-07 -2.230456111357698e-06 1.5662023575372962e-06 -7.8612897752049736e-07 -5.9715195249789651e-07 -3.3544266180716512e-06 1.3065706629664091e-06 3.4443777850934902e-06 3.7825362379779561e-07 -1.4120874679001101e-06
leaf_weight=637 742 780 963 848 655 1000 891 504 563 522 796 586 661 625 858 805 537 573 615 809 986 644 535 526 508 517
leaf_count=637 742 780 963 848 655 1000 891 504 563 522 796 586 661 625 858 805 537 573 615 809 986 644 535 526 508 517
internal_value=6.48871e-09 1.51219e-06 -1.82259e-06 2.27999e-06 3.88282e-06 -1.46952e-06 1.89671e-06 2.34218e-06 -5.17423e-07 7.01868e-07 2.00073e-06 -2.17168e-06 2.37771e-06 3.31928e-06 -3.13481e-06 -1.64145e-06 -8.41339e-07 -6.31315e-07 5.14906e-07 -1.01868e-06 -1.28303e-06 -2.47964e-06 1.75738e-06 2.36644e-06 -6.40063e-07 -1.03021e-06
internal_weight=18686 10249 8437 7436 1435 7474 6001 4538 2813 1085 4034 4067 3238 1286 1444 2623 1342 3407 1463 2407 1728 1281 1952 1061 1834 1326
internal_count=18686 10249 8437 7436 1435 7474 6001 4538 2813 1085 4034 4067 3238 1286 1444 2623 1342 3407 1463 2407 1728 1281 1952 1061 1834 1326
is_linear=0
shrinkage=0.00469677


Tree=96
num_leaves=28
num_cat=0
split_feature=20 8 27 4 24 24 0 14 20 26 5 0 27 33 1 33 5 14 0 8 23 11 8 0 31 5 14
split_gain=0.00153658 0.000793319 0.000445477 0.000268189 0.000262371 0.00025828 0.000179366 0.000170079 0.000145511 0.0001024 9.81588e-05 9.61254e-05 0.000136111 9.81436e-05 8.3472e-05 0.000134587 7.13492e-05 6.60687e-05 5.46762e-05 5.17997e-05 4.87017e-05 3.8128e-05 3.27245e-05 3.4235e-05 1.15526e-05 1.08032e-05 4.92478e-06
threshold=0.77135405578028537 -0.010003463102031864 -0.049999999999998927 89.500000000000014 0.93026870185265176 0.85248209206933701 113.25000000000001 -1.6644736842105257 0.35325786294710881 -0.92030809957074455 114.29881780157204 1362.5000000000002 1.0000000180025095e-35 8.5000000000000018 114.25000000000001 8.5000000000000018 79.123083433370127 -1.5097829801777165 46.975000000000009 -0.037756428309185054 -0.073559235111538598 0.32077904228338072 -0.48940488128257797 114.75000000000001 -3.9551041115017198 59.432159462423748 -1.4706083390293905
decision_type=10 10 8 10 10 10 10 2 8 10 10 10 10 2 10 2 10 2 10 8 8 10 10 10 10 8 2
left_child=1 2 3 14 8 9 -7 -6 10 -2 -4 12 17 -14 -1 -16 -9 18 -10 -18 -19 -11 23 25 -24 -22 -27
right_child=5 -3 4 -5 7 6 -8 16 11 21 -12 -13 13 -15 15 -17 19 20 -20 -21 22 -23 24 -25 -26 26 -28
leaf_value=-2.3960118103218207e-06 1.6063876643037711e-07 3.7897619653740274e-06 -1.0205577131734457e-06 -1.3924825832654948e-07 2.8066025416619382e-06 2.7724480094378397e-06 5.9368885051315679e-06 1.0331975691012411e-06 -7.4518456690831271e-07 3.2475313821270007e-06 -3.33047196441755e-06 -2.5671330436813254e-06 -1.162081406778368e-07 2.4297074834610607e-06 -2.7855265177223923e-06 -6.0319497329004191e-06 -1.8129125094093285e-06 -2.4465593991425825e-06 1.1343811111350438e-06 2.8971977248496728e-07 -1.3409176703519586e-06 1.5285134153812122e-06 -6.7373861185286645e-07 -2.2387009162234246e-06 3.1596699738494143e-07 -9.3070747269866659e-07 -3.3213660598942387e-07
leaf_weight=939 651 847 838 741 695 848 740 955 751 646 787 503 873 541 608 525 510 505 626 524 738 509 530 530 511 585 630
leaf_count=939 651 847 838 741 695 848 740 955 751 646 787 503 873 541 608 525 510 505 626 524 738 509 530 530 511 585 630
internal_value=6.45824e-09 -6.28057e-07 -8.87104e-07 -2.56435e-06 -4.81488e-07 2.86534e-06 4.24708e-06 8.06466e-07 -8.6782e-07 1.65037e-06 -2.13929e-06 -5.85672e-07 -4.39527e-07 8.57842e-07 -3.43161e-06 -4.28986e-06 1.07557e-07 -7.78875e-07 1.09263e-07 -7.4733e-07 -1.08242e-06 2.49e-06 -8.8693e-07 -1.17999e-06 -1.87886e-07 -8.92665e-07 -6.20365e-07
internal_weight=18686 15292 14445 2813 11632 3394 1588 2684 8948 1806 1625 7323 6820 1414 2072 1133 1989 5406 1377 1034 4029 1155 3524 2483 1041 1953 1215
internal_count=18686 15292 14445 2813 11632 3394 1588 2684 8948 1806 1625 7323 6820 1414 2072 1133 1989 5406 1377 1034 4029 1155 3524 2483 1041 1953 1215
is_linear=0
shrinkage=0.00469677


Tree=97
num_leaves=28
num_cat=0
split_feature=29 8 20 4 28 29 5 28 13 19 27 8 19 16 23 1 33 27 7 4 16 4 13 4 13 19 33
split_gain=0.00229764 0.000605889 0.000459888 0.000319983 0.000299908 0.000202086 0.000142363 0.000144596 0.000130772 9.32748e-05 8.81434e-05 8.46703e-05 8.04866e-05 7.49943e-05 6.88763e-05 6.76132e-05 6.60911e-05 6.99235e-05 6.04403e-05 5.84153e-05 5.09886e-05 5.32619e-05 5.00724e-05 4.69241e-05 3.67456e-05 2.58336e-05 6.92968e-06
threshold=-0.50000000000000877 -0.11402028829989293 0.51987336601307199 27.500000000000004 4999.5000000000009 -0.98473307571521806 715.11389457711425 500.83333333334048 -0.32154790318680704 0.1173139392833687 1.0000000180025095e-35 -0.17671882151874077 0.034143492055604539 -0.32827502924463353 0.077687176254345416 146.75000000000003 7.5000000000000009 0.074999999999999303 -0.047495199287515132 92.500000000000014 -0.1063416664722064 11.500000000000002 -0.56699646225496414 41.500000000000007 -0.70498178859827021 0.11143529996964782 2.5000000000000004
decision_type=10 10 10 8 10 10 10 10 10 10 10 10 10 8 8 10 2 8 2 10 8 10 10 10 10 8 2
left_child=3 2 6 5 9 12 7 10 11 18 15 14 24 -4 -5 20 -15 -18 -3 25 21 -2 -14 -11 -1 -16 -27
right_child=1 4 13 8 -6 -7 -8 -9 -10 23 -12 -13 22 16 19 -17 17 -19 -20 -21 -22 -23 -24 -25 -26 26 -28
leaf_value=-4.2120568659540373e-06 -2.4533161489903124e-06 2.8573302941401506e-06 1.2848605646953201e-06 -2.1633146496816368e-06 6.3488038289502075e-06 -5.5033700381776241e-06 -2.1082064272640893e-06 2.335013182402346e-06 -2.633654891498541e-06 2.6636291557116214e-06 1.3149352365386124e-06 5.3877986392691317e-07 -4.4060655146277503e-07 1.7433941578706033e-06 -1.9694096469335457e-06 7.1549430453001525e-07 2.5359217725235328e-06 4.914408486570494e-06 7.1120780092901111e-07 4.9704634561649392e-07 2.0225735286132627e-07 -5.7356340200489131e-07 -2.2654686726889283e-06 4.6496597227623126e-06 -2.5778776705967559e-06 -1.1243092572249501e-06 -4.6437583248315834e-07
leaf_weight=525 649 530 845 912 597 552 646 629 955 549 735 934 502 598 530 703 564 528 638 700 557 682 978 503 720 627 798
leaf_count=525 649 530 845 912 597 552 646 629 955 549 735 934 502 598 530 703 564 528 638 700 557 682 978 503 720 627 798
internal_value=6.42786e-09 1.54915e-06 8.21053e-07 -1.75181e-06 3.39354e-06 -2.91187e-06 -6.39766e-08 2.69914e-07 -1.05504e-06 2.5988e-06 -1.20619e-07 -7.2009e-07 -2.3869e-06 2.42739e-06 -1.04973e-06 -5.27862e-07 2.99863e-06 3.68599e-06 1.68508e-06 -6.67195e-07 -9.90845e-07 -1.49016e-06 -1.64652e-06 3.61326e-06 -3.26702e-06 -1.08408e-06 -7.5477e-07
internal_weight=18686 9953 7136 8733 2817 3277 4601 3955 5456 2220 3326 4501 2725 2535 3567 2591 1690 1092 1168 2655 1888 1331 1480 1052 1245 1955 1425
internal_count=18686 9953 7136 8733 2817 3277 4601 3955 5456 2220 3326 4501 2725 2535 3567 2591 1690 1092 1168 2655 1888 1331 1480 1052 1245 1955 1425
is_linear=0
shrinkage=0.00469677


Tree=98
num_leaves=30
num_cat=0
split_feature=29 24 31 27 1 1 2 19 21 19 20 20 24 20 2 10 20 24 20 14 14 22 24 14 1 27 1 33 26
split_gain=0.00227611 0.000745609 0.00044161 0.000378538 0.000265114 0.000240512 0.000235823 0.000179566 0.000173094 0.000144193 0.000116034 9.81701e-05 9.31045e-05 8.14135e-05 8.04388e-05 7.72737e-05 7.63117e-05 8.58921e-05 4.63795e-05 4.44954e-05 4.15564e-05 3.77218e-05 3.55031e-05 3.59005e-05 4.00651e-05 3.31814e-05 2.7267e-05 7.2715e-06 1.87312e-06
threshold=-0.50000000000000877 0.85248209206933701 -1802.446653882226 0.12500000000000358 82.850000000000009 161.75000000000003 996.50000000000011 0.12714746618154718 -0.2215547738818136 0.067583482116630816 0.49473407104986061 0.18373911219921993 1.2471699534957836 0.48422653738713262 28.025000000000002 -18.749999999999996 0.49473407104986061 0.34199583402419892 0.50022549231717561 -1.4868421052631582 -1.5097829801777165 -0.10134160410495248 0.56203020573890217 -1.2565789473684215 78.15000000000002 1.0000000180025095e-35 40.775000000000006 2.5000000000000004 -0.99148176466132509
decision_type=10 10 10 10 10 10 10 10 10 8 10 10 10 10 8 8 10 10 10 2 2 10 8 2 8 10 10 2 10
left_child=4 2 10 8 14 9 11 -5 12 -6 -2 -7 -3 -13 -1 -16 -4 -18 -10 -19 -12 -20 26 24 -24 -21 -17 -26 -22
right_child=1 3 16 7 5 6 -8 -9 18 -11 20 13 -14 -15 15 22 17 19 21 25 28 -23 23 -25 27 -27 -28 -29 -30
leaf_value=-2.6967944080915776e-06 -3.208625369745675e-06 1.9469794210463742e-06 2.7663844540404212e-07 3.6406705133800792e-06 -6.3299041421824409e-06 5.0548345282072566e-07 -4.6999220752282663e-06 7.3685777595509513e-06 2.0199604273189395e-06 -3.0403297333966987e-06 4.0132496952071739e-07 -3.0783255802387653e-06 -6.686501869202531e-07 -7.2106137925961618e-07 8.2524831063986358e-07 -2.2159210247673092e-06 3.3047100376134037e-06 4.4189894443676559e-07 4.2759758905390914e-06 1.0118635684140797e-06 -1.0119610841538153e-06 2.6264392244206446e-06 6.0541227633434965e-07 -1.7083148002645012e-06 -1.210406651282521e-06 2.5418559033181799e-06 -9.6254496878061684e-07 -4.9720160143961271e-07 -1.4172908229668474e-06
leaf_weight=586 524 684 952 628 510 584 508 522 620 694 539 602 535 698 537 822 654 753 735 550 505 524 596 614 664 725 717 601 503
leaf_count=586 524 684 952 628 510 584 508 522 620 694 539 602 535 698 537 822 654 753 735 550 505 524 596 614 664 725 717 601 503
internal_value=6.39768e-09 1.54187e-06 4.32583e-07 3.03163e-06 -1.74358e-06 -2.72168e-06 -1.85988e-06 5.33285e-06 2.17739e-06 -4.43378e-06 -1.2984e-06 -1.09408e-06 7.98993e-07 -1.81268e-06 -1.05889e-06 -8.47978e-07 1.41907e-06 1.82457e-06 3.0716e-06 1.34723e-06 -6.5134e-07 3.58946e-06 -1.07183e-06 -7.23491e-07 -3.9855e-07 1.88189e-06 -1.63201e-06 -8.7159e-07 -1.21426e-06
internal_weight=18686 9953 5705 4248 8733 3596 2392 1150 3098 1204 2071 1884 1219 1300 5137 4551 3634 2682 1879 2028 1547 1259 4014 2475 1861 1275 1539 1265 1008
internal_count=18686 9953 5705 4248 8733 3596 2392 1150 3098 1204 2071 1884 1219 1300 5137 4551 3634 2682 1879 2028 1547 1259 4014 2475 1861 1275 1539 1265 1008
is_linear=0
shrinkage=0.00469677


Tree=99
num_leaves=29
num_cat=0
split_feature=30 24 24 1 19 19 8 30 27 5 32 4 20 4 13 24 19 11 32 33 8 33 19 19 8 5 33 33
split_gain=0.00144449 0.000614607 0.000428611 0.000312883 0.000263777 0.000246369 0.000227939 0.00021335 0.00026282 0.000237104 0.000146654 0.000122881 0.000119566 0.000127088 8.95758e-05 7.12965e-05 6.82683e-05 6.18082e-05 6.13578e-05 5.53392e-05 5.06136e-05 4.56505e-05 4.25567e-05 3.60393e-05 3.12017e-05 2.67967e-05 1.01666e-05 4.75381e-06
threshold=-0.00012952742967617585 0.85248209206933701 0.6569277309654159 82.850000000000009 0.10973332269256346 0.026349881132321739 -0.010003463102031864 -0.0002728471930297899 0.049999999999998941 80.428305843119446 0.49504950495048611 19.500000000000004 0.51987336601307199 16.500000000000004 -0.37865747754101248 0.51170836604237124 0.13062080481588065 0.088518646359954836 0.49504950495046868 7.5000000000000009 -0.61437164073653616 11.500000000000002 0.13402067017805361 0.10889659086745103 -0.068456433898213084 81.132177558986015 13.500000000000002 17.500000000000004
decision_type=10 10 8 10 10 10 10 8 10 10 10 10 10 10 8 10 8 10 8 2 10 2 10 8 8 10 2 2
left_child=2 5 10 16 -5 -2 7 9 18 -4 14 -12 13 -7 17 25 -3 -1 24 -19 -13 -14 -15 -21 -9 -16 -20 -26
right_child=1 3 6 4 -6 12 -8 8 -10 -11 11 20 21 22 15 -17 -18 19 26 23 -22 -23 -24 -25 27 -27 -28 -29
leaf_value=7.4134005466773389e-07 -2.1474775871513452e-06 1.0638971438491876e-06 -5.6098415642964777e-08 2.7699188283760293e-06 7.2491984506997823e-06 -1.6340167896476424e-06 2.9177119411686464e-06 -5.4103229974367073e-07 3.031630502509599e-06 -3.5311346931890699e-06 -4.3589663053871645e-06 -8.5689665341290753e-07 2.745550836484765e-06 3.341454388371399e-07 -2.0651326620144678e-06 -6.6820690566843464e-07 3.0393747723982182e-06 1.3518275477988378e-07 -1.2518224461836902e-06 -2.5250662949785582e-06 -2.702846217419917e-06 1.1273996586842904e-06 2.1359130197990384e-06 -8.0995998867638629e-07 1.10977856760194e-06 -3.5295349742634288e-06 -4.6313303368743212e-07 4.9810134547463073e-07
leaf_weight=521 615 738 900 512 669 546 511 597 629 835 757 525 874 675 548 503 809 523 979 579 872 687 506 507 532 555 571 593
leaf_count=521 615 738 900 512 669 546 511 597 629 835 757 525 874 675 548 503 809 523 979 579 872 687 506 507 532 555 571 593
internal_value=1.61875e-08 1.77645e-06 -9.53514e-07 3.48681e-06 5.30732e-06 5.80993e-07 -8.59513e-08 -3.58291e-07 2.5113e-07 -1.72854e-06 -1.85893e-06 -2.83498e-06 1.09135e-06 2.39807e-07 -1.29617e-06 -2.13372e-06 2.09699e-06 -6.64644e-07 -2.83375e-07 -1.11993e-06 -2.00915e-06 2.03342e-06 1.10614e-06 -1.7244e-06 3.26818e-07 -2.80201e-06 -9.61301e-07 7.87386e-07
internal_weight=18668 6631 12037 2728 1181 3903 6147 5636 3901 1735 5890 2154 3288 1727 3736 1606 1547 2130 3272 1609 1397 1561 1181 1086 1722 1103 1550 1125
internal_count=18668 6631 12037 2728 1181 3903 6147 5636 3901 1735 5890 2154 3288 1727 3736 1606 1547 2130 3272 1609 1397 1561 1181 1086 1722 1103 1550 1125
is_linear=0
shrinkage=0.00469677


Tree=100
num_leaves=30
num_cat=0
split_feature=29 21 4 29 11 17 32 33 11 21 13 13 1 1 16 4 22 8 27 8 17 27 4 1 33 26 33 33 33
split_gain=0.00233848 0.000499063 0.000325324 0.000253854 0.00022653 0.000199773 0.000165626 0.000160586 0.00011213 8.99406e-05 8.67529e-05 7.83833e-05 7.63208e-05 7.21013e-05 6.53655e-05 6.00313e-05 5.96986e-05 5.11797e-05 4.91002e-05 4.81683e-05 4.73874e-05 4.42726e-05 3.99811e-05 3.40168e-05 3.10074e-05 2.84039e-05 2.27084e-05 2.01031e-05 1.16455e-05
threshold=-0.50253164103948544 -0.2215547738818136 51.500000000000007 -0.98730978877353526 1.1997958546157739 -0.10564295043562753 -0.99634683855938355 8.5000000000000018 0.51176812245251468 -0.36485522472490517 -0.38706834268620088 -0.35461074251835117 160.25000000000003 79.550000000000011 -0.67559471086410128 4.5000000000000009 -0.081945388807396782 -0.40110264918927757 0.049999999999998941 -0.11764203154219885 -0.23275730347653792 -0.049999999999998927 2.5000000000000004 158.25000000000003 8.5000000000000018 -0.90278373416711488 17.500000000000004 14.500000000000002 9.5000000000000018
decision_type=10 10 8 10 10 10 10 2 8 10 10 10 10 10 10 10 8 10 10 10 8 8 10 8 2 10 2 2 2
left_child=2 5 3 9 6 8 7 -3 15 17 12 16 21 -7 19 -2 -11 20 25 -8 -1 -4 -10 -23 -20 -16 -24 -27 -25
right_child=1 4 10 -5 -6 13 14 -9 22 11 -12 -13 -14 -15 18 -17 -18 -19 24 -21 -22 23 26 28 -26 27 -28 -29 -30
leaf_value=-4.627062234924518e-06 -2.5971237726074894e-06 2.1086465610600346e-06 -2.0092959682221176e-06 -5.2496413271675001e-06 5.2630758830658402e-06 6.243279458748864e-07 -2.2337304904171491e-07 5.4934534212669233e-06 -6.3521820490029177e-07 4.1782201665469392e-07 -2.2800826447852454e-06 -2.6915299231347424e-06 1.2169172842884954e-06 2.8255559523164655e-06 5.7217925316061494e-07 -5.0797456717828298e-07 -1.5841359951394214e-06 -1.940242035677076e-06 1.8532444354535661e-06 1.7358897844459764e-06 -2.6427665039411706e-06 2.0050590740360531e-07 1.6661996636358009e-06 -1.3453777985565445e-06 3.3046749032987634e-06 2.5384540812158059e-06 3.1158244605480835e-07 1.2591142818974106e-06 -4.309060100539378e-07
leaf_weight=517 556 686 514 687 567 602 583 563 530 504 700 839 507 722 509 668 944 657 552 527 546 937 506 764 789 558 593 527 514
leaf_count=517 556 686 514 687 567 602 583 563 530 504 700 839 507 722 509 668 944 657 552 527 546 937 506 764 789 558 593 527 514
internal_value=1.61115e-08 1.55746e-06 -1.7767e-06 -2.61175e-06 2.44156e-06 3.16919e-07 2.13936e-06 3.63441e-06 -3.828e-07 -2.15948e-06 -7.80837e-07 -1.54921e-06 -4.56515e-07 1.82472e-06 1.67771e-06 -1.45699e-06 -8.87299e-07 -2.9709e-06 2.04489e-06 7.06805e-07 -3.60788e-06 -7.67421e-07 4.24309e-07 -4.79224e-07 2.70724e-06 1.48765e-06 9.35304e-07 1.91709e-06 -9.77612e-07
internal_weight=18668 10038 8630 4694 5861 4177 5294 1249 2853 4007 3936 2287 3236 1324 4045 1224 1448 1720 2935 1110 1063 2729 1629 2215 1341 1594 1099 1085 1278
internal_count=18668 10038 8630 4694 5861 4177 5294 1249 2853 4007 3936 2287 3236 1324 4045 1224 1448 1720 2935 1110 1063 2729 1629 2215 1341 1594 1099 1085 1278
is_linear=0
shrinkage=0.00469677


Tree=101
num_leaves=28
num_cat=0
split_feature=29 19 11 29 20 20 13 27 29 13 16 8 0 9 8 1 20 8 1 0 32 27 26 19 13 20 14
split_gain=0.00231657 0.000548293 0.000363641 0.000315965 0.000310884 0.000156208 0.000153078 0.000152804 0.000111711 9.42768e-05 9.97704e-05 9.2238e-05 7.38951e-05 6.38857e-05 5.82577e-05 6.18567e-05 5.69739e-05 5.49413e-05 6.42994e-05 5.32055e-05 4.50567e-05 4.08082e-05 3.97633e-05 3.77854e-05 3.4964e-05 1.97605e-05 8.35548e-06
threshold=-0.50253164103948544 0.13402067017805361 1.0341098245413434 -0.9875079596822619 0.80258885850991124 0.8500217781282069 -0.37865747754101248 -1.0000000180025095e-35 -0.98112073739212657 -0.71524171137992065 -0.67559471086410128 -0.17671882151874077 113.25000000000001 0.10299336765693219 -0.26488663089617043 259.75000000000006 0.50022549231717561 -0.71424293075438527 59.850000000000001 79.950000000000017 0.54991501449735058 1.0000000180025095e-35 -0.82761301815090438 0.074760299657883639 -0.70498178859827021 0.50193172646320339 -1.3055365686944638
decision_type=10 10 10 10 10 10 10 8 10 8 8 10 10 2 10 10 10 8 10 10 10 10 10 10 10 10 2
left_child=3 4 5 6 7 16 11 -2 -5 -9 -11 17 13 -8 15 25 -3 -1 20 -6 26 -18 -16 -13 -20 -12 -19
right_child=1 2 -4 8 19 -7 12 9 -10 10 14 23 -14 -15 22 -17 21 18 24 -21 -22 -23 -24 -25 -26 -27 -28
leaf_value=-1.1746610657847109e-07 -2.1543956993323751e-06 8.7657961334806718e-07 6.6513468589218341e-06 -5.3745568980189019e-06 1.7939841919692372e-06 4.7664890339557466e-06 -2.6770596758141296e-06 1.8052465723271754e-06 -2.4844514327666776e-06 -1.4453301526234601e-06 1.4459734232910378e-06 -6.0651567434515061e-07 -3.5640281953733941e-06 -4.9076302894979356e-07 5.5805023650035137e-07 -9.0130126417861626e-07 1.5013631291979547e-06 -5.6173575846710814e-07 -3.1853684162483003e-06 3.599537143428554e-06 -2.358825571880962e-06 3.0975329080578963e-06 2.385732875615656e-06 1.0943644970922878e-06 -1.5363191035932326e-06 2.3199147416984504e-07 -1.235965574875789e-06
leaf_weight=704 523 786 538 630 705 514 699 996 555 682 523 623 847 510 546 840 598 1274 649 736 504 864 506 536 504 681 595
leaf_count=704 523 786 538 630 705 514 699 996 555 682 523 623 847 510 546 840 598 1274 649 736 504 864 506 536 504 681 595
internal_value=1.60358e-08 1.55014e-06 3.11867e-06 -1.76836e-06 7.81937e-07 2.43054e-06 -1.40981e-06 2.55731e-07 -4.02099e-06 5.19772e-07 1.80871e-07 -9.93812e-07 -2.50017e-06 -1.75483e-06 5.39109e-07 7.68773e-08 1.89642e-06 -1.31545e-06 -1.55463e-06 2.71621e-06 -1.1125e-06 2.44468e-06 1.43718e-06 1.80058e-07 -2.46456e-06 7.59355e-07 -7.76396e-07
internal_weight=18668 10038 3300 8630 6738 2762 7445 5297 1185 4774 3778 5389 2056 1209 3096 2044 2248 4230 3526 1441 2373 1462 1052 1159 1153 1204 1869
internal_count=18668 10038 3300 8630 6738 2762 7445 5297 1185 4774 3778 5389 2056 1209 3096 2044 2248 4230 3526 1441 2373 1462 1052 1159 1153 1204 1869
is_linear=0
shrinkage=0.00469677


Tree=102
num_leaves=29
num_cat=0
split_feature=29 24 28 31 29 11 13 24 21 29 8 23 22 15 0 31 0 23 0 5 22 31 7 19 24 15 21 33
split_gain=0.00229486 0.000650916 0.000461714 0.000371368 0.000313004 0.000271158 0.000151643 0.000147736 0.000129805 0.000110664 9.13736e-05 0.000132083 8.68218e-05 0.000100172 7.32026e-05 6.32655e-05 6.06875e-05 5.14442e-05 4.9832e-05 0.000104422 4.67917e-05 4.09641e-05 4.01231e-05 3.71672e-05 3.12591e-05 2.08547e-05 2.87659e-05 1.42301e-05
threshold=-0.50253164103948544 0.85248209206933701 2999.5000000000432 -2629.297603976524 -0.9875079596822619 1.1997958546157739 -0.37865747754101248 0.30651065962148416 -0.2215547738818136 -0.98112073739212657 -0.17671882151874077 0.077687176254345416 -0.045982501092475127 -0.20846606246103958 113.25000000000001 -6.8422489415492356 47.57500000000001 0.074359079049774138 260.25000000000006 79.905532809910071 -0.30873720076278549 -96.898130204991332 0.015438505952950644 0.071629110555824951 0.55074370033750131 -0.66216480881333795 -0.13838426260679157 9.5000000000000018
decision_type=10 10 10 10 10 10 10 10 8 10 10 8 10 8 10 10 10 10 10 10 10 8 2 8 10 10 10 2
left_child=4 3 5 7 6 8 10 -2 -3 -6 11 15 13 16 22 -1 -10 25 19 -19 -12 -13 -8 -23 -9 -5 -27 -25
right_child=1 2 -4 17 9 -7 14 24 12 -11 20 21 -14 -15 -16 -17 -18 18 -20 -21 -22 23 -24 27 -26 26 -28 -29
leaf_value=-3.6496844698569223e-06 -3.2672593571663157e-06 -3.9217240495214315e-07 6.2986676592891271e-06 6.9504324692019375e-08 -5.3493137905134934e-06 5.3178820374353795e-06 -2.5805741715827522e-06 -1.0121280375343727e-06 2.3835784459066357e-06 -2.4727825234125212e-06 -7.6365810574979871e-07 4.2520823297987087e-07 4.3714184992205481e-07 1.2261326406498962e-06 -3.5472887642778783e-06 -1.6110233691930027e-06 4.4919203847534709e-06 1.4301372340790452e-06 8.7169169112887605e-07 4.1152396968472337e-06 1.1237677051897131e-06 -2.1095858156642775e-06 -8.6864754374051582e-07 -1.0887197323362076e-06 3.1005645671934767e-07 4.0073248177482605e-07 1.9721898991457081e-06 -2.5341860855291307e-07
leaf_weight=603 510 547 742 580 630 531 620 799 608 555 580 542 522 733 847 758 597 867 689 506 579 524 589 939 779 516 512 864
leaf_count=603 510 547 742 580 630 531 620 799 608 555 580 542 522 733 847 758 597 867 689 506 579 524 589 939 779 516 512 864
internal_value=1.59605e-08 1.54286e-06 2.93011e-06 5.11699e-07 -1.76005e-06 2.22363e-06 -1.40319e-06 -1.06966e-06 1.67721e-06 -4.00211e-06 -9.89144e-07 -1.30928e-06 2.13737e-06 2.59531e-06 -2.48843e-06 -2.51429e-06 3.42815e-06 1.4114e-06 1.90247e-06 2.41972e-06 1.79212e-07 -7.37628e-07 -1.74659e-06 -1.00849e-06 -3.59394e-07 7.81666e-07 1.18344e-06 -6.88461e-07
internal_weight=18668 10038 4280 5758 8630 3538 7445 2088 3007 1185 5389 4230 2460 1938 2056 1361 1205 3670 2062 1373 1159 2869 1209 2327 1578 1608 1028 1803
internal_count=18668 10038 4280 5758 8630 3538 7445 2088 3007 1185 5389 4230 2460 1938 2056 1361 1205 3670 2062 1373 1159 2869 1209 2327 1578 1608 1028 1803
is_linear=0
shrinkage=0.00469677


Tree=103
num_leaves=31
num_cat=0
split_feature=28 30 31 21 3 13 23 21 0 16 27 5 20 14 31 9 30 20 6 16 17 23 1 1 20 1 17 20 3 14
split_gain=0.00147493 0.000685211 0.00035292 0.00025664 0.000231771 0.000209376 0.000190051 0.000116268 0.000114772 0.000163162 9.79195e-05 0.00014977 8.72954e-05 8.03798e-05 8.00289e-05 6.57602e-05 5.70192e-05 5.58052e-05 4.96872e-05 4.91376e-05 4.72821e-05 4.50137e-05 4.43874e-05 5.85108e-05 3.84874e-05 2.92206e-05 2.59024e-05 1.64125e-05 8.06436e-06 1.32336e-07
threshold=1.9999999999998936 -4.0872996535463596e-05 1104.9614668438314 -0.39022991586399552 998.50000000000011 -0.39107933514731424 -0.65136781487007755 -0.2215547738818136 113.25000000000001 -0.57466677820730749 -0.049999999999998927 160.31825799426397 0.87748134200588157 -1.5097829801777165 -0.18956169404085246 0.17433527711888977 7.7852106022392782e-05 0.1872198132052881 -0.17177221329731387 -0.68009954759550173 -0.23795243774837918 -0.01847593332582775 259.75000000000006 79.950000000000017 0.48687407612117978 41.925000000000004 -0.28036781860304083 0.80865281511311615 624.50000000000011 -1.4706083390293905
decision_type=10 10 10 10 10 10 10 10 10 10 8 10 10 2 10 2 10 8 2 8 10 10 10 10 10 10 10 10 8 2
left_child=1 2 4 -3 5 10 -2 -4 15 -10 11 18 22 19 -5 24 -16 -15 -1 -12 26 -22 23 27 -7 -21 28 -8 -19 -30
right_child=6 3 7 14 -6 8 12 -9 9 -11 13 -13 -14 17 16 -17 -18 20 -20 25 21 -23 -24 -25 -26 -27 -28 -29 29 -31
leaf_value=-1.8089053079174441e-06 5.0963939315574376e-06 -1.4510430317468248e-06 -2.4390527065445932e-08 1.1655577397880231e-06 -3.8227648839237477e-06 -2.9246296958998088e-06 2.0838927825097414e-06 3.1516826567728604e-06 -4.660398012721215e-06 -1.3332437955643519e-06 -7.0336182023273649e-07 3.0398577298274041e-07 3.9364052621225648e-06 -2.0362949456530549e-06 1.8917172223791671e-06 4.0929035325914862e-08 3.9089540727748763e-06 -1.8974964125040127e-07 -3.8724944536994204e-06 2.7308104696263605e-07 1.237243054847788e-06 -5.3685174652825853e-07 6.9813367228578267e-07 3.5290813046248792e-06 -1.1887094540944704e-06 1.8419264321647696e-06 -1.6540477097039315e-06 1.0117569120671697e-06 -9.0173319919960546e-07 -8.0145267210419323e-07
leaf_weight=523 616 504 508 849 763 529 835 509 757 570 550 502 541 675 547 503 711 602 507 543 512 822 566 525 603 506 789 506 655 540
leaf_count=523 616 504 508 849 763 529 835 509 757 570 550 502 541 675 547 503 711 602 507 543 512 822 566 525 603 506 789 506 655 540
internal_value=1.58855e-08 -6.28189e-07 -1.08637e-06 1.55967e-06 -1.32186e-06 -1.14332e-06 2.72194e-06 1.56517e-06 -2.20502e-06 -3.23128e-06 -7.36282e-07 -1.79949e-06 2.22995e-06 -4.73308e-07 2.27986e-06 -1.37207e-06 3.03185e-06 -7.88933e-07 -2.8247e-06 4.33677e-07 -5.74137e-07 1.44035e-07 1.85033e-06 2.1998e-06 -1.99996e-06 1.02987e-06 -9.44622e-07 1.67937e-06 -6.33119e-07 -8.56446e-07
internal_weight=18668 15079 12468 2611 11451 10688 3589 1017 2962 1327 7726 1532 2973 6194 2107 1635 1258 4595 1030 1599 3920 1334 2432 1866 1132 1049 2586 1341 1797 1195
internal_count=18668 15079 12468 2611 11451 10688 3589 1017 2962 1327 7726 1532 2973 6194 2107 1635 1258 4595 1030 1599 3920 1334 2432 1866 1132 1049 2586 1341 1797 1195
is_linear=0
shrinkage=0.00469677


Tree=104
num_leaves=28
num_cat=0
split_feature=28 32 24 32 11 24 0 27 30 13 22 5 4 25 5 30 27 24 7 23 4 0 26 20 22 0 14
split_gain=0.00146111 0.000697706 0.000572235 0.000293456 0.000293094 0.000255563 0.000355976 0.000222265 0.000147813 9.80616e-05 9.2554e-05 8.45375e-05 8.33355e-05 7.3672e-05 7.0675e-05 6.30797e-05 6.0324e-05 5.5934e-05 4.67849e-05 5.66196e-05 4.1471e-05 4.03053e-05 3.64718e-05 2.02328e-05 1.86066e-05 1.72611e-05 2.36634e-06
threshold=1.9999999999998936 -0.54879228150145987 0.9661794809604658 0.99552040593843538 1.2544628245512093 0.85248209206933701 82.850000000000009 -0.049999999999998927 -8.1141473023631767e-05 -0.38706834268620088 -0.010029770374564347 78.491896879072087 38.500000000000007 -0.28011507030736105 79.059202970297051 -0.00032216297777082966 0.049999999999998941 0.53195060630305779 -0.030390392279886717 0.26730188024691165 54.500000000000007 275.25000000000006 -0.9853329757252417 0.49067653729588762 -0.58550075542741131 2352.5000000000005 -1.4198991797676008
decision_type=10 8 10 10 10 10 10 8 8 10 8 10 10 2 10 8 10 10 2 10 10 10 10 8 10 8 2
left_child=1 16 3 7 8 20 -7 12 11 13 -5 -4 -3 14 -9 -11 -1 -17 24 23 21 -2 -10 -20 -15 -25 -27
right_child=5 2 4 10 -6 6 -8 9 22 15 -12 -13 -14 18 -16 17 -18 -19 19 -21 -22 -23 -24 25 -26 26 -28
leaf_value=1.8072085372123433e-06 2.777680938055638e-06 -3.6281886531413695e-06 5.8655641998971767e-07 -2.1142733466383781e-06 4.0650370595570604e-06 2.1301701907560887e-06 6.4675311042492976e-06 -6.0478432226479912e-07 7.5027320398134509e-07 -3.1500673968253379e-06 -4.6273519475088061e-06 -1.5491358414247288e-06 -1.590720677262987e-06 7.3271647364499222e-07 1.5264156685763295e-06 -2.0505294634907632e-06 4.0276232759533526e-06 -1.2978232611879053e-07 -1.5468635337501734e-06 -2.4502631273465443e-06 5.9158669442413427e-07 1.0488372139235853e-06 2.4956645508468699e-06 -9.6628277500139361e-08 -5.4101112705285053e-07 -7.7180764683488921e-07 -1.1804618036892826e-06
leaf_weight=502 699 912 701 581 516 951 744 688 555 504 729 981 861 509 685 759 584 598 611 537 677 518 504 939 503 810 510
leaf_count=502 699 912 701 581 516 951 744 688 555 504 729 981 861 509 685 759 584 598 611 537 677 518 504 939 503 810 510
internal_value=1.58109e-08 -6.25239e-07 -9.06696e-07 -1.42984e-06 8.17721e-07 2.70916e-06 4.03402e-06 -1.14035e-06 2.06393e-07 -7.932e-07 -3.5128e-06 -6.59033e-07 -2.63878e-06 -4.91827e-07 4.58463e-07 -1.73115e-06 3.00127e-06 -1.20412e-06 -7.87094e-07 -1.05048e-06 1.52348e-06 2.04185e-06 1.58097e-06 -7.8856e-07 9.95956e-08 -5.83444e-07 -9.29722e-07
internal_weight=18668 15079 13993 10736 3257 3589 1695 9426 2741 7653 1310 1682 1773 5792 1373 1861 1086 1357 4419 3407 1894 1217 1059 2870 1012 2259 1320
internal_count=18668 15079 13993 10736 3257 3589 1695 9426 2741 7653 1310 1682 1773 5792 1373 1861 1086 1357 4419 3407 1894 1217 1059 2870 1012 2259 1320
is_linear=0
shrinkage=0.00469677


Tree=105
num_leaves=28
num_cat=0
split_feature=28 32 24 32 11 24 0 17 31 19 19 13 8 17 20 17 5 24 31 4 17 17 4 0 31 28 31
split_gain=0.00144742 0.000691167 0.000566872 0.000290706 0.000290347 0.000253168 0.00035264 0.000235665 0.000168064 0.000133168 0.000127171 0.000112503 9.73113e-05 9.27942e-05 7.12745e-05 8.6786e-05 7.82988e-05 6.43301e-05 5.3434e-05 4.84507e-05 5.1415e-05 4.45608e-05 4.10823e-05 3.99275e-05 3.62242e-05 1.48681e-05 8.73994e-06
threshold=1.9999999999998936 -0.54879228150145987 0.9661794809604658 0.99552040593843538 1.2544628245512093 0.85248209206933701 82.850000000000009 -0.45933126560938725 -25.7190578640665 0.20687101841019992 0.047008941771098926 -0.39741683202219563 -0.50988939311503712 -0.23795243774837918 0.16207031337050462 -0.10564295043562753 79.837836941692203 0.53195060630305779 1104.9614668438314 73.500000000000014 -0.19312157548074479 -0.31676743386771883 54.500000000000007 275.25000000000006 -38.477816738203465 -1.0658141036401098e-13 -6.5997867323834329
decision_type=10 8 10 10 10 10 10 8 8 10 8 10 10 10 8 10 10 10 8 10 8 10 10 10 8 10 8
left_child=1 21 3 7 10 22 -7 12 -5 11 -4 14 -3 -12 -9 19 -17 24 -15 20 26 -1 23 -2 -13 -22 -16
right_child=5 2 4 8 -6 6 -8 9 -10 -11 13 17 -14 18 15 16 -18 -19 -20 -21 25 -23 -24 -25 -26 -27 -28
leaf_value=1.9907911672089494e-06 2.7646347785234184e-06 -4.7372967543573143e-06 -1.6735680822249423e-06 -1.5371416773115808e-06 4.0459445395134269e-06 2.1201652551007032e-06 6.4371545622683334e-06 -2.2737951025264246e-06 -4.9409393732692523e-06 1.1424047319940933e-06 -7.169442936701385e-07 -1.7762114533853942e-06 -1.8368334299188821e-06 6.1559189195803725e-07 -2.3327184997380482e-06 -6.3916242441766932e-07 1.632521814826244e-06 -9.6872613083966022e-07 2.421753003956208e-06 3.4792173061219204e-07 -9.4964595257621017e-07 3.8957965059313546e-06 5.888081417595576e-07 1.0439110325257581e-06 -3.4469624142766037e-06 -9.1968745583016876e-08 -1.499215076178735e-06
leaf_weight=518 699 503 616 556 516 951 744 588 754 664 657 504 518 825 596 678 661 759 643 580 1569 568 677 518 663 623 520
leaf_count=518 699 503 616 556 516 951 744 588 754 664 657 504 518 825 596 678 661 759 643 580 1569 568 677 518 663 623 520
internal_value=1.57366e-08 -6.22302e-07 -9.02437e-07 -1.42312e-06 8.1388e-07 2.69643e-06 4.01508e-06 -1.13499e-06 -3.4963e-06 -8.76152e-07 2.05424e-07 -1.0493e-06 -3.26579e-06 7.50126e-07 -7.23428e-07 -5.49017e-07 4.82234e-07 -2.03317e-06 1.40673e-06 -9.04181e-07 -1.12373e-06 2.98718e-06 1.51632e-06 2.03226e-06 -2.72543e-06 -7.05896e-07 -1.94438e-06
internal_weight=18668 15079 13993 10736 3257 3589 1695 9426 1310 8405 2741 7741 1021 2125 5815 5227 1339 1926 1468 3888 3308 1086 1894 1217 1167 2192 1116
internal_count=18668 15079 13993 10736 3257 3589 1695 9426 1310 8405 2741 7741 1021 2125 5815 5227 1339 1926 1468 3888 3308 1086 1894 1217 1167 2192 1116
is_linear=0
shrinkage=0.00469677


Tree=106
num_leaves=30
num_cat=0
split_feature=29 24 31 19 2 4 29 20 24 16 19 31 24 21 16 24 14 31 26 24 23 22 24 4 20 19 4 20 33
split_gain=0.00222206 0.000631019 0.00035903 0.000351445 0.000514808 0.000316241 0.000244674 0.000187024 0.000145672 9.85632e-05 9.17326e-05 8.62445e-05 0.000125625 8.73441e-05 8.15419e-05 7.76118e-05 7.1191e-05 6.0896e-05 6.30067e-05 3.76856e-05 5.08249e-05 3.17414e-05 3.06506e-05 2.97709e-05 2.66672e-05 1.97631e-05 1.87582e-05 1.80607e-05 9.41475e-07
threshold=-0.50253164103948544 0.85248209206933701 -2629.297603976524 0.14416123697521988 82.750000000000014 51.500000000000007 -0.98730978877353526 0.8508170168638175 0.30651065962148416 -0.69840920535244044 0.024615091914549594 -51.38212894110324 0.83642709638018931 -0.26975886796171256 -0.95614728699920881 0.28641333569251898 -1.3529562542720439 -4.145663282480883 -0.74103653519791157 0.50534465310253085 0.043463152319437988 -0.054477262229859387 0.55074370033750131 16.500000000000004 0.48874560302042186 0.079234015145746226 11.500000000000002 0.51987336601307199 11.500000000000002
decision_type=10 10 10 10 10 8 10 10 10 10 10 8 8 10 10 10 2 10 10 10 10 8 10 10 10 10 10 10 2
left_child=5 2 8 7 -5 6 10 16 -2 -4 26 -7 13 -13 28 -11 21 24 25 -17 27 -3 -10 -18 -12 -19 -1 -21 -14
right_child=1 3 9 4 -6 11 -8 -9 22 15 17 12 14 -15 -16 19 23 18 -20 20 -22 -23 -24 -25 -26 -27 -28 -29 -30
leaf_value=-3.7881793912693953e-06 -3.2341870664833058e-06 3.0407801450650446e-06 -1.2486697176035967e-07 2.2889523190065611e-06 8.032570500521348e-06 8.4403468821413399e-07 -5.1450200800648038e-06 4.4304862298605796e-06 -9.930599196921941e-07 3.3613816179904473e-06 -1.7684178434305508e-06 -1.2328841495075685e-06 -7.7434505400416613e-07 -3.6260284212552917e-06 1.2740692039839221e-06 5.639021252138162e-07 -1.4943525885563914e-07 -2.343746006830772e-06 2.9454020588731777e-07 6.1875899688929071e-07 3.0075277341385924e-06 1.4988054291903597e-06 3.1619108531560775e-07 1.375929342106919e-06 -3.1867557589712333e-06 -1.055412570709548e-06 -2.635417609874058e-06 1.8522197178492338e-06 -1.0329450629463597e-06
leaf_weight=575 510 522 755 782 615 629 687 543 799 554 616 960 734 518 554 781 632 521 528 533 532 676 779 510 557 530 680 515 541
leaf_count=575 510 522 755 782 615 629 687 543 799 554 616 960 734 518 554 781 632 521 528 533 532 676 779 510 557 530 680 515 541
internal_value=1.56627e-08 1.51815e-06 5.0287e-07 2.88403e-06 4.81748e-06 -1.73196e-06 -2.55526e-06 1.94713e-06 -1.052e-06 1.3875e-06 -2.11124e-06 -7.50088e-07 -1.0533e-06 -2.07164e-06 -2.30376e-07 1.77923e-06 1.37085e-06 -1.63131e-06 -1.0291e-06 1.40796e-06 1.82517e-06 2.17071e-06 -3.4671e-07 5.3174e-07 -2.44195e-06 -1.69409e-06 -3.1636e-06 1.22493e-06 -8.84099e-07
internal_weight=18668 10038 5758 4280 1397 8630 4694 2883 2088 3670 4007 3936 3307 1478 1829 2915 2340 2752 1579 2361 1580 1198 1578 1142 1173 1051 1255 1048 1275
internal_count=18668 10038 5758 4280 1397 8630 4694 2883 2088 3670 4007 3936 3307 1478 1829 2915 2340 2752 1579 2361 1580 1198 1578 1142 1173 1051 1255 1048 1275
is_linear=0
shrinkage=0.00469677


Tree=107
num_leaves=28
num_cat=0
split_feature=29 24 28 4 29 19 27 32 5 19 8 19 13 7 5 13 5 30 24 33 27 19 6 4 9 4 33
split_gain=0.00220124 0.000625105 0.00044156 0.000313278 0.000242381 0.00021927 0.000205883 0.000120079 0.000110103 9.08729e-05 9.57944e-05 8.91999e-05 8.3905e-05 8.18042e-05 7.61743e-05 6.32778e-05 5.79282e-05 5.71293e-05 4.1715e-05 4.16846e-05 3.94504e-05 3.74248e-05 3.67287e-05 3.617e-05 2.1882e-05 1.85824e-05 1.72318e-05
threshold=-0.50253164103948544 0.85248209206933701 2999.5000000000432 51.500000000000007 -0.98730978877353526 0.13179474422536516 -1.0000000180025095e-35 -0.33316675920373867 78.94898139656523 0.024615091914549594 -0.13026813001915952 0.1283885479017938 -0.38706834268620088 0.015438505952950644 160.31825799426397 -0.6008934453227931 114.16599462365595 -0.00042333198378491501 1.039136375168396 15.500000000000002 -0.049999999999998927 0.077513813695434572 -0.26261048496328898 29.500000000000004 -0.12111792219163177 11.500000000000002 14.500000000000002
decision_type=10 10 10 8 10 10 10 10 10 10 10 10 10 2 10 8 10 10 10 2 8 10 2 10 2 10 2
left_child=3 6 5 4 9 13 -2 22 -7 25 17 15 14 18 20 -9 -17 -11 -3 -20 -5 26 -8 -24 -19 -1 -22
right_child=1 2 -4 12 -6 8 7 11 -10 10 -12 -13 -14 -15 -16 16 -18 24 19 -21 21 -23 23 -25 -26 -27 -28
leaf_value=-3.7703871802273542e-06 -2.0310509474523643e-06 3.0438553656566182e-06 6.1647032385973045e-06 -1.9196016749847056e-06 -5.1208550861535513e-06 2.5543618939421626e-06 2.8866454248321693e-06 9.2934612347484123e-07 5.4174539735585666e-06 -3.4605969311757597e-06 -1.375157742670881e-07 1.4857792354682661e-06 -2.2209968259401911e-06 3.112174168671772e-08 1.2230321289772497e-06 3.645273031517125e-07 -1.4290840093066597e-06 -8.7537198771252596e-07 2.3208683332927277e-06 4.9205515804233067e-07 -1.2119069440655697e-06 6.3980955610219128e-07 2.2727091207174203e-06 6.4070512031200703e-07 -2.0743120270809051e-06 -2.623039661233028e-06 -2.5270876397850586e-07
leaf_weight=575 631 508 742 510 687 677 507 767 527 534 710 995 700 726 518 667 982 505 556 544 979 514 548 661 1003 680 715
leaf_count=575 631 508 742 510 687 677 507 767 527 534 710 995 700 726 518 667 982 505 556 544 979 514 548 661 1003 680 715
internal_value=1.55891e-08 1.51102e-06 2.87048e-06 -1.72382e-06 -2.54326e-06 2.1796e-06 5.00508e-07 8.12083e-07 3.80759e-06 -2.10132e-06 -1.62365e-06 3.02249e-07 -7.46565e-07 1.33978e-06 -4.27611e-07 -1.8516e-07 -7.0357e-07 -2.14036e-06 1.93061e-06 1.41647e-06 -7.42204e-07 -4.70236e-07 1.82549e-06 1.38047e-06 -1.67283e-06 -3.14874e-06 -8.0707e-07
internal_weight=18668 10038 4280 8630 4694 3538 5758 5127 1204 4007 2752 3411 3936 2334 3236 2416 1649 2042 1608 1100 2718 2208 1716 1209 1508 1255 1694
internal_count=18668 10038 4280 8630 4694 3538 5758 5127 1204 4007 2752 3411 3936 2334 3236 2416 1649 2042 1608 1100 2718 2208 1716 1209 1508 1255 1694
is_linear=0
shrinkage=0.00469677


Tree=108
num_leaves=29
num_cat=0
split_feature=29 24 5 31 26 29 4 1 29 21 17 16 5 5 24 12 15 31 0 0 31 21 22 22 22 26 24 33
split_gain=0.00213203 0.000599576 0.000347958 0.000325355 0.000324886 0.000307802 0.000169103 0.000147608 0.000146836 0.000104713 9.76495e-05 9.41276e-05 7.35632e-05 7.40605e-05 7.91519e-05 6.56758e-05 6.26287e-05 5.54875e-05 7.0509e-05 5.41912e-05 5.32626e-05 4.35397e-05 4.24877e-05 3.48317e-05 3.11064e-05 2.8598e-05 2.56932e-05 1.24644e-05
threshold=-0.50000000000000877 0.85248209206933701 114.16599462365595 -2629.297603976524 -0.74327564819722647 -0.98501898920110598 42.500000000000007 246.25000000000003 -0.98112073739212657 -0.2215547738818136 -0.24371057779246563 -0.67150850621324232 160.31825799426397 61.372797724246347 0.56203020573890217 -0.049999999999998927 -0.19391368692371783 15.222087096292643 81.950000000000017 37.925000000000004 -1.8751115382635593 -0.33038493260284779 0.065823396218820732 -0.1555626568116063 0.014935704198077772 -0.85373106329162896 0.52505203695725033 15.500000000000002
decision_type=10 10 10 10 10 10 8 10 10 10 8 10 10 10 10 8 8 10 10 10 8 10 8 10 8 8 10 2
left_child=5 3 9 10 7 6 15 -4 -7 -3 -2 -5 13 14 22 -1 20 18 25 -11 21 -17 -8 -21 -22 -13 -12 -24
right_child=1 2 4 11 -6 8 12 -9 -10 19 26 17 -14 -15 -16 16 -18 -19 -20 23 24 -23 27 -25 -26 -27 -28 -29
leaf_value=-3.5944709401392176e-06 -2.660252772446709e-06 2.9300898912280261e-07 5.055650415325463e-06 -8.7709953219840649e-08 7.523339766600272e-06 -5.6485600091717568e-06 -2.234457894645519e-06 1.8084783314396821e-06 -2.3736703138275444e-06 3.4936153758415457e-06 -9.5918434967177859e-07 5.6310190494176382e-07 7.9956971772371679e-07 -2.6175792941973081e-06 8.5831148439160604e-07 -3.1020811767044504e-06 -2.9610600131974896e-06 6.1915613424464424e-07 3.0316471124630569e-06 2.5161143930845897e-06 1.0947540582910699e-08 -1.2431914751350214e-06 -1.0069707411489477e-06 8.1201964933452787e-07 -1.5064629946783357e-06 2.1000431073880567e-06 2.8036678579158612e-07 -1.3879148049558427e-07
leaf_weight=546 581 837 513 822 512 572 530 776 640 577 802 567 621 505 593 557 799 741 977 556 598 555 1030 505 594 505 683 565
leaf_count=546 581 837 513 822 512 572 530 776 640 577 802 567 621 505 593 557 799 741 977 556 598 555 1030 505 594 505 683 565
internal_value=-2.5557e-08 1.45914e-06 2.78746e-06 4.588e-07 4.3581e-06 -1.72328e-06 -1.36807e-06 3.10082e-06 -3.91927e-06 1.64452e-06 -1.02777e-06 1.3091e-06 -6.80609e-07 -9.65816e-07 -6.58909e-07 -2.09227e-06 -1.82793e-06 1.72065e-06 2.11898e-06 2.33511e-06 -1.43496e-06 -2.17434e-06 -1.08232e-06 1.70505e-06 -7.45184e-07 1.28716e-06 -3.89052e-07 -6.99455e-07
internal_weight=18659 9954 4276 5678 1801 8705 7493 1289 1212 2475 2066 3612 3844 3223 2718 3649 3103 2790 2049 1638 2304 1112 2125 1061 1192 1072 1485 1595
internal_count=18659 9954 4276 5678 1801 8705 7493 1289 1212 2475 2066 3612 3844 3223 2718 3649 3103 2790 2049 1638 2304 1112 2125 1061 1192 1072 1485 1595
is_linear=0
shrinkage=0.00469677


Tree=109
num_leaves=28
num_cat=0
split_feature=32 24 32 17 19 24 0 30 17 4 15 33 33 33 20 17 33 0 24 0 4 33 26 15 19 20 33
split_gain=0.00135153 0.000631037 0.000413005 0.0003415 0.000258256 0.000186095 0.000219674 0.000144958 0.000133969 0.000102496 9.55383e-05 8.43327e-05 0.000102944 7.59175e-05 7.55702e-05 6.70488e-05 5.93919e-05 5.36198e-05 5.1917e-05 6.17262e-05 4.95526e-05 4.84282e-05 3.96594e-05 3.61228e-05 3.59746e-05 3.46515e-05 3.68411e-06
threshold=-0.66445182724252871 0.9393245590397078 0.98039215686274483 -0.21974076882274421 0.15331646962092688 0.85248209206933701 80.950000000000017 -0.00013155939769923477 -0.034703991995690971 41.500000000000007 -0.23349014551207667 18.500000000000004 10.500000000000002 7.5000000000000009 0.48422653738713262 -0.34583205229067221 16.500000000000004 81.750000000000014 0.36906804089748574 2352.5000000000005 61.500000000000007 10.500000000000002 -0.88533774553474209 -0.43300140598306674 0.091068778735126463 0.50235264306435434 8.5000000000000018
decision_type=8 10 10 8 10 10 10 10 8 10 10 2 2 2 10 10 2 10 8 8 10 2 10 10 8 10 2
left_child=5 2 3 9 8 21 -7 18 10 13 24 12 23 -2 -10 -11 20 -15 -5 22 -9 -1 25 -4 -3 -20 -21
right_child=1 4 11 7 -6 6 -8 16 14 15 -12 -13 -14 17 -16 -17 -18 -19 19 26 -22 -23 -24 -25 -26 -27 -28
leaf_value=2.6082954294413498e-06 -1.2970061123182855e-06 -5.4152130868813235e-07 -2.4136904852450898e-06 -1.6614360322150108e-06 3.1435085058424462e-06 2.2122688591347767e-06 5.9311330885595843e-06 2.1773118926019328e-06 6.2797331981192483e-08 -2.3123470017680027e-06 -2.1841713143385321e-06 -4.6677373510052904e-06 -9.074973938589946e-07 -2.1962035932304582e-06 2.298329163273255e-06 -1.8018943228056003e-07 -2.5387916501331725e-07 -4.1153483061540337e-06 1.7086503897080054e-06 -8.3647440125927673e-07 3.6260480044195821e-07 9.853545895434748e-07 -5.5321607666498432e-07 -4.1200310012887295e-06 1.0398587172058663e-06 5.3416655577116692e-09 -1.3366594531880581e-06
leaf_weight=781 650 680 510 767 946 690 712 897 543 508 525 503 597 578 865 905 602 723 524 673 527 844 764 591 595 530 629
leaf_count=781 650 680 510 767 946 690 712 897 543 508 525 503 597 578 865 905 602 723 524 673 527 844 764 591 595 530 629
internal_value=-2.5437e-08 -5.81686e-07 -1.14939e-06 -7.15423e-07 9.86937e-07 2.84713e-06 4.1009e-06 -3.57204e-08 3.5098e-07 -1.91015e-06 -4.97894e-07 -2.9785e-06 -2.47807e-06 -2.60785e-06 1.43621e-06 -9.46764e-07 9.82876e-07 -3.26275e-06 -5.66646e-07 -2.975e-07 1.50574e-06 1.76539e-06 2.61555e-07 -3.32966e-06 1.9643e-07 8.5218e-07 -1.07814e-06
internal_weight=18659 15632 11478 9277 4154 3027 1402 5913 3208 3364 1800 2201 1698 1951 1408 1413 2026 1301 3887 3120 1424 1625 1818 1101 1275 1054 1302
internal_count=18659 15632 11478 9277 4154 3027 1402 5913 3208 3364 1800 2201 1698 1951 1408 1413 2026 1301 3887 3120 1424 1625 1818 1101 1275 1054 1302
is_linear=0
shrinkage=0.00469677


Tree=110
num_leaves=28
num_cat=0
split_feature=32 24 32 19 27 24 0 19 27 21 24 0 27 7 31 0 24 25 9 26 13 26 21 8 8 3 24
split_gain=0.00133887 0.000625124 0.000409134 0.000255835 0.000213116 0.000184351 0.000217615 0.000145082 0.000102942 7.51995e-05 7.06243e-05 6.7697e-05 8.75527e-05 5.96483e-05 9.72083e-05 5.70915e-05 5.50667e-05 6.53277e-05 5.32093e-05 4.70794e-05 4.4192e-05 4.1783e-05 3.74355e-05 3.6625e-05 3.28407e-05 2.36286e-05 2.15402e-05
threshold=-0.66445182724252871 0.9393245590397078 0.98039215686274483 0.15331646962092688 -0.049999999999998927 0.85248209206933701 80.950000000000017 0.12199368846266868 -1.0000000180025095e-35 -0.29636643876974184 0.37922022788280035 996.50000000000011 1.0000000180025095e-35 0.18367902485431792 -7.4095094258124332 40.225000000000009 0.4252225832870995 -1.0000000180025095e-35 0.07646811202163116 -0.94974893494079671 -0.59091761895471395 -0.92030809957074455 -0.1454932635077347 -0.016269982861690839 -0.4141550600467005 47.375000000000007 0.87935403797484446
decision_type=8 10 10 10 8 10 10 10 8 8 10 10 10 2 8 10 8 2 2 10 8 10 10 8 8 10 8
left_child=5 2 4 8 10 21 -7 11 -3 -10 -2 12 16 14 -4 -9 17 -6 19 26 -11 -1 -17 -22 -23 -19 -18
right_child=1 3 13 -5 7 6 -8 15 9 20 -12 -13 -14 -15 -16 22 18 25 -20 -21 23 24 -24 -25 -26 -27 -28
leaf_value=7.2543147442858459e-07 -3.6340160961947293e-06 -1.3117037655720679e-06 -1.3515341023387028e-06 3.1287441561366568e-06 -2.6467331296212884e-07 2.2018783402767225e-06 5.9032758969588317e-06 -7.0715163718894127e-07 -7.2627347382202171e-07 2.3455663010958681e-06 -1.4172863471882314e-06 -2.4442865941075693e-06 6.7872290444098931e-07 -4.2147044442810931e-06 -3.6734034241886465e-06 5.20237241020653e-07 3.4062277608487831e-07 -1.6195379069151193e-06 7.6820843075930267e-07 -1.8533531633900144e-06 -8.1132430668630007e-08 3.0956018436032768e-06 2.0294129409221139e-06 1.4322976442533399e-06 1.4401645682253866e-06 -3.0537580447714701e-06 -7.7840033876513099e-07
leaf_weight=565 620 655 814 946 507 690 712 508 571 546 649 504 917 609 778 926 553 512 555 719 623 555 596 813 505 502 1209
leaf_count=565 620 655 814 946 507 690 712 508 571 546 649 504 917 609 778 926 553 512 555 719 623 555 596 813 505 502 1209
internal_value=-2.53175e-08 -5.78954e-07 -1.14399e-06 9.82302e-07 -7.12063e-07 2.83375e-06 4.08164e-06 -4.28676e-07 3.49332e-07 7.75502e-07 -2.50035e-06 -7.97073e-07 -6.45406e-07 -2.96451e-06 -2.48624e-06 6.56176e-07 -9.11866e-07 -1.64132e-06 -5.46408e-07 -8.40501e-07 1.20817e-06 1.75709e-06 1.11124e-06 7.75682e-07 2.30696e-06 -2.32961e-06 -4.27178e-07
internal_weight=18659 15632 11478 4154 9277 3027 1402 8008 3208 2553 1269 5978 5474 2201 1592 2030 4557 1521 3036 2481 1982 1625 1522 1436 1060 1014 1762
internal_count=18659 15632 11478 4154 9277 3027 1402 8008 3208 2553 1269 5978 5474 2201 1592 2030 4557 1521 3036 2481 1982 1625 1522 1436 1060 1014 1762
is_linear=0
shrinkage=0.00469677


Tree=111
num_leaves=28
num_cat=0
split_feature=29 24 5 19 31 29 29 31 21 17 24 33 20 31 19 9 0 19 21 15 5 13 27 24 5 27 33
split_gain=0.00208143 0.000584715 0.000341056 0.000417583 0.000318112 0.000303478 0.000143703 0.000111849 0.000102607 9.5515e-05 9.25272e-05 0.000140353 9.0671e-05 7.02658e-05 7.57686e-05 6.82762e-05 5.38786e-05 4.6026e-05 4.366e-05 4.04288e-05 5.45736e-05 3.33265e-05 3.27013e-05 2.70008e-05 2.69884e-05 2.21947e-05 1.24544e-05
threshold=-0.50000000000000877 0.85248209206933701 114.16599462365595 0.16068556273832083 -2629.297603976524 -0.98501898920110598 -0.98112073739212657 2417.9780889831632 -0.2215547738818136 -0.24371057779246563 0.95595560671775437 19.500000000000004 0.49473407104986061 -193.1436481299674 0.024615091914549594 0.024014656668022234 37.925000000000004 0.14416123697521988 -0.20991383505078079 -0.35018129468802112 40.509811346771251 -0.54469178606349511 -0.049999999999998927 1.2897811313969814 40.454547659760827 0.074999999999999303 14.500000000000002
decision_type=10 10 10 10 10 10 10 8 10 8 8 2 10 8 10 2 10 8 10 8 10 10 10 10 10 10 2
left_child=5 4 8 7 9 10 -7 -4 -3 -2 11 13 -6 -1 -15 17 -10 -14 22 -12 26 -11 -16 -18 -24 -17 -21
right_child=1 2 3 -5 12 6 -8 -9 16 21 19 -13 15 14 18 25 23 -19 -20 20 -22 -23 24 -25 -26 -27 -28
leaf_value=1.9177250230478241e-07 -2.6305639553405759e-06 2.8412578657439147e-07 4.2065728403313418e-06 7.9166780169995682e-06 4.093257384197031e-08 -5.5939089119512067e-06 -2.3541379129886017e-06 1.4403932502892159e-06 3.4607480809296747e-06 1.5139924835564252e-07 3.2917049082853386e-07 -4.0612414818239523e-06 2.3856485218753295e-07 -2.8465193564702889e-06 -1.8631566186881848e-06 2.0138087728545603e-06 9.057731341967354e-07 1.9106684666791315e-06 -2.2556001522312724e-06 -8.762517256130296e-07 -2.2692694274954192e-06 -1.3083820631995858e-06 2.3869044060906506e-07 2.4050670187749679e-06 -1.0568031688883326e-06 3.2978316102600557e-06 3.5673377325164986e-08
leaf_weight=504 581 837 678 508 941 572 640 615 577 940 704 510 749 924 634 702 515 705 786 780 529 545 550 546 999 515 573
leaf_count=504 581 837 678 508 941 572 640 615 577 940 704 510 749 924 634 702 515 705 786 780 529 545 550 546 999 515 573
internal_value=-2.51986e-08 1.44177e-06 2.75353e-06 4.30852e-06 4.53908e-07 -1.70266e-06 -3.88317e-06 2.8909e-06 1.62198e-06 -1.01603e-06 -1.34995e-06 -1.72884e-06 1.29469e-06 -1.45831e-06 -1.67194e-06 1.73638e-06 2.30559e-06 1.04934e-06 -1.30638e-06 -6.30978e-07 -9.90159e-07 -3.84323e-07 -9.64594e-07 1.67735e-06 -5.96794e-07 2.5572e-06 -4.90024e-07
internal_weight=18659 9954 4276 1801 5678 8705 1212 1293 2475 2066 7493 4907 3612 4397 3893 2671 1638 1454 2969 2586 1882 1485 2183 1061 1549 1217 1353
internal_count=18659 9954 4276 1801 5678 8705 1212 1293 2475 2066 7493 4907 3612 4397 3893 2671 1638 1454 2969 2586 1882 1485 2183 1061 1549 1217 1353
is_linear=0
shrinkage=0.00469677


Tree=112
num_leaves=29
num_cat=0
split_feature=32 27 8 30 4 32 2 33 15 20 19 21 20 19 14 20 20 8 8 4 3 22 4 8 20 33 5 33
split_gain=0.0013152 0.000599979 0.000446073 0.00033632 0.000223357 0.000213283 0.00014701 0.000217667 0.000107159 9.83583e-05 8.32133e-05 7.28572e-05 7.35831e-05 6.93786e-05 6.71443e-05 6.63295e-05 6.17406e-05 5.34703e-05 4.84733e-05 4.58617e-05 3.70233e-05 3.02724e-05 2.99313e-05 2.28149e-05 2.11108e-05 1.47749e-05 3.96715e-06 2.18558e-06
threshold=-0.66445182724252871 -0.049999999999998927 -0.015195926674069259 -3.4236603800110451e-05 41.500000000000007 0.99634683855938388 81.850000000000009 8.5000000000000018 -0.69001688429072383 0.16730885507642554 0.10796900370540367 -0.19073278849653186 0.49473407104986061 0.1283885479017938 -1.4151999316473005 0.51137778332037354 0.16207031337050462 -0.29913898028627534 -0.25573449232178885 66.500000000000014 40.525000000000006 -0.3179615830747709 56.500000000000007 -0.3778891925044055 0.4856433624854678 7.5000000000000009 78.586386866235173 1.5000000000000002
decision_type=8 8 10 10 10 10 10 2 8 10 10 8 10 10 2 10 10 10 8 10 10 10 10 10 8 2 10 2
left_child=6 4 3 5 16 8 22 -8 13 -6 17 14 24 23 -10 26 -2 -5 -18 20 -16 -12 -1 -3 -13 -22 -14 -26
right_child=1 2 -4 10 9 -7 7 -9 11 -11 21 12 15 -15 19 -17 18 -19 -20 -21 25 -23 -24 -25 27 -27 -28 -29
leaf_value=2.2187165633556502e-06 -4.9761432567781928e-06 -8.0130748158681404e-07 2.9978978756136442e-06 -7.5107035655687147e-07 5.0194212709008253e-07 -2.9973467557687768e-06 2.1908662433715905e-06 5.6569065857192195e-06 -2.6849220265451834e-06 -2.1385609882507176e-06 1.2098234197075848e-06 -1.7635976835080952e-06 8.1674027735276672e-07 1.9426455272723845e-06 -4.5002651560243686e-07 -7.9166995576323539e-07 -3.8753525413662739e-06 1.3219672461415534e-06 -1.9646575700986353e-06 1.0970204377761716e-07 -1.3150717969247216e-06 2.7187871760147945e-06 7.9761375038869199e-07 4.8862667923041602e-07 -9.1988959687667235e-07 -2.400089565171386e-06 1.4048435032259266e-06 -5.6134641284385693e-07
leaf_weight=905 504 568 932 543 551 862 872 738 658 715 506 536 504 515 609 671 649 555 534 619 522 698 512 647 584 590 509 1051
leaf_count=905 504 568 932 543 551 862 872 738 658 715 506 536 504 515 609 671 649 555 534 619 522 698 512 647 584 590 509 1051
internal_value=-2.50802e-08 -5.73801e-07 -1.2973e-07 -3.77877e-07 -2.48045e-06 -7.7022e-07 2.80861e-06 3.77967e-06 -5.46544e-07 -9.89311e-07 1.23188e-06 -8.10226e-07 -3.83144e-07 4.97954e-07 -1.35938e-06 3.53618e-07 -3.59945e-06 2.96746e-07 -3.0129e-06 -9.8663e-07 -1.38097e-06 2.08465e-06 1.70526e-06 -1.14377e-07 -9.5465e-07 -1.89079e-06 1.11228e-06 -6.89434e-07
internal_weight=18659 15632 12679 11747 2953 9445 3027 1610 8583 1266 2302 6853 3855 1730 2998 1684 1687 1098 1183 2340 1721 1204 1417 1215 2171 1112 1013 1635
internal_count=18659 15632 12679 11747 2953 9445 3027 1610 8583 1266 2302 6853 3855 1730 2998 1684 1687 1098 1183 2340 1721 1204 1417 1215 2171 1112 1013 1635
is_linear=0
shrinkage=0.00469677


Tree=113
num_leaves=27
num_cat=0
split_feature=32 24 32 17 19 24 1 17 16 4 20 4 23 21 20 17 16 25 1 24 23 24 1 20 22 14
split_gain=0.00130287 0.00061043 0.000398304 0.000332399 0.00025054 0.000180854 0.000212542 0.000131113 0.000114283 0.000100691 7.76468e-05 7.64956e-05 0.000105169 7.43493e-05 7.3425e-05 6.55785e-05 5.76162e-05 5.69002e-05 5.96118e-05 5.59757e-05 5.30884e-05 4.167e-05 4.75307e-05 4.17494e-05 2.60009e-05 6.87013e-07
threshold=-0.66445182724252871 0.9393245590397078 0.98039215686274483 -0.21974076882274421 0.15331646962092688 0.85248209206933701 80.950000000000017 -0.034703991995690971 -0.67150850621324232 41.500000000000007 0.50022549231717561 13.500000000000002 0.069574496155794932 -0.2215547738818136 0.48422653738713262 -0.34583205229067221 -0.69424545387199488 -0.074675886173178593 80.450000000000017 0.50534465310253085 0.22621120553402821 0.41880417084542826 2352.5000000000005 0.50134227231381778 -0.011840799765731621 -1.4336551606288443
decision_type=8 10 10 8 10 10 10 8 10 10 10 10 10 10 10 10 10 2 10 10 10 8 8 10 8 2
left_child=5 2 3 9 7 20 -7 17 21 16 19 -4 -13 -12 -9 -11 -2 -3 -19 -10 -1 -5 23 -23 -18 -24
right_child=1 4 11 8 -6 6 -8 14 10 15 13 12 -14 -15 -16 -17 24 18 -20 -21 -22 22 25 -25 -26 -27
leaf_value=9.5556419597329299e-07 -3.8816414364295619e-06 7.7102760383609476e-07 -4.1182476689408591e-06 -1.7118754366447298e-06 3.0958042192667271e-06 2.1736850222685795e-06 5.8316852122848764e-06 6.5123558981685093e-08 -9.7548851194659421e-07 -2.2776486856355939e-06 3.5863288826938593e-07 -3.7303624009788959e-06 -1.1619454245306109e-06 2.5510355511372754e-06 2.2686984918430817e-06 -1.6899752475833145e-07 -1.2209871055837454e-06 -1.2259701236987537e-07 -2.181826742257588e-06 8.2697284695849057e-07 2.6608897491700044e-06 1.205554868773784e-06 -9.0503414720985528e-07 -6.3054283387031787e-07 -2.5506121611059576e-06 -1.1272315042707828e-06
leaf_weight=888 538 546 771 662 946 690 712 543 777 508 686 624 806 679 865 905 505 692 562 744 737 578 741 518 908 528
leaf_count=888 538 546 771 662 946 690 712 543 777 508 686 624 806 679 865 905 505 692 562 744 737 578 741 518 908 528
internal_value=-2.49624e-08 -5.71106e-07 -1.12946e-06 -7.0329e-07 9.71692e-07 2.79541e-06 4.03141e-06 3.45307e-07 -3.27062e-08 -1.88199e-06 6.36009e-07 -2.92572e-06 -2.28273e-06 1.44924e-06 1.41891e-06 -9.27121e-07 -2.57352e-06 -4.94468e-07 -1.0455e-06 -9.37892e-08 1.72902e-06 -6.70283e-07 -3.78711e-07 3.37734e-07 -2.07543e-06 -9.97511e-07
internal_weight=18659 15632 11478 9277 4154 3027 1402 3208 5913 3364 2886 2201 1430 1365 1408 1413 1951 1800 1254 1521 1625 3027 2365 1096 1413 1269
internal_count=18659 15632 11478 9277 4154 3027 1402 3208 5913 3364 2886 2201 1430 1365 1408 1413 1951 1800 1254 1521 1625 3027 2365 1096 1413 1269
is_linear=0
shrinkage=0.00469677


Tree=114
num_leaves=30
num_cat=0
split_feature=29 20 29 0 19 17 4 29 23 32 17 15 5 5 12 20 20 15 19 33 4 26 26 19 4 16 21 33 13
split_gain=0.00203221 0.000554424 0.000299484 0.000278828 0.000268289 0.000196334 0.000163256 0.000140906 0.000116307 0.000105417 0.000143943 9.05092e-05 7.3208e-05 7.33349e-05 6.36092e-05 6.34464e-05 0.000103297 6.12418e-05 5.5657e-05 5.08616e-05 4.96572e-05 4.90717e-05 4.71317e-05 3.74221e-05 3.08018e-05 1.96829e-05 1.37112e-05 9.54429e-06 9.19145e-06
threshold=-0.50000000000000877 0.82649670194955493 -0.98501898920110598 80.950000000000017 0.13402067017805361 -0.080281901372157974 42.500000000000007 -0.98112073739212657 -0.42090603328607296 -0.49850646865574005 -0.27180020690210677 -0.37432639056802847 160.31825799426397 61.372797724246347 -0.049999999999998927 0.50022549231717561 0.508624468292869 -0.19391368692371783 0.22872135118234474 10.500000000000002 5.5000000000000009 -0.81481164817348117 -0.97117792264585145 0.11244138722063592 11.500000000000002 -0.34977770177838569 -0.28655723979521514 13.500000000000002 -0.49126917570978645
decision_type=10 10 10 10 10 10 8 10 10 10 8 10 10 10 8 10 10 8 10 2 10 10 10 10 10 8 8 2 10
left_child=2 4 6 25 5 9 14 -4 -6 -2 -11 20 13 21 -1 19 -17 23 28 -7 -12 22 27 24 -16 -3 -26 -8 -10
right_child=1 3 7 -5 8 15 12 -9 18 10 11 -13 -14 -15 17 16 -18 -19 -20 -21 -22 -23 -24 -25 26 -27 -28 -29 -30
leaf_value=-3.5219164865862937e-06 1.3887247074968709e-06 1.2539621731169804e-06 -5.5424741951191949e-06 5.3913433800916775e-06 4.1975535153423134e-06 1.7261750955258335e-06 -8.121618919223081e-07 -2.3343883663146244e-06 2.7814052124129548e-06 -2.4983444022613505e-06 -2.0101981260218237e-07 -1.6050953435903879e-06 8.2010440330848588e-07 -2.5846663535501977e-06 -2.6477725871431855e-06 3.7434616080129468e-06 7.897823396100951e-07 -2.9039028664978066e-06 6.4047471510840965e-07 -2.7541477219441651e-07 1.5719926304630542e-06 5.3381291164649907e-07 -1.9783030856337008e-06 -3.756482481989555e-07 -1.7651508738751543e-06 2.5351809506171402e-06 -7.3345427390475473e-07 -2.9517699094858879e-08 1.9037848618977111e-06
leaf_weight=546 607 504 572 991 509 517 818 640 520 772 847 631 621 505 562 516 529 799 717 611 592 613 694 591 639 557 512 593 534
leaf_count=546 607 504 572 991 509 517 818 640 520 772 847 631 621 505 562 516 529 799 717 611 592 613 694 591 639 557 512 593 534
internal_value=-2.48452e-08 1.42468e-06 -1.68235e-06 3.59989e-06 8.59809e-07 3.08671e-07 -1.33197e-06 -3.84846e-06 2.21878e-06 -3.88004e-07 -7.67493e-07 -1.21961e-07 -6.56496e-07 -9.41015e-07 -2.04354e-06 1.41445e-06 2.24828e-06 -1.78339e-06 1.65005e-06 6.41951e-07 5.28369e-07 -6.35615e-07 -9.76181e-07 -1.3948e-06 -1.7464e-06 1.9266e-06 -1.30625e-06 -4.83264e-07 2.3368e-06
internal_weight=18659 9954 8705 2052 7902 5622 7493 1212 2280 3449 2842 2070 3844 3223 3649 2173 1045 3103 1771 1128 1439 2718 2105 2304 1713 1061 1151 1411 1054
internal_count=18659 9954 8705 2052 7902 5622 7493 1212 2280 3449 2842 2070 3844 3223 3649 2173 1045 3103 1771 1128 1439 2718 2105 2304 1713 1061 1151 1411 1054
is_linear=0
shrinkage=0.00469677


Tree=115
num_leaves=27
num_cat=0
split_feature=28 27 30 31 21 28 33 10 28 30 11 0 23 33 20 19 0 0 21 6 21 31 6 13 14 5
split_gain=0.00137743 0.000540376 0.00042728 0.000193975 0.000176713 0.000140483 0.000186711 0.000137919 0.000112076 9.84226e-05 0.000102915 9.59585e-05 8.93815e-05 0.000127272 6.51574e-05 6.37702e-05 6.3846e-05 6.1104e-05 5.42268e-05 4.8866e-05 4.7241e-05 4.22722e-05 3.04603e-05 2.90116e-05 2.08452e-05 1.43754e-05
threshold=3.0000000000000715 -0.049999999999998927 -3.4236603800110451e-05 908.87792431952801 -0.13838426260679157 4999.5000000000009 8.5000000000000018 -21.249999999999996 -5000.833333333333 -0.00035650828659892559 0.78580184738911141 82.850000000000009 -0.10211801280851061 15.500000000000002 0.49473407104986061 0.12307380632068197 80.250000000000014 33.425000000000004 -0.26060009785587818 -0.049317832066924895 -0.29636643876974184 -1.2418553638712293 -0.059214799202982331 -0.29095143337338358 -1.3055365686944638 2362.6380006584418
decision_type=10 8 10 10 10 10 2 8 8 8 10 10 10 2 10 10 10 10 8 2 10 8 2 8 2 8
left_child=1 7 3 8 20 17 -7 -1 -3 15 14 -6 -9 19 21 16 -10 -2 -16 -14 -4 -11 -19 -20 25 -23
right_child=5 2 4 -5 11 6 -8 12 9 10 -12 -13 13 -15 18 -17 -18 22 23 -21 -22 24 -24 -25 -26 -27
leaf_value=-2.7151973529767748e-07 2.9039822944585256e-06 -2.5024435759149194e-06 -6.6375304408362865e-07 1.3878964544921481e-06 1.5693815111390878e-06 2.1424036447204198e-06 5.237470233480162e-06 -1.5623617067495272e-06 -1.1579380753591436e-06 -1.8746820465229672e-06 1.4858683867678861e-06 4.2850052326744906e-06 -1.5966383348885602e-06 -5.4367617043414942e-06 -1.1551785551505811e-06 -3.6848865197163929e-07 -3.1147720961064214e-06 1.9071709146346319e-06 1.1950874575739799e-06 -3.5400956955544533e-06 1.1422242926015078e-06 2.580757491138636e-07 3.7775777788778545e-07 -6.2643125586235623e-08 -1.4721974314464554e-06 -7.1438750012172993e-07
leaf_weight=529 611 829 560 938 589 923 805 742 768 927 592 560 529 525 638 694 706 524 687 620 744 513 636 984 518 968
leaf_count=529 611 829 560 938 589 923 805 742 768 927 592 560 529 525 638 694 706 524 687 620 744 513 636 984 518 968
internal_value=-2.47285e-08 -6.37805e-07 -2.02396e-07 -6.42739e-07 1.54999e-06 2.63152e-06 3.58428e-06 -2.44374e-06 -8.58601e-07 -6.88147e-07 -3.70273e-07 2.89295e-06 -2.91935e-06 -3.52082e-06 -5.80181e-07 -1.54249e-06 -2.09522e-06 1.70187e-06 9.66374e-09 -2.64536e-06 3.66626e-07 -1.04566e-06 1.06866e-06 4.54429e-07 -6.61197e-07 -3.77516e-07
internal_weight=18659 15160 12215 9762 2453 3499 1728 2945 8824 7995 5827 1149 2416 1674 5235 2168 1474 1771 2309 1149 1304 2926 1160 1671 1999 1481
internal_count=18659 15160 12215 9762 2453 3499 1728 2945 8824 7995 5827 1149 2416 1674 5235 2168 1474 1771 2309 1149 1304 2926 1160 1671 1999 1481
is_linear=0
shrinkage=0.00469677


Tree=116
num_leaves=29
num_cat=0
split_feature=28 32 24 32 27 19 28 24 30 19 31 4 20 30 28 1 8 20 20 1 4 24 1 19 16 31 1 33
split_gain=0.00136453 0.000641567 0.000435947 0.000303664 0.000196089 0.000164096 0.000139166 0.000237714 0.000127125 9.93952e-05 8.52661e-05 8.44791e-05 7.46916e-05 6.3214e-05 6.36246e-05 6.17851e-05 8.85446e-05 5.94373e-05 9.70863e-05 5.87532e-05 5.8289e-05 5.6396e-05 4.99312e-05 3.93164e-05 3.63917e-05 3.20738e-05 2.86678e-05 5.68188e-07
threshold=3.0000000000000715 -0.74988752436909512 0.95595560671775437 0.99709198763887641 -0.049999999999998927 0.11143529996964782 4999.5000000000009 0.80434803263250609 -0.00023229745688757122 0.12307380632068197 -91.382606097028329 40.500000000000007 0.83479135670181803 -0.00039529069766254413 -1001.0000000000497 39.225000000000009 -0.0199830339559816 0.508624468292869 0.4975901339709205 33.425000000000004 54.500000000000007 0.58209782503348328 40.525000000000006 0.037934511651699789 -0.69840920535244044 -5.4183566938830401 2352.5000000000005 5.5000000000000009
decision_type=10 8 10 10 8 10 10 10 10 10 10 10 10 8 8 10 8 10 10 10 10 8 10 10 10 10 8 2
left_child=1 12 3 4 11 15 19 -8 -7 13 -5 -3 -1 -6 -15 -4 -17 18 21 -2 -21 23 -11 -16 -20 -24 -23 -28
right_child=6 2 5 10 9 8 7 -9 -10 22 -12 -13 -14 14 17 16 -18 -19 24 20 -22 26 25 -25 -26 -27 27 -29
leaf_value=1.4717395014059186e-06 2.8741136247533346e-06 -3.4999622112621251e-06 1.1921347003697797e-06 -2.0261695542106682e-06 -2.3212551434840613e-06 4.9663138087731464e-07 1.9761285937178929e-06 5.4745534549940279e-06 3.7953953833726991e-06 -9.6618371670775846e-07 -4.4727425378697817e-06 -1.4475962328008436e-06 3.916829521083327e-06 -2.3810817000278687e-06 -2.7527952489612632e-06 -1.5435878952321649e-06 5.8035656331360745e-07 -2.0339050944983749e-06 -2.8542263461752323e-07 2.0265773273770658e-06 -8.8546914266907015e-08 4.9760666138712384e-07 1.1462561025903419e-07 -9.2455802195379286e-07 1.3687287962228526e-06 1.6731172490711719e-06 -9.2174422907595051e-07 -7.2106961866225639e-07
leaf_weight=507 610 893 590 525 739 521 942 786 510 519 783 877 604 538 504 941 802 615 516 638 523 517 683 535 680 508 598 655
leaf_count=507 610 893 590 525 739 521 942 786 510 519 783 877 604 538 504 941 802 615 516 638 523 517 683 535 680 508 598 655
internal_value=-2.46124e-08 -6.34809e-07 -9.06521e-07 -1.37075e-06 -1.07503e-06 5.68e-07 2.61916e-06 3.56745e-06 2.12845e-06 -7.47399e-07 -3.49077e-06 -2.48307e-06 2.80105e-06 -1.03651e-06 -8.52431e-07 -1.21579e-07 -5.66286e-07 -6.74412e-07 -4.65642e-07 1.69388e-06 1.07374e-06 -9.42811e-07 2.49581e-07 -1.81143e-06 6.55037e-07 7.79401e-07 -4.32905e-07 -8.16869e-07
internal_weight=18659 15160 14049 10685 9377 3364 3499 1728 1031 7607 1308 1770 1111 5897 5158 2333 1743 4620 4005 1771 1161 2809 1710 1039 1196 1191 1770 1253
internal_count=18659 15160 14049 10685 9377 3364 3499 1728 1031 7607 1308 1770 1111 5897 5158 2333 1743 4620 4005 1771 1161 2809 1710 1039 1196 1191 1770 1253
is_linear=0
shrinkage=0.00469677


Tree=117
num_leaves=27
num_cat=0
split_feature=30 24 24 1 21 27 21 32 31 6 4 31 5 30 6 19 27 32 26 21 9 6 16 26 16 5
split_gain=0.0011973 0.000405797 0.000381278 0.000251188 0.000228929 0.000216573 0.000179511 0.000152903 0.000116747 0.000100105 0.00011612 9.8262e-05 0.000128481 9.89192e-05 7.40649e-05 6.9378e-05 6.86071e-05 6.24365e-05 5.92968e-05 6.28868e-05 5.46085e-05 4.69157e-05 3.40611e-05 3.30364e-05 2.47095e-05 9.71951e-06
threshold=-0.00012952742967617585 0.85248209206933701 0.66157737909408165 80.950000000000017 -0.43609283911472657 1.0000000180025095e-35 -0.089100419715358134 0.99420117953279963 -29.218035736214407 0.49153719524165923 74.500000000000014 283.34137398955977 78.367588372640057 -0.00017818522523406914 -0.40586674184782645 0.13062080481588065 -0.049999999999998927 0.66533717278183013 -0.9406309245137231 -0.18120887703961217 -0.0095149039477020331 -0.24501813880761378 -0.53198048322318947 -0.7755241819742581 -0.56923000758500064 39.51224489563306
decision_type=10 10 8 10 10 10 10 10 8 2 10 10 10 8 2 8 8 8 10 10 2 2 10 10 8 10
left_child=2 4 7 15 -2 11 -5 9 -9 10 16 12 17 23 -6 -3 -1 25 -16 -20 -21 -18 -23 -14 -12 -4
right_child=1 3 5 6 14 -7 -8 8 -10 -11 24 -13 13 -15 18 -17 21 -19 19 20 -22 22 -24 -25 -26 -27
leaf_value=-2.940965319604776e-06 -2.2327129163886573e-06 7.6484141191917543e-07 1.3927106160839547e-06 2.7559521073444794e-06 2.3637925308049396e-06 2.055909788057802e-06 6.4249017225270868e-06 -1.7438700405634369e-06 -4.9361523774601631e-06 -3.1296648038944056e-06 9.8931372500134564e-07 1.3210528525051088e-06 -1.6900501104209686e-06 5.6050055228426022e-08 -5.2901654330718096e-07 2.7256108128191978e-06 -2.2665631158290773e-06 -5.5122462291087029e-07 -3.8297579149819784e-08 7.5239309954430363e-07 2.6393029725496258e-06 -1.469661319431549e-06 -2.0362511274090621e-07 -3.2371546439812339e-06 -4.5237418016468829e-07 4.8146176456350039e-07
leaf_weight=614 516 745 502 564 810 949 615 503 508 602 527 649 737 552 621 855 662 1632 678 664 690 903 975 519 522 532
leaf_count=614 516 745 502 564 810 949 615 503 508 602 527 649 737 552 621 855 662 1632 678 664 690 903 975 519 522 532
internal_value=6.91085e-08 1.64765e-06 -8.28244e-07 3.02482e-06 6.85796e-07 -5.02453e-09 4.66981e-06 -1.68769e-06 -3.34794e-06 -1.33836e-06 -1.08178e-06 -3.86805e-07 -6.34555e-07 -1.60106e-06 1.12067e-06 1.81265e-06 -1.53201e-06 2.08851e-08 7.41119e-07 1.1293e-06 1.71399e-06 -1.19141e-06 -8.12392e-07 -2.32937e-06 2.71874e-07 9.23899e-07
internal_weight=18646 6758 11888 2779 3979 6072 1179 5816 1011 4805 4203 5123 4474 1808 3463 1600 3154 2666 2653 2032 1354 2540 1878 1256 1049 1034
internal_count=18646 6758 11888 2779 3979 6072 1179 5816 1011 4805 4203 5123 4474 1808 3463 1600 3154 2666 2653 2032 1354 2540 1878 1256 1049 1034
is_linear=0
shrinkage=0.00469677


Tree=118
num_leaves=31
num_cat=0
split_feature=29 31 4 1 29 23 20 1 31 13 13 22 19 13 21 30 33 19 11 23 30 32 22 9 9 13 21 13 20 33
split_gain=0.00198599 0.000494236 0.000333908 0.000323731 0.000212937 0.000193399 0.00012159 0.000108628 8.58707e-05 7.24938e-05 7.01694e-05 6.96477e-05 6.75727e-05 5.51636e-05 6.05289e-05 5.43987e-05 4.88371e-05 4.75308e-05 4.74123e-05 4.5082e-05 4.18029e-05 4.10382e-05 3.90321e-05 3.57834e-05 3.33693e-05 2.7804e-05 2.13498e-05 2.10116e-05 1.55935e-05 3.63521e-06
threshold=-0.50253164103948544 -2629.297603976524 52.500000000000007 999.50000000000011 -0.98463930910082331 0.11729794856483979 0.82649670194955493 82.850000000000009 -1.7523011767670875 -0.36918111565185557 -0.54469178606349511 -0.30294358217908718 0.070752131890874329 -0.11521274563183138 -0.058066992031081628 -0.00058335179531155421 11.500000000000002 0.11143529996964782 0.26529886854344237 -0.008709752989551232 7.3336048775197616e-05 0.66633351840747757 -0.02783906303334718 1.0000000180025095e-35 -0.12503229841229443 -0.45752112269573975 -0.36485522472490517 -0.59594723507252156 0.48422653738713262 11.500000000000002
decision_type=10 10 8 10 10 10 10 10 10 10 10 10 8 10 10 10 2 10 8 10 8 10 10 2 2 10 10 10 10 2
left_child=2 5 4 6 8 19 13 20 18 11 -7 12 -4 14 17 29 28 22 26 -2 -8 -20 23 27 -19 -26 -1 -3 -10 -14
right_child=1 3 9 -5 -6 10 7 -9 16 -11 -12 -13 15 -15 -16 -17 -18 24 21 -21 -22 -23 -24 -25 25 -27 -28 -29 -30 -31
leaf_value=-2.6706704828310647e-06 1.5244537982812265e-06 1.5189488142555274e-06 -2.2026076217572482e-06 5.7565097114507359e-06 -4.9569866529635301e-06 -6.4462823117303407e-07 1.0523768122939783e-06 4.3854337679311668e-06 -2.5420745920948007e-06 -1.980957509901975e-06 -2.9883085521242457e-06 8.206385676437972e-07 -1.0371107537214865e-06 8.0107283497391297e-08 3.0316721656066127e-06 9.8408355292806698e-07 -3.9319228717565089e-07 1.1065815833177696e-06 -4.2259754880953207e-06 -2.8860933220728244e-08 2.938115201556459e-06 -2.3953784178683455e-06 -1.4938480730785486e-07 2.2609198938782693e-06 1.8362096140529034e-06 3.3039131880954668e-06 -1.3725692371387604e-06 2.0549897483185342e-07 -1.3875398573296687e-06 -5.2705919932463799e-07
leaf_weight=533 912 506 524 503 643 633 531 683 507 675 508 900 709 549 611 526 773 584 576 752 507 509 515 589 645 510 588 573 526 546
leaf_count=533 912 506 524 503 643 633 531 683 507 675 508 900 709 549 611 526 773 584 576 752 507 509 515 589 645 510 588 573 526 546
internal_value=6.87839e-08 1.4771e-06 -1.59958e-06 2.12053e-06 -2.44772e-06 -1.98768e-07 1.85168e-06 2.93071e-06 -2.04555e-06 -5.82018e-07 -1.68812e-06 -2.87379e-07 -7.20025e-07 1.48627e-06 1.65656e-06 -2.83806e-07 -1.28609e-06 1.44233e-06 -2.66729e-06 8.22455e-07 1.97348e-06 -3.36723e-06 9.80816e-07 1.32979e-06 2.02166e-06 2.48432e-06 -1.98981e-06 8.21476e-07 -1.95422e-06 -8.15234e-07
internal_weight=18646 10111 8535 7306 4655 2805 6803 1721 4012 3880 1141 3205 2305 5082 4533 1781 1806 3922 2206 1664 1038 1085 2183 1668 1739 1155 1121 1079 1033 1255
internal_count=18646 10111 8535 7306 4655 2805 6803 1721 4012 3880 1141 3205 2305 5082 4533 1781 1806 3922 2206 1664 1038 1085 2183 1668 1739 1155 1121 1079 1033 1255
is_linear=0
shrinkage=0.00469677


Tree=119
num_leaves=27
num_cat=0
split_feature=20 8 20 17 4 17 4 16 24 13 20 20 24 19 6 21 4 17 15 4 19 14 21 24 6 24
split_gain=0.00117166 0.0007182 0.000477769 0.000544605 0.000215963 0.000154927 0.000168655 0.000135072 0.000173336 0.000119415 9.2302e-05 9.05595e-05 8.55664e-05 6.41869e-05 6.33653e-05 5.71345e-05 5.30449e-05 5.16524e-05 6.30308e-05 4.38552e-05 4.33847e-05 4.02015e-05 2.49748e-05 2.21393e-05 2.16158e-05 3.44182e-06
threshold=0.76636387796784655 -0.0090808117003548048 0.47648383294787405 -0.062532825000526981 27.500000000000004 -0.21974076882274421 44.500000000000007 -0.23959691820136289 0.82267167410520081 -0.42429109077931343 0.50022549231717561 0.51137778332037354 0.42141944684114663 0.037934511651699789 -0.021800664086323751 -0.22875491342099855 40.500000000000007 -0.11630923521287892 -0.37503153851250232 5.5000000000000009 0.032921256358910779 -1.311773752563226 -0.31504542046500644 0.62989296878216572 0.12563019360175789 0.37435388890488669
decision_type=10 10 8 10 10 8 10 10 10 10 10 10 10 8 2 8 10 8 10 10 10 2 8 10 2 10
left_child=1 2 4 5 12 6 20 16 -9 13 21 -12 -1 -6 -8 -15 -2 23 19 25 22 -5 -4 -7 -22 -19
right_child=7 -3 3 10 9 17 14 8 -10 -11 11 -13 -14 15 -16 -17 -18 18 -20 -21 24 -23 -24 -25 -26 -27
leaf_value=-4.7990267773459403e-06 2.4161166212586869e-06 3.8598096588034277e-06 -3.7337311165841535e-06 1.4599580955666982e-06 -1.845110436369273e-06 1.9540696559019684e-08 8.7873242620276195e-07 2.0684259462945475e-06 4.9829902048152701e-06 -2.7658044420454455e-06 3.3538567161107782e-06 9.4097214118443414e-07 -2.5797448328807576e-06 1.2156382979517863e-06 -1.2626889486460514e-06 -9.6463350614052133e-07 7.2350773679458005e-07 -7.0196037707862823e-07 -1.948727290509236e-06 9.4278562939603106e-07 -2.1894841758198333e-06 -1.3359558553930398e-07 -2.2879950132471201e-06 1.3599929868507428e-06 -1.0010507417141015e-06 -2.450796620996707e-07
leaf_weight=632 811 793 504 727 513 572 650 966 843 742 860 571 974 557 574 506 823 1229 566 561 853 672 553 518 559 517
leaf_count=632 811 793 504 727 513 572 650 966 843 742 860 571 974 557 574 506 823 1229 566 561 853 672 553 518 559 517
internal_value=6.84608e-08 -4.91826e-07 -7.31304e-07 -2.08138e-07 -2.12934e-06 -8.58911e-07 -1.55104e-06 2.54249e-06 3.42664e-06 -1.21216e-06 1.55239e-06 2.39109e-06 -3.45311e-06 -4.8067e-07 -1.25469e-07 1.77773e-07 1.56362e-06 -2.1393e-07 -5.44214e-07 -1.99615e-07 -2.25775e-06 6.94482e-07 -2.97738e-06 6.56594e-07 -1.71902e-06 -5.66695e-07
internal_weight=18646 15203 14410 10486 3924 7656 3693 3443 1809 2318 2830 1431 1606 1576 1224 1063 1634 3963 2873 2307 2469 1399 1057 1090 1412 1746
internal_count=18646 15203 14410 10486 3924 7656 3693 3443 1809 2318 2830 1431 1606 1576 1224 1063 1634 3963 2873 2307 2469 1399 1057 1090 1412 1746
is_linear=0
shrinkage=0.00469677


Tree=120
num_leaves=29
num_cat=0
split_feature=28 32 8 32 17 32 4 24 24 4 14 4 30 6 2 33 1 16 16 16 17 12 24 1 20 8 33 20
split_gain=0.00118564 0.000699113 0.000507414 0.000351789 0.000306198 0.000204038 0.000152452 0.000151358 0.000127354 0.000123945 9.85483e-05 8.85385e-05 8.64476e-05 8.13238e-05 7.19243e-05 6.07982e-05 9.09346e-05 6.06084e-05 4.89098e-05 4.49559e-05 4.03042e-05 3.92665e-05 3.60567e-05 3.58022e-05 3.3504e-05 3.17308e-05 2.56683e-05 2.10732e-05
threshold=2.4999999999999294 -0.66533717278182991 -0.0090808117003548048 0.99709198763887641 -0.21974076882274421 0.49504950495048611 74.500000000000014 1.3665400722390084 0.84713960008626799 29.500000000000004 -1.5392173615857823 54.500000000000007 9.131780966827819e-05 0.30974977517408259 241.75000000000003 7.5000000000000009 81.750000000000014 -0.67559471086410128 -0.44846566232777357 -0.53198048322318947 -0.10564295043562753 -1.0000000180025095e-35 0.44190179431226018 275.75000000000006 0.49067653729588762 -0.17438225202906563 1.5000000000000002 0.50022549231717561
decision_type=10 8 10 10 8 8 10 10 10 8 2 10 8 2 10 2 10 10 10 10 10 10 10 10 10 8 2 10
left_child=1 12 3 4 6 8 15 11 13 -7 -10 21 -1 17 -5 -3 22 -6 -13 -18 -12 -2 -17 -23 -8 -11 -27 -19
right_child=7 2 -4 14 5 9 24 -9 10 25 20 18 -14 -15 -16 16 19 27 -20 -21 -22 23 -24 -25 -26 26 -28 -29
leaf_value=1.5957857019502669e-06 3.7253132986179045e-06 -1.3064337925509982e-06 3.2587703969571051e-06 -4.6122335020701659e-06 -7.0452215640383227e-07 -3.0949535423296507e-06 -1.0509655951231273e-06 4.6580380008319709e-06 3.0262088086079809e-06 -1.4527923925147746e-06 -2.3132131481193649e-07 -8.601456857907344e-08 4.19709627151845e-06 -1.800841632459926e-06 -2.4177600489464398e-06 -2.6504292868386598e-06 -4.6851312215267688e-06 2.2224760996774661e-07 1.948874497211869e-06 -2.7615655855075747e-06 1.4995457288731725e-06 2.8208333633859643e-06 -9.1213350984278119e-07 1.2720836970921461e-06 5.9752185596092285e-07 -1.0142212400157075e-06 2.1729172164803153e-07 1.3530774462752136e-06
leaf_weight=512 545 973 648 502 967 579 550 595 576 757 577 507 627 545 959 505 516 697 536 558 611 878 550 527 538 626 925 760
leaf_count=512 545 973 648 502 967 579 550 595 576 757 577 507 627 545 959 505 516 697 536 558 611 878 550 527 538 626 925 760
internal_value=6.81393e-08 -5.09991e-07 -7.99492e-07 -9.97652e-07 -7.28688e-07 -1.67886e-07 -1.74856e-06 2.49442e-06 4.3236e-07 -1.15195e-06 1.43189e-06 2.06429e-06 3.02779e-06 -1.61486e-07 -3.1718e-06 -2.27915e-06 -2.72368e-06 2.07084e-07 9.59687e-07 -3.68577e-06 6.58852e-07 2.6551e-06 -1.74424e-06 2.23994e-06 -2.35782e-07 -6.64502e-07 -2.79738e-07 8.12134e-07
internal_weight=18646 15058 13919 13271 11810 7620 4190 3588 4733 2887 1764 2993 1139 2969 1461 3102 2129 2424 1043 1074 1188 1950 1055 1405 1088 2308 1551 1457
internal_count=18646 15058 13919 13271 11810 7620 4190 3588 4733 2887 1764 2993 1139 2969 1461 3102 2129 2424 1043 1074 1188 1950 1055 1405 1088 2308 1551 1457
is_linear=0
shrinkage=0.00469677


Tree=121
num_leaves=29
num_cat=0
split_feature=29 8 20 4 31 29 3 28 17 31 24 17 0 20 0 4 24 26 17 0 28 4 17 6 10 6 23 14
split_gain=0.00193754 0.000482553 0.000431278 0.000326186 0.000223929 0.000209153 0.000156329 0.000120302 9.44489e-05 8.39074e-05 8.26286e-05 7.29301e-05 6.61011e-05 6.55301e-05 0.000102064 6.21624e-05 6.16665e-05 6.05134e-05 5.64793e-05 5.08259e-05 4.27454e-05 4.09911e-05 3.93421e-05 3.27026e-05 3.09422e-05 6.03686e-05 1.58797e-05 3.22354e-06
threshold=-0.50253164103948544 -0.0090808117003548048 0.80437561579074768 52.500000000000007 -2629.297603976524 -0.98463930910082331 81.550000000000011 500.00000000002484 -0.26163354550815648 -1.7523011767670875 0.82267167410520081 -0.19813208289395787 258.25000000000006 0.16730885507642554 80.250000000000014 52.500000000000007 0.95595560671775437 -0.90909370829842029 -0.11020866278623179 114.25000000000001 -0.99999999999996436 5.5000000000000009 -0.032568084481012144 -0.092996208769659514 -33.249999999999993 -0.15387200908895657 -0.062449625915625966 -1.4336551606288443
decision_type=10 10 10 8 8 10 10 10 10 10 10 10 10 8 10 10 10 10 10 10 10 10 10 2 10 2 10 2
left_child=3 2 4 5 11 9 15 8 21 18 -8 -2 -9 -5 23 -4 24 -11 19 -1 -19 -6 -18 -15 -10 -26 27 -25
right_child=1 -3 6 13 7 -7 10 12 16 17 -12 -13 -14 14 -16 -17 22 20 -20 -21 -22 -23 -24 26 25 -27 -28 -29
leaf_value=-2.3433798856809544e-06 -2.3936061938476273e-06 5.2561728166478585e-06 2.5834097412683991e-06 6.8088035194357913e-07 -1.6260123047540676e-06 -4.9052130040138806e-06 2.8511938985314344e-06 2.8167200353082683e-06 -3.0607241988603387e-07 -2.5302187085891148e-06 5.365264872013116e-06 -1.460140301988286e-07 7.7774254893051859e-07 5.9618343813784049e-07 -2.3669044704934476e-06 4.9909713975867588e-07 1.0281002400785108e-06 1.1868249603671952e-07 -1.709142552980118e-06 -4.1808841034758043e-06 -1.6369103238638135e-06 2.6541524320754658e-07 2.8011281885229233e-06 -6.1841358514282026e-07 2.166650397730357e-06 8.9727219313976406e-08 -1.4091713177675794e-06 -1.4347694314359791e-07
leaf_weight=677 596 688 801 742 507 643 568 1001 715 573 586 684 540 564 762 521 590 670 877 652 563 504 519 781 511 780 502 529
leaf_count=677 596 688 801 742 507 643 568 1001 715 573 586 684 540 564 762 521 590 670 877 652 563 504 519 781 511 780 502 529
internal_value=6.78192e-08 1.45885e-06 1.18159e-06 -1.58007e-06 5.81715e-07 -2.41834e-06 2.86469e-06 9.82478e-07 5.64255e-07 -2.01977e-06 4.12787e-06 -1.19258e-06 2.10224e-06 -5.7434e-07 -8.71155e-07 1.76201e-06 9.69096e-07 -1.26904e-06 -2.63436e-06 -3.24487e-06 -6.82911e-07 -6.83072e-07 1.85789e-06 -3.91444e-07 4.77719e-07 9.11835e-07 -6.98869e-07 -4.26652e-07
internal_weight=18646 10111 9423 8535 6947 4655 2476 5667 4126 4012 1154 1280 1541 3880 3138 1322 3115 1806 2206 1329 1233 1011 1109 2376 2006 1291 1812 1310
internal_count=18646 10111 9423 8535 6947 4655 2476 5667 4126 4012 1154 1280 1541 3880 3138 1322 3115 1806 2206 1329 1233 1011 1109 2376 2006 1291 1812 1310
is_linear=0
shrinkage=0.00469677


Tree=122
num_leaves=30
num_cat=0
split_feature=29 8 31 29 27 0 0 19 13 19 11 2 14 8 23 17 6 9 33 23 9 1 0 31 23 15 14 17 33
split_gain=0.00191938 0.000478031 0.00037292 0.000273086 0.000160169 0.000145434 0.000192997 0.000136153 0.000118302 0.000113625 0.000111779 0.000102931 7.63013e-05 7.39848e-05 0.000109754 7.08464e-05 5.3801e-05 4.84054e-05 5.61569e-05 4.79142e-05 4.52593e-05 4.50891e-05 3.56703e-05 3.82861e-05 3.02409e-05 2.91331e-05 1.90646e-05 1.83145e-05 1.4963e-05
threshold=-0.50253164103948544 -0.0090808117003548048 -2629.297603976524 -0.98730978877353526 0.049999999999998941 258.25000000000006 113.25000000000001 0.017531762154251337 -0.37865747754101248 0.13500189179371566 0.45746885610438132 161.25000000000003 -1.3302717019822283 -0.17671882151874077 0.083503315316125551 -0.19813208289395787 -0.10831990095574083 1.0000000180025095e-35 16.500000000000004 0.010034940332804611 -1.0000000180025095e-35 79.050000000000011 258.25000000000006 -32.018691349958516 -0.0029753026120911126 -0.38793163101357281 -1.3055365686944638 -0.1104887458968014 9.5000000000000018
decision_type=10 10 8 10 10 10 10 10 10 10 8 10 2 10 8 10 2 2 2 10 2 10 10 8 10 10 2 8 2
left_child=3 2 15 8 7 6 20 24 13 -7 -5 17 -10 14 21 -2 -15 18 -9 -14 -6 -1 23 -16 27 -19 28 -4 -25
right_child=1 -3 4 10 5 9 -8 11 12 -11 -12 -13 19 16 22 -17 -18 25 -20 -21 -22 -23 -24 26 -26 -27 -28 -29 -30
leaf_value=-1.5618937390907446e-06 -2.3485441116668242e-06 5.2314857380374392e-06 -2.0321441617377978e-07 -5.0431287777054943e-06 1.0496411360432266e-06 2.7098115159570827e-07 5.1806037696225307e-06 1.3491183327870299e-06 -3.2901913001057962e-06 2.9050187322638613e-06 -2.0851581520893965e-06 3.3300659219659522e-06 -5.6578828694422597e-07 -9.094817612437827e-07 7.5859843502566887e-07 -1.4197549263724217e-07 1.1033853241426941e-06 2.5443432830404661e-06 -6.7700161316688377e-07 -2.4408860559848174e-06 2.8795229241303061e-06 -3.2861477697165549e-06 -1.7594358593048165e-06 -8.2501932968876565e-07 -9.4043649020664284e-07 1.0779197657439047e-06 -1.4466734499610099e-06 1.0293141242169197e-06 2.2565649548247101e-07
leaf_weight=852 601 688 563 627 540 972 686 719 840 575 512 594 640 549 509 689 628 608 520 567 666 551 502 709 598 588 532 504 517
leaf_count=852 601 688 563 627 540 972 686 719 840 575 512 594 640 549 509 689 628 608 520 567 666 551 502 709 598 588 532 504 517
internal_value=6.75007e-08 1.452e-06 1.17605e-06 -1.57264e-06 1.54817e-06 2.31822e-06 3.19161e-06 9.83986e-07 -1.24294e-06 1.25004e-06 -3.7135e-06 1.57705e-06 -2.20318e-06 -8.75465e-07 -1.16886e-06 -1.17002e-06 1.64475e-07 1.1494e-06 4.98742e-07 -1.44666e-06 2.0602e-06 -2.23908e-06 -6.26585e-07 -3.75714e-07 -9.49048e-08 1.82342e-06 -7.04155e-07 3.78942e-07 -3.81926e-07
internal_weight=18646 10111 9423 8535 8133 3439 1892 4694 7396 1547 1139 3029 2047 5349 4172 1290 1177 2435 1239 1207 1206 1403 2769 2267 1665 1196 1758 1067 1226
internal_count=18646 10111 9423 8535 8133 3439 1892 4694 7396 1547 1139 3029 2047 5349 4172 1290 1177 2435 1239 1207 1206 1403 2769 2267 1665 1196 1758 1067 1226
is_linear=0
shrinkage=0.00469677


Tree=123
num_leaves=27
num_cat=0
split_feature=24 27 27 8 26 19 15 31 6 21 17 13 27 33 31 15 6 21 26 1 24 26 19 24 1 33
split_gain=0.000903804 0.00045419 0.000382098 0.000269699 0.000240131 0.000192846 0.000142004 0.000114854 9.97843e-05 0.000113917 9.31354e-05 9.25007e-05 8.70079e-05 8.26309e-05 6.76517e-05 6.07139e-05 8.97435e-05 5.77938e-05 4.9293e-05 4.81705e-05 4.77881e-05 4.62002e-05 4.48854e-05 2.78408e-05 2.59059e-05 3.84982e-06
threshold=0.85248209206933701 0.049999999999998941 -0.049999999999998927 -0.010003463102031864 -0.73219126330557949 0.15912211514585914 -0.74651656473113681 38.36994640447579 0.4569695429299756 -0.19073278849653186 -0.012946291317817179 -0.649255736265826 -1.0000000180025095e-35 17.500000000000004 34.771339650097921 -0.48778704242110532 -0.24501813880761378 -0.37552139233142212 -0.89813480199692963 258.75000000000006 0.64145055002875884 -0.91770000054759171 0.034143492055604539 1.257176238177935 161.25000000000003 11.500000000000002
decision_type=10 10 8 10 8 10 8 10 2 10 10 10 8 2 10 10 2 8 10 10 10 10 10 10 8 2
left_child=2 3 13 6 7 8 -2 -3 9 15 19 -7 -8 17 23 20 -17 -1 -18 -11 22 -13 24 -14 -4 -26
right_child=1 4 5 -5 -6 11 12 -9 -10 10 -12 21 14 -15 -16 16 18 -19 -20 -21 -22 -23 -24 -25 25 -27
leaf_value=-1.0029481317178157e-06 2.0092448626455946e-06 3.7433842098150645e-06 -1.7434063640593564e-06 3.3625776385332904e-06 5.4280574657982463e-06 2.4434951740164592e-06 -2.0096238902251543e-06 7.6877608249795289e-07 -2.0026627778795305e-06 2.0076455451278888e-06 -9.7796557168053988e-07 -8.0464754970405865e-07 1.1354242006194999e-06 -4.0263873919296625e-06 -1.1934900585269036e-06 -2.7919960384994876e-06 3.8152110151033864e-07 -2.7556117021525022e-06 -1.4360186139481276e-06 1.5307088057324699e-07 9.4907517732518251e-07 1.0036386643360953e-06 4.8410604061982339e-07 -1.1207822564208613e-07 -4.3199467263884887e-07 -9.0902391943472139e-07
leaf_weight=798 720 507 611 688 782 677 547 658 979 796 578 507 913 542 656 675 554 865 811 505 517 809 649 695 1017 590
leaf_count=798 720 507 611 688 782 677 547 658 979 796 578 507 913 542 656 675 554 865 811 505 517 809 649 695 1017 590
internal_value=6.71836e-08 1.53831e-06 -6.59654e-07 6.72347e-07 3.41477e-06 -2.78941e-07 1.48157e-07 2.06333e-06 -5.9459e-07 -4.05826e-07 5.90805e-07 1.03273e-06 -3.28523e-07 -2.43371e-06 7.76288e-08 -7.51089e-07 -1.3911e-06 -1.91461e-06 -6.98326e-07 1.28779e-06 -3.65256e-07 3.06956e-07 -6.02279e-07 5.96216e-07 -9.20176e-07 -6.07154e-07
internal_weight=18646 6166 12480 4219 1947 10275 3531 1165 8282 7303 1879 1993 2811 2205 2264 5424 2040 1663 1365 1301 3384 1316 2867 1608 2218 1607
internal_count=18646 6166 12480 4219 1947 10275 3531 1165 8282 7303 1879 1993 2811 2205 2264 5424 2040 1663 1365 1301 3384 1316 2867 1608 2218 1607
is_linear=0
shrinkage=0.00469677


Tree=124
num_leaves=28
num_cat=0
split_feature=28 32 8 32 24 30 24 25 6 3 30 4 4 30 0 30 32 7 22 21 30 30 21 24 7 15 30
split_gain=0.00114704 0.00067879 0.000491909 0.000341526 0.00020606 0.000186316 0.000147973 0.000124582 0.000123441 9.3909e-05 0.000112526 8.99215e-05 8.7687e-05 8.53569e-05 7.02061e-05 5.90066e-05 5.3752e-05 4.98175e-05 4.91364e-05 3.94351e-05 5.70755e-05 3.16523e-05 2.84484e-05 2.67774e-05 2.58229e-05 2.17744e-05 1.81417e-05
threshold=2.4999999999999294 -0.66533717278182991 -0.0090808117003548048 0.99709198763887641 0.50175409314038444 -3.8261848798156163e-05 1.3665400722390084 -0.34615782194721362 0.49153719524165923 78.15000000000002 -0.00011495070195882317 74.500000000000014 54.500000000000007 9.131780966827819e-05 241.75000000000003 -0.00031094912927622035 0.33222591362125464 -0.1396517905660519 -0.11725466663229046 -0.43181372878860225 -0.00018173932885691475 -0.00037690930106655144 -0.11156813106285475 0.78348605939604721 0.029225721116961905 -0.57113462564043949 -0.00024768526479186697
decision_type=10 8 10 10 8 10 10 2 2 10 8 10 10 8 10 10 8 2 10 8 10 10 8 10 2 10 8
left_child=1 13 3 4 8 7 12 17 11 16 21 19 18 -1 -5 -13 26 -6 23 -3 24 -11 -14 -2 25 -21 -9
right_child=6 2 -4 14 5 -7 -8 9 -10 10 -12 15 22 -15 -16 -17 -18 -19 -20 20 -22 -23 -24 -25 -26 -27 -28
leaf_value=1.5612639913436833e-06 2.5973431807003252e-06 -2.7985585855753613e-06 3.2087406334368939e-06 -4.5474704874322886e-06 2.0035022054083806e-06 1.7239263027809869e-06 4.5926187281004607e-06 1.1125825541495976e-06 -3.5677017895559388e-06 -3.1663955623658374e-06 -7.3255079684426416e-08 7.7211413600189907e-07 1.717195796546244e-06 4.1461126693942482e-06 -2.3793660837047754e-06 -1.3464822306464027e-06 -8.5717555469608032e-07 -2.6997986362716615e-09 1.6327799692465922e-06 -2.0125797956944456e-06 -3.4857298743487439e-08 -1.7512852916928818e-06 1.655391523934674e-07 3.9986363721044887e-06 -2.5792659245202956e-06 -7.0185029146783758e-07 -6.0706660826493247e-09
leaf_weight=512 722 549 648 502 506 941 595 502 559 583 744 683 513 627 959 504 1640 593 712 580 523 868 530 516 614 540 881
leaf_count=512 722 549 648 502 506 941 595 502 559 583 744 683 513 627 959 504 1640 593 712 580 523 868 530 516 614 540 881
internal_value=6.68681e-08 -5.01773e-07 -7.87035e-07 -9.82144e-07 -7.17132e-07 -2.25807e-07 2.45333e-06 -5.16251e-07 -1.50052e-06 -8.18959e-07 -1.5584e-06 -1.21112e-06 2.02803e-06 2.98421e-06 -3.12435e-06 -1.27413e-07 -2.82038e-07 9.20962e-07 2.61599e-06 -1.66954e-06 -1.3949e-06 -2.31989e-06 9.28754e-07 3.18143e-06 -1.80509e-06 -1.38065e-06 3.99953e-07
internal_weight=18646 15058 13919 13271 11810 7258 3588 6317 4552 5218 2195 3993 2993 1139 1461 1187 3023 1099 1950 2806 2257 1451 1043 1238 1734 1120 1383
internal_count=18646 15058 13919 13271 11810 7258 3588 6317 4552 5218 2195 3993 2993 1139 1461 1187 3023 1099 1950 2806 2257 1451 1043 1238 1734 1120 1383
is_linear=0
shrinkage=0.00469677


Tree=125
num_leaves=27
num_cat=0
split_feature=29 31 2 29 17 11 14 2 2 21 19 0 2 26 14 6 0 27 21 22 27 31 15 26 14 33
split_gain=0.00187797 0.000465759 0.000329441 0.000268772 0.000144797 0.000110379 0.000104108 0.000121177 0.000240429 0.000146004 9.52174e-05 8.24913e-05 0.000148045 0.000131793 6.52196e-05 5.84751e-05 4.97639e-05 4.33408e-05 4.03794e-05 3.87747e-05 3.76627e-05 3.52575e-05 3.17804e-05 2.26843e-05 1.9053e-05 8.04553e-06
threshold=-0.50253164103948544 -2629.297603976524 998.50000000000011 -0.98730978877353526 -0.19813208289395787 0.45746885610438132 -1.2156100478468905 80.350000000000009 259.25000000000006 -0.086975533549374248 0.13815962288294428 81.750000000000014 159.75000000000003 -0.91927165203796368 -1.4706083390293905 0.47075653635906395 32.225000000000009 1.0000000180025095e-35 -0.35634616375113864 -0.2418576255432299 1.0000000180025095e-35 14.579431191075832 -0.82769257641326377 -0.95500664537312685 -1.3055365686944638 1.5000000000000002
decision_type=10 10 10 10 8 8 2 10 10 10 8 10 10 10 2 2 8 10 8 10 10 10 8 10 2 2
left_child=3 4 6 11 -2 -5 7 14 9 -9 -8 15 -13 -14 22 16 -1 24 -18 -15 -16 -10 -3 25 -6 -20
right_child=1 2 -4 5 17 -7 10 8 21 -11 -12 12 13 19 20 -17 18 -19 23 -21 -22 -23 -24 -25 -26 -27
leaf_value=-1.706895985638585e-06 -1.742102597975884e-06 1.4616836748110387e-06 5.7324793330438001e-06 -5.0009609387442129e-06 -3.4240252812745623e-07 -2.0615671039578343e-06 -8.2907203541481175e-07 2.9749280688767713e-06 3.3623008745220848e-07 6.089518012462084e-06 1.7775124030345946e-06 -3.7578674102024326e-06 -2.7937865976514512e-06 -1.2027806153367769e-06 1.3404856072028349e-06 -2.3389707655173124e-06 3.8090139664788307e-07 1.7069890077155658e-06 -7.7736904327172436e-07 4.6462650819080406e-07 2.81213527499179e-06 1.9353408053919073e-06 -8.7172016960570891e-09 -1.298114562546689e-06 7.7802752357448305e-07 -6.0010304191584993e-08
leaf_weight=822 901 570 502 627 826 512 580 938 522 514 662 692 747 566 798 521 987 515 603 674 739 729 752 978 563 806
leaf_count=822 901 570 502 627 826 512 580 938 522 514 662 692 747 566 798 521 987 515 603 674 739 729 752 978 563 806
internal_value=6.6554e-08 1.43604e-06 2.06065e-06 -1.5558e-06 -1.90837e-07 -3.67968e-06 1.78974e-06 2.06428e-06 2.77727e-06 4.0775e-06 5.6024e-07 -1.22872e-06 -1.88692e-06 -1.23532e-06 1.39018e-06 -8.54887e-07 -6.70606e-07 5.43227e-07 -4.18127e-07 -2.96437e-07 2.04809e-06 1.26811e-06 6.25243e-07 -7.48531e-07 1.11715e-07 -3.67037e-07
internal_weight=18646 10111 7306 8535 2805 1139 6804 5562 2703 1452 1242 7396 2679 1987 2859 4717 4196 1904 3374 1240 1537 1251 1322 2387 1389 1409
internal_count=18646 10111 7306 8535 2805 1139 6804 5562 2703 1452 1242 7396 2679 1987 2859 4717 4196 1904 3374 1240 1537 1251 1322 2387 1389 1409
is_linear=0
shrinkage=0.00469677


Tree=126
num_leaves=30
num_cat=0
split_feature=28 30 24 24 8 3 33 20 33 17 5 30 4 33 33 4 3 3 22 30 28 24 4 0 20 11 30 27 33
split_gain=0.00116481 0.000536334 0.00030029 0.000177894 0.000153191 0.000142933 0.000238055 0.000121235 0.000163223 0.000136627 0.000114189 0.000103797 9.71009e-05 9.12956e-05 9.12916e-05 6.80739e-05 6.66552e-05 6.50753e-05 6.21779e-05 5.91285e-05 4.82075e-05 5.07195e-05 4.65088e-05 4.28703e-05 2.69076e-05 2.58995e-05 2.09742e-05 1.72962e-05 1.23319e-06
threshold=2.4999999999999294 -5.0207101727994208e-05 0.95595560671775437 0.50534465310253085 -0.010003463102031864 81.750000000000014 8.5000000000000018 0.48422653738713262 18.500000000000004 -0.23275730347653792 78.491896879072087 -0.00019027017883130817 58.500000000000007 10.500000000000002 6.5000000000000009 73.500000000000014 2242.5000000000005 81.750000000000014 -0.12842023293757512 -0.00043865349876291276 -0.49999999999994665 0.6569277309654159 40.500000000000007 32.225000000000009 0.50235264306435434 0.59956674297364876 -0.00012674812847843228 1.0000000180025095e-35 2.5000000000000004
decision_type=10 10 8 10 10 10 2 10 2 8 8 8 10 2 2 10 8 10 10 10 8 10 10 10 10 10 8 8 2
left_child=1 2 7 24 10 15 -7 8 13 14 25 -12 18 19 -9 27 -13 -16 -5 -1 -11 26 -21 -15 -3 -4 -22 -2 -18
right_child=5 3 4 12 -6 6 -8 9 -10 20 11 16 -14 23 17 -17 28 -19 -20 22 21 -23 -24 -25 -26 -27 -28 -29 -30
leaf_value=-3.8402878519323651e-06 1.4658389536118618e-06 -1.1172899173810567e-06 1.7156869619534942e-06 2.2792782746591332e-06 2.3838810146729462e-06 1.7196082501703937e-06 5.1661276102142379e-06 -3.1781113977466363e-07 -4.5785557884650446e-06 -1.375150917921501e-06 -2.2864576728186728e-06 1.1955513798997539e-06 3.8421981290554109e-06 -1.9358725840266735e-06 -1.5551941594664725e-06 1.1137852858986844e-07 -1.0031514703857023e-06 -3.4298614927112062e-06 1.9927987874956879e-07 -2.6949479080131658e-06 1.9140459372181632e-07 1.2392570662967142e-06 -8.6136336805607572e-07 -2.0925563926641539e-07 4.1367108648241469e-07 2.3594914075806261e-07 -1.1282982480803109e-06 2.6080632938775772e-06 -7.0032049978103354e-07
leaf_weight=509 550 510 505 770 517 958 821 605 543 611 805 503 508 512 853 584 562 784 539 745 542 615 517 834 503 540 521 625 631
leaf_count=509 550 510 505 770 517 958 821 605 543 611 805 503 508 512 853 584 562 784 539 745 542 615 517 834 503 540 521 625 631
internal_value=-5.40009e-08 -6.22901e-07 -1.04851e-06 1.22001e-06 -4.56357e-09 2.37145e-06 3.31018e-06 -1.56634e-06 -2.20212e-06 -1.05277e-06 -3.52804e-07 -8.97618e-07 2.09926e-06 -1.78813e-06 -1.87687e-06 1.42204e-06 -2.38391e-07 -2.45304e-06 1.42283e-06 -2.4889e-06 -2.45584e-07 1.65698e-07 -1.94381e-06 -8.66062e-07 -3.57066e-07 9.5107e-07 -4.5538e-07 2.07343e-06 -8.43006e-07
internal_weight=18622 15084 12254 2830 4063 3538 1779 8191 3660 4531 3546 2501 1817 3117 2242 1759 1696 1637 1309 1771 2289 1678 1262 1346 1013 1045 1063 1175 1193
internal_count=18622 15084 12254 2830 4063 3538 1779 8191 3660 4531 3546 2501 1817 3117 2242 1759 1696 1637 1309 1771 2289 1678 1262 1346 1013 1045 1063 1175 1193
is_linear=0
shrinkage=0.00469677


Tree=127
num_leaves=28
num_cat=0
split_feature=29 24 32 4 29 5 33 17 21 27 33 26 13 4 20 26 33 21 26 30 26 33 30 11 17 24 33
split_gain=0.00173957 0.000444997 0.000313075 0.000299801 0.000260041 0.000245158 0.000285507 0.000160275 0.000106478 8.03486e-05 7.86045e-05 6.87534e-05 6.65615e-05 6.22239e-05 5.97304e-05 5.92129e-05 5.13681e-05 4.74206e-05 4.6258e-05 4.29224e-05 4.88577e-05 3.96229e-05 5.48223e-05 3.97444e-05 3.50387e-05 1.94568e-05 1.38214e-05
threshold=-0.50000000000000877 0.93026870185265176 -0.49751243781097171 25.500000000000004 -0.98944042083173855 114.16599462365595 8.5000000000000018 -0.19813208289395787 -0.19516756136964564 1.0000000180025095e-35 21.500000000000004 -0.84951659428019444 -0.32154790318680704 31.500000000000004 0.1785808624810013 -0.91927165203796368 7.5000000000000009 -0.40279448082405006 -0.90161109014432872 -0.00032216297777082966 -0.88388090845853917 6.5000000000000009 3.8330447906463357e-05 0.17958055694590586 -0.33720795882533816 0.7534619393785017 2.5000000000000004
decision_type=10 10 10 8 10 10 2 8 10 8 2 10 10 10 8 10 2 10 8 10 8 2 10 10 10 8 2
left_child=3 2 18 4 15 9 -7 17 12 13 21 -10 14 -3 -5 -1 -17 -4 -2 20 -16 -9 23 -23 -20 -22 -27
right_child=1 5 7 8 -6 6 -8 10 11 -11 -12 -13 -14 -15 19 16 -18 -19 24 -21 25 22 -24 -25 -26 26 -28
leaf_value=-3.0587716329741657e-06 1.0632449993923506e-06 -4.5463735162182332e-08 -2.8077457245936452e-06 7.9216506564601829e-07 -5.5882789266853881e-06 1.9183982168321235e-06 6.0204201358286522e-06 -1.7729684778108588e-07 -3.4225408847952309e-06 2.615305444717478e-06 -1.2271208229799678e-06 -1.1184832719482548e-06 -2.0171488198979001e-06 2.0770455631685833e-06 9.0765403930645741e-07 -4.884423405437201e-07 -2.2292437576422598e-06 -7.901118875447886e-07 1.696503875258816e-06 -1.8012265446213162e-06 -1.4775748449106327e-06 -4.6665721828509678e-07 2.2954854330130382e-06 1.1928147962351445e-06 3.2756408863339244e-06 -9.7695200071989783e-07 -2.5301401808135095e-08
leaf_weight=916 628 759 513 767 585 724 775 852 548 946 591 597 639 509 502 609 969 515 530 599 557 531 547 795 747 593 779
leaf_count=916 628 759 513 767 585 724 775 852 548 946 591 597 639 509 502 609 969 515 530 599 557 531 547 795 747 593 779
internal_value=-5.37473e-08 1.28467e-06 5.1949e-07 -1.5934e-06 -2.76995e-06 2.57248e-06 4.03921e-06 -1.76683e-07 -9.44299e-07 1.5794e-06 3.25625e-07 -2.22124e-06 -6.14693e-07 8.06527e-07 -3.78664e-07 -2.10886e-06 -1.55743e-06 -1.797e-06 2.107e-06 -6.75053e-07 -3.97549e-07 6.62397e-07 1.04438e-06 5.2825e-07 2.62027e-06 -7.37231e-07 -4.36644e-07
internal_weight=18622 9962 6249 8660 3079 3713 1499 4344 5581 2214 3316 1145 4436 1268 3797 2494 1578 1028 1905 3030 2431 2725 1873 1326 1277 1929 1372
internal_count=18622 9962 6249 8660 3079 3713 1499 4344 5581 2214 3316 1145 4436 1268 3797 2494 1578 1028 1905 3030 2431 2725 1873 1326 1277 1929 1372
is_linear=0
shrinkage=0.00469677


Tree=128
num_leaves=27
num_cat=0
split_feature=29 24 4 29 31 1 26 31 24 13 9 4 0 3 22 17 17 4 24 16 0 24 22 26 4 14
split_gain=0.00172327 0.000440827 0.000296991 0.000257604 0.000248461 0.000214159 0.000236918 0.000125992 0.000123647 7.37166e-05 7.17335e-05 0.000104277 6.54875e-05 6.32181e-05 6.183e-05 9.05448e-05 5.87595e-05 6.31638e-05 5.86995e-05 7.57872e-05 5.32482e-05 4.14973e-05 3.71702e-05 2.84257e-05 1.74762e-05 1.7768e-06
threshold=-0.50000000000000877 0.93026870185265176 25.500000000000004 -0.98944042083173855 -2629.297603976524 114.25000000000001 -0.76501858648942356 535.58318684227845 0.63422664517416893 -0.30910203869484898 -0.12111792219163177 65.500000000000014 32.82500000000001 276.25000000000006 -0.64350661563984779 -0.11630923521287892 -0.29201367180712823 8.5000000000000018 0.49144128915934199 -0.70314569498782764 59.650000000000013 0.36906804089748574 -0.23136045216272155 -0.80022272028095232 89.500000000000014 -1.3946086807928912
decision_type=10 10 8 10 10 10 10 10 10 10 2 10 10 10 10 10 10 10 10 10 10 10 10 8 8 2
left_child=2 4 3 16 8 12 -7 10 21 14 11 -6 -3 20 15 24 -1 -18 19 -16 -12 -2 -14 -19 -4 -26
right_child=1 5 9 -5 7 6 -8 -9 -10 -11 13 -13 22 -15 18 -17 17 23 -20 -21 -22 -23 -24 -25 25 -27
leaf_value=-3.3120144447548521e-06 -2.3542412010798859e-06 2.7075166374412021e-06 -1.4556341155341465e-06 -5.5620320407616144e-06 1.7016401176807577e-06 2.5958737443113372e-06 6.5607078549051441e-06 -8.7478436992467243e-07 1.0677100335340429e-06 -2.095915137491484e-06 1.5959810684928512e-06 -1.0262062799077269e-06 1.8275396043021464e-06 7.1549867961754032e-07 3.2846662710907039e-07 -2.9654126593450159e-06 -2.8611597814642832e-06 -1.671499277518316e-06 7.8902210792127044e-07 -2.0370795555385719e-06 3.2879197723627754e-06 -8.0605046165177679e-07 3.0731146016096725e-07 -2.151767508663546e-07 -5.9609506285119683e-07 -2.5532578640735388e-07
leaf_weight=651 668 810 539 585 797 977 504 561 582 999 766 505 680 594 634 506 641 677 924 565 884 892 742 525 856 558
leaf_count=651 668 810 539 585 797 977 504 561 582 999 766 505 680 594 634 506 641 677 924 565 884 892 742 525 856 558
internal_value=-5.34949e-08 1.27864e-06 -1.58592e-06 -2.75694e-06 5.1705e-07 2.56039e-06 3.94517e-06 1.1934e-06 -7.79749e-07 -9.39864e-07 1.52061e-06 6.43579e-07 1.64154e-06 2.02946e-06 -6.87806e-07 -1.19476e-06 -2.09896e-06 -1.67045e-06 -1.00602e-07 -7.86212e-07 2.50247e-06 -1.46902e-06 1.03431e-06 -1.03545e-06 -7.35987e-07 -4.61643e-07
internal_weight=18622 9962 8660 3079 6249 3713 1481 4107 2142 5581 3546 1302 2232 2244 4582 2459 2494 1843 2123 1199 1650 1560 1422 1202 1953 1414
internal_count=18622 9962 8660 3079 6249 3713 1481 4107 2142 5581 3546 1302 2232 2244 4582 2459 2494 1843 2123 1199 1650 1560 1422 1202 1953 1414
is_linear=0
shrinkage=0.00469677


Tree=129
num_leaves=29
num_cat=0
split_feature=32 32 8 30 25 27 20 2 8 11 23 14 31 8 3 31 0 32 8 1 20 19 23 19 13 20 20 14
split_gain=0.00106917 0.00051227 0.000474746 0.000219055 0.000130523 0.00014463 9.74867e-05 0.000182982 8.47387e-05 8.45248e-05 8.17799e-05 6.99376e-05 6.12909e-05 6.08985e-05 5.66627e-05 5.53442e-05 6.81418e-05 5.21417e-05 6.10977e-05 4.99129e-05 4.88417e-05 4.00398e-05 3.91156e-05 3.32313e-05 3.1279e-05 2.89448e-05 1.44639e-05 4.27082e-08
threshold=-0.33222591362128601 0.98039215686274483 -0.015195926674069259 -4.2498167419564735e-05 -0.016821381170625514 -0.099999999999999631 0.85368794607849185 80.15000000000002 -0.27311869713712461 1.1080835170158345 -0.22970543393329021 -2.1608851674641145 -2.8886365109125212 -0.17226366806107793 2352.5000000000005 -73.306462438629111 113.75000000000001 -0.98524558338186796 -0.39673344212944145 269.75000000000006 0.49473407104986061 0.043170282332530736 -0.059071132545122744 0.030294032409126353 -0.62852799419149963 0.4975901339709205 0.48874560302042186 -1.4706083390293905
decision_type=8 10 10 10 2 8 10 10 10 8 10 2 8 10 8 8 10 10 10 10 10 10 10 10 10 10 10 2
left_child=6 2 3 4 8 -6 17 -8 11 10 -7 -2 23 20 22 -3 21 18 -1 -18 -5 -17 -11 -12 -10 -25 -14 -16
right_child=1 15 -4 13 5 9 7 -9 24 14 12 -13 26 -15 27 16 19 -19 -20 -21 -22 -23 -24 25 -26 -27 -28 -29
leaf_value=3.4794707805475574e-06 -1.9137570734247458e-06 -1.0218087594439764e-06 3.2599311620338861e-06 -7.7214785590064393e-07 -3.3721471750657759e-06 -2.7644102631085843e-06 1.700494277152591e-06 5.0746037891095685e-06 2.0399110012565524e-06 1.4920221186770663e-06 -2.5511278244605688e-06 2.5355279800062789e-07 -7.9800870939390607e-07 1.9146236477242422e-06 -8.7325819735572075e-07 -2.7638196861384968e-06 -4.6416918541775341e-06 7.6858051338751162e-07 1.339087914412476e-06 -2.6298625744268212e-06 9.7823700674495467e-07 -1.038282527816185e-06 -3.1426549678854436e-07 -5.9606094523217437e-07 3.8915695611099514e-07 -1.9590553840617825e-06 2.1354833582797775e-07 -8.1609644648471263e-07
leaf_weight=521 528 517 824 570 561 694 786 646 509 554 506 869 524 800 701 626 511 888 676 582 918 564 506 846 504 579 770 542
leaf_count=521 528 517 824 570 561 694 786 646 509 554 506 869 524 800 701 626 511 888 676 582 918 564 506 846 504 579 770 542
internal_value=-5.32437e-08 -5.96291e-07 -1.8369e-07 -4.30845e-07 -7.54504e-07 -1.08809e-06 2.27906e-06 3.22264e-06 1.8438e-07 -8.8215e-07 -1.3018e-06 -5.65564e-07 -9.87046e-07 8.69579e-07 -1.6802e-07 -2.40951e-06 -2.72375e-06 1.63098e-06 2.27073e-06 -3.57046e-06 3.07704e-07 -1.94603e-06 6.29744e-07 -1.51709e-06 1.21864e-06 -1.14989e-06 -1.96052e-07 -8.4836e-07
internal_weight=18622 15105 12305 11481 9193 6783 3517 1432 2410 6222 3919 1397 3225 2288 2303 2800 2283 2085 1197 1093 1488 1190 1060 1931 1013 1425 1294 1243
internal_count=18622 15105 12305 11481 9193 6783 3517 1432 2410 6222 3919 1397 3225 2288 2303 2800 2283 2085 1197 1093 1488 1190 1060 1931 1013 1425 1294 1243
is_linear=0
shrinkage=0.00469677


Tree=130
num_leaves=28
num_cat=0
split_feature=28 24 20 4 20 17 4 1 24 27 14 13 26 17 23 8 17 4 4 16 16 24 1 20 22 27 14
split_gain=0.00112764 0.000506268 0.000343261 0.000169427 0.000159722 0.000221253 0.000159023 0.000141292 0.000184524 0.000128738 0.000116047 0.000106252 9.66339e-05 9.65869e-05 8.58621e-05 8.58714e-05 6.68104e-05 6.65121e-05 5.90187e-05 5.78479e-05 5.0206e-05 4.38133e-05 4.01013e-05 3.58142e-05 2.70591e-05 1.65521e-05 2.33512e-07
threshold=2.4999999999999294 0.95595560671775437 0.76444190312611371 89.500000000000014 0.47648383294787405 -0.23275730347653792 19.500000000000004 81.950000000000017 0.78782073311075573 -1.0000000180025095e-35 -1.798701298701298 -0.41708455998716615 -0.91770000054759171 -0.028513353788867209 -0.65136781487007755 -0.015195926674069259 -0.02943762187846349 73.500000000000014 52.500000000000007 -0.63496204963230685 -0.64260555278059939 0.42141944684114663 2352.5000000000005 0.50330413218429049 -0.33296482538485511 1.0000000180025095e-35 -1.4706083390293905
decision_type=10 10 10 10 8 8 10 10 10 8 2 8 10 10 10 8 10 10 10 8 8 10 8 10 10 8 2
left_child=1 2 4 9 6 18 21 17 -9 -3 -11 12 -8 -14 -12 -16 20 25 19 -6 -7 -1 23 -22 -21 -2 -24
right_child=7 3 -4 -5 5 16 11 8 -10 10 14 -13 13 -15 15 -17 -18 -19 -20 24 22 -23 26 -25 -26 -27 -28
leaf_value=-4.6538540251265069e-06 1.4414056168952506e-06 -1.5458865734821686e-06 1.793264163953138e-06 3.1809731716746837e-06 -3.739142661115949e-06 -1.8947838135458201e-06 -2.4425899858602116e-06 1.9198196992357392e-06 4.9696925183961219e-06 2.84763150869122e-06 -9.9989114020749342e-07 -3.0058743372311365e-06 1.4978475341276783e-06 -1.3660195200555546e-06 1.7920583001416058e-07 2.5837961738810821e-06 9.8170770762489195e-07 1.0067809820151322e-07 -8.961028412572759e-07 -2.4009182586418271e-06 7.3790871011855973e-07 -2.7540080555810959e-06 -1.0119990359170692e-06 -6.0246422474895509e-07 -1.0571072675350324e-06 2.5579606080419469e-06 -8.8336660703407897e-07
leaf_weight=523 550 586 831 591 532 524 528 989 785 532 667 701 505 535 913 511 760 587 790 940 978 549 716 799 510 627 563
leaf_count=523 550 586 831 591 532 524 528 989 785 532 667 701 505 535 913 511 760 587 790 940 978 549 716 799 510 627 563
internal_value=-5.29936e-08 -6.12744e-07 -1.11208e-06 8.70012e-07 -1.34305e-06 -9.45119e-07 -2.19013e-06 2.33345e-06 3.26942e-06 4.44393e-07 8.89051e-07 -1.48579e-06 -8.06183e-07 2.45761e-08 3.90726e-07 1.04211e-06 -2.83047e-07 1.39217e-06 -1.98169e-06 -2.41437e-06 -5.51551e-07 -3.68092e-06 -3.21222e-07 1.35212e-07 -1.92829e-06 2.03623e-06 -9.55403e-07
internal_weight=18622 15084 11284 3800 10453 7112 3341 3538 1774 3209 2623 2269 1568 1040 2091 1424 4340 1764 2772 1982 3580 1072 3056 1777 1450 1177 1279
internal_count=18622 15084 11284 3800 10453 7112 3341 3538 1774 3209 2623 2269 1568 1040 2091 1424 4340 1764 2772 1982 3580 1072 3056 1777 1450 1177 1279
is_linear=0
shrinkage=0.00469677


Tree=131
num_leaves=26
num_cat=0
split_feature=28 30 24 11 21 20 17 21 1 24 4 20 25 20 23 5 4 0 28 24 22 13 24 27 24
split_gain=0.00111708 0.000514203 0.000327162 0.000210607 0.000185379 0.000154263 0.000147277 0.000144741 0.000139968 0.000182795 0.00013883 9.30659e-05 8.59995e-05 7.66412e-05 7.47248e-05 6.65461e-05 6.58888e-05 4.86143e-05 4.78385e-05 7.10723e-05 2.68249e-05 2.65943e-05 2.05108e-05 1.63969e-05 1.34554e-05
threshold=2.4999999999999294 1.7884902422627114e-05 0.95595560671775437 1.5892039807069021 -0.25771574267913538 0.48422653738713262 -0.26163354550815648 -0.21307075409421172 81.950000000000017 0.78782073311075573 22.500000000000004 0.20156121208549005 -0.37372226398419256 0.82649670194955493 -0.22970543393329021 80.950154218723597 73.500000000000014 79.950000000000017 -0.49999999999994665 0.63422664517416893 -0.3244987465009575 -0.50954110627477445 0.42901016541936693 1.0000000180025095e-35 0.24428061840036158
decision_type=10 10 10 8 10 8 8 8 10 10 10 10 2 10 10 10 10 10 8 10 10 8 10 8 10
left_child=1 2 5 12 -3 7 15 10 16 -10 -1 -12 -4 -6 -14 22 23 -9 -8 21 -16 -20 -7 -2 -23
right_child=8 4 3 -5 13 6 18 17 9 -11 11 -13 14 -15 20 -17 -18 -19 19 -21 -22 24 -24 -25 -26
leaf_value=-3.4582309985507889e-06 1.4346356438685711e-06 -8.604506045632348e-07 1.4045531124283124e-06 3.1183542458240962e-06 1.6638253263442238e-06 -1.8661327145150961e-06 -1.3952561400133335e-06 -2.2321827781044434e-06 1.9108027645209116e-06 4.9463509902655093e-06 3.1129473008546746e-07 -1.9291480644329649e-06 -1.6315066260899806e-06 3.8980321366095422e-06 -4.7648801104988594e-07 -2.9541296045323746e-06 1.0020526645990076e-07 -3.8827734057029657e-06 4.2582757788983251e-07 1.081077509897115e-06 9.9103073229784771e-07 -4.9880975583090704e-07 -5.8056182897179743e-07 2.5459464527880972e-06 -1.2985264736200674e-06
leaf_weight=513 550 504 594 516 986 534 869 686 989 785 940 724 904 516 607 857 587 924 508 782 502 1348 562 627 708
leaf_count=513 550 504 594 516 986 534 869 686 989 785 940 724 904 516 607 857 587 924 508 782 502 1348 562 627 708
internal_value=-5.27447e-08 -6.09867e-07 -9.49496e-07 3.76805e-07 1.60431e-06 -1.36558e-06 -9.07439e-07 -2.11175e-06 2.32249e-06 3.25406e-06 -1.32208e-06 -6.63493e-07 -1.65813e-07 2.43139e-06 -6.29216e-07 -1.97365e-06 1.38563e-06 -3.1795e-06 -4.13406e-07 -1.58397e-07 1.87769e-07 -5.3644e-07 -1.20696e-06 2.02667e-06 -7.74215e-07
internal_weight=18622 15084 13078 3123 2006 9955 6168 3787 3538 1774 2177 1664 2607 1502 2013 1953 1764 1610 4215 3346 1109 2564 1096 1177 2056
internal_count=18622 15084 13078 3123 2006 9955 6168 3787 3538 1774 2177 1664 2607 1502 2013 1953 1764 1610 4215 3346 1109 2564 1096 1177 2056
is_linear=0
shrinkage=0.00469677


Tree=132
num_leaves=27
num_cat=0
split_feature=29 24 20 4 29 5 26 28 16 27 4 29 26 15 24 31 5 19 4 24 10 27 8 6 16 22
split_gain=0.00166956 0.000428574 0.00028963 0.00028925 0.000252686 0.000238056 0.000244095 0.000125472 0.000118373 7.88898e-05 6.14168e-05 6.02221e-05 5.82985e-05 5.6741e-05 5.38368e-05 6.33468e-05 6.04473e-05 4.99454e-05 4.75671e-05 5.64865e-05 4.62417e-05 3.83753e-05 3.62055e-05 3.2228e-05 3.15409e-05 2.45123e-05
threshold=-0.50000000000000877 0.93026870185265176 0.51987336601307199 25.500000000000004 -0.98944042083173855 114.16599462365595 -0.76093512878224667 500.83333333334048 -0.68998394186020062 1.0000000180025095e-35 31.500000000000004 -0.98730978877353526 -0.91927165203796368 -0.42468619901623145 0.95595560671775437 -112.75104002669734 80.950154218723597 0.12412158888362743 4.5000000000000009 0.58685036071301211 -45.749999999999993 0.099999999999996106 -0.44861363734127718 0.15408808205584371 -0.39791392453948504 -0.60261774532129164
decision_type=10 10 10 8 10 10 10 10 8 8 10 10 10 10 10 10 10 10 10 10 10 10 10 2 10 10
left_child=3 2 7 4 12 9 -7 8 -2 10 -3 14 -1 -14 15 -5 23 22 19 -10 -20 -19 -4 25 -22 -17
right_child=1 5 17 11 -6 6 -8 -9 18 -11 -12 -13 13 -15 -16 16 -18 21 20 -21 24 -23 -24 -25 -26 -27
leaf_value=-3.0073825701412473e-06 -2.2419247421449259e-06 -6.8333031747557478e-08 2.0209005916611089e-06 -2.3093453520808511e-07 -5.4946927421184315e-06 2.6148651170193659e-06 6.6229894252238818e-06 1.5975284581706573e-06 -1.965925446212512e-06 2.5703968325960926e-06 2.0403674594142345e-06 -2.1879745305334582e-06 -5.0334643880469084e-07 -2.2997425475410263e-06 3.9547186269044902e-07 -1.4201633110866118e-06 -2.7552193885183968e-06 1.7426240531102959e-06 -7.6764866192249181e-07 2.1586730513322111e-07 1.7617327014192383e-06 3.578393430662899e-06 3.6662000385355097e-07 -1.9502614622599294e-06 1.4419912724215075e-07 -1.0041191000529514e-07
leaf_weight=916 755 759 612 1622 585 993 506 688 540 946 509 723 687 891 780 507 578 503 519 508 525 502 558 570 539 801
leaf_count=916 755 759 612 1622 585 993 506 688 540 946 509 723 687 891 780 507 578 503 519 508 525 502 558 570 539 801
internal_value=-5.2497e-08 1.25871e-06 5.07781e-07 -1.56085e-06 -2.71651e-06 2.52253e-06 3.96786e-06 -2.31027e-07 -6.0258e-07 1.54394e-06 7.78114e-07 -9.23269e-07 -2.06484e-06 -1.51768e-06 -7.3504e-07 -9.51282e-07 -1.427e-06 1.89166e-06 -1.32136e-07 -9.08307e-07 3.81695e-07 2.65963e-06 1.23196e-06 -1.01819e-06 9.42356e-07 -6.11992e-07
internal_weight=18622 9962 6249 8660 3079 3713 1499 4074 3386 2214 1268 5581 2494 1578 4858 4078 2456 2175 2631 1048 1583 1005 1170 1878 1064 1308
internal_count=18622 9962 6249 8660 3079 3713 1499 4074 3386 2214 1268 5581 2494 1578 4858 4078 2456 2175 2631 1048 1583 1005 1170 1878 1064 1308
is_linear=0
shrinkage=0.00469677


Tree=133
num_leaves=28
num_cat=0
split_feature=29 24 32 4 29 5 21 28 16 0 5 19 5 16 24 21 22 28 28 8 5 11 31 15 0 14 21
split_gain=0.00165391 0.000424558 0.000297688 0.000287211 0.00028895 0.000235825 0.000236282 0.000125271 0.000124736 8.35676e-05 0.000115517 7.92532e-05 7.83589e-05 7.44151e-05 6.87109e-05 5.46024e-05 4.41438e-05 4.25959e-05 4.02418e-05 3.80391e-05 3.75613e-05 6.81209e-05 2.29119e-05 2.13379e-05 1.66417e-05 1.25536e-05 1.03265e-05
threshold=-0.50000000000000877 0.93026870185265176 -0.49751243781097171 52.500000000000007 -0.98944042083173855 114.16599462365595 -0.086975533549374248 500.83333333334048 -0.64260555278059939 161.25000000000003 79.64217846083946 0.024615091914549594 38.187094918195129 -0.5114389455402284 0.56203020573890217 -0.15995358563444198 0.049112280895419268 -7.1111116994870814e-11 0.50000000000000899 -0.13026813001915952 57.773168534699288 0.17244506262363252 -20.800917467727491 -0.42468619901623145 81.750000000000014 -1.3306989063568002 -0.28870545135564313
decision_type=10 10 8 8 10 10 10 10 8 10 10 10 10 8 10 10 8 10 10 10 10 10 10 10 10 2 10
left_child=3 2 20 4 11 12 -7 8 -4 10 14 22 -3 -10 16 -14 -5 -15 26 23 -2 -22 -1 -13 -25 -18 -19
right_child=1 5 7 9 -6 6 -8 -9 13 -11 -12 19 15 17 -16 -17 25 18 -20 -21 21 -23 -24 24 -26 -27 -28
leaf_value=-2.0721908077448177e-06 1.1139686835264835e-06 2.6910114165567218e-06 -2.0396720035026191e-06 -2.0938938249520117e-06 -4.9481595545690536e-06 2.5070730081527946e-06 6.3604702449165731e-06 1.5367946789872834e-06 1.5969040908308772e-06 9.4840207030313095e-07 -2.9754864674356924e-06 -1.1275580255213768e-06 -3.773421465811823e-07 -1.4773460998611427e-06 7.7199345853637955e-07 1.557422776825539e-06 -8.836686754769132e-07 6.9264347811620212e-08 -1.0942647078928467e-06 -4.4188271623889197e-07 3.8574158943998774e-06 1.6381128256969496e-06 -3.3702055150435656e-06 -1.5347735671256953e-06 -2.6411521135218405e-06 -1.2708225491230722e-08 1.0008099070488789e-06
leaf_weight=527 629 818 916 552 777 938 561 776 503 636 506 841 503 596 672 893 940 540 502 714 505 771 697 584 617 597 511
leaf_count=527 629 818 916 552 777 938 561 776 503 636 506 841 503 596 672 893 940 540 502 714 505 771 697 584 617 597 511
internal_value=-5.22504e-08 1.2528e-06 5.05396e-07 -1.55352e-06 -2.32829e-06 2.51068e-06 3.94923e-06 -1.73453e-07 -5.45422e-07 -6.09206e-07 -9.12442e-07 -1.81682e-06 1.53669e-06 -2.9296e-08 -5.34342e-07 8.60274e-07 -9.54587e-07 -4.09944e-07 -2.81733e-10 -1.3751e-06 2.0534e-06 2.51647e-06 -2.81137e-06 -1.70139e-06 -2.10319e-06 -5.45393e-07 5.22217e-07
internal_weight=18622 9962 6249 8660 4757 3713 1499 4344 3568 3903 3267 3980 2214 2652 2761 1396 2089 2149 1553 2756 1905 1276 1224 2042 1201 1537 1051
internal_count=18622 9962 6249 8660 4757 3713 1499 4344 3568 3903 3267 3980 2214 2652 2761 1396 2089 2149 1553 2756 1905 1276 1224 2042 1201 1537 1051
is_linear=0
shrinkage=0.00469677


Tree=134
num_leaves=28
num_cat=0
split_feature=29 31 4 29 11 28 33 21 21 30 1 1 5 26 22 13 13 16 5 26 27 5 7 29 16 11 33
split_gain=0.00163841 0.000403827 0.00028452 0.000286242 0.00024931 0.000159022 0.000153284 0.000124841 9.68553e-05 9.4446e-05 8.55432e-05 8.19634e-05 0.000110335 7.3517e-05 7.26595e-05 6.65444e-05 6.24236e-05 4.1235e-05 4.94656e-05 3.93569e-05 3.74234e-05 3.60088e-05 4.82132e-05 3.08442e-05 1.67875e-05 1.61707e-05 1.4513e-06
threshold=-0.50000000000000877 -2629.297603976524 52.500000000000007 -0.98944042083173855 1.2981900969140872 4999.5000000000009 8.5000000000000018 -0.29215049095893841 -0.37552139233142212 6.4422409609302017e-05 80.950000000000017 161.75000000000003 79.64217846083946 -0.83742031281822482 0.01762326609941783 -0.53940103906465031 -0.73512542029956907 -0.42924407692740202 114.34045408155355 -0.77829322873636164 0.049999999999998941 79.123083433370127 0.082798327070004854 -0.99394308041770996 -0.507581631089563 0.021396278722895644 1.5000000000000002
decision_type=10 10 8 10 10 10 2 8 10 10 10 10 10 10 8 10 10 10 10 10 8 10 2 10 10 10 2
left_child=2 7 3 13 5 8 -7 -2 -3 16 24 12 19 17 -15 20 -10 18 -1 23 -9 22 -18 25 -11 26 -4
right_child=1 4 11 -5 -6 6 -8 15 9 10 -12 -13 -14 14 -16 -17 21 -19 -20 -21 -22 -23 -24 -25 -26 -27 -28
leaf_value=-1.9402576905012465e-06 -2.0845623426782857e-06 -6.2161423590257065e-07 -9.7464249384764899e-07 -4.9249191678305021e-06 4.9975385592571649e-06 1.6054260546934978e-06 4.6644399131874094e-06 1.2164651657626718e-08 2.0812068228789373e-06 8.8075703293211993e-07 3.6661390376707823e-06 9.4941036872519688e-07 -2.8999113236628173e-06 -1.2834528455839075e-07 -2.0006659394359331e-06 -1.1842693323505827e-06 2.8229431202933349e-07 -1.5013066791973679e-06 -3.7056226722553671e-06 6.391893624072418e-07 1.4541810795132777e-06 -1.646139114789707e-07 2.1376297812924356e-06 -1.8197433501910875e-06 2.084249717987029e-06 1.8930532843411983e-07 -6.4914800482211083e-07
leaf_weight=664 648 569 562 777 510 817 648 776 773 512 645 627 515 865 970 521 751 740 741 515 813 943 525 507 511 521 656
leaf_count=664 648 569 562 777 510 817 648 776 773 512 645 627 515 865 970 521 751 740 741 515 813 943 525 507 511 521 656
internal_value=-5.2005e-08 1.24692e-06 -1.54622e-06 -2.31736e-06 1.83202e-06 1.59085e-06 2.95851e-06 -2.81392e-07 1.20766e-06 1.43103e-06 2.32657e-06 -6.06345e-07 -9.04114e-07 -1.80828e-06 -1.11809e-06 2.72362e-07 9.31763e-07 -2.39871e-06 -2.87134e-06 -5.31832e-07 7.49983e-07 5.31333e-07 1.04568e-06 -8.00359e-07 1.48195e-06 -5.03141e-07 -7.99363e-07
internal_weight=18622 9962 8660 4757 7204 6694 1465 2758 5229 4660 1668 3903 3276 3980 1835 2110 2992 2145 1405 2761 1589 2219 1276 2246 1023 1739 1218
internal_count=18622 9962 8660 4757 7204 6694 1465 2758 5229 4660 1668 3903 3276 3980 1835 2110 2992 2145 1405 2761 1589 2219 1276 2246 1023 1739 1218
is_linear=0
shrinkage=0.00469677


Tree=135
num_leaves=27
num_cat=0
split_feature=30 21 8 27 8 4 19 0 14 4 16 27 31 0 14 21 16 17 31 16 28 4 27 8 30 14
split_gain=0.0010662 0.000339983 0.000332295 0.000232571 0.000183579 0.000177526 0.000157226 0.000184209 0.000129918 0.000126265 0.000103634 8.80357e-05 7.45319e-05 8.07981e-05 6.63478e-05 6.43104e-05 6.31483e-05 5.73897e-05 5.53987e-05 3.77852e-05 3.13142e-05 3.98119e-05 2.86451e-05 2.75263e-05 2.24531e-05 9.92003e-07
threshold=-0.00014626679338174096 -0.26060009785587818 -0.010840270040886295 -0.049999999999998927 -0.0090808117003548048 26.500000000000004 0.089231340462334219 113.25000000000001 -1.1953605604921391 30.500000000000004 -0.69840920535244044 1.0000000180025095e-35 1.0000000180025095e-35 113.25000000000001 -1.7237696514012304 -0.089100419715358134 -0.72855085459078783 -0.44011523503931071 1.9948675442346948 -0.59157557851260312 -7.1111116994870814e-11 46.500000000000007 1.0000000180025095e-35 -0.26795185087600787 -0.0002239718505374412 -1.4706083390293905
decision_type=10 10 10 8 10 8 8 10 2 10 8 10 10 10 2 10 8 10 10 10 10 8 10 10 8 2
left_child=2 5 3 9 8 -2 7 23 12 17 -8 18 14 -14 -3 -15 -11 -1 20 -9 21 -12 -16 -5 -22 -23
right_child=1 4 -4 6 -6 -7 10 19 -10 16 11 -13 13 15 22 -17 -18 -19 -20 -21 24 25 -24 -25 -26 -27
leaf_value=-2.3213254884165342e-06 -1.8162774805732064e-06 -4.2959032379102862e-08 2.8072497738637644e-06 -1.0597836468095822e-06 4.6483583127200523e-06 1.4198011047550415e-06 -1.7841632942291062e-06 -3.6803254821663611e-06 -1.6678270443624148e-07 -6.7279971441618552e-08 -1.7009822741355663e-06 1.2864363207673184e-06 1.5488528207668849e-06 2.4454771244746948e-06 1.0699823327071751e-06 4.4876514553575157e-06 -2.2001090820583559e-06 -4.4239181179057642e-06 1.081863934576274e-06 -2.0539677356336049e-06 -6.4841628846490167e-07 -4.9986209568241083e-07 2.5272873431671927e-06 2.0322372215048159e-07 5.1566609245955012e-07 -2.4730383837069846e-07
leaf_weight=528 918 558 516 903 521 631 852 689 694 525 804 937 1002 817 515 583 735 626 553 581 643 778 705 658 847 615
leaf_count=528 918 558 516 903 521 631 852 689 694 525 804 937 1002 817 515 583 735 626 553 581 643 778 705 658 847 615
internal_value=-1.85168e-08 1.44149e-06 -8.78426e-07 -1.04712e-06 1.99836e-06 -4.98008e-07 -6.94994e-07 -1.60805e-06 1.71509e-06 -2.33949e-06 -2.66249e-07 -1.64333e-08 2.02754e-06 2.56714e-06 1.29854e-06 3.29592e-06 -1.31146e-06 -3.46193e-06 -3.04363e-07 -2.93633e-06 -5.12287e-07 -8.68749e-07 1.91214e-06 -5.27374e-07 1.32914e-08 -3.88383e-07
internal_weight=18734 6944 11790 11274 5395 1549 8860 2831 4874 2414 6029 5177 4180 2402 1778 1400 1260 1154 4240 1270 3687 2197 1220 1561 1490 1393
internal_count=18734 6944 11790 11274 5395 1549 8860 2831 4874 2414 6029 5177 4180 2402 1778 1400 1260 1154 4240 1270 3687 2197 1220 1561 1490 1393
is_linear=0
shrinkage=0.00469677


Tree=136
num_leaves=27
num_cat=0
split_feature=29 31 29 8 4 24 22 20 2 33 27 16 33 33 27 24 2 16 13 13 22 24 11 24 22 33
split_gain=0.00164773 0.000445193 0.000363412 0.000309853 0.000232915 0.000186149 0.000120064 0.000120879 7.76443e-05 9.68902e-05 9.68397e-05 7.71613e-05 7.26114e-05 6.62581e-05 6.20679e-05 6.03374e-05 5.95324e-05 4.81191e-05 3.61222e-05 5.4891e-05 3.87749e-05 3.35087e-05 5.33209e-05 2.60748e-05 1.21824e-05 7.39783e-06
threshold=-0.66160453748142256 -2629.297603976524 -0.98730978877353526 -0.0090808117003548048 94.500000000000014 0.63422664517416893 -0.1483166314852952 0.85368794607849185 41.57500000000001 7.5000000000000009 0.44999999999999934 -0.54973940484611672 18.500000000000004 15.500000000000002 1.0000000180025095e-35 0.36388355174565645 159.25000000000003 -0.65189786656939563 -0.3401152416048337 -0.80061877664871495 -0.48415987580296921 0.87935403797484446 0.32077904228338072 0.47665765109886277 -0.18191014420448159 14.500000000000002
decision_type=10 10 10 10 8 10 10 10 10 2 10 8 2 2 8 10 10 10 8 10 10 10 10 10 8 2
left_child=2 5 4 6 12 15 7 8 24 16 -11 -6 13 18 -7 -2 -10 -8 19 -1 -21 22 -19 -20 -3 -13
right_child=1 3 -4 -5 11 14 17 -9 9 10 -12 25 -14 -15 -16 -17 -18 21 23 20 -22 -23 -24 -25 -26 -27
leaf_value=-2.681449554306752e-06 -2.4577174151251906e-06 7.0870847984522105e-08 -4.3077175007787246e-06 4.7924266351502486e-06 1.3317731278914189e-06 -4.295956663679171e-08 -2.1887722654518279e-07 3.8129568627449534e-06 2.2387791639163719e-06 4.1058348090992486e-06 1.4734431697561079e-06 -2.9005785941148125e-07 -2.9957965959867851e-06 -2.694203564475476e-07 2.0767836261460199e-06 -6.0828795820149062e-07 2.2240773797768724e-08 1.5944233002611284e-06 -3.2409049948813122e-06 -1.783667512171232e-06 -3.2632632416862588e-07 1.8881394162963756e-06 -4.7700772533110212e-07 -1.8648422621210699e-06 1.1015845114858261e-06 -9.193622901262305e-07
leaf_weight=575 688 506 939 712 681 602 778 705 521 747 525 1066 891 765 617 896 549 590 518 742 881 815 512 735 506 672
leaf_count=575 688 506 939 712 681 602 778 705 521 747 525 1066 891 765 617 896 549 590 518 742 881 815 512 735 506 672
internal_value=-1.84298e-08 1.24624e-06 -1.55262e-06 1.84545e-06 -1.20887e-06 -3.49788e-07 1.53477e-06 2.04504e-06 1.67342e-06 2.14318e-06 3.01938e-06 -8.29915e-09 -1.77752e-06 -1.52005e-06 1.02993e-06 -1.4116e-06 1.10154e-06 7.66232e-07 -1.79727e-06 -1.43443e-06 -9.92611e-07 1.16605e-06 6.31986e-07 -2.43374e-06 5.86261e-07 -5.33398e-07
internal_weight=18734 10269 8465 7466 7526 2803 6754 4059 3354 2342 1272 2419 5107 4216 1219 1584 1070 2695 3451 2198 1623 1917 1102 1253 1012 1738
internal_count=18734 10269 8465 7466 7526 2803 6754 4059 3354 2342 1272 2419 5107 4216 1219 1584 1070 2695 3451 2198 1623 1917 1102 1253 1012 1738
is_linear=0
shrinkage=0.00469677


Tree=137
num_leaves=28
num_cat=0
split_feature=29 8 29 20 17 22 13 19 33 14 14 8 26 26 8 23 19 15 20 8 22 17 2 17 1 33 33
split_gain=0.00163229 0.000432035 0.000360006 0.00027382 0.000197509 0.000133718 0.000106216 9.4879e-05 7.84593e-05 7.79077e-05 0.000127096 7.1964e-05 7.13173e-05 6.98072e-05 7.5554e-05 5.34551e-05 8.96118e-05 5.30023e-05 5.96444e-05 5.01953e-05 4.33806e-05 4.56075e-05 4.11609e-05 4.06967e-05 1.29821e-05 1.07203e-05 1.68866e-05
threshold=-0.66160453748142256 -0.0090808117003548048 -0.98730978877353526 0.80437561579074768 -0.26163354550815648 -0.065854996263481805 -0.37865747754101248 0.13815962288294428 16.500000000000004 -1.2919087491455907 -1.4523667122351325 -0.12693414226466351 -0.86137016104473763 -0.84951659428019444 -0.31100207750409664 0.76402329997022644 0.024615091914549594 -0.43016176827942149 0.50500568539241886 -0.19060328851941263 -0.41121165479254207 -0.28036781860304083 258.25000000000006 -0.1104887458968014 58.150000000000013 11.500000000000002 2.5000000000000004
decision_type=10 10 10 10 10 10 10 10 2 2 2 10 10 8 8 8 10 10 10 10 10 8 10 10 10 2 2
left_child=2 3 6 4 20 9 7 15 11 10 -5 17 23 -8 -15 16 -1 18 -6 24 21 -2 -19 -10 -18 26 -17
right_child=1 -3 -4 5 8 -7 13 -9 12 -11 -12 -13 -14 14 -16 25 19 22 -20 -21 -22 -23 -24 -25 -26 -27 -28
leaf_value=-2.6525945547352074e-06 -2.5194809976448735e-06 4.7699176970089303e-06 -4.2874851460953752e-06 2.0720452166426129e-06 2.4756781952404566e-06 5.4508913229445813e-07 -3.0676052747301614e-06 7.1159420485685793e-07 -8.3048432805212147e-08 1.3913753627208084e-06 4.9365940952958836e-06 2.4307338931240267e-06 -1.0290116665510385e-06 -2.7196547025889473e-06 -3.2708870125743692e-07 -7.0428767789576959e-07 -1.0772820930773432e-06 1.0667448562317533e-06 4.9157395858306313e-07 4.6412979761644836e-08 4.4148587743493338e-08 -5.4156360252172193e-07 -6.8113848710064296e-07 1.7485899544449357e-06 -2.0491835809919048e-06 -9.7245544722678975e-07 4.3712901330488921e-07
leaf_weight=972 507 712 939 676 728 715 921 737 502 525 691 970 705 507 684 625 709 602 618 750 636 522 587 573 530 564 527
leaf_count=972 507 712 939 676 728 715 921 737 502 525 691 970 705 507 684 625 709 602 618 750 636 522 587 573 530 564 527
internal_value=-1.83433e-08 1.24038e-06 -1.54533e-06 9.77429e-07 4.90511e-07 2.27549e-06 -1.20319e-06 -8.5468e-07 9.34926e-07 2.9294e-06 3.52006e-06 1.34274e-06 1.31872e-07 -2.09656e-06 -1.34561e-06 -1.1015e-06 -1.48376e-06 9.26419e-07 1.56472e-06 -9.12544e-07 -9.20117e-07 -1.51614e-06 2.038e-07 8.93226e-07 -1.49305e-06 -4.41887e-07 -1.821e-07
internal_weight=18734 10269 8465 9557 6950 2607 7526 5414 5285 1892 1367 3505 1780 2112 1191 4677 2961 2535 1346 1989 1665 1029 1189 1075 1239 1716 1152
internal_count=18734 10269 8465 9557 6950 2607 7526 5414 5285 1892 1367 3505 1780 2112 1191 4677 2961 2535 1346 1989 1665 1029 1189 1075 1239 1716 1152
is_linear=0
shrinkage=0.00469677


Tree=138
num_leaves=27
num_cat=0
split_feature=29 8 29 20 4 17 22 19 19 33 14 14 8 26 4 13 26 8 33 17 13 0 13 17 7 33
split_gain=0.00161699 0.000427986 0.000356632 0.000271254 0.000230076 0.000195658 0.000132465 0.000112553 8.43436e-05 7.7724e-05 7.71776e-05 0.000125905 7.12896e-05 7.0649e-05 5.59388e-05 4.78564e-05 7.46242e-05 4.70106e-05 4.33072e-05 4.03153e-05 4.0092e-05 3.17319e-05 2.8117e-05 2.79819e-05 1.38647e-05 6.28667e-06
threshold=-0.66160453748142256 -0.0090808117003548048 -0.98730978877353526 0.80437561579074768 94.500000000000014 -0.26163354550815648 -0.065854996263481805 0.024615091914549594 0.037201272867201339 16.500000000000004 -1.2919087491455907 -1.4523667122351325 -0.12693414226466351 -0.86137016104473763 16.500000000000004 -0.32520866337754756 -0.84821100407971095 -0.17981510915186258 9.5000000000000018 -0.1104887458968014 -0.51336901667141666 114.25000000000001 -0.73512542029956907 -0.64353603094700151 0.061553636571986543 11.500000000000002
decision_type=10 10 10 10 8 10 10 10 10 2 2 2 10 10 10 10 10 10 2 10 10 10 10 10 2 2
left_child=2 3 4 5 7 14 10 21 25 12 11 -5 18 19 23 17 -17 22 20 -11 -7 -1 -9 -2 -24 -6
right_child=1 -3 -4 6 8 9 -8 15 -10 13 -12 -13 -14 -15 -16 16 -18 -19 -20 -21 -22 -23 24 -25 -26 -27
leaf_value=-2.173377676315035e-06 -7.9834270590796358e-07 4.7475144466108073e-06 -4.2673478059135795e-06 2.0623132789899658e-06 -3.6918385857777006e-07 1.2305763287027341e-06 5.4252899059864034e-07 -2.3011668946884689e-06 1.2036066593964579e-06 -8.2658361553366013e-08 1.3848403751009698e-06 4.9134080305451436e-06 2.4193172784769097e-06 -1.0241786427009264e-06 1.8338389092428431e-07 -3.4023495908570187e-06 -1.0161933725476708e-06 -1.6576359708692487e-08 1.7230971866362221e-06 1.7403772167338563e-06 -2.5930834410055428e-07 -3.5603129748912136e-06 -5.4239796482162938e-07 -2.3456750235348145e-06 -1.5783045089077146e-06 -9.6318728695721223e-07
leaf_weight=728 504 712 939 676 859 762 715 525 835 502 525 691 970 705 633 533 632 800 938 573 835 728 658 528 503 725
leaf_count=728 504 712 939 676 859 762 715 525 835 502 525 691 970 705 633 533 632 800 938 573 835 728 658 528 503 725
internal_value=-1.82571e-08 1.23456e-06 -1.53807e-06 9.72838e-07 -1.19754e-06 4.88208e-07 2.2648e-06 -1.76272e-06 -4.31094e-09 9.30535e-07 2.91564e-06 3.50353e-06 1.33644e-06 1.31252e-07 -9.15795e-07 -1.32238e-06 -2.10791e-06 -9.54247e-07 9.22068e-07 8.89031e-07 4.51561e-07 -2.86687e-06 -1.39915e-06 -1.59003e-06 -9.9123e-07 -6.41081e-07
internal_weight=18734 10269 8465 9557 7526 6950 2607 5107 2419 5285 1892 1367 3505 1780 1665 3651 1165 2486 2535 1075 1597 1456 1686 1032 1161 1584
internal_count=18734 10269 8465 9557 7526 6950 2607 5107 2419 5285 1892 1367 3505 1780 1665 3651 1165 2486 2535 1075 1597 1456 1686 1032 1161 1584
is_linear=0
shrinkage=0.00469677


Tree=139
num_leaves=26
num_cat=0
split_feature=29 8 29 20 4 28 22 8 16 0 5 33 33 5 33 33 26 25 16 4 16 8 12 30 33
split_gain=0.00160184 0.000423975 0.00035329 0.000268712 0.000227919 0.000133616 0.000131224 0.000108336 7.62442e-05 7.50622e-05 7.30909e-05 7.16864e-05 6.54637e-05 6.03789e-05 5.7882e-05 6.94697e-05 5.23497e-05 5.24991e-05 5.05518e-05 4.81716e-05 7.78442e-05 3.90108e-05 2.23819e-05 2.01305e-05 7.25944e-06
threshold=-0.66160453748142256 -0.0090808117003548048 -0.98730978877353526 0.80437561579074768 94.500000000000014 499.99999999998948 -0.065854996263481805 -0.31100207750409664 -0.54973940484611672 258.25000000000006 80.950154218723597 18.500000000000004 15.500000000000002 58.836973275812333 16.500000000000004 5.5000000000000009 -0.91927165203796368 -0.23154184770466338 -0.45981543412474829 25.500000000000004 -0.36715431416355598 -0.48421132321576227 1.0000000180025095e-35 -0.00035650828659892559 14.500000000000002
decision_type=10 10 10 10 8 10 10 10 8 10 10 2 2 10 2 2 10 2 8 10 8 10 8 10 2
left_child=2 3 4 5 11 7 10 19 -6 13 -5 12 16 -7 15 -9 18 -18 -1 20 -2 -19 -22 -23 -10
right_child=1 -3 -4 6 8 9 -8 14 24 -11 -12 -13 -14 -15 -16 -17 17 21 -20 -21 22 23 -24 -25 -26
leaf_value=-3.5112954527842951e-06 -2.0268557455529151e-06 4.725216431876531e-06 -4.2473050166888474e-06 1.9970885256957377e-06 1.3277945789801923e-06 1.2639691857228761e-06 5.3998083738111153e-07 9.4167712219522142e-08 -2.8520625350260919e-07 2.4219160749665034e-07 3.8438661452521474e-06 -2.9649274893469534e-06 -2.5550180689530569e-07 3.5041624786898341e-06 -1.0181647440224733e-07 2.2631048366202324e-06 -1.105229893915782e-07 -2.8311567855066925e-06 -1.5065070847088113e-06 5.0084274911450646e-07 2.3535611844522991e-07 -1.8459050612030673e-06 -9.6473985191622758e-07 -6.4342308896640568e-07 -9.0859734725573627e-07
leaf_weight=616 751 712 939 965 681 523 715 505 1066 534 927 891 765 539 775 918 554 532 505 887 995 691 523 553 672
leaf_count=616 751 712 939 965 681 523 715 505 1066 534 927 891 765 539 775 918 554 532 505 887 995 691 523 553 672
internal_value=-1.81714e-08 1.22876e-06 -1.53084e-06 9.68269e-07 -1.19191e-06 4.85915e-07 2.25416e-06 1.30347e-07 -4.29069e-09 1.67869e-06 2.90195e-06 -1.75444e-06 -1.49861e-06 2.40097e-06 9.30927e-07 1.49341e-06 -1.77417e-06 -1.37289e-06 -2.60819e-06 -4.27208e-07 -7.90017e-07 -1.76665e-06 -1.78094e-07 -1.31139e-06 -5.2626e-07
internal_weight=18734 10269 8465 9557 7526 6950 2607 5354 2419 1596 1892 5107 4216 1062 2198 1423 3451 2330 1121 3156 2269 1776 1518 1244 1738
internal_count=18734 10269 8465 9557 7526 6950 2607 5354 2419 1596 1892 5107 4216 1062 2198 1423 3451 2330 1121 3156 2269 1776 1518 1244 1738
is_linear=0
shrinkage=0.00469677


Tree=140
num_leaves=28
num_cat=0
split_feature=30 24 24 19 1 21 11 20 33 30 25 31 5 19 4 24 20 19 20 24 31 17 23 2 30 14 33
split_gain=0.00101894 0.00034359 0.000326893 0.000259693 0.00017819 0.000238912 0.000154653 0.000125773 0.000107658 8.41231e-05 8.09367e-05 8.80052e-05 0.000119684 7.97919e-05 6.98002e-05 5.38238e-05 5.2861e-05 5.08861e-05 4.79383e-05 4.64092e-05 4.31309e-05 3.83712e-05 3.80566e-05 3.17345e-05 3.07112e-05 2.02345e-05 5.7277e-06
threshold=-0.00014626679338174096 0.85248209206933701 0.66157737909408165 0.017531762154251337 82.850000000000009 -0.091028570231391465 1.2544628245512093 0.50500568539241886 19.500000000000004 -5.0207101727994208e-05 -0.35764880860168374 1507.7888106477196 78.367588372640057 0.037201272867201339 101.50000000000001 0.37922022788280035 0.2116794982411894 0.12612811469067167 0.50134227231381778 0.35413424622389578 -2.4238523732113264 -0.27788501662644277 -11.411913330646938 632.50000000000011 -0.00038568745069677163 -1.3677802460697188 11.500000000000002
decision_type=10 10 8 10 10 10 10 10 2 10 2 8 10 8 10 10 10 8 10 10 10 10 10 10 10 2 2
left_child=2 3 8 -2 17 -6 7 10 13 -5 -4 12 -12 15 16 -1 -15 -3 -11 -20 -21 -9 26 24 -18 -14 -13
right_child=1 4 6 9 5 -7 -8 21 -10 18 11 22 25 14 -16 -17 23 -19 19 20 -22 -23 -24 -25 -26 -27 -28
leaf_value=-3.1794460219894496e-06 -2.6016014169951683e-06 7.8148326285598016e-07 9.0882801220554055e-07 -3.080317599805244e-07 1.8770730290467269e-06 6.0407194138355604e-06 2.3704056271760456e-06 5.4166382631217219e-09 -3.0694051251966841e-06 4.6067045148250332e-07 -1.8157736581915237e-07 -4.4280676125044412e-07 -3.3486869664797351e-06 -2.2775922545347972e-06 3.4720477409205776e-07 -1.1986832822637859e-06 -2.025645992794797e-06 2.4259893826729583e-06 2.8844395239789242e-06 3.6083494406008568e-07 2.108542015634774e-06 1.6505888055314578e-06 7.2765714361838223e-07 9.0210613648479728e-08 -6.4973524859802206e-07 -2.0602638374667418e-06 -1.0755620666217016e-06
leaf_weight=751 511 785 583 851 592 625 515 537 985 848 674 722 539 888 681 507 640 881 599 583 669 749 583 526 812 537 561
leaf_count=751 511 785 583 851 592 625 515 537 985 848 674 722 539 888 681 507 640 881 599 583 669 749 583 526 812 537 561
internal_value=-1.80861e-08 1.4092e-06 -8.58721e-07 5.28906e-07 2.64916e-06 4.01537e-06 -9.04535e-08 -3.21516e-07 -1.65485e-06 9.79533e-07 -7.15118e-07 -9.76952e-07 -1.73357e-06 -1.36486e-06 -1.0044e-06 -2.38118e-06 -1.32557e-06 1.65114e-06 1.38552e-06 1.8092e-06 1.29474e-06 9.63634e-07 -2.67349e-07 -8.98154e-07 -1.25622e-06 -2.7057e-06 -7.19509e-07
internal_weight=18734 6944 11790 4061 2883 1217 6000 5485 5790 3550 4199 3616 1750 4805 3547 1258 2866 1666 2699 1851 1252 1286 1866 1978 1452 1076 1283
internal_count=18734 6944 11790 4061 2883 1217 6000 5485 5790 3550 4199 3616 1750 4805 3547 1258 2866 1666 2699 1851 1252 1286 1866 1978 1452 1076 1283
is_linear=0
shrinkage=0.00469677


Tree=141
num_leaves=27
num_cat=0
split_feature=29 31 29 24 4 24 20 31 26 15 16 33 31 33 22 2 16 27 24 26 16 22 26 24 23 33
split_gain=0.00157595 0.000428274 0.000349113 0.000284215 0.00022485 0.000182157 0.000107035 0.000141668 0.000104647 0.000112009 7.54687e-05 7.08296e-05 6.6233e-05 6.47268e-05 6.43082e-05 0.000101926 7.23321e-05 6.09843e-05 5.96476e-05 5.18614e-05 5.00103e-05 4.37767e-05 2.95781e-05 2.58775e-05 1.80343e-05 7.15459e-06
threshold=-0.66160453748142256 -2629.297603976524 -0.98730978877353526 1.8252356769431384 94.500000000000014 0.63422664517416893 0.8519930101642551 6.9845601055309334 -0.60835721825712941 -0.17293264372208836 -0.54973940484611672 18.500000000000004 162.13283215919162 15.500000000000002 -0.11530483592724057 46.57500000000001 -0.507581631089563 1.0000000180025095e-35 0.36388355174565645 -0.91927165203796368 -0.45981543412474829 -0.016188964676405671 -0.80187654270495101 0.98442202110804911 0.010034940332804611 14.500000000000002
decision_type=10 10 10 10 8 10 10 10 10 10 8 2 10 2 10 10 10 8 10 10 8 8 10 10 10 2
left_child=2 5 4 6 11 18 8 -8 9 12 -6 13 14 19 15 -3 -17 -7 -2 20 -1 24 -23 -14 -21 -12
right_child=1 3 -4 -5 10 17 7 -9 -10 -11 25 -13 23 -15 -16 16 -18 -19 -20 21 -22 22 -24 -25 -26 -27
leaf_value=-3.488288823044841e-06 -2.4370778336315587e-06 7.2170853836256934e-07 -4.2187526004402981e-06 5.059306908872599e-06 1.3234141146210198e-06 -4.5230762053144885e-08 1.308052461171398e-06 4.6720525099253692e-06 2.8866477921532975e-06 -4.9728624711733859e-07 -2.8187988853616995e-07 -2.9434349300491092e-06 -4.1906515663183201e-07 -2.4981396950950957e-07 6.1088632093953538e-07 4.2878774862290334e-06 2.1001502067297157e-06 2.0559270729004583e-06 -5.9825122975366372e-07 -5.6199714255574987e-09 -1.4942646189597182e-06 -1.0869501899489083e-06 -2.5193014973243962e-06 1.0513854413546961e-06 -1.2559642388031569e-06 -9.0075300111981937e-07
leaf_weight=616 688 757 939 549 681 602 589 520 786 862 1066 891 506 765 853 503 989 617 896 510 505 542 770 552 508 672
leaf_count=616 688 757 939 549 681 602 589 520 786 862 1066 891 506 765 853 503 989 617 896 510 505 542 770 552 508 672
internal_value=-1.80011e-08 1.21881e-06 -1.5184e-06 1.80652e-06 -1.18148e-06 -3.46592e-07 1.54835e-06 2.88543e-06 1.29303e-06 1.04361e-06 -1.87886e-09 -1.7402e-06 1.36291e-06 -1.48591e-06 1.70902e-06 2.1255e-06 2.83772e-06 1.01825e-06 -1.39695e-06 -1.75991e-06 -2.59003e-06 -1.36051e-06 -1.92761e-06 3.48095e-07 -6.29597e-07 -5.21187e-07
internal_weight=18734 10269 8465 7466 7526 2803 6917 1109 5808 5022 2419 5107 4160 4216 3102 2249 1492 1219 1584 3451 1121 2330 1312 1058 1018 1738
internal_count=18734 10269 8465 7466 7526 2803 6917 1109 5808 5022 2419 5107 4160 4216 3102 2249 1492 1219 1584 3451 1121 2330 1312 1058 1018 1738
is_linear=0
shrinkage=0.00469677


Tree=142
num_leaves=28
num_cat=0
split_feature=29 31 29 8 24 10 22 20 19 2 33 21 24 2 24 10 19 24 31 22 21 17 19 21 8 22 33
split_gain=0.00156118 0.000424261 0.000345841 0.000296565 0.00018045 0.000125107 0.000116629 0.000115144 8.95575e-05 7.60269e-05 9.51486e-05 7.98691e-05 5.90886e-05 5.85511e-05 5.36029e-05 8.34983e-05 4.70443e-05 8.36225e-05 5.70912e-05 4.5354e-05 3.8637e-05 3.13253e-05 3.02521e-05 2.1105e-05 1.19686e-05 1.12617e-05 8.12554e-06
threshold=-0.66160453748142256 -2629.297603976524 -0.98730978877353526 -0.0090808117003548048 0.63422664517416893 -22.249999999999996 -0.1483166314852952 0.85368794607849185 0.033442706450936686 41.57500000000001 7.5000000000000009 -0.12545137074697119 0.36388355174565645 159.25000000000003 0.95595560671775437 -20.249999999999996 0.12307380632068197 0.74199726918973108 1.5908144697163336 -0.34645146913604968 -0.36485522472490517 -0.12215266325195652 0.12714746618154718 -0.26561684740347669 -0.16589015484876735 -0.37895422669132123 7.5000000000000009
decision_type=10 10 10 10 10 8 10 10 8 10 2 8 10 10 8 10 10 10 10 10 10 10 10 10 8 10 2
left_child=2 4 5 6 12 -1 7 9 20 24 13 -12 -2 -11 15 -10 18 -18 -8 26 -7 -6 23 25 -3 -17 -16
right_child=1 3 -4 -5 21 8 16 -9 14 10 11 -13 -14 -15 19 22 17 -19 -20 -21 -22 -23 -24 -25 -26 -27 -28
leaf_value=7.4546282077202015e-07 -2.4256314289437262e-06 1.0703286703346521e-06 -4.1989380388395366e-06 4.6811388062966872e-06 2.8897975542989764e-07 -3.2481980338528466e-06 1.2636957566255206e-06 3.7224820535117324e-06 -2.9486048902898536e-06 2.1947490074066541e-06 4.0743115536258506e-06 1.7159080047436142e-06 -5.9544137301263561e-07 -3.3240262781222555e-09 -5.5301616845129929e-07 -1.5628579976527876e-06 5.4931831537114214e-08 2.5345820143234235e-06 -6.0550374586875108e-07 7.1155165199773255e-07 -1.6924682386730241e-06 1.7960020334866381e-06 -2.9479816646519609e-07 -2.1036885096561672e-06 4.8702988604843529e-08 -6.3894379584454265e-07 -1.2062966625672054e-06
leaf_weight=680 688 505 939 712 633 661 619 705 673 521 675 597 896 549 804 519 544 669 863 504 754 586 748 640 507 663 880
leaf_count=680 688 505 939 712 633 661 619 705 673 521 675 597 896 549 804 519 544 669 863 504 754 586 748 640 507 663 880
internal_value=-1.79166e-08 1.21309e-06 -1.51127e-06 1.79804e-06 -3.44964e-07 -1.17593e-06 1.4941e-06 1.99702e-06 -1.36678e-06 1.63432e-06 2.09916e-06 2.96745e-06 -1.39039e-06 1.06692e-06 -1.09257e-06 -1.47584e-06 7.36634e-07 1.42255e-06 1.75199e-07 -5.24472e-07 -2.41923e-06 1.01347e-06 -1.09016e-06 -1.41667e-06 5.58539e-07 -1.04465e-06 -8.94418e-07
internal_weight=18734 10269 8465 7466 2803 7526 6754 4059 6846 3354 2342 1272 1584 1070 5431 3243 2695 1213 1482 2188 1415 1219 2570 1822 1012 1182 1684
internal_count=18734 10269 8465 7466 2803 7526 6754 4059 6846 3354 2342 1272 1584 1070 5431 3243 2695 1213 1482 2188 1415 1219 2570 1822 1012 1182 1684
is_linear=0
shrinkage=0.00469677


Tree=143
num_leaves=29
num_cat=0
split_feature=29 24 29 20 4 33 16 26 19 24 24 6 19 23 30 33 5 13 26 21 19 5 1 24 15 26 9 33
split_gain=0.00154655 0.000388851 0.0003426 0.000254206 0.000221942 0.000196138 0.00012581 0.000122466 0.000109883 0.000103254 8.99967e-05 0.000103544 8.21633e-05 7.74683e-05 6.73768e-05 5.87993e-05 5.28737e-05 4.74216e-05 7.35804e-05 4.67463e-05 4.63071e-05 4.53562e-05 3.13195e-05 2.47061e-05 1.75628e-05 1.72848e-05 1.43681e-05 6.05803e-06
threshold=-0.66160453748142256 1.8252356769431384 -0.98730978877353526 0.80437561579074768 94.500000000000014 19.500000000000004 -0.41718261342686352 -0.5965630051751426 0.024615091914549594 0.71776045450050818 0.50534465310253085 -0.28670823643772064 0.037201272867201339 0.040863978880459235 9.4301633703968468e-05 3.5000000000000004 57.773168534699288 -0.32520866337754756 -0.84821100407971095 -0.28419763947434368 0.13500189179371566 248.12497618387198 114.25000000000001 0.45799912004602844 -0.11793378464064623 -0.81481164817348117 -0.0095149039477020331 11.500000000000002
decision_type=10 10 10 10 8 2 8 10 10 10 10 2 10 10 8 2 10 10 10 10 10 10 10 10 8 8 2 2
left_child=2 3 4 5 8 7 -5 10 22 -8 11 -2 27 24 -11 -12 25 20 -19 -13 23 -18 -1 -10 -7 -17 -25 -6
right_child=1 -3 -4 6 12 13 9 -9 17 14 15 19 -14 -15 -16 16 21 18 -20 -21 -22 -23 -24 26 -26 -27 -28 -29
leaf_value=-2.1275131271217977e-06 1.6382627714115123e-06 4.9159078285800878e-06 -4.1792165826627143e-06 5.7445963559809078e-07 -3.6003799251724851e-07 4.4504287841173301e-07 1.5951834404016457e-06 2.9228079777946815e-06 -1.8524945743024893e-06 2.7177915901225545e-06 -2.4047823411203778e-07 -1.995500679329455e-06 1.1937420810520514e-06 -2.3273697670782371e-06 5.0775519608154256e-06 1.23931476750161e-06 3.0268928555630577e-06 -3.3577278817154221e-06 -9.8831849229152405e-07 -1.2771311957003878e-07 2.3541802913463562e-07 1.372206236591612e-06 -3.5054053928889886e-06 -1.3390872813811353e-06 -7.3821202516844698e-07 4.0543579042266696e-08 -2.2356241447808728e-07 -9.4314123965530906e-07
leaf_weight=728 502 588 939 712 859 530 777 619 885 559 533 502 835 551 511 558 609 533 632 719 582 914 728 508 579 506 511 725
leaf_count=728 502 588 939 712 859 530 777 619 885 559 533 502 835 551 511 558 609 533 632 719 582 914 728 508 579 506 511 725
internal_value=-1.78324e-08 1.20739e-06 -1.50417e-06 9.82139e-07 -1.1704e-06 5.25921e-07 2.25184e-06 9.55617e-07 -1.72551e-06 2.89843e-06 7.04176e-07 -1.57376e-07 1.51214e-09 -8.87911e-07 3.84477e-06 1.17997e-06 1.47264e-06 -1.29042e-06 -2.07238e-06 -8.9566e-07 -9.23964e-07 2.03389e-06 -2.81648e-06 -1.27837e-06 -1.72695e-07 6.69254e-07 -7.79716e-07 -6.26947e-07
internal_weight=18734 10269 8465 9681 7526 7122 2559 5462 5107 1847 4843 1723 2419 1660 1070 3120 2587 3651 1165 1221 2486 1523 1456 1904 1109 1064 1019 1584
internal_count=18734 10269 8465 9681 7526 7122 2559 5462 5107 1847 4843 1723 2419 1660 1070 3120 2587 3651 1165 1221 2486 1523 1456 1904 1109 1064 1019 1584
is_linear=0
shrinkage=0.00469677


Tree=144
num_leaves=29
num_cat=0
split_feature=30 24 0 24 28 19 31 15 0 24 4 33 0 19 3 28 4 6 2 4 23 23 17 28 21 19 33 33
split_gain=0.00100582 0.000437086 0.000293264 0.000283028 0.00020035 0.000167656 0.000153796 0.000117225 0.00010622 8.77152e-05 0.000135475 0.000102999 8.69554e-05 8.19033e-05 7.91586e-05 5.90462e-05 8.62533e-05 6.72245e-05 5.76761e-05 5.4439e-05 5.07059e-05 5.59213e-05 4.29403e-05 3.85687e-05 3.46929e-05 3.35478e-05 3.02035e-05 2.98932e-05
threshold=-0.00014626679338174096 0.85248209206933701 82.850000000000009 0.95595560671775437 -0.10000000007105424 0.15037782825216306 307.87663277086244 -0.17293264372208836 37.925000000000004 0.39049613165383629 76.500000000000014 4.5000000000000009 61.050000000000004 0.032921256358910779 78.550000000000011 1.0000000180025095e-35 40.500000000000007 -0.11367056308000893 30.025000000000002 88.500000000000014 0.093385738712001412 0.29926425608830703 -0.21974076882274421 -1.4210854715201547e-13 -0.19073278849653186 0.1283885479017938 8.5000000000000018 11.500000000000002
decision_type=10 10 10 10 10 10 8 8 10 8 10 2 10 10 10 10 8 2 10 10 10 10 8 10 10 8 2 2
left_child=3 4 8 9 -2 -4 12 -8 -3 10 20 14 -5 -6 -11 16 17 -13 -18 24 -1 -22 -19 -24 -15 -10 -23 -26
right_child=1 2 5 6 13 -7 7 -9 25 11 -12 15 -14 19 -16 -17 18 22 -20 -21 21 26 23 -25 27 -27 -28 -29
leaf_value=-3.7595780107155345e-06 -1.7060370088036609e-06 3.1719749575850054e-06 3.1646463209446404e-06 8.6473160016045983e-07 -6.7997664182225069e-07 6.7008598230440738e-06 3.3620386275722679e-06 4.8709620512515119e-07 -1.4295366483459792e-07 -1.0871229132973739e-06 -3.3604874722287586e-07 -2.7714299851268496e-06 -1.4366290212205175e-06 7.4340235176282951e-07 -3.3999802277353843e-06 9.3019588057296579e-07 -6.5750845140780995e-07 -1.9594914637509228e-06 1.237919071812084e-06 2.1223920992948312e-07 -7.981885290419575e-07 -1.79002535171896e-06 -1.1996310542597777e-06 4.4615593562350989e-07 2.701734844300762e-06 1.5220849200853074e-06 -3.2943213443881417e-06 1.3674443722140277e-06
leaf_weight=503 749 601 718 615 551 503 551 724 525 880 959 505 881 610 519 570 771 524 655 750 532 528 615 642 787 543 666 700
leaf_count=503 749 601 718 615 551 503 551 724 525 880 959 505 881 610 519 570 771 524 655 750 532 528 615 642 787 543 666 700
internal_value=6.81824e-08 1.46999e-06 2.87218e-06 -7.79282e-07 4.92808e-07 4.62144e-06 5.30969e-07 1.72955e-06 1.59245e-06 -1.18866e-06 -1.81219e-06 -8.38743e-07 -4.90526e-07 9.77496e-07 -1.94517e-06 -4.77248e-07 -6.93379e-07 -1.25885e-06 2.13089e-07 1.29829e-06 -2.44727e-06 -2.06481e-06 -8.29935e-07 -3.59035e-07 1.6867e-06 7.03566e-07 -2.62913e-06 2.07364e-06
internal_weight=18677 7037 2890 11640 4147 1221 2771 1275 1669 8869 3188 5681 1496 3398 1399 4282 3712 2286 1426 2847 2229 1726 1781 1257 2097 1068 1194 1487
internal_count=18677 7037 2890 11640 4147 1221 2771 1275 1669 8869 3188 5681 1496 3398 1399 4282 3712 2286 1426 2847 2229 1726 1781 1257 2097 1068 1194 1487
is_linear=0
shrinkage=0.00469677


Tree=145
num_leaves=28
num_cat=0
split_feature=29 24 5 26 4 29 19 23 1 32 5 5 24 17 17 0 4 4 4 22 33 4 5 4 20 16 33
split_gain=0.0015017 0.000553643 0.000449305 0.00047281 0.000300072 0.000189069 0.00015581 0.000120858 0.000107723 9.90203e-05 9.73287e-05 7.99679e-05 0.000126779 6.29385e-05 6.14788e-05 7.04576e-05 5.27151e-05 4.89297e-05 6.20636e-05 4.77208e-05 4.55772e-05 7.53291e-05 4.44982e-05 4.30908e-05 2.88843e-05 2.28426e-05 2.10677e-05
threshold=-0.50000000000000877 0.85248209206933701 114.29881780157204 -0.7386706567513418 50.500000000000007 -0.98430168613811098 0.0181042956694033 -1.0664098006570837 231.25000000000003 -0.99009900990099042 38.187094918195129 79.64217846083946 0.57540426205726225 -0.23275730347653792 -0.11213978385638994 40.025000000000006 10.500000000000002 11.500000000000002 68.500000000000014 -0.096837165850630916 8.5000000000000018 18.500000000000004 80.253186709080808 17.500000000000004 0.50022549231717561 -0.60366323634859731 13.500000000000002
decision_type=10 10 10 10 8 10 10 10 10 10 10 10 10 8 10 10 10 10 10 10 2 10 10 10 10 10 2
left_child=4 6 10 7 5 13 14 -4 11 -8 23 12 25 20 15 -2 -15 -11 24 -12 -1 -22 -18 -3 -19 26 -6
right_child=1 2 3 -5 8 -7 9 -9 -10 17 19 -13 -14 16 -16 -17 22 18 -20 -21 21 -23 -24 -25 -26 -27 -28
leaf_value=-1.4767902829311824e-06 -1.8015024307257436e-07 1.4607439362470725e-06 1.6691316925389012e-06 8.2518105497152926e-06 -1.2087204726919972e-06 -4.578541642873293e-06 2.3262033361664459e-06 4.6244056330250346e-06 1.3747903851852049e-06 -4.7245909873094692e-07 1.2163231118756569e-06 -2.4411364582034181e-06 1.3676058498438498e-06 -2.3247322914233304e-06 4.8881916899912868e-07 -2.5160183429677169e-06 -1.3641162277912206e-06 7.5193313091694732e-07 -7.3052957175060113e-08 -4.9812401999018981e-07 -4.2231427152780177e-06 -1.8310046621131902e-06 3.3235634427851927e-07 3.3878684511395472e-06 2.0998538570789691e-06 -1.7728151603917796e-06 -1.2377728417559176e-07
leaf_weight=679 518 511 754 502 829 625 799 513 623 870 921 522 657 706 514 633 970 666 990 586 572 590 526 513 741 593 754
leaf_count=679 518 511 754 502 829 625 799 513 623 870 921 522 657 706 514 633 970 666 990 586 572 590 526 513 741 593 754
internal_value=6.78621e-08 1.30431e-06 2.57817e-06 4.39419e-06 -1.36664e-06 -2.17438e-06 3.48511e-07 2.86573e-06 -4.18786e-07 8.44086e-07 1.30888e-06 -7.51851e-07 -4.40576e-07 -1.80272e-06 -8.61684e-07 -1.46481e-06 -1.26686e-06 4.81599e-07 8.27892e-07 5.49635e-07 -2.44364e-06 -3.00857e-06 -7.67607e-07 2.42622e-06 1.46184e-06 -9.86537e-07 -6.91971e-07
internal_weight=18677 10031 4300 1769 8646 4668 5731 1267 3978 4066 2531 3355 2833 4043 1665 1151 2202 3267 2397 1507 1841 1162 1496 1024 1407 2176 1583
internal_count=18677 10031 4300 1769 8646 4668 5731 1267 3978 4066 2531 3355 2833 4043 1665 1151 2202 3267 2397 1507 1841 1162 1496 1024 1407 2176 1583
is_linear=0
shrinkage=0.00469677


Tree=146
num_leaves=28
num_cat=0
split_feature=29 24 5 26 4 29 10 1 1 5 5 24 4 20 24 17 1 3 4 22 33 4 5 4 29 9 33
split_gain=0.00148763 0.000548454 0.000445094 0.000468379 0.00029726 0.000187297 0.000154188 0.000116901 0.000106714 9.64166e-05 7.92185e-05 0.000125591 7.74542e-05 7.74225e-05 6.48837e-05 6.23487e-05 5.93231e-05 9.79036e-05 5.22211e-05 4.72736e-05 4.515e-05 7.46231e-05 4.40812e-05 4.26869e-05 2.22859e-05 1.63314e-05 1.46894e-05
threshold=-0.50000000000000877 0.85248209206933701 114.29881780157204 -0.7386706567513418 50.500000000000007 -0.98430168613811098 -43.249999999999993 365.75000000000006 231.25000000000003 38.187094918195129 79.64217846083946 0.57540426205726225 5.5000000000000009 0.50022549231717561 0.53195060630305779 -0.23275730347653792 59.250000000000007 259.25000000000006 10.500000000000002 -0.096837165850630916 8.5000000000000018 18.500000000000004 80.253186709080808 17.500000000000004 -0.99487968172362751 -0.063756802476251997 12.500000000000002
decision_type=10 10 10 10 8 10 10 10 10 10 10 10 10 10 8 8 10 10 10 10 2 10 10 10 10 2 2
left_child=4 6 9 7 5 15 14 -4 10 23 11 24 -8 25 -2 20 -15 -18 -17 -11 -1 -22 -20 -3 26 -14 -6
right_child=1 2 3 -5 8 -7 12 -9 -10 19 -12 -13 13 16 -16 18 17 -19 22 -21 21 -23 -24 -25 -26 -27 -28
leaf_value=-1.4698541411666716e-06 -1.7658155899949838e-06 1.453883159593643e-06 4.4223831166412399e-06 8.2130536395344653e-06 -1.1609002120661805e-06 -4.5570372432979145e-06 -6.1980667554322695e-07 1.5558596517387572e-06 1.3683333354492502e-06 1.2106103058255432e-06 -2.4296710168759927e-06 1.3611824953658874e-06 -4.2097593977745855e-07 6.423669772251432e-07 4.2511319702649638e-08 -2.313813563236907e-06 3.5278647400966847e-06 9.9971104076382716e-07 -1.3577092770625665e-06 -4.9578443843798259e-07 -4.2033075465053298e-06 -1.8224048558039067e-06 3.3079532881728956e-07 3.3719563849259796e-06 -1.8334021361239258e-06 6.799816219957411e-07 -2.7690997727206368e-07
leaf_weight=679 830 511 573 502 825 625 653 694 623 921 522 657 525 760 926 706 686 666 970 586 572 590 526 513 517 685 834
leaf_count=679 830 511 573 502 825 625 653 694 623 921 522 657 525 760 926 706 686 666 970 586 572 590 526 513 517 685 834
internal_value=6.75434e-08 1.29818e-06 2.56606e-06 4.37355e-06 -1.36022e-06 -2.16417e-06 3.46874e-07 2.85227e-06 -4.16819e-07 1.30274e-06 -7.4832e-07 -4.38507e-07 8.58917e-07 1.1496e-06 -8.12203e-07 -1.79426e-06 1.69232e-06 2.28251e-06 -1.26091e-06 5.47053e-07 -2.43216e-06 -2.99444e-06 -7.64002e-07 2.41483e-06 -9.81903e-07 2.02266e-07 -7.16527e-07
internal_weight=18677 10031 4300 1769 8646 4668 5731 1267 3978 2531 3355 2833 3975 3322 1756 4043 2112 1352 2202 1507 1841 1162 1496 1024 2176 1210 1659
internal_count=18677 10031 4300 1769 8646 4668 5731 1267 3978 2531 3355 2833 3975 3322 1756 4043 2112 1352 2202 1507 1841 1162 1496 1024 2176 1210 1659
is_linear=0
shrinkage=0.00469677


Tree=147
num_leaves=30
num_cat=0
split_feature=29 31 1 29 29 20 11 22 5 5 15 11 26 3 30 20 33 14 26 7 14 3 2 26 21 15 11 14 14
split_gain=0.00147369 0.000429078 0.000282785 0.000144479 0.000138408 0.000103633 9.92106e-05 0.000112828 0.000122803 0.000300604 9.5507e-05 7.16475e-05 7.13888e-05 6.3503e-05 6.53028e-05 5.77386e-05 4.87547e-05 4.87212e-05 4.42021e-05 3.9049e-05 3.41275e-05 5.03449e-05 3.22254e-05 2.61949e-05 1.9117e-05 1.96899e-05 6.44443e-06 3.95471e-06 3.02689e-06
threshold=-0.50000000000000877 -2629.297603976524 999.50000000000011 -0.98501898920110598 -0.98112073739212657 0.4975901339709205 1.1080835170158345 -0.073023740677360519 255.90337301294645 81.818592306380211 -0.30459678562735909 1.0554906063521539 -0.9731451446456505 641.50000000000011 -0.00022049891129465767 0.51987336601307199 11.500000000000002 -1.6224367737525616 -0.84951659428019444 0.10717327910008193 -1.5262303485987692 113.25000000000001 46.57500000000001 -0.87588744865943846 -0.23858032453464059 -0.30459678562735909 0.37150335612162727 -1.4333988380041005 -1.3055365686944638
decision_type=10 10 10 10 10 10 10 10 10 10 10 10 8 8 8 8 2 2 10 2 2 10 10 10 10 10 10 2 2
left_child=3 5 6 11 -5 -2 7 8 9 19 16 12 -1 14 20 -15 -7 -9 -19 22 -14 24 23 -3 25 -22 -11 -17 -18
right_child=1 2 -4 4 -6 10 -8 17 -10 26 -12 -13 13 15 -16 27 28 18 -20 -21 21 -23 -24 -25 -26 -27 -28 -29 -30
leaf_value=3.3263795624911053e-07 -1.9459479878759989e-06 -3.3526264654504226e-07 5.2612785277517981e-06 -4.5923293354394291e-06 -1.3852888477705891e-06 1.7787153320088326e-06 3.1358384587724814e-06 -8.0971076702990348e-07 3.4230994040018341e-07 4.7874032808592837e-06 -1.5666323480484225e-06 4.9704318055843559e-07 -6.4727096459602622e-07 5.4280420601483867e-07 -2.804880170690228e-06 -1.0177098895783554e-06 -1.3386164118860227e-07 -1.0455453255107438e-07 1.6910492457853431e-06 2.345318936608206e-06 -1.4853287727725605e-06 -2.5905099011818074e-06 1.8077517160494373e-06 1.1694019133598408e-06 -1.9426094903030834e-06 -2.3742120700648081e-07 4.0340404046152477e-06 -1.5495830627167251e-06 3.7714097757338498e-07
leaf_weight=581 630 505 512 553 641 640 854 505 929 502 507 565 958 595 927 799 503 529 706 586 551 886 585 516 522 565 502 503 520
leaf_count=581 630 505 512 553 641 640 854 505 929 502 507 565 958 595 927 799 503 529 706 586 551 886 585 516 522 565 502 503 520
internal_value=6.72261e-08 1.29208e-06 1.89655e-06 -1.35384e-06 -2.87065e-06 -2.68954e-07 1.64015e-06 1.42236e-06 1.84545e-06 2.28237e-06 2.179e-07 -1.1108e-06 -1.24271e-06 -1.38786e-06 -1.69702e-06 -6.69279e-07 7.61972e-07 4.19311e-07 9.21893e-07 1.30749e-06 -1.40207e-06 -1.68855e-06 9.28791e-07 4.25142e-07 -1.20065e-06 -8.53578e-07 4.41076e-06 -1.22321e-06 1.25853e-07
internal_weight=18677 10031 7231 8646 1194 2800 6719 5865 4125 3196 2170 7452 6887 6306 4409 1897 1663 1740 1235 2192 3482 2524 1606 1021 1638 1116 1004 1302 1023
internal_count=18677 10031 7231 8646 1194 2800 6719 5865 4125 3196 2170 7452 6887 6306 4409 1897 1663 1740 1235 2192 3482 2524 1606 1021 1638 1116 1004 1302 1023
is_linear=0
shrinkage=0.00469677


Tree=148
num_leaves=30
num_cat=0
split_feature=29 24 5 26 31 8 29 29 23 5 23 24 14 0 2 13 9 31 5 33 31 22 8 29 13 13 33 33 14
split_gain=0.00145988 0.000541382 0.000439401 0.000463333 0.00024031 0.000149062 0.000150283 0.000153154 0.000118973 9.5826e-05 8.04785e-05 8.00859e-05 7.40114e-05 8.85289e-05 9.47793e-05 7.16756e-05 6.443e-05 5.57285e-05 8.33637e-05 8.61218e-05 4.99924e-05 4.66789e-05 3.68504e-05 4.04535e-05 3.60886e-05 3.57206e-05 2.35442e-05 1.53676e-05 2.87826e-05
threshold=-0.50000000000000877 0.85248209206933701 114.29881780157204 -0.7386706567513418 -2629.297603976524 -0.01867479243506882 -0.98501898920110598 -0.98112073739212657 -1.0664098006570837 38.187094918195129 0.033504048369817248 0.36906804089748574 -1.8074162679425834 59.250000000000007 258.25000000000006 -0.39107933514731424 -1.0000000180025095e-35 -112.75104002669734 80.950154218723597 7.5000000000000009 31.287635634875567 -0.096837165850630916 -0.17671882151874077 -0.99383098503024259 -0.29095143337338358 -0.49903874468861159 12.500000000000002 12.500000000000002 -1.311773752563226
decision_type=10 10 10 10 10 10 10 10 10 10 10 10 2 10 10 10 2 8 10 2 8 10 10 10 8 10 2 2 2
left_child=5 4 9 8 11 6 15 -8 -4 20 25 -2 -12 -14 -15 17 -17 -1 22 -20 -3 -11 23 27 -13 -6 -18 -19 -29
right_child=1 2 3 -5 10 -7 7 -9 -10 21 12 24 13 14 -16 16 26 18 19 -21 -22 -23 -24 -25 -26 -27 -28 28 -30
leaf_value=5.2014997496614666e-07 -2.2402082249944408e-06 3.41689058644799e-06 1.6412966847903384e-06 8.1603535750682883e-06 -7.622213105269502e-07 1.0730756534554189e-06 -4.9678933948993803e-06 -1.4825475033995302e-06 4.5734229391293102e-06 1.1964800707841279e-06 1.0748469712019019e-07 5.7820588968028626e-07 7.1076800587843491e-07 4.1550458669927304e-06 1.4327264253025948e-06 -2.9573278770732339e-06 -1.9557347347694763e-06 -1.0792777248375964e-06 -7.7738451373326954e-07 -3.2955662546190604e-06 1.3408008952643299e-06 -4.991471937614697e-07 4.402012477693522e-07 -2.0436131665529828e-06 -9.5901047974306246e-07 8.2388008159909202e-07 -5.907375719536252e-07 3.5294494029483381e-07 -1.111168469938288e-06
leaf_weight=511 695 522 754 502 575 527 520 598 513 921 582 602 694 585 545 875 543 1001 542 670 502 586 504 580 765 688 573 673 529
leaf_count=511 695 522 754 502 575 527 520 598 513 921 582 602 694 585 545 875 543 1001 542 670 502 586 504 580 765 688 573 673 529
internal_value=6.69103e-08 1.28601e-06 2.5457e-06 4.34159e-06 3.40862e-07 -1.34748e-06 -1.5046e-06 -3.10367e-06 2.82852e-06 1.29047e-06 1.06187e-06 -9.4205e-07 1.56586e-06 2.03118e-06 2.8421e-06 -1.24924e-06 -2.00311e-06 -9.49636e-07 -1.11658e-06 -2.16948e-06 2.39915e-06 5.3711e-07 -7.28344e-07 -9.39979e-07 -2.82026e-07 1.01757e-07 -1.25492e-06 -6.49402e-07 -2.91383e-07
internal_weight=18677 10031 4300 1769 5731 8646 8119 1118 1267 2531 3669 2062 2406 1824 1130 7001 1991 5010 4499 1212 1024 1507 3287 2783 1367 1263 1116 2203 1202
internal_count=18677 10031 4300 1769 5731 8646 8119 1118 1267 2531 3669 2062 2406 1824 1130 7001 1991 5010 4499 1212 1024 1507 3287 2783 1367 1263 1116 2203 1202
is_linear=0
shrinkage=0.00469677


Tree=149
num_leaves=29
num_cat=0
split_feature=24 28 28 8 20 20 17 20 5 5 13 33 19 2 0 22 14 14 24 5 17 22 23 0 20 16 19 14
split_gain=0.000880494 0.000516244 0.000373263 0.000225184 0.00021168 0.000205514 0.00014923 0.000188231 0.000147501 0.000136396 9.7233e-05 0.000106348 7.94584e-05 8.80349e-05 0.000186652 0.000102558 7.49248e-05 4.67689e-05 4.24652e-05 4.86482e-05 3.42171e-05 2.65552e-05 3.27594e-05 2.54504e-05 2.41465e-05 1.9315e-05 1.89988e-05 6.27139e-06
threshold=0.85248209206933701 3001.0000000000073 500.00000000002484 -0.010003463102031864 0.76444190312611371 0.84463312995972417 -0.10745977890057386 0.19949579660105979 80.428305843119446 1362.5742725959251 -0.39741683202219563 18.500000000000004 0.12307380632068197 161.25000000000003 82.850000000000009 -0.38436764271878249 -1.5674982911825019 -1.3302717019822283 0.42901016541936693 78.94898139656523 -0.12215266325195652 -0.079984338128595886 0.25698713202097073 143.25000000000003 0.48422653738713262 -0.6385559608653778 0.036533912669587831 -1.4706083390293905
decision_type=10 10 10 10 10 10 8 10 10 10 10 2 10 10 10 10 2 2 10 8 10 10 10 10 10 10 10 2
left_child=2 3 4 5 9 6 8 -8 -2 10 12 17 13 14 18 -15 -9 -12 19 26 -20 22 -4 -14 -19 -18 -1 -21
right_child=1 -3 21 -5 -6 -7 7 16 -10 -11 11 -13 23 15 -16 -17 25 24 20 27 -22 -23 -24 -25 -26 -27 -28 -29
leaf_value=-2.5680385254138562e-06 2.4605647663702881e-07 5.1982131604238222e-06 1.015796502688535e-06 3.1356828560904864e-06 1.3258883888243105e-06 2.874818828361349e-06 -1.3291582091421752e-06 3.2837275626037014e-06 -2.6287756223545396e-06 -3.2665028045346938e-06 -2.1336717168396183e-06 -3.6727595564281604e-06 -2.0594186269242411e-07 -1.2722599969225426e-06 -3.3854650785029874e-06 1.3509753790082577e-06 4.308360268776472e-07 -1.5154491084809336e-06 8.591373474921791e-07 -8.2075670026214515e-07 -8.7157275754816818e-07 4.4982005104778495e-07 2.5346531043016638e-06 1.1821035102753731e-06 -1.9234363368209868e-07 1.7193930234763438e-06 -1.3013444222158089e-06 -1.5479983000267729e-07
leaf_weight=508 965 742 680 920 815 724 575 514 665 637 897 524 687 628 766 690 504 513 502 787 506 515 581 506 748 523 538 517
leaf_count=508 965 742 680 920 815 724 575 514 665 637 897 524 687 628 766 690 504 513 502 787 506 515 581 506 748 523 538 517
internal_value=6.65961e-08 1.52522e-06 -6.46379e-07 1.01958e-06 -9.75388e-07 5.84049e-07 1.41296e-07 9.64077e-07 -9.26784e-07 -1.16381e-06 -1.02005e-06 -1.77473e-06 -7.14985e-07 -9.55639e-07 -1.29335e-06 1.01032e-07 1.81978e-06 -1.31384e-06 -8.16106e-07 -1.16202e-06 -9.61855e-09 1.34859e-06 1.71563e-06 3.82757e-07 -7.30636e-07 1.08707e-06 -1.91656e-06 -5.56749e-07
internal_weight=18677 6132 12545 5390 10769 4470 3746 2116 1630 9954 9317 2682 6635 5442 4124 1318 1541 2158 3358 2350 1008 1776 1261 1193 1261 1027 1046 1304
internal_count=18677 6132 12545 5390 10769 4470 3746 2116 1630 9954 9317 2682 6635 5442 4124 1318 1541 2158 3358 2350 1008 1776 1261 1193 1261 1027 1046 1304
is_linear=0
shrinkage=0.00469677


Tree=150
num_leaves=26
num_cat=0
split_feature=30 8 8 28 28 28 3 25 31 0 0 22 19 19 22 23 22 5 23 13 5 19 31 22 33
split_gain=0.000954313 0.000405538 0.000266899 0.000260309 0.00025025 0.000167771 0.000144691 0.000144113 0.000128194 0.000153413 0.00013899 0.000113641 8.45797e-05 8.34422e-05 6.97856e-05 6.36584e-05 5.7631e-05 5.57936e-05 5.17734e-05 7.7655e-05 5.33609e-05 4.21983e-05 2.51754e-05 1.51623e-05 1.35022e-05
threshold=-0.00014626679338174096 -0.010840270040886295 -0.11764203154219885 1.0000000000001068 4999.5000000000009 -0.10000000007105424 998.50000000000011 -0.40824829047327621 -51.38212894110324 80.250000000000014 250.75000000000003 inf 0.13292059429498815 0.041381013151633554 -0.34997543170046003 -0.062449625915625966 -0.013680714556521671 59.432159462423748 -0.014141953024928709 -0.30910203869484898 625.49088794677039 0.077513813695434572 -3.2377992856898556 -0.75849261243318855 2.5000000000000004
decision_type=10 10 10 10 10 10 10 2 10 10 10 8 10 10 10 10 10 10 8 8 8 8 10 10 2
left_child=1 3 5 6 12 -2 7 13 18 15 21 14 -4 -1 -7 -10 17 -16 -9 -20 -21 -11 23 -17 -22
right_child=2 -3 4 -5 -6 11 -8 8 9 10 -12 -13 -14 -15 16 22 -18 -19 19 20 24 -23 -24 -25 -26
leaf_value=-8.0823023354330231e-07 -1.2162528352664088e-06 3.3278608307806623e-06 9.3772202670409402e-07 2.3372052549722943e-06 5.4070903350479756e-06 -8.6101500030099632e-07 -2.9958719802170162e-06 5.7525877352020314e-07 4.6891324891144034e-07 -4.8023256824184177e-06 -1.1651625641971262e-06 2.6277689166813753e-06 2.9947268592957509e-06 1.2145259674671173e-06 5.19558036493921e-07 -1.2945809842850477e-06 1.3759056016092449e-08 2.2566201804088112e-06 2.9171086761266796e-07 -2.3895960260117282e-06 -1.3171440141712828e-06 -2.977116820646757e-06 -7.7156681249905587e-07 -2.3825053498224189e-06 -3.7195042532564838e-07
leaf_weight=857 774 512 995 508 577 503 823 702 513 521 707 913 792 947 689 558 794 1000 920 712 609 603 838 573 737
leaf_count=857 774 512 995 508 577 503 823 702 513 521 707 913 792 947 689 558 794 1000 920 712 609 603 838 573 737
internal_value=6.62833e-08 -7.59199e-07 1.43173e-06 -9.47248e-07 2.71777e-06 7.81133e-07 -1.10436e-06 -9.4546e-07 -1.21609e-06 -1.76552e-06 -2.79686e-06 1.17765e-06 1.84941e-06 2.53586e-07 7.34248e-07 -1.00468e-06 1.05743e-06 1.54803e-06 -5.72134e-07 -8.42619e-07 -1.34972e-06 -3.82317e-06 -1.38862e-06 -1.84579e-06 -7.9963e-07
internal_weight=18677 11640 7037 11128 2364 4673 10620 9797 7993 4313 1831 3899 1787 1804 2986 2482 2483 1689 3680 2978 2058 1124 1969 1131 1346
internal_count=18677 11640 7037 11128 2364 4673 10620 9797 7993 4313 1831 3899 1787 1804 2986 2482 2483 1689 3680 2978 2058 1124 1969 1131 1346
is_linear=0
shrinkage=0.00469677


Tree=151
num_leaves=29
num_cat=0
split_feature=29 8 20 17 3 8 29 29 10 33 22 8 20 8 16 5 17 5 33 19 23 22 14 5 16 33 7 22
split_gain=0.00142798 0.000409143 0.000298005 0.000287445 0.000163122 0.000144502 0.000148065 0.000150402 8.83051e-05 8.21421e-05 8.00058e-05 7.94014e-05 7.28771e-05 7.19803e-05 8.13416e-05 6.29459e-05 6.17694e-05 6.09767e-05 5.53718e-05 3.9138e-05 5.58892e-05 3.42306e-05 3.2172e-05 3.14714e-05 1.73241e-05 2.71729e-05 1.18939e-05 1.43011e-05
threshold=-0.50000000000000877 -0.0090808117003548048 0.80437561579074768 -0.10564295043562753 80.950000000000017 -0.01867479243506882 -0.98501898920110598 -0.98112073739212657 -22.249999999999996 18.500000000000004 -0.27508474611705325 -0.14779231799348044 0.50022549231717561 -0.34481197987573836 -0.38329881145433126 114.29881780157204 -0.017934993361362436 39.902379628184114 18.500000000000004 0.028745846711719213 -0.085036868572919019 -0.23700578709854361 -1.368122009569378 40.454547659760827 -0.84173279731541639 1.5000000000000002 0.18829146438579131 -0.084322182477621549
decision_type=10 10 10 10 10 10 10 10 8 2 10 10 10 10 8 10 8 10 2 10 10 10 2 10 10 2 2 8
left_child=5 2 3 9 23 6 8 -8 -1 13 -6 12 21 14 -2 -13 18 -11 19 -10 -21 -5 -14 -4 25 -18 27 -22
right_child=1 -3 4 11 10 -7 7 -9 16 17 -12 15 22 -15 -16 -17 24 -19 -20 20 26 -23 -24 -25 -26 -27 -28 -29
leaf_value=4.1189645266223219e-07 -2.0357059108968409e-06 4.7975929311112776e-06 1.9859450695998101e-06 8.3461525102650585e-07 4.7111493508155082e-06 1.0503654614404763e-06 -4.9222067582060605e-06 -1.46831375724479e-06 -2.297790706384784e-06 -3.5416489737086381e-07 2.2537714155162184e-06 1.4361690045771211e-06 1.0184718721189117e-06 1.1719692311780087e-06 3.6984876075461445e-07 3.5610381623643572e-06 -1.2787389321375409e-06 -2.4096147542333501e-06 -2.9932412650376918e-06 -2.3149723546717434e-06 -1.0240565682574377e-06 -7.8057990435713931e-07 2.6828227454879318e-06 5.2710225355396698e-07 -1.3670758959503495e-06 -4.873113145037299e-09 -1.32959128953638e-06 9.3685223558258729e-09
leaf_weight=652 516 677 653 671 683 527 520 598 984 626 511 664 513 846 777 573 609 648 665 686 550 509 512 652 773 939 505 638
leaf_count=652 516 677 653 671 683 527 520 598 984 626 511 664 513 846 777 573 609 648 665 686 550 509 512 652 773 939 505 638
internal_value=6.5972e-08 1.27168e-06 1.01649e-06 5.10321e-07 2.40496e-06 -1.33288e-06 -1.48758e-06 -3.07481e-06 -1.23411e-06 -4.55524e-07 3.65949e-06 1.46804e-06 9.33708e-07 1.06795e-07 -5.90115e-07 2.42047e-06 -1.40315e-06 -1.39966e-06 -1.75482e-06 -1.50992e-06 -1.18403e-06 1.37863e-07 1.84987e-06 1.25711e-06 -7.92824e-07 -5.06047e-07 -7.25752e-07 -4.69041e-07
internal_weight=18677 10031 9354 6855 2499 8646 8119 1118 7001 3413 1194 3442 2205 2139 1293 1237 6349 1274 4028 3363 2379 1180 1025 1305 2321 1548 1693 1188
internal_count=18677 10031 9354 6855 2499 8646 8119 1118 7001 3413 1194 3442 2205 2139 1293 1237 6349 1274 4028 3363 2379 1180 1025 1305 2321 1548 1693 1188
is_linear=0
shrinkage=0.00469677


Tree=152
num_leaves=28
num_cat=0
split_feature=29 24 5 26 31 8 29 29 3 5 10 24 11 14 31 19 31 22 26 5 24 8 5 13 3 14 13
split_gain=0.0014146 0.0005247 0.000430944 0.000457073 0.00023264 0.000143148 0.000146677 0.000148993 0.000103945 9.51935e-05 8.74776e-05 7.91206e-05 7.81356e-05 8.33192e-05 6.18225e-05 6.90549e-05 4.88543e-05 4.64796e-05 4.47573e-05 4.32618e-05 4.70073e-05 4.08064e-05 3.92621e-05 3.54377e-05 3.50488e-05 2.87699e-05 1.70638e-05
threshold=-0.50000000000000877 0.85248209206933701 114.29881780157204 -0.7386706567513418 -2629.297603976524 -0.01867479243506882 -0.98501898920110598 -0.98112073739212657 278.25000000000006 38.187094918195129 -22.249999999999996 0.36906804089748574 0.63026276428420891 -1.8074162679425834 -56.453880559834666 0.024615091914549594 31.287635634875567 -0.096837165850630916 -0.91770000054759171 78.367588372640057 0.65116216937257776 -0.89550047238144115 160.31825799426397 -0.29095143337338358 2357.5000000000005 -1.2919087491455907 -0.41866805463185236
decision_type=10 10 10 10 10 10 10 10 10 10 8 10 10 2 10 10 8 10 8 10 10 10 10 8 8 2 10
left_child=5 4 9 8 11 6 10 -8 -4 16 -1 -2 13 -6 21 -16 -3 -11 -15 20 26 24 -21 -13 -12 -20 -17
right_child=1 2 3 -5 12 -7 7 -9 -10 17 14 23 -14 18 15 19 -18 -19 25 22 -22 -23 -24 -25 -26 -27 -28
leaf_value=4.0996185664115106e-07 -2.2173463757351392e-06 3.3738507906537134e-06 4.2739584297917725e-06 8.0772379093636835e-06 1.297928905558916e-08 1.0454321121775428e-06 -4.8990882546015715e-06 -1.4614173481043118e-06 1.5687874457916237e-06 1.1698382736473901e-06 -2.1782911195457472e-06 5.8143845792626516e-07 -3.6316863582538338e-07 7.8258124985560269e-07 -2.8996330688946509e-06 -1.0154997803453573e-06 1.3215264023210598e-06 -5.2216717854690959e-07 2.8282400104617922e-06 -2.9599425683652157e-06 8.604052265412557e-08 2.0486293531569641e-07 -1.2917204098703036e-06 -9.418528020744862e-07 -7.3268202970541975e-07 1.557247404732799e-06 -2.154321705606042e-06
leaf_weight=652 695 522 568 502 740 527 520 598 699 921 533 602 703 639 901 674 502 586 871 599 625 649 648 765 1210 716 510
leaf_count=652 695 522 568 502 740 527 520 598 699 921 533 602 703 639 901 674 502 586 871 599 625 649 648 765 1210 716 510
internal_value=6.56621e-08 1.26571e-06 2.50583e-06 4.28436e-06 3.35236e-07 -1.32662e-06 -1.48059e-06 -3.06036e-06 2.78155e-06 1.26275e-06 -1.22831e-06 -9.27035e-07 1.04465e-06 1.37834e-06 -1.39656e-06 -1.75691e-06 2.36776e-06 5.11876e-07 1.83222e-06 -1.41999e-06 -9.55984e-07 -8.00426e-07 -2.09308e-06 -2.71001e-07 -1.17476e-06 2.25483e-06 -1.50607e-06
internal_weight=18677 10031 4300 1769 5731 8646 8119 1118 1267 2531 7001 2062 3669 2966 6349 3957 1024 1507 2226 3056 1809 2392 1247 1367 1743 1587 1184
internal_count=18677 10031 4300 1769 5731 8646 8119 1118 1267 2531 7001 2062 3669 2966 6349 3957 1024 1507 2226 3056 1809 2392 1247 1367 1743 1587 1184
is_linear=0
shrinkage=0.00469677


Tree=153
num_leaves=30
num_cat=0
split_feature=28 32 24 2 11 30 24 27 0 31 6 15 7 2 0 5 6 19 11 31 22 20 11 27 24 15 2 24 14
split_gain=0.000919048 0.000559903 0.000382934 0.000274338 0.000187218 0.000123143 0.000119334 0.000114693 9.13319e-05 0.000145692 8.26014e-05 8.05421e-05 7.90729e-05 6.34529e-05 5.46905e-05 6.60799e-05 4.7541e-05 7.81053e-05 4.6874e-05 4.67565e-05 4.25667e-05 4.0688e-05 3.82296e-05 4.05354e-05 2.24766e-05 2.10146e-05 2.86078e-05 8.08433e-06 6.09633e-06
threshold=2.4999999999999294 -0.90679331222573945 0.54594361515175527 997.50000000000011 1.2191149847929801 -5.3410128581757043e-05 1.2205277677543336 -0.049999999999998927 61.750000000000007 372.12891278348195 0.050923306962779635 -0.26335650258679122 0.39514091570147591 26.575000000000006 162.25000000000003 114.29881780157204 0.43241490881125416 0.13402067017805361 0.86025594828062368 -17.28733677139039 inf 0.84654981935298224 0.11490052104797864 0.10000000000000499 1.2759043673753188 -0.39887979398029644 146.75000000000003 0.84713960008626799 -1.440191387559808
decision_type=10 8 8 10 10 10 10 10 8 8 2 8 2 10 10 10 2 10 8 8 8 10 10 10 8 10 10 10 2
left_child=1 21 3 7 5 8 20 10 13 14 19 -11 16 -4 15 -10 17 25 27 -3 22 -1 -2 -24 -13 26 -9 -15 -26
right_child=6 2 4 -5 -6 -7 -8 12 9 11 -12 24 -14 18 -16 -17 -18 -19 -20 -21 -22 -23 23 -25 28 -27 -28 -29 -30
leaf_value=1.8074252384491656e-06 2.25772442546199e-06 -7.9923892977011757e-07 -1.1253715298135792e-06 -5.0507191166800362e-06 2.0738394715916217e-06 1.1677685149695029e-06 3.6139374655108795e-06 -1.1016624603757431e-06 -1.5528782012474819e-06 1.3831886726816478e-06 -4.0569748285158473e-06 1.259332749248464e-07 -2.7000376877109499e-06 5.2341431377998497e-07 -1.009935650672365e-06 -3.8219833060747145e-06 -1.9620665870891111e-06 1.0017757671374867e-06 1.8355400442906899e-06 -2.7601866088820213e-06 2.4488309370343794e-06 3.590602676438749e-06 1.4208327084690975e-06 -2.5020833573345442e-07 -7.4860116566430974e-07 -1.436398444348293e-06 3.5028117292293478e-07 -2.97247939683811e-07 -1.3762319593107586e-06
leaf_weight=634 541 553 606 502 751 978 846 711 587 519 503 527 511 515 746 547 560 623 509 521 887 509 836 519 815 896 517 545 588
leaf_count=634 541 553 606 502 751 978 846 711 587 519 503 527 511 515 746 547 560 623 509 521 887 509 836 519 815 896 517 545 588
internal_value=-5.54761e-08 -5.60309e-07 -8.16079e-07 -1.72967e-06 -1.61699e-07 -3.86094e-07 2.06915e-06 -1.42065e-06 -6.19751e-07 -1.01426e-06 -2.48622e-06 -2.59314e-07 -9.80514e-07 1.65443e-07 -1.99768e-06 -2.64744e-06 -7.14802e-07 -4.60524e-07 6.6402e-07 -1.75053e-06 1.59954e-06 2.60154e-06 1.20221e-06 7.80756e-07 -7.01019e-07 -8.89454e-07 -4.90353e-07 1.01439e-07 -1.01167e-06
internal_weight=18902 15273 14130 5897 8233 7482 3629 5395 6504 4329 1577 2449 3818 2175 1880 1134 3307 2747 1569 1074 2783 1143 1896 1355 1930 2124 1228 1060 1403
internal_count=18902 15273 14130 5897 8233 7482 3629 5395 6504 4329 1577 2449 3818 2175 1880 1134 3307 2747 1569 1074 2783 1143 1896 1355 1930 2124 1228 1060 1403
is_linear=0
shrinkage=0.00469677


Tree=154
num_leaves=29
num_cat=0
split_feature=29 21 4 8 29 28 22 13 0 13 22 2 31 29 8 31 22 31 32 4 31 27 4 15 6 4 4 33
split_gain=0.00139263 0.000435729 0.000302838 0.00019464 0.000184188 0.000182305 9.43117e-05 0.000125974 0.00011969 9.39352e-05 0.000125629 0.00013881 0.000108388 8.85832e-05 7.19519e-05 6.61952e-05 6.5656e-05 5.42491e-05 4.81758e-05 4.69939e-05 4.60198e-05 4.3917e-05 3.70353e-05 3.45241e-05 3.86189e-05 2.0635e-05 1.30836e-05 1.08521e-05
threshold=-0.33333333333332538 -0.2215547738818136 31.500000000000004 -0.0090808117003548048 -0.98406406127492796 2.0000000000000715 -0.15063056651543572 -0.64037126352003382 114.25000000000001 -0.38706834268620088 -0.44383142201119746 161.25000000000003 -3.5885634845829597 -0.99213221363280579 -0.40110264918927757 -3.5885634845829597 -0.16466650769831684 -972.99020585867527 0.66633351840747757 15.500000000000002 1507.7888106477196 0.049999999999998941 3.5000000000000004 -0.74651656473113681 0.27377742740138789 58.500000000000007 23.500000000000004 14.500000000000002
decision_type=10 10 8 10 10 10 10 10 10 10 10 10 8 10 10 10 8 8 10 10 10 10 10 10 2 10 10 2
left_child=2 5 4 6 15 17 7 8 -3 10 13 14 -11 25 -12 18 -9 -2 -1 -17 22 -18 -19 -8 26 27 -25 -4
right_child=1 3 9 -5 -6 -7 23 16 -10 12 11 -13 -14 -15 -16 19 21 20 -20 -21 -22 -23 -24 24 -26 -27 -28 -29
leaf_value=-3.4475520018346901e-06 -1.3774513286107067e-06 2.114245175319437e-06 -1.158437739201323e-06 4.6502143038787974e-06 -4.8079508069423843e-06 2.3849127066788045e-06 -8.1567789581897455e-08 5.568087978783999e-07 5.1459079011882386e-06 -3.2589601823880557e-06 -1.3987199319043509e-06 2.6835188280104451e-06 -4.7941279920258388e-07 -2.7824803900992569e-06 8.1210195715526752e-07 -2.0335812042937497e-06 1.321547298574329e-06 -3.8652344562111698e-07 -1.7070551112629042e-06 -4.3127993161968004e-07 -1.1685820703692692e-06 3.2000519553056166e-06 1.0196769158738267e-06 2.9934836613992888e-07 2.3795852793720221e-06 1.9788415582994068e-07 1.3351178428812502e-06 -3.2578632189965651e-07
leaf_weight=800 997 642 988 556 592 584 527 870 520 595 605 507 645 504 701 879 536 796 625 747 607 563 859 552 504 545 525 531
leaf_count=800 997 642 988 556 592 584 527 870 520 595 605 507 645 504 701 879 536 796 625 747 607 563 859 552 504 545 525 531
internal_value=-5.52155e-08 1.19467e-06 -1.35556e-06 2.00792e-06 -2.4104e-06 -3.16496e-08 1.72749e-06 2.24457e-06 3.47096e-06 -6.71912e-07 -3.48882e-07 5.97684e-07 -1.81317e-06 -1.01717e-06 -2.12028e-07 -1.94518e-06 1.52081e-06 -4.64698e-07 -2.6842e-06 -1.29749e-06 -6.23782e-08 2.28391e-06 3.43321e-07 9.59457e-07 1.30649e-06 -5.86086e-07 8.04281e-07 -8.67388e-07
internal_weight=18902 9638 9264 5795 3643 3843 5239 3131 1162 5621 4381 1813 1240 2568 1306 3051 1969 3259 1425 1626 2262 1099 1655 2108 1581 2064 1077 1519
internal_count=18902 9638 9264 5795 3643 3843 5239 3131 1162 5621 4381 1813 1240 2568 1306 3051 1969 3259 1425 1626 2262 1099 1655 2108 1581 2064 1077 1519
is_linear=0
shrinkage=0.00469677


Tree=155
num_leaves=31
num_cat=0
split_feature=29 8 4 20 17 29 19 11 17 24 17 17 4 15 8 27 15 11 26 8 20 4 11 1 24 4 23 23 8 14
split_gain=0.00137958 0.00033647 0.0003 0.000256756 0.000281305 0.000182462 0.00017189 0.000144448 0.000102355 8.2422e-05 8.16175e-05 7.72788e-05 6.81795e-05 6.79083e-05 6.56296e-05 6.48102e-05 6.27195e-05 5.10573e-05 5.04209e-05 6.21629e-05 4.14311e-05 4.01863e-05 2.81116e-05 4.26837e-05 1.87037e-05 1.67435e-05 4.5152e-05 2.10038e-05 8.46303e-06 4.56388e-07
threshold=-0.33333333333332538 -0.084654472621003965 31.500000000000004 0.63712002544239399 -0.2124526452418953 -0.98406406127492796 0.15037782825216306 1.0809950625113933 -0.029100718205349981 0.85248209206933701 -0.0052792592889200924 -0.034225451064785133 118.50000000000001 -0.19412932172231842 -0.27866063654143186 -0.049999999999998927 -0.50352152373327386 0.51664268753832598 -0.9406309245137231 -0.4141550600467005 0.50022549231717561 14.500000000000002 0.16610366475051982 58.150000000000013 0.27565633022498953 5.5000000000000009 0.066745221432610094 -0.016759188213995909 -0.58393604459969695 -1.4336551606288443
decision_type=10 10 8 8 8 10 10 10 10 10 10 10 10 10 10 10 10 10 10 10 10 10 8 10 10 10 10 10 10 2
left_child=2 3 5 4 16 14 11 10 25 18 12 -3 13 22 15 -1 -2 -16 -5 -20 -10 -17 -4 28 -14 27 -27 -6 29 -24
right_child=1 6 7 9 8 -7 -8 -9 20 -11 -12 -13 24 -15 17 21 -18 -19 19 -21 -22 -23 23 -25 -26 26 -28 -29 -30 -31
leaf_value=-3.7603517787377575e-06 -9.7945137849604549e-07 8.7055492131741907e-07 1.8638338547432895e-07 1.3191070399388665e-07 3.0392338123192579e-07 -4.7853689609213677e-06 4.3779049790589209e-06 1.3919327332517712e-06 1.0089124636647152e-06 3.235252695890843e-06 -2.6747717414127135e-06 3.1581289655144567e-06 -3.3422425673831507e-07 -2.6437884736745876e-06 -1.7746805906773459e-07 -2.6986132299903343e-06 -3.2940502144132271e-06 -2.0095705666037443e-06 2.8571682160440803e-06 7.620918554321206e-07 2.6892067554982566e-06 -8.827182136614397e-07 -7.9211942172633175e-07 -2.1801389762134163e-06 9.2060436930020731e-07 -3.2774491191242635e-07 1.4105301368745854e-06 -9.646277754063269e-07 -1.5724356361798002e-07 -9.7351870038554139e-07
leaf_weight=620 532 864 540 515 586 592 890 662 777 741 536 523 509 507 624 579 502 726 668 587 555 502 758 526 540 733 599 566 525 518
leaf_count=620 532 864 540 515 586 592 890 662 777 741 536 523 509 507 624 579 502 726 668 587 555 502 758 526 540 733 599 566 525 518
internal_value=-5.49562e-08 1.18906e-06 -1.3492e-06 7.00969e-07 6.97959e-08 -2.39908e-06 2.76691e-06 -6.68757e-07 6.58611e-07 1.92007e-06 -9.43854e-07 1.73316e-06 -7.34086e-07 -1.05924e-06 -1.93604e-06 -2.54974e-06 -2.10321e-06 -1.16276e-06 1.36946e-06 1.87727e-06 1.70906e-06 -1.85537e-06 -7.79015e-07 -1.00306e-06 3.117e-07 9.53128e-08 4.53932e-07 -3.19312e-07 -6.59261e-07 -8.65786e-07
internal_weight=18902 9638 9264 7361 4850 3643 2277 5621 3816 2511 4959 1387 4423 3374 3051 1701 1034 1350 1770 1255 1332 1081 2867 2327 1049 2484 1332 1152 1801 1276
internal_count=18902 9638 9264 7361 4850 3643 2277 5621 3816 2511 4959 1387 4423 3374 3051 1701 1034 1350 1770 1255 1332 1081 2867 2327 1049 2484 1332 1152 1801 1276
is_linear=0
shrinkage=0.00469677


Tree=156
num_leaves=29
num_cat=0
split_feature=29 21 0 11 33 23 11 22 0 3 3 31 31 9 13 31 5 20 31 5 0 27 11 5 8 21 13 23
split_gain=0.00136666 0.000427941 0.00020968 0.000203174 0.00013573 0.000195978 0.000136277 0.000115969 0.000125014 0.000151914 0.000115965 0.000104139 8.97221e-05 6.02044e-05 5.89346e-05 7.72407e-05 7.43241e-05 6.47059e-05 6.17527e-05 5.79313e-05 4.92264e-05 4.65633e-05 3.89252e-05 3.75358e-05 3.66219e-05 2.36908e-05 2.14585e-05 8.56905e-06
threshold=-0.33333333333332538 -0.2215547738818136 997.50000000000011 1.1997958546157739 18.500000000000004 -0.10576258440328699 1.151033286883272 -0.069524506746790629 46.625000000000007 257.75000000000006 81.750000000000014 -1260.013481058711 1507.7888106477196 -0.12503229841229443 -0.38706834268620088 -86.17372242781984 61.519571057180109 0.48203043915507549 -2.586274765392933 61.238710463593044 160.75000000000003 1.0000000180025095e-35 0.24134469963056257 694.55802911196179 -0.51882659840456524 -0.28419763947434368 -0.62852799419149963 0.51791545718725385
decision_type=10 10 10 10 2 10 10 10 10 10 10 8 8 2 10 8 10 10 10 10 10 8 10 10 10 10 10 8
left_child=2 11 4 7 6 -6 14 8 13 10 -10 22 -13 -3 15 -1 24 -16 -19 -9 -18 26 -2 -11 27 -26 -14 -17
right_child=1 3 -4 -5 5 -7 -8 19 9 23 -12 12 21 -15 17 16 20 18 -20 -21 -22 -23 -24 -25 25 -27 -28 -29
leaf_value=6.8065059029341361e-07 -2.2522879672817593e-06 -2.5287807143630674e-07 -4.2918650343550351e-06 4.7612970085049085e-06 -6.1446473167884764e-07 -3.9282530013018785e-06 1.4218458153323727e-06 1.7729493379060183e-06 2.2133334779338621e-06 4.4051258951207323e-07 4.8136489368371333e-06 1.8865745354312589e-06 -1.060282812141494e-07 1.8852063706988623e-06 -2.6129146270789814e-06 -1.4760214258944598e-06 -2.7174781568488797e-06 -2.0854176888492977e-06 2.3268218906714448e-07 -1.0992576453323542e-07 -1.0265850070826791e-06 7.5574038501849294e-07 -4.0442558724910197e-07 2.2237417513560434e-06 7.8862769903853233e-07 -6.1631459256063133e-07 -1.3602846920701541e-06 -7.2872270919927944e-07
leaf_weight=674 504 549 503 530 724 863 518 587 675 512 861 701 698 617 983 571 745 505 509 934 775 909 502 530 559 503 529 832
leaf_count=674 504 549 503 530 724 863 518 587 675 512 861 701 698 617 983 571 745 505 509 934 775 909 502 530 559 503 529 832
internal_value=-5.46981e-08 1.18347e-06 -1.34286e-06 1.98942e-06 -1.17354e-06 -2.4165e-06 -8.98576e-07 1.71038e-06 2.15468e-06 2.73188e-06 3.67095e-06 -3.1837e-08 4.2856e-07 8.78481e-07 -1.07917e-06 -7.89805e-07 -1.03852e-06 -1.75423e-06 -9.21763e-07 6.16711e-07 -1.85537e-06 -4.99206e-08 -1.33023e-06 1.34756e-06 -5.34808e-07 1.23167e-07 -6.46807e-07 -1.03289e-06
internal_weight=18902 9638 9264 5795 8761 1587 7174 5265 3744 2578 1536 3843 2837 1166 6656 4659 3985 1997 1014 1521 1520 2136 1006 1042 2465 1062 1227 1403
internal_count=18902 9638 9264 5795 8761 1587 7174 5265 3744 2578 1536 3843 2837 1166 6656 4659 3985 1997 1014 1521 1520 2136 1006 1042 2465 1062 1227 1403
is_linear=0
shrinkage=0.00469677


Tree=157
num_leaves=30
num_cat=0
split_feature=29 21 4 24 29 11 17 2 13 24 13 24 1 14 24 31 17 0 17 4 4 14 16 20 15 23 17 24 14
split_gain=0.00135385 0.000423931 0.000295549 0.000232171 0.000179998 0.00014221 0.000134208 0.00012964 0.000117557 0.00011085 9.60883e-05 0.000107621 8.14142e-05 7.83728e-05 7.25283e-05 6.48013e-05 6.54336e-05 5.44393e-05 5.02809e-05 4.75528e-05 4.63592e-05 4.49593e-05 3.53141e-05 3.06382e-05 2.67056e-05 2.10757e-05 2.04869e-05 1.14213e-05 2.00948e-06
threshold=-0.33333333333332538 -0.2215547738818136 31.500000000000004 1.3586896529605104 -0.98406406127492796 1.0809950625113933 -0.19813208289395787 79.65000000000002 -0.6368204016153477 0.50175409314038444 -0.39741683202219563 0.51170836604237124 230.25000000000003 -1.4523667122351325 0.87153558327501768 -3.5885634845829597 -0.23275730347653792 62.750000000000007 -0.02943762187846349 5.5000000000000009 15.500000000000002 -1.2105690362269308 -0.39489933723008058 0.50134227231381778 -0.67511375294220199 -0.027643488211374741 -0.24821623050169866 0.45351810414836025 -1.3055365686944638
decision_type=10 10 8 10 10 10 8 10 10 10 10 10 10 2 10 10 8 10 10 10 10 2 10 10 8 10 10 8 2
left_child=2 6 4 8 15 10 9 -5 14 -2 12 -12 17 -10 22 16 -1 24 19 25 -17 23 -3 -15 -4 -8 -25 -26 -29
right_child=1 3 5 7 -6 -7 18 -9 13 -11 11 -13 -14 21 -16 20 -18 -19 -20 -21 -22 -23 -24 26 27 -27 -28 28 -30
leaf_value=-3.8149740712789893e-06 -2.9826183299209204e-06 9.6964121622189681e-07 3.0500629227159217e-07 2.3433398586466419e-06 -4.7487373919640757e-06 1.383480221723928e-06 1.4724833453105023e-07 5.6874692663073386e-06 -1.8154023330597138e-07 -1.0046230830669419e-07 -3.4949920734300301e-06 -5.5151274353737982e-07 9.780076943131565e-07 9.5023151034591405e-07 3.9302122833834169e-06 -2.008989519845645e-06 -1.7803678854060138e-06 -2.1553663802232836e-06 1.7445167845270623e-06 9.6719369023916866e-07 -4.1754546814496948e-07 3.7843977944275729e-07 2.6732269002268619e-06 1.7341061088644049e-06 -1.4378131773052972e-06 -1.170937942203245e-06 3.0101473146866918e-06 -5.1140859846299683e-07 -8.6864597913349479e-07
leaf_weight=609 514 520 574 513 592 662 569 510 875 689 602 503 618 535 563 879 816 603 609 957 747 605 555 608 526 505 511 1000 533
leaf_count=609 514 520 574 513 592 662 569 510 875 689 602 503 618 535 563 879 816 603 609 957 747 605 555 608 526 505 511 1000 533
internal_value=-5.44412e-08 1.17791e-06 -1.33655e-06 1.98008e-06 -2.37861e-06 -6.61179e-07 -3.16876e-08 4.01053e-06 1.54479e-06 -1.33193e-06 -9.34137e-07 -2.15514e-06 -5.84049e-07 1.01183e-06 2.56449e-06 -1.91872e-06 -2.64992e-06 -8.82375e-07 5.60799e-07 2.05842e-07 -1.27789e-06 1.47408e-06 1.8492e-06 1.87483e-06 -5.90827e-07 -4.72538e-07 2.31685e-06 -8.4058e-07 -6.35636e-07
internal_weight=18902 9638 9264 5795 3643 5621 3843 1023 4772 1203 4959 1105 3854 3134 1638 3051 1425 3236 2640 2031 1626 2259 1075 1654 2633 1074 1119 2059 1533
internal_count=18902 9638 9264 5795 3643 5621 3843 1023 4772 1203 4959 1105 3854 3134 1638 3051 1425 3236 2640 2031 1626 2259 1075 1654 2633 1074 1119 2059 1533
is_linear=0
shrinkage=0.00469677


Tree=158
num_leaves=28
num_cat=0
split_feature=32 8 32 17 32 17 4 25 1 22 4 14 8 4 19 19 33 33 0 22 16 6 14 25 17 17 33
split_gain=0.000826066 0.000678556 0.000336696 0.000367018 0.000201537 0.000163649 0.000144946 0.000101957 0.000100416 9.15485e-05 8.62067e-05 7.72652e-05 7.8059e-05 7.5307e-05 6.56901e-05 6.28237e-05 6.39153e-05 6.13947e-05 9.01312e-05 5.25411e-05 4.45654e-05 3.75943e-05 5.61464e-05 2.67979e-05 2.27286e-05 1.3477e-05 1.71753e-06
threshold=-0.33266858639092672 -0.010003463102031864 0.99709198763887641 -0.23275730347653792 0.49504950495048611 -0.026492651353151004 48.500000000000007 -0.36317989480532931 242.25000000000003 inf 27.500000000000004 -1.2613209159261793 -0.17226366806107793 16.500000000000004 0.1283885479017938 0.1453802376120106 11.500000000000002 8.5000000000000018 114.25000000000001 -0.35436423398770106 -0.34490650037928899 -0.15387200908895657 -1.3044258373205737 -0.074675886173178593 -0.19176728656913553 -0.11630923521287892 1.5000000000000002
decision_type=8 10 10 8 8 10 10 2 10 8 8 2 8 10 10 10 2 2 10 10 10 2 2 2 10 10 2
left_child=9 2 3 6 5 14 17 -8 -4 15 -6 12 -7 -11 21 20 -17 -2 -19 24 -1 -5 23 -23 26 -25 -12
right_child=1 -3 8 4 10 11 7 -9 -10 13 19 -13 -14 -15 -16 16 -18 18 -20 -21 -22 22 -24 25 -26 -27 -28
leaf_value=-3.4442981355152261e-07 -1.3867869010373222e-06 3.5198739379818062e-06 -4.586187322434537e-06 -1.314314406745457e-06 -2.6405333372061412e-06 1.0616953811903658e-06 1.2060558858487932e-06 -1.4172980090716209e-06 -2.0119985123955399e-06 4.4056898696518075e-06 -8.6735310897150761e-07 1.0960326970005934e-07 3.3161138230122101e-06 2.0523433555717354e-06 1.0719707471963977e-06 3.3654929176047136e-06 1.0589008797966187e-06 -1.8699959370923794e-06 -4.0450000528031617e-06 5.0971253076379967e-07 1.4495407624250292e-06 2.5937523698100276e-07 8.6607651578583725e-07 -5.1551165387901586e-07 -1.87559882022111e-06 -1.5734960712009163e-06 -5.0860315718942643e-07
leaf_weight=513 931 862 504 692 571 649 503 933 993 505 592 520 709 739 932 559 504 897 791 667 755 528 893 541 510 522 587
leaf_count=513 931 862 504 692 571 649 503 933 993 505 592 520 709 739 932 559 504 897 791 667 755 528 893 541 510 522 587
internal_value=-5.41855e-08 -5.28388e-07 -7.69635e-07 -5.26169e-07 6.78239e-09 5.00651e-07 -1.69762e-06 -4.9837e-07 -2.87868e-06 1.97884e-06 -1.00322e-06 1.64921e-06 2.23873e-06 3.00771e-06 -2.44147e-08 1.42975e-06 2.2719e-06 -2.35515e-06 -2.88923e-06 -6.06381e-07 7.2372e-07 -3.46161e-07 -7.6436e-08 -6.05472e-07 -1.04716e-06 -1.03508e-06 -6.88767e-07
internal_weight=18902 15327 14465 12968 8913 5986 4055 1436 1497 3575 2927 1878 1358 1244 4108 2331 1063 2619 1688 2356 1268 3176 2484 1591 1689 1063 1179
internal_count=18902 15327 14465 12968 8913 5986 4055 1436 1497 3575 2927 1878 1358 1244 4108 2331 1063 2619 1688 2356 1268 3176 2484 1591 1689 1063 1179
is_linear=0
shrinkage=0.00469677


Tree=159
num_leaves=29
num_cat=0
split_feature=30 8 24 32 3 1 19 27 21 4 32 17 13 19 26 26 9 24 13 16 16 4 15 27 7 13 16 24
split_gain=0.000867415 0.00032886 0.000306792 0.000267585 0.00024199 0.000196709 0.000231839 0.000153398 0.000149463 9.88931e-05 9.17392e-05 9.39021e-05 5.93753e-05 5.84723e-05 5.33087e-05 7.10217e-05 5.35699e-05 5.24167e-05 4.08613e-05 3.75995e-05 3.4587e-05 3.30733e-05 3.43518e-05 2.58051e-05 3.03436e-05 1.97149e-05 1.67251e-05 8.0799e-06
threshold=-0.0001079020743972021 -0.0090808117003548048 0.85248209206933701 -0.90679331222573945 998.50000000000011 82.850000000000009 0.1173139392833687 -0.049999999999998927 -0.4226791605114551 31.500000000000004 0.99709198763887641 -0.23795243774837918 -0.79673706662544397 0.13062080481588065 -0.9261924793700792 -0.87443129261507158 -0.11331941952005491 0.49768926045146894 -0.54469178606349511 -0.58501587658077758 -0.2975162421581784 48.500000000000007 -0.69441423977242334 1.0000000180025095e-35 0.041064352445339576 -0.48552910852013126 -0.42630457944015321 0.66157737909408165
decision_type=10 10 10 8 10 10 10 8 10 10 10 10 10 8 10 10 2 10 10 8 8 8 10 10 2 10 8 10
left_child=1 3 8 -1 7 13 -7 9 -2 19 11 21 -11 -4 -10 -16 -17 20 -18 -5 -13 26 -23 24 25 -19 -9 -28
right_child=2 -3 5 4 -6 6 -8 10 14 12 -12 17 -14 -15 15 16 18 23 -20 -21 -22 22 -24 -25 -26 -27 27 -29
leaf_value=2.1879086475008599e-06 -1.8980752822807963e-06 2.8573226945703942e-06 4.6984504711039891e-07 -3.9242980816709161e-06 -3.5141247157004449e-06 1.8130905298245206e-06 6.0259932356240233e-06 -2.0360365935166614e-06 -1.227721473271513e-07 1.9494262236458056e-07 -2.2167182189509445e-06 -1.2547656731109903e-06 -1.8898669366731183e-06 2.326257876022854e-06 2.7924828604232378e-06 -3.6012432113189672e-07 2.3573473031725538e-06 2.8278291309351252e-07 6.1954527957831035e-07 -2.1853489605754871e-06 3.0003314009266279e-07 -1.6192563426938839e-07 -1.4864329707035913e-06 1.3845581150046253e-06 1.1060848036684239e-06 -9.0135004027166199e-07 -1.4836464405217369e-06 -6.5313582624179073e-07
leaf_weight=578 502 528 705 502 840 547 609 664 884 506 702 836 745 798 504 592 521 809 699 605 507 1414 622 548 597 503 533 502
leaf_count=578 502 528 705 502 840 547 609 664 884 506 702 836 745 798 504 592 521 809 699 605 507 1414 622 548 597 503 533 502
internal_value=-5.3931e-08 -7.70498e-07 1.35881e-06 -9.29952e-07 -1.08755e-06 2.57589e-06 4.03255e-06 -8.95164e-07 4.84619e-07 -1.95143e-06 -5.92783e-07 -4.41484e-07 -1.04658e-06 1.45551e-06 8.58415e-07 1.23294e-06 7.99143e-07 7.83234e-08 1.3617e-06 -2.97395e-06 -6.67784e-07 -9.70346e-07 -5.6658e-07 4.8616e-07 2.28248e-07 -1.71169e-07 -1.45418e-06 -1.08086e-06
internal_weight=18902 12541 6361 12013 11435 2659 1156 10595 3702 2358 8237 7535 1251 1503 3200 2316 1812 3800 1220 1107 1343 3735 2036 2457 1909 1312 1699 1035
internal_count=18902 12541 6361 12013 11435 2659 1156 10595 3702 2358 8237 7535 1251 1503 3200 2316 1812 3800 1220 1107 1343 3735 2036 2457 1909 1312 1699 1035
is_linear=0
shrinkage=0.00469677


Tree=160
num_leaves=31
num_cat=0
split_feature=29 21 4 24 29 11 17 1 24 17 24 19 4 15 20 31 17 23 23 26 17 4 17 33 11 1 23 26 24 14
split_gain=0.00132225 0.000413556 0.000288791 0.000227986 0.0001772 0.000139804 0.00013129 0.000114974 0.00010907 8.04847e-05 7.15612e-05 0.000121734 6.70969e-05 6.65315e-05 6.58066e-05 6.35457e-05 6.43059e-05 6.03085e-05 5.15126e-05 5.07101e-05 4.90848e-05 4.68277e-05 3.19712e-05 2.96543e-05 2.81003e-05 4.18008e-05 2.09644e-05 1.67943e-05 8.06843e-06 7.04661e-07
threshold=-0.33333333333332538 -0.2215547738818136 31.500000000000004 1.3586896529605104 -0.98406406127492796 1.0809950625113933 -0.19813208289395787 79.750000000000014 0.50175409314038444 -0.0052792592889200924 0.71776045450050818 0.16224921563426001 118.50000000000001 -0.19412932172231842 0.49473407104986061 -3.5885634845829597 -0.23275730347653792 0.64279807848998882 -0.21553087640443633 -0.74327564819722647 -0.02943762187846349 5.5000000000000009 -0.24664648880061482 13.500000000000002 0.16610366475051982 58.150000000000013 -0.027643488211374741 -0.89316747865228685 0.27565633022498953 -1.4336551606288443
decision_type=10 10 8 10 10 10 8 10 10 10 10 10 10 10 10 10 8 10 10 10 10 10 10 2 8 10 10 10 10 2
left_child=2 6 4 10 15 9 8 -5 -2 12 14 18 13 24 -3 16 -1 22 -12 27 21 26 -16 -14 -4 28 -8 -17 29 -26
right_child=1 3 5 7 -6 -7 20 -9 -10 -11 11 -13 23 -15 17 19 -18 -19 -20 -21 -22 -23 -24 -25 25 -27 -28 -29 -30 -31
leaf_value=-3.7735626306834691e-06 -2.9539076447713128e-06 -5.4362977564886756e-07 2.0455138986356094e-07 2.4015675976354497e-06 -4.7024508478503071e-06 1.3741582802287315e-06 1.4976016904900937e-07 5.5509043386409955e-06 -9.4990546207306458e-08 -2.642632676034563e-06 1.9978926800971482e-07 3.5632170228943454e-06 1.0886931490122128e-06 -2.6064272018124867e-06 4.9064946573316896e-08 -2.4022280139019583e-06 -1.7565647877494532e-06 2.5844236843360918e-06 2.011384665075392e-06 -4.6761395774563271e-08 1.7250655490859871e-06 9.603277232274595e-07 1.4862223226497593e-06 -4.9134785669109791e-07 -7.5836671049728453e-07 -2.1494976999090706e-06 -1.1649381408894991e-06 -1.2455349549999227e-06 -1.6140495254330164e-07 -9.8505494166077572e-07
leaf_weight=609 514 503 540 514 592 662 569 509 689 536 566 828 540 507 644 557 816 612 892 518 609 957 727 509 759 526 505 551 536 506
leaf_count=609 514 503 540 514 592 662 569 509 689 536 566 828 540 507 644 557 816 612 892 518 609 957 727 509 759 526 505 551 536 506
internal_value=-5.36777e-08 1.16421e-06 -1.32074e-06 1.9565e-06 -2.35082e-06 -6.53131e-07 -3.04984e-08 3.96857e-06 -1.31653e-06 -9.2377e-07 1.52515e-06 2.12495e-06 -7.15462e-07 -1.03802e-06 9.73587e-07 -1.89451e-06 -2.61859e-06 1.35845e-06 1.30814e-06 -1.25991e-06 5.55512e-07 2.04802e-07 8.11171e-07 3.21987e-07 -7.60654e-07 -9.84653e-07 -4.68386e-07 -1.82704e-06 -6.4443e-07 -8.49068e-07
internal_weight=18902 9638 9264 5795 3643 5621 3843 1023 1203 4959 4772 2286 4423 3374 2486 3051 1425 1983 1458 1626 2640 2031 1371 1049 2867 2327 1074 1108 1801 1265
internal_count=18902 9638 9264 5795 3643 5621 3843 1023 1203 4959 4772 2286 4423 3374 2486 3051 1425 1983 1458 1626 2640 2031 1371 1049 2867 2327 1074 1108 1801 1265
is_linear=0
shrinkage=0.00469677


Tree=161
num_leaves=29
num_cat=0
split_feature=29 21 24 2 33 2 11 2 13 27 24 14 24 33 13 31 14 5 2 14 13 14 24 16 8 12 6 8
split_gain=0.00130986 0.000409681 0.00022585 0.000196924 0.000132343 0.000172563 0.000131334 0.000126326 0.00011601 0.000100853 8.6087e-05 7.75725e-05 7.10657e-05 6.10677e-05 5.728e-05 7.67165e-05 7.28469e-05 7.28417e-05 4.46007e-05 4.451e-05 4.37742e-05 4.33462e-05 3.62444e-05 3.46342e-05 3.1525e-05 2.48217e-05 1.88717e-05 1.43082e-05
threshold=-0.33333333333332538 -0.2215547738818136 1.3586896529605104 996.50000000000011 18.500000000000004 39.32500000000001 1.151033286883272 79.65000000000002 -0.6368204016153477 1.0000000180025095e-35 0.36906804089748574 -1.4523667122351325 0.87153558327501768 16.500000000000004 -0.38706834268620088 -86.17372242781984 -1.3398410799726592 61.519571057180109 161.25000000000003 -1.2105690362269308 -0.77172950781321803 -1.3087406015037597 0.47236023179795533 -0.39489933723008058 -0.35218544858565853 0.049999999999998941 0.078414604167062099 -0.71424293075438527
decision_type=10 10 10 10 2 10 10 10 8 10 10 2 10 2 10 8 2 10 10 2 10 2 10 10 10 10 2 10
left_child=3 9 8 4 6 -6 14 -4 12 10 -2 -10 23 21 15 -1 -16 22 -19 25 -15 -12 27 -3 -18 26 -13 -17
right_child=1 2 7 -5 5 -7 -8 -9 11 -11 13 19 -14 20 16 17 24 18 -20 -21 -22 -23 -24 -25 -26 -27 -28 -29
leaf_value=6.958556152002403e-07 -2.0330816958321847e-06 9.5186288821061601e-07 2.3041825384409534e-06 -4.1486753162549023e-06 -1.0778855747950963e-06 -4.2237712572936159e-06 1.4005704495986719e-06 5.6052987777277602e-06 -1.9871604061795046e-07 1.3336545976377713e-06 1.5998319811341484e-06 2.0785212899262366e-06 3.8828382066396321e-06 1.0615195129739036e-07 -2.7807359990370096e-06 -5.4486635745671572e-07 -1.8311780200853443e-06 -2.6072125281014258e-06 -9.9502946701779728e-07 3.5827913155026275e-07 -1.6872640760582327e-06 -2.487828348036405e-07 3.6379208132042333e-07 2.6389699794924443e-06 -2.7179088978046513e-07 2.7017086627485761e-06 8.6840170323820065e-07 -1.4172203859696025e-06
leaf_weight=674 605 520 513 511 932 655 518 510 875 912 603 556 563 607 833 1059 512 783 733 605 594 522 724 555 648 516 582 682
leaf_count=674 605 520 513 511 932 655 518 510 875 912 603 556 563 607 833 1059 512 783 733 605 594 522 724 555 648 516 582 682
internal_value=-5.34256e-08 1.15874e-06 1.94731e-06 -1.31453e-06 -1.14907e-06 -2.3763e-06 -8.77283e-07 3.94993e-06 1.51799e-06 -3.03551e-08 -4.54787e-07 9.88544e-07 2.53095e-06 -4.42533e-08 -1.05477e-06 -7.69496e-07 -1.72108e-06 -1.01759e-06 -1.82773e-06 1.44843e-06 -7.80822e-07 7.42045e-07 -5.1934e-07 1.82291e-06 -9.60101e-07 1.84717e-06 1.45967e-06 -8.86612e-07
internal_weight=18902 9638 5795 9264 8753 1587 7166 1023 4772 3843 2931 3134 1638 2326 6648 4655 1993 3981 1516 2259 1201 1125 2465 1075 1160 1654 1138 1741
internal_count=18902 9638 5795 9264 8753 1587 7166 1023 4772 3843 2931 3134 1638 2326 6648 4655 1993 3981 1516 2259 1201 1125 2465 1075 1160 1654 1138 1741
is_linear=0
shrinkage=0.00469677


Tree=162
num_leaves=28
num_cat=0
split_feature=29 8 29 31 22 14 32 8 22 26 26 15 22 3 6 31 2 2 8 3 9 3 30 7 12 2 14
split_gain=0.00128153 0.000361648 0.000251378 0.000250439 0.000126254 0.000111422 0.000103937 7.60724e-05 9.60819e-05 7.5684e-05 7.30504e-05 7.13064e-05 6.56144e-05 8.74798e-05 6.47643e-05 7.31139e-05 7.55298e-05 6.09349e-05 4.37843e-05 4.3263e-05 3.68091e-05 2.80704e-05 2.32721e-05 2.3001e-05 2.99066e-05 2.25888e-05 6.04842e-07
threshold=-0.73845015095217559 -0.0090808117003548048 -0.98730978877353526 -2629.297603976524 -0.15063056651543572 -1.2730690362269308 -0.99634683855938355 -0.17671882151874077 -0.30873720076278549 -0.80928147250204685 -0.72787472560756461 -0.37432639056802847 -0.41780069037547501 78.65000000000002 0.12068737244697909 -86.17372242781984 113.75000000000001 624.50000000000011 -0.55740404899799911 32.225000000000009 -0.15703590498892114 245.25000000000003 4.6798788848004769e-05 0.065603950232585598 0.049999999999998941 41.025000000000006 -1.4706083390293905
decision_type=10 10 10 10 10 2 10 10 10 10 10 10 10 10 2 8 10 10 10 8 2 10 10 2 8 10 2
left_child=2 3 7 11 5 6 -5 14 -9 -10 21 17 20 -14 15 -1 19 25 -16 -17 -8 22 -6 24 -21 -2 -26
right_child=1 -3 -4 4 10 -7 12 8 9 -11 -12 -13 13 -15 18 16 -18 -19 -20 23 -22 -23 -24 -25 26 -27 -28
leaf_value=5.5179700228433994e-07 2.5254995267514874e-07 4.3714852280152625e-06 -3.6837014306180625e-06 3.7838362315981327e-06 -4.6140946972407189e-08 3.1750284119097211e-07 2.1948232835723559e-07 -1.4654493587224807e-06 -5.5654666537519744e-07 1.9032507513937844e-06 1.7778635821907018e-06 -1.5626558198465942e-06 1.4596202280594393e-06 4.115877713500066e-06 -3.300667793428771e-06 -2.1340083939416081e-06 -2.576802854869523e-06 -1.0212857416713898e-06 -1.5805200978066876e-06 5.642048804676101e-07 1.7425043380655992e-06 -6.2608847221224288e-07 1.2770716380599283e-06 -1.5224048537067445e-06 -8.6264230440395609e-07 1.5022181886275264e-06 -6.5369612831511438e-07
leaf_weight=552 864 707 900 764 664 807 560 825 561 543 801 730 594 507 512 533 781 662 901 510 934 742 525 517 777 506 507
leaf_count=552 864 707 900 764 664 807 560 825 561 543 801 730 594 507 512 533 781 662 901 510 934 742 525 517 777 506 507
internal_value=2.33823e-08 1.12886e-06 -1.33788e-06 8.91537e-07 1.37007e-06 1.88464e-06 2.26114e-06 -1.05709e-06 -2.52853e-07 6.53269e-07 5.85396e-07 -3.03574e-07 1.81282e-06 2.68283e-06 -1.33461e-06 -1.04056e-06 -1.28305e-06 1.48737e-07 -2.20384e-06 -9.27753e-07 1.17165e-06 9.07305e-08 5.38092e-07 -6.49532e-07 -3.97967e-07 7.14131e-07 -7.80164e-07
internal_weight=18786 10367 8419 9660 6898 4166 3359 7519 1929 1104 2732 2762 2595 1101 5590 4177 3625 2032 1413 2844 1494 1931 1189 2311 1794 1370 1284
internal_count=18786 10367 8419 9660 6898 4166 3359 7519 1929 1104 2732 2762 2595 1101 5590 4177 3625 2032 1413 2844 1494 1931 1189 2311 1794 1370 1284
is_linear=0
shrinkage=0.00469677


Tree=163
num_leaves=28
num_cat=0
split_feature=29 8 29 32 17 4 13 8 4 4 17 24 13 0 4 17 3 1 29 24 16 23 19 5 7 24 33
split_gain=0.00126952 0.000358258 0.000249022 0.000247039 0.000233078 0.000139863 0.000118234 0.00015031 0.00010383 0.000103549 9.41228e-05 7.16732e-05 8.9637e-05 6.9472e-05 5.62877e-05 5.5095e-05 4.70909e-05 0.000119257 4.65418e-05 4.62051e-05 4.57827e-05 4.39198e-05 3.68106e-05 2.53788e-05 2.4929e-05 2.43972e-05 8.65707e-06
threshold=-0.73845015095217559 -0.0090808117003548048 -0.98730978877353526 -0.54879228150145987 -0.10564295043562753 13.500000000000002 -0.37865747754101248 -0.17438225202906563 16.500000000000004 21.500000000000004 -0.24371057779246563 0.52838816588125537 -0.52227240102054739 79.15000000000002 128.50000000000003 -0.37239438346379089 80.050000000000011 365.75000000000006 -0.99375392092900527 0.83642709638018931 -0.40901115189365417 0.040863978880459235 0.1453802376120106 33.271026314967266 0.0072006025240720613 0.51170836604237124 12.500000000000002
decision_type=10 10 10 10 10 8 10 10 10 10 8 10 8 10 10 10 10 10 10 10 8 8 10 10 2 8 2
left_child=2 3 5 9 8 20 7 14 10 19 -5 12 -6 -8 18 -11 23 -18 24 -2 -1 -12 -17 -13 25 -7 -27
right_child=1 -3 -4 4 11 6 13 -9 -10 15 21 16 -14 -15 -16 22 17 -19 -20 -21 -22 -23 -24 -25 -26 26 -28
leaf_value=-2.9943457144043628e-06 2.1578050827029606e-06 4.3509533509791861e-06 -3.6663999147367836e-06 -2.6024298645821791e-06 1.6458128691489528e-06 2.7911746344946092e-07 -1.0532606416549993e-06 1.315115503046365e-06 7.5720574506188985e-07 6.7303521955600389e-09 1.1343882302439045e-07 1.8315211949064866e-06 -9.5935391100241708e-07 -3.0931517373713524e-06 6.5254301731653026e-07 9.5951163754443281e-07 4.0615252670229337e-06 1.0026387324993022e-06 -2.3173942657682808e-06 3.9149737683052922e-06 -1.2825498176251008e-06 -1.5689615132865739e-06 2.6782531059671645e-06 4.9207626208852414e-07 -1.688402328447195e-06 -1.1385599760234178e-06 -3.8106009857764501e-07
leaf_weight=918 695 707 900 659 542 578 932 943 926 545 980 531 630 609 509 541 504 636 518 629 552 526 559 757 521 916 523
leaf_count=918 695 707 900 659 542 578 932 943 926 545 980 531 630 609 509 541 504 636 518 629 552 526 559 757 521 916 523
internal_value=2.32724e-08 1.12356e-06 -1.3316e-06 8.8735e-07 3.87017e-07 -1.05213e-06 -7.36335e-07 -3.52408e-07 -5.5901e-07 2.0149e-06 -1.12199e-06 1.1993e-06 2.45396e-07 -1.85944e-06 -7.93504e-07 1.22795e-06 1.65973e-06 2.35502e-06 -1.03437e-06 2.99262e-06 -2.35157e-06 -4.7415e-07 1.83298e-06 1.04431e-06 -7.72489e-07 -5.35888e-07 -8.63272e-07
internal_weight=18786 10367 8419 9660 6691 7519 6049 4508 3091 2969 2165 3600 1172 1541 3565 1645 2428 1140 3056 1324 1470 1506 1100 1288 2538 2017 1439
internal_count=18786 10367 8419 9660 6691 7519 6049 4508 3091 2969 2165 3600 1172 1541 3565 1645 2428 1140 3056 1324 1470 1506 1100 1288 2538 2017 1439
is_linear=0
shrinkage=0.00469677


Tree=164
num_leaves=27
num_cat=0
split_feature=29 8 29 32 17 22 14 17 19 8 22 26 23 17 5 6 15 27 19 23 5 22 28 0 15 33
split_gain=0.00125762 0.000354901 0.000246688 0.000244724 0.000230894 9.38473e-05 9.1863e-05 0.00010425 9.81648e-05 7.48256e-05 9.54395e-05 7.49937e-05 7.27845e-05 7.06825e-05 6.87743e-05 6.44552e-05 4.77449e-05 4.23842e-05 4.13867e-05 6.37244e-05 3.79059e-05 3.77664e-05 4.45141e-05 2.58532e-05 2.4862e-05 1.39291e-05
threshold=-0.73845015095217559 -0.0090808117003548048 -0.98730978877353526 -0.54879228150145987 -0.10564295043562753 -0.065854996263481805 -1.4924384825700618 -0.27180020690210677 0.020106532350974936 -0.17671882151874077 -0.30873720076278549 -0.80928147250204685 0.083503315316125551 -0.4458790923097431 57.773168534699288 0.12068737244697909 -0.84961009171206225 -0.049999999999998927 0.042631227253012542 2.0174555110935732 78.987973841467493 -0.094252843480036874 501.00000000002495 113.25000000000001 -0.60560701012142404 2.5000000000000004
decision_type=10 10 10 10 10 10 2 8 10 10 10 10 8 8 10 2 8 8 10 8 10 10 10 10 10 2
left_child=2 3 9 5 6 13 8 -8 -5 12 -11 -12 17 -2 -15 18 -6 -1 19 -14 -19 22 24 -9 -18 -21
right_child=1 -3 -4 4 16 -7 7 23 -10 10 11 -13 15 14 -16 -17 21 20 -20 25 -22 -23 -24 -25 -26 -27
leaf_value=-3.0043204478155232e-06 1.2180416539521921e-06 4.3305178878932179e-06 -3.6491796763865779e-06 -9.815756399101262e-07 2.416652974674508e-06 5.4163039106093275e-07 -2.8730269266746032e-06 2.4796580138228268e-07 1.8276095504655289e-06 -1.4581003068682095e-06 -5.507613118681925e-07 1.8977917195564276e-06 -2.3047569113110661e-06 1.7453755625444428e-06 3.7882386096031702e-06 -2.1801964094999789e-06 1.6425914806289725e-07 -9.673168531923871e-07 2.6957095223213834e-07 -9.4899992935054034e-07 -2.5220807575868129e-06 1.9251949378964492e-07 2.4680649936077505e-06 -1.030821005845315e-06 1.3983273208963377e-06 8.8626037392620078e-09
leaf_weight=653 680 707 900 510 589 729 562 609 594 825 561 543 558 577 983 698 605 900 864 605 562 972 544 816 890 750
leaf_count=653 680 707 900 510 589 729 562 609 594 825 561 543 558 577 983 698 605 900 864 605 562 972 544 816 890 750
internal_value=2.31632e-08 1.11828e-06 -1.32534e-06 8.83182e-07 3.85199e-07 2.00544e-06 -5.56384e-07 -1.15993e-06 5.29858e-07 -1.04718e-06 -2.49564e-07 6.53524e-07 -1.32242e-06 2.48181e-06 3.03266e-06 -9.04294e-07 1.19366e-06 -2.0094e-06 -5.83583e-07 -9.68924e-07 -1.565e-06 9.54415e-07 1.3176e-06 -4.84284e-07 8.98944e-07 -4.18793e-07
internal_weight=18786 10367 8419 9660 6691 2969 3091 1987 1104 7519 1929 1104 5590 2240 1560 3475 3600 2115 2777 1913 1462 3011 2039 1425 1495 1355
internal_count=18786 10367 8419 9660 6691 2969 3091 1987 1104 7519 1929 1104 5590 2240 1560 3475 3600 2115 2777 1913 1462 3011 2039 1425 1495 1355
is_linear=0
shrinkage=0.00469677


Tree=165
num_leaves=28
num_cat=0
split_feature=20 8 28 20 24 13 22 26 0 20 21 0 0 0 0 1 15 20 16 23 9 16 21 26 16 21 8
split_gain=0.000857248 0.000574208 0.000368399 0.000203814 0.000116134 0.000115589 0.000110318 0.000102682 0.000109301 0.000108809 8.85333e-05 7.74091e-05 7.47217e-05 0.000110091 6.60913e-05 5.90479e-05 5.61795e-05 5.56668e-05 5.0481e-05 3.53203e-05 3.38199e-05 3.0924e-05 2.61378e-05 2.54931e-05 2.48292e-05 2.0233e-05 1.99471e-05
threshold=0.80437561579074768 -0.010003463102031864 500.00000000002484 0.47648383294787405 0.50534465310253085 -0.39107933514731424 -0.75849261243318855 -0.92422484707867525 81.450000000000017 0.8508170168638175 -0.2215547738818136 113.75000000000001 80.250000000000014 373.75000000000006 712.50000000000011 257.75000000000006 -0.69441423977242334 0.17156527682843475 -0.59555054996093459 0.59119708660159642 -0.14948056001778448 -0.35582423408652791 -0.34903520799291565 -0.96330741147390619 -0.39489933723008058 -0.34737999495802557 -0.10995426689243169
decision_type=10 10 10 8 10 10 10 8 10 10 10 10 8 10 10 10 8 10 8 8 2 8 8 10 8 10 10
left_child=1 2 3 5 14 6 21 -2 24 -10 12 -7 22 -14 16 -4 -5 -8 -18 25 -12 -1 -6 -24 -9 -20 -22
right_child=7 -3 15 4 10 11 17 8 9 -11 20 -13 13 -15 -16 -17 18 -19 19 -21 26 -23 23 -25 -26 -27 -28
leaf_value=-3.1390464399521941e-06 8.120692640747871e-07 3.3133585683596781e-06 2.2296296766323807e-06 3.2557583126731195e-07 1.1424730431893943e-06 -1.7338587056451374e-06 3.2957410366498149e-07 1.1206158597339277e-06 2.4492547113125921e-06 5.4986262481723378e-06 -1.6996423125470218e-08 -4.0867246619420063e-06 -2.3408469080737135e-06 6.3060517110175885e-08 -2.6431378430220079e-06 3.2466360127811875e-07 -2.195922896339983e-06 -1.4597114626542674e-06 -2.1083725992470412e-06 -3.4019735750974875e-07 1.974799557397201e-06 -1.552962745901728e-06 5.4586250991945288e-07 -8.659304549698454e-07 2.5193384238709022e-06 -8.2257500043348787e-07 6.9805908459600166e-07
leaf_weight=560 686 868 1000 747 514 593 910 510 507 526 604 643 844 837 503 560 725 663 525 1545 570 526 585 545 621 556 513
leaf_count=560 686 868 1000 747 514 593 910 510 507 526 604 643 844 837 503 560 725 663 525 1545 570 526 585 545 621 556 513
internal_value=2.30544e-08 -4.0124e-07 -6.15223e-07 -8.64798e-07 -4.97557e-07 -1.77115e-06 -1.21949e-06 2.39554e-06 2.89749e-06 4.00202e-06 -2.931e-09 -2.95791e-06 -4.47578e-07 -1.14388e-06 -1.03636e-06 1.54582e-06 -8.39131e-07 -4.24566e-07 -1.09878e-06 -7.95856e-07 8.73429e-07 -2.37086e-06 2.64373e-07 -1.35017e-07 1.88864e-06 -1.44707e-06 1.37006e-06
internal_weight=18786 15936 15068 13508 9613 3895 2659 2850 2164 1033 5012 1236 3325 1681 4601 1560 4098 1573 3351 2626 1687 1086 1644 1130 1131 1081 1083
internal_count=18786 15936 15068 13508 9613 3895 2659 2850 2164 1033 5012 1236 3325 1681 4601 1560 4098 1573 3351 2626 1687 1086 1644 1130 1131 1081 1083
is_linear=0
shrinkage=0.00469677


Tree=166
num_leaves=27
num_cat=0
split_feature=29 24 5 26 29 30 4 13 24 30 1 20 24 21 0 6 4 16 16 17 24 29 22 26 9 24
split_gain=0.00123687 0.000327342 0.000258072 0.000283284 0.000243319 0.000140974 0.000137942 0.000116529 0.000111088 0.000101154 0.000100663 8.89771e-05 8.82497e-05 7.66112e-05 6.84342e-05 6.44145e-05 5.22228e-05 5.21294e-05 4.53461e-05 3.04072e-05 2.73298e-05 2.45342e-05 2.70185e-05 3.37063e-05 2.27327e-05 1.8829e-05
threshold=-0.73845015095217559 0.85248209206933701 114.29881780157204 -0.74797128520755762 -0.98730978877353526 0.00026695607067908937 13.500000000000002 -0.37865747754101248 0.91397801490210961 9.4301633703968468e-05 365.75000000000006 0.82832343530923647 0.50534465310253085 -0.2215547738818136 79.15000000000002 -0.015866019963202214 128.50000000000003 -0.44405003160468998 -0.40901115189365417 -0.24821623050169866 1.1965940190948761 -0.99375392092900527 -0.092218091989492254 -0.90596062174386105 0.0047639538117799432 0.56203020573890217
decision_type=10 10 10 10 10 8 8 10 10 10 10 10 10 10 10 2 10 10 8 10 10 10 8 10 2 10
left_child=4 5 11 10 6 9 18 8 16 12 -4 13 17 -3 -9 -11 21 -2 -1 -14 -15 22 -8 -24 -21 -7
right_child=1 2 3 -5 -6 25 7 14 -10 15 -12 -13 19 20 -16 -17 -18 -19 -20 24 -22 -23 23 -25 -26 -27
leaf_value=-2.9683240251632514e-06 -1.0822917659093361e-06 -5.1052275486975808e-07 3.7599091154382814e-06 6.4269693172488727e-06 -3.6222987263912456e-06 -1.4378197328605243e-06 2.8506405088912314e-07 -1.0393597989776808e-06 1.3894715562704099e-06 3.2085042152238035e-06 1.0860070194212651e-06 2.488459379002108e-06 3.1633955927732121e-07 6.9167104284388534e-07 -3.0639577637340383e-06 8.7129391107196928e-07 6.5816901402796209e-07 5.152715069347747e-07 -1.2647109211334469e-06 1.0033524186027253e-06 2.2054931875893476e-06 -1.7575807478818581e-06 -5.4523821307200818e-07 -1.8328786415952088e-06 2.343966205993532e-06 -3.5794685376383072e-07
leaf_weight=918 930 796 559 509 900 709 503 932 691 540 699 771 588 547 609 502 567 874 552 592 507 585 1527 635 528 716
leaf_count=918 930 796 559 509 900 709 503 932 691 540 699 771 588 547 609 502 567 874 552 592 507 585 1527 635 528 716
internal_value=2.29461e-08 1.10899e-06 2.08321e-06 3.47046e-06 -1.31439e-06 3.94007e-07 -1.03813e-06 -7.24519e-07 -3.4337e-07 7.97439e-07 2.2742e-06 1.14795e-06 4.16142e-07 5.89272e-07 -1.8395e-06 2.08255e-06 -6.57079e-07 -3.08288e-07 -2.32862e-06 1.18131e-06 1.41989e-06 -8.8655e-07 -6.95336e-07 -9.23446e-07 1.63539e-06 -8.95254e-07
internal_weight=18786 10367 4388 1767 8419 5979 7519 6049 4508 4554 1258 2621 3512 1850 1541 1042 3817 1804 1470 1708 1054 3250 2665 2162 1120 1425
internal_count=18786 10367 4388 1767 8419 5979 7519 6049 4508 4554 1258 2621 3512 1850 1541 1042 3817 1804 1470 1708 1054 3250 2665 2162 1120 1425
is_linear=0
shrinkage=0.00469677


Tree=167
num_leaves=27
num_cat=0
split_feature=29 31 29 24 24 4 13 24 20 10 31 0 13 11 2 0 31 13 4 27 9 27 11 26 1 21
split_gain=0.00122528 0.00033585 0.000241039 0.000186294 0.000162165 0.000136649 0.000115437 0.000110047 0.000101018 9.34049e-05 9.24672e-05 6.77929e-05 6.43652e-05 8.25182e-05 6.83293e-05 8.9935e-05 5.99921e-05 5.8006e-05 4.93738e-05 4.77427e-05 4.15985e-05 3.95256e-05 3.93032e-05 3.6584e-05 1.12114e-05 1.30781e-05
threshold=-0.73845015095217559 -2629.297603976524 -0.98730978877353526 1.8252356769431384 0.53195060630305779 13.500000000000002 -0.37865747754101248 0.91397801490210961 0.8519930101642551 -43.249999999999993 6.9845601055309334 79.15000000000002 -0.15303233390056084 0.96610390186625972 46.57500000000001 260.25000000000006 -73.306462438629111 -0.56887695656342441 13.500000000000002 0.049999999999998941 0.012806471051407161 -0.049999999999998927 0.10956784745073346 -0.84821100407971095 59.850000000000001 -0.17485391184073654
decision_type=10 10 10 10 10 8 10 10 10 10 10 10 10 10 10 10 8 10 10 8 2 8 10 8 10 8
left_child=2 4 5 8 22 23 7 16 9 -3 -10 -8 13 14 20 17 -7 -16 -17 -6 -11 -18 -2 -1 25 -23
right_child=1 3 -4 -5 19 6 11 -9 10 12 -12 -13 -14 -15 15 18 21 -19 -20 -21 -22 24 -24 -25 -26 -27
leaf_value=-3.2501324222638856e-06 -2.5615532056225609e-06 -1.9662637896659678e-07 -3.6052855783917972e-06 4.2486486535877465e-06 -2.6468045718951699e-08 8.3527776926231965e-07 -1.0344781628288715e-06 1.3829455315365215e-06 1.4519657622664924e-06 -3.7596577920247961e-07 4.1892969147419021e-06 -3.0495670486735359e-06 1.0804724886741817e-07 3.3699267907234082e-06 3.4508307075492422e-06 1.8266254158080095e-06 -2.0117956739498804e-06 1.6407376245562354e-06 -1.7930920075904559e-07 1.627339186603689e-06 1.4293964861063291e-06 -2.698662096056707e-08 -8.466738316254392e-07 -1.7287894488789893e-06 -1.2681683855227555e-06 -7.787294837758922e-07
leaf_weight=569 526 934 900 549 881 516 932 691 588 630 507 609 708 531 766 513 570 797 573 684 509 803 671 901 526 1402
leaf_count=569 526 934 900 549 881 516 932 691 588 630 507 609 708 531 766 513 570 797 573 684 509 803 671 901 526 1402
internal_value=2.28384e-08 1.10378e-06 -1.30821e-06 1.61324e-06 -2.98967e-07 -1.03326e-06 -7.21116e-07 -3.41758e-07 1.40819e-06 1.16732e-06 2.71942e-06 -1.83086e-06 1.42074e-06 1.63592e-06 1.39283e-06 1.80647e-06 -6.53993e-07 2.52786e-06 7.68215e-07 6.96325e-07 4.30791e-07 -8.86801e-07 -1.60027e-06 -2.31769e-06 -6.51985e-07 -5.04981e-07
internal_weight=18786 10367 8419 7605 2762 7519 6049 4508 7056 5961 1095 1541 5027 4319 3788 2649 3817 1563 1086 1565 1139 3301 1197 1470 2731 2205
internal_count=18786 10367 8419 7605 2762 7519 6049 4508 7056 5961 1095 1541 5027 4319 3788 2649 3817 1563 1086 1565 1139 3301 1197 1470 2731 2205
is_linear=0
shrinkage=0.00469677


Tree=168
num_leaves=28
num_cat=0
split_feature=29 8 20 29 17 4 4 13 8 17 4 28 0 24 13 31 24 27 33 0 16 33 24 31 24 21 33
split_gain=0.00121379 0.000346276 0.0002994 0.00023878 0.000167759 0.000135369 0.000128813 0.000114355 0.000146573 8.62414e-05 8.55451e-05 7.18905e-05 6.71575e-05 6.19972e-05 7.67321e-05 6.13845e-05 5.26828e-05 5.16837e-05 5.11943e-05 9.10477e-05 4.48786e-05 3.73735e-05 3.46253e-05 3.14433e-05 2.29219e-05 2.13051e-05 9.10827e-06
threshold=-0.73845015095217559 -0.0090808117003548048 0.80437561579074768 -0.98730978877353526 -0.10564295043562753 13.500000000000002 16.500000000000004 -0.37865747754101248 -0.17438225202906563 -0.27180020690210677 21.500000000000004 999.99999999996101 79.15000000000002 0.53195060630305779 -0.52227240102054739 -51.38212894110324 0.55074370033750131 0.099999999999999659 6.5000000000000009 58.95000000000001 -0.40901115189365417 11.500000000000002 0.076667595118527818 -14.41515948740148 0.87935403797484446 -0.32681410329051658 2.5000000000000004
decision_type=10 10 10 10 10 8 10 10 10 8 10 10 10 10 8 8 10 10 2 10 8 2 10 10 10 8 2
left_child=3 2 4 5 6 20 9 8 15 -2 17 -12 -9 14 -6 -7 -11 -4 -15 -20 -1 -8 26 -24 -18 -25 -17
right_child=1 -3 10 -5 13 7 21 12 -10 16 11 -13 -14 18 -16 22 24 -19 19 -21 -22 -23 23 25 -26 -27 -28
leaf_value=-2.943195972315263e-06 -2.5678334043166407e-06 4.271562010463986e-06 2.1633397128833759e-06 -3.5883523507405854e-06 1.4917604193226591e-06 5.3556177484563242e-07 1.5612819352614852e-06 -1.0296194396190326e-06 1.3065094804507041e-06 -1.7295217204776185e-06 2.2315210230963194e-06 2.7004838855027093e-08 -3.0352439385968428e-06 4.3603147915358326e-07 -9.0593811108620366e-07 -9.1641133578090663e-07 7.1012258874887451e-07 4.0768141023194358e-06 8.4615933776088083e-07 3.0562238961528995e-06 -1.2483858227780766e-06 -3.6890787251839125e-08 -2.4348159116494068e-06 -4.1688853169066329e-07 -6.473060916937329e-07 -1.7488328236007997e-06 -1.300898689773299e-07
leaf_weight=918 603 707 631 900 552 645 688 932 943 514 882 518 609 666 631 609 601 615 802 844 552 608 552 555 505 507 697
leaf_count=918 603 707 631 900 552 645 688 932 943 514 882 518 609 666 631 609 601 615 802 844 552 608 552 555 505 507 697
internal_value=2.27311e-08 1.0986e-06 8.66372e-07 -1.30207e-06 3.58501e-07 -1.0284e-06 -3.65384e-07 -7.17729e-07 -3.40153e-07 -1.05151e-06 2.21262e-06 1.41587e-06 -1.82226e-06 1.08737e-06 2.12825e-07 -7.75731e-07 -4.87086e-07 3.10782e-06 1.53483e-06 1.97941e-06 -2.3068e-06 8.11496e-07 -1.06539e-06 -1.52547e-06 9.029e-08 -1.05279e-06 -4.96784e-07
internal_weight=18786 10367 9660 8419 7014 7519 3519 6049 4508 2223 2646 1400 1541 3495 1183 3565 1620 1246 2312 1646 1470 1296 2920 1614 1106 1062 1306
internal_count=18786 10367 9660 8419 7014 7519 3519 6049 4508 2223 2646 1400 1541 3495 1183 3565 1620 1246 2312 1646 1470 1296 2920 1614 1106 1062 1306
is_linear=0
shrinkage=0.00469677


Tree=169
num_leaves=27
num_cat=0
split_feature=29 8 20 29 31 22 4 13 8 24 24 31 0 31 25 0 0 22 11 16 24 31 0 33 21 33
split_gain=0.00120242 0.000343031 0.000296594 0.000236542 0.000158142 0.000148729 0.0001341 0.000113283 0.000145199 0.000112211 9.81451e-05 7.59891e-05 6.65281e-05 6.08093e-05 5.81697e-05 5.09055e-05 9.56264e-05 5.49769e-05 4.65257e-05 4.4458e-05 3.43008e-05 3.11486e-05 2.93449e-05 2.59646e-05 2.11055e-05 9.02291e-06
threshold=-0.73845015095217559 -0.0090808117003548048 0.80437561579074768 -0.98730978877353526 -1802.446653882226 -0.065854996263481805 13.500000000000002 -0.37865747754101248 -0.17438225202906563 0.53195060630305779 0.85248209206933701 535.58318684227845 79.15000000000002 -51.38212894110324 -0.1013654221087824 58.95000000000001 260.25000000000006 -0.094252843480036874 0.10956784745073346 -0.40901115189365417 0.076667595118527818 -14.41515948740148 33.425000000000004 18.500000000000004 -0.32681410329051658 2.5000000000000004
decision_type=10 10 10 10 10 10 8 10 10 10 10 10 10 8 2 10 10 8 10 8 10 10 10 2 8 2
left_child=3 2 4 6 9 10 19 8 13 18 -4 15 -9 -8 -13 22 17 -17 -2 -1 25 -22 -6 -11 -23 -15
right_child=1 -3 5 -5 11 -7 7 12 -10 23 -12 14 -14 20 -16 16 -18 -19 -20 -21 21 24 -24 -25 -26 -27
leaf_value=-2.929372464544485e-06 -2.7304566844701286e-06 4.2514994406209907e-06 1.8330818186785799e-06 -3.571498673433186e-06 1.2977465960121701e-06 3.5094038037503564e-07 5.3304637049448723e-07 -1.0247835395164968e-06 1.3003730848893258e-06 1.0695885013938333e-06 3.944635288584703e-06 9.8149209169653155e-07 -3.0209880676693572e-06 -9.1210715210098033e-07 -1.1244301496585429e-06 3.7098038395789806e-06 5.3486224568996011e-07 1.6987379803913426e-06 -8.349566545031985e-07 -1.2425224326499657e-06 -2.4233801276425884e-06 -4.1493048270903759e-07 -2.1555180453312974e-07 -2.3368216253618379e-07 -1.7406189523175031e-06 -1.2947892666914048e-07
leaf_weight=918 502 707 987 900 505 703 645 932 943 594 956 541 609 609 622 511 928 726 663 552 552 555 642 780 507 697
leaf_count=918 502 707 987 900 505 703 645 932 943 594 956 541 609 609 622 511 928 726 663 552 552 555 642 780 507 697
internal_value=2.26243e-08 1.09344e-06 8.62303e-07 -1.29595e-06 3.56817e-07 2.20223e-06 -1.02357e-06 -7.14358e-07 -3.38555e-07 -5.79455e-07 2.87203e-06 8.88041e-07 -1.8137e-06 -7.72087e-07 -1.44776e-07 1.25072e-06 1.67456e-06 2.52953e-06 -1.65176e-06 -2.29597e-06 -1.06039e-06 -1.51831e-06 4.50693e-07 3.29716e-07 -1.04785e-06 -4.94451e-07
internal_weight=18786 10367 9660 8419 7014 2646 7519 6049 4508 2539 1943 4475 1541 3565 1163 3312 2165 1237 1165 1470 2920 1614 1147 1374 1062 1306
internal_count=18786 10367 9660 8419 7014 2646 7519 6049 4508 2539 1943 4475 1541 3565 1163 3312 2165 1237 1165 1470 2920 1614 1147 1374 1062 1306
is_linear=0
shrinkage=0.00469677


Tree=170
num_leaves=29
num_cat=0
split_feature=29 31 29 24 24 4 13 24 20 33 13 31 30 9 20 2 31 24 27 16 16 16 27 17 19 4 14 33
split_gain=0.00119115 0.000326883 0.000234325 0.000183396 0.000158195 0.000132843 0.000112222 0.000107523 9.90047e-05 0.000103664 9.62104e-05 9.11818e-05 6.862e-05 6.58291e-05 6.51863e-05 5.90589e-05 5.86025e-05 5.08565e-05 4.68452e-05 4.59955e-05 4.50462e-05 4.40413e-05 3.90668e-05 3.08643e-05 2.44792e-05 2.34917e-05 1.55413e-05 1.28008e-05
threshold=-0.73845015095217559 -2629.297603976524 -0.98730978877353526 1.8252356769431384 0.53195060630305779 13.500000000000002 -0.37865747754101248 0.91397801490210961 0.8519930101642551 16.500000000000004 -0.51336901667141666 6.9845601055309334 9.4301633703968468e-05 -1.0000000180025095e-35 0.50022549231717561 242.75000000000003 -73.306462438629111 0.80434803263250609 0.049999999999998941 -0.59157557851260312 -0.38329881145433126 -0.40901115189365417 -0.049999999999998927 -0.11391974881649115 0.1173139392833687 69.500000000000014 -1.3220266575529731 13.500000000000002
decision_type=10 10 10 10 10 8 10 10 10 2 10 10 8 2 10 10 8 10 8 10 10 8 8 10 10 10 2 2
left_child=2 4 5 8 19 21 7 16 9 10 12 -10 17 -8 -11 25 -7 -3 -6 -2 -17 -1 -18 -16 26 -12 27 -24
right_child=1 3 -4 -5 18 6 13 -9 11 14 15 -13 -14 -15 23 20 22 -19 -20 -21 -22 -23 24 -25 -26 -27 -28 -29
leaf_value=-2.9156138446813342e-06 -2.541674125717374e-06 9.7317773005007337e-07 -3.5547241622072158e-06 4.2057404268228664e-06 -2.8528537566246189e-08 8.2632165383083261e-07 -2.8581675294216338e-06 1.3678474899320148e-06 1.4269497321412887e-06 -9.6675525938212368e-07 2.1917560504685748e-06 4.1451886695128454e-06 3.6956278324220469e-06 -9.1016865347459445e-07 1.4106756126073715e-07 -9.4013101120578025e-07 -1.9941411644731758e-06 2.7597527918649166e-06 1.6096602161320282e-06 -6.9853860729282155e-07 9.920974990849838e-07 -1.2366865843641435e-06 -9.1032742472298164e-07 1.7344667591696775e-06 2.9242522794286671e-07 8.4391281440102762e-07 -1.3579925370278931e-06 1.4067642659985891e-08
leaf_weight=918 573 805 900 549 881 516 708 691 588 668 661 507 558 833 562 504 570 624 684 624 564 552 844 513 504 502 840 543
leaf_count=918 573 805 900 549 881 516 708 691 588 668 661 507 558 833 562 504 570 624 684 624 564 552 844 513 504 502 840 543
internal_value=2.2518e-08 1.0883e-06 -1.28987e-06 1.59092e-06 -2.95593e-07 -1.01877e-06 -7.11003e-07 -3.36965e-07 1.38746e-06 1.149e-06 1.54715e-06 2.68556e-06 2.2988e-06 -1.80518e-06 1.85467e-07 8.77698e-07 -6.456e-07 1.75334e-06 6.87438e-07 -1.58087e-06 8.02281e-08 -2.28518e-06 -8.75695e-07 9.01484e-07 -6.42247e-07 1.61e-06 -8.5379e-07 -5.4841e-07
internal_weight=18786 10367 8419 7605 2762 7519 6049 4508 7056 5961 4218 1095 1987 1541 1743 2231 3817 1429 1565 1197 1068 1470 3301 1075 2731 1163 2227 1387
internal_count=18786 10367 8419 7605 2762 7519 6049 4508 7056 5961 4218 1095 1987 1541 1743 2231 3817 1429 1565 1197 1068 1470 3301 1075 2731 1163 2227 1387
is_linear=0
shrinkage=0.00469677


Tree=171
num_leaves=30
num_cat=0
split_feature=29 28 24 20 17 24 0 2 2 17 0 30 7 30 22 28 2 10 24 2 15 28 6 16 24 29 17 24 14
split_gain=0.00130599 0.000359806 0.000241996 0.000198344 0.000248486 0.000147768 0.000145161 0.000116172 0.000263462 0.000109144 9.99808e-05 9.78773e-05 8.99556e-05 8.96689e-05 8.94396e-05 8.31141e-05 7.54093e-05 7.39281e-05 6.36573e-05 5.49129e-05 3.91366e-05 3.69042e-05 3.68821e-05 3.11772e-05 2.60562e-05 2.41586e-05 2.47798e-05 1.94672e-05 3.39686e-07
threshold=-0.50000000000000877 4999.5000000000009 0.90483947935815212 0.76444190312611371 -0.10745977890057386 0.93026870185265176 996.50000000000011 229.75000000000003 113.75000000000001 -0.35337304365897149 81.950000000000017 -0.00030758160277738922 1.0000000180025095e-35 -0.00053419242475036288 -0.2262919735378843 -10000.249999999998 371.25000000000006 -1.0000000180025095e-35 0.67744184611438862 40.375000000000007 -0.37432639056802847 501.00000000002495 -0.16595729760137587 -0.43349283822161694 0.64145055002875884 -0.99383098503024259 -0.21974076882274421 0.85248209206933701 -1.4868421052631582
decision_type=10 10 10 10 10 10 10 8 10 8 10 8 2 10 10 10 10 8 10 10 10 10 2 8 10 10 10 10 2
left_child=6 3 16 4 9 22 7 8 13 -2 21 14 -10 -1 -9 28 -3 -7 25 -20 24 27 -6 -24 -11 26 -15 -5 -13
right_child=1 2 -4 10 5 17 -8 11 12 20 -12 15 -14 18 -16 -17 -18 -19 19 -21 -22 -23 23 -25 -26 -27 -28 -29 -30
leaf_value=-2.8730240771513799e-06 -2.7104250366612465e-06 2.892237519325075e-06 5.2575755583351294e-06 1.1558337231199247e-06 1.2024324496040495e-06 1.4907917527621758e-06 -3.7400154355644991e-06 -6.5782015475819393e-07 -2.4445562730622192e-06 -5.4160032374317764e-07 3.4862835780562349e-06 -3.9034730178084802e-07 -5.1217586883148234e-06 -1.4335695790206915e-06 2.0985652543183625e-06 -2.5771868151827251e-06 3.6319205131650369e-07 3.7620444270776111e-06 1.2130200961967551e-06 -7.2758637642857459e-07 -1.2279410086498808e-06 2.319714529195723e-07 -9.2868947060567199e-07 5.8708566592456806e-07 6.8799434342854704e-07 -1.965842522075561e-06 -1.4068181997211247e-07 2.3991285420329894e-06 -5.4220820087051605e-07
leaf_weight=533 516 533 682 567 648 840 531 528 616 718 636 804 503 849 511 580 508 507 505 886 706 503 613 585 808 789 532 545 549
leaf_count=533 516 533 682 567 648 840 531 528 616 718 636 804 503 849 511 580 508 507 505 886 706 503 613 585 808 789 532 545 549
internal_value=-3.39565e-08 1.13195e-06 3.08288e-06 7.21613e-07 2.71752e-07 1.16286e-06 -1.36025e-06 -1.20586e-06 -1.62836e-06 -7.63649e-07 1.9089e-06 -4.64774e-07 -3.64801e-06 -1.07633e-06 6.97791e-07 -1.08968e-06 1.65811e-06 2.3457e-06 -8.07393e-07 -2.30288e-08 -3.13573e-07 1.2877e-06 2.99748e-07 -1.88488e-07 1.09434e-07 -1.31017e-06 -9.35537e-07 1.76521e-06 -4.51992e-07
internal_weight=18631 9915 1723 8192 5941 3193 8716 8185 5213 2748 2251 2972 1119 4094 1039 1933 1041 1347 3561 1391 2232 1615 1846 1198 1526 2170 1381 1112 1353
internal_count=18631 9915 1723 8192 5941 3193 8716 8185 5213 2748 2251 2972 1119 4094 1039 1933 1041 1347 3561 1391 2232 1615 1846 1198 1526 2170 1381 1112 1353
is_linear=0
shrinkage=0.00469677


Tree=172
num_leaves=28
num_cat=0
split_feature=29 28 33 4 27 29 19 2 20 30 5 13 14 11 22 27 8 17 26 27 19 31 22 27 30 22 33
split_gain=0.00129376 0.000356434 0.000300245 0.000247771 0.000215926 0.000184703 0.000155044 0.000146048 0.000119591 0.000118507 8.05092e-05 7.64115e-05 7.66956e-05 7.24169e-05 7.01728e-05 6.67516e-05 6.21049e-05 5.98425e-05 5.39863e-05 5.3204e-05 3.95769e-05 3.68355e-05 3.62843e-05 2.91124e-05 2.32977e-05 1.75321e-05 3.11604e-07
threshold=-0.50000000000000877 4999.5000000000009 8.5000000000000018 44.500000000000007 -1.0000000180025095e-35 -0.98330583801131966 0.13292059429498815 229.75000000000003 0.81816791192619021 0.00015061635175349464 715.11389457711425 -0.71524171137992065 -1.5262303485987692 0.93373829501867389 0.22478504470924224 -0.049999999999998927 -0.31100207750409664 -0.10745977890057386 -0.8509495677320994 -0.049999999999998927 0.034713147933121476 -0.5192441231478121 -0.0029915848395654938 0.050000000000002494 -0.00042333198378491501 -0.34997543170046003 9.5000000000000018
decision_type=10 10 2 8 8 10 10 10 10 10 10 10 2 8 8 10 10 10 10 10 10 10 8 8 8 10 2
left_child=3 4 -3 5 -2 15 8 13 10 14 11 12 -6 19 18 16 -1 25 -8 -5 -17 -19 -22 -15 -21 -13 -25
right_child=1 2 -4 7 6 -7 9 -9 -10 -11 -12 17 -14 23 -16 20 -18 21 -20 24 22 -23 -24 26 -26 -27 -28
leaf_value=-3.5628088537931996e-06 -1.9917588548762846e-06 1.243028751030961e-06 5.1743757326002021e-06 -2.7318956399001771e-06 2.6058223509336049e-06 -4.6462543708953199e-06 -4.0600626504909289e-07 1.4781720031533276e-06 2.0578863915667143e-06 3.729015369849654e-06 -1.3885528551706432e-06 -1.5874960611070263e-06 3.8959078808742442e-07 7.3546342772910001e-07 2.5305421508425834e-06 -2.0818785235277227e-06 -1.4458005048023646e-06 -3.5494325034129674e-07 1.638167138144496e-06 -1.7761411443945937e-06 -8.350716407275221e-08 1.2881732492886001e-06 -1.508659163503839e-06 -6.772722598240302e-07 -5.3164619818019027e-07 -3.4854085873869924e-07 -5.243839519310326e-07
leaf_weight=717 601 923 800 580 569 565 573 660 876 599 636 506 873 502 665 978 533 532 567 558 703 693 897 681 819 502 523
leaf_count=717 601 923 800 580 569 565 573 660 876 599 636 506 873 502 665 978 533 532 567 558 703 693 897 681 819 502 523
internal_value=-3.3797e-08 1.12663e-06 3.0684e-06 -1.35386e-06 7.18224e-07 -2.13943e-06 9.32785e-07 -5.55575e-07 4.75808e-07 1.91877e-06 1.5432e-07 4.2134e-07 1.26412e-06 -9.22025e-07 1.31801e-06 -1.76942e-06 -2.66014e-06 -1.22884e-07 6.10672e-07 -1.53862e-06 -1.33752e-06 5.74564e-07 -8.82504e-07 -2.14697e-07 -1.03598e-06 -9.7051e-07 -6.10888e-07
internal_weight=18631 9915 1723 8716 8192 4393 7591 4323 5187 2404 4311 3675 1442 3663 1805 3828 1250 2233 1140 1957 2578 1225 1600 1706 1377 1008 1204
internal_count=18631 9915 1723 8716 8192 4393 7591 4323 5187 2404 4311 3675 1442 3663 1805 3828 1250 2233 1140 1957 2578 1225 1600 1706 1377 1008 1204
is_linear=0
shrinkage=0.00469677


Tree=173
num_leaves=30
num_cat=0
split_feature=29 28 33 4 27 29 24 1 4 27 31 6 22 11 31 29 26 8 8 11 4 8 14 24 27 11 22 6 33
split_gain=0.00128163 0.000353094 0.000297432 0.000245584 0.000213902 0.00017259 0.000134155 0.00012693 9.45725e-05 9.27008e-05 7.62387e-05 7.37512e-05 6.51588e-05 6.17504e-05 5.47343e-05 5.30519e-05 5.2526e-05 4.99691e-05 4.83421e-05 8.22894e-05 4.55931e-05 4.33889e-05 3.68403e-05 3.14441e-05 3.01248e-05 2.7771e-05 2.26495e-05 1.87548e-05 2.76929e-07
threshold=-0.50000000000000877 4999.5000000000009 8.5000000000000018 52.500000000000007 -1.0000000180025095e-35 -0.98330583801131966 0.85248209206933701 230.25000000000003 93.500000000000014 0.049999999999998941 -151.91637485598406 -0.43248491289078428 -0.010029770374564347 0.89690186478036971 -2.586274765392933 -0.99375392092900527 -0.80928147250204685 -0.6834346662683155 -0.54558563166668217 0.094566518925228479 87.500000000000014 -0.037756428309185054 -1.311389268626111 1.209312233356117 0.074999999999999303 0.32077904228338072 -0.0073738752697295401 -0.021800664086323751 9.5000000000000018
decision_type=10 10 2 8 8 10 10 10 10 10 10 2 8 8 10 10 10 10 10 10 10 10 2 10 8 10 8 2 2
left_child=3 4 -3 5 -2 12 10 13 9 21 18 -12 16 15 17 27 25 -14 19 -6 26 23 -16 -8 -15 -1 -13 -5 -26
right_child=1 2 -4 7 6 -7 8 -9 -10 -11 11 20 14 24 22 -17 -18 -19 -20 -21 -22 -23 -24 -25 28 -27 -28 -29 -30
leaf_value=-9.6245421028821844e-07 -1.9824039719853301e-06 1.2371904822658269e-06 5.1500728330223753e-06 -3.0731980628232271e-07 -7.9823116499069398e-07 -4.4601228212301663e-06 8.0868152502366577e-07 1.571345895971918e-06 3.5098162283922379e-06 2.4543027191466258e-06 2.5220161110014008e-06 3.4041106891587679e-07 -1.9245450625252008e-06 7.6792354164950258e-07 -2.3768186053918877e-06 -2.6598396221955548e-06 -8.3385969290116378e-08 -3.7433855878726611e-06 -1.4814290032400764e-06 1.6222879877482859e-06 -7.0661314521471764e-07 1.7976549211496462e-06 -6.4624971451865381e-07 -6.8025580691593205e-07 -6.6440309469792566e-07 -2.4859490510699788e-06 1.5439179805161183e-06 -1.5401863052496745e-06 -5.1985282976705586e-07
leaf_weight=531 601 923 800 592 780 581 781 571 503 996 506 688 642 503 507 552 733 693 567 514 504 538 584 522 678 525 692 504 520
leaf_count=531 601 923 800 592 780 581 781 571 503 996 506 688 642 503 507 552 733 693 567 514 504 538 584 522 678 525 692 504 520
internal_value=-3.36383e-08 1.12134e-06 3.05399e-06 -1.34751e-06 7.14851e-07 -2.06027e-06 9.28404e-07 -4.75452e-07 1.63282e-06 1.30002e-06 3.74939e-07 9.29973e-07 -1.72946e-06 -8.24438e-07 -2.23095e-06 -1.47238e-06 -1.0494e-06 -2.86873e-06 -3.37848e-07 1.63217e-07 5.02368e-07 6.75516e-07 -1.4505e-06 2.12167e-07 -1.96663e-07 -1.71991e-06 9.43933e-07 -8.74289e-07 -6.01688e-07
internal_weight=18631 9915 1723 8716 8192 4796 7591 3920 3340 2837 4251 2390 4215 3349 2426 1648 1789 1335 1861 1294 1884 1841 1091 1303 1701 1056 1380 1096 1198
internal_count=18631 9915 1723 8716 8192 4796 7591 3920 3340 2837 4251 2390 4215 3349 2426 1648 1789 1335 1861 1294 1884 1841 1091 1303 1701 1056 1380 1096 1198
is_linear=0
shrinkage=0.00469677


Tree=174
num_leaves=27
num_cat=0
split_feature=29 19 23 4 27 29 31 3 20 32 17 4 11 27 3 8 27 20 8 19 11 15 7 27 27 17
split_gain=0.00126962 0.000312143 0.000270466 0.000243333 0.000202931 0.000181327 0.000140987 0.000133413 0.000117026 8.96851e-05 7.83693e-05 7.38377e-05 7.17665e-05 6.60979e-05 6.59464e-05 6.14004e-05 5.37614e-05 5.10526e-05 5.08905e-05 3.918e-05 3.81599e-05 3.61934e-05 3.478e-05 3.11039e-05 1.8066e-05 1.28853e-05
threshold=-0.50000000000000877 0.14657301193609065 -0.65136781487007755 44.500000000000007 -1.0000000180025095e-35 -0.98330583801131966 -972.99020585867527 230.75000000000003 0.50134227231381778 -0.98039215686274461 -0.10745977890057386 21.500000000000004 0.93373829501867389 -0.049999999999998927 81.750000000000014 -0.31100207750409664 -0.049999999999998927 0.50022549231717561 -0.1506829134893842 0.034713147933121476 0.53915180785930372 -0.59824551020627748 -0.014682807181388754 0.050000000000002494 1.0000000180025095e-35 -0.081480631040291254
decision_type=10 10 10 8 8 10 8 10 10 10 10 10 8 10 10 10 10 10 8 10 8 10 2 8 8 10
left_child=3 4 -3 5 -2 13 -6 12 -4 11 21 -8 16 15 -10 -1 -5 18 -12 -15 -19 24 -21 -14 -11 -18
right_child=1 2 8 7 6 -7 9 -9 14 10 17 -13 23 19 -16 -17 25 20 -20 22 -22 -23 -24 -25 -26 -27
leaf_value=-3.5369446516723729e-06 -2.2255545674994072e-06 5.5372221296254358e-06 2.3096478696917366e-07 -2.7110570730512864e-06 -9.2595830148491053e-07 -4.603483787305644e-06 2.9641765439996222e-06 1.4095096825526894e-06 1.6827066055692751e-06 1.0234920077346738e-06 -4.7799804710026872e-07 9.3714814256246517e-07 7.810578821545612e-07 -2.0638978909791184e-06 3.6165516149003425e-06 -1.431977351936164e-06 -6.6251535724004694e-07 2.8499789673833746e-06 1.4978664635671045e-06 -9.9115986445565483e-08 1.1398246476408194e-06 -9.8026441887786267e-07 -1.492192312930602e-06 -6.0556216484090122e-07 -1.687730211416751e-07 -1.605210420381637e-06
leaf_weight=717 525 506 757 580 891 565 858 651 956 583 537 737 507 978 656 533 876 564 619 714 588 598 886 1205 540 504
leaf_count=717 525 506 757 580 891 565 858 651 956 583 537 737 507 978 656 533 876 564 619 714 588 598 886 1205 540 504
internal_value=-3.34804e-08 1.11608e-06 2.42014e-06 -1.34118e-06 5.83517e-07 -2.11967e-06 8.09886e-07 -5.5007e-07 1.75434e-06 1.0849e-06 7.11705e-07 2.02757e-06 -8.97488e-07 -1.75306e-06 2.4697e-06 -2.63941e-06 -1.51116e-06 1.27735e-06 5.79984e-07 -1.32328e-06 1.97712e-06 -4.68563e-08 -8.70553e-07 -1.94902e-07 4.50156e-07 -1.00683e-06
internal_weight=18631 9915 2875 8716 7040 4393 6515 4323 2369 5624 4029 1595 3672 3828 1612 1250 1960 2308 1156 2578 1152 1721 1600 1712 1123 1380
internal_count=18631 9915 2875 8716 7040 4393 6515 4323 2369 5624 4029 1595 3672 3828 1612 1250 1960 2308 1156 2578 1152 1721 1600 1712 1123 1380
is_linear=0
shrinkage=0.00469677


Tree=175
num_leaves=28
num_cat=0
split_feature=30 19 23 32 21 19 23 4 20 15 4 15 8 14 33 0 8 14 14 9 23 31 31 20 4 23 33
split_gain=0.000847241 0.000327851 0.000263438 0.000203678 0.000165057 0.000130891 0.000109391 9.97846e-05 8.02224e-05 6.72675e-05 6.00052e-05 5.88181e-05 6.50264e-05 6.2489e-05 5.81484e-05 7.21599e-05 5.65427e-05 5.60499e-05 5.583e-05 4.80245e-05 2.84149e-05 4.69923e-05 3.28866e-05 2.82038e-05 2.05404e-05 1.45976e-05 3.38535e-06
threshold=-0.00014861293463354895 0.14416123697521988 -0.50698246256710877 0.98039215686274483 -0.23461548811900237 0.034143492055604539 -2.4144336958346453 52.500000000000007 0.50134227231381778 -0.61093394320574512 13.500000000000002 -0.58645313315092584 -0.26795185087600787 -1.4151999316473005 7.5000000000000009 113.75000000000001 -0.34190619312121323 -1.4198991797676008 -1.2730690362269308 -0.1333898848008058 -0.28788371880528979 0.094329001605013715 -35.105392241332417 0.49532288246697226 304.50000000000006 -0.008709752989551232 4.5000000000000009
decision_type=10 10 10 10 10 8 8 10 10 10 10 10 10 2 2 10 10 2 2 2 10 10 10 10 8 10 2
left_child=3 4 -3 5 16 19 -7 14 -4 -10 -6 12 23 -13 -5 -16 -2 -12 -19 -1 -15 22 -22 24 -8 -25 -26
right_child=1 2 8 7 10 6 11 -9 9 -11 17 13 -14 20 15 -17 -18 18 -20 -21 21 -23 -24 25 26 -27 -28
leaf_value=-8.4609561242740478e-07 -1.7373321042671396e-06 5.604623446447104e-06 4.3767184100108498e-07 -1.4728564709287633e-06 2.0826740032060279e-06 1.6694633667684911e-06 -1.4769952191459047e-06 -6.0284276387029086e-07 1.1224981514715483e-06 3.1790968190823182e-06 -5.8327124241665229e-07 -2.1765624074901387e-06 1.3674069583448071e-06 -1.507361550837024e-06 -1.9251134197309514e-06 -4.3172769091543685e-06 1.8046924012258258e-07 1.8668832698039046e-06 -6.9112964664519509e-08 -2.7021428251996674e-06 3.8603604123443868e-08 8.6322133574313805e-07 -1.31560225312164e-06 7.2281843988539662e-07 -6.1412144841138247e-07 -2.099161874529334e-07 -1.2203335884930452e-07
leaf_weight=548 759 508 632 647 926 604 516 808 552 963 587 648 627 549 506 618 613 881 524 701 707 558 898 642 600 874 635
leaf_count=548 759 508 632 647 926 604 516 808 552 963 587 648 627 549 506 618 613 881 524 701 707 558 898 642 600 874 635
internal_value=-3.33232e-08 1.26589e-06 2.56307e-06 -8.05451e-07 4.63087e-07 -4.75475e-07 -2.50982e-07 -1.97066e-06 1.84339e-06 2.42978e-06 1.09481e-06 -4.10892e-07 -1.80226e-08 -8.66189e-07 -2.59469e-06 -3.24041e-06 -8.80448e-07 6.35573e-07 1.14482e-06 -1.88783e-06 -5.53078e-07 -3.10852e-07 -7.19056e-07 -2.83923e-07 -6.89983e-07 1.85059e-07 -3.61132e-07
internal_weight=18631 6945 2655 11686 4290 9107 7858 2579 2147 1515 2918 7254 3894 3360 1771 1124 1372 1992 1405 1249 2712 2163 1605 3267 1751 1516 1235
internal_count=18631 6945 2655 11686 4290 9107 7858 2579 2147 1515 2918 7254 3894 3360 1771 1124 1372 1992 1405 1249 2712 2163 1605 3267 1751 1516 1235
is_linear=0
shrinkage=0.00469677


Tree=176
num_leaves=31
num_cat=0
split_feature=29 19 23 4 31 29 1 32 17 33 22 11 16 31 29 16 31 17 19 13 14 0 12 13 17 31 22 13 6 33
split_gain=0.00124828 0.0003062 0.000265844 0.000239822 0.000196726 0.000168257 0.000124614 0.000116556 0.000140698 7.77353e-05 6.42241e-05 6.03976e-05 5.94068e-05 5.38593e-05 5.24508e-05 4.50776e-05 4.24124e-05 4.22572e-05 4.13474e-05 4.02634e-05 3.64281e-05 2.86512e-05 2.83471e-05 2.80236e-05 2.77442e-05 2.73518e-05 2.42937e-05 2.38982e-05 1.85953e-05 1.10859e-06
threshold=-0.50000000000000877 0.14657301193609065 -0.65136781487007755 52.500000000000007 -972.99020585867527 -0.98330583801131966 230.25000000000003 -0.98039215686274461 -0.10745977890057386 8.5000000000000018 -0.010029770374564347 0.89690186478036971 -0.14767140777378349 -2.586274765392933 -0.99375392092900527 -0.507581631089563 -0.89951094534529652 -0.11213978385638994 0.186300685659087 -0.64037126352003382 -1.311389268626111 147.25000000000003 0.44999999999999934 -0.3323642132240906 -0.2643879483358122 1.2685712142436325 -0.33296482538485511 -0.70498178859827021 -0.021800664086323751 9.5000000000000018
decision_type=10 10 10 8 8 10 10 10 10 2 8 8 10 10 10 10 8 8 10 8 2 10 8 8 8 8 10 10 2 2
left_child=3 4 -3 5 26 10 11 9 24 -6 15 14 18 17 28 21 -10 -12 -4 -18 -15 -1 -13 -21 -9 -20 -2 -26 -5 -24
right_child=1 2 12 6 7 -7 -8 8 16 -11 13 22 -14 20 -16 -17 19 -19 25 23 -22 -23 29 -25 27 -27 -28 -29 -30 -31
leaf_value=-7.9858454208369216e-07 -2.0091713199607323e-06 5.4886150174406985e-06 2.4257676487636986e-06 -2.9540983975591668e-07 6.6714215999492794e-07 -4.4037164091687099e-06 1.5599686893423554e-06 -1.3301056314828007e-06 1.5677593732923878e-07 2.8050361699219056e-06 -3.6011675055335364e-06 7.3744600673704291e-07 3.0595697428530977e-06 -2.3523625355981305e-06 -2.6353685708986942e-06 -6.0625133749428354e-09 2.7290744923037596e-06 -1.9228466277434284e-06 1.5348781611186888e-06 3.6285692581869289e-07 -6.3150077086566338e-07 -2.2701787198540759e-06 -7.1238686512083449e-07 1.7769871839939716e-06 4.1623783885644567e-07 1.5701712636150486e-07 -6.0157786310547524e-07 -8.0506563377885631e-07 -1.5230220708570179e-06 -4.2304984040218079e-07
leaf_weight=554 507 506 527 592 602 581 571 523 554 996 728 507 570 507 552 618 531 607 650 529 584 617 681 744 886 622 580 588 504 513
leaf_count=554 507 506 527 592 602 581 571 523 554 996 728 507 570 507 552 618 531 607 650 529 584 617 681 744 886 622 580 588 504 513
internal_value=-3.31667e-08 1.10669e-06 2.39828e-06 -1.32983e-06 5.79222e-07 -2.03418e-06 -4.68063e-07 9.14724e-07 5.16614e-07 1.99967e-06 -1.70755e-06 -8.1385e-07 1.73819e-06 -2.20543e-06 -1.45466e-06 -1.03238e-06 1.29352e-06 -2.83809e-06 1.3195e-06 1.64259e-06 -1.43124e-06 -1.574e-06 -1.92989e-07 1.18937e-06 -4.0072e-07 8.61139e-07 -1.25814e-06 -7.09352e-08 -8.59963e-07 -5.88102e-07
internal_weight=18631 9915 2875 8716 7040 4796 3920 5953 4355 1598 4215 3349 2369 2426 1648 1789 2358 1335 1799 1804 1091 1171 1701 1273 1997 1272 1087 1474 1096 1194
internal_count=18631 9915 2875 8716 7040 4796 3920 5953 4355 1598 4215 3349 2369 2426 1648 1789 2358 1335 1799 1804 1091 1171 1701 1273 1997 1272 1087 1474 1096 1194
is_linear=0
shrinkage=0.00469677


Tree=177
num_leaves=29
num_cat=0
split_feature=29 24 27 4 29 31 1 19 4 30 17 24 31 6 30 27 24 24 29 13 19 7 16 6 19 27 27 33
split_gain=0.00123658 0.000328393 0.000325718 0.000237648 0.000176947 0.000169973 0.000141134 0.000122073 0.000120764 8.91194e-05 8.95094e-05 7.2994e-05 7.26243e-05 6.84561e-05 8.03094e-05 6.53261e-05 6.63789e-05 5.89046e-05 4.57253e-05 4.55194e-05 3.8562e-05 3.43209e-05 3.14539e-05 2.50299e-05 2.48115e-05 1.94204e-05 1.92244e-05 5.68363e-07
threshold=-0.50000000000000877 0.85248209206933701 0.27499999999999863 44.500000000000007 -0.98330583801131966 -972.99020585867527 230.25000000000003 0.12508578307210122 148.50000000000003 9.4301633703968468e-05 -0.10745977890057386 0.39535071455685161 27.158598923869508 -0.43248491289078428 0.00016671247812272835 -0.049999999999998927 0.45351810414836025 0.95595560671775437 -0.99167364592999652 -0.75169980896158017 0.034713147933121476 -0.014682807181388754 -0.43349283822161694 1.0000000180025095e-35 0.17406252414228759 -0.30000000000000066 0.049999999999998941 9.5000000000000018
decision_type=10 10 10 8 10 10 10 10 10 10 10 10 10 2 8 10 10 8 10 10 10 2 10 2 8 10 10 2
left_child=3 5 9 4 15 11 17 -4 13 10 12 -2 -3 -7 22 16 -1 18 23 -13 -17 -22 -15 -5 -12 27 -24 -19
right_child=1 2 7 6 -6 8 -8 -9 -10 -11 24 19 -14 14 -16 20 -18 25 -20 -21 21 -23 26 -25 -26 -27 -28 -29
leaf_value=-3.9244001910840346e-06 -1.7869696600363918e-06 9.5941619537211985e-07 2.8369826165596996e-06 -5.4629821041943233e-07 -4.5465526868122948e-06 2.6675054136925806e-06 1.4574711256056213e-06 5.9780397888421033e-06 -1.0519854811541251e-06 2.9588194472778707e-06 1.3061869924084915e-06 8.0208571691013105e-07 -1.2525616262131192e-06 6.9348363183500807e-07 -6.8903464129341875e-07 -2.0382625792740003e-06 -1.7192717114420305e-06 -6.7550162402739749e-07 -2.6654742124966715e-06 -9.8720606063977776e-07 -8.8037621308735303e-08 -1.4718883111197733e-06 1.3255908215006461e-06 -1.8127519498897233e-06 2.6928875355068521e-06 5.1452662358184358e-07 2.5809531062729215e-06 -4.681729499781764e-07
leaf_weight=506 827 890 590 899 565 677 660 508 544 595 656 705 518 756 504 978 744 681 510 565 714 886 547 558 503 502 530 513
leaf_count=506 827 890 590 899 565 677 660 508 544 595 656 705 518 756 504 978 744 681 510 565 714 886 547 558 503 502 530 513
internal_value=-3.30109e-08 1.10149e-06 2.08632e-06 -1.32358e-06 -2.09293e-06 3.59593e-07 -5.41768e-07 4.29025e-06 9.84727e-07 1.321e-06 9.41359e-07 -7.01061e-07 1.45611e-07 1.35235e-06 9.71347e-07 -1.73077e-06 -2.61193e-06 -9.02e-07 -1.45506e-06 6.03593e-09 -1.30351e-06 -8.54366e-07 1.4279e-06 -1.03135e-06 1.90804e-06 -2.60552e-07 1.9434e-06 -5.86451e-07
internal_weight=18631 9915 4260 8716 4393 5655 4323 1098 3558 3162 2567 2097 1408 3014 2337 3828 1250 3663 1967 1270 2578 1600 1833 1457 1159 1696 1077 1194
internal_count=18631 9915 4260 8716 4393 5655 4323 1098 3558 3162 2567 2097 1408 3014 2337 3828 1250 3663 1967 1270 2578 1600 1833 1457 1159 1696 1077 1194
is_linear=0
shrinkage=0.00469677


Tree=178
num_leaves=30
num_cat=0
split_feature=29 24 27 4 31 29 1 4 6 30 24 6 30 15 30 5 24 24 25 16 13 31 5 29 13 31 6 0 33
split_gain=0.00122499 0.000325315 0.000322665 0.000235604 0.000168381 0.000165035 0.000122287 0.000119632 0.000106513 8.82842e-05 7.231e-05 6.78145e-05 7.95568e-05 6.56512e-05 6.46441e-05 5.71199e-05 5.89501e-05 5.83654e-05 5.15954e-05 4.59186e-05 4.50929e-05 4.35219e-05 3.0945e-05 3.77841e-05 2.74794e-05 2.07291e-05 1.83883e-05 3.85373e-06 3.08113e-06
threshold=-0.50000000000000877 0.85248209206933701 0.27499999999999863 52.500000000000007 -972.99020585867527 -0.98330583801131966 230.25000000000003 148.50000000000003 0.010512660419214009 9.4301633703968468e-05 0.39535071455685161 -0.43248491289078428 0.00016671247812272835 -0.7630033780134774 -0.00049303475307771417 61.372797724246347 0.56203020573890217 0.1909066229155727 -0.15231626259467815 -0.51572097508143477 -0.75169980896158017 34.771339650097921 81.132177558986015 -0.99750499500249934 -0.61903133346361783 0.36385453765735826 0.1359453611661163 47.57500000000001 9.5000000000000018
decision_type=10 10 10 8 10 10 10 10 2 10 10 2 8 8 10 10 10 10 2 10 10 8 10 10 10 10 2 10 2
left_child=3 4 9 5 10 14 15 11 -4 13 -2 -6 18 -3 -1 16 17 28 -13 22 -12 -15 -16 -24 -23 27 -20 -21 -5
right_child=1 2 8 6 7 -7 -8 -9 -10 -11 20 12 -14 21 19 -17 -18 -19 26 25 -22 24 23 -25 -26 -27 -28 -29 -30
leaf_value=-2.9342195005271842e-06 -1.7785766906026982e-06 2.4603655937432877e-06 5.7330116490044404e-06 -5.9947204256168063e-07 2.6549767621435181e-06 -4.3622355997415557e-06 1.5457964664357385e-06 -1.0470445305035239e-06 2.8071323994456851e-06 2.9449225486944014e-06 7.9831848243550704e-07 2.1603406272240669e-07 -6.8579839996921033e-07 1.4101646902227882e-06 -1.2396815739030446e-06 -2.0462243169781834e-06 7.7475226112875041e-07 -2.0974305064172153e-06 1.4115713818881181e-06 -9.2873318933363728e-07 -9.8256937152970824e-07 6.9502163240745422e-07 -3.3237811986659272e-06 -1.5466353020975264e-06 -6.987300933400962e-07 -7.2087249822519541e-08 2.5385342859190876e-06 -1.5064542394254566e-06 -1.6757939639895001e-07
leaf_weight=758 827 502 549 689 677 581 571 544 549 595 705 549 504 816 846 658 615 613 686 517 565 640 534 522 609 535 598 503 774
leaf_count=758 827 502 549 689 677 581 571 544 549 595 705 549 504 816 846 658 615 613 686 517 565 640 534 522 609 535 598 503 774
internal_value=-3.28559e-08 1.09632e-06 2.07652e-06 -1.31736e-06 3.57904e-07 -2.01549e-06 -4.63213e-07 9.80102e-07 4.2701e-06 1.31479e-06 -6.97768e-07 1.34599e-06 9.66784e-07 9.36937e-07 -1.69201e-06 -8.05756e-07 -5.02426e-07 -8.80797e-07 1.4212e-06 -1.41963e-06 6.00745e-09 5.66577e-07 -1.90909e-06 -2.44534e-06 1.54154e-08 -8.20923e-07 1.93646e-06 -1.21366e-06 -3.71002e-07
internal_weight=18631 9915 4260 8716 5655 4796 3920 3558 1098 3162 2097 3014 2337 2567 4215 3349 2691 2076 1833 3457 1270 2065 1902 1056 1249 1555 1284 1020 1463
internal_count=18631 9915 4260 8716 5655 4796 3920 3558 1098 3162 2097 3014 2337 2567 4215 3349 2691 2076 1833 3457 1270 2065 1902 1056 1249 1555 1284 1020 1463
is_linear=0
shrinkage=0.00469677


Tree=179
num_leaves=28
num_cat=0
split_feature=29 28 33 4 20 17 29 24 1 17 1 10 22 5 24 22 26 13 4 23 13 19 5 8 17 17 33
split_gain=0.00121351 0.000340861 0.000292903 0.000233396 0.00018714 0.000235203 0.000163488 0.000141513 0.000121141 0.000105276 0.000100027 7.28794e-05 6.3441e-05 5.65846e-05 5.83977e-05 6.55688e-05 5.19974e-05 4.50018e-05 4.48034e-05 3.60089e-05 4.16232e-05 2.99536e-05 2.9877e-05 2.63282e-05 3.48403e-05 2.10797e-05 3.18912e-06
threshold=-0.50000000000000877 4999.5000000000009 8.5000000000000018 52.500000000000007 0.76444190312611371 -0.10745977890057386 -0.98330583801131966 0.93026870185265176 230.25000000000003 -0.35337304365897149 81.950000000000017 -1.0000000180025095e-35 -0.010029770374564347 61.372797724246347 0.56203020573890217 0.042762761044114167 -0.80928147250204685 -0.74353903455710235 73.500000000000014 0.17411525466000913 -0.73512542029956907 0.050297070567682976 149.03879229151175 -0.25573449232178885 -0.11213978385638994 -0.28036781860304083 9.5000000000000018
decision_type=10 10 2 8 10 10 10 10 10 8 10 8 8 10 10 8 10 10 10 10 10 10 10 10 8 8 2
left_child=3 4 -3 6 5 9 12 17 13 -2 18 -9 16 14 15 -5 21 -7 25 20 -11 -1 -19 24 -14 -6 -17
right_child=1 2 -4 8 10 7 -8 11 -10 19 -12 -13 23 -15 -16 26 -18 22 -20 -21 -22 -23 -24 -25 -26 -27 -28
leaf_value=-2.4697118719507096e-06 -2.6645026088766323e-06 1.1871254839226173e-06 5.0701053210317757e-06 -2.3059059458753985e-06 1.1555747968452511e-06 1.3799286178302395e-06 -4.3417471398943765e-06 1.4304847683907271e-06 1.5385362230367436e-06 7.6921216384520966e-07 3.4210647510481558e-06 3.6855687640426698e-06 -3.1818686636779337e-06 -2.0366136439142524e-06 7.711134353544647e-07 -6.1718332587472348e-07 -5.1882657586997474e-08 4.0244712660812917e-07 7.4902673883762848e-08 -1.3902565882233974e-06 -6.9673381258812756e-07 -8.8751838757399894e-07 -1.0505197427336756e-06 -1.5571505715973461e-06 -1.7334383735513786e-06 2.4589002672203011e-06 -1.8977604550869217e-07
leaf_weight=529 516 923 800 528 594 566 581 840 571 835 637 507 859 658 615 722 733 740 512 522 875 527 540 928 639 508 826
leaf_count=529 516 923 800 528 594 566 581 840 571 835 637 507 859 658 615 722 733 740 512 522 875 527 540 928 639 508 826
internal_value=-3.27016e-08 1.09117e-06 2.99004e-06 -1.31118e-06 6.91778e-07 2.54808e-07 -2.00603e-06 1.12177e-06 -4.61037e-07 -7.5254e-07 1.84505e-06 2.27931e-06 -1.68406e-06 -8.01972e-07 -5.00066e-07 -8.7666e-07 -1.01302e-06 2.77123e-07 1.22302e-06 -3.10512e-07 1.90741e-08 -1.68015e-06 -2.10497e-07 -2.17889e-06 -2.56404e-06 1.75641e-06 -3.89144e-07
internal_weight=18631 9915 1723 8716 8192 5941 4796 3193 3920 2748 2251 1347 4215 3349 2691 2076 1789 1846 1614 2232 1710 1056 1280 2426 1498 1102 1548
internal_count=18631 9915 1723 8716 8192 5941 4796 3193 3920 2748 2251 1347 4215 3349 2691 2076 1789 1846 1614 2232 1710 1056 1280 2426 1498 1102 1548
is_linear=0
shrinkage=0.00469677


Tree=180
num_leaves=28
num_cat=0
split_feature=32 28 24 4 32 17 0 17 20 3 0 6 23 32 13 4 24 22 4 13 20 20 16 13 4 24 4
split_gain=0.000707156 0.000437868 0.000292182 0.000307828 0.00014884 0.000215426 0.000108079 0.00011148 0.00010561 0.000104779 0.000103934 9.92052e-05 9.26471e-05 0.00011043 6.32483e-05 6.03558e-05 5.41103e-05 4.21399e-05 4.19614e-05 3.78243e-05 3.53247e-05 4.09246e-05 2.95231e-05 2.7796e-05 2.58599e-05 2.29001e-05 1.03424e-05
threshold=-0.81520240802337274 499.74999999993616 0.53195060630305779 187.50000000000003 0.98039215686274483 -0.10745977890057386 996.50000000000011 -0.4535323809060362 0.50022549231717561 80.950000000000017 244.25000000000003 0.49918289431189106 2.0174555110935732 0.99009900990098976 -0.32154790318680704 16.500000000000004 0.93026870185265176 0.15126995811934152 26.500000000000004 -0.46606922599121342 0.50235264306435434 0.49473407104986061 -0.2582100522517306 -0.44211462340935337 41.500000000000007 0.62582748036204405 54.500000000000007
decision_type=8 10 8 10 10 10 10 10 10 10 10 2 10 10 10 10 10 8 10 8 10 10 10 8 10 10 10
left_child=9 2 6 4 5 14 7 -2 -3 22 -11 12 13 20 17 16 -7 -4 -6 -19 21 23 -1 26 -17 -21 -9
right_child=1 8 3 -5 18 15 -8 11 -10 10 -12 -13 -14 -15 -16 24 -18 19 -20 25 -22 -23 -24 -25 -26 -27 -28
leaf_value=6.0530390958046992e-07 -2.9897772525653096e-06 6.7773841830384365e-07 5.1079761588550145e-07 3.4212199839645115e-06 -2.5558734281172452e-06 9.1924083136181914e-07 -3.5418638148026321e-06 -7.711852381179803e-07 3.0585772950465103e-06 4.4055315209043301e-06 1.966052761066942e-06 -2.8847425524765732e-06 1.1006623961315381e-06 -2.8019859016740269e-06 -1.8374510836743275e-06 -3.1929795881319378e-07 3.0818660209783795e-06 -1.650397994914849e-06 -7.8672226137690212e-07 -7.0748033547174095e-07 -1.7109974014008437e-06 6.311080630700923e-07 2.0018048209045051e-06 -1.5735036252418944e-06 1.0909766280726195e-06 3.4519661251464254e-07 1.6061929354404558e-07
leaf_weight=848 715 795 891 517 718 511 505 523 851 628 997 539 525 626 797 539 510 654 503 1351 533 648 551 595 613 688 528
leaf_count=848 715 795 891 517 718 511 505 523 851 628 997 539 525 626 797 539 510 654 503 1351 533 648 551 595 613 688 528
internal_value=1.81146e-08 -3.8306e-07 -6.51948e-07 -8.81431e-08 -3.21503e-07 -4.10103e-08 -1.46684e-06 -1.26655e-06 1.90868e-06 2.09763e-06 2.90884e-06 -9.93772e-07 -7.37546e-07 -1.01704e-06 -6.40721e-07 1.16806e-06 1.99953e-06 -3.74586e-07 -1.82709e-06 -6.67535e-07 -6.21776e-07 -3.68686e-07 1.15534e-06 -7.62307e-07 4.31106e-07 -3.52269e-07 -3.03035e-07
internal_weight=18699 15675 14029 8292 7775 6554 5737 5232 1646 3024 1625 4517 3978 3453 4381 2173 1021 3584 1221 2693 2827 2294 1399 1646 1152 2039 1051
internal_count=18699 15675 14029 8292 7775 6554 5737 5232 1646 3024 1625 4517 3978 3453 4381 2173 1021 3584 1221 2693 2827 2294 1399 1646 1152 2039 1051
is_linear=0
shrinkage=0.00469677


Tree=181
num_leaves=30
num_cat=0
split_feature=29 24 31 29 16 11 24 4 32 4 4 13 11 1 31 16 19 27 14 17 16 15 31 17 31 19 13 31 33
split_gain=0.00121933 0.000299949 0.000224762 0.000194445 0.000146655 0.00011981 0.000119038 0.000115212 9.12594e-05 8.59481e-05 8.17893e-05 7.87867e-05 6.83181e-05 5.82123e-05 5.73342e-05 5.41905e-05 4.93553e-05 4.29963e-05 4.2691e-05 3.87008e-05 3.85666e-05 3.26195e-05 3.18801e-05 4.35713e-05 4.43118e-05 2.50391e-05 2.40587e-05 2.34141e-05 4.67837e-06
threshold=-0.50302846873315932 1.8252356769431384 -972.99020585867527 -0.98944042083173855 -0.67559471086410128 1.1080835170158345 0.63422664517416893 52.500000000000007 -0.99009900990099042 36.500000000000007 65.500000000000014 -0.82160222910936187 0.094566518925228479 275.25000000000006 208.7912392677228 -0.55403382959231506 0.020698277504306185 0.049999999999998941 -1.4706083390293905 -0.21569599539768164 -0.42058331486200862 -0.21472037416740733 61.362535432828373 -0.04006141592353183 -3.5885634845829597 0.10602819628786565 -0.40201951200423275 -2.2860172374880237 3.5000000000000004
decision_type=10 10 10 10 10 10 10 8 10 10 10 10 10 10 10 8 8 8 2 10 10 10 8 10 10 8 10 8 2
left_child=3 2 6 7 10 8 12 16 13 -5 -4 -10 -2 -6 18 19 -1 -8 -13 -9 22 26 23 24 -18 -17 -20 -22 -27
right_child=1 -3 4 9 5 -7 17 15 11 -11 -12 14 -14 -15 -16 25 20 -19 21 -21 27 -23 -24 -25 -26 28 -28 -29 -30
leaf_value=-2.8851516484842033e-06 -2.1466893034034951e-06 4.3358906760328241e-06 9.9151297263901626e-07 -4.1369706261900186e-06 3.7036706959841442e-06 3.7438091114148951e-06 1.0864828938908679e-07 1.3061138124305547e-06 2.7345627334617277e-06 -1.6902941397978368e-06 -1.1925472607276218e-06 6.2488359705874088e-08 -2.0282548824636953e-07 1.6306049190300204e-06 -3.7946636838353361e-07 -1.59712875607893e-06 -2.7329717127524899e-06 1.9368086845618005e-06 1.2939219638163801e-06 -4.5296801704612758e-07 -1.3416791484666457e-06 5.8852114633763528e-07 -2.6810289673064294e-06 -2.8659108246784296e-07 -8.6681871216298472e-07 -7.6784613181748169e-07 2.707250084466321e-06 -3.1626095889007045e-08 -2.580179050979835e-07
leaf_weight=518 687 602 958 671 571 596 611 601 551 600 625 561 951 627 694 594 629 530 505 510 573 505 547 547 507 682 561 634 951
leaf_count=518 687 602 958 671 571 596 611 601 551 600 625 561 951 627 694 594 629 530 505 510 573 505 547 547 507 682 561 634 951
internal_value=1.80295e-08 1.12053e-06 9.17477e-07 -1.28671e-06 1.38008e-06 1.76301e-06 -2.06814e-07 -9.91255e-07 1.50496e-06 -2.982e-06 1.29181e-07 1.10985e-06 -1.01813e-06 2.61871e-06 7.93055e-07 -3.48666e-07 -1.53359e-06 9.57867e-07 1.17475e-06 4.98584e-07 -1.32988e-06 1.57191e-06 -1.69592e-06 -1.37573e-06 -1.90013e-06 -7.71355e-07 2.03774e-06 -6.53576e-07 -4.70961e-07
internal_weight=18699 10135 9533 8564 6754 5171 2779 7293 4575 1271 1583 3377 1638 1198 2826 3338 3955 1141 2132 1111 3437 1571 2230 1683 1136 2227 1066 1207 1633
internal_count=18699 10135 9533 8564 6754 5171 2779 7293 4575 1271 1583 3377 1638 1198 2826 3338 3955 1141 2132 1111 3437 1571 2230 1683 1136 2227 1066 1207 1633
is_linear=0
shrinkage=0.00469677


Tree=182
num_leaves=29
num_cat=0
split_feature=29 24 32 17 29 4 24 20 2 13 22 3 33 22 26 20 20 19 24 8 17 13 2 20 20 13 9 14
split_gain=0.0012079 0.000297138 0.000202861 0.000220728 0.000192623 0.000114132 0.000103774 9.60992e-05 8.9604e-05 8.17719e-05 6.43824e-05 6.97094e-05 7.80535e-05 5.56257e-05 5.28494e-05 5.22526e-05 5.14233e-05 4.88928e-05 4.38856e-05 4.21664e-05 6.4036e-05 4.67988e-05 4.21032e-05 4.14912e-05 3.89464e-05 3.1857e-05 2.34597e-05 4.66915e-06
threshold=-0.50302846873315932 1.8252356769431384 -0.49504950495046857 -0.26163354550815648 -0.98944042083173855 52.500000000000007 0.84713960008626799 0.16282354764832349 130.25000000000003 -0.48552910852013126 -0.03575556569691795 80.950000000000017 8.5000000000000018 -0.52203585087794291 -0.86646380791533484 0.50022549231717561 0.18987349295296316 0.020698277504306185 0.51170836604237124 -0.22579300236684788 -0.10564295043562753 -0.45299818869633185 113.75000000000001 0.50605492284248144 0.48203043915507549 -0.42429109077931343 -0.076099241533595971 -1.3306989063568002
decision_type=10 10 10 10 10 8 10 10 10 8 10 10 2 10 8 10 8 8 10 10 10 10 10 10 8 8 2 2
left_child=4 2 10 13 5 17 9 -6 23 15 11 26 -13 -4 -11 -5 -7 -1 -16 20 22 -21 -19 -8 -18 -26 -2 -27
right_child=1 -3 3 6 7 16 8 -9 -10 14 -12 12 -14 -15 18 -17 24 19 -20 21 -22 -23 -24 -25 25 27 -28 -29
leaf_value=-2.8716007329114018e-06 6.6138269066403839e-07 4.3155259666217001e-06 -2.0768952907999689e-06 2.9005885922516654e-07 -1.8596931156071952e-06 8.2944714149392986e-07 2.4689004799113064e-07 -4.4730747061418678e-06 2.975497613695621e-06 8.8635583162713035e-07 6.3059130194560603e-07 1.9930249321977255e-06 4.3304307605219051e-06 -7.9559185069202606e-08 -1.916979871880439e-06 2.0885252038356967e-06 -1.7617373692731844e-06 -1.5250008100390469e-06 -8.9198287693826602e-08 2.6027210163140323e-07 -6.3747441789843947e-07 -1.5574531743597064e-06 -3.150710718033619e-06 1.96115311472253e-06 5.3794203245321511e-07 -9.2849583591915284e-07 2.0288940742368682e-06 -3.9253552156120009e-07
leaf_weight=518 506 602 787 736 732 658 768 539 759 515 681 721 560 505 531 691 541 723 638 634 780 616 684 524 628 925 611 586
leaf_count=518 506 602 787 736 732 658 768 539 759 515 681 721 560 505 531 691 541 723 638 634 780 616 684 524 628 925 611 586
internal_value=1.79448e-08 1.11526e-06 9.13168e-07 4.39929e-07 -1.28067e-06 -9.866e-07 8.74479e-07 -2.96799e-06 1.69465e-06 3.33752e-07 1.90513e-06 2.26707e-06 3.01487e-06 -1.29623e-06 -3.67192e-07 1.16096e-06 -3.47028e-07 -1.52639e-06 -9.19468e-07 -1.32364e-06 -1.71694e-06 -6.35476e-07 -2.31535e-06 9.42174e-07 -6.35892e-07 -3.51125e-07 1.40944e-06 -7.2066e-07
internal_weight=18699 10135 9533 6454 8564 7293 5162 1271 2051 3111 3079 2398 1281 1292 1684 1427 3338 3955 1169 3437 2187 1250 1407 1292 2680 2139 1117 1511
internal_count=18699 10135 9533 6454 8564 7293 5162 1271 2051 3111 3079 2398 1281 1292 1684 1427 3338 3955 1169 3437 2187 1250 1407 1292 2680 2139 1117 1511
is_linear=0
shrinkage=0.00469677


Tree=183
num_leaves=25
num_cat=0
split_feature=20 24 20 17 4 16 21 24 13 20 21 4 13 20 4 15 3 13 2 16 5 17 17 33
split_gain=0.000664861 0.000368256 0.00024034 0.00020969 0.00020804 0.000177697 0.000150344 0.000142258 0.000130207 0.000102858 8.1636e-05 7.47082e-05 7.01201e-05 6.6568e-05 6.1554e-05 5.63455e-05 5.35414e-05 5.11568e-05 4.6693e-05 4.46144e-05 3.60133e-05 3.35422e-05 2.64231e-05 8.78779e-06
threshold=0.77135405578028537 0.93026870185265176 0.47648383294787405 -0.26163354550815648 59.500000000000007 -0.23959691820136289 -0.10684902582148713 0.81135350218482671 -0.42429109077931343 0.50330413218429049 -0.20217159208470786 54.500000000000007 -0.54469178606349511 0.50022549231717561 78.500000000000014 -0.76755115905241855 276.75000000000006 -0.22135888081544666 40.225000000000009 -0.55778561333606835 78.491896879072087 -0.63411976409807413 -0.10745977890057386 9.5000000000000018
decision_type=10 10 8 10 10 10 10 10 8 10 8 10 8 10 10 10 10 8 10 10 10 10 10 2
left_child=1 2 8 9 6 11 15 -7 10 19 14 -2 13 -5 -1 -3 18 -10 -14 21 -17 23 -22 -4
right_child=5 4 3 12 -6 7 -8 -9 17 -11 -12 -13 16 -15 -16 20 -18 -19 -20 -21 22 -23 -24 -25
leaf_value=-1.4180107572845908e-06 1.6341547668317275e-06 7.8571354571491895e-07 -1.1011160084065222e-06 1.1744500967704859e-07 2.8294749327261024e-06 1.6746106281332303e-06 2.1442360491057829e-06 4.3375236899118685e-06 -4.0306898877044693e-06 -2.5492483063068819e-06 -2.3119527320243803e-06 -4.1275665631802852e-07 -5.2305580724610787e-07 1.9455323687987241e-06 6.7929261429053452e-07 1.0138383029998271e-07 -1.1113302591973151e-06 -2.1767657732885035e-06 1.0035756918330372e-06 -1.8135196116167088e-06 -2.0615204242574053e-06 6.5142989002067409e-07 -5.6324367145739322e-07 -3.5398083859766927e-07
leaf_weight=626 933 720 764 890 890 943 714 834 611 966 797 680 831 868 609 628 912 710 944 649 527 504 512 637
leaf_count=626 933 720 764 890 890 943 714 834 611 966 797 680 831 868 609 628 912 710 944 649 527 504 512 637
internal_value=1.78605e-08 -3.98894e-07 -8.31466e-07 -3.87391e-07 8.2782e-07 1.8999e-06 2.53326e-07 2.92442e-06 -1.88635e-06 -1.24376e-06 -1.14006e-06 7.71208e-07 2.90761e-07 1.02007e-06 -3.83767e-07 -3.12269e-07 -1.86385e-07 -3.03428e-06 2.88835e-07 -7.49971e-07 -7.86522e-07 -3.87621e-07 -1.32323e-06 -7.61436e-07
internal_weight=18699 15309 11318 7965 3991 3390 3101 1777 3353 3520 2032 1613 4445 1758 1235 2387 2687 1321 1775 2554 1667 1905 1039 1401
internal_count=18699 15309 11318 7965 3991 3390 3101 1777 3353 3520 2032 1613 4445 1758 1235 2387 2687 1321 1775 2554 1667 1905 1039 1401
is_linear=0
shrinkage=0.00469677


Tree=184
num_leaves=27
num_cat=0
split_feature=32 24 32 19 17 24 13 0 33 19 0 23 9 17 24 17 13 19 8 4 26 33 4 13 13 33
split_gain=0.000681298 0.000410658 0.000244688 0.000225391 0.000217974 0.000129671 0.000111652 0.000100695 0.000174404 9.33436e-05 8.72231e-05 7.88537e-05 7.4977e-05 0.000117637 7.434e-05 6.95987e-05 4.75121e-05 4.03937e-05 3.91542e-05 3.70887e-05 3.69351e-05 3.60135e-05 3.58432e-05 3.29068e-05 1.79993e-05 4.33312e-06
threshold=-0.81520240802337274 0.93026870185265176 0.98039215686274483 0.14291004399287591 -0.4535323809060362 1.0307908138705726 -0.38706834268620088 80.950000000000017 8.5000000000000018 0.0616984318885073 79.350000000000009 0.069574496155794932 -0.40131584595011066 -0.21974076882274421 0.52505203695725033 -0.034225451064785133 -0.57369051694625117 0.13715138508500399 -0.43898206938111356 45.500000000000007 -0.90161109014432872 15.500000000000002 72.500000000000014 -0.084074747360253471 -0.66135560532791737 5.5000000000000009
decision_type=8 10 10 10 8 10 8 10 2 8 10 10 2 10 10 10 8 8 10 10 10 2 8 8 10 2
left_child=7 2 4 5 -2 -3 12 20 -9 -8 -5 24 -6 19 22 21 -13 18 -15 -14 -1 -7 -11 -16 -4 -24
right_child=1 3 11 10 6 15 9 8 -10 14 -12 16 13 17 23 -17 -18 -19 -20 -21 -22 -23 25 -25 -26 -27
leaf_value=1.4883069359332402e-07 -2.5727754363996949e-06 2.2315854272808674e-06 -2.5650559549008626e-06 1.4748843755802237e-06 1.8019214024016846e-06 -1.8718102876100223e-07 -2.3505116611725212e-06 1.4183435811261601e-06 4.4994441568403788e-06 -1.8116214119581321e-06 4.1506294722512002e-06 -4.3220574145200017e-07 -1.7805720278022258e-06 -7.9446056520695171e-07 1.3799786513327089e-06 8.128525889750327e-07 -2.3340182159802836e-06 1.4015236492620101e-06 8.4329934307734669e-07 -2.1743184798931517e-07 1.7263950096540707e-06 -1.6026708740286235e-06 -8.3087706176805143e-07 -2.2098750196287297e-07 -3.8072353464440547e-06 -3.107543159301455e-07
leaf_weight=525 1001 586 509 572 611 903 715 871 758 761 507 565 741 566 508 916 595 969 747 611 870 707 652 640 521 772
leaf_count=525 1001 586 509 572 611 903 715 871 758 761 507 565 741 566 508 916 595 969 747 611 870 707 652 640 521 772
internal_value=1.77766e-08 -3.75995e-07 -8.35245e-07 8.82416e-07 -5.02443e-07 2.41046e-07 -2.52541e-07 2.05891e-06 2.85205e-06 -8.10622e-07 2.73219e-06 -2.24759e-06 2.79633e-07 2.3675e-08 -4.80272e-07 -2.2072e-07 -1.40773e-06 6.74126e-07 1.37278e-07 -1.07418e-06 1.13271e-06 -8.08786e-07 -9.88716e-07 4.87425e-07 -3.19341e-06 -5.48924e-07
internal_weight=18699 15675 11484 4191 9294 3112 8293 3024 1629 4048 1079 2190 4245 3634 3333 2526 1160 2282 1313 1352 1395 1610 2185 1148 1030 1424
internal_count=18699 15675 11484 4191 9294 3112 8293 3024 1629 4048 1079 2190 4245 3634 3333 2526 1160 2282 1313 1352 1395 1610 2185 1148 1030 1424
is_linear=0
shrinkage=0.00469677


Tree=185
num_leaves=27
num_cat=0
split_feature=29 24 31 29 24 32 26 33 10 19 19 19 24 3 33 31 17 22 29 19 33 3 22 0 0 33
split_gain=0.00118143 0.000292687 0.000217555 0.00019022 0.000116633 8.39839e-05 9.33201e-05 9.09308e-05 7.76106e-05 7.71551e-05 7.699e-05 6.48283e-05 6.2677e-05 5.93459e-05 7.99302e-05 6.10123e-05 5.11018e-05 4.29945e-05 5.95239e-05 4.01209e-05 3.55969e-05 2.59408e-05 2.38875e-05 2.08437e-05 2.87233e-05 8.56696e-06
threshold=-0.50302846873315932 1.8252356769431384 -972.99020585867527 -0.98944042083173855 0.63422664517416893 -0.99009900990099042 -0.62710761680205318 8.5000000000000018 -22.249999999999996 0.11901580676069173 0.53393482892632582 0.018790193677027622 0.50175409314038444 47.175000000000004 5.5000000000000009 2.3880099808610935 -0.19312157548074479 0.073046801645512402 -0.99218142531921116 0.089231340462334219 19.500000000000004 59.150000000000013 -0.084322182477621549 161.25000000000003 33.175000000000004 5.5000000000000009
decision_type=10 10 10 10 10 10 10 2 8 8 8 8 10 10 2 10 10 10 10 8 2 10 8 10 10 2
left_child=3 2 4 8 16 7 10 -4 -1 -5 12 -10 22 15 -15 -14 -2 18 19 21 -6 -13 -7 24 25 -21
right_child=1 -3 5 9 20 6 -8 -9 11 -11 -12 17 13 14 -16 -17 -18 -19 -20 23 -22 -23 -24 -25 -26 -27
leaf_value=5.6285864182541057e-07 -1.8590321607638294e-06 4.2791249773220171e-06 1.3693096251508088e-06 -3.9606092052830099e-06 1.8817373906934295e-06 7.8864849054078224e-07 2.5343860982240402e-06 3.8037192322423077e-06 -2.5667729994557013e-06 -1.6268001027696505e-06 -8.2236892953310518e-07 -8.6469897083542005e-07 1.9254483996040634e-06 6.7993264409251229e-07 2.8451213650184009e-06 -1.702664575185462e-07 -1.9921455209092043e-07 3.1746934597870168e-07 -2.3501078726215133e-06 -7.8999156912584005e-07 2.1110489178326178e-07 -2.0107381338330728e-06 -5.9373602688017688e-07 2.2474722659499842e-07 -1.4112780770705929e-06 -6.7585794815051406e-08
leaf_weight=659 797 602 811 717 504 554 834 581 625 554 550 820 509 607 989 770 841 517 728 615 637 930 549 575 943 881
leaf_count=659 797 602 811 717 504 554 834 581 625 554 550 820 509 607 989 770 841 517 728 615 637 930 549 575 943 881
internal_value=1.76931e-08 1.10292e-06 9.02347e-07 -1.26661e-06 -2.03773e-07 1.35748e-06 1.09061e-06 2.38542e-06 -9.74385e-07 -2.94338e-06 8.24677e-07 -1.12709e-06 1.05241e-06 1.41757e-06 2.02167e-06 6.63733e-07 -1.00685e-06 -9.77347e-07 -1.09924e-06 -9.08088e-07 9.49082e-07 -1.47376e-06 1.00559e-07 -5.79637e-07 -7.69287e-07 -3.64586e-07
internal_weight=18699 10135 9533 8564 2779 6754 5362 1392 7293 1271 4528 6634 3978 2875 1596 1279 1638 6009 5492 4764 1141 1750 1103 3014 2439 1496
internal_count=18699 10135 9533 8564 2779 6754 5362 1392 7293 1271 4528 6634 3978 2875 1596 1279 1638 6009 5492 4764 1141 1750 1103 3014 2439 1496
is_linear=0
shrinkage=0.00469677


Tree=186
num_leaves=29
num_cat=0
split_feature=30 16 32 17 19 32 27 17 4 19 21 8 0 16 30 19 22 15 20 15 17 30 33 22 33 33 4 4
split_gain=0.000678981 0.000288517 0.000217955 0.000174178 0.000143691 0.000133729 0.000130707 0.000110632 9.11651e-05 8.34704e-05 8.06613e-05 7.79359e-05 7.63792e-05 6.33049e-05 5.66193e-05 5.18536e-05 4.81961e-05 4.14167e-05 3.88069e-05 3.63094e-05 3.44841e-05 3.37656e-05 2.59439e-05 1.81867e-05 2.35225e-05 1.76663e-05 1.6234e-05 5.23774e-06
threshold=-0.00012952742967617585 -0.65189786656939563 0.74812967581046286 -0.033805147750708149 0.14416123697521988 -0.90679331222573945 0.32500000000000645 -0.27180020690210677 16.500000000000004 0.13292059429498815 -0.31787891525380069 -0.39673344212944145 113.75000000000001 -0.64260555278059939 -2.4510707611279376e-05 0.098167987625203859 -0.18397452544587004 -0.39887979398029644 0.50134227231381778 -0.21442971128982305 -0.0074319129977668116 6.8942410154027581e-05 4.5000000000000009 0.01762326609941783 22.500000000000004 10.500000000000002 38.500000000000007 13.500000000000002
decision_type=10 10 10 10 10 8 10 8 10 10 8 10 10 10 10 10 10 10 10 10 8 10 2 8 2 2 10 8
left_child=2 9 3 5 14 -1 21 8 -7 18 -4 -10 26 -5 25 19 -16 -17 -2 22 -14 -6 -9 -24 27 -3 -12 -25
right_child=1 4 10 13 6 7 -8 15 11 -11 12 -13 20 -15 16 17 -18 -19 -20 -21 -22 -23 23 24 -26 -27 -28 -29
leaf_value=1.8245308319102627e-06 -1.9110377016785355e-06 9.019106995913416e-07 -4.9888675685707815e-07 3.7949642720804938e-07 1.1875475829510571e-06 -2.7020942626194293e-06 4.4389084096155027e-06 -1.0081985448525987e-06 -1.7773492617588593e-06 9.4524555682944245e-07 -1.9026988778151958e-06 3.4559152642336474e-07 -3.9238233392519284e-06 2.7324906007382857e-06 2.4225026567649165e-06 1.6054400331496237e-06 9.0213072945411849e-07 -2.1086407799654598e-07 -2.1224322429000245e-07 -1.662986323048981e-06 -2.2449313287183975e-06 2.7724835173678638e-06 6.2935804057868084e-07 -3.2805909373406531e-07 5.0320775862881257e-07 -3.3308881891320234e-07 -7.8044132717214734e-07 -9.2691127269455239e-07
leaf_weight=506 614 511 850 503 667 880 706 946 834 710 579 703 547 506 921 510 919 606 574 537 533 534 586 579 541 511 559 727
leaf_count=506 614 511 850 503 667 880 706 946 834 710 579 703 547 506 921 510 919 606 574 537 533 534 586 579 541 511 559 727
internal_value=1.761e-08 1.21994e-06 -6.48605e-07 -2.78781e-07 1.83633e-06 -5.11953e-07 2.8351e-06 -6.70671e-07 -1.49657e-06 -3.28809e-07 -1.72914e-06 -8.06327e-07 -2.20059e-06 1.55952e-06 1.17082e-06 -2.73965e-07 1.66316e-06 6.19137e-07 -1.09027e-06 -5.28494e-07 -3.09529e-06 1.89228e-06 -3.48188e-07 -9.15488e-08 -3.2029e-07 2.84378e-07 -1.35146e-06 -6.61443e-07
internal_weight=18699 6667 12032 8964 4769 7955 1907 7449 2417 1898 3068 1537 2218 1009 2862 5032 1840 1116 1188 3916 1080 1201 3379 2433 1847 1022 1138 1306
internal_count=18699 6667 12032 8964 4769 7955 1907 7449 2417 1898 3068 1537 2218 1009 2862 5032 1840 1116 1188 3916 1080 1201 3379 2433 1847 1022 1138 1306
is_linear=0
shrinkage=0.00469677


Tree=187
num_leaves=29
num_cat=0
split_feature=29 24 16 29 30 24 4 20 24 27 26 6 22 16 9 16 20 29 16 24 24 24 23 20 20 26 20 33
split_gain=0.00116154 0.000289508 0.000192516 0.000187812 0.000169278 0.000114359 0.000110934 9.51429e-05 8.98534e-05 6.87178e-05 6.68408e-05 5.75359e-05 7.08971e-05 5.31999e-05 5.46702e-05 4.6274e-05 6.20756e-05 4.15276e-05 5.34126e-05 4.08304e-05 5.0514e-05 3.10712e-05 3.01219e-05 2.96399e-05 2.36634e-05 1.62013e-05 7.22438e-06 3.66548e-06
threshold=-0.50302846873315932 1.8252356769431384 -0.67150850621324232 -0.98944042083173855 -2.4510707611279376e-05 0.91397801490210961 52.500000000000007 0.16282354764832349 0.52505203695725033 0.074999999999999303 -0.71030686197159854 -0.375594004632471 -0.37055131289876769 -0.55403382959231506 -0.06007165822964796 -0.51572097508143477 0.50022549231717561 -0.99252059785133262 -0.79100643184403407 1.209312233356117 0.95595560671775437 0.50534465310253085 -0.071641058902933694 0.50330413218429049 0.50022549231717561 -0.87900879170614354 0.47648383294787405 4.5000000000000009
decision_type=10 10 10 10 10 10 8 10 10 10 10 2 10 8 2 10 10 10 10 10 10 10 10 10 10 10 10 2
left_child=3 2 8 6 9 11 15 -5 -2 10 21 -6 -13 14 -8 16 17 18 -1 20 23 -4 -23 -10 26 27 -17 -15
right_child=1 -3 4 7 5 -7 13 -9 19 -11 -12 12 -14 25 -16 24 -18 -19 -20 -21 -22 22 -24 -25 -26 -27 -28 -29
leaf_value=1.1539975687503019e-07 -1.2770922805249505e-06 4.2524912395810761e-06 -1.1122909820374429e-06 -1.8192732211856214e-06 2.8703685193571912e-06 3.4631127400696066e-06 -5.5916363937500764e-07 -4.4196176113026106e-06 1.094124087440436e-06 1.6971906925171191e-06 1.6297289786615441e-06 2.4224468470389458e-06 3.071943244644936e-07 -7.6879707594323326e-07 1.5250146539082312e-06 -1.6890874205629772e-06 -3.2869514103232034e-06 -2.567735209115228e-06 -1.9625518817561483e-06 -6.493831206514586e-07 2.0265456040179243e-06 -6.8004575030406534e-07 7.9112190916800443e-07 -4.6154475473583338e-07 -1.3811749730957614e-07 -1.418830011643683e-06 -9.5927019710253002e-07 -3.1932133450034972e-07
leaf_weight=526 942 602 585 732 522 1000 544 539 502 962 564 544 978 702 567 568 570 527 567 546 529 516 758 585 564 593 633 932
leaf_count=526 942 602 585 732 522 1000 544 539 502 962 564 544 978 702 567 568 570 527 567 546 529 516 758 585 564 593 633 932
internal_value=1.75272e-08 1.09358e-06 8.94098e-07 -1.25592e-06 1.35787e-06 2.16156e-06 -9.65549e-07 -2.92204e-06 -6.6461e-08 6.35138e-07 2.13459e-07 1.52478e-06 1.06326e-06 -3.35002e-07 5.04469e-07 -1.49772e-06 -1.95382e-06 -1.48473e-06 -9.62519e-07 4.61005e-07 8.36194e-07 -2.16204e-07 1.95238e-07 2.56866e-07 -9.31776e-07 -7.5381e-07 -1.30446e-06 -5.12446e-07
internal_weight=18699 10135 9533 8564 6429 3044 7293 1271 3104 3385 2423 2044 1522 3338 1111 3955 2190 1620 1093 2162 1616 1859 1274 1087 1765 2227 1201 1634
internal_count=18699 10135 9533 8564 6429 3044 7293 1271 3104 3385 2423 2044 1522 3338 1111 3955 2190 1620 1093 2162 1616 1859 1274 1087 1765 2227 1201 1634
is_linear=0
shrinkage=0.00469677


Tree=188
num_leaves=30
num_cat=0
split_feature=29 24 16 29 30 24 4 20 24 19 26 16 9 21 19 4 4 30 24 24 24 8 21 20 20 19 30 7 14
split_gain=0.00115066 0.000286795 0.000190712 0.000186052 0.000167691 0.000113287 0.000109894 9.42512e-05 8.90113e-05 6.82573e-05 6.81307e-05 5.27014e-05 5.41578e-05 5.15848e-05 4.77289e-05 4.48876e-05 4.43669e-05 4.29802e-05 4.2277e-05 4.04478e-05 5.00406e-05 3.19753e-05 3.81686e-05 3.04247e-05 2.93621e-05 2.47174e-05 2.08096e-05 1.55885e-05 2.49222e-06
threshold=-0.50302846873315932 1.8252356769431384 -0.67150850621324232 -0.98944042083173855 -2.4510707611279376e-05 0.91397801490210961 52.500000000000007 0.16282354764832349 0.52505203695725033 0.070752131890874329 -0.6690056983141256 -0.55403382959231506 -0.06007165822964796 -0.24392526255697997 0.020698277504306185 11.500000000000002 73.500000000000014 -0.00051271474849885637 0.70935555415926743 1.209312233356117 0.95595560671775437 -0.22579300236684788 -0.36756042024073093 0.48422653738713262 0.50330413218429049 0.10602819628786565 -9.4449070628187682e-05 -1.0000000180025095e-35 -1.3306989063568002
decision_type=10 10 10 10 10 10 8 10 10 10 10 8 2 8 8 10 10 10 10 10 10 10 10 10 10 8 8 2 2
left_child=3 2 8 6 10 9 14 -5 -2 -6 13 12 -8 -4 -1 18 -11 -16 -15 20 24 22 -19 -23 -10 -13 -17 -24 -27
right_child=1 -3 4 7 5 -7 11 -9 19 16 -12 25 -14 15 17 26 -18 21 -20 -21 -22 23 27 -25 -26 28 -28 -29 -30
leaf_value=-2.8197904086212635e-06 -1.2710940406011598e-06 4.2325182604445291e-06 -8.3527762424409923e-07 -1.8107285195225879e-06 1.0648221005851809e-07 3.4468472748273271e-06 -5.565373286108543e-07 -4.3988596522600951e-06 1.0889852384268571e-06 2.6496869474891564e-06 2.0562231605533391e-06 -1.5707222131338059e-06 1.5178520181233476e-06 4.03974188639164e-07 -2.4658669363264227e-06 6.7446044610604254e-07 9.6418788465557672e-07 -2.3118838007546275e-06 2.2750269073723346e-06 -6.4633311436510954e-07 2.0170273621093099e-06 -1.1939642205783424e-06 -3.0778137638024625e-07 3.3441852010574876e-07 -4.5937697052935652e-07 -5.9556378420806494e-07 -6.4330924262086182e-07 -1.4686073510698867e-06 -2.1749646402536572e-07
leaf_weight=518 942 602 652 732 552 1000 544 539 502 952 608 594 567 524 572 509 540 694 542 546 529 590 514 560 585 1012 550 507 621
leaf_count=518 942 602 652 732 552 1000 544 539 502 952 608 594 567 524 572 509 540 694 542 546 529 590 514 560 585 1012 550 507 621
internal_value=1.74449e-08 1.08845e-06 8.89899e-07 -1.25002e-06 1.3515e-06 2.15141e-06 -9.61014e-07 -2.90832e-06 -6.61488e-08 1.51762e-06 6.32155e-07 -3.33429e-07 5.02099e-07 3.20355e-07 -1.49068e-06 6.74946e-07 2.03968e-06 -1.29036e-06 1.35533e-06 4.5884e-07 8.32266e-07 -1.05566e-06 -1.46198e-06 -4.49679e-07 2.55659e-07 -7.5027e-07 -9.90212e-09 -8.84248e-07 -4.51812e-07
internal_weight=18699 10135 9533 8564 6429 3044 7293 1271 3104 2044 3385 3338 1111 2777 3955 2125 1492 3437 1066 2162 1616 2865 1715 1150 1087 2227 1059 1021 1633
internal_count=18699 10135 9533 8564 6429 3044 7293 1271 3104 2044 3385 3338 1111 2777 3955 2125 1492 3437 1066 2162 1616 2865 1715 1150 1087 2227 1059 1021 1633
is_linear=0
shrinkage=0.00469677


Tree=189
num_leaves=29
num_cat=0
split_feature=20 8 28 27 4 1 4 27 15 20 17 0 17 1 33 1 20 6 22 26 9 21 22 7 22 4 4 33
split_gain=0.000580558 0.000569781 0.000258852 0.000188546 0.000125172 0.000121542 0.000112582 8.14596e-05 7.10576e-05 0.000109276 8.76448e-05 5.6493e-05 5.60157e-05 5.53272e-05 5.09546e-05 9.622e-05 4.82951e-05 4.60435e-05 4.17174e-05 4.05497e-05 3.66183e-05 3.061e-05 5.72372e-05 2.67127e-05 1.75194e-05 2.31645e-05 1.00838e-05 6.43828e-06
threshold=0.80437561579074768 -0.0090808117003548048 499.99999999998948 -0.049999999999998927 89.500000000000014 998.50000000000011 19.500000000000004 0.099999999999999659 -0.68033613464595322 0.35325786294710881 -0.078928765459662445 258.25000000000006 -0.34507271852430638 58.750000000000007 7.5000000000000009 114.25000000000001 0.50134227231381778 0.1359453611661163 -0.33601731316451555 -0.93720372699833232 -0.15703590498892114 -0.34273721684222413 -0.16753881046811789 0.17061412269108542 -0.81204319543357106 15.500000000000002 4.5000000000000009 4.5000000000000009
decision_type=10 10 10 8 10 10 10 10 8 8 10 10 10 10 2 10 10 2 10 10 2 8 10 2 10 10 8 2
left_child=1 2 3 4 14 8 7 -2 19 18 21 13 -8 -4 -1 -16 -12 -14 -10 -5 -21 22 -11 24 25 26 -23 -28
right_child=6 -3 11 5 -6 -7 12 -9 9 10 16 -13 17 -15 15 -17 -18 -19 -20 20 -22 23 -24 -25 -26 -27 27 -29
leaf_value=-1.3620191890149206e-06 1.9190803073313091e-06 3.5042329570746362e-06 8.291101803190445e-07 -4.5550195097600182e-07 -9.9712372999584877e-08 -2.1496906170693933e-06 -2.225025009495838e-08 4.3475106571595932e-06 -2.3767091581089094e-06 -1.9660049851272062e-06 1.2682054770807094e-07 6.8952593632546803e-08 2.8067266491337153e-06 2.9653953763528906e-06 -1.7494891179150331e-06 -4.2905943073334056e-06 2.0073510449045252e-06 8.5577268610818352e-07 -6.9596063624293405e-07 1.8325458668413161e-06 3.2605181139268886e-07 -1.0382791093987236e-06 7.2409570837051484e-08 7.2815303953953106e-07 -1.1668159493243335e-06 5.8584846655345484e-07 -6.8054447244603183e-07 -6.9793400679526931e-08
leaf_weight=711 611 840 518 678 722 810 525 608 791 733 724 540 545 553 713 610 516 523 554 595 886 551 519 508 584 555 615 1000
leaf_count=711 611 840 518 678 722 810 525 608 791 733 724 540 545 553 713 610 516 523 554 595 886 551 519 508 584 555 615 1000
internal_value=8.94645e-08 -2.59951e-07 -4.70945e-07 -6.85178e-07 -1.7798e-06 -4.01082e-07 2.056e-06 3.13033e-06 -2.56683e-07 -4.69053e-07 -2.09778e-07 1.30766e-06 1.23387e-06 1.93219e-06 -2.37616e-06 -2.92115e-06 9.09391e-07 1.85138e-06 -1.68444e-06 4.95793e-07 9.31317e-07 -4.83776e-07 -1.12098e-06 -2.74541e-07 -4.28672e-07 -2.70234e-07 -4.89606e-07 -3.02391e-07
internal_weight=18638 15826 14986 13375 2756 10619 2812 1219 9809 7650 6305 1611 1593 1071 2034 1323 1240 1068 1345 2159 1481 5065 1252 3813 3305 2721 2166 1615
internal_count=18638 15826 14986 13375 2756 10619 2812 1219 9809 7650 6305 1611 1593 1071 2034 1323 1240 1068 1345 2159 1481 5065 1252 3813 3305 2721 2166 1615
is_linear=0
shrinkage=0.00469677


Tree=190
num_leaves=28
num_cat=0
split_feature=32 8 32 28 25 0 16 12 8 4 4 8 30 33 22 8 15 31 13 26 5 5 13 19 30 7 33
split_gain=0.000582014 0.000586042 0.000246639 0.000152773 0.00012904 0.000125382 0.000118381 0.000116503 0.000102047 0.000102638 9.09927e-05 8.7849e-05 6.43813e-05 9.31008e-05 6.28723e-05 5.29842e-05 4.757e-05 4.60666e-05 4.60626e-05 4.36089e-05 5.23107e-05 4.16992e-05 3.478e-05 3.50077e-05 3.03741e-05 2.22368e-05 2.66842e-06
threshold=-0.66445182724252871 -0.010003463102031864 0.98039215686274483 499.99999999998948 -0.39568166800960797 113.25000000000001 -0.6631487374460282 -0.099999999999996078 -0.50502628926520632 42.500000000000007 13.500000000000002 -0.50502628926520632 -4.0872996535463596e-05 8.5000000000000018 -0.034063181376560468 -0.11196136208971112 -0.37503153851250232 0.094329001605013715 -0.87018652617479975 -0.96064611500275887 27.704732974745333 80.428305843119446 -0.29767657897280714 0.092858269820912165 9.131780966827819e-05 0.015438505952950644 5.5000000000000009
decision_type=8 10 10 10 2 10 8 8 10 10 10 10 8 2 10 8 10 10 10 10 10 10 10 8 10 2 2
left_child=7 2 3 4 8 17 -7 -1 -2 -10 -4 -12 13 -8 15 24 -5 19 -14 20 26 -13 23 -21 -9 -19 -6
right_child=1 -3 10 16 5 6 12 14 9 -11 11 21 18 -15 -16 -17 -18 25 -20 22 -22 -23 -24 -25 -26 -27 -28
leaf_value=4.0015451517331016e-06 -7.1326380631647873e-07 3.3711690456798077e-06 -3.0310635729275596e-06 2.0639331901926023e-06 -6.7291066860604741e-07 -3.0836108832321258e-06 -3.8727244170879136e-07 7.656162034256252e-07 3.7571607238933009e-07 3.0150797758289803e-06 3.1640213046391438e-07 -1.1230640881290756e-06 -9.4282319978498914e-07 -2.5893101099142921e-06 1.6744696067405968e-07 2.9267106274554377e-06 3.0710570919904766e-07 2.1344377632184963e-08 9.2793441607081529e-07 -1.2308744906038701e-06 1.2362774077735486e-06 -2.9275191823680263e-06 -1.9567455900895172e-06 3.8395185789868809e-07 2.2498594186756953e-06 1.394386668993546e-06 -2.6923687060635195e-07
leaf_weight=509 821 912 896 736 594 698 830 772 856 524 573 626 628 865 571 746 632 538 540 681 575 515 547 524 502 504 923
leaf_count=509 821 912 896 736 594 698 830 772 856 524 573 626 628 865 571 746 632 538 540 681 575 515 547 524 502 504 923
internal_value=8.90443e-08 -2.81677e-07 -5.09452e-07 -2.25194e-07 -4.15021e-07 -6.78951e-07 -1.34923e-06 1.94721e-06 5.97876e-07 1.37793e-06 -1.81811e-06 -1.18402e-06 -9.26382e-07 -1.51105e-06 1.54362e-06 1.93261e-06 1.25232e-06 -1.9043e-07 -7.78896e-08 -4.27878e-07 2.99131e-08 -1.93755e-06 -9.74529e-07 -5.28632e-07 1.35049e-06 6.85497e-07 -4.27322e-07
internal_weight=18638 15538 14626 12016 10648 8447 3561 3100 2201 1380 2610 1714 2863 1695 2591 2020 1368 4886 1168 3844 2092 1141 1752 1205 1274 1042 1517
internal_count=18638 15538 14626 12016 10648 8447 3561 3100 2201 1380 2610 1714 2863 1695 2591 2020 1368 4886 1168 3844 2092 1141 1752 1205 1274 1042 1517
is_linear=0
shrinkage=0.00469677


Tree=191
num_leaves=29
num_cat=0
split_feature=29 24 27 0 27 13 0 13 5 13 7 20 17 20 3 19 11 7 32 17 5 19 22 17 13 25 11 33
split_gain=0.000874431 0.000371686 0.000256379 0.000200246 0.000161955 0.000122309 0.000113016 0.000110229 0.000103371 0.000101228 0.000122964 9.78409e-05 8.76511e-05 0.000119885 7.65286e-05 6.66209e-05 6.49967e-05 5.51203e-05 4.72214e-05 6.50395e-05 4.27911e-05 5.92318e-05 5.54963e-05 3.49874e-05 3.35831e-05 2.83689e-05 2.66106e-05 1.62427e-05
threshold=-0.25570550095929118 0.84713960008626799 0.27499999999999863 997.50000000000011 -1.0000000180025095e-35 -0.38706834268620088 113.25000000000001 -0.38706834268620088 258.32414436594655 -0.93543727017017353 -0.011002855512606749 0.49473407104986061 -0.034703991995690971 0.8519930101642551 144.75000000000003 0.091068778735126463 0.69001957193040264 -0.047495199287515132 -0.99009900990099042 -0.030318382416967032 691.46821480299138 0.020106532350974936 -1.7976931348623157e+308 -0.031771160244855434 -0.29095143337338358 -0.074675886173178593 0.38863008629830437 4.5000000000000009
decision_type=10 10 10 10 10 10 10 10 10 8 2 10 10 10 10 10 8 2 10 10 8 10 10 8 8 2 10 2
left_child=3 4 12 5 -2 9 17 -4 -8 -1 14 23 13 15 26 -3 18 -7 -13 24 21 -12 -23 -6 25 -20 -11 -22
right_child=1 2 7 -5 11 6 8 -9 -10 10 20 16 -14 -15 -16 -17 -18 -19 19 -21 27 22 -24 -25 -26 -27 -28 -29
leaf_value=-2.4301454184552184e-06 -2.192309962992339e-06 -4.8622099561357101e-07 5.6080161767260704e-06 -3.8026119403379546e-06 -1.4720024900440357e-06 -1.920358858035145e-06 -4.2941274430765148e-06 2.58481204047282e-06 -1.3658457602776704e-06 -6.6832714417330889e-07 -2.3893831155483249e-06 2.1969761429756832e-06 2.6583431377706354e-06 2.7697808133322219e-06 1.8315756984058193e-06 1.5279459789394961e-06 -5.1950165643310662e-07 -4.4914559904064712e-08 1.6479717488980071e-06 2.2627211056553597e-06 -6.697500865254982e-07 -1.628631816376281e-06 8.9776991525028136e-08 1.9340827206866384e-07 -6.1463795472227224e-07 2.2231756371169243e-07 7.0268020119797768e-07 3.7209586068989533e-07
leaf_weight=507 530 982 546 510 581 575 525 519 539 678 619 767 935 573 786 574 586 867 531 550 594 758 915 534 502 733 579 743
leaf_count=507 530 982 546 510 581 575 525 519 539 678 619 767 935 573 786 574 586 867 531 550 594 758 915 534 502 733 579 743
internal_value=8.86261e-08 1.09251e-06 2.14962e-06 -9.42332e-07 2.71124e-07 -7.74367e-07 -1.64958e-06 4.13477e-06 -2.81075e-06 -4.19403e-07 -2.39664e-07 5.44045e-07 1.45961e-06 9.33141e-07 6.82009e-07 2.56773e-07 9.14327e-07 -7.92774e-07 1.18687e-06 8.52337e-07 -7.58542e-07 -1.14807e-06 -6.88777e-07 -6.74368e-07 4.13071e-07 8.21254e-07 -3.67865e-08 -9.07487e-08
internal_weight=18638 9443 4129 9195 5314 8685 2506 1065 1064 6179 5672 4784 3064 2129 2043 1556 3669 1442 3083 2316 3629 2292 1673 1115 1766 1264 1257 1337
internal_count=18638 9443 4129 9195 5314 8685 2506 1065 1064 6179 5672 4784 3064 2129 2043 1556 3669 1442 3083 2316 3629 2292 1673 1115 1766 1264 1257 1337
is_linear=0
shrinkage=0.00469677


Tree=192
num_leaves=28
num_cat=0
split_feature=29 24 27 4 27 21 29 13 31 17 21 4 4 17 13 22 33 21 24 24 30 21 31 4 15 16 33
split_gain=0.000866236 0.000368202 0.000253976 0.000248224 0.000160437 0.000119662 0.000117808 0.000109196 9.54113e-05 8.96182e-05 7.94626e-05 8.96189e-05 6.97337e-05 6.8137e-05 6.96152e-05 9.82701e-05 6.37404e-05 5.70487e-05 5.24041e-05 4.39227e-05 4.18729e-05 3.82718e-05 3.34479e-05 2.86705e-05 2.09428e-05 3.53388e-05 3.67023e-06
threshold=-0.25570550095929118 0.84713960008626799 0.27499999999999863 52.500000000000007 -1.0000000180025095e-35 -0.092758541843646999 -0.98337525528499892 -0.38706834268620088 -2629.297603976524 -0.034703991995690971 -0.13196034537884352 128.50000000000003 11.500000000000002 -0.27620554156845584 -0.32154790318680704 -0.31143196983343596 12.500000000000002 -0.10812456645259387 0.3106359614371717 0.51170836604237124 2.4425707236263515e-05 -0.35412812090920215 307.87663277086244 18.500000000000004 -0.33499120052273829 -0.43349283822161694 16.500000000000004
decision_type=10 10 10 8 10 10 10 10 8 10 10 10 10 10 8 10 2 8 10 10 10 10 8 10 10 8 2
left_child=3 4 5 6 -2 9 12 -4 -6 23 11 24 21 -14 15 -15 -13 18 -10 -20 22 -1 -19 -3 25 -5 -27
right_child=1 2 7 10 8 -7 -8 -9 17 -11 -12 16 13 14 -16 -17 -18 20 19 -21 -22 -23 -24 -25 -26 26 -28
leaf_value=-3.0862596185023857e-06 -2.1820131698315617e-06 -2.5550976329453493e-07 5.5816765890078596e-06 8.7995667560407288e-07 -7.7972482007233901e-07 2.8437302346135574e-06 -3.4124841499457042e-06 2.5726717848910762e-06 2.7218864864799708e-06 2.4238798065909715e-06 -1.7720133111466344e-06 2.4547235884407519e-06 -2.0614799171291378e-06 -1.0851933151815882e-06 -1.7545122796263562e-06 1.4639671023979394e-06 2.457789357760091e-07 1.6745068708160823e-06 -6.0334922750397604e-08 1.5750398615400936e-06 -7.8497226123312641e-07 -1.4417605942307645e-06 7.4343983063448642e-08 1.0594736485191434e-06 -1.1472055713025985e-06 -6.8030032517369743e-07 -1.9072127145162175e-07
leaf_weight=643 530 957 546 547 963 944 730 519 503 571 566 504 857 698 636 639 673 504 570 994 577 607 673 592 589 994 512
leaf_count=643 530 957 546 547 963 944 730 519 503 571 566 504 857 698 636 639 673 504 570 994 577 607 673 592 589 994 512
internal_value=8.82099e-08 1.08738e-06 2.13953e-06 -9.37906e-07 2.69851e-07 1.45275e-06 -1.67472e-06 4.11535e-06 5.4149e-07 8.33359e-07 -1.29671e-07 1.13726e-07 -1.36379e-06 -9.55682e-07 -4.75347e-07 1.33116e-07 1.19169e-06 8.74482e-07 1.40315e-06 9.79006e-07 2.51457e-07 -2.28772e-06 7.59574e-07 2.47032e-07 -3.66491e-07 -1.4249e-07 -5.13879e-07
internal_weight=18638 9443 4129 9195 5314 3064 4810 1065 4784 2120 4385 3819 4080 2830 1973 1337 1177 3821 2067 1564 1754 1250 1177 1549 2642 2053 1506
internal_count=18638 9443 4129 9195 5314 3064 4810 1065 4784 2120 4385 3819 4080 2830 1973 1337 1177 3821 2067 1564 1754 1250 1177 1549 2642 2053 1506
is_linear=0
shrinkage=0.00469677


Tree=193
num_leaves=28
num_cat=0
split_feature=29 24 27 0 27 21 19 22 31 11 17 12 21 11 31 19 15 19 26 0 0 32 17 7 21 31 33
split_gain=0.000858118 0.000364752 0.000251596 0.000197461 0.000158933 0.000118541 0.000106504 0.000100449 9.45172e-05 9.98203e-05 8.87784e-05 8.74631e-05 6.45233e-05 6.80761e-05 7.94137e-05 6.82754e-05 4.38526e-05 4.17769e-05 4.11088e-05 4.11029e-05 7.45277e-05 4.06948e-05 3.56148e-05 3.02802e-05 2.05751e-05 1.02251e-05 5.18136e-06
threshold=-0.25570550095929118 0.84713960008626799 0.27499999999999863 997.50000000000011 -1.0000000180025095e-35 -0.092758541843646999 0.21240295108939147 0.12892714677848435 -2629.297603976524 0.81767374876582333 -0.034703991995690971 0.049999999999998941 -0.1306316315416112 1.0341098245413434 -112.75104002669734 0.025157762251916734 -0.51200330675748551 0.063227505778256712 -0.93618956594195424 271.25000000000006 58.850000000000001 0.49751243781097182 -0.23795243774837918 0.036956325147622787 -0.23858032453464059 -0.71114046938827624 9.5000000000000018
decision_type=10 10 10 10 10 10 10 8 8 8 10 10 10 10 8 8 10 10 8 10 10 10 10 2 8 8 2
left_child=3 4 5 6 -2 10 11 -4 -6 18 17 12 13 14 -1 -16 -13 -3 -10 20 -20 22 23 25 -23 -17 -27
right_child=1 2 7 -5 8 -7 -8 -9 9 -11 -12 16 -14 -15 15 21 -18 -19 19 -21 -22 24 -24 -25 -26 26 -28
leaf_value=9.6803771864290003e-07 -2.1717647266089107e-06 -4.0477108642161993e-07 2.6247276533238659e-06 -3.7738162327639312e-06 -7.7606262179494742e-07 2.8303738888430059e-06 1.1091442333910412e-06 5.5103483001734951e-06 1.9870489312545422e-07 -9.1684353620749958e-07 2.4124953907974898e-06 -3.139508018041169e-06 -1.9249577155915244e-06 1.0452096899002182e-06 -2.2371677052193366e-06 1.8162943502883158e-07 -1.2844049371789318e-06 1.1602577408747124e-06 1.0049930246538457e-06 6.7311043557723348e-07 3.0305872274500309e-06 -8.1232459809978939e-07 5.6050249355662634e-07 -1.6255908203419443e-06 -2.1337160581614881e-06 -8.2418483281968619e-07 -2.6126959568153194e-07
leaf_weight=566 530 905 522 510 963 944 620 543 715 584 571 511 850 542 710 518 625 644 884 905 733 521 670 556 519 850 627
leaf_count=566 530 905 522 510 963 944 620 543 715 584 571 511 850 542 710 518 625 644 884 905 733 521 670 556 519 850 627
internal_value=8.77955e-08 1.08227e-06 2.12948e-06 -9.33501e-07 2.68584e-07 1.44593e-06 -7.66708e-07 4.09602e-06 5.38947e-07 8.70375e-07 8.29445e-07 -9.1092e-07 -7.12867e-07 -5.43381e-07 -6.98889e-07 -8.88692e-07 -2.1189e-06 2.45871e-07 1.19282e-06 1.47465e-06 1.92323e-06 -6.63991e-07 -4.03161e-07 -6.56272e-07 -1.47178e-06 -3.8611e-07 -5.85245e-07
internal_weight=18638 9443 4129 9195 5314 3064 8685 1065 4784 3821 2120 8065 6929 6079 5537 4971 1136 1549 3237 2522 1617 4261 3221 2551 1040 1995 1477
internal_count=18638 9443 4129 9195 5314 3064 8685 1065 4784 3821 2120 8065 6929 6079 5537 4971 1136 1549 3237 2522 1617 4261 3221 2551 1040 1995 1477
is_linear=0
shrinkage=0.00469677


Tree=194
num_leaves=29
num_cat=0
split_feature=24 20 8 28 1 32 6 27 32 17 15 31 8 19 19 15 17 17 21 21 19 15 4 23 13 5 23 14
split_gain=0.000618623 0.0003408 0.000303451 0.000256216 0.000161117 0.000147531 0.000130529 0.00010471 0.000103385 0.000130531 0.000102475 9.3018e-05 8.40788e-05 7.73393e-05 6.19145e-05 5.96438e-05 7.22463e-05 5.33644e-05 5.30067e-05 4.60426e-05 6.83494e-05 3.1654e-05 4.88806e-05 2.77418e-05 2.73934e-05 2.0861e-05 1.98626e-05 6.84136e-07
threshold=0.85248209206933701 0.84654981935298224 -0.0090808117003548048 500.00000000002484 80.450000000000017 -0.90679331222573945 0.62774648814070722 -1.0000000180025095e-35 0.98039215686274483 -0.45933126560938725 -0.25796834718688338 22.627119222388796 -0.49958299828759839 0.1283885479017938 0.052757760484786913 -0.73833355032403936 -0.10564295043562753 -0.034703991995690971 -0.092758541843646999 -0.33544918211776309 0.038520319904840429 -0.58645313315092584 3.5000000000000004 0.15072656765621598 -0.53508953383819058 79.137849325305254 -0.14012146996559235 -1.3306989063568002
decision_type=10 10 10 10 10 8 2 8 10 8 10 10 8 10 8 8 10 10 10 8 10 10 10 10 10 10 10 2
left_child=3 2 7 5 -3 -1 8 -2 9 -7 13 -12 -10 17 -14 16 -11 26 23 20 -17 22 27 -5 -23 -26 -9 -21
right_child=1 4 -4 18 -6 6 -8 10 12 15 11 -13 14 -15 -16 19 -18 -19 -20 21 -22 24 -24 -25 25 -27 -28 -29
leaf_value=1.3408720812718355e-06 -1.4088243742321345e-06 1.969793868947012e-06 3.2615146672888488e-06 8.2363418429868431e-07 5.5097604695828279e-06 -2.2861227439617797e-06 -3.1123949993505711e-06 -6.8388224407260215e-07 -2.3106176710064645e-07 -3.6014853865637769e-07 7.1962066757921825e-07 -2.0802021181096673e-06 -3.5868998968280268e-06 2.5566726744125946e-06 -1.5689286000291097e-06 -2.6494534654330205e-06 1.9720970330692774e-06 1.7380362516459514e-06 -9.8672584291295292e-08 -3.3420875629199223e-07 -5.1245701173668624e-07 9.2013510437794923e-07 -1.9036380035975089e-06 2.2466462240410127e-06 4.1218466242746285e-07 -8.0538772168812827e-07 5.7897231860684335e-07 -1.3270913130715974e-07
leaf_weight=675 704 605 893 511 534 844 569 504 568 696 540 508 558 617 841 503 506 606 537 933 961 678 532 740 569 683 604 619
leaf_count=675 704 605 893 511 534 844 569 504 568 696 540 508 558 617 841 503 506 606 537 933 961 678 532 740 569 683 604 619
internal_value=8.73832e-08 1.31191e-06 7.8142e-07 -5.10554e-07 3.62947e-06 -7.84733e-07 -9.27359e-07 2.38986e-07 -7.96359e-07 -5.45713e-07 5.8231e-07 -6.37513e-07 -1.75509e-06 1.13075e-06 -2.37383e-06 -3.25812e-07 6.21618e-07 6.17429e-07 1.13557e-06 -5.33706e-07 -1.24671e-06 -2.73649e-07 -6.75032e-07 1.66541e-06 1.59743e-07 -2.52007e-07 4.50294e-09 -2.53864e-07
internal_weight=18638 6115 4976 12523 1139 10735 10060 4083 9491 7524 3379 1048 1967 2331 1399 6680 1202 1714 1788 5478 1464 4014 2084 1251 1930 1252 1108 1552
internal_count=18638 6115 4976 12523 1139 10735 10060 4083 9491 7524 3379 1048 1967 2331 1399 6680 1202 1714 1788 5478 1464 4014 2084 1251 1930 1252 1108 1552
is_linear=0
shrinkage=0.00469677


Tree=195
num_leaves=27
num_cat=0
split_feature=20 19 5 31 20 13 4 4 28 31 22 22 21 20 19 21 30 22 33 31 13 5 4 21 14 4
split_gain=0.000551994 0.000304117 0.000179155 0.00015796 0.000141061 0.000112376 0.000110014 9.65112e-05 8.82419e-05 8.93579e-05 8.77101e-05 7.68758e-05 7.19827e-05 6.73441e-05 6.02427e-05 5.96762e-05 5.64629e-05 5.42889e-05 4.36014e-05 4.0492e-05 3.68634e-05 3.57873e-05 2.95584e-05 3.46752e-05 2.76208e-05 1.30119e-05
threshold=0.80437561579074768 0.13402067017805361 1362.5742725959251 17.28013475621648 0.47648383294787405 -0.38706834268620088 19.500000000000004 78.500000000000014 749.99999999999295 -2.586274765392933 -0.13544321427278461 -0.39567685678904169 -0.29636643876974184 0.50022549231717561 0.16881994964456046 -0.20217159208470786 -3.2216943927863984e-05 0.20100539391829048 4.5000000000000009 -96.898130204991332 -0.75972626690007627 114.16599462365595 38.500000000000007 -0.27059832751594454 -1.440191387559808 2.5000000000000004
decision_type=10 10 10 10 8 8 10 10 10 8 10 10 8 10 10 10 10 8 2 10 10 10 10 8 2 10
left_child=1 2 4 13 5 7 17 20 9 11 -5 12 -6 15 -8 -3 18 -2 -11 -13 -1 -7 23 -20 -25 -26
right_child=6 3 -4 10 8 21 14 -9 -10 16 -12 19 -14 -15 -16 -17 -18 -19 22 -21 -22 -23 -24 24 25 -27
leaf_value=-2.3710258641687163e-06 2.0921669417187548e-06 6.1121618490463417e-07 -2.8828497201927009e-06 1.2017283153527248e-06 -2.8874642118641174e-06 -1.6203439061233132e-06 3.8208378272674638e-07 6.8919498636538029e-07 1.6002961130078407e-06 -8.9660610255411617e-07 3.9083620644162457e-06 4.9512113765683164e-07 -5.8318350695195849e-07 1.2559434257872449e-06 2.2221405978756128e-06 -1.3227145462842392e-06 1.4395794156905321e-06 4.0749936542753018e-06 -1.0393347311195592e-06 -1.0402335733104379e-06 -7.5432170881150637e-07 -3.2302089914619643e-06 1.2049088983824341e-06 1.046347376562825e-06 -5.3321903190583973e-07 3.245025254007014e-07
leaf_weight=519 620 710 713 555 657 619 892 780 601 1093 504 781 549 980 701 698 612 599 572 736 777 600 527 680 751 812
leaf_count=519 620 710 713 555 657 619 892 780 601 1093 504 781 549 980 701 698 612 599 572 736 777 600 527 680 751 812
internal_value=8.69727e-08 -2.53739e-07 -5.97308e-07 9.80091e-07 -4.57618e-07 -1.28081e-06 2.00452e-06 -6.16136e-07 -1.33587e-07 -2.67705e-07 2.4899e-06 -9.53429e-07 -1.83853e-06 3.10525e-07 1.19182e-06 -3.47484e-07 1.02256e-07 3.06653e-06 -8.22784e-08 -2.49762e-07 -1.40178e-06 -2.41276e-06 1.84037e-07 -7.06974e-09 2.56159e-07 -8.75995e-08
internal_weight=18638 15826 12379 3447 11666 3295 2812 2076 8371 7770 1059 2723 1206 2388 1593 1408 5047 1219 4435 1517 1296 1219 3342 2815 2243 1563
internal_count=18638 15826 12379 3447 11666 3295 2812 2076 8371 7770 1059 2723 1206 2388 1593 1408 5047 1219 4435 1517 1296 1219 3342 2815 2243 1563
is_linear=0
shrinkage=0.00469677


Tree=196
num_leaves=27
num_cat=0
split_feature=29 24 27 4 27 29 13 31 19 0 4 13 5 13 16 13 9 5 26 16 27 13 28 28 24 33
split_gain=0.000837904 0.000357535 0.000247628 0.000242682 0.000155931 0.000115985 0.000108239 9.25149e-05 7.7669e-05 6.91083e-05 6.86576e-05 6.15581e-05 6.10112e-05 5.93433e-05 6.59526e-05 6.04756e-05 5.06965e-05 5.4117e-05 4.61081e-05 3.97408e-05 3.95558e-05 3.70966e-05 2.69347e-05 2.66594e-05 2.71753e-05 1.21229e-05
threshold=-0.25570550095929118 0.84713960008626799 0.27499999999999863 52.500000000000007 -1.0000000180025095e-35 -0.98337525528499892 -0.38706834268620088 -2629.297603976524 0.13292059429498815 160.75000000000003 11.500000000000002 -0.6368204016153477 39.51224489563306 -0.32154790318680704 -0.72855085459078783 -0.61903133346361783 0.037005145391337195 271.03405820321188 -0.91927165203796368 -0.70782498675906702 -0.05000000000000248 -0.60896705388156713 499.99999999998948 -0.66666666666660335 0.9393245590397078 1.5000000000000002
decision_type=10 10 10 8 10 10 10 8 10 10 10 8 10 8 10 10 2 10 10 10 8 10 10 8 8 2
left_child=3 4 8 5 -2 10 -4 -6 11 20 18 -3 -13 14 -12 -16 19 -18 -1 -9 -5 -21 -10 -22 -25 -26
right_child=1 2 6 9 7 -7 -8 16 22 -11 13 12 -14 -15 15 -17 17 -19 -20 21 23 -23 -24 24 25 -27
leaf_value=-3.3057153239261176e-06 -2.1535283479060239e-06 2.3302027501913724e-06 5.5169090387689395e-06 -1.465952654589659e-06 -7.6954956104922871e-07 -3.3754378572986591e-06 2.5211247925935097e-06 -5.4568042778507351e-07 3.2635175228294557e-06 1.1059456270018739e-06 1.0046052716314398e-06 1.5562276746397628e-06 -3.4075066872978577e-07 -1.8780564106091864e-06 -1.9930398466792443e-06 -7.5464722141085615e-09 2.1668563106802692e-06 3.3190865355763757e-07 -1.4816001487185451e-06 1.7252982442418391e-06 5.7493858917220604e-07 2.535328805478511e-07 1.7337342694701513e-06 -1.170359390543603e-06 -5.7190493447319695e-07 3.0919175947167745e-07
leaf_weight=533 530 502 546 638 963 730 519 672 502 820 504 634 912 972 667 687 998 550 717 611 770 990 514 743 594 820
leaf_count=533 530 502 546 638 963 730 519 672 502 820 504 634 912 972 667 687 998 550 717 611 770 990 514 743 594 820
internal_value=8.65643e-08 1.06926e-06 2.10605e-06 -9.22632e-07 2.63659e-07 -1.65117e-06 4.05702e-06 5.31456e-07 1.42792e-06 -1.2347e-07 -1.34266e-06 9.01194e-07 4.37161e-07 -9.37712e-07 -4.45759e-07 -9.85654e-07 8.59355e-07 1.51493e-06 -2.25943e-06 4.12872e-07 -4.06263e-07 8.15233e-07 2.48962e-06 -1.7527e-07 -4.43093e-07 -6.092e-08
internal_weight=18638 9443 4129 9195 5314 4810 1065 4784 3064 4385 4080 2048 1546 2830 1858 1354 3821 1548 1250 2273 3565 1601 1016 2927 2157 1414
internal_count=18638 9443 4129 9195 5314 4810 1065 4784 3064 4385 4080 2048 1546 2830 1858 1354 3821 1548 1250 2273 3565 1601 1016 2927 2157 1414
is_linear=0
shrinkage=0.00469677


Tree=197
num_leaves=28
num_cat=0
split_feature=29 24 4 19 1 20 31 29 17 24 4 2 17 13 22 9 22 20 4 30 19 2 31 33 24 22 33
split_gain=0.000830052 0.000354185 0.000240407 0.000225844 0.000266923 0.000145661 0.000144676 0.000114898 0.000101984 6.9413e-05 6.80141e-05 6.75462e-05 6.69952e-05 6.8001e-05 9.71625e-05 5.8327e-05 7.34886e-05 5.15765e-05 3.98532e-05 4.35975e-05 3.84247e-05 4.76799e-05 3.59635e-05 3.38747e-05 2.45109e-05 2.61557e-05 9.43981e-06
threshold=-0.25570550095929118 0.84713960008626799 52.500000000000007 0.13402067017805361 80.950000000000017 0.84706361908572581 -2629.297603976524 -0.98337525528499892 -0.034703991995690971 0.55074370033750131 11.500000000000002 161.25000000000003 -0.27620554156845584 -0.32154790318680704 -0.31143196983343596 0.037005145391337195 -0.062211584420449932 0.50235264306435434 67.500000000000014 6.4422409609302017e-05 0.15758995751542457 62.650000000000013 18.867783373294568 8.5000000000000018 0.56859393065628738 0.18627521416256723 5.5000000000000009
decision_type=10 10 8 10 10 10 10 10 10 10 10 10 10 8 10 2 10 10 10 8 10 10 10 2 10 8 2
left_child=2 6 7 5 -5 8 9 10 22 17 23 20 -12 14 -14 18 -17 -2 19 -8 21 24 -3 -1 25 -4 -27
right_child=1 3 11 4 -6 -7 15 -9 -10 -11 12 -13 13 -15 -16 16 -18 -19 -20 -21 -22 -23 -24 -25 -26 26 -28
leaf_value=-1.3946094282282695e-06 -2.4034577980960387e-06 6.9772534646359155e-07 -1.4662592219630314e-06 1.857825979178326e-06 5.9495198433609458e-06 3.3195361343293638e-06 1.4422345607901453e-06 -3.3595842019978677e-06 2.0904827454646328e-06 3.5277513308338879e-07 -2.029801415966187e-06 1.1244674477387897e-06 -1.0670702310275926e-06 -1.7212616198709366e-06 1.4676826777658413e-06 2.3594877670872755e-06 2.8219559241309677e-07 -4.6390073488880256e-07 -8.3495179030706753e-07 -3.4451768071704729e-07 8.0451144527212786e-07 -1.8638700997562345e-06 -8.4404428428913862e-07 -2.9487970681150271e-06 5.6434879823825144e-07 -6.8100764755959806e-07 7.4681168347427338e-08
leaf_weight=563 611 666 523 827 612 606 751 730 749 781 857 786 698 636 639 933 629 599 507 503 506 537 669 687 540 633 860
leaf_count=563 611 666 523 827 612 606 751 730 749 781 857 786 698 636 639 933 629 599 507 503 506 537 669 687 540 633 860
internal_value=8.61577e-08 1.06424e-06 -9.18298e-07 2.09616e-06 3.59803e-06 1.29274e-06 2.62421e-07 -1.64342e-06 7.03355e-07 -7.3876e-07 -1.33635e-06 -1.2289e-07 -9.33308e-07 -4.57014e-07 1.44354e-07 8.62296e-07 1.52301e-06 -1.44332e-06 2.76229e-07 7.25512e-07 -3.95315e-07 -5.91612e-07 -7.48668e-08 -2.24882e-06 -3.24305e-07 -5.62354e-07 -2.45692e-07
internal_weight=18638 9443 9195 4129 1439 2690 5314 4810 2084 1991 4080 4385 2830 1973 1337 3323 1562 1210 1761 1254 3599 3093 1335 1250 2556 2016 1493
internal_count=18638 9443 9195 4129 1439 2690 5314 4810 2084 1991 4080 4385 2830 1973 1337 3323 1562 1210 1761 1254 3599 3093 1335 1250 2556 2016 1493
is_linear=0
shrinkage=0.00469677


Tree=198
num_leaves=29
num_cat=0
split_feature=28 8 27 1 33 4 25 19 3 31 33 23 1 19 25 33 5 4 23 27 8 21 17 14 5 14 11 14
split_gain=0.000664356 0.000366335 0.000239149 0.000152993 0.000247485 0.000146914 0.000141137 9.36878e-05 8.86222e-05 7.30004e-05 0.000138337 9.61025e-05 8.09586e-05 6.58372e-05 6.31509e-05 6.1871e-05 5.40261e-05 4.77911e-05 4.48033e-05 4.2816e-05 3.33461e-05 2.43128e-05 2.22364e-05 2.109e-05 1.90722e-05 1.67243e-05 2.14189e-05 3.97642e-06
threshold=2.4999999999999294 -0.0090808117003548048 -0.049999999999998927 81.950000000000017 8.5000000000000018 41.500000000000007 -0.39043007557820336 0.12714746618154718 1362.5000000000002 -2.586274765392933 18.500000000000004 -0.22970543393329021 373.25000000000006 0.15912211514585914 -0.21746791476394331 15.500000000000002 33.271026314967266 52.500000000000007 -6.1696926030728028 0.049999999999998941 -0.33930216764956561 -0.41286337494639308 -0.26163354550815648 -1.311389268626111 27.852737173554718 -1.2613209159261793 0.31643451386035926 -1.4706083390293905
decision_type=10 10 8 10 2 10 2 10 10 8 2 10 8 10 2 2 10 10 10 10 8 10 10 2 10 2 10 2
left_child=1 2 5 16 -5 15 7 20 9 10 13 12 -11 21 -7 22 -2 -18 27 24 -4 -8 -1 -23 -13 26 -26 -14
right_child=3 -3 6 4 -6 14 8 -9 -10 11 -12 19 18 -15 -16 -17 17 -19 -20 -21 -22 23 -24 -25 25 -27 -28 -29
leaf_value=-1.537738648104939e-06 1.9249874120104018e-06 2.7478095695945621e-06 -7.5000686458811312e-07 1.1951933440294613e-06 4.7110949517309112e-06 5.0741073820070148e-07 -1.8044569902367973e-06 2.2100986132864337e-06 -2.4202004575080415e-06 -1.9307092221395836e-06 -3.1218577156300639e-06 -5.436663833899457e-07 -8.9626777710580416e-07 9.60221606117076e-07 -1.6712274525620144e-06 -4.1299840812074049e-06 1.118763096473255e-06 -8.027735220968822e-07 9.8472647821607449e-07 1.6640415055101046e-06 6.6752186731700164e-07 -1.2856599393346171e-06 -2.8734840887479436e-06 -1.9360299188836269e-07 7.1349947615128846e-08 -1.896879704317432e-07 1.3316181135736817e-06 -3.5974061076363515e-07
leaf_weight=601 639 751 605 983 802 584 528 673 539 899 570 599 733 502 590 507 611 536 504 524 927 663 507 948 553 643 644 522
leaf_count=601 639 751 605 983 802 584 528 673 539 899 570 599 733 502 590 507 611 536 504 524 927 663 507 948 553 643 644 522
internal_value=-1.95615e-08 -4.49998e-07 -6.17181e-07 1.80246e-06 2.77491e-06 -1.85181e-06 -3.19719e-07 7.49404e-07 -5.71287e-07 -4.58448e-07 -1.02341e-06 -1.35706e-07 -7.84119e-07 -5.70497e-07 -5.87447e-07 -2.7709e-06 8.3054e-07 2.20788e-07 -1.98094e-07 4.4595e-07 1.07706e-07 -9.29756e-07 -2.14898e-06 -6.43055e-07 1.84239e-07 4.21222e-07 7.49417e-07 -6.73133e-07
internal_weight=18687 15116 14365 3571 1785 2789 11576 2205 9371 8832 3211 5621 2658 2641 1174 1615 1786 1147 1759 2963 1532 2139 1108 1611 2439 1840 1197 1255
internal_count=18687 15116 14365 3571 1785 2789 11576 2205 9371 8832 3211 5621 2658 2641 1174 1615 1786 1147 1759 2963 1532 2139 1108 1611 2439 1840 1197 1255
is_linear=0
shrinkage=0.00469677


Tree=199
num_leaves=27
num_cat=0
split_feature=28 24 32 11 1 24 32 31 15 6 19 0 19 0 15 4 23 24 24 22 11 8 4 7 24 22
split_gain=0.00065813 0.000371654 0.000242237 0.000217658 0.000151559 0.000256087 0.000149028 0.000116825 0.000100825 9.7274e-05 9.77366e-05 9.09571e-05 5.51154e-05 5.29993e-05 5.09935e-05 4.63243e-05 3.83943e-05 5.33955e-05 5.31553e-05 5.05401e-05 3.83718e-05 3.58307e-05 2.99107e-05 2.55111e-05 1.67018e-05 1.55805e-05
threshold=2.4999999999999294 0.9661794809604658 -0.54879228150145987 1.2754915221831717 81.950000000000017 0.79805267768976484 0.99709198763887641 -27.07450182009643 -0.78383147083795879 0.62774648814070722 0.12307380632068197 61.050000000000004 0.025736082008505426 33.425000000000004 -0.21107439344039075 52.500000000000007 -0.032750912728124242 0.45799912004602844 0.74199726918973108 0.63917348510502092 0.42764467861671612 -0.77515305120532163 41.500000000000007 -0.043722971857278775 0.34629649719578676 -0.098799130858799156
decision_type=10 10 8 10 10 10 10 10 10 2 10 10 8 10 10 10 8 10 10 8 10 10 8 2 10 8
left_child=1 2 -1 8 13 -6 9 -8 -3 10 12 -10 25 -2 -13 -15 18 21 -14 -19 23 22 -18 -12 -23 -4
right_child=4 3 6 -5 5 -7 7 -9 11 -11 20 14 16 15 -16 -17 17 19 -20 -21 -22 24 -24 -25 -26 -27
leaf_value=1.8083372455315657e-06 1.9093167606484896e-06 1.6488995375766582e-06 -1.416872562488574e-06 3.4988259839081936e-06 1.1856360785328309e-06 4.7697747874701369e-06 -1.2130504222240908e-06 -4.0570164779869491e-06 1.02191800457349e-06 -2.7739163025755439e-06 1.5085021431873578e-06 -1.9701321223364225e-07 -6.466575101537006e-07 1.1071717185472043e-06 -2.0292853403169025e-06 -7.853727587316804e-07 -1.436387542066511e-06 1.124142533058444e-06 -2.6505879863433434e-06 -6.9959430671769063e-07 -7.4313182887849289e-07 -1.9201266184890741e-06 -1.9472875367304979e-07 1.2854986887615936e-07 -8.4168413554584865e-07 -2.5574227565219136e-06
leaf_weight=698 640 936 557 572 1000 785 677 602 856 542 532 848 643 610 554 536 592 651 535 691 565 845 1545 665 507 503
leaf_count=698 640 936 557 572 1000 785 677 602 856 542 532 848 643 610 554 536 592 651 535 691 565 845 1545 665 507 503
internal_value=-1.94696e-08 -4.47884e-07 -8.72107e-07 8.30634e-07 1.79399e-06 2.76187e-06 -1.04775e-06 -2.55168e-06 3.52789e-07 -8.42531e-07 -7.23989e-07 -1.84468e-07 -9.70678e-07 8.26639e-07 -9.21059e-07 2.21973e-07 -7.96484e-07 -6.11083e-07 -1.55679e-06 1.8507e-07 2.65686e-07 -9.17323e-07 -5.38713e-07 7.4189e-07 -1.51574e-06 -1.95813e-06
internal_weight=18687 15116 11350 3766 3571 1785 10652 1279 3194 9373 8831 2258 7069 1786 1402 1146 6009 4831 1178 1342 1762 3489 2137 1197 1352 1060
internal_count=18687 15116 11350 3766 3571 1785 10652 1279 3194 9373 8831 2258 7069 1786 1402 1146 6009 4831 1178 1342 1762 3489 2137 1197 1352 1060
is_linear=0
shrinkage=0.00469677


end of trees

feature_importances:
alpha042=417
volume=347
stock_encoded=295
alpha054=273
alpha083=267
alpha020=265
alpha030=261
alpha033=258
alpha005=219
alpha038=210
vwap=194
alpha013=184
open=182
alpha060=159
alpha101=157
alpha053=155
alpha018=154
alpha015=153
alpha050=153
alpha051=151
alpha041=150
alpha040=142
high=126
alpha011=110
alpha016=100
alpha002=76
close=74
low=73
alpha044=47
alpha006=45
alpha003=33
alpha007=29
alpha012=16

parameters:
[boosting: gbdt]
[objective: regression]
[metric: l2]
[tree_learner: serial]
[device_type: cpu]
[data_sample_strategy: bagging]
[data: ]
[valid: ]
[num_iterations: 200]
[learning_rate: 0.00469677]
[num_leaves: 113]
[num_threads: 0]
[seed: 0]
[deterministic: 0]
[force_col_wise: 0]
[force_row_wise: 0]
[histogram_pool_size: -1]
[max_depth: -1]
[min_data_in_leaf: 502]
[min_sum_hessian_in_leaf: 0.001]
[bagging_fraction: 0.702709]
[pos_bagging_fraction: 1]
[neg_bagging_fraction: 1]
[bagging_freq: 9]
[bagging_seed: 3]
[bagging_by_query: 0]
[feature_fraction: 0.643669]
[feature_fraction_bynode: 1]
[feature_fraction_seed: 2]
[extra_trees: 0]
[extra_seed: 6]
[early_stopping_round: 0]
[early_stopping_min_delta: 0]
[first_metric_only: 0]
[max_delta_step: 0]
[lambda_l1: 7.10514e-06]
[lambda_l2: 1.31116e-07]
[linear_lambda: 0]
[min_gain_to_split: 0]
[drop_rate: 0.1]
[max_drop: 50]
[skip_drop: 0.5]
[xgboost_dart_mode: 0]
[uniform_drop: 0]
[drop_seed: 4]
[top_rate: 0.2]
[other_rate: 0.1]
[min_data_per_group: 100]
[max_cat_threshold: 32]
[cat_l2: 10]
[cat_smooth: 10]
[max_cat_to_onehot: 4]
[top_k: 20]
[monotone_constraints: ]
[monotone_constraints_method: basic]
[monotone_penalty: 0]
[feature_contri: ]
[forcedsplits_filename: ]
[refit_decay_rate: 0.9]
[cegb_tradeoff: 1]
[cegb_penalty_split: 0]
[cegb_penalty_feature_lazy: ]
[cegb_penalty_feature_coupled: ]
[path_smooth: 0]
[interaction_constraints: ]
[verbosity: -1]
[saved_feature_importance_type: 0]
[use_quantized_grad: 0]
[num_grad_quant_bins: 4]
[quant_train_renew_leaf: 0]
[stochastic_rounding: 1]
[linear_tree: 0]
[max_bin: 255]
[max_bin_by_feature: ]
[min_data_in_bin: 3]
[bin_construct_sample_cnt: 200000]
[data_random_seed: 1]
[is_enable_sparse: 1]
[enable_bundle: 1]
[use_missing: 1]
[zero_as_missing: 0]
[feature_pre_filter: 1]
[pre_partition: 0]
[two_round: 0]
[header: 0]
[label_column: ]
[weight_column: ]
[group_column: ]
[ignore_column: ]
[categorical_feature: ]
[forcedbins_filename: ]
[precise_float_parser: 0]
[parser_config_file: ]
[objective_seed: 5]
[num_class: 1]
[is_unbalance: 0]
[scale_pos_weight: 1]
[sigmoid: 1]
[boost_from_average: 1]
[reg_sqrt: 0]
[alpha: 0.9]
[fair_c: 1]
[poisson_max_delta_step: 0.7]
[tweedie_variance_power: 1.5]
[lambdarank_truncation_level: 30]
[lambdarank_norm: 1]
[label_gain: ]
[lambdarank_position_bias_regularization: 0]
[eval_at: ]
[multi_error_top_k: 1]
[auc_mu_weights: ]
[num_machines: 1]
[local_listen_port: 12400]
[time_out: 120]
[machine_list_filename: ]
[machines: ]
[gpu_platform_id: -1]
[gpu_device_id: -1]
[gpu_use_dp: 0]
[num_gpu: 1]

end of parameters

pandas_categorical:[]
