tree
version=v4
num_class=1
num_tree_per_iteration=1
label_index=0
max_feature_idx=55
objective=regression
feature_names=volume vwap alpha002 alpha003 alpha005 alpha006 alpha007 alpha011 alpha012 alpha013 alpha015 alpha016 alpha018 alpha020 alpha027 alpha030 alpha033 alpha038 alpha040 alpha041 alpha042 alpha044 alpha050 alpha051 alpha053 alpha054 alpha060 alpha083 alpha101 stock_encoded day_encoded time_encoded close_10min close_20min open_10min open_20min past_ret_1 past_ret_2 past_ret_3 past_ret_4 past_ret_5 past_ret_6 past_ret_7 past_ret_8 past_ret_9 past_ret_10 BOP CCI MFI STOCHRSI slowK slowD NATR ADX DI_diff OBV
feature_infos=[0:12619] [24.874450733369851:2393.3433133732533] [-0.99639490147829601:0.989856786446349] [-1.000000000000191:1.0000000000001041] [-1:-1.4133077053536095e-05] [-1.0000000000221472:1.0000000000077218] [-60:60] [4.320774282751469e-05:2] [-15:20] [-1:-0.0038167938931297708] [-2.988721804511278:-0.037593984962405902] [-1:-0.0038167938931297708] [-1:-0.0038167938931297708] [-1:-5.3735634114067321e-08] none [0:0.99619771863117867] [0.0037593984962406013:1] [-0.9715485211082181:-8.7768058277990686e-05] [-inf:inf] [-49.389956184698349:19.797101449275488] [0.0037593984962406013:266] [-1.0000000000050202:1.0000000000006541] [-1:-0.034351145038167941] [-20:15] [-200000:100001] [-1:0] [-0.013940643600982438:0.0076654542249543671] [-inf:inf] [-0.9999333377774815:0.9999333377774815] [0:24] [16:19] [0:265] none [0:1] [0:1] [0:1] [-0.0095389507154213238:0.0097799511002445438] [-0.012618296529968376:0.011673151750972721] [-0.013513513513513487:0.011811023622047223] [-0.015180265654648917:0.013806706114398493] [-0.016731016731016735:0.013806706114398493] [-0.017142857142857126:0.015810276679841806] [-0.017142857142857126:0.016830294530154388] [-0.018975332068311146:0.018232819074333717] [-0.019047619047619091:0.018232819074333717] [-0.019305019305019266:0.019305019305019266] [-1:1] [-333.33333333428078:333.33333333428078] [-1.2764117881401976e-10:100.00000000007752] [0:100.00000000000001] [-3.8132460152458708e-13:100.00000000000119] [-1.5513516397428855e-12:100.00000000000125] [0.00020922012720942282:0.6040492590192893] [1.9703310345090252:99.999999985006596] [-99.851819385980932:99.703766005408042] [-12206:217655]
tree_sizes=1912 2027 1926 1933 1929 1932 1941 1945 1918 2031 1936 2039 2031 1839 1931 2038 2029 1739 1738 2037 1936 1928 1931 1917 2039 2126 1839 2129 1736 1626 1834 2043 1933 2036 2038 2141 2148 1834 2046 2033 2048 2045 1929 1833 1930 1928 1930 2141 1934 1938 1939 1929 1942 2042 1947 1834 1827 1836 1833 1828 2024 2037 1833 2030 2037 2044 2029 1836 1936 2026 1948 1949 1948 1930 1925 1941 2025 2031 2031 1943 1830 1949 1941 2117 1951 1940 1947 2035 1936 1841 1938 1940 2119

Tree=0
num_leaves=18
num_cat=0
split_feature=20 20 20 16 49 26 36 31 19 19 17 16 16 54 19 55 19
split_gain=0.00768201 0.00217706 0.00184795 0.00158201 0.00107935 0.000527879 0.00043957 0.000426994 0.000407628 0.000324764 0.000321197 0.000248085 0.000244324 0.000136181 0.000105083 8.79229e-05 6.82032e-05
threshold=1.0997237569060776 14.455555555555557 0.1260686883449032 0.53853383458646631 55.735493808674711 -0.0080634027248859246 0.0018001814764404547 99.500000000000014 -0.0052772606477393671 0.03578893547578766 -0.20659503817910532 0.52537593984962416 0.51597744360902265 1.1480372526883411 0.12858018487483494 20887.000000000004 0.014625994343511197
decision_type=2 2 2 2 2 10 2 2 2 2 8 2 2 2 2 2 2
left_child=2 3 7 5 11 -2 12 -1 -5 10 -7 16 13 15 -13 -6 -4
right_child=1 -3 4 8 6 9 -8 -9 -10 -11 -12 14 -14 -15 -16 -17 -18
leaf_value=5.9457070204630477e-07 2.6239154674044484e-05 6.8931155934493855e-05 2.7522937495183404e-05 4.7153801985241096e-05 1.5958108916225823e-05 3.2048928693942395e-05 1.2091708767165042e-05 1.6956047305672415e-05 5.9882096598447306e-05 4.9446711175423992e-05 4.2964271793553095e-05 3.5102055956347314e-05 3.2859150943498984e-05 2.7545593542637187e-05 4.3167000166018351e-05 2.3685950181283495e-05 3.3616736580279963e-05
leaf_weight=1005 1175 1325 1183 1832 1036 1833 1094 1257 1697 1047 1946 1084 1127 1295 1183 1026 1409
leaf_count=1005 1175 1325 1183 1832 1036 1833 1094 1257 1697 1047 1946 1084 1127 1295 1183 1026 1409
internal_value=3.48992e-05 4.64574e-05 2.50193e-05 4.33328e-05 2.83424e-05 3.74864e-05 2.27262e-05 9.68669e-06 5.32745e-05 4.02248e-05 3.76698e-05 3.47896e-05 2.53207e-05 2.279e-05 3.93106e-05 1.98033e-05 3.08355e-05
internal_weight=23554 10855 12699 9530 10437 6001 5578 2262 3529 4826 3779 4859 4484 3357 2267 2062 2592
internal_count=23554 10855 12699 9530 10437 6001 5578 2262 3529 4826 3779 4859 4484 3357 2267 2062 2592
is_linear=0
shrinkage=1


Tree=1
num_leaves=19
num_cat=0
split_feature=20 20 20 26 49 52 19 19 31 20 49 17 19 28 19 16 20 31
split_gain=0.00739721 0.00209635 0.00177944 0.001536 0.00103934 0.000852096 0.000456636 0.000453988 0.000411164 0.000296031 0.000290461 0.000275425 0.000252008 0.00025027 0.000130275 0.000118477 0.000108523 8.76067e-05
threshold=1.0997237569060776 14.455555555555557 0.1260686883449032 -0.0035230735136087669 55.735493808674711 0.29462694579954096 0.0014741874814081515 0.019665043742746139 99.500000000000014 2.2419017763845352 50.001449457178623 -0.085751221438811018 0.036748927727460419 -0.49912680835374101 0.018928543174792981 0.4953007518796993 0.495432932932933 122.50000000000001
decision_type=2 2 2 10 2 2 2 2 2 2 2 10 2 2 2 2 2 2
left_child=2 3 8 7 13 12 11 10 -1 -8 -2 -5 17 -4 -15 -14 -16 -6
right_child=1 -3 4 6 5 -7 9 -9 -10 -11 -12 -13 15 14 16 -17 -18 -19
leaf_value=-3.3645145312539291e-05 3.2834343040700569e-06 3.3412738506214418e-05 6.6733063876276909e-06 4.800396297474614e-06 -9.247787649654251e-06 -2.6518577600495996e-05 1.5337285059147588e-05 1.1382519652293105e-05 -1.7589821282456434e-05 2.9401499863475409e-05 -7.6855736610744828e-06 1.6170875551524703e-05 -8.1461237506589389e-06 -7.1165808416393668e-06 -4.0535573602321725e-06 8.4606363489120237e-08 4.5277490677473161e-06 -1.7076559561858868e-05
leaf_weight=1005 1485 1325 1374 1460 994 1120 1107 996 1257 995 1962 1525 1292 1421 1030 1164 1034 1008
leaf_count=1005 1485 1325 1374 1460 994 1120 1107 996 1257 995 1962 1525 1292 1421 1030 1164 1034 1008
internal_value=1.75905e-08 1.13595e-05 -9.67741e-06 8.29337e-06 -6.41656e-06 -1.19277e-05 1.53139e-05 2.55187e-07 -2.47232e-05 2.19947e-05 -2.96002e-06 1.06094e-05 -8.26195e-06 -8.99377e-08 -2.75642e-06 -4.24524e-06 2.4541e-07 -1.31895e-05
internal_weight=23554 10855 12699 9530 10437 5578 5087 4443 2262 2102 3447 2985 4458 4859 3485 2456 2064 2002
internal_count=23554 10855 12699 9530 10437 5578 5087 4443 2262 2102 3447 2985 4458 4859 3485 2456 2064 2002
is_linear=0
shrinkage=0.0187118


Tree=2
num_leaves=18
num_cat=0
split_feature=25 4 52 16 4 13 16 52 4 27 25 31 31 4 52 4 31
split_gain=0.00580593 0.00242141 0.00156634 0.000980059 0.000753673 0.000434931 0.000414213 0.000281 0.00027031 0.000303626 0.000201145 0.000188102 0.000170378 0.000146407 0.000129278 8.28183e-05 5.04841e-05
threshold=-0.66666666666665864 -0.29443439425631746 0.30213559502178183 0.53853383458646631 -0.71448357736446366 -0.057046723133862172 0.78853383458646631 0.27988993496199205 -0.71448357736446366 -35.623842844161594 -0.99246423505913917 126.50000000000001 100.50000000000001 -0.10487449827576457 0.20039329487206228 -0.10753505003109276 198.50000000000003
decision_type=2 2 2 2 2 10 2 2 2 10 2 2 2 2 2 2 2
left_child=2 4 8 5 -2 15 11 13 -1 -10 12 -6 -11 -5 -7 -3 -14
right_child=1 3 -4 7 6 14 -8 -9 9 10 -12 -13 16 -15 -16 -17 -18
leaf_value=-1.6077653634897251e-05 -1.3893828023879393e-05 -1.9486919378995511e-06 -2.8000966899424228e-05 1.2424122369595917e-05 2.5421819720635387e-06 9.5313697259690473e-06 1.0918646668293146e-05 2.8765772453837961e-05 1.3991546195306711e-06 -1.711567792876658e-07 -1.4759674877652291e-05 -6.8146100509550548e-06 -1.1693886338664609e-05 2.073726488243534e-05 1.8111597376445772e-05 5.1819038940757089e-06 -6.0389736146730552e-06
leaf_weight=1222 1449 1096 1701 1253 1553 1521 1224 1000 1348 1098 1354 1459 1239 1818 1032 1189 998
leaf_count=1222 1449 1096 1701 1253 1553 1521 1224 1000 1348 1098 1354 1459 1239 1818 1032 1189 998
internal_value=1.72613e-08 7.29651e-06 -1.18391e-05 1.33851e-05 -2.2449e-06 7.692e-06 1.73983e-06 2.01507e-05 -8.05193e-06 -6.42738e-06 -8.67736e-06 -1.99021e-06 -6.20796e-06 1.73454e-05 1.29998e-05 1.76171e-06 -9.17104e-06
internal_weight=23554 14594 8960 8909 5685 4838 4236 4071 7259 6037 4689 3012 3335 3071 2553 2285 2237
internal_count=23554 14594 8960 8909 5685 4838 4236 4071 7259 6037 4689 3012 3335 3071 2553 2285 2237
is_linear=0
shrinkage=0.0187118


Tree=3
num_leaves=18
num_cat=0
split_feature=20 20 25 20 25 27 1 17 31 19 25 20 17 20 19 19 20
split_gain=0.00693942 0.00199737 0.00170563 0.00167233 0.00114542 0.000744236 0.000417145 0.000414109 0.000381892 0.000373578 0.000332571 0.00032576 0.000318623 0.000176967 0.00019214 0.000171312 8.29849e-05
threshold=1.0997237569060776 14.455555555555557 -0.66266026223292496 0.12055224790211432 -0.50352856925817868 67.290244736730884 48.771039752975597 -0.30510736959129331 101.50000000000001 -0.055114505246352856 -0.99193552599956447 2.2419017763845352 -0.20659503817910532 0.48586238140923149 0.018226436240633252 0.040779818288488208 2.9569842738205372
decision_type=2 2 2 2 2 8 2 10 2 2 2 2 10 2 2 2 2
left_child=3 2 9 8 10 6 -4 -6 -1 -2 15 -8 -7 -9 -15 -5 -14
right_child=1 -3 5 4 7 12 11 13 -10 -11 -12 -13 16 14 -16 -17 -18
leaf_value=-3.2814030242925177e-05 -1.0547348468613827e-05 3.2528608815004037e-05 1.1192085536557352e-05 -1.4486181069551813e-05 -9.2331244855368668e-06 -2.2389846327544203e-06 1.653873414996503e-05 -2.4391649940878654e-06 -1.7075393448770334e-05 4.055090564575351e-06 -2.0580932272712492e-05 3.0933370583789455e-05 6.6580440484937873e-06 -6.5255763366326476e-07 9.7037184592911245e-06 -6.1080716488152519e-06 1.4214253582687178e-05
leaf_weight=1000 1597 1325 1631 1531 1435 1068 1110 1623 1173 996 1413 1092 1033 1066 1524 1934 1003
leaf_count=1000 1597 1325 1631 1531 1435 1068 1110 1623 1173 996 1413 1092 1033 1066 1524 1934 1003
internal_value=1.69383e-08 1.10023e-05 8.00941e-06 -9.37327e-06 -6.28802e-06 1.28492e-05 1.83646e-05 -5.51604e-07 -2.43182e-05 -4.93839e-06 -1.29299e-05 2.36772e-05 6.03847e-06 2.40543e-06 5.44125e-06 -9.80992e-06 1.03805e-05
internal_weight=23554 10855 9530 12699 10526 6937 3833 5648 2173 2593 4878 2202 3104 4213 2590 3465 2036
internal_count=23554 10855 9530 12699 10526 6937 3833 5648 2173 2593 4878 2202 3104 4213 2590 3465 2036
is_linear=0
shrinkage=0.0187118


Tree=4
num_leaves=18
num_cat=0
split_feature=20 20 25 20 25 52 27 1 17 19 17 20 52 19 19 20 52
split_gain=0.00668215 0.00192332 0.00164239 0.00161088 0.00110223 0.00075102 0.000717741 0.000399117 0.000390998 0.000359728 0.000328383 0.000311694 0.000276247 0.000198275 0.000167621 0.000186431 0.000125731
threshold=1.0997237569060776 14.455555555555557 -0.66266026223292496 0.1260686883449032 -0.50352856925817868 0.30898654311297541 50.980596489855053 48.771039752975597 -0.30510736959129331 -0.055114505246352856 -0.20659503817910532 2.2419017763845352 0.18015889627939699 0.062914533438679157 0.018928543174792981 0.48586238140923149 0.16214729664444807
decision_type=2 2 2 2 2 2 8 2 10 2 10 2 2 2 2 2 2
left_child=3 2 9 12 5 13 7 -4 -6 -2 -8 -9 -1 -5 -10 -16 -12
right_child=1 -3 6 4 8 -7 10 11 14 -11 16 -13 -14 -15 15 -17 -18
leaf_value=-1.7443081566955476e-05 -1.0349988292138104e-05 3.1919939589883413e-05 1.1264939752728008e-05 -1.3064449971043022e-05 -8.94839089330015e-06 -2.6907403706117494e-05 -2.1371638381388045e-06 1.6530608022500379e-05 -2.6029216095356095e-06 3.9792123506293837e-06 6.271237226910305e-06 3.1049958142778023e-05 -3.0557533464008e-05 -4.5269392250589316e-06 -3.4599426706263418e-07 9.5693296829093694e-06 1.5298135208679351e-05
leaf_weight=1215 1597 1325 1599 1920 1417 1020 1093 1047 1495 996 1171 1024 1047 1890 1185 1510 1003
leaf_count=1215 1597 1325 1599 1920 1417 1020 1093 1047 1495 996 1171 1024 1047 1890 1185 1510 1003
internal_value=1.66214e-08 1.07964e-05 7.85954e-06 -9.19788e-06 -6.09531e-06 -1.2647e-05 1.26088e-05 1.82876e-05 -4.51499e-07 -4.84598e-06 6.22949e-06 2.37097e-05 -2.35133e-05 -8.82931e-06 2.42203e-06 5.20953e-06 1.04359e-05
internal_weight=23554 10855 9530 12699 10437 4830 6937 3670 5607 2593 3267 2071 2262 3810 4190 2695 2174
internal_count=23554 10855 9530 12699 10437 4830 6937 3670 5607 2593 3267 2071 2262 3810 4190 2695 2174
is_linear=0
shrinkage=0.0187118


Tree=5
num_leaves=18
num_cat=0
split_feature=20 20 25 20 25 52 19 17 17 31 19 52 20 19 20 16 17
split_gain=0.00643442 0.00185202 0.0015815 0.00155199 0.00106209 0.000708572 0.000695826 0.000512433 0.000383998 0.000364577 0.000346391 0.000261979 0.000250864 0.00018602 0.000165706 0.000183312 7.33128e-05
threshold=1.0997237569060776 14.455555555555557 -0.66266026223292496 0.12055224790211432 -0.50352856925817868 0.30898654311297541 0.019665043742746139 -0.20659503817910532 -0.30510736959129331 101.50000000000001 -0.055114505246352856 0.21350029365703074 2.1368092691622107 0.062914533438679157 0.48586238140923149 0.5413533834586467 -0.06405422603200607
decision_type=2 2 2 2 2 2 2 10 10 2 2 2 2 2 2 2 10
left_child=3 2 10 9 5 13 7 -4 -6 -1 -2 16 -8 -5 -10 -16 -9
right_child=1 -3 6 4 8 -7 12 11 14 -11 -12 -13 -14 -15 15 -17 -18
leaf_value=-3.1723936950442912e-05 -1.0156321150452813e-05 3.1322659866923251e-05 -1.4651762187560113e-06 -1.2851123051386544e-05 -8.8897243647346432e-06 -2.6216746241399591e-05 1.5135322962459778e-05 5.8082729583823561e-06 -2.3702055472990629e-06 -1.6346227218123957e-05 3.904753942785692e-06 2.0253156999471984e-05 2.7810989153283858e-05 -4.620628259879379e-06 5.6133143068931828e-07 1.0534675127518356e-05 1.2360029069040212e-05
leaf_weight=1000 1597 1325 1339 1932 1435 1032 1165 1287 1623 1173 996 999 1030 1914 1371 1219 1117
leaf_count=1000 1597 1325 1339 1932 1435 1032 1165 1287 1623 1173 996 999 1030 1914 1371 1219 1117
internal_value=1.63104e-08 1.05944e-05 7.71248e-06 -9.02577e-06 -6.0536e-06 -1.24494e-05 1.23728e-05 8.34088e-06 -5.29788e-07 -2.34229e-05 -4.75531e-06 1.21993e-05 2.10834e-05 -8.75514e-06 2.31771e-06 5.25535e-06 8.8525e-06
internal_weight=23554 10855 9530 12699 10526 4878 6937 4742 5648 2173 2593 3403 2195 3846 4213 2590 2404
internal_count=23554 10855 9530 12699 10526 4878 6937 4742 5648 2173 2593 3403 2195 3846 4213 2590 2404
is_linear=0
shrinkage=0.0187118


Tree=6
num_leaves=18
num_cat=0
split_feature=25 4 25 16 4 13 46 4 27 36 4 1 16 4 13 4 4
split_gain=0.00499979 0.00206731 0.000989786 0.000883133 0.00064489 0.00038693 0.000383126 0.000376211 0.000336631 0.000253203 0.000174095 0.000163004 0.000102889 9.97216e-05 9.39021e-05 8.71437e-05 7.21305e-05
threshold=-0.66666666666665864 -0.29443439425631746 -0.98479114933179546 0.53853383458646631 -0.71448357736446366 -0.057046723133862172 -0.49999999999999106 -0.77343970829328945 -43.098500458599325 -0.0018034279767131787 -0.078954434959579392 114.0596403647058 0.46334586466165417 -0.1121247668042286 -0.060549876743889237 -0.034414042625360387 -0.10753505003109276
decision_type=2 2 2 2 2 10 2 2 10 2 2 2 2 2 10 2 2
left_child=2 4 7 5 -2 16 -6 -1 -9 -5 11 12 -10 -11 -8 -7 -3
right_child=1 3 -4 9 6 15 14 8 10 13 -12 -13 -14 -15 -16 -17 -18
leaf_value=-1.8972606136425571e-05 -1.2820661411471695e-05 -2.0636095699636168e-06 -2.7250609703637219e-05 2.6531698282427093e-05 9.7016892091838112e-06 8.9692493151809829e-06 -4.8549445540306917e-06 1.3605150107920876e-06 -1.1873825911416033e-05 1.184985416666114e-05 -3.4317507458557123e-06 -1.6138604840372499e-05 -4.3683719065050586e-06 1.8821799126125293e-05 2.2091165430683133e-06 1.5943706712232981e-05 4.5909945563512721e-06
leaf_weight=1060 1449 1096 1143 1091 1388 1444 1813 1354 1324 1208 1414 1428 1237 1772 1035 1109 1189
leaf_count=1060 1449 1096 1143 1091 1388 1444 1813 1354 1324 1208 1414 1428 1237 1772 1035 1109 1189
internal_value=1.60052e-08 6.77102e-06 -1.09865e-05 1.23968e-05 -2.04517e-06 6.99259e-06 1.64079e-06 -8.6084e-06 -6.98252e-06 1.88192e-05 -9.0733e-06 -1.10731e-05 -8.24858e-06 1.59956e-05 -2.28777e-06 1.19989e-05 1.39911e-06
internal_weight=23554 14594 8960 8909 5685 4838 4236 7817 6757 4071 5403 3989 2561 2980 2848 2553 2285
internal_count=23554 14594 8960 8909 5685 4838 4236 7817 6757 4071 5403 3989 2561 2980 2848 2553 2285
is_linear=0
shrinkage=0.0187118


Tree=7
num_leaves=18
num_cat=0
split_feature=25 4 36 25 4 4 17 28 27 1 27 25 4 19 19 4 4
split_gain=0.00482916 0.00200362 0.000793185 0.000668887 0.000612834 0.000444231 0.000412624 0.000353715 0.00029995 0.000195549 0.000147726 0.000119966 0.000116374 0.000117683 0.000113591 0.000110446 3.03402e-05
threshold=-0.50336020902389966 -0.29443439425631746 -0.0018083182640144522 -0.98479114933179546 -0.68829498558426139 -0.77343970829328945 -0.1592478277405576 -0.49751243781095406 -43.098500458599325 80.814673596890017 611.64490330877231 -0.99382336429909313 -0.011493724913788228 -0.032580591024997212 0.04361651913038856 -0.20181327378596867 -0.24236107185256373
decision_type=2 2 2 2 2 2 10 2 10 2 10 2 2 2 2 2 2
left_child=3 4 -3 5 -2 -1 10 -6 -7 11 -4 16 13 -8 -9 -11 -10
right_child=1 2 6 -5 7 8 12 14 9 15 -12 -13 -14 -15 -16 -17 -18
leaf_value=-1.9805662713673338e-05 -1.1813770963378894e-05 2.4717643454369069e-05 8.0326016384603719e-06 -2.2506846289668848e-05 1.0265912883289441e-05 1.1079531470304074e-06 8.2285396596160141e-06 -5.8110715750725679e-06 -5.3367160114679034e-06 -1.6744750544318109e-05 -4.7823175115102821e-07 -1.0890836739042388e-05 1.8916561602854576e-05 1.5311276475865432e-05 1.8185634041227836e-06 -8.5042991603312868e-06 -8.5642539439077089e-07
leaf_weight=1047 1593 1505 1643 1398 1229 1371 1663 1305 1066 1206 1263 1033 1037 1623 1434 1079 1051
leaf_count=1047 1593 1505 1643 1398 1229 1371 1663 1305 1066 1206 1263 1033 1037 1623 1434 1079 1051
internal_value=-4.77998e-08 6.76923e-06 1.23591e-05 -1.05817e-05 -2.0101e-06 -8.45882e-06 9.78618e-06 1.9257e-06 -6.71328e-06 -8.68622e-06 4.33364e-06 -5.66326e-06 1.34515e-05 1.17268e-05 -1.81658e-06 -1.28535e-05 -3.11244e-06
internal_weight=23546 14295 8734 9251 5561 7853 7229 3968 6806 5435 2906 3150 4323 3286 2739 2285 2117
internal_count=23546 14295 8734 9251 5561 7853 7229 3968 6806 5435 2906 3150 4323 3286 2739 2285 2117
is_linear=0
shrinkage=0.0187118


Tree=8
num_leaves=18
num_cat=0
split_feature=20 20 20 25 25 27 17 1 1 51 1 17 1 20 16 27 27
split_gain=0.00578941 0.00185694 0.00155909 0.00138447 0.000992353 0.000607439 0.000395874 0.000355693 0.000307536 0.000249064 0.000248385 0.000238341 0.000227622 0.000182626 0.000177673 0.0001211 7.11847e-05
threshold=1.0997237569060776 14.455555555555557 0.12055224790211432 -0.50309213770020811 -0.50301931929395438 67.290244736730884 -0.30510736959129331 82.6324042935412 82.6324042935412 66.666666666666188 82.318141283958823 -0.084076314326672688 158.38370984399054 0.48586238140923149 0.5413533834586467 -11.214402531352977 1.3841205860388983
decision_type=2 2 2 2 2 8 10 2 2 2 2 10 2 2 2 8 10
left_child=2 3 10 9 8 7 -6 16 15 -2 -1 -7 -10 -8 -15 -4 -5
right_child=1 -3 4 5 6 11 13 -9 12 -11 -12 -13 -14 14 -16 -17 -18
leaf_value=-1.6244962851410323e-05 -8.5244846483360219e-06 3.0715528692558272e-05 -2.5789437383567411e-06 1.5064922693606768e-05 -8.7428761671652386e-06 1.560738092598215e-06 -2.2836511499160602e-06 2.3288054036291885e-05 -2.33544731296322e-05 3.121765468349908e-06 -2.895181086393485e-05 1.2483942609323589e-05 -1.1614299073716494e-05 1.1822232330820787e-06 1.1045764828270131e-05 -1.0760219943810549e-05 8.1366649109067102e-06
leaf_weight=1004 1700 1331 1102 1042 1429 1955 1606 1631 1007 1034 1162 1089 1358 1378 1193 1490 1035
leaf_count=1004 1700 1331 1102 1042 1429 1955 1606 1631 1007 1034 1162 1089 1358 1378 1193 1490 1035
internal_value=-4.69053e-08 1.00182e-05 -8.60015e-06 7.11411e-06 -5.6347e-06 1.16629e-05 -2.416e-07 1.67481e-05 -1.17339e-05 -4.11987e-06 -2.30618e-05 5.46855e-06 -1.66132e-05 2.66678e-06 5.75912e-06 -7.28192e-06 1.16125e-05
internal_weight=23546 10817 12729 9486 10563 6752 5606 3708 4957 2734 2166 3044 2365 4177 2571 2592 2077
internal_count=23546 10817 12729 9486 10563 6752 5606 3708 4957 2734 2166 3044 2365 4177 2571 2592 2077
is_linear=0
shrinkage=0.0187118


Tree=9
num_leaves=19
num_cat=0
split_feature=20 20 20 25 25 52 27 1 17 31 31 17 19 20 19 0 19 47
split_gain=0.00557478 0.00179405 0.00150129 0.00133949 0.000955563 0.000682234 0.000570801 0.000389633 0.000381198 0.000354774 0.000303183 0.000252025 0.000201228 0.000175856 0.000203104 0.000108867 9.69865e-05 6.80323e-05
threshold=1.0997237569060776 18.017241379310349 0.12055224790211432 -0.66210828455976933 -0.50301931929395438 0.31407658132525668 67.290244736730884 82.6324042935412 -0.30510736959129331 101.50000000000001 142.50000000000003 -0.084076314326672688 0.019665043742746139 0.48586238140923149 0.11833879549232408 38.500000000000007 -0.0052772606477393671 -37.037037037008083
decision_type=2 2 2 2 2 2 8 2 10 2 2 10 2 2 2 2 2 2
left_child=2 3 9 10 5 12 7 16 -6 -1 -2 17 -4 -10 -15 -14 -5 -8
right_child=1 -3 4 6 8 -7 11 -9 13 -11 -12 -13 15 14 -16 -17 -18 -19
leaf_value=-3.0853376287783014e-05 2.4124825353755994e-06 3.297480399689029e-05 -1.3016957933115942e-05 7.0728630829106241e-06 -8.5792811110317306e-06 -2.5366537776021831e-05 5.1460192836624502e-06 2.320930186748897e-05 -2.2409200008012658e-06 -1.5656143001981341e-05 -1.0168276084645798e-05 1.264474007139997e-05 -8.7429764953197346e-06 1.1859963531408478e-06 1.1845647503358117e-05 -6.0446306169662482e-07 1.4928008098015355e-05 -1.7185961022434813e-06
leaf_weight=994 1329 1058 1654 1036 1429 995 1015 1676 1606 1172 1354 1168 1095 1494 1077 1213 1174 1007
leaf_count=994 1329 1058 1654 1036 1429 995 1015 1676 1606 1172 1354 1168 1095 1494 1077 1213 1174 1007
internal_value=-4.60277e-08 9.83074e-06 -8.43922e-06 7.32163e-06 -5.52926e-06 -1.15143e-05 1.15904e-05 1.64055e-05 -2.37079e-07 -2.26303e-05 -3.93651e-06 5.72465e-06 -8.03554e-06 2.61688e-06 5.65136e-06 -4.46567e-06 1.12457e-05 1.72729e-06
internal_weight=23546 10817 12729 9759 10563 4957 7076 3886 5606 2166 2683 3190 3962 4177 2571 2308 2210 2022
internal_count=23546 10817 12729 9759 10563 4957 7076 3886 5606 2166 2683 3190 3962 4177 2571 2308 2210 2022
is_linear=0
shrinkage=0.0187118


Tree=10
num_leaves=18
num_cat=0
split_feature=25 4 52 16 4 16 13 4 31 36 51 31 52 25 4 4 31
split_gain=0.00431607 0.00178374 0.00135364 0.000781006 0.000542817 0.000322719 0.000306005 0.000276048 0.000287226 0.000233879 0.000176105 0.00015587 0.000112569 0.000110314 9.21367e-05 7.18098e-05 6.79592e-05
threshold=-0.50336020902389966 -0.29443439425631746 0.31201143981053708 0.53853383458646631 -0.68829498558426139 0.78853383458646631 -0.053619118466922348 -0.76674062976991342 123.50000000000001 -0.0018083182640144522 72.222222222222854 125.50000000000001 0.19563263869960468 -0.99301190378797333 -0.1121247668042286 -0.10753505003109276 203.50000000000003
decision_type=2 2 2 2 2 2 10 2 2 2 2 2 2 2 2 2 2
left_child=2 4 7 6 -2 11 15 -1 10 -5 -9 -6 -8 16 -11 -3 -10
right_child=1 3 -4 9 5 -7 12 8 13 14 -12 -13 -14 -15 -16 -17 -18
leaf_value=-1.571721622682141e-05 -1.1110729303431428e-05 -1.6272059747250082e-06 -2.5304427923020407e-05 2.5480634032323429e-05 2.8018852933405095e-06 1.0340155174657699e-05 7.8955008793806062e-06 -4.4407918971517337e-06 -9.2689426886986677e-06 1.1039595164209907e-05 5.1534055314883894e-06 -5.9506810078695444e-06 1.6044047183072981e-05 -1.3603594085552508e-05 1.7856753272692428e-05 4.9195869663241559e-06 -3.2196990600018709e-06
leaf_weight=1019 1593 1124 1661 1038 1442 1118 1448 1743 1456 1158 1088 1408 1006 1109 1733 1227 1175
leaf_count=1019 1593 1124 1661 1038 1442 1118 1448 1743 1456 1158 1088 1408 1006 1109 1733 1227 1175
internal_value=-4.51664e-08 6.39955e-06 -1.00038e-05 1.16738e-05 -1.88407e-06 1.82007e-06 6.61402e-06 -6.65538e-06 -5.25012e-06 1.78617e-05 -7.53583e-07 -1.52219e-06 1.12359e-05 -8.65377e-06 1.51261e-05 1.7896e-06 -6.56736e-06
internal_weight=23546 14295 9251 8734 5561 3968 4805 7590 6571 3929 2831 2850 2454 3740 2891 2351 2631
internal_count=23546 14295 9251 8734 5561 3968 4805 7590 6571 3929 2831 2850 2454 3740 2891 2351 2631
is_linear=0
shrinkage=0.0187118


Tree=11
num_leaves=19
num_cat=0
split_feature=20 20 20 25 25 52 19 17 17 31 19 20 19 19 20 20 17 16
split_gain=0.00523016 0.00171287 0.00141439 0.00122736 0.000885702 0.000629567 0.000506423 0.000430451 0.000361711 0.00034129 0.000305618 0.000195227 0.000193495 0.000170945 0.000176203 0.000146689 8.92858e-05 8.85733e-05
threshold=1.0997237569060776 14.455555555555557 0.12055224790211432 -0.50309213770020811 -0.50301931929395438 0.31407658132525668 0.019665043742746139 -0.085751221438811018 -0.30510736959129331 101.50000000000001 -0.05241943671448545 2.1368092691622107 0.019665043742746139 0.018928543174792981 0.48586238140923149 3.6880122950819678 -0.20541565489599481 0.48402255639097752
decision_type=2 2 2 2 2 2 2 10 10 2 2 2 2 2 2 2 10 2
left_child=2 3 9 10 5 12 7 16 -6 -1 -2 -8 -4 -10 -15 -9 -5 -14
right_child=1 -3 4 6 8 -7 11 15 13 -11 -12 -13 17 14 -16 -17 -18 -19
leaf_value=-3.001347937827831e-05 -8.6628238696106688e-06 2.9400525576780088e-05 -1.2654556080073559e-05 -9.1114028973424424e-07 -8.3805921620873782e-06 -2.4418391640872336e-05 1.3180901069517351e-05 8.8130478474228928e-06 -2.5977662703765406e-06 -1.5107866554463398e-05 4.27830830992091e-06 2.4571254553690405e-05 -7.5831412854049656e-06 -1.5461620946231495e-08 9.5999325442132326e-06 1.8773009834623145e-05 6.0727276338403228e-06 -2.1454286550101983e-07
leaf_weight=994 1716 1331 1654 1336 1429 995 1105 1013 1475 1172 1018 1007 1270 1202 1500 1059 1232 1038
leaf_count=994 1716 1331 1654 1336 1429 995 1105 1013 1475 1172 1018 1007 1270 1202 1500 1059 1232 1038
internal_value=-4.43213e-08 9.5223e-06 -8.17396e-06 6.73315e-06 -5.34947e-06 -1.11116e-05 1.10161e-05 7.55874e-06 -2.54417e-07 -2.19482e-05 -3.84422e-06 1.86118e-05 -7.76979e-06 2.52564e-06 5.32247e-06 1.39036e-05 2.43937e-06 -4.26919e-06
internal_weight=23546 10817 12729 9486 10563 4957 6752 4640 5606 2166 2734 2112 3962 4177 2702 2072 2568 2308
internal_count=23546 10817 12729 9486 10563 4957 6752 4640 5606 2166 2734 2112 3962 4177 2702 2072 2568 2308
is_linear=0
shrinkage=0.0187118


Tree=12
num_leaves=19
num_cat=0
split_feature=20 20 20 25 25 52 27 1 17 52 31 17 20 27 55 51 2 47
split_gain=0.00503626 0.00165665 0.00136195 0.00118731 0.000852866 0.000606227 0.000527597 0.000368767 0.000348301 0.000332112 0.000279527 0.000226897 0.000158602 0.000160086 0.000134501 0.000112653 6.85471e-05 6.2716e-05
threshold=1.0997237569060776 18.017241379310349 0.12055224790211432 -0.66210828455976933 -0.50301931929395438 0.31407658132525668 67.290244736730884 82.6324042935412 -0.30510736959129331 0.18015889627939699 142.50000000000003 -0.084076314326672688 0.48586238140923149 1.1498150969360046 15222.000000000002 77.777777777778056 -0.022130254833920296 -37.037037037008083
decision_type=2 2 2 2 2 2 8 2 10 2 2 10 2 10 2 2 2 2
left_child=2 3 9 10 5 14 7 16 -6 -1 -2 17 -10 -14 -4 -16 -5 -8
right_child=1 -3 4 6 8 -7 11 -9 12 -11 -12 -13 13 -15 15 -17 -18 -19
leaf_value=-1.4733112636428074e-05 2.429927789807043e-06 3.1584243619745424e-05 -1.2482618269963079e-05 1.4163436025771476e-05 -8.2237760235729287e-06 -2.3961479313132167e-05 4.8021826279680851e-06 2.2200385753565373e-05 -2.1349723185166304e-06 -2.9427369724334723e-05 -9.6500477733993357e-06 1.1878644024813839e-05 9.1651269063015629e-06 -3.6954103612073815e-07 -8.287083964157862e-06 -3.6348330121311008e-07 7.5464620661318643e-06 -1.7887649080393242e-06
leaf_weight=1163 1329 1058 1327 1007 1429 995 1015 1676 1606 1003 1354 1168 1545 1026 1601 1034 1203 1007
leaf_count=1163 1329 1058 1327 1007 1429 995 1015 1676 1606 1003 1354 1168 1545 1026 1601 1034 1203 1007
internal_value=-4.34919e-08 9.34412e-06 -8.02101e-06 6.93301e-06 -5.24938e-06 -1.09037e-05 1.0952e-05 1.55813e-05 -2.49656e-07 -2.15375e-05 -3.66634e-06 5.3126e-06 2.47838e-06 5.36016e-06 -7.62441e-06 -5.17779e-06 1.05615e-05 1.51975e-06
internal_weight=23546 10817 12729 9759 10563 4957 7076 3886 5606 2166 2683 3190 4177 2571 3962 2635 2210 2022
internal_count=23546 10817 12729 9759 10563 4957 7076 3886 5606 2166 2683 3190 4177 2571 3962 2635 2210 2022
is_linear=0
shrinkage=0.0187118


Tree=13
num_leaves=17
num_cat=0
split_feature=20 20 20 25 25 52 52 19 36 24 19 19 20 47 47 19
split_gain=0.00485365 0.00155569 0.00137662 0.00106273 0.000951845 0.000708821 0.00057929 0.000476576 0.000313149 0.000290573 0.000252369 0.000234284 0.000136635 0.000131318 0.000112668 0.000100715
threshold=1.5966726003012461 0.21860135837702707 18.017241379310349 -0.50671896912282222 -0.66210828455976933 0.21911030697893061 0.30213559502178183 0.018928543174792981 -0.0015003759381570501 2.9999999999998583 -0.1320711995638035 0.062914533438679157 0.081672357659016925 38.46153846154013 -47.619047619046306 0.029457060765711422
decision_type=2 2 2 2 2 2 2 2 2 10 2 2 2 2 2 2
left_child=1 5 4 6 10 12 11 8 -6 13 -2 -3 -1 15 -10 -5
right_child=2 3 -4 9 7 -7 -8 -9 14 -11 -12 -13 -14 -15 -16 -17
leaf_value=-1.7287415171205346e-05 -8.9058833236222892e-06 -1.0882451657735629e-05 3.0993245156627129e-05 -1.4905066789734995e-06 1.7661370189926445e-05 -3.0557331128370985e-05 -2.2354163532240111e-05 2.0802895189902988e-05 9.3322250408325211e-06 7.773581127948761e-06 4.0624957906878016e-06 -1.3508534222421818e-06 -8.4727619669489529e-06 -5.1759023887809555e-06 2.0358570261408442e-06 5.456061644931568e-06
leaf_weight=1043 1065 1952 1058 1723 1031 1018 1033 1623 1484 1940 1037 1680 1503 1607 1480 1269
leaf_count=1043 1065 1952 1058 1723 1031 1018 1033 1623 1484 1940 1037 1680 1503 1607 1480 1269
internal_value=-4.26781e-08 -6.59249e-06 1.09766e-05 -3.16719e-06 8.23343e-06 -1.73605e-05 -9.9901e-06 1.22524e-05 8.77872e-06 1.70036e-06 -2.50807e-06 -6.47356e-06 -1.20838e-05 -8.61508e-07 5.68897e-06 1.45575e-06
internal_weight=23546 14768 8778 11204 7720 3564 4665 5618 3995 6539 2102 3632 2546 4599 2964 2992
internal_count=23546 14768 8778 11204 7720 3564 4665 5618 3995 6539 2102 3632 2546 4599 2964 2992
is_linear=0
shrinkage=0.0187118


Tree=14
num_leaves=18
num_cat=0
split_feature=20 20 20 25 25 52 52 17 52 16 51 20 16 16 1 52 13
split_gain=0.00480719 0.00145122 0.00111469 0.000978562 0.00084025 0.00052976 0.000463006 0.000333364 0.000307339 0.000257024 0.000216839 0.00015093 0.000145326 0.000130664 9.22924e-05 8.2275e-05 5.63811e-05
threshold=1.147923253808566 14.455555555555557 0.12055224790211432 -0.66210828455976933 -0.50301931929395438 0.30898654311297541 0.23602442022334541 -0.30510736959129331 0.18015889627939699 0.53853383458646631 57.407407407408634 0.48586238140923149 0.50469924812030087 0.53571428571428592 270.39168624394995 0.17445524158824108 -0.22418318477669483
decision_type=2 2 2 2 2 2 2 10 2 2 2 2 2 2 2 2 10
left_child=2 3 8 10 5 12 9 -6 -1 14 -2 -9 15 -13 -5 -4 -11
right_child=1 -3 4 6 7 -7 -8 11 -10 16 -12 13 -14 -15 -16 -17 -18
leaf_value=-1.3352406785785781e-05 -7.8832535335223697e-06 2.7964327748959407e-05 -7.4795634170738885e-06 6.7667888441046043e-06 -8.0607517410114613e-06 -2.2623496960864235e-05 1.8806599204184439e-05 -2.2994988713170495e-06 -2.7531593935092129e-05 9.5898336255532823e-06 3.082299314148484e-06 8.0133539113013752e-07 -1.5109396024700113e-06 8.9872695283341629e-06 -1.6002208360998354e-07 -1.4016007245025553e-05 1.5740792780785055e-05
leaf_weight=1149 1431 1291 1924 1602 1476 1053 1758 1617 1002 1084 1130 1359 997 1372 1162 1038 1006
leaf_count=1149 1431 1291 1924 1602 1476 1053 1758 1617 1002 1084 1130 1359 997 1372 1162 1038 1006
internal_value=-4.87038e-08 9.38944e-06 -7.65329e-06 6.77522e-06 -5.21084e-06 -1.08277e-05 1.05788e-05 -3.7713e-07 -1.99575e-05 7.5989e-06 -3.04488e-06 2.2312e-06 -7.69025e-06 4.91379e-06 3.85472e-06 -9.77019e-06 1.25505e-05
internal_weight=23451 10464 12987 9173 10836 5012 6612 5824 2151 4854 2561 4348 3959 2731 2764 2962 2090
internal_count=23451 10464 12987 9173 10836 5012 6612 5824 2151 4854 2561 4348 3959 2731 2764 2962 2090
is_linear=0
shrinkage=0.0187118


Tree=15
num_leaves=19
num_cat=0
split_feature=20 20 20 25 25 19 52 17 17 19 31 20 19 19 20 20 17 0
split_gain=0.00462897 0.00139742 0.00107337 0.000942284 0.000809099 0.000520897 0.00051012 0.000366048 0.000321005 0.000311988 0.00030149 0.000170935 0.000169784 0.000158104 0.000140685 0.000130771 9.15227e-05 8.62836e-05
threshold=1.147923253808566 14.455555555555557 0.12055224790211432 -0.66210828455976933 -0.50301931929395438 0.018928543174792981 0.30898654311297541 -0.090900280857786467 -0.30510736959129331 -0.056792204021103736 101.50000000000001 2.1733762748255505 0.034013612733932781 0.019665043742746139 3.6880122950819678 0.48586238140923149 -0.20541565489599481 38.500000000000007
decision_type=2 2 2 2 2 2 2 10 10 2 2 2 2 2 2 2 10 2
left_child=2 3 10 9 6 7 12 16 -6 -2 -1 -7 -4 -10 -9 -15 -5 -14
right_child=1 -3 4 5 8 11 -8 14 13 -11 -12 -13 17 15 -16 -17 -18 -19
leaf_value=-2.7127918685468552e-05 -8.1938029459139589e-06 2.7441064305788213e-05 -1.1895522136614058e-05 -1.5588234473930142e-06 -7.909920441424373e-06 1.2932313368079037e-05 -2.2200170185909752e-05 7.6092120793495792e-06 -2.4659793342111619e-06 5.2054988770837889e-06 -1.3078696051969879e-05 2.3728710331071002e-05 -8.0416423825545881e-06 2.0362127402545708e-07 1.7156245273333781e-05 8.4654570819348281e-06 5.7807748530701232e-06 -6.2644948991817694e-07
leaf_weight=996 1566 1291 1752 1294 1476 1052 1053 1069 1609 995 1155 1003 1032 1174 1093 1565 1101 1175
leaf_count=996 1566 1291 1752 1294 1476 1052 1053 1069 1609 995 1155 1003 1032 1174 1093 1565 1101 1175
internal_value=-4.77924e-08 9.21375e-06 -7.51008e-06 6.64845e-06 -5.11334e-06 1.03809e-05 -1.06251e-05 6.85397e-06 -3.70074e-07 -2.9879e-06 -1.95841e-05 1.82018e-05 -7.54635e-06 2.18945e-06 1.24357e-05 4.92424e-06 1.81525e-06 -4.09382e-06
internal_weight=23451 10464 12987 9173 10836 6612 5012 4557 5824 2561 2151 2055 3959 4348 2162 2739 2395 2207
internal_count=23451 10464 12987 9173 10836 6612 5012 4557 5824 2561 2151 2055 3959 4348 2162 2739 2395 2207
is_linear=0
shrinkage=0.0187118


Tree=16
num_leaves=19
num_cat=0
split_feature=20 20 20 25 25 27 31 19 1 55 20 19 27 17 19 0 17 20
split_gain=0.00445736 0.00134561 0.00103473 0.00090735 0.000806515 0.000535706 0.000356607 0.000300421 0.00029336 0.000280895 0.000243918 0.000239744 0.000264847 0.00019272 0.00015966 0.000147045 9.78737e-05 9.56654e-05
threshold=1.147923253808566 14.455555555555557 0.21860135837702707 -0.66210828455976933 -0.50671896912282222 52.96167894055818 77.500000000000014 -0.056792204021103736 48.771039752975597 9104.5000000000018 2.3511142721669045 0.034013612733932781 -1110.6953161687779 -0.20541565489599481 0.019665043742746139 23.500000000000004 -0.21827733243614872 2.9569842738205372
decision_type=2 2 2 2 2 8 2 2 2 2 2 2 10 10 2 2 10 2
left_child=2 3 6 7 9 8 -1 -2 -5 -4 -10 16 -13 -7 -11 -8 -6 -15
right_child=1 -3 4 5 11 13 15 -9 10 14 -12 12 -14 17 -16 -17 -18 -19
leaf_value=-2.4218183776184121e-05 -8.0404820206237694e-06 2.6927592387201265e-05 -1.8255705763543233e-05 8.9607454733179877e-06 -7.9463589797123888e-06 -1.9511424720613381e-06 -1.6497327974284102e-05 5.1080945249190531e-06 1.3329800903743708e-05 -1.1745134206049264e-05 2.6399300597970559e-05 -3.0007137372860118e-06 8.5794077346374303e-06 3.8088448864092408e-06 -3.1122388371271432e-06 -7.0982620140160309e-06 -2.7981754459946249e-07 1.1897359106638678e-05
leaf_weight=1213 1566 1291 1135 1505 1068 1059 1144 995 995 1466 1005 1105 1848 1017 1536 1188 1284 1031
leaf_count=1213 1566 1291 1135 1505 1068 1059 1144 995 995 1466 1005 1105 1848 1017 1536 1188 1284 1031
internal_value=-4.68981e-08 9.04134e-06 -7.36955e-06 6.52404e-06 -4.13324e-06 1.01866e-05 -1.59894e-05 -2.93199e-06 1.52012e-05 -1.03261e-05 1.98972e-05 6.96127e-07 4.24617e-06 4.52961e-06 -7.32804e-06 -1.17091e-05 -3.76105e-06 7.88075e-06
internal_weight=23451 10464 12987 9173 9442 6612 3545 2561 3505 4137 2000 5305 2953 3107 3002 2332 2352 2048
internal_count=23451 10464 12987 9173 9442 6612 3545 2561 3505 4137 2000 5305 2953 3107 3002 2332 2352 2048
is_linear=0
shrinkage=0.0187118


Tree=17
num_leaves=16
num_cat=0
split_feature=20 20 20 16 49 19 36 19 16 20 19 19 20 49 0
split_gain=0.00429211 0.00129572 0.00100511 0.000884737 0.000760171 0.000372008 0.000292046 0.000266553 0.000202354 0.000175711 0.000169405 0.000165679 0.000140529 0.000124629 7.73381e-05
threshold=1.147923253808566 14.455555555555557 0.12055224790211432 0.53853383458646631 48.220477336137286 -0.51099527014429202 0.001857011814526355 -0.0052772606477393671 0.4953007518796993 0.055327558657808432 0.045417991147377997 0.018928543174792981 0.495432932932933 76.748167001644759 31.500000000000004
decision_type=2 2 2 2 2 2 2 2 2 2 2 2 2 2 2
left_child=2 3 9 5 11 -2 8 -5 14 -1 13 -4 -13 -7 -6
right_child=1 -3 4 7 6 10 -8 -9 -10 -11 -12 12 -14 -15 -16
leaf_value=-2.4510339784797586e-05 -4.5823207974787956e-06 2.6423728227232793e-05 -3.7477758441244206e-06 9.0308298891828104e-06 -1.2893947024757803e-05 6.3830092879951553e-06 -1.8409801686300203e-05 1.9613978774463896e-05 -2.6977318256171861e-06 -1.3803352217558154e-05 1.1868164655158388e-05 -9.0821426306510932e-07 7.2428378896818184e-06 -1.5860808688315039e-06 -6.7967935826734722e-06
leaf_weight=1027 1982 1291 1885 1746 1837 1626 1036 1594 1903 1124 1035 1419 1549 1190 1207
leaf_count=1027 1982 1291 1885 1746 1837 1626 1036 1594 1903 1124 1035 1419 1549 1190 1207
internal_value=-4.60206e-08 8.87216e-06 -7.23166e-06 6.40197e-06 -4.91237e-06 2.00458e-06 -9.37594e-06 1.40816e-05 -7.48407e-06 -1.89154e-05 5.39467e-06 5.90529e-07 3.34582e-06 3.01539e-06 -1.04763e-05
internal_weight=23451 10464 12987 9173 10836 5833 5983 3340 4947 2151 3851 4853 2968 2816 3044
internal_count=23451 10464 12987 9173 10836 5833 5983 3340 4947 2151 3851 4853 2968 2816 3044
is_linear=0
shrinkage=0.0187118


Tree=18
num_leaves=16
num_cat=0
split_feature=20 20 20 16 49 19 31 36 19 16 19 19 20 26 0
split_gain=0.00413299 0.00124769 0.00096785 0.000851936 0.000731989 0.000358217 0.000281253 0.000281219 0.000256671 0.000194852 0.000163125 0.000159536 0.000135319 0.000131698 7.44709e-05
threshold=1.147923253808566 14.455555555555557 0.12055224790211432 0.53853383458646631 48.220477336137286 -0.51099527014429202 101.50000000000001 0.001857011814526355 -0.0052772606477393671 0.4953007518796993 0.045417991147377997 0.018928543174792981 0.495432932932933 -0.0034572525663238303 31.500000000000004
decision_type=2 2 2 2 2 2 2 2 2 2 2 2 2 10 2
left_child=2 3 6 5 11 -2 -1 9 -5 14 13 -4 -13 -7 -6
right_child=1 -3 4 8 7 10 -8 -9 -10 -11 -12 12 -14 -15 -16
leaf_value=-2.5847769433589944e-05 -4.4965772541126208e-06 2.5929292256937447e-05 -3.6776481420446646e-06 8.8618466518437638e-06 -1.2652677824676983e-05 -1.7550426601986294e-07 -1.227825026129856e-05 -1.8065320802886162e-05 1.9246965689273591e-05 -2.6472523349531672e-06 1.1646089825269901e-05 -8.9121991935253033e-07 7.1073112892416749e-06 8.1830833663240431e-06 -6.6696132343462323e-06
leaf_weight=996 1982 1291 1885 1746 1837 1760 1155 1036 1594 1903 1035 1419 1549 1056 1207
leaf_count=996 1982 1291 1885 1746 1837 1760 1155 1036 1594 1903 1035 1419 1549 1056 1207
internal_value=-4.51595e-08 8.70615e-06 -7.09634e-06 6.28217e-06 -4.82045e-06 1.96707e-06 -1.85615e-05 -9.2005e-06 1.38181e-05 -7.34403e-06 5.29373e-06 5.79479e-07 3.28321e-06 2.95897e-06 -1.02803e-05
internal_weight=23451 10464 12987 9173 10836 5833 2151 5983 3340 4947 3851 4853 2968 2816 3044
internal_count=23451 10464 12987 9173 10836 5833 2151 5983 3340 4947 3851 4853 2968 2816 3044
is_linear=0
shrinkage=0.0187118


Tree=19
num_leaves=19
num_cat=0
split_feature=49 36 4 36 4 31 4 4 28 28 27 4 28 19 31 19 31 4
split_gain=0.00287032 0.000828265 0.000788985 0.000598519 0.000477435 0.000317388 0.000270753 0.00026737 0.00027255 0.000234878 0.000221375 0.00017132 0.000124177 0.000113068 0.000100891 8.02136e-05 6.31606e-05 5.44897e-05
threshold=49.384503843330755 0.0031974440894568805 -0.29443439425631746 -0.0019474215153101324 -0.17933461473231946 102.50000000000001 -0.80723189552829433 -0.71448357736446366 -0.49751243781095406 -0.906723902490019 -43.098500458599325 -0.01623890553451297 0.33167587071791599 0.029457060765711422 122.50000000000001 -0.12168811604698958 125.50000000000001 -0.1098705410141896
decision_type=2 2 2 2 2 2 2 2 2 2 8 2 2 2 2 2 2 2
left_child=2 4 7 -4 6 -6 -2 -1 -9 -5 -8 13 14 17 -12 -7 -10 -11
right_child=1 -3 3 9 5 15 10 8 16 11 12 -13 -14 -15 -16 -17 -18 -19
leaf_value=-8.1640400218200798e-06 -1.6774398655885961e-05 -2.291311891240252e-05 2.186834924912091e-05 1.3553220898409252e-05 6.624290827825953e-06 -7.7145461787002379e-06 -1.4986372377350258e-06 1.0080469110713062e-05 1.7540091079653225e-06 -2.0929308155040108e-06 -2.4820082988558738e-06 1.1801930220988926e-05 -1.4294229713923096e-05 8.4418940213642545e-06 -1.0174690051550702e-05 -6.9793028047936206e-07 -4.620998869413172e-06 3.6251502471930135e-06
leaf_weight=1051 1077 1008 1251 1739 1554 1185 1979 1140 1173 1039 1044 1128 1171 1072 1394 1100 1015 1331
leaf_count=1051 1077 1008 1251 1739 1554 1185 1979 1140 1173 1039 1044 1128 1171 1072 1394 1100 1015 1331
internal_value=-4.43145e-08 -6.71099e-06 6.38392e-06 1.00449e-05 -5.15617e-06 1.00204e-07 -8.18381e-06 6.3591e-08 2.66192e-06 7.70041e-06 -6.52811e-06 5.47326e-06 -9.28603e-06 3.39925e-06 -6.88053e-06 -4.33675e-06 -1.20332e-06 1.11836e-06
internal_weight=23451 11512 11939 7560 10504 3839 6665 4379 3328 6309 5588 4570 3609 3442 2438 2285 2188 2370
internal_count=23451 11512 11939 7560 10504 3839 6665 4379 3328 6309 5588 4570 3609 3442 2438 2285 2188 2370
is_linear=0
shrinkage=0.0187118


Tree=20
num_leaves=18
num_cat=0
split_feature=20 20 20 25 25 52 27 52 28 19 19 27 19 20 0 17 17
split_gain=0.00388525 0.00119007 0.000907893 0.000836922 0.000723322 0.000597784 0.000474099 0.000398798 0.000283191 0.000264546 0.000217557 0.000242327 0.000159951 0.000132424 0.000128745 0.000107041 8.8064e-05
threshold=1.147923253808566 18.017241379310349 0.21860135837702707 -0.66210828455976933 -0.50671896912282222 0.22067748338303569 407.9479676038236 0.20541864465659007 -0.99634683855938355 -0.056792204021103736 0.034013612733932781 -1110.6953161687779 0.040779818288488208 2.4353400222965447 23.500000000000004 -0.13775928147216288 -0.21827733243614872
decision_type=2 2 2 2 2 2 8 2 2 2 2 10 2 2 2 10 10
left_child=2 3 5 9 7 14 8 12 -5 -2 16 -12 -4 -10 -1 -8 -6
right_child=1 -3 4 6 10 -7 15 -9 13 -11 11 -13 -14 -15 -16 -17 -18
leaf_value=-1.4437085036584508e-05 -7.3314689248861264e-06 2.760124584846514e-05 -1.0483156287519619e-05 2.1968306053093266e-05 -7.4910301122468702e-06 -2.7161424798329335e-05 -7.5284623075437041e-07 -1.7797158211014018e-05 6.8682459512881692e-06 4.9044278224408954e-06 -2.8252252139000275e-06 8.2516318007574203e-06 -1.3866142334619485e-06 1.4142427482383879e-05 -6.007369196677606e-06 7.425640847908515e-06 -2.1883175000505592e-07
leaf_weight=1238 1612 1024 1245 1023 1068 1006 1276 1409 1627 1004 1105 1848 1483 1899 1301 999 1284
leaf_count=1238 1612 1024 1245 1023 1068 1006 1276 1409 1627 1004 1105 1848 1483 1899 1301 999 1284
internal_value=-4.34853e-08 8.44148e-06 -6.88007e-06 6.36313e-06 -3.84859e-06 -1.49543e-05 9.81276e-06 -9.71334e-06 1.33007e-05 -2.63543e-06 7.24926e-07 4.10672e-06 -5.53808e-06 1.07859e-05 -1.01176e-05 2.8385e-06 -3.521e-06
internal_weight=23451 10464 12987 9440 9442 3545 6824 4137 4549 2616 5305 2953 2728 3526 2539 2275 2352
internal_count=23451 10464 12987 9440 9442 3545 6824 4137 4549 2616 5305 2953 2728 3526 2539 2275 2352
is_linear=0
shrinkage=0.0187118


Tree=21
num_leaves=18
num_cat=0
split_feature=25 4 52 52 16 16 27 4 7 4 17 25 31 31 52 4 4
split_gain=0.00283588 0.00114465 0.00112744 0.000658552 0.000457933 0.000381496 0.00021839 0.000211404 0.000160408 0.000155253 0.000149542 0.000122334 0.000115974 9.20702e-05 6.56927e-05 5.42981e-05 4.14538e-05
threshold=-0.50262329198501032 -0.30125360393464862 0.31201143981053708 0.32903275722666775 0.53853383458646631 0.77537593984962416 -35.623842844161594 -0.653209621798858 0.30421491531282413 -0.12199672112612357 -0.16282071911295745 -0.99382336429909313 124.50000000000001 142.50000000000003 0.15007141873957944 -0.53053804624342793 -0.091455141613432059
decision_type=2 2 2 2 2 2 10 2 8 2 10 2 2 2 2 2 2
left_child=2 5 6 4 10 7 8 -2 -1 11 16 15 -9 -6 -12 -8 -3
right_child=1 3 -4 -5 13 -7 9 12 -10 -11 14 -13 -14 -15 -16 -17 -18
leaf_value=-4.7648105168264231e-06 -1.0338625819383005e-05 -1.6904384931833137e-06 -2.1904309051388565e-05 2.2933877594660115e-05 1.6230737179947144e-05 6.7800763047028045e-06 -9.8697365223505393e-06 2.9570292070431347e-06 5.8338083957037988e-06 -2.3055841604120198e-06 4.243451502747015e-06 -1.3667162580425815e-05 -5.0933121578666773e-06 9.913237880718868e-06 1.0892011449649832e-05 -4.2886720065405438e-06 3.2918996374373253e-06
leaf_weight=1005 1371 1307 1639 1133 1586 1464 1015 1213 995 1894 1092 1247 1296 1646 994 1531 1058
leaf_count=1005 1371 1307 1639 1133 1586 1464 1015 1213 995 1894 1092 1247 1296 1646 994 1531 1058
internal_value=1.97405e-07 5.47422e-06 -7.81457e-06 9.61628e-06 7.65236e-06 -1.35896e-06 -4.81039e-06 -4.42998e-06 5.08001e-07 -6.68076e-06 3.75959e-06 -8.86546e-06 -1.2013e-06 1.30133e-05 7.41156e-06 -6.51365e-06 5.38446e-07
internal_weight=23486 14160 9326 8816 7683 5344 7687 3880 2000 5687 4451 3793 2509 3232 2086 2546 2365
internal_count=23486 14160 9326 8816 7683 5344 7687 3880 2000 5687 4451 3793 2509 3232 2086 2546 2365
is_linear=0
shrinkage=0.0187118


Tree=22
num_leaves=18
num_cat=0
split_feature=20 49 52 20 19 20 20 49 19 19 15 17 16 18 47 41 52
split_gain=0.00372788 0.00130717 0.00102452 0.000802532 0.000588141 0.000432855 0.000410287 0.000314898 0.000270817 0.000245268 0.000243055 0.000126504 0.000124574 0.000121164 0.000114762 0.000101873 3.35168e-05
threshold=2.4353400222965447 44.331607280427093 0.29462694579954096 18.017241379310349 0.0038731230332338389 0.2813176406926407 0.69649014778325136 77.21129468902798 0.05979885166619426 0.12858018487483494 0.036184140031926583 -0.21827733243614872 0.49342105263157904 -0.2853132579553691 -44.444444444455492 -0.0016597521804047053 0.14467879757155361
decision_type=2 2 2 2 2 2 2 2 2 2 10 10 2 10 2 2 2
left_child=1 5 6 4 7 -1 10 15 16 11 -3 -7 -12 -13 -11 -2 -8
right_child=3 2 -4 -5 -6 9 8 -9 -10 14 12 13 -14 -15 -16 -17 -18
leaf_value=-8.2486063409288714e-06 1.4083089272382113e-05 -1.4969297071133838e-05 -2.1438571173757621e-05 2.7821236841470701e-05 2.0504864420025064e-05 -4.338719836120521e-06 -1.9982138045787631e-06 -2.522056519186979e-06 7.5149194782156821e-06 1.3205992974483367e-05 -9.1211269186912105e-06 7.522490176382301e-06 -1.4529516483250544e-06 2.618937241785296e-08 4.4806129761388435e-06 6.4736717734130458e-06 -6.7743388847614086e-06
leaf_weight=1316 1018 1689 1816 1042 1314 1150 1039 1089 998 1035 1922 1224 1208 1970 1077 1560 1019
leaf_count=1316 1018 1689 1816 1042 1314 1150 1039 1089 998 1035 1922 1224 1208 1970 1077 1560 1019
internal_value=1.93711e-07 -4.18443e-06 -8.76905e-06 1.28876e-05 9.76358e-06 1.5322e-06 -5.84742e-06 5.91464e-06 -4.84066e-07 3.52593e-06 -9.24862e-06 9.82871e-07 -6.16165e-06 2.89891e-06 8.75655e-06 9.47848e-06 -4.36307e-06
internal_weight=23486 17463 9691 6023 4981 7772 7875 3667 3056 6456 4819 4344 3130 3194 2112 2578 2058
internal_count=23486 17463 9691 6023 4981 7772 7875 3667 3056 6456 4819 4344 3130 3194 2112 2578 2058
is_linear=0
shrinkage=0.0187118


Tree=23
num_leaves=18
num_cat=0
split_feature=25 17 36 27 18 19 27 7 55 47 16 7 38 1 31 7 55
split_gain=0.00265507 0.00102264 0.000475717 0.000301449 0.000300417 0.000249824 0.000208425 0.000174015 0.000171678 0.000133278 0.000128167 0.000101203 9.76822e-05 8.53527e-05 6.05784e-05 4.00062e-05 2.8891e-05
threshold=-0.50262329198501032 -0.13775928147216288 0.0028070189262020544 -1110.6953161687779 inf 0.04361651913038856 -34.124008893793892 0.25417494815070868 9104.5000000000018 41.666666666667169 0.87875939849624074 0.3281880112916235 0.0016064267391988631 255.04151438920454 108.50000000000001 0.68135009793755053 48132.000000000007
decision_type=2 10 2 8 8 2 10 10 2 2 2 8 2 2 2 8 2
left_child=2 3 6 7 10 9 11 -2 -8 14 13 -1 15 -3 -5 16 -10
right_child=1 4 -4 5 -6 -7 8 -9 12 -11 -12 -13 -14 -15 -16 -17 -18
leaf_value=-4.9024847043664557e-06 -1.0074487501258585e-05 8.5817026231630405e-06 -1.9756674997809395e-05 6.0682709916158983e-06 1.7446499343851646e-05 9.1925957178070144e-06 -1.3563715409705469e-05 4.2524192791998982e-07 -7.8383806088914922e-06 -5.3529819664545766e-06 1.2168707428390809e-05 3.1887623780334019e-06 -1.1232613904298501e-05 2.5197441417147748e-06 7.4107084890217523e-08 -1.5750544143691338e-06 -3.9500334962906185e-06
leaf_weight=1157 1222 1970 1000 1016 1642 1548 1420 1009 1361 1066 1893 1017 1033 1385 1409 1022 1316
leaf_count=1157 1222 1970 1000 1016 1642 1548 1420 1009 1361 1066 1893 1017 1033 1385 1409 1022 1316
internal_value=1.90086e-07 5.2959e-06 -7.56226e-06 4.00507e-07 1.04613e-05 2.93583e-06 -6.09764e-06 -5.32584e-06 -7.85757e-06 1.61415e-07 8.27576e-06 -1.11739e-06 -6.14524e-06 6.07923e-06 2.58548e-06 -4.72452e-06 -5.92689e-06
internal_weight=23486 14160 9326 7270 6890 5039 8326 2231 6152 3491 5248 2174 4732 3355 2425 3699 2677
internal_count=23486 14160 9326 7270 6890 5039 8326 2231 6152 3491 5248 2174 4732 3355 2425 3699 2677
is_linear=0
shrinkage=0.0187118


Tree=24
num_leaves=19
num_cat=0
split_feature=20 20 16 20 52 26 36 52 26 31 17 0 18 48 47 31 20 52
split_gain=0.00354501 0.00123785 0.000816868 0.000768483 0.000510264 0.000448862 0.000418659 0.000223088 0.000189536 0.000179541 0.000176775 0.000150423 0.000114898 0.000134301 0.000112353 0.000104269 9.57274e-05 6.4262e-05
threshold=2.4353400222965447 0.21860135837702707 0.52819548872180466 18.017241379310349 0.21911030697893061 -0.0025223053831985452 0.001857011814526355 0.19444148919142903 -0.0080634027248859246 124.50000000000001 -0.26220890260671131 15.500000000000002 0.41607111461739726 55.50965577338436 -30.30303030302159 146.50000000000003 0.67448740883445724 0.1405392913214055
decision_type=2 2 2 2 2 10 2 2 10 2 10 2 8 2 2 2 2 2
left_child=1 4 6 5 11 15 8 -7 -3 16 -4 -1 13 -12 -11 -2 -10 -16
right_child=3 2 10 -5 -6 7 -8 -9 9 14 12 -13 -14 -15 17 -17 -18 -19
leaf_value=-1.5113230522092682e-05 7.2805437972858791e-06 -8.8070228009594158e-06 -2.1928594501415624e-06 2.7178567571387387e-05 -2.5242334952269114e-05 1.0223341545783497e-05 -1.6225974995770715e-05 2.1513111100432547e-05 -2.0748676018773571e-06 -2.8813577981208852e-07 1.0686890457754487e-06 -5.8114016372563671e-06 1.1951319394077139e-05 9.5893611340084541e-06 -4.0252863905519531e-06 -4.3989001635391271e-07 5.0472284559493877e-06 -1.0174945157725308e-05
leaf_weight=1007 1390 1785 1003 1042 1004 1415 1002 1081 1214 1374 1559 1539 1036 1108 1227 1095 1450 1155
leaf_count=1007 1390 1785 1003 1042 1004 1415 1002 1081 1214 1374 1559 1539 1036 1108 1227 1095 1450 1155
internal_value=1.86529e-07 -4.08287e-06 -1.56639e-06 1.25652e-05 -1.39454e-05 9.50813e-06 -4.8079e-06 1.51129e-05 -3.41352e-06 -1.91393e-06 4.77544e-06 -9.49048e-06 6.66289e-06 4.60859e-06 -4.54925e-06 3.87858e-06 1.80165e-06 -7.00717e-06
internal_weight=23486 17463 13913 6023 3550 4981 9207 2496 8205 6420 4706 2546 3703 2667 3756 2485 2664 2382
internal_count=23486 17463 13913 6023 3550 4981 9207 2496 8205 6420 4706 2546 3703 2667 3756 2485 2664 2382
is_linear=0
shrinkage=0.0187118


Tree=25
num_leaves=20
num_cat=0
split_feature=20 20 49 20 52 19 52 19 49 46 0 20 20 39 19 20 11 51 52
split_gain=0.00341358 0.00119196 0.000780831 0.000739993 0.000647667 0.000556178 0.000491347 0.000318117 0.00028683 0.000221436 0.000144846 0.000140043 0.000130268 0.000126158 0.000100301 7.19275e-05 6.47162e-05 4.89339e-05 2.73396e-05
threshold=2.4353400222965447 0.21860135837702707 44.331607280427093 18.017241379310349 0.30213559502178183 0.0038731230332338389 0.21911030697893061 0.062914533438679157 77.21129468902798 -0.91666666666666663 15.500000000000002 0.69649014778325136 0.70307765151515167 -0.0016038502695805976 0.04361651913038856 0.71704319761668334 -0.36736641221374039 49.999999999997463 0.14467879757155361
decision_type=2 2 2 2 2 2 2 2 2 2 2 2 2 2 2 2 8 2 2
left_child=1 6 9 5 7 8 10 12 13 17 -1 -9 -4 -2 16 -16 -11 -3 -14
right_child=3 2 4 -5 -6 -7 -8 11 -10 14 -12 -13 18 -15 15 -17 -18 -19 -20
leaf_value=-1.4830434556291701e-05 1.4146189201845216e-05 5.3318744887816415e-06 -1.1482944944970783e-05 2.6670007199391877e-05 -1.8220965862849009e-05 1.9775548734145833e-05 -2.477000501775139e-05 -1.8419542179987113e-06 -2.4646060267406432e-06 7.9800264158969944e-07 -5.7026597594850109e-06 7.2388809089620711e-06 -1.8749569846707818e-06 5.6664672147062211e-06 4.6274783049175382e-07 7.544091590938081e-06 -5.0708797673724514e-06 1.114623161235199e-05 -6.1758349154772073e-06
leaf_weight=1007 1010 1034 1357 1042 1229 1314 1004 1469 1089 1664 1539 999 1036 1568 1012 997 1088 994 1034
leaf_count=1007 1010 1034 1357 1042 1229 1314 1004 1469 1089 1664 1539 999 1036 1568 1012 997 1088 994 1034
internal_value=1.83039e-07 -4.00648e-06 -1.53708e-06 1.23301e-05 -5.86446e-06 9.33021e-06 -1.36844e-05 -3.28835e-06 5.58732e-06 3.00384e-06 -9.3129e-06 1.8338e-06 -6.97713e-06 8.98862e-06 7.98261e-07 3.97698e-06 -1.52225e-06 8.18171e-06 -4.02332e-06
internal_weight=23486 17463 13913 6023 7124 4981 3550 5895 3667 6789 2546 2468 3427 2578 4761 2009 2752 2028 2070
internal_count=23486 17463 13913 6023 7124 4981 3550 5895 3667 6789 2546 2468 3427 2578 4761 2009 2752 2028 2070
is_linear=0
shrinkage=0.0187118


Tree=26
num_leaves=17
num_cat=0
split_feature=20 20 20 49 52 16 28 26 55 0 20 31 16 20 23 27
split_gain=0.00329126 0.000964368 0.000949168 0.000726845 0.000730345 0.000561475 0.000209795 0.000196987 0.00018448 0.000154293 0.000136065 0.000130047 9.05419e-05 8.45992e-05 8.15853e-05 3.74902e-05
threshold=1.5966726003012461 18.017241379310349 0.064796071375018763 55.735493808674711 0.29462694579954096 0.54605263157894746 -0.49962531221901535 -0.0025740895059030351 12939.500000000002 77.500000000000014 0.69649014778325136 146.50000000000003 0.48684210526315791 0.31514399578915714 1.0000000180025095e-35 -0.77216589609145703
decision_type=2 2 2 2 2 2 2 10 2 2 2 2 2 2 10 8
left_child=2 5 -1 6 9 7 -4 11 -7 10 12 -2 -5 -8 15 -15
right_child=1 -3 3 4 -6 8 13 -9 -10 -11 -12 -13 -14 14 -16 -17
leaf_value=-2.1070882631003387e-05 4.5884427073948444e-06 2.6170962940918252e-05 6.1724814356559892e-06 -1.1734725277845126e-05 -1.9905877423833304e-05 1.9580269438033458e-05 -6.0626511774018077e-06 8.6088441026788602e-06 9.6473705927902955e-06 9.3523610586878206e-07 -2.0276288679992241e-06 -2.762242106833414e-06 -5.0703826150038514e-06 4.7152348407191703e-08 3.7969573716043134e-06 -4.7699993550497746e-06
leaf_weight=1213 1602 1042 1810 1682 1422 1150 1033 1650 1520 1236 1536 1778 1240 1270 1282 1020
leaf_count=1213 1602 1042 1810 1682 1422 1150 1033 1650 1520 1236 1536 1778 1240 1270 1282 1020
internal_value=1.79614e-07 9.27654e-06 -5.21412e-06 -3.79263e-06 -7.91031e-06 6.9903e-06 7.75005e-07 3.30895e-06 1.39256e-05 -4.91457e-06 -6.53646e-06 7.21721e-07 -8.9066e-06 -1.34648e-06 1.74086e-08 -2.09848e-06
internal_weight=23486 8742 14744 13531 7116 7700 6415 5030 2670 5694 4458 3380 2922 4605 3572 2290
internal_count=23486 8742 14744 13531 7116 7700 6415 5030 2670 5694 4458 3380 2922 4605 3572 2290
is_linear=0
shrinkage=0.0187118


Tree=27
num_leaves=20
num_cat=0
split_feature=20 25 52 20 20 26 16 52 20 31 27 27 15 25 20 9 50 20 27
split_gain=0.00317882 0.00113033 0.0008995 0.00068364 0.000647077 0.000412428 0.000295381 0.000211116 0.000189951 0.000148881 0.000140114 0.000139453 0.000131706 0.000124749 0.000107662 9.67569e-05 8.42814e-05 7.69403e-05 5.49741e-05
threshold=2.4353400222965447 -0.50262329198501032 0.30213559502178183 18.017241379310349 0.17849733254297573 -0.0025223053831985452 0.5413533834586467 0.19444148919142903 0.69649014778325136 197.50000000000003 5.2106319591065775 -1.5484355614436589 0.041531351171445581 -0.66210828455976933 0.14587804005722463 -0.70133587786259521 66.666666666667339 0.76246546961325989 131.95912495434735
decision_type=2 2 2 2 2 10 2 2 2 2 8 10 10 2 2 10 2 2 8
left_child=1 2 8 5 -3 13 12 -7 9 14 17 -10 -6 -2 -1 -14 -16 -8 -17
right_child=3 4 -4 -5 6 7 10 -9 11 -11 -12 -13 15 -15 16 18 -18 -19 -20
leaf_value=-1.539828853901967e-05 -8.1181916178996543e-07 -1.3195239394442251e-05 -2.1667450943440244e-05 2.5681256759367054e-05 -6.6356548996473498e-06 9.6307189888585651e-06 5.8867965265275241e-06 2.0613378213645038e-05 3.5307473011531561e-06 -2.1298640614487476e-06 1.7037428726672936e-06 -5.8480948275189796e-06 5.552139914768421e-06 7.5859237256659204e-06 -1.1767954058838302e-05 9.8950764878440822e-07 -4.0759304694802479e-06 1.3103577593002001e-05 -4.2988055521385416e-06
leaf_weight=1018 1174 1082 1597 1042 1034 1415 1036 1081 1022 1005 1329 1215 1111 1311 997 1910 998 1033 1076
leaf_count=1018 1174 1082 1597 1042 1034 1415 1036 1081 1022 1005 1329 1215 1111 1311 997 1910 998 1033 1076
internal_value=1.76253e-07 -3.86663e-06 -9.13351e-06 1.18981e-05 4.36307e-07 9.01478e-06 2.16562e-06 1.43872e-05 -5.9334e-06 -8.36645e-06 6.44467e-06 -1.56326e-06 -6.68172e-07 3.61854e-06 -1.04467e-05 8.37899e-07 -7.92002e-06 9.48996e-06 -9.16126e-07
internal_weight=23486 17463 7852 6023 9611 4981 8529 2496 6255 4018 3398 2237 5131 2485 3013 4097 1995 2069 2986
internal_count=23486 17463 7852 6023 9611 4981 8529 2496 6255 4018 3398 2237 5131 2485 3013 4097 1995 2069 2986
is_linear=0
shrinkage=0.0187118


Tree=28
num_leaves=16
num_cat=0
split_feature=25 52 4 52 4 17 31 27 4 4 25 50 31 50 19
split_gain=0.0023573 0.000945819 0.00092834 0.000611849 0.000283095 0.000243295 0.000206232 0.000190253 0.000135895 0.000127844 0.000122666 0.000120568 0.000107391 4.11069e-05 4.10478e-05
threshold=-0.50262329198501032 0.31201143981053708 -0.31773277177907172 0.32645121644985692 -0.70876674769630832 -0.20541565489599481 126.50000000000001 -37.09639258520955 -0.0091547006614280026 -0.12703516309570917 -0.99378497646674469 33.333333333333229 119.50000000000001 83.333333333333471 -0.19708317084393909
decision_type=2 2 2 2 2 10 2 10 2 2 2 2 2 2 2
left_child=1 7 4 5 -2 12 -6 -1 11 10 13 14 -4 -9 -7
right_child=2 -3 3 -5 6 8 -8 9 -10 -11 -12 -13 -14 -15 -16
leaf_value=4.7563021217593886e-07 -8.5095890556160958e-06 -2.0180813795073982e-05 5.9561086716231175e-06 2.0976082108187163e-05 5.4193024244825863e-06 1.5454596246816995e-06 -3.4209921962617997e-06 -7.8966340284099268e-06 1.4594360063607937e-05 -2.3933981422679674e-06 -1.3157702811218841e-05 1.0694800083244028e-05 -2.036894969317018e-06 -3.0700353969202068e-06 6.5188482156730687e-06
leaf_weight=1966 1455 1644 1068 1184 1950 1009 1756 1535 1102 1965 1221 1940 1311 1034 1370
leaf_count=1966 1455 1644 1068 1184 1950 1009 1756 1535 1102 1965 1221 1940 1311 1034 1370
internal_value=-1.19119e-08 -7.29381e-06 4.80922e-06 8.44251e-06 -1.51542e-06 6.53998e-06 1.23054e-06 -4.54983e-06 8.72922e-06 -6.26661e-06 -8.27475e-06 7.23272e-06 1.55139e-06 -5.95397e-06 4.4095e-06
internal_weight=23510 9365 14145 8984 5161 7800 3706 7721 5421 5755 3790 4319 2379 2569 2379
internal_count=23510 9365 14145 8984 5161 7800 3706 7721 5421 5755 3790 4319 2379 2569 2379
is_linear=0
shrinkage=0.0187118


Tree=29
num_leaves=15
num_cat=0
split_feature=25 52 4 52 16 4 31 27 4 16 4 19 0 31
split_gain=0.00226991 0.000910755 0.000893923 0.000589166 0.000350446 0.0002726 0.000198586 0.0001832 0.000123104 0.000120225 0.000119613 6.88844e-05 6.7194e-05 5.09708e-05
threshold=-0.50262329198501032 0.31201143981053708 -0.31773277177907172 0.32645121644985692 0.53853383458646631 -0.70876674769630832 126.50000000000001 -37.09639258520955 -0.12703516309570917 0.45582706766917297 -0.026442987167166029 0.027249287750612087 22.500000000000004 124.50000000000001
decision_type=2 2 2 2 2 2 2 10 2 2 2 2 2 2
left_child=1 7 5 4 10 -2 -7 -1 9 -9 13 12 -6 -4
right_child=2 -3 3 -5 11 6 -8 8 -10 -11 -12 -13 -14 -15
leaf_value=4.6673031676049967e-07 -8.3503591804389345e-06 -1.9803194119596662e-05 3.9470082956258064e-06 2.0583581668247147e-05 1.235252556068002e-05 5.3178974634491165e-06 -3.3569791890535494e-06 -1.1447330418121092e-05 -2.3486133358978884e-06 -4.7819490315966267e-06 7.8758591886459126e-06 1.4460675974739717e-05 5.5266704699113442e-06 -8.3850562683421318e-07
leaf_weight=1966 1455 1644 1314 1184 1000 1950 1756 1898 1965 1892 1276 1275 1020 1915
leaf_count=1966 1455 1644 1314 1184 1000 1950 1756 1898 1965 1892 1276 1275 1020 1915
internal_value=-1.1689e-08 -7.15733e-06 4.71923e-06 8.28454e-06 6.41761e-06 -1.48706e-06 1.20751e-06 -4.4647e-06 -6.14935e-06 -8.11992e-06 3.02558e-06 1.10553e-05 8.90581e-06 1.1089e-06
internal_weight=23510 9365 14145 8984 7800 5161 3706 7721 5755 3790 4505 3295 2020 3229
internal_count=23510 9365 14145 8984 7800 5161 3706 7721 5755 3790 4505 3295 2020 3229
is_linear=0
shrinkage=0.0187118


Tree=30
num_leaves=17
num_cat=0
split_feature=25 4 36 0 42 4 4 27 27 31 50 55 55 28 48 47
split_gain=0.00218575 0.000860782 0.000495195 0.000384279 0.000263771 0.000262493 0.000209845 0.000204811 0.000197665 0.000191224 0.000132356 7.75463e-05 7.61492e-05 7.39861e-05 5.34356e-05 5.07371e-05
threshold=-0.50262329198501032 -0.31773277177907172 -0.0018083182640144522 22.500000000000004 0.0019588657380760215 -0.70876674769630832 -0.0071195375657188064 113.38746483697319 -35.623842844161594 126.50000000000001 83.333333333333471 49008.500000000007 9000.5000000000018 -0.98039215686274461 57.54611021768175 -41.666666666648759
decision_type=2 2 2 2 2 2 2 8 10 2 2 2 2 2 2 2
left_child=3 5 -3 4 12 -2 7 13 -5 -7 11 -10 -1 -4 -15 -9
right_child=1 2 6 8 -6 9 -8 15 10 -11 -12 -13 -14 14 -16 -17
leaf_value=-1.2176508119069435e-05 -8.1941088334198321e-06 1.7769194709941437e-05 1.1672987669992698e-05 1.5728001812445604e-06 -1.9554226391745187e-05 5.2183899211865032e-06 1.3966889375495511e-05 3.307976766819657e-06 -1.1580026592160204e-05 -3.2941640172951634e-06 -1.2550816717960189e-06 -5.1182421297433572e-06 -5.8951777513009781e-06 3.8888522197296e-06 9.3109029422042255e-06 -1.9353896321689168e-06
leaf_weight=1172 1455 1545 1117 1641 1054 1950 1030 1354 1403 1756 1287 1212 1596 1676 1026 1236
leaf_count=1172 1455 1545 1117 1641 1054 1950 1030 1354 1403 1756 1287 1212 1596 1676 1026 1236
internal_value=-1.14703e-08 4.63093e-06 8.12952e-06 -7.0234e-06 -1.15881e-05 -1.45924e-06 6.12746e-06 4.86758e-06 -3.87595e-06 1.18492e-06 -6.16745e-06 -8.58512e-06 -8.55476e-06 7.62227e-06 5.94771e-06 8.05736e-07
internal_weight=23510 14145 8984 9365 3822 5161 7439 6409 5543 3706 3902 2615 2768 3819 2702 2590
internal_count=23510 14145 8984 9365 3822 5161 7439 6409 5543 3706 3902 2615 2768 3819 2702 2590
is_linear=0
shrinkage=0.0187118


Tree=31
num_leaves=19
num_cat=0
split_feature=20 20 25 20 52 19 17 25 31 19 19 20 20 31 44 20 52 48
split_gain=0.00281882 0.00106688 0.000838595 0.000651489 0.000534324 0.000427599 0.000328471 0.000261967 0.000242745 0.000192737 0.000191189 0.000176155 0.000136988 0.000111143 9.04636e-05 6.16822e-05 5.19443e-05 2.42912e-05
threshold=2.4353400222965447 0.1260686883449032 -0.50309213770020811 18.017241379310349 0.31407658132525668 0.0014741874814081515 -0.38709553553143555 -1.0000000180025095e-35 99.500000000000014 0.062914533438679157 0.034013612733932781 0.69054196264141032 0.46652661064425777 105.50000000000001 -0.0016326541492072686 1.3887119603680118 0.17445524158824108 47.099261632812293
decision_type=2 2 2 2 2 2 10 2 2 2 2 2 2 2 2 2 2 2
left_child=1 8 4 5 9 7 -4 -2 -1 16 13 -12 -11 -8 -9 -15 -3 -13
right_child=3 2 6 -5 -6 -7 10 14 -10 12 11 17 -14 15 -16 -17 -18 -19
leaf_value=-2.2648439541644141e-05 -2.7423119374862049e-06 -5.8647433952792031e-06 -8.2571097750841854e-06 2.4437346993030063e-05 -1.8481640748789694e-05 1.709415979718451e-05 3.7885029577877799e-06 1.2246369674090312e-05 -1.0337599673207393e-05 -5.0730344314154193e-06 1.8527760749740209e-06 7.6684923037210487e-06 4.1881510221485056e-06 -5.6666779488109124e-06 5.0568793270087421e-06 5.1495464525235034e-07 -1.1051323470330187e-05 1.1762298475720243e-05
leaf_weight=1003 1110 1822 1029 1048 1198 1372 1605 1085 1272 1127 1954 1011 1110 1158 1408 1104 1075 1019
leaf_count=1003 1110 1822 1029 1048 1198 1372 1605 1085 1272 1127 1954 1011 1110 1158 1408 1104 1075 1019
internal_value=-1.12557e-08 -3.81378e-06 -2.02641e-06 1.10289e-05 -7.22919e-06 8.20435e-06 1.6835e-06 4.81916e-06 -1.57652e-05 -4.60347e-06 2.98637e-06 5.86319e-06 -4.77631e-07 2.25095e-08 8.18588e-06 -2.64965e-06 -7.78935e-06 9.72346e-06
internal_weight=23510 17487 15212 6023 6332 4975 8880 3603 2275 5134 7851 3984 2237 3867 2493 2262 2897 2030
internal_count=23510 17487 15212 6023 6332 4975 8880 3603 2275 5134 7851 3984 2237 3867 2493 2262 2897 2030
is_linear=0
shrinkage=0.0187118


Tree=32
num_leaves=18
num_cat=0
split_feature=49 36 36 4 24 31 4 16 4 1 4 16 16 4 16 31 31
split_gain=0.00186017 0.000628444 0.000601624 0.000381692 0.000354313 0.000346521 0.000255778 0.00017482 0.000173861 0.00012141 0.000116922 0.000114791 9.85645e-05 9.11657e-05 0.000107677 5.42748e-05 4.90471e-05
threshold=49.384503843330755 0.0031974440894568805 -0.003055769545019515 -0.80723189552829433 499.99999999998948 127.50000000000001 -0.1098705410141896 0.51597744360902265 -0.18903697212957202 114.0596403647058 -0.30522499858669228 0.53101503759398505 0.48402255639097752 -0.63268839391712339 0.53101503759398505 124.50000000000001 142.50000000000003
decision_type=2 2 2 2 10 2 2 2 2 2 2 2 2 2 2 2 2
left_child=2 3 -1 -2 6 8 13 9 12 -7 -6 -8 -5 -4 15 -15 -12
right_child=1 -3 4 5 10 7 11 -9 -10 -11 16 -13 -14 14 -16 -17 -18
leaf_value=1.8384093124366304e-05 -1.4597100624728081e-05 -1.9461609389805167e-05 -5.8952638305988891e-06 -5.087228457983337e-06 4.080321981431037e-06 -4.714553046322882e-06 3.0775269423481588e-06 -1.0503438274312938e-07 5.6865724243107178e-06 -1.1326274863539628e-05 1.4426204322890727e-05 1.0824501733087773e-05 2.4851419362718038e-06 1.0427476658886843e-06 4.6617756324770131e-06 -4.7433328681952387e-06 8.8289898551131278e-06
leaf_weight=1092 1074 1013 1089 1485 1178 1928 1810 1292 1740 1962 1007 1063 1012 1035 1270 1257 1203
leaf_count=1092 1074 1013 1089 1485 1178 1928 1810 1292 1740 1962 1007 1063 1012 1035 1270 1257 1203
internal_value=-1.10451e-08 -5.38713e-06 5.14201e-06 -4.02838e-06 3.81683e-06 -2.82328e-06 1.55425e-06 -6.06861e-06 1.14587e-06 -8.04931e-06 8.84153e-06 5.94388e-06 -2.01825e-06 -1.1573e-06 2.91221e-07 -2.13051e-06 1.13794e-05
internal_weight=23510 11506 12004 10493 10912 9419 7524 5182 4237 3890 3388 2873 2497 4651 3562 2292 2210
internal_count=23510 11506 12004 10493 10912 9419 7524 5182 4237 3890 3388 2873 2497 4651 3562 2292 2210
is_linear=0
shrinkage=0.0187118


Tree=33
num_leaves=19
num_cat=0
split_feature=20 20 25 20 19 17 55 25 31 19 27 19 50 31 27 20 27 16
split_gain=0.00266204 0.00100112 0.000783215 0.000623803 0.000407213 0.00031033 0.00026274 0.000245132 0.000233416 0.000184123 0.000222013 0.000180749 0.000108015 0.000104451 9.69481e-05 8.08327e-05 6.42143e-05 5.00045e-05
threshold=2.4353400222965447 0.1260686883449032 -0.50309213770020811 18.017241379310349 0.0014741874814081515 -0.38709553553143555 9104.5000000000018 -1.0000000180025095e-35 100.50000000000001 0.034013612733932781 -735.18884780404164 0.019665043742746139 66.666666666669911 105.50000000000001 553.36319949391702 0.69054196264141032 131.95912495434735 0.41165413533834588
decision_type=2 2 2 2 2 10 2 2 2 2 10 2 2 2 8 2 8 2
left_child=1 8 6 4 7 -4 -3 -2 -1 13 -11 17 -13 -7 -9 -12 -15 -8
right_child=3 2 5 -5 -6 9 11 14 -10 10 15 12 -14 16 -16 -17 -18 -19
leaf_value=-2.1961258891583442e-05 -2.6639768829616979e-06 -1.2967401579114822e-05 -8.0515805010546857e-06 2.3838342838499917e-05 1.6629320233047368e-05 3.6192802231471336e-06 -1.1182365486022453e-05 1.1357803769010877e-05 -9.903852807237058e-06 -8.861881677386078e-07 5.0364040010138212e-06 -5.0967495530947698e-06 3.2397707637971366e-06 7.9544538744362825e-07 3.9612188884161992e-06 1.150281412439869e-05 -5.5305035858095632e-06 -5.6636409783022761e-06
leaf_weight=1015 1110 1836 1029 1048 1372 1605 1068 1330 1260 1236 1207 1033 1150 1040 1163 1541 1222 1245
leaf_count=1015 1110 1836 1029 1048 1372 1605 1068 1330 1260 1236 1207 1033 1150 1040 1163 1541 1222 1245
internal_value=-1.08384e-08 -3.7061e-06 -1.97469e-06 1.07179e-05 7.95401e-06 1.61062e-06 -7.00274e-06 4.6505e-06 -1.52833e-05 2.87701e-06 5.70016e-06 -4.56699e-06 -7.05086e-07 -3.15651e-08 7.90725e-06 8.66258e-06 -2.62202e-06 -8.21185e-06
internal_weight=23510 17487 15212 6023 4975 8880 6332 3603 2275 7851 3984 4496 2183 3867 2493 2748 2262 2313
internal_count=23510 17487 15212 6023 4975 8880 6332 3603 2275 7851 3984 4496 2183 3867 2493 2748 2262 2313
is_linear=0
shrinkage=0.0187118


Tree=34
num_leaves=19
num_cat=0
split_feature=20 20 37 19 20 17 16 36 26 52 31 26 31 0 20 54 30 31
split_gain=0.00257269 0.000940185 0.00074587 0.00062115 0.000554756 0.000433552 0.000305581 0.00019379 0.000156118 0.000162091 0.000131388 0.000121128 8.95567e-05 8.01898e-05 7.28341e-05 6.89235e-05 6.56882e-05 6.53645e-05
threshold=1.147923253808566 14.455555555555557 0.0027491421920582408 0.099585266693964072 0.070194107222709898 -0.10548440654164593 0.52819548872180466 -0.0014194471308833221 -0.0010916169767281067 0.20401921502516154 96.500000000000014 -0.0060148481344392503 123.50000000000001 15.500000000000002 2.6568921232876721 0.87146255782622817 17.500000000000004 76.500000000000014
decision_type=2 2 2 2 2 10 2 2 10 2 2 10 2 2 2 2 2 2
left_child=2 3 4 5 -1 11 8 -7 9 12 -8 -2 17 -9 -13 -12 -14 -6
right_child=1 -3 -4 -5 6 7 10 13 -10 -11 15 14 16 -15 -16 -17 -18 -19
leaf_value=-1.7082722691349242e-05 -5.5509115156309879e-06 2.167681380496856e-05 -1.9968792676223769e-05 1.4914357098690053e-05 -5.014075348328608e-06 1.4447746032133735e-05 -3.9913163970463898e-06 8.3292227183911601e-06 1.7590667417201897e-06 -1.1479387700644814e-05 8.9960546762286913e-07 -1.645067172898615e-06 -1.0036163381906362e-05 1.220107671115091e-06 4.5878494706014243e-06 7.1584449974338372e-06 -4.1082208503267751e-06 1.6532614318042079e-06
leaf_weight=1064 1596 1311 1152 1713 994 1001 1028 1042 999 1539 1255 1576 1185 1190 1125 1210 1462 1068
leaf_count=1064 1596 1311 1152 1713 994 1001 1028 1042 999 1539 1255 1576 1185 1190 1125 1210 1462 1068
internal_value=-1.06356e-08 6.84757e-06 -5.59735e-06 4.74423e-06 -4.19478e-06 2.43063e-06 -2.91799e-06 7.60692e-06 -5.10927e-06 -6.20745e-06 1.6283e-06 -1.46394e-06 -4.48447e-06 4.53897e-06 9.51019e-07 3.9719e-06 -6.76202e-06 -1.56077e-06
internal_weight=23510 10554 12956 9243 11804 7530 10740 3233 7247 6248 3493 4297 4709 2232 2701 2465 2647 2062
internal_count=23510 10554 12956 9243 11804 7530 10740 3233 7247 6248 3493 4297 4709 2232 2701 2465 2647 2062
is_linear=0
shrinkage=0.0187118


Tree=35
num_leaves=20
num_cat=0
split_feature=20 20 20 25 19 52 36 52 15 19 27 25 1 19 15 20 1 20 55
split_gain=0.00237662 0.00079522 0.000707454 0.000515538 0.00051299 0.000342289 0.00033523 0.00023633 0.000227687 0.000238908 0.000176428 0.000151147 0.000137678 0.000128344 0.000105155 8.43125e-05 6.2863e-05 5.24685e-05 3.20341e-05
threshold=1.5966726003012461 0.12055224790211432 18.017241379310349 -0.50352856925817868 -0.0052772606477393671 0.31407658132525668 -0.0012430085596860649 0.18015889627939699 0.035570054492828004 0.034013612733932781 -869.29289306857436 -0.49999999999999106 61.552546248755512 0.062914533438679157 0.12133837362378742 0.42793776309060155 146.71394698111678 0.69054196264141032 37393.500000000007
decision_type=2 2 2 2 2 2 2 2 10 2 10 2 2 2 10 2 2 2 2
left_child=1 7 4 5 6 13 -2 -1 -5 14 -11 -8 -6 18 -10 -15 -13 -12 -3
right_child=2 3 -4 8 12 -7 11 -9 9 10 17 16 -14 15 -16 -17 -18 -19 -20
leaf_value=-9.4493807682096383e-06 1.1427529102848058e-05 -1.0111287130134778e-05 2.2059062215743587e-05 -7.5573581690811653e-06 7.3471217580202389e-06 -1.6466966430346961e-05 -4.4964048184918739e-06 -2.1816438050139039e-05 1.5062967581997386e-06 -1.027482461141277e-06 5.510043383601723e-06 5.6134639557360084e-06 1.6323477576294781e-05 -5.2120780823975536e-06 -5.9934817578814175e-06 2.3310043105692739e-06 -3.5573857887658927e-07 1.1245621204917813e-05 -5.6368549837104235e-06
leaf_weight=1156 1107 1187 1034 1078 1019 1130 1678 1017 1242 1109 1243 1300 1449 1068 1384 1009 1177 1014 1061
leaf_count=1156 1107 1187 1034 1078 1019 1130 1678 1017 1242 1109 1243 1300 1449 1068 1384 1009 1177 1014 1061
internal_value=-1.89311e-07 -4.78801e-06 7.52312e-06 -2.97512e-06 5.57873e-06 -7.29697e-06 2.27748e-06 -1.52374e-05 3.59487e-07 1.78378e-06 5.08395e-06 -1.60329e-07 1.26173e-05 -4.90111e-06 -2.44637e-06 -1.54767e-06 2.77707e-06 8.08686e-06 -7.99947e-06
internal_weight=23462 14698 8764 12525 7730 5455 5262 2173 7070 5992 3366 4155 2468 4325 2626 2077 2477 2257 2248
internal_count=23462 14698 8764 12525 7730 5455 5262 2173 7070 5992 3366 4155 2468 4325 2626 2077 2477 2257 2248
is_linear=0
shrinkage=0.0187118


Tree=36
num_leaves=20
num_cat=0
split_feature=20 20 20 25 19 49 52 17 52 55 1 37 27 27 19 19 20 18 44
split_gain=0.00228851 0.000765739 0.000681226 0.000497949 0.000493971 0.000355564 0.0003463 0.000242026 0.000227569 0.00015902 0.000132574 0.000126473 0.000120879 0.000156287 0.000104083 6.10264e-05 4.61341e-05 4.22707e-05 4.15972e-05
threshold=1.5966726003012461 0.12055224790211432 18.017241379310349 -0.20076854762755905 -0.0052772606477393671 49.384503843330755 0.20161792586349139 -0.30510736959129331 0.18015889627939699 9207.0000000000018 61.552546248755512 -0.0016012820512820711 2.3689628240735754 -249.99058415677516 0.040779818288488208 -0.60278952562873644 0.43551971326164879 -0.14450908345177185 -0.0010204081632652626
decision_type=2 2 2 2 2 2 2 10 2 2 2 2 10 10 2 2 2 10 2
left_child=1 8 4 6 5 11 14 -5 -1 -8 -6 -2 13 -9 -3 -7 -16 -14 -13
right_child=2 3 -4 7 10 15 9 12 -10 -11 -12 18 17 -15 16 -17 -18 -19 -20
leaf_value=-9.2725657643520276e-06 1.1591574629642537e-05 -6.8656962991707284e-06 2.1646297153644399e-05 -5.8164041660305897e-06 7.2096438264014139e-06 -7.1469757376118338e-06 -1.8112512853915984e-05 -3.5211135346905998e-07 -2.1408212934808406e-05 -7.9142739173922583e-06 1.6018035665464202e-05 6.2155031861312642e-06 1.8551648623515518e-06 8.4202769633718153e-06 -3.4327607775249532e-06 -6.9870448773264501e-07 2.1718564548167207e-06 -3.5071180005182918e-06 1.0573174628827833e-06
leaf_weight=1156 1015 1707 1034 1568 1019 1001 1042 1165 1017 1101 1449 1080 1006 1825 1023 1056 1034 1054 1110
leaf_count=1156 1015 1707 1034 1568 1019 1001 1042 1165 1017 1101 1449 1080 1006 1825 1023 1056 1034 1054 1110
internal_value=-1.85768e-07 -4.69842e-06 7.38235e-06 -2.91945e-06 5.47434e-06 2.23486e-06 -6.86857e-06 6.05389e-07 -1.49523e-05 -1.2873e-05 1.23812e-05 6.13161e-06 2.59932e-06 5.00227e-06 -3.44999e-06 -3.83663e-06 -6.15465e-07 -8.88448e-07 3.60108e-06
internal_weight=23462 14698 8764 12525 7730 5262 5907 6618 2173 2143 2468 3205 5050 2990 3764 2057 2057 2060 2190
internal_count=23462 14698 8764 12525 7730 5262 5907 6618 2173 2143 2468 3205 5050 2990 3764 2057 2057 2060 2190
is_linear=0
shrinkage=0.0187118


Tree=37
num_leaves=17
num_cat=0
split_feature=20 20 37 19 20 25 19 43 31 19 20 31 1 25 27 1
split_gain=0.00220849 0.000754947 0.000663116 0.000531586 0.000502478 0.000451506 0.000361428 0.000251093 0.000197446 0.000151152 0.000136658 0.000135346 0.000166383 0.000126418 0.00015866 4.65259e-05
threshold=1.147923253808566 14.455555555555557 0.0027491421920582408 0.20335307317687781 0.21136116000335262 -0.49999999999999106 0.034013612733932781 -0.0031529173183468813 84.500000000000014 -1.5336337479901656 2.4353400222965447 122.50000000000001 156.15824222968175 -0.50336020902389966 -869.29289306857436 114.42232017728261
decision_type=2 2 2 2 2 2 2 2 2 2 2 2 2 2 10 2
left_child=2 3 4 5 8 15 11 -7 -1 -9 -11 12 -6 -8 -15 -2
right_child=1 -3 -4 -5 6 7 13 9 -10 10 -12 -13 -14 14 -16 -17
leaf_value=-1.7404776975243541e-05 -1.8224555781186472e-06 1.948919080926703e-05 -1.8918678860003301e-05 1.5319827510129424e-05 -7.6372326698342421e-06 1.3518083329778983e-05 -2.11005352944863e-06 -2.6394930162685009e-06 -7.2183040573015528e-06 1.525217610094175e-06 9.1685588331927176e-06 -9.708979087014933e-06 2.5127184984644477e-06 -1.552739622780897e-06 7.5127277723407322e-06 -6.9769565950385168e-06
leaf_weight=1015 1349 1307 1151 1313 1198 1088 1854 1070 1939 1591 1688 1808 1071 1075 1821 1124
leaf_count=1015 1349 1307 1151 1313 1198 1088 1854 1070 1939 1591 1688 1808 1071 1075 1821 1124
internal_value=-1.82292e-07 6.1798e-06 -5.36268e-06 4.29371e-06 -4.03827e-06 2.46346e-06 -1.80273e-06 5.47849e-06 -1.07184e-05 3.46721e-06 5.45994e-06 -5.88965e-06 -2.84631e-06 1.70514e-06 4.14761e-06 -4.16522e-06
internal_weight=23462 10530 12932 9223 11781 7910 8827 5437 2954 4349 3279 4077 2269 4750 2896 2473
internal_count=23462 10530 12932 9223 11781 7910 8827 5437 2954 4349 3279 4077 2269 4750 2896 2473
is_linear=0
shrinkage=0.0187118


Tree=38
num_leaves=19
num_cat=0
split_feature=20 20 25 20 26 19 19 27 20 55 54 19 20 19 49 20 13 16
split_gain=0.00213182 0.000861228 0.000584536 0.000466405 0.000353252 0.000313602 0.000246734 0.000264581 0.000210384 0.000150864 0.000146027 0.000144367 0.000111233 9.18785e-05 8.03536e-05 6.17309e-05 4.80353e-05 3.82873e-05
threshold=2.4353400222965447 0.21860135837702707 -0.50311137927505223 18.017241379310349 -0.0025740895059030351 0.062914533438679157 0.034013612733932781 -869.29289306857436 0.055327558657808432 9104.5000000000018 0.87146255782622817 -0.06063697503027931 0.5680236686390534 -0.21935500099942115 44.802241120165107 1.0997237569060776 -0.1551542279868616 0.41165413533834588
decision_type=2 2 2 2 10 2 2 10 2 2 2 2 2 2 2 2 10 2
left_child=1 8 5 4 13 9 14 -8 -1 -3 -10 -6 -7 -2 15 -4 -9 -11
right_child=3 2 6 -5 11 12 7 16 10 17 -12 -13 -14 -15 -16 -17 -18 -19
leaf_value=-1.8846438979032163e-05 -2.1390138315566091e-06 -1.564509568268203e-05 -2.4514015596612555e-06 2.0876577617876603e-05 7.6575850463932024e-06 -4.4851485874471358e-06 -1.6460557330908655e-06 1.1163020944782373e-05 -1.4081928557008237e-05 -9.6349556446686873e-06 -4.9882263563329571e-06 1.6654856494254518e-05 4.0897099658052645e-06 5.1611001353463913e-06 -5.1382421033967173e-06 2.9777747065323319e-06 6.1387545679830762e-06 -4.9269678404660018e-06
leaf_weight=1025 1055 1007 1409 1034 1288 1115 1357 1256 1065 1097 1474 1212 1009 1411 1352 1529 1419 1348
leaf_count=1025 1055 1007 1409 1034 1288 1115 1357 1256 1065 1097 1474 1212 1009 1411 1352 1529 1419 1348
internal_value=-1.78881e-07 -3.48515e-06 -1.38078e-06 9.44345e-06 7.06289e-06 -6.06889e-06 1.7604e-06 5.08382e-06 -1.16912e-05 -9.54974e-06 -8.80264e-06 1.20195e-05 -4.11686e-07 2.03798e-06 -1.36315e-06 3.74061e-07 8.49781e-06 -7.03931e-06
internal_weight=23462 17462 13898 6000 4966 5576 8322 4032 3564 3452 2539 2500 2124 2466 4290 2938 2675 2445
internal_count=23462 17462 13898 6000 4966 5576 8322 4032 3564 3452 2539 2500 2124 2466 4290 2938 2675 2445
is_linear=0
shrinkage=0.0187118


Tree=39
num_leaves=19
num_cat=0
split_feature=20 20 37 19 25 20 19 17 52 31 16 31 1 52 52 18 17 20
split_gain=0.00205806 0.000700619 0.000629216 0.000505677 0.000469127 0.000463674 0.000334686 0.000299001 0.000217298 0.000189717 0.000176104 0.00012967 0.00016003 0.000113955 7.23422e-05 6.79825e-05 4.3063e-05 4.12978e-05
threshold=1.147923253808566 14.455555555555557 0.0027491421920582408 0.29035629855341233 -0.49999999999999106 0.21136116000335262 0.034013612733932781 -0.129571253035312 0.21350029365703074 84.500000000000014 0.5413533834586467 122.50000000000001 156.15824222968175 0.18716310343696127 0.17757860722913418 -0.15519758637510719 -0.25945335127702523 0.47558265582655829
decision_type=2 2 2 2 2 2 2 10 2 2 2 2 2 2 2 10 10 2
left_child=2 3 5 4 13 9 11 16 15 -1 14 12 -7 -2 17 -9 -6 -8
right_child=1 -3 -4 -5 7 6 10 8 -10 -11 -12 -13 -14 -15 -16 -17 -18 -19
leaf_value=-1.6857467965791211e-05 -8.4628020143574574e-07 1.8787621616252587e-05 -1.8381320077245218e-05 1.624987188211867e-05 -2.2910414639419234e-06 -7.3913328507793137e-06 -1.7668582655213798e-06 9.0963968435735027e-06 1.6054123887496279e-05 -6.8723741841310733e-06 6.6826394970427495e-06 -9.4099828522041753e-06 2.5629617781091409e-06 -8.9181392933201187e-06 -5.1077696603475106e-06 2.5709486835491051e-06 2.8453972794129754e-06 3.4288652436498574e-06
leaf_weight=1015 1519 1307 1151 1069 1097 1198 1008 1121 1083 1939 1604 1808 1071 1026 995 1115 1193 1143
leaf_count=1015 1519 1307 1151 1069 1097 1198 1008 1121 1083 1939 1604 1808 1071 1026 995 1115 1193 1143
internal_value=-1.75534e-07 5.96606e-06 -5.17638e-06 4.1491e-06 2.56268e-06 -3.88626e-06 -1.73878e-06 5.58595e-06 9.17454e-06 -1.03033e-05 1.63683e-06 -5.67161e-06 -2.69276e-06 -4.1004e-06 -9.35801e-07 5.84243e-06 3.8484e-07 9.94048e-07
internal_weight=23462 10530 12932 9223 8154 11781 8827 5609 3319 2954 4750 4077 2269 2545 3146 2236 2290 2151
internal_count=23462 10530 12932 9223 8154 11781 8827 5609 3319 2954 4750 4077 2269 2545 3146 2236 2290 2151
is_linear=0
shrinkage=0.0187118


Tree=40
num_leaves=19
num_cat=0
split_feature=20 20 25 20 52 26 17 52 19 52 20 19 27 19 15 31 20 18
split_gain=0.00198918 0.000798051 0.000557157 0.000432663 0.000403516 0.000332062 0.000283026 0.000212117 0.000157918 0.000157787 0.000150042 0.000140721 0.000214726 8.70838e-05 8.64839e-05 6.24672e-05 5.4719e-05 4.26869e-05
threshold=2.4353400222965447 0.12055224790211432 -0.50309213770020811 18.017241379310349 0.31407658132525668 -0.0025740895059030351 -0.38709553553143555 0.18015889627939699 0.062914533438679157 0.20039329487206228 0.46652661064425777 0.034013612733932781 -869.29289306857436 -0.21935500099942115 0.12311621334104154 116.50000000000001 0.69054196264141032 -0.13614443896465914
decision_type=2 2 2 2 2 10 10 2 2 2 2 2 10 2 10 2 2 10
left_child=1 7 4 5 8 13 -4 -1 17 -7 -10 14 -13 -2 15 -8 -14 -3
right_child=3 2 6 -5 -6 9 11 -9 10 -11 -12 12 16 -15 -16 -17 -18 -19
leaf_value=-8.4932118209855613e-06 -2.1086571529067105e-06 -4.9757969396024631e-06 -8.035261023726012e-06 2.0134388390601517e-05 -1.5732557534507061e-05 7.7166242118556157e-06 5.7799420168642263e-06 -2.0209614482977481e-05 -4.7630965572332469e-06 1.7274541411739986e-05 4.9135320139508407e-06 -1.6603595645524428e-06 4.7673826300436825e-06 4.9984259319404747e-06 -3.2376233577901556e-06 -6.8588396428827509e-07 1.0046849152189201e-05 -9.7136682963122376e-06
leaf_weight=1156 1055 1857 1036 1034 1226 1475 996 1017 1155 1025 1091 1240 1237 1411 1764 1102 1547 1038
leaf_count=1156 1055 1857 1036 1034 1226 1475 996 1017 1155 1025 1091 1240 1237 1411 1764 1102 1547 1038
internal_value=-1.72249e-07 -3.36599e-06 -1.85791e-06 9.12259e-06 -6.08633e-06 6.82976e-06 1.15962e-06 -1.39767e-05 -3.78595e-06 1.16354e-05 -6.26494e-08 2.36757e-06 4.81632e-06 1.95788e-06 -1.83892e-07 2.38369e-06 7.70105e-06 -6.67456e-06
internal_weight=23462 17462 15289 6000 6367 4966 8922 2173 5141 2500 2246 7886 4024 2466 3862 2098 2784 2895
internal_count=23462 17462 15289 6000 6367 4966 8922 2173 5141 2500 2246 7886 4024 2466 3862 2098 2784 2895
is_linear=0
shrinkage=0.0187118


Tree=41
num_leaves=19
num_cat=0
split_feature=20 37 20 20 19 19 49 16 31 25 31 16 36 20 52 16 19 55
split_gain=0.00192048 0.000648213 0.000565301 0.000503974 0.000434302 0.000351784 0.00031128 0.000194403 0.000180922 0.000179105 0.000153689 0.000141315 0.000114199 8.17664e-05 7.55796e-05 5.68083e-05 5.42059e-05 3.40243e-05
threshold=1.5966726003012461 0.0027491421920582408 18.017241379310349 0.21136116000335262 -0.0052772606477393671 0.034013612733932781 49.384503843330755 0.5413533834586467 84.500000000000014 -1.0000000180025095e-35 122.50000000000001 0.54605263157894746 -0.0013063362856020608 0.76831622563329893 0.17445524158824108 0.46334586466165417 -0.60278952562873644 14761.500000000002
decision_type=2 2 2 2 2 2 2 2 2 2 2 2 2 2 2 2 2 2
left_child=1 3 4 8 6 9 12 13 -1 14 -11 -6 -2 15 -5 -7 -8 -14
right_child=2 -3 -4 5 11 7 16 -9 -10 10 -12 -13 17 -15 -16 -17 -18 -19
leaf_value=-1.6334564245664162e-05 1.089446857044952e-05 -1.7208872406364494e-05 1.9757637539428701e-05 -5.4714292223832589e-06 7.4040193709582716e-06 -5.6471889738079598e-06 -6.8124435570382229e-06 7.1178222401702257e-06 -6.5836621685062175e-06 2.0549300445786634e-06 -6.7062675940009271e-06 1.6394210261573437e-05 5.5628625136818721e-06 4.0953895022777032e-06 -1.2315591537846992e-05 1.1299453960785642e-07 -7.3518596793233307e-07 9.1811091734410083e-07
leaf_weight=1015 996 1247 1034 1241 1343 1009 1001 1836 1939 1694 1196 1125 1115 1007 1037 1477 1056 1094
leaf_count=1015 996 1247 1034 1241 1343 1009 1001 1836 1939 1694 1196 1125 1115 1007 1037 1477 1056 1094
internal_value=-1.69026e-07 -4.30293e-06 6.76389e-06 -3.10646e-06 5.02579e-06 -1.18507e-06 1.98827e-06 2.18826e-06 -9.93409e-06 -4.6635e-06 -1.57081e-06 1.15021e-05 5.63429e-06 -4.02822e-07 -8.58706e-06 -2.22491e-06 -3.69257e-06 3.26257e-06
internal_weight=23462 14698 8764 13451 7730 10497 5262 5329 2954 5168 2890 2468 3205 3493 2278 2486 2057 2209
internal_count=23462 14698 8764 13451 7730 10497 5262 5329 2954 5168 2890 2468 3205 3493 2278 2486 2057 2209
is_linear=0
shrinkage=0.0187118


Tree=42
num_leaves=18
num_cat=0
split_feature=20 20 25 52 20 19 17 0 17 19 20 19 37 50 16 16 0
split_gain=0.00197809 0.000766247 0.000595468 0.000528071 0.000443002 0.00035133 0.000242925 0.000181149 0.000180943 0.000177997 0.000164337 0.000160722 8.51269e-05 6.34842e-05 4.99197e-05 4.21383e-05 2.9975e-05
threshold=2.4353400222965447 0.070194107222709898 -0.50309213770020811 0.30898654311297541 18.017241379310349 0.0014741874814081515 -0.30510736959129331 5.5000000000000009 -0.2366848541587431 0.3434908456261781 0.48586238140923149 0.19508506581659549 -0.0012158059204205316 83.333333333333073 0.51409774436090239 0.46334586466165417 22.500000000000004
decision_type=2 2 2 2 2 2 10 2 10 2 2 2 2 2 2 2 2
left_child=1 -1 3 9 5 8 7 -4 -2 13 -8 14 -10 15 -12 -3 -16
right_child=4 2 6 -5 -6 -7 10 -9 12 -11 11 -13 -14 -15 16 -17 -18
leaf_value=-1.6905104808263198e-05 -2.3424409229349768e-06 -9.0657180258230813e-06 -9.9709021245720803e-06 -1.6413508691869081e-05 2.0359817036087989e-05 1.516670875641501e-05 -2.1362827627986332e-06 8.9062888823290332e-07 1.0993208544083437e-05 2.466701232343044e-06 1.7117048093273255e-07 9.6290027905849413e-06 3.928936982419833e-06 -2.320394646679553e-06 6.7143704021010252e-06 -4.3033871961605863e-06 2.1789941439020505e-06
leaf_weight=1294 1100 1590 1040 1389 1063 1353 1766 1113 1000 1327 1822 1506 1483 1507 1014 1101 1027
leaf_count=1294 1100 1590 1040 1389 1063 1353 1766 1113 1000 1327 1822 1506 1483 1507 1014 1101 1027
internal_value=1.30444e-07 -3.04878e-06 -1.94212e-06 -6.09986e-06 9.4026e-06 7.04289e-06 1.15291e-06 -4.356e-06 3.9752e-06 -3.50698e-06 2.81523e-06 4.44391e-06 6.77399e-06 -5.39527e-06 2.42249e-06 -7.11725e-06 4.43224e-06
internal_weight=23495 17496 16202 6914 5999 4936 9288 2153 3583 5525 7135 5369 2483 4198 3863 2691 2041
internal_count=23495 17496 16202 6914 5999 4936 9288 2153 3583 5525 7135 5369 2483 4198 3863 2691 2041
is_linear=0
shrinkage=0.0187118


Tree=43
num_leaves=17
num_cat=0
split_feature=25 36 52 17 15 1 54 0 51 19 36 48 0 31 31 47
split_gain=0.00143109 0.000649789 0.000632875 0.000420039 0.000205216 0.000142689 0.000140288 0.000139986 0.000113658 9.52644e-05 9.48139e-05 9.38612e-05 5.52088e-05 5.05358e-05 6.26434e-05 2.41955e-05
threshold=-0.49999999999999106 -0.003055769545019515 0.31201143981053708 -0.13641716158099523 0.035570054492828004 623.95402080162364 -6.9749091736757949 70.500000000000014 77.777777777776237 0.04361651913038856 0.0015961702105976585 55.50965577338436 21.500000000000004 125.50000000000001 203.50000000000003 -2.8421709430402592e-11
decision_type=2 2 2 10 8 2 2 2 2 2 2 2 2 2 2 2
left_child=2 -2 7 4 -3 11 -6 10 -9 15 13 12 -5 -1 -15 -8
right_child=1 3 -4 5 6 -7 9 8 -10 -11 -12 -13 -14 14 -16 -17
leaf_value=-1.361932869680682e-06 1.7738337087406353e-05 -6.893198018953542e-06 -1.5704981055569818e-05 9.1262057890469516e-06 -4.0438771079984465e-06 1.150130164733317e-06 2.3332258825382386e-06 -3.0149732560317065e-06 4.9433374337376898e-06 6.0112916332093188e-06 -1.009171944218103e-05 1.2353961656737233e-05 4.2503408354870929e-06 -7.9114852964468433e-06 -1.9708347322708257e-06 -1.6409868886270798e-06
leaf_weight=1870 1108 1361 1713 1431 1326 1383 1031 1448 1110 1907 995 1261 1883 1477 1073 1118
leaf_count=1870 1108 1361 1713 1431 1326 1383 1031 1448 1110 1907 995 1261 1883 1477 1073 1118
internal_value=1.28003e-07 3.99571e-06 -5.38605e-06 2.79684e-06 -4.01803e-07 6.41691e-06 1.23974e-06 -3.16902e-06 4.38397e-07 2.96708e-06 -4.87314e-06 8.00904e-06 6.35576e-06 -3.69837e-06 -5.41175e-06 2.65672e-07
internal_weight=23495 13809 9686 12701 6743 5958 5382 7973 2558 4056 5415 4575 3314 4420 2550 2149
internal_count=23495 13809 9686 12701 6743 5958 5382 7973 2558 4056 5415 4575 3314 4420 2550 2149
is_linear=0
shrinkage=0.0187118


Tree=44
num_leaves=18
num_cat=0
split_feature=20 20 25 52 20 37 15 31 27 27 27 27 31 52 51 31 51
split_gain=0.00188107 0.000733794 0.000546179 0.000490813 0.000424882 0.000293033 0.000209137 0.00020137 0.000168762 0.000150822 0.000144589 0.000139926 0.000137706 0.000103617 7.65938e-05 4.63053e-05 4.27557e-05
threshold=2.4353400222965447 0.070194107222709898 -0.50309213770020811 0.30898654311297541 18.017241379310349 -0.0016012820512820711 0.035570054492828004 64.500000000000014 61.288586490765042 -35.623842844161594 -735.18884780404164 50.980596489855053 56.500000000000007 0.19902458633837386 83.333333333333087 123.50000000000001 55.555555555556055
decision_type=2 2 2 2 2 2 10 2 10 10 10 8 2 2 2 2 2
left_child=1 -1 3 9 5 -2 -4 -8 10 -3 -9 12 -7 16 15 -11 -12
right_child=4 2 6 -5 -6 11 7 8 -10 14 13 -13 -14 -15 -16 -17 -18
leaf_value=-1.6534394754490968e-05 1.5466251487529675e-05 1.9686341250034624e-06 -5.7598532979401795e-06 -1.5816801371862643e-05 1.9898325558047878e-05 2.8587433591009059e-06 -3.883451802248536e-06 4.0357676978113219e-07 -1.3947435211973618e-06 -3.7336568317802695e-06 3.2623746428543289e-06 6.7071246403863804e-07 1.2592976288807646e-05 1.26506321809297e-05 -9.5287644429312444e-07 -8.5040151784295652e-06 8.3628423450587413e-06
leaf_weight=1294 1081 1386 1342 1389 1063 1000 1526 1383 1691 1145 1341 1819 1036 997 1108 1886 1008
leaf_count=1294 1081 1386 1342 1389 1063 1000 1526 1383 1691 1145 1341 1819 1036 997 1108 1886 1008
internal_value=1.25608e-07 -2.97467e-06 -1.8917e-06 -5.87365e-06 9.16753e-06 6.85659e-06 1.07246e-06 2.22637e-06 3.67865e-06 -3.37391e-06 5.49279e-06 4.44231e-06 7.81192e-06 7.59632e-06 -5.16294e-06 -6.70195e-06 5.45108e-06
internal_weight=23495 17496 16202 6914 5999 4936 9288 7946 6420 5525 4729 3855 2036 3346 4139 3031 2349
internal_count=23495 17496 16202 6914 5999 4936 9288 7946 6420 5525 4729 3855 2036 3346 4139 3031 2349
is_linear=0
shrinkage=0.0187118


Tree=45
num_leaves=18
num_cat=0
split_feature=20 20 25 52 31 20 31 17 19 20 19 49 11 31 27 31 31
split_gain=0.00181134 0.00070659 0.00052593 0.000472616 0.000412036 0.000523193 0.000429762 0.000222722 0.000166544 0.000156838 0.000150536 0.000110149 8.1737e-05 7.85445e-05 8.71363e-05 7.06323e-05 5.92644e-05
threshold=2.4353400222965447 0.070194107222709898 -0.50309213770020811 0.30898654311297541 192.50000000000003 10.020000000000001 50.500000000000007 -0.30510736959129331 0.3434908456261781 0.48586238140923149 0.19508506581659549 9.8913458444062297 -0.5515267175572518 121.50000000000001 44.236323421316392 123.50000000000001 198.50000000000003
decision_type=2 2 2 2 2 2 2 10 2 2 2 2 8 2 10 2 2
left_child=1 -1 3 8 5 6 -2 12 15 -9 13 -6 -4 -11 -15 -3 -17
right_child=4 2 7 -5 11 -7 -8 9 -10 10 -12 -13 -14 14 -16 16 -18
leaf_value=-1.6225006232321748e-05 -9.8455245922089781e-07 -2.1673313587422097e-06 -3.4756761384443944e-07 -1.5520840381116655e-05 6.414050239148499e-06 2.2956382823721771e-05 1.4116620981657521e-05 -2.1931291575425797e-06 2.4675137620816119e-06 5.5364768315392286e-06 9.2532878033610223e-06 -2.2295272992761425e-06 -7.6528823492786995e-06 3.3014063577098728e-06 -4.0200932709022512e-06 -9.6201273782814449e-06 -3.8222578847253202e-06
leaf_weight=1294 1100 1681 1011 1389 1067 1183 1649 1766 1327 1551 1506 1000 1142 1299 1013 1432 1085
leaf_count=1294 1100 1681 1011 1389 1067 1183 1649 1766 1327 1551 1506 1000 1142 1299 1013 1432 1085
internal_value=1.23257e-07 -2.91901e-06 -1.85631e-06 -5.76374e-06 8.99599e-06 1.25516e-05 8.07395e-06 1.0524e-06 -3.31078e-06 2.6441e-06 4.23518e-06 2.23235e-06 -4.22247e-06 2.27886e-06 9.3499e-08 -5.13732e-06 -7.12085e-06
internal_weight=23495 17496 16202 6914 5999 3932 2749 9288 5525 7135 5369 2067 2153 3863 2312 4198 2517
internal_count=23495 17496 16202 6914 5999 3932 2749 9288 5525 7135 5369 2067 2153 3863 2312 4198 2517
is_linear=0
shrinkage=0.0187118


Tree=46
num_leaves=18
num_cat=0
split_feature=20 20 25 52 52 19 17 20 0 19 20 19 47 31 27 31 31
split_gain=0.00174418 0.000680394 0.000506432 0.000455095 0.000405893 0.000323423 0.000214465 0.000203617 0.000170995 0.000160369 0.000151024 0.000144955 7.60823e-05 7.56326e-05 8.39058e-05 6.80137e-05 5.70672e-05
threshold=2.4353400222965447 0.070194107222709898 -0.50309213770020811 0.30898654311297541 0.27988993496199205 0.0038731230332338389 -0.30510736959129331 10.577380952380954 5.5000000000000009 0.3434908456261781 0.48586238140923149 0.19508506581659549 -47.61904761904232 121.50000000000001 44.236323421316392 123.50000000000001 198.50000000000003
decision_type=2 2 2 2 2 2 10 2 2 2 2 2 2 2 10 2 2
left_child=1 -1 3 9 5 7 8 12 -4 15 -8 13 -2 -12 -15 -3 -17
right_child=4 2 6 -5 -6 -7 10 -9 -10 -11 11 -13 -14 14 -16 16 -18
leaf_value=-1.5921406889178443e-05 4.1238407364811551e-06 -2.1267766562015707e-06 -9.5987315683879761e-06 -1.5230417238619361e-05 1.8550988677060153e-05 1.5497451332767831e-05 -2.1520917919677598e-06 1.0117468511143731e-05 9.5399975251443915e-07 2.4213421073909866e-06 5.432879319453843e-06 9.0801420369665774e-06 -2.3739783029130989e-06 3.2396310744590488e-06 -3.9448700234263925e-06 -9.4401172982074912e-06 -3.750736496330133e-06
leaf_weight=1294 1225 1681 1040 1389 1202 1063 1766 1208 1113 1327 1551 1506 1301 1299 1013 1432 1085
leaf_count=1294 1225 1681 1040 1389 1202 1063 1766 1208 1113 1327 1551 1506 1301 1299 1013 1432 1085
internal_value=1.20951e-07 -2.86439e-06 -1.82157e-06 -5.65589e-06 8.82766e-06 6.39126e-06 1.0327e-06 3.79889e-06 -4.14346e-06 -3.24883e-06 2.59462e-06 4.15594e-06 7.7718e-07 2.23622e-06 9.17495e-08 -5.04119e-06 -6.9876e-06
internal_weight=23495 17496 16202 6914 5999 4797 9288 3734 2153 5525 7135 5369 2526 3863 2312 4198 2517
internal_count=23495 17496 16202 6914 5999 4797 9288 3734 2153 5525 7135 5369 2526 3863 2312 4198 2517
is_linear=0
shrinkage=0.0187118


Tree=47
num_leaves=20
num_cat=0
split_feature=20 20 36 20 24 26 16 52 31 52 31 31 26 20 20 17 31 4 31
split_gain=0.00167952 0.000655169 0.000473836 0.000393823 0.000358738 0.000294261 0.000187985 0.000178281 0.000111989 0.000108533 0.000100274 8.91299e-05 8.68903e-05 8.31815e-05 8.05336e-05 6.55691e-05 6.11523e-05 4.11814e-05 3.74566e-05
threshold=2.4353400222965447 0.070194107222709898 0.0020060200722731296 18.017241379310349 2.0000000000002136 -0.0025740895059030351 0.51221804511278213 0.19197956265114224 89.500000000000014 0.202809008490792 125.50000000000001 210.50000000000003 5.9607769916637979e-05 0.46652661064425777 0.64719012605042037 -0.25151582750650942 146.50000000000003 -0.31773277177907172 204.50000000000003
decision_type=2 2 2 2 10 10 2 2 2 2 2 2 10 2 2 10 2 2 2
left_child=1 -1 4 5 6 15 9 -7 -8 10 13 17 -6 -3 -11 -2 -10 -12 -18
right_child=3 2 -4 -5 12 7 8 -9 16 14 11 -13 -14 -15 -16 -17 18 -19 -20
leaf_value=-1.5623488509947883e-05 -1.663541905932641e-06 -3.6650447663417312e-06 -1.3199700643789817e-05 1.8993615941128677e-05 8.4485057984827221e-06 6.4876309140714308e-06 -4.3811641978837096e-06 1.6502254237152038e-05 6.6037324888762396e-06 -1.1444899379891155e-05 -9.6470648693435861e-06 -2.6813792352001105e-07 1.9175302163203506e-06 3.0856651946945341e-06 -3.9669170825784075e-06 4.5417609968338657e-06 -1.6169967073134786e-06 -4.7046898943338868e-06 3.4766325224321142e-06
leaf_weight=1294 1080 1144 1181 1063 1382 1412 1010 1113 999 1005 997 1081 1474 1448 1012 1331 1005 1447 1017
leaf_count=1294 1080 1144 1181 1063 1382 1412 1010 1113 999 1005 997 1081 1474 1448 1012 1331 1005 1447 1017
internal_value=1.18688e-07 -2.81079e-06 -1.78749e-06 8.66248e-06 -8.90221e-07 6.4376e-06 -2.29135e-06 1.0902e-05 1.01285e-06 -3.92883e-06 -2.68766e-06 -4.74203e-06 5.07783e-06 1.06184e-07 -7.69293e-06 1.76211e-06 2.81621e-06 -6.72087e-06 9.44931e-07
internal_weight=23495 17496 16202 5999 15021 4936 12165 2525 4031 8134 6117 3525 2856 2592 2017 2411 3021 2444 2022
internal_count=23495 17496 16202 5999 15021 4936 12165 2525 4031 8134 6117 3525 2856 2592 2017 2411 3021 2444 2022
is_linear=0
shrinkage=0.0187118


Tree=48
num_leaves=18
num_cat=0
split_feature=20 20 49 31 20 31 36 21 36 19 16 20 24 1 31 3 20
split_gain=0.00161725 0.00063088 0.000477142 0.000392443 0.000489298 0.000413223 0.000284027 0.000164232 0.000168193 0.000154349 0.00013342 0.000101995 8.52021e-05 7.70265e-05 5.57015e-05 4.12318e-05 3.13541e-05
threshold=2.4353400222965447 0.070194107222709898 48.963074175768817 192.50000000000003 10.020000000000001 50.500000000000007 0.002010052281560815 0.022212559072989236 -0.0012158059204205316 0.35593497249219302 0.50093984962406024 0.71704319761668334 499.99999999998948 80.580123569530215 143.50000000000003 -0.10367824614408229 0.73716117216117227
decision_type=2 2 2 2 2 2 2 2 2 2 2 2 10 2 2 2 2
left_child=1 -1 7 4 5 -2 9 8 -3 11 -5 13 15 -4 -13 -10 -17
right_child=3 2 6 10 -6 -7 -8 -9 12 -11 -12 14 -14 -15 -16 16 -18
leaf_value=-1.5331144686034061e-05 -1.2422394383816619e-06 7.7577120660521592e-06 -4.8939566205707145e-06 -2.8705827993848876e-06 2.2032536900151018e-05 1.3565499066296242e-05 -1.374576128508585e-05 -4.3921819420226395e-06 2.0515492037218784e-06 1.3266531082422549e-06 6.6374193822348157e-06 8.7671463503623803e-07 5.5275151014211656e-06 -1.1002747929270936e-05 -4.6522994481947803e-06 -4.3699283858700098e-06 1.5839966632435919e-07
leaf_weight=1294 1100 1766 1773 1030 1183 1649 1089 1326 1409 1760 1037 1101 1099 1220 1517 1054 1088
leaf_count=1294 1100 1766 1773 1030 1183 1649 1089 1326 1409 1760 1037 1101 1099 1220 1517 1054 1088
internal_value=1.16467e-07 -2.7582e-06 -1.75404e-06 8.50039e-06 1.19704e-05 7.64025e-06 -4.82587e-06 1.60267e-06 2.84164e-06 -3.50803e-06 1.89952e-06 -5.02453e-06 9.74583e-07 -7.38401e-06 -2.32707e-06 -4.34505e-07 -2.06982e-06
internal_weight=23495 17496 16202 5999 3932 2749 8460 7742 6416 7371 2067 5611 4650 2993 2618 3551 2142
internal_count=23495 17496 16202 5999 3932 2749 8460 7742 6416 7371 2067 5611 4650 2993 2618 3551 2142
is_linear=0
shrinkage=0.0187118


Tree=49
num_leaves=18
num_cat=0
split_feature=20 20 20 26 49 52 16 52 0 38 13 52 11 54 54 9 47
split_gain=0.00153171 0.000500847 0.000472511 0.000400127 0.000311987 0.000319437 0.000231194 0.000150687 0.000106232 9.71716e-05 8.68746e-05 7.36709e-05 7.0696e-05 5.99401e-05 5.95418e-05 3.94732e-05 2.78392e-05
threshold=1.147923253808566 7.6545092838196309 0.070194107222709898 -0.0080634027248859246 46.40615029470181 0.24559512179120904 0.54605263157894746 0.19902458633837386 25.500000000000004 -0.0012158059204205316 -0.16321697105664407 0.19563263869960468 -0.4837786259541984 6.6310285013361172 1.0165795564278388 -0.37309160305343508 -1.2789769243661142e-10
decision_type=2 2 2 10 2 2 2 2 2 2 8 2 8 2 2 8 2
left_child=2 3 -1 -2 10 8 9 -3 15 -5 -4 -8 -12 16 -10 -6 -11
right_child=1 7 4 6 5 -7 11 -9 14 13 12 -13 -14 -15 -16 -17 -18
leaf_value=-1.506001942422008e-05 -7.3858492524320893e-06 8.6585881317390979e-06 3.699907916085753e-06 7.2129544228046164e-06 -4.3374407176835594e-06 -1.3058005614536603e-05 6.5079689687503046e-06 1.8140018671306576e-05 -3.7012968117332565e-06 8.2762640813453022e-07 1.4972367867618029e-06 1.3022070041313839e-05 -3.9882087841639939e-06 4.029008494798589e-06 2.2112191540136892e-06 -9.0614519446512029e-06 -3.3272948521870599e-06
leaf_weight=1309 1121 1366 1732 1006 1643 1632 1467 1029 1163 1168 1520 1038 1793 1175 1224 994 1093
leaf_count=1309 1121 1366 1732 1006 1643 1632 1467 1029 1163 1168 1520 1038 1793 1175 1224 994 1093
internal_value=-1.11792e-07 5.21825e-06 -4.39836e-06 2.98771e-06 -3.20563e-06 -5.86572e-06 4.66163e-06 1.27322e-05 -3.52937e-06 2.09821e-06 3.03901e-07 9.20723e-06 -1.47149e-06 6.00704e-07 -6.6949e-07 -6.11813e-06 -1.18092e-06
internal_weight=23473 10463 13010 8068 11701 6656 6947 2395 5024 4442 5045 2505 3313 3436 2387 2637 2261
internal_count=23473 10463 13010 8068 11701 6656 6947 2395 5024 4442 5045 2505 3313 3436 2387 2637 2261
is_linear=0
shrinkage=0.0187118


Tree=50
num_leaves=18
num_cat=0
split_feature=20 20 20 19 17 15 19 36 54 20 50 52 31 1 37 15 0
split_gain=0.00147492 0.000487602 0.000454993 0.000405255 0.000318909 0.00028652 0.000220046 0.000215003 0.000160561 0.0001643 0.000100716 9.28413e-05 8.87096e-05 0.000101518 8.79974e-05 8.63506e-05 5.63882e-05
threshold=1.147923253808566 14.455555555555557 0.070194107222709898 0.099585266693964072 -0.20541565489599481 0.035570054492828004 0.039042834736115146 -0.0016012820512820711 1.0165795564278388 0.52319277950093623 5.1277500764020567e-13 0.1656146246446942 125.50000000000001 156.15824222968175 -0.0010443867077659095 0.042771869117378729 29.500000000000004
decision_type=2 2 2 2 10 10 2 2 2 2 2 2 2 2 2 10 2
left_child=2 3 -1 4 15 11 12 -6 9 -8 -9 -4 13 -7 -12 -2 -10
right_child=1 -3 5 -5 7 6 8 10 16 -11 14 -13 -14 -15 -16 -17 -18
leaf_value=-1.4778219200424972e-05 -7.47270537457033e-06 1.5835466754897723e-05 -5.0658521091300211e-06 1.1985296535395746e-05 1.220433957497098e-05 -6.6416223087625991e-06 -6.7218478980178204e-06 7.5912211886109992e-06 1.1830524140135759e-06 2.3630787232502977e-06 4.572732778495823e-06 -1.2101223837066036e-05 -8.509123029116035e-06 1.2900581582292583e-06 -2.4336171329210473e-06 -7.1686650952992512e-07 6.8359939102336655e-06
leaf_weight=1309 1031 1302 1312 1653 1058 1127 1399 1013 1109 1389 1112 1315 1522 1133 1441 1853 1395
leaf_count=1309 1031 1302 1312 1653 1058 1127 1399 1013 1109 1389 1112 1315 1522 1133 1441 1853 1395
internal_value=-1.097e-07 5.12061e-06 -4.31606e-06 3.59776e-06 1.75112e-06 -3.14565e-06 -1.57017e-06 4.79674e-06 8.93173e-07 -2.19568e-06 2.59897e-06 -8.58756e-06 -5.01702e-06 -2.66525e-06 6.1811e-07 -3.13201e-06 4.33236e-06
internal_weight=23473 10463 13010 9161 7508 11701 9074 4624 5292 2788 3566 2627 3782 2260 2553 2884 2504
internal_count=23473 10463 13010 9161 7508 11701 9074 4624 5292 2788 3566 2627 3782 2260 2553 2884 2504
is_linear=0
shrinkage=0.0187118


Tree=51
num_leaves=18
num_cat=0
split_feature=20 20 20 31 24 16 52 25 51 0 31 11 17 18 31 31 27
split_gain=0.00142024 0.000469884 0.000438125 0.000387771 0.000350677 0.000297068 0.000220768 0.000147722 0.000128479 0.000111009 9.8252e-05 0.000100858 9.12564e-05 6.99003e-05 6.66044e-05 0.000103208 7.37378e-05
threshold=1.147923253808566 7.6545092838196309 0.070194107222709898 160.50000000000003 499.99999999998948 0.52161654135338364 0.20541864465659007 -0.50311137927505223 55.55555555555673 18.500000000000004 196.50000000000003 -0.3463740458015267 -0.129571253035312 -0.017098475990093079 123.50000000000001 87.500000000000014 -3.1940425108967658
decision_type=2 2 2 2 10 2 2 2 2 2 2 8 10 8 2 2 10
left_child=2 4 -1 -3 7 6 14 8 -2 -8 11 -7 13 -9 15 -4 -16
right_child=1 3 5 -5 -6 10 9 12 -10 -11 -12 -13 -14 -15 16 -17 -18
leaf_value=-1.4501691896939411e-05 -6.9284268851820626e-06 1.8882279821813795e-05 -4.1502774729520891e-06 3.6866944389038042e-06 9.7370502889779059e-06 2.0194570025402452e-06 -1.4091145246778409e-05 3.7827886952363334e-06 1.8254883528498576e-06 -5.8934786211751154e-06 5.9258208200136514e-06 -5.2270403728521579e-06 6.137741857705383e-06 -3.196339337278416e-06 -2.9275937208980678e-06 3.4917153610816443e-06 -9.1969646833516433e-06
leaf_weight=1309 1308 1358 1473 1037 1966 1785 1174 997 1065 1140 1074 1079 1719 1013 1907 1067 1002
leaf_count=1309 1308 1358 1473 1037 1966 1785 1174 997 1065 1140 1074 1079 1719 1013 1907 1067 1002
internal_value=-1.07647e-07 5.02479e-06 -4.23529e-06 1.23028e-05 2.8643e-06 -3.08678e-06 -5.2103e-06 6.49966e-07 -2.99968e-06 -1.00525e-05 1.09931e-06 -7.1063e-07 2.97247e-06 2.65446e-07 -3.15397e-06 -9.40038e-07 -5.08707e-06
internal_weight=23473 10463 13010 2395 8068 11701 7763 6102 2373 2314 3938 2864 3729 2010 5449 2540 2909
internal_count=23473 10463 13010 2395 8068 11701 7763 6102 2373 2314 3938 2864 3729 2010 5449 2540 2909
is_linear=0
shrinkage=0.0187118


Tree=52
num_leaves=18
num_cat=0
split_feature=20 20 20 19 25 49 52 52 31 19 19 36 31 30 52 24 55
split_gain=0.00136759 0.000456965 0.000421882 0.000388469 0.00030343 0.000292308 0.000296829 0.000191989 0.000111486 0.000100537 8.96825e-05 8.6974e-05 7.03198e-05 6.8157e-05 6.62181e-05 6.08513e-05 5.28194e-05
threshold=1.147923253808566 14.455555555555557 0.070194107222709898 0.099585266693964072 -1.0000000180025095e-35 46.40615029470181 0.24559512179120904 0.28719961038599889 56.500000000000007 0.04361651913038856 -1.4350140563321074 -0.0012158059204205316 122.50000000000001 18.500000000000004 0.16693791596278604 1.0658141036401504e-10 13761.500000000002
decision_type=2 2 2 2 2 2 2 2 2 2 2 2 2 2 2 10 2
left_child=2 3 -1 4 14 8 9 10 -4 12 -6 -10 -7 -11 -2 -12 -13
right_child=1 -3 5 -5 7 6 -8 -9 11 13 15 16 -14 -15 -16 -17 -18
leaf_value=-1.4230338881800814e-05 -3.5955774593668704e-07 1.5303544085412299e-05 -4.9711417628113146e-06 1.1668538211422072e-05 -1.7840616701596332e-06 -3.0527673060605544e-06 -1.2536951254235785e-05 1.1622054123627275e-05 6.4745779639188245e-06 -3.1731680352815005e-06 1.7633468775068597e-06 -2.7970345831579529e-06 -9.7276729227127662e-06 2.9077076385284178e-06 -6.5153369410871988e-06 7.2763025128131202e-06 2.2964297854343565e-06
leaf_weight=1309 1119 1302 1077 1653 1216 1123 1632 1000 1037 1810 1527 1224 1088 1003 1350 1296 1707
leaf_count=1309 1119 1302 1077 1653 1216 1123 1632 1000 1037 1810 1527 1224 1088 1003 1350 1296 1707
internal_value=-1.05633e-07 4.93077e-06 -4.15604e-06 3.45654e-06 1.64855e-06 -3.02903e-06 -5.60386e-06 4.28167e-06 3.68018e-07 -3.35171e-06 2.4643e-06 1.81718e-06 -6.33739e-06 -1.00498e-06 -3.72542e-06 4.29427e-06 1.69373e-07
internal_weight=23473 10463 13010 9161 7508 11701 6656 5039 5045 5024 4039 3968 2211 2813 2469 2823 2931
internal_count=23473 10463 13010 9161 7508 11701 6656 5039 5045 5024 4039 3968 2211 2813 2469 2823 2931
is_linear=0
shrinkage=0.0187118


Tree=53
num_leaves=19
num_cat=0
split_feature=49 52 36 24 0 15 7 16 52 0 16 52 47 18 48 11 31 18
split_gain=0.000993873 0.000477357 0.000426783 0.000206628 0.000176901 0.000118112 0.000112562 8.74968e-05 8.12851e-05 7.2873e-05 6.06985e-05 5.55839e-05 4.51851e-05 5.14402e-05 3.73543e-05 3.12811e-05 2.99098e-05 2.45468e-05
threshold=49.384503843330755 0.29462694579954096 -0.003055769545019515 499.99999999998948 136.50000000000003 0.032645082280476141 0.36635845143449713 0.51973684210526327 0.1135462117663896 11.500000000000002 0.47650375939849626 0.15853486768491806 -1.0000000180025095e-35 -0.085901321906913089 54.806962477260278 -0.32729007633587781 134.50000000000003 -0.051223403906986646
decision_type=2 2 2 10 2 10 8 2 2 2 2 2 2 10 2 8 2 8
left_child=2 4 -1 7 5 9 -3 12 -7 -2 17 -5 13 -4 -12 16 -9 -10
right_child=1 6 3 11 -6 8 -8 15 10 -11 14 -13 -14 -15 -16 -17 -18 -19
leaf_value=1.4966299909467348e-05 -9.7712360581811269e-06 -1.668863250760085e-05 2.5033572848226779e-06 3.843338253736783e-06 4.372417075238367e-06 2.0921472136212952e-06 -7.9051147823582055e-06 6.870971316796098e-06 -3.3241926303043203e-06 -3.4248513168376207e-06 -3.3828636338616201e-06 8.6669827107162904e-06 -3.5567177837706382e-06 -2.5262478802687277e-06 1.4879698830812198e-06 5.6521021334822593e-07 2.3748476318261525e-06 -7.3783621505432137e-06
leaf_weight=1069 1268 1004 1768 1561 1229 1443 1040 1016 1060 1266 1071 1802 1447 1192 1136 1012 1057 1032
leaf_count=1069 1268 1004 1768 1561 1229 1443 1040 1016 1060 1266 1071 1802 1447 1192 1136 1012 1057 1032
internal_value=-1.03656e-07 -4.01599e-06 3.68564e-06 2.57472e-06 -2.25186e-06 -3.23558e-06 -1.22195e-05 8.45061e-07 -1.75058e-06 -6.60055e-06 -3.04043e-06 6.428e-06 -8.46817e-07 4.77921e-07 -8.75718e-07 3.26195e-06 4.57845e-06 -5.32415e-06
internal_weight=23473 11549 11924 10855 9505 8276 2044 7492 5742 2534 4299 3363 4407 2960 2207 3085 2073 2092
internal_count=23473 11549 11924 10855 9505 8276 2044 7492 5742 2534 4299 3363 4407 2960 2207 3085 2073 2092
is_linear=0
shrinkage=0.0187118


Tree=54
num_leaves=18
num_cat=0
split_feature=49 52 36 24 15 54 4 15 7 52 19 7 26 18 47 4 7
split_gain=0.000957026 0.00045966 0.000410961 0.000198967 0.000159028 0.000137282 0.000112989 0.000109051 6.44982e-05 5.35232e-05 4.98767e-05 5.5464e-05 4.53039e-05 4.49055e-05 6.74248e-05 4.45192e-05 4.04259e-05
threshold=49.384503843330755 0.29462694579954096 -0.003055769545019515 499.99999999998948 0.033233499494945362 6.7940153952713711 -0.1098705410141896 0.056807436240400376 0.45733235395782934 0.15853486768491806 0.018226436240633252 0.29240839958520576 -0.0034572525663238303 -0.015433327167768436 -37.037037037061886 -0.13733817626773701 0.3281880112916235
decision_type=2 2 2 10 10 2 2 8 10 2 2 10 10 10 2 2 10
left_child=2 4 -1 6 8 10 13 -3 -2 -5 15 -12 -8 14 -4 -6 -7
right_child=1 7 3 9 5 16 12 -9 -10 -11 11 -13 -14 -15 -16 -17 -18
leaf_value=1.4686253275281639e-05 -8.2450882927483497e-06 -1.6415643865840633e-05 2.7664091792576236e-06 3.771422433192672e-06 -7.1132061270221235e-06 8.2049150448190723e-07 1.2618784323264741e-06 -7.7691532866172061e-06 -2.6100802082766973e-06 8.5048078143913547e-06 -3.4520944068038285e-06 2.5776208794986412e-06 5.9812246130489617e-06 -4.2730537768043372e-06 -2.4102452828804077e-06 -1.970295897551478e-06 6.0425605576938194e-06
leaf_weight=1069 1675 998 1681 1561 1076 1059 1348 1046 1236 1802 1041 1097 1510 1102 1851 1303 1018
leaf_count=1069 1675 998 1681 1561 1076 1059 1348 1046 1236 1802 1041 1097 1510 1102 1851 1303 1018
internal_value=-1.01717e-07 -3.94084e-06 3.61667e-06 2.52654e-06 -2.20973e-06 -6.01586e-07 8.29248e-07 -1.19909e-05 -5.85249e-06 6.30772e-06 -2.43239e-06 -3.58268e-07 3.75531e-06 -9.75385e-07 5.35015e-08 -4.29639e-06 3.37999e-06
internal_weight=23473 11549 11924 10855 9505 6594 7492 2044 2911 3363 4517 2138 2858 4634 3532 2379 2077
internal_count=23473 11549 11924 10855 9505 6594 7492 2044 2911 3363 4517 2138 2858 4634 3532 2379 2077
is_linear=0
shrinkage=0.0187118


Tree=55
num_leaves=17
num_cat=0
split_feature=20 31 25 52 31 20 31 15 16 16 0 20 25 26 47 18
split_gain=0.00128279 0.000510984 0.000483596 0.000424104 0.000356413 0.000325926 0.000319136 0.000215453 0.000115675 0.000107137 9.8627e-05 9.21513e-05 5.75878e-05 5.30308e-05 5.6621e-05 5.22357e-05
threshold=2.4353400222965447 20.500000000000004 -0.50311137927505223 0.31407658132525668 192.50000000000003 10.020000000000001 49.500000000000007 0.037382196481904904 0.50093984962406024 0.5413533834586467 70.500000000000014 0.74433954203691066 -0.99332890678567765 -0.00070697651280841737 -46.153846153838266 0.095074104192050826
decision_type=2 2 2 2 2 2 2 8 2 2 2 2 2 10 2 8
left_child=1 -1 3 10 5 6 -2 -4 -6 13 11 12 -3 14 -9 -11
right_child=4 2 7 -5 8 -7 -8 9 -10 15 -12 -13 -14 -15 -16 -17
leaf_value=-1.5062707151170609e-05 -8.0815192706067895e-07 -4.8035258388709665e-06 -5.8615499837282394e-06 -1.5053054835754806e-05 -3.1894754929147259e-06 1.9038189806709405e-05 1.2320040562828669e-05 2.0963378928125409e-06 5.6134059405444807e-06 3.1098009265253172e-06 5.0269692829540184e-07 -1.0429290334487e-06 -1.0354877178451856e-05 3.7684303269952522e-06 -2.8433662410296648e-06 8.1363802997622707e-06
leaf_weight=1090 1063 1851 1336 1307 1059 1161 1662 1400 1032 1971 1712 1502 1012 1235 1936 1144
leaf_count=1090 1063 1851 1336 1307 1059 1161 1662 1400 1032 1971 1712 1502 1012 1235 1936 1144
internal_value=-9.98136e-08 -2.65652e-06 -1.83226e-06 -5.38335e-06 7.38423e-06 1.0736e-05 7.19884e-06 1.0741e-06 1.15513e-06 2.27967e-06 -3.30366e-06 -4.79655e-06 -6.76579e-06 4.55946e-07 -7.70348e-07 4.95584e-06
internal_weight=23473 17496 16406 7384 5977 3886 2725 9022 2091 7686 6077 4365 2863 4571 3336 3115
internal_count=23473 17496 16406 7384 5977 3886 2725 9022 2091 7686 6077 4365 2863 4571 3336 3115
is_linear=0
shrinkage=0.0187118


Tree=56
num_leaves=17
num_cat=0
split_feature=25 52 52 17 51 0 1 23 0 13 31 7 55 4 16 18
split_gain=0.000957654 0.000435275 0.00040795 0.000313407 0.000151645 0.000115484 0.000112476 0.0001017 8.77162e-05 0.000124436 7.81495e-05 5.52785e-05 7.21052e-05 5.46901e-05 5.06226e-05 3.10314e-05
threshold=-0.50262329198501032 0.30898654311297541 0.34886973641768743 -0.20541565489599481 82.962962962963246 38.500000000000007 624.12980367585646 0.049999999999998941 16.500000000000004 -0.15810589614245316 103.50000000000001 0.68135009793755053 48348.500000000007 -0.12199672112612357 0.48684210526315791 -0.15762292909768946
decision_type=2 2 2 10 2 2 2 10 2 10 2 8 2 2 2 10
left_child=1 4 3 8 11 -6 7 13 9 -2 -9 12 15 -5 -11 -1
right_child=2 -3 -4 6 5 -7 -8 10 -10 14 -12 -13 -14 -15 -16 -17
leaf_value=-5.9831941287853686e-06 -8.8560188920179087e-06 -1.3372133547187432e-05 1.3768442968857764e-05 1.160961165293318e-06 -3.267159395224277e-06 5.087064929411825e-06 3.4712066238118872e-07 1.2477553724836847e-05 1.6379053119544527e-06 -3.8516032568722377e-06 5.8258081410758738e-06 -1.8119061450761649e-06 -2.479619364025917e-06 5.8112482700405461e-06 1.9181311788442353e-06 -1.0403977821565121e-05
leaf_weight=1252 1030 1674 1132 1764 1096 1229 1891 998 1823 1053 1626 1712 1352 1778 1077 1000
leaf_count=1252 1030 1674 1132 1764 1096 1229 1891 998 1823 1053 1626 1712 1352 1778 1077 1000
internal_value=-6.98618e-08 -4.73034e-06 2.99339e-06 2.05801e-06 -2.83709e-06 1.1489e-06 4.33935e-06 5.56369e-06 -1.63069e-06 -3.51633e-06 8.3557e-06 -4.58039e-06 -5.8955e-06 3.4953e-06 -9.34229e-07 -7.94624e-06
internal_weight=23487 9315 14172 13040 7641 2325 8057 6166 4983 3160 2624 5316 3604 3542 2130 2252
internal_count=23487 9315 14172 13040 7641 2325 8057 6166 4983 3160 2624 5316 3604 3542 2130 2252
is_linear=0
shrinkage=0.0187118


Tree=57
num_leaves=17
num_cat=0
split_feature=20 20 31 31 19 52 48 20 23 31 20 15 31 31 31 47
split_gain=0.00133212 0.000588876 0.0004964 0.000441443 0.000435571 0.000408729 0.000201441 0.000189776 0.000147656 0.000132258 0.000130067 0.000117664 9.21429e-05 0.000150628 8.64573e-05 4.20519e-05
threshold=0.71704319761668334 14.455555555555557 24.500000000000004 130.50000000000003 -0.47924820161863119 0.20401921502516154 63.817939278629879 0.19865281683752153 0.049999999999998941 65.500000000000014 3.3047162859248349 0.040100247801070833 204.50000000000003 126.50000000000001 87.500000000000014 -1.0000000180025095e-35
decision_type=2 2 2 2 2 2 2 2 10 2 2 10 2 2 2 2
left_child=5 2 -2 6 10 11 9 -7 15 -4 -5 -1 13 14 -13 -6
right_child=1 -3 3 4 8 7 -8 -9 -10 -11 -12 12 -14 -15 -16 -17
leaf_value=-6.8781359726364198e-06 -9.8500669695884752e-06 1.5566383723569141e-05 7.7036339685053634e-07 -9.0051836328945275e-06 3.8723995997872988e-06 -1.7459716738437494e-05 1.372786823357155e-05 -7.6088880013268066e-06 9.5842217951166627e-06 8.7195748672827581e-06 -3.410466038109637e-07 -3.3017283261532407e-06 3.5250445818218845e-06 -7.1118644063734495e-06 4.1434774950313889e-06 -4.3891495238929779e-07
leaf_weight=1842 1061 1313 1283 1540 1821 1081 1492 1868 1245 1709 1001 1075 1070 1574 1110 1402
leaf_count=1842 1061 1313 1283 1540 1821 1081 1492 1868 1245 1709 1001 1075 1070 1574 1110 1402
internal_value=-6.85546e-08 3.64312e-06 2.39609e-06 3.52661e-06 5.93417e-07 -5.41884e-06 8.11153e-06 -1.12199e-05 4.11115e-06 5.31087e-06 -5.59204e-06 -2.85443e-06 -1.3196e-06 -2.69864e-06 4.80503e-07 1.99698e-06
internal_weight=23487 13867 12554 11493 7009 9620 4484 2949 4468 2992 2541 6671 4829 3759 2185 3223
internal_count=23487 13867 12554 11493 7009 9620 4484 2949 4468 2992 2541 6671 4829 3759 2185 3223
is_linear=0
shrinkage=0.0187118


Tree=58
num_leaves=17
num_cat=0
split_feature=20 20 31 31 19 38 48 31 20 16 31 31 20 36 19 49
split_gain=0.00128273 0.000567044 0.000477997 0.0004266 0.000395815 0.00029228 0.000208599 0.000179834 0.000260321 0.000162342 0.000158269 0.000159348 0.00014683 0.000132426 6.63987e-05 4.80208e-05
threshold=0.71704319761668334 14.455555555555557 24.500000000000004 142.50000000000003 -0.47924820161863119 0.0027137092023094005 63.817939278629879 222.50000000000003 0.1260686883449032 0.51409774436090239 126.50000000000001 91.500000000000014 2.7312382739212011 -0.0012070010431052822 0.13473021895631379 23.815219570084889
decision_type=2 2 2 2 2 2 2 2 2 2 2 2 2 2 2 2
left_child=5 2 -2 6 12 7 9 8 -1 -4 11 -10 -5 -6 -12 -15
right_child=1 -3 3 4 13 -7 -8 -9 10 -11 14 -13 -14 15 -16 -17
leaf_value=-1.2171560714740314e-05 -9.6657543038795046e-06 1.5275108432970982e-05 1.1715718245788032e-06 -1.0285491937040497e-05 9.6802688144194008e-06 -1.4065664300628332e-05 1.3160542553827892e-05 2.5182231971292336e-06 -3.8081045799264239e-06 9.3539551321782268e-06 -9.8924491597825124e-06 4.924553030348274e-06 -9.3962333462715528e-07 4.3186617297364225e-06 -3.8824700754377056e-06 -3.3036702317581547e-07
leaf_weight=1498 1061 1313 1835 1232 1009 1174 1591 1228 1987 1580 1271 1158 1127 1484 1304 1635
leaf_count=1498 1061 1313 1835 1232 1009 1174 1591 1228 1987 1580 1271 1158 1127 1484 1304 1635
internal_value=-6.72718e-08 3.57495e-06 2.35125e-06 3.46062e-06 2.93733e-07 -5.31745e-06 7.56443e-06 -4.10144e-06 -5.22764e-06 4.95727e-06 -3.40911e-06 -5.92709e-07 -5.82055e-06 3.78782e-06 -6.84895e-06 1.88161e-06
internal_weight=23487 13867 12554 11493 6487 9620 5006 8446 7218 3415 5720 3145 2359 4128 2575 3119
internal_count=23487 13867 12554 11493 6487 9620 5006 8446 7218 3415 5720 3145 2359 4128 2575 3119
is_linear=0
shrinkage=0.0187118


Tree=59
num_leaves=17
num_cat=0
split_feature=20 20 31 31 52 27 48 20 25 16 49 15 52 31 31 31
split_gain=0.00123518 0.000546022 0.000462241 0.000452745 0.000388783 0.000273802 0.000196791 0.000179388 0.000151297 0.000123019 0.000111967 0.000111498 9.30696e-05 8.61842e-05 0.000141957 8.11011e-05
threshold=0.71704319761668334 14.455555555555557 28.500000000000004 130.50000000000003 0.20401921502516154 55.936431504305027 61.4715105859459 0.19865281683752153 -0.50671896912282222 0.49718045112781956 17.468304733809607 0.040100247801070833 0.18485270734046927 204.50000000000003 126.50000000000001 87.500000000000014
decision_type=2 2 2 2 2 10 2 2 2 2 2 10 2 2 2 2
left_child=4 2 -2 6 11 8 9 -6 -5 -4 -7 -1 -10 14 15 -13
right_child=1 -3 3 5 7 10 -8 -9 12 -11 -12 13 -14 -15 -16 -17
leaf_value=-6.633735887862598e-06 -8.4997770810597638e-06 1.4989283452002516e-05 1.0302779765639057e-06 -1.4048176249969669e-06 -1.6942322256407243e-05 1.3369772064702369e-07 1.3686743358154534e-05 -7.3649064017407026e-06 3.6996274509333019e-06 8.9389537158319433e-06 -6.9150177595785214e-06 -3.1334384629081039e-06 1.098852774160139e-05 3.4625635035114262e-06 -6.8408408138737665e-06 4.0774593661793123e-06
leaf_weight=1842 1248 1313 1271 1258 1081 1525 1523 1868 1594 1503 1635 1075 997 1070 1574 1110
leaf_count=1842 1248 1313 1271 1258 1081 1525 1523 1868 1594 1503 1635 1075 997 1070 1574 1110
internal_value=-6.6013e-08 3.50806e-06 2.30725e-06 3.50018e-06 -5.21795e-06 5.68318e-07 8.28244e-06 -1.08757e-05 3.91933e-06 5.31533e-06 -3.51334e-06 -2.71689e-06 6.50435e-06 -1.22282e-06 -2.55652e-06 5.29762e-07
internal_weight=23487 13867 12554 11306 9620 7009 4297 2949 3849 2774 3160 6671 2591 4829 3759 2185
internal_count=23487 13867 12554 11306 9620 7009 4297 2949 3849 2774 3160 6671 2591 4829 3759 2185
is_linear=0
shrinkage=0.0187118


Tree=60
num_leaves=19
num_cat=0
split_feature=20 20 31 19 52 20 31 19 31 11 20 36 31 31 20 49 49 19
split_gain=0.00118938 0.000525779 0.000445107 0.000423747 0.00037437 0.0003558 0.000273512 0.000216568 0.000174063 0.000173806 0.000164964 0.000107656 8.14352e-05 0.000112346 8.81483e-05 5.95207e-05 4.61705e-05 4.34174e-05
threshold=0.71704319761668334 14.455555555555557 26.500000000000004 0.018226436240633252 0.20401921502516154 2.1036721898790867 122.50000000000001 -1.0698122138540211 65.500000000000014 -0.71087786259541974 2.5448791714614503 0.0013522656621439701 209.50000000000003 126.50000000000001 0.28833019065577209 12.063387552402846 32.977021482945432 -0.10094175938591475
decision_type=2 2 2 2 2 2 2 2 2 10 2 2 2 2 2 2 2 2
left_child=4 2 -2 6 11 15 8 16 -4 -6 17 12 13 14 -1 -5 -8 -9
right_child=1 -3 3 5 9 -7 7 10 -10 -11 -12 -13 -14 -15 -16 -17 -18 -19
leaf_value=-3.5334172433428043e-06 -8.7314508530796961e-06 1.4708806769423115e-05 8.0473107254861165e-07 7.5827136302922653e-06 -4.3254806989331521e-06 1.7404630554790441e-05 -3.6195573295283514e-06 -4.5857164489707365e-06 1.1149610876349613e-05 -1.3923594587052998e-05 7.127440565379438e-06 -8.1075949981378436e-06 2.9312926038556555e-06 -6.1995471849695365e-06 3.3648886898217606e-06 2.2182686117825231e-06 -9.3128032058421503e-06 9.4206957324223862e-07
leaf_weight=1348 1169 1313 1106 1435 999 1093 994 996 1174 1950 1130 1069 1102 1902 1250 1462 1001 994
leaf_count=1348 1169 1313 1106 1435 999 1093 994 996 1174 1950 1130 1069 1102 1902 1250 1462 1001 994
internal_value=-6.47778e-08 3.44241e-06 2.26408e-06 3.39309e-06 -5.12031e-06 8.30766e-06 7.41416e-07 -1.66117e-06 6.13144e-06 -1.06721e-05 1.41764e-06 -2.66605e-06 -1.62767e-06 -2.74411e-06 -2.1437e-07 4.87549e-06 -6.47617e-06 -1.8246e-06
internal_weight=23487 13867 12554 11385 9620 3990 7395 5115 2280 2949 3120 6671 5602 4500 2598 2897 1995 1990
internal_count=23487 13867 12554 11385 9620 3990 7395 5115 2280 2949 3120 6671 5602 4500 2598 2897 1995 1990
is_linear=0
shrinkage=0.0187118


Tree=61
num_leaves=19
num_cat=0
split_feature=49 52 36 0 24 36 4 7 4 19 55 31 18 1 16 16 18 53
split_gain=0.000809452 0.000413396 0.000374102 0.000178947 0.000169567 0.000115369 8.50541e-05 7.674e-05 6.13929e-05 6.61001e-05 5.50463e-05 5.50395e-05 5.24925e-05 6.22729e-05 5.16054e-05 4.48602e-05 4.00658e-05 1.55213e-05
threshold=49.384503843330755 0.2982229502139378 -0.003055769545019515 122.50000000000001 499.99999999998948 0.0013522656621439701 -0.01623890553451297 0.39199144486692022 -0.64708999943467682 0.019665043742746139 49939.500000000007 130.50000000000003 -0.085901321906913089 81.406772596776932 0.4953007518796993 0.53101503759398505 -0.23167326798515545 41.561207598677939
decision_type=2 2 2 2 10 2 2 10 2 2 2 2 10 2 2 2 10 2
left_child=2 3 -1 5 6 7 8 14 -4 12 16 -9 13 -10 17 -11 -6 -2
right_child=1 -3 4 -5 10 -7 -8 11 9 15 -12 -13 -14 -15 -16 -17 -18 -19
leaf_value=1.3717141478318104e-05 -7.1789445526501129e-06 -1.1389669810906615e-05 -4.3006286485408599e-06 4.2573333650969697e-06 9.9113330325449012e-06 -7.0231981531762213e-06 5.6563032659714501e-06 3.8587391385037477e-06 -2.4108157061334736e-06 6.8800046174548375e-07 2.0445396433927306e-06 -1.5638270714546433e-06 -4.1919881159101234e-06 3.9926841417652077e-06 -8.7965712076920365e-07 6.1479013129435953e-06 5.0689303198193149e-06 -3.9311385704026467e-06
leaf_weight=1105 1021 1978 1023 1374 1099 1942 1046 1065 1069 1110 995 1704 1147 1058 1395 1003 1313 1040
leaf_count=1105 1021 1978 1023 1374 1099 1942 1046 1065 1069 1110 995 1704 1147 1058 1395 1003 1313 1040
internal_value=-6.35657e-08 -3.60436e-06 3.34439e-06 -1.99035e-06 2.28926e-06 -3.04144e-06 7.08941e-07 -1.79926e-06 -9.83818e-08 6.99631e-07 5.74769e-06 5.21774e-07 -9.6552e-07 7.74375e-07 -3.65892e-06 3.27971e-06 7.27532e-06 -5.54007e-06
internal_weight=23487 11519 11968 9541 10863 8167 7456 6225 6410 5387 3407 2769 3274 2127 3456 2113 2412 2061
internal_count=23487 11519 11968 9541 10863 8167 7456 6225 6410 5387 3407 2769 3274 2127 3456 2113 2412 2061
is_linear=0
shrinkage=0.0187118


Tree=62
num_leaves=17
num_cat=0
split_feature=20 20 31 31 19 52 48 20 23 20 18 15 31 31 31 47
split_gain=0.00112577 0.0005018 0.000428719 0.000418158 0.00037912 0.000355533 0.000188338 0.000171648 0.000129863 0.000118226 0.000115971 0.000105161 7.76133e-05 0.000135069 8.98971e-05 3.72031e-05
threshold=0.71704319761668334 14.455555555555557 28.500000000000004 130.50000000000003 -0.47924820161863119 0.20401921502516154 61.4715105859459 0.19865281683752153 0.049999999999998941 3.3047162859248349 0.038323509053398215 0.033876940208763258 209.50000000000003 126.50000000000001 87.500000000000014 -1.0000000180025095e-35
decision_type=2 2 2 2 2 2 2 2 10 2 8 10 2 2 2 2
left_child=5 2 -2 6 9 11 10 -7 15 -5 -4 -1 13 14 -13 -6
right_child=1 -3 3 4 8 7 -8 -9 -10 -11 -12 12 -14 -15 -16 -17
leaf_value=-6.9103066507282932e-06 -8.2092066487561688e-06 1.4356216142807116e-05 1.5479114039955043e-06 -8.495012494684853e-06 3.592946587789608e-06 -1.6325556619426746e-05 1.3230352869211216e-05 -6.957036891194354e-06 8.9443931046410606e-06 -2.3467127068734794e-07 9.2315353150765615e-06 -3.2534690406178955e-06 3.2218232355013519e-06 -6.3831647073681477e-06 4.0936299393149323e-06 -4.6219822226862973e-07
leaf_weight=1522 1248 1313 1513 1540 1821 1081 1523 1868 1245 1001 1261 1148 1052 1764 1185 1402
leaf_count=1522 1248 1313 1513 1540 1821 1081 1523 1868 1245 1001 1261 1148 1052 1764 1185 1402
internal_value=-6.23762e-08 3.34973e-06 2.19858e-06 3.34743e-06 5.29789e-07 -4.98085e-06 7.9434e-06 -1.03912e-05 3.81167e-06 -5.24094e-06 5.04072e-06 -2.58913e-06 -1.31182e-06 -2.47594e-06 4.7834e-07 1.82896e-06
internal_weight=23487 13867 12554 11306 7009 9620 4297 2949 4468 2541 2774 6671 5149 4097 2333 3223
internal_count=23487 13867 12554 11306 7009 9620 4297 2949 4468 2541 2774 6671 5149 4097 2333 3223
is_linear=0
shrinkage=0.0187118


Tree=63
num_leaves=19
num_cat=0
split_feature=20 36 52 20 31 19 31 7 20 15 31 19 31 31 31 20 47 55
split_gain=0.00110639 0.000470745 0.000377248 0.000370931 0.000407181 0.000357118 0.000214113 0.000188259 0.000171001 0.000137787 0.000127862 0.000143477 9.52217e-05 0.000108637 8.56474e-05 5.83322e-05 4.45391e-05 4.44775e-05
threshold=0.71704319761668334 -0.0027266543003817696 0.20851911280123658 7.6545092838196309 30.500000000000004 0.027249287750612087 79.500000000000014 0.13841960479317897 1.9141321044546855 0.032645082280476141 122.50000000000001 -0.60278952562873644 210.50000000000003 126.50000000000001 90.500000000000014 2.1036721898790867 -12.820512820502133 21514.500000000004
decision_type=2 2 2 2 2 2 2 8 2 10 2 2 2 2 2 2 2 2
left_child=2 -2 9 4 -3 10 -5 -4 17 -1 -6 15 13 14 -11 -12 -13 -7
right_child=1 3 7 6 5 8 -8 -9 -10 12 11 16 -14 -15 -16 -17 -18 -19
leaf_value=-7.5434099938044829e-06 1.5776069671279701e-05 -1.0408524833743034e-05 -1.6404608825660416e-05 1.5442729835011462e-05 3.5582607304405943e-06 2.196549683932518e-06 3.6134950793732326e-06 -6.6299062925684728e-06 1.352146106943879e-05 -3.1015955179420457e-06 -8.9950390663878499e-06 3.0929314028945933e-06 3.8613863626632398e-06 -5.7863280507330976e-06 3.9757578778106483e-06 -2.6631420827968403e-06 -2.0950646124874781e-06 7.3527563930999285e-06
leaf_weight=1471 994 995 1156 1070 1919 1414 1073 1711 1004 1256 1032 1370 1089 1824 1144 1006 1004 1000
leaf_count=1471 994 995 1156 1070 1919 1414 1073 1711 1004 1256 1032 1370 1089 1824 1144 1006 1004 1000
internal_value=-1.44513e-08 3.36866e-06 -4.88037e-06 2.41165e-06 9.93849e-07 2.1576e-06 9.51983e-06 -1.05712e-05 7.03166e-06 -2.47537e-06 -4.73832e-07 -2.22759e-06 -1.07219e-06 -2.34413e-06 2.71942e-07 -5.86948e-06 8.98849e-07 4.33251e-06
internal_weight=23532 13881 9651 12887 10744 9749 2143 2867 3418 6784 6331 4412 5313 4224 2400 2038 2374 2414
internal_count=23532 13881 9651 12887 10744 9749 2143 2867 3418 6784 6331 4412 5313 4224 2400 2038 2374 2414
is_linear=0
shrinkage=0.0187118


Tree=64
num_leaves=19
num_cat=0
split_feature=20 36 52 20 26 7 15 24 48 52 25 26 16 52 48 11 26 16
split_gain=0.00106537 0.000453293 0.000363262 0.00035718 0.000259046 0.000181279 0.000132678 0.000132586 0.000128488 0.000108264 7.50496e-05 7.45006e-05 4.80331e-05 3.26306e-05 3.22752e-05 3.09675e-05 1.96051e-05 1.8099e-05
threshold=0.71704319761668334 -0.0027266543003817696 0.20851911280123658 7.6545092838196309 -0.0081739728192085689 0.13841960479317897 0.032645082280476141 499.99999999998948 80.25510731612323 0.18105773102688374 -0.50311137927505223 -0.00028434093716925068 0.47838345864661663 0.15853486768491806 34.530315159018507 -0.51049618320610668 -0.0043067174371362081 0.51221804511278213
decision_type=2 2 2 2 10 8 10 10 2 2 2 10 2 2 2 10 8 2
left_child=2 -2 6 4 -3 -4 -1 8 10 -5 -6 12 15 -9 -12 -8 -14 -16
right_child=1 3 5 9 7 -7 11 13 -10 -11 14 -13 16 -15 17 -17 -18 -19
leaf_value=-7.4022590423148927e-06 1.5480870899166694e-05 -5.689108693314923e-06 -1.6097648815522645e-05 5.4077923279767475e-06 -3.6774378928384715e-06 -6.505848750441535e-06 -1.9551577274633101e-06 3.7585122917751951e-06 6.5496384769178519e-06 1.38381548474077e-05 -6.112561648121518e-07 3.5495442095101258e-06 1.2886603845694955e-06 8.230839074337198e-06 1.0303667335436639e-06 -6.565278833396144e-06 -2.2154035088976949e-06 4.5706750176444231e-06
leaf_weight=1471 994 1716 1156 1143 1607 1711 1047 1078 1172 1000 1933 1000 1276 1215 1029 995 995 994
leaf_count=1471 994 1716 1156 1143 1607 1711 1047 1078 1172 1000 1933 1000 1276 1215 1029 995 995 994
internal_value=-1.41809e-08 3.30562e-06 -4.78905e-06 2.36652e-06 9.75252e-07 -1.03733e-05 -2.42905e-06 2.24198e-06 9.18853e-07 9.3417e-06 -2.67428e-07 -1.05213e-06 -2.11906e-06 6.12828e-06 1.11778e-06 -4.20152e-06 -2.46584e-07 2.7699e-06
internal_weight=23532 13881 9651 12887 10744 2867 6784 9028 6735 2143 5563 5313 4313 2293 3956 2042 2271 2023
internal_count=23532 13881 9651 12887 10744 2867 6784 9028 6735 2143 5563 5313 4313 2293 3956 2042 2271 2023
is_linear=0
shrinkage=0.0187118


Tree=65
num_leaves=19
num_cat=0
split_feature=20 36 52 20 19 26 7 15 20 52 41 26 9 19 54 47 0 18
split_gain=0.00102587 0.000436488 0.000349795 0.000343938 0.000323621 0.000181871 0.000174559 0.00012776 0.000117557 0.00010425 8.71428e-05 7.17386e-05 6.33711e-05 4.42291e-05 4.58589e-05 3.74569e-05 3.42794e-05 1.13963e-05
threshold=0.71704319761668334 -0.0027266543003817696 0.20851911280123658 7.6545092838196309 0.027249287750612087 -0.0080634027248859246 0.13841960479317897 0.032645082280476141 2.0706476530005946 0.18105773102688374 -0.0014114333070370242 -0.00028434093716925068 -0.73759541984732813 0.076749478042883026 3.5035552639229377 37.037037037070199 30.500000000000004 -0.22579031265906233
decision_type=2 2 2 2 2 10 8 10 2 2 2 10 10 2 2 2 2 10
left_child=2 -2 7 4 5 -3 -4 -1 16 -5 -7 13 -12 -9 -15 17 -6 -14
right_child=1 3 6 9 8 10 -8 11 -10 -11 12 -13 15 14 -16 -17 -18 -19
leaf_value=-7.2637493663431434e-06 1.5191195682453854e-05 -7.5473871311101363e-06 -1.5796432552091427e-05 5.3066026612647329e-06 1.3216979955389482e-06 3.6727064595042483e-06 -6.3841125007491299e-06 -4.325825002174449e-06 1.0878589496720814e-05 1.3579217766020094e-05 2.6618801228032117e-06 3.483125770935582e-06 1.3581627074900943e-07 -2.6388950501847657e-06 2.471758462980151e-06 -5.6616224817399932e-06 5.565673253163248e-06 -2.686346515521942e-06
leaf_weight=1471 994 1356 1156 1143 1365 1669 1711 1793 1014 1000 1005 1000 1006 1456 1064 1029 1302 998
leaf_count=1471 994 1356 1156 1143 1365 1669 1711 1793 1014 1000 1005 1000 1006 1456 1064 1029 1302 998
internal_value=-1.39156e-08 3.24377e-06 -4.69943e-06 2.32224e-06 9.57004e-07 -1.38744e-06 -1.01792e-05 -2.3836e-06 5.45545e-06 9.1669e-06 7.61844e-08 -1.03244e-06 -1.41034e-06 -2.07941e-06 -4.81063e-07 -2.75969e-06 3.39356e-06 -1.26963e-06
internal_weight=23532 13881 9651 12887 10744 7063 2867 6784 3681 2143 5707 5313 4038 4313 2520 3033 2667 2004
internal_count=23532 13881 9651 12887 10744 7063 2867 6784 3681 2143 5707 5313 4038 4313 2520 3033 2667 2004
is_linear=0
shrinkage=0.0187118


Tree=66
num_leaves=19
num_cat=0
split_feature=20 36 52 20 31 19 20 20 31 19 31 15 31 31 31 20 47 0
split_gain=0.000987841 0.000420306 0.000336827 0.000331202 0.000349922 0.000319374 0.000185579 0.000170926 0.000162467 0.000154899 0.000147578 0.000123023 9.09063e-05 0.000104264 8.219e-05 7.28151e-05 5.53296e-05 3.72311e-05
threshold=0.71704319761668334 -0.0027266543003817696 0.20851911280123658 13.455555555555557 28.500000000000004 0.027249287750612087 1.9402380952380958 0.19865281683752153 122.50000000000001 -0.60278952562873644 65.500000000000014 0.032645082280476141 210.50000000000003 126.50000000000001 90.500000000000014 2.4353400222965447 -7.2463768116075169 24.500000000000004
decision_type=2 2 2 2 2 2 2 2 2 2 2 10 2 2 2 2 2 2
left_child=2 -2 11 4 -3 8 17 -4 10 15 -6 -1 13 14 -13 -10 -11 -7
right_child=1 3 7 -5 5 6 -8 -9 9 16 -12 12 -14 -15 -16 -17 -18 -19
leaf_value=-7.1278313977669579e-06 1.490694080824986e-05 -8.5611474275312763e-06 -1.5989951912521388e-05 1.1419399116772206e-05 -7.7145710713733008e-07 1.7229632532032338e-06 1.372844458280078e-05 -6.5104019844465125e-06 -8.637283578704007e-06 3.5436686919266867e-06 8.9406475593389307e-06 -2.9977762776703424e-06 3.8073656214609848e-06 -5.6281050643228772e-06 3.9352551021826891e-06 -1.9314495336115801e-06 -2.0859878103149705e-06 6.3417268657474813e-06
leaf_weight=1471 994 1138 1052 1253 1052 1129 1016 1815 1178 1539 1143 1256 1089 1824 1144 1093 1014 1332
leaf_count=1471 994 1138 1052 1253 1052 1129 1016 1815 1178 1539 1143 1256 1089 1824 1144 1093 1014 1332
internal_value=-1.36552e-08 3.18307e-06 -4.6115e-06 2.27879e-06 1.29433e-06 2.36288e-06 7.00043e-06 -9.98877e-06 6.55791e-08 -1.85474e-06 4.28592e-06 -2.339e-06 -1.01312e-06 -2.2559e-06 3.06968e-07 -5.40986e-06 1.30768e-06 4.22284e-06
internal_weight=23532 13881 9651 12887 11634 10496 3477 2867 7019 4824 2195 6784 5313 4224 2400 2271 2553 2461
internal_count=23532 13881 9651 12887 11634 10496 3477 2867 7019 4824 2195 6784 5313 4224 2400 2271 2553 2461
is_linear=0
shrinkage=0.0187118


Tree=67
num_leaves=17
num_cat=0
split_feature=20 20 52 25 52 7 51 52 52 15 27 16 48 22 18 53
split_gain=0.000951218 0.000405945 0.000324339 0.00031538 0.000192806 0.000165637 0.00016477 0.00016417 0.000119535 0.000118462 0.000117515 6.96501e-05 4.69107e-05 4.02338e-05 3.29391e-05 2.11009e-05
threshold=0.71704319761668334 7.6545092838196309 0.20851911280123658 -0.49700420168239895 0.22947859096834008 0.13841960479317897 77.777777777778397 0.19902458633837386 0.19331308454115989 0.032645082280476141 16.077636623599904 0.47086466165413537 37.161791509319393 -0.80130099318722803 -0.15225015312453413 39.210985472572133
decision_type=2 2 2 2 2 8 2 2 2 10 8 2 2 8 10 2
left_child=2 3 9 6 10 -4 8 -3 -2 -1 12 -11 -5 15 -12 -13
right_child=1 7 5 4 -6 -7 -8 -9 -10 11 14 13 -14 -15 -16 -17
leaf_value=-6.9944566978808631e-06 -1.7423217551017882e-06 5.8216341102464042e-06 -1.5273616210739933e-05 1.7946871723008989e-06 9.1720416446112142e-06 -6.1049931217672602e-06 3.8583167065451693e-06 1.5707599192758555e-05 -9.4128899533696371e-06 -3.8191356567879898e-06 1.6587686604346502e-06 2.1748691857992528e-07 6.8419501709890382e-06 -2.0877024764028908e-06 -2.3368350365059966e-06 3.9255745248219841e-06
leaf_weight=1471 1764 1347 1156 1025 1847 1711 1029 1044 1192 1940 1385 1022 1738 1218 1510 1133
leaf_count=1471 1764 1347 1156 1025 1847 1711 1029 1044 1192 1940 1385 1022 1738 1218 1510 1133
internal_value=-1.33997e-08 3.12351e-06 -4.52521e-06 1.66379e-06 3.92277e-06 -9.80186e-06 -2.59057e-06 1.01382e-05 -4.83546e-06 -2.29523e-06 2.2092e-06 -9.94164e-07 4.96955e-06 6.30633e-07 -4.25293e-07 2.16703e-06
internal_weight=23532 13881 9651 11490 7505 2867 3985 2391 2956 6784 5658 5313 2763 3373 2895 2155
internal_count=23532 13881 9651 11490 7505 2867 3985 2391 2956 6784 5658 5313 2763 3373 2895 2155
is_linear=0
shrinkage=0.0187118


Tree=68
num_leaves=18
num_cat=0
split_feature=16 37 24 31 52 4 31 31 0 42 48 16 31 16 48 1 1
split_gain=0.000636463 0.000349793 0.000159451 0.000139417 0.000219951 0.000115201 0.000162943 0.000162444 0.000112295 9.09935e-05 8.79891e-05 9.42792e-05 8.57851e-05 5.05853e-05 4.58098e-05 4.26929e-05 2.26565e-05
threshold=0.54605263157894746 0.0030511078011544739 1.0000000000000357 39.500000000000007 0.24870785137133392 -0.62618011193397016 125.50000000000001 28.500000000000004 23.500000000000004 0.0013633271501909407 66.698382509017492 0.46334586466165417 126.50000000000001 0.42293233082706772 23.383176804555521 80.17263938827962 145.09562867053276
decision_type=2 2 10 2 2 2 2 2 2 2 2 2 2 2 2 2 2
left_child=1 2 5 -2 12 8 7 -7 -1 13 11 -9 -5 -8 -15 -14 -16
right_child=3 -3 -4 4 -6 6 9 10 -10 -11 -12 -13 15 14 16 -17 -18
leaf_value=-8.7791863722644893e-06 -1.0263540983201462e-06 -1.0935537670921094e-05 4.5484559168718302e-06 7.6739583287401528e-06 1.3038503922692441e-05 -4.6779767159189675e-06 -4.7098186949455095e-06 -2.5995482197975899e-06 -1.1092119728295232e-06 -7.122814339316041e-06 8.0384162587608197e-06 4.6259285301832962e-06 4.3742253657521576e-06 -3.621823108073125e-06 2.1910244889665452e-06 -4.4855060646580364e-07 -1.3554070482923095e-06
leaf_weight=1443 1117 1381 1568 1504 1271 1081 1429 1060 1245 1367 1088 1567 1333 1197 1598 1241 1042
leaf_count=1443 1117 1381 1568 1504 1271 1081 1429 1060 1245 1367 1088 1567 1333 1197 1598 1241 1042
internal_value=-1.31489e-08 -1.90734e-06 -1.11245e-06 4.98629e-06 6.24187e-06 -1.74122e-06 -9.21464e-07 1.70605e-06 -5.22669e-06 -2.82129e-06 3.56369e-06 1.71043e-06 4.12355e-06 -1.70466e-06 -5.85457e-07 2.04902e-06 7.91258e-07
internal_weight=23532 17066 15685 6466 5349 14117 11429 4796 2688 6633 3715 2627 4078 5266 3837 2574 2640
internal_count=23532 17066 15685 6466 5349 14117 11429 4796 2688 6633 3715 2627 4078 5266 3837 2574 2640
is_linear=0
shrinkage=0.0187118


Tree=69
num_leaves=19
num_cat=0
split_feature=20 20 31 52 31 36 31 48 20 1 31 16 31 31 52 55 25 52
split_gain=0.000902898 0.000391515 0.000466922 0.000309556 0.000303272 0.000237795 0.000214649 0.00021815 0.000160256 0.000135651 0.000118989 9.98467e-05 9.54474e-05 0.000123691 7.16648e-05 6.45697e-05 5.70761e-05 4.38412e-05
threshold=0.71704319761668334 7.6545092838196309 28.500000000000004 0.20851911280123658 161.50000000000003 -0.0018570118145263546 142.50000000000003 66.698382509017492 0.19865281683752153 256.0709528940418 210.50000000000003 0.49718045112781956 122.50000000000001 85.500000000000014 0.14401739226911264 31479.000000000004 -0.66266026223292496 0.15149129662572272
decision_type=2 2 2 2 2 2 2 2 2 2 2 2 2 2 2 2 2 2
left_child=3 2 -2 10 -3 -4 7 11 -5 16 12 -7 13 -1 -11 -14 -8 -18
right_child=1 4 5 8 -6 6 9 -9 -10 14 -12 -13 15 -15 -16 -17 17 -19
leaf_value=-4.767237466602359e-06 -1.061397035469517e-05 1.5695049026236593e-05 1.1216692267317122e-05 -1.5374478276250173e-05 2.2258604802803581e-06 -1.3135816065781605e-06 -1.6287837117750335e-06 1.1676019497499731e-05 -6.1955604742957238e-06 -1.0829404255826488e-06 2.8213440742422252e-06 5.7099104137808879e-06 -9.4418982436635536e-06 2.8141455134738397e-06 -7.9143046416223066e-06 -3.3429616077249189e-06 9.5333344408290602e-07 6.345507715700884e-06
leaf_weight=1613 999 1368 1051 1052 1023 1405 1104 1226 1815 1163 1316 1430 1143 1414 1000 1298 1067 1045
leaf_count=1613 999 1368 1051 1052 1023 1405 1104 1226 1815 1163 1316 1430 1143 1414 1000 1298 1067 1045
internal_value=-1.29029e-08 3.0433e-06 1.60976e-06 -4.40862e-06 9.9322e-06 2.77375e-06 1.83376e-06 5.08111e-06 -9.56362e-06 -6.17899e-07 -2.23006e-06 2.22913e-06 -3.4458e-06 -1.22575e-06 -4.24122e-06 -6.19879e-06 1.81906e-06 3.62134e-06
internal_weight=23532 13881 11490 9651 2391 10491 9440 4061 2867 5379 6784 2835 5468 3027 2163 2441 3216 2112
internal_count=23532 13881 11490 9651 2391 10491 9440 4061 2867 5379 6784 2835 5468 3027 2163 2441 3216 2112
is_linear=0
shrinkage=0.0187118


Tree=70
num_leaves=18
num_cat=0
split_feature=16 37 24 52 26 51 7 52 19 0 39 26 15 53 18 54 1
split_gain=0.000652143 0.000346919 0.000176838 0.000165193 9.82479e-05 9.17808e-05 8.15847e-05 0.000150425 6.42465e-05 5.35787e-05 4.23996e-05 3.52581e-05 3.45918e-05 3.31636e-05 3.13701e-05 2.61563e-05 1.8101e-05
threshold=0.54605263157894746 0.0030511078011544739 1.0000000000000357 0.31757643066056684 -0.0001049971551636301 55.555555555555316 0.34927699043668631 0.20401921502516154 0.16083715757926956 46.500000000000007 0.0013670546373334427 0.0017510999184136486 0.1522216650552273 42.039486686621224 -0.030336689696545616 2.5982839700863107 80.616164491822758
decision_type=2 2 10 2 10 2 8 2 2 2 2 8 10 2 8 2 2
left_child=1 2 4 5 6 9 7 13 10 -2 12 -7 14 16 -8 -15 -1
right_child=3 -3 -4 -5 -6 11 8 -9 -10 -11 -12 -13 -14 15 -16 -17 -18
leaf_value=-2.1546319315843163e-06 3.2580567731965739e-06 -1.0992573648468372e-05 4.770949222057569e-06 1.1651496468026487e-05 3.491896258965342e-06 8.1280855523829261e-06 2.0829978821030047e-06 -9.0424359738535991e-06 3.0201374852023138e-06 -2.1139063353429526e-06 -5.0532028050622053e-06 3.5810130330094722e-06 -3.8704172296332079e-06 -2.6039426951189287e-06 -1.55972086687594e-06 1.4600932894643459e-06 -5.3180136970664309e-06
leaf_weight=1300 1834 1379 1562 1088 1105 1471 1441 1493 1206 1007 1090 1005 1069 1104 1945 1114 1235
leaf_count=1300 1834 1379 1562 1088 1105 1471 1441 1493 1206 1007 1090 1005 1069 1104 1945 1114 1235
internal_value=-8.19613e-08 -1.99499e-06 -1.20287e-06 5.00839e-06 -1.86456e-06 3.64903e-06 -2.31996e-06 -3.86125e-06 -8.93977e-07 1.35395e-06 -1.74527e-06 6.28245e-06 -9.35922e-07 -2.23374e-06 -9.46677e-09 -5.62762e-07 -3.69577e-06
internal_weight=23448 17043 15664 6405 14102 5317 12997 6246 6751 2841 5545 2476 4455 4753 3386 2218 2535
internal_count=23448 17043 15664 6405 14102 5317 12997 6246 6751 2841 5545 2476 4455 4753 3386 2218 2535
is_linear=0
shrinkage=0.0187118


Tree=71
num_leaves=18
num_cat=0
split_feature=25 36 17 55 1 15 24 10 48 50 26 36 16 4 15 18 17
split_gain=0.000645395 0.000409424 0.000235443 0.000184241 0.000131898 0.000116323 0.000111262 0.000103689 9.69311e-05 8.59096e-05 7.62082e-05 6.78977e-05 6.33781e-05 5.84203e-05 3.7051e-05 3.01613e-05 1.21758e-05
threshold=-0.49999999999999106 -0.0031520902158523319 -0.30510736959129331 9104.5000000000018 631.34953831382416 0.039423194921237373 3000.5000000000432 -1.5046992481203001 48.769956496231678 74.999999999999716 -0.0067294603638411677 0.0013726842430545896 0.53571428571428592 -0.12199672112612357 0.11771907680248493 -0.14718917151904634 -0.066442248617653063
decision_type=2 2 10 2 2 10 10 2 2 2 8 2 2 2 10 10 10
left_child=3 -2 5 7 6 -3 8 -1 13 11 -11 15 -10 -4 -6 -5 -15
right_child=1 2 4 9 14 -7 -8 -9 12 10 -12 -13 -14 16 -16 -17 -18
leaf_value=-2.9952951967394397e-06 1.3709129302306301e-05 -8.2575115739010462e-06 -9.7135081196266872e-07 -6.3371906408794159e-07 1.4569050463924599e-06 -3.5787474351001729e-07 9.7426152904421951e-06 -1.043368789933365e-05 2.9849056395223049e-06 3.5931758314303959e-06 -2.4204215644702947e-06 -7.5227780248268965e-06 8.7279018585747141e-06 2.1109560901409822e-06 -3.4888023581136365e-06 -4.7810981243004792e-06 5.0259808530425157e-06
leaf_weight=1022 1058 1004 1940 1598 1005 1865 1059 1833 1304 1336 1648 1259 1390 994 1123 997 1013
leaf_count=1022 1058 1004 1940 1598 1005 1865 1059 1833 1304 1336 1648 1259 1390 994 1123 997 1013
internal_value=-8.04277e-08 2.52557e-06 1.59368e-06 -3.77851e-06 2.97039e-06 -3.12234e-06 4.10996e-06 -7.77098e-06 3.21176e-06 -2.11158e-06 2.71992e-07 -3.95709e-06 5.94807e-06 1.34411e-06 -1.15307e-06 -2.22714e-06 3.58227e-06
internal_weight=23448 13755 12697 9693 9828 2869 7700 2855 6641 6838 2984 3854 2694 3947 2128 2595 2007
internal_count=23448 13755 12697 9693 9828 2869 7700 2855 6641 6838 2984 3854 2694 3947 2128 2595 2007
is_linear=0
shrinkage=0.0187118


Tree=72
num_leaves=18
num_cat=0
split_feature=20 20 20 37 31 31 26 1 27 28 18 26 31 30 31 1 13
split_gain=0.000852275 0.00038509 0.000314631 0.000227571 0.000194718 0.000290291 0.000156269 0.000154847 0.000148403 0.000120028 8.72021e-05 7.93366e-05 5.90305e-05 0.000124353 0.000100263 7.71336e-05 3.02289e-05
threshold=1.4854314002828855 0.055327558657808432 18.017241379310349 0.0027491421920582408 31.500000000000004 146.50000000000003 -0.0084802691490591508 48.771039752975597 37.604387529307083 -0.66533717278182991 0.015600474989656077 -0.0052622159482530141 125.50000000000001 18.500000000000004 91.500000000000014 81.185555617285189 -0.11574800674382206
decision_type=2 2 2 2 2 2 10 2 10 2 10 10 2 2 2 2 8
left_child=1 -1 4 6 -2 7 16 -6 -7 -8 12 -10 14 15 -11 -14 -3
right_child=2 3 -4 -5 5 8 9 -9 11 10 -12 -13 13 -15 -16 -17 -18
leaf_value=-1.4097768801293937e-05 -4.4746250262654612e-06 -3.6672430391310832e-06 1.4021036001028774e-05 -1.0689280882128678e-05 3.7058752498610885e-06 5.9233600178815174e-06 3.9907231918818449e-06 1.2578671579498849e-05 -5.6284420419864255e-06 -1.2684111293014197e-06 -5.3750743305677385e-06 9.847764020095679e-07 -1.6215752766324075e-06 2.6191874443210683e-06 5.6190605949151582e-06 -8.2829257283877464e-06 -8.1421751748101596e-06
leaf_weight=1004 1026 1009 1052 995 1181 1469 1778 1652 1006 1867 1546 1723 1415 1321 1226 1068 1110
leaf_count=1004 1026 1009 1052 995 1181 1469 1778 1652 1006 1867 1546 1723 1415 1321 1226 1068 1110
internal_value=-7.89227e-08 -2.92226e-06 4.39694e-06 -2.08085e-06 3.14033e-06 4.25154e-06 -1.38674e-06 8.87985e-06 1.12815e-06 -4.27968e-07 -1.35849e-06 -1.45307e-06 -4.58156e-07 -2.01912e-06 1.46164e-06 -4.48679e-06 -6.01136e-06
internal_weight=23448 14339 9109 13335 8057 7031 12340 2833 4198 10221 8443 2729 6897 3804 3093 2483 2119
internal_count=23448 14339 9109 13335 8057 7031 12340 2833 4198 10221 8443 2729 6897 3804 3093 2483 2119
is_linear=0
shrinkage=0.0187118


Tree=73
num_leaves=18
num_cat=0
split_feature=20 31 36 52 16 31 20 31 20 31 1 25 1 55 52 51 30
split_gain=0.000823618 0.000428374 0.000400099 0.000288234 0.000235504 0.000218756 0.000146077 0.000145446 0.000139018 0.000123524 0.000124759 9.28151e-05 8.25681e-05 7.85973e-05 7.10748e-05 3.41498e-05 2.03205e-05
threshold=2.4353400222965447 20.500000000000004 0.002010052281560815 0.27988993496199205 0.52161654135338364 192.50000000000003 9.1509971509971546 62.500000000000007 0.5680236686390534 124.50000000000001 257.7343483081637 -0.66666666666665864 255.04151438920454 15313.500000000002 0.18716310343696127 50.925925925927153 17.500000000000004
decision_type=2 2 2 2 2 2 2 2 2 2 2 2 2 2 2 2 2
left_child=1 -1 4 5 8 6 7 -2 11 -10 16 13 14 -3 15 -6 -11
right_child=3 2 -4 -5 12 -7 -8 -9 9 10 -12 -13 -14 -15 -16 -17 -18
leaf_value=-1.3543216994651557e-05 -1.1121884398354572e-06 -1.0397047423798206e-05 -1.177345122519937e-05 1.4121066905266598e-05 -8.8214290635034264e-08 -1.7094199282665722e-06 1.2607924387052141e-05 8.6503774383914935e-06 3.6215250226410162e-06 -1.4819616038608081e-06 -7.2486686272286595e-06 -1.2550912877104395e-06 -5.8964917474301763e-07 -4.0710230978174832e-06 8.4609539103717304e-06 4.3366479841164311e-06 2.1385059535635474e-06
leaf_weight=1080 1026 1210 1201 1199 1012 1628 1009 1115 1875 1107 1188 1695 1902 1593 1003 1540 1065
leaf_count=1080 1026 1210 1201 1199 1012 1628 1009 1115 1875 1107 1188 1695 1902 1593 1003 1540 1065
internal_value=-7.74459e-08 -2.12865e-06 -1.37655e-06 5.9183e-06 -5.54512e-07 3.85988e-06 6.73824e-06 3.97201e-06 -2.29909e-06 -2.26185e-07 -2.37335e-06 -4.71164e-06 2.55708e-06 -6.80184e-06 4.24065e-06 2.58196e-06 2.93266e-07
internal_weight=23448 17471 16391 5977 15190 4778 3150 2141 9733 5235 3360 4498 5457 2803 3555 2552 2172
internal_count=23448 17471 16391 5977 15190 4778 3150 2141 9733 5235 3360 4498 5457 2803 3555 2552 2172
is_linear=0
shrinkage=0.0187118


Tree=74
num_leaves=18
num_cat=0
split_feature=25 36 52 17 0 1 30 31 7 48 31 47 1 19 0 15 55
split_gain=0.000587272 0.000382718 0.000333465 0.000214061 0.000150458 0.000124467 0.000104805 9.83144e-05 0.000105029 9.07323e-05 9.20689e-05 8.71686e-05 6.71035e-05 5.55844e-05 4.32979e-05 3.64416e-05 2.82617e-05
threshold=-0.49738630924863253 -0.0031520902158523319 0.30213559502178183 -0.30510736959129331 3.5000000000000004 631.34953831382416 18.500000000000004 114.50000000000001 0.39995967277336103 55.50965577338436 127.50000000000001 -39.127362656754748 255.22743394534169 0.18332962030734737 22.500000000000004 0.11771907680248493 48132.000000000007
decision_type=2 2 2 10 2 2 2 2 8 2 2 2 2 2 2 10 2
left_child=2 -2 6 4 -3 9 7 8 -1 11 -11 14 16 -8 -5 -7 -9
right_child=1 3 -4 5 -6 15 13 12 -10 10 -12 -13 -14 -15 -16 -17 -18
leaf_value=-3.5987310235838636e-06 1.3245285159119416e-05 -8.2154063385182868e-06 -1.0768206096890159e-05 6.2263823126658361e-06 5.8055166294399968e-07 1.4247182275903998e-06 -1.365243201163827e-06 -5.4460423196249569e-06 4.2429848009743706e-06 1.0417793849905734e-05 3.3092879437029834e-06 -1.1941253742537788e-06 -9.310547933812996e-06 4.630176063922187e-06 2.0825964617733431e-06 -3.4824732435695125e-06 -1.300238801110205e-06
leaf_weight=1464 1058 1152 1831 1746 1665 1004 1095 1263 1011 1265 1287 1548 1022 1071 1786 1122 1058
leaf_count=1464 1058 1152 1831 1746 1665 1004 1095 1263 1011 1265 1287 1548 1022 1071 1786 1122 1058
internal_value=-7.59968e-08 2.43665e-06 -3.56606e-06 1.52727e-06 -3.01652e-06 2.839e-06 -1.91437e-06 -3.22246e-06 -3.95508e-07 3.95438e-06 6.8329e-06 2.50832e-06 -5.3154e-06 1.59925e-06 4.13103e-06 -1.16506e-06 -3.55623e-06
internal_weight=23448 13633 9815 12575 2817 9758 7984 5818 2475 7632 2552 5080 3343 2166 3532 2126 2321
internal_count=23448 13633 9815 12575 2817 9758 7984 5818 2475 7632 2552 5080 3343 2166 3532 2126 2321
is_linear=0
shrinkage=0.0187118


Tree=75
num_leaves=18
num_cat=0
split_feature=20 20 19 40 37 20 19 31 1 20 19 17 4 18 55 55 20
split_gain=0.000784276 0.000363938 0.000297822 0.000238301 0.000208283 0.000170137 0.00016612 0.000138122 0.000185612 0.000134246 0.000125882 0.00011472 0.000101984 8.28599e-05 6.61358e-05 6.4238e-05 4.96919e-05
threshold=1.4854314002828855 0.055327558657808432 0.062914533438679157 -0.0030287741185823776 0.0027491421920582408 11.846052631578949 0.036748927727460419 120.50000000000001 156.34276651146243 0.31514399578915714 -0.063193889771298459 -0.25454748251952836 -0.43804059019729769 -0.038664911890060584 40260.000000000007 7713.0000000000009 0.7743476287724077
decision_type=2 2 2 2 2 2 2 2 2 2 2 10 2 8 2 2 2
left_child=1 -1 3 -2 6 11 7 8 -3 13 -9 -5 -11 -8 15 -13 -14
right_child=2 4 -4 5 -6 -7 9 10 -10 12 -12 14 16 -15 -16 -17 -18
leaf_value=-1.3666384624361443e-05 1.1056381412657187e-05 -5.4498920143400729e-06 1.1381023373156626e-05 -3.9318912636831454e-06 -1.0219700328330345e-05 7.6832855773960771e-06 5.6164288643175808e-07 -1.1367391201202681e-05 3.8340760362408421e-06 6.6981960169105558e-06 -2.918909751347425e-06 3.3925780281589808e-07 -1.825353612094675e-06 -6.2515858609441296e-06 -1.8946657206966181e-06 6.5962854832637515e-06 3.0660156881305499e-06
leaf_weight=1004 1013 1595 1662 1833 995 1189 1256 1201 1430 1434 1271 1078 1466 1244 1104 1230 1443
leaf_count=1004 1013 1595 1662 1833 995 1189 1256 1201 1430 1434 1271 1078 1466 1244 1104 1230 1443
internal_value=-7.45747e-08 -2.80213e-06 4.21902e-06 2.62063e-06 -1.98415e-06 1.29246e-06 -1.3201e-06 -3.74241e-06 -1.06111e-06 6.25743e-07 -7.02353e-06 -1.56285e-07 2.61421e-06 -2.82862e-06 1.87205e-06 3.67381e-06 6.00993e-07
internal_weight=23448 14339 9109 7447 13335 6434 12340 5497 3025 6843 2472 5245 4343 2500 3412 2308 2909
internal_count=23448 14339 9109 7447 13335 6434 12340 5497 3025 6843 2472 5245 4343 2500 3412 2308 2909
is_linear=0
shrinkage=0.0187118


Tree=76
num_leaves=19
num_cat=0
split_feature=20 31 23 52 20 19 31 20 31 31 1 31 20 31 48 19 20 19
split_gain=0.000759639 0.00040914 0.000343846 0.000270791 0.000211875 0.000229721 0.000205547 0.000138314 0.000141212 0.000129825 0.000106036 0.000103733 0.000161691 0.000140754 6.77999e-05 6.64523e-05 4.38818e-05 3.00917e-05
threshold=2.4353400222965447 20.500000000000004 -0.35000000000000492 0.27988993496199205 0.48586238140923149 0.11833879549232408 192.50000000000003 9.1509971509971546 62.500000000000007 121.50000000000001 257.7343483081637 210.50000000000003 0.1260686883449032 127.50000000000001 55.50965577338436 -0.20640268518456037 0.79089180781196011 -0.039762375044041669
decision_type=2 2 10 2 2 2 2 2 2 2 2 2 2 2 2 2 2 2
left_child=1 -1 -3 6 11 9 7 8 -2 15 16 12 -4 -14 -7 -6 -11 -18
right_child=3 2 4 -5 5 14 -8 -9 -10 10 -12 -13 13 -15 -16 -17 17 -19
leaf_value=-1.3198474570379323e-05 -1.2214485465604823e-06 -9.6467466443667734e-06 -1.0089558871332799e-05 1.3635675753150321e-05 6.6021729530855153e-06 3.1842679714469849e-06 -1.7087208436115469e-06 1.2191499045782855e-05 8.3979791489540497e-06 -4.0223719567991774e-06 -7.650016047686393e-06 1.7050471063385546e-06 8.1301417392150487e-07 -7.3045205681804995e-06 9.1168042463010974e-06 1.8865370133705486e-07 -1.4184602611105628e-06 3.0813537883900789e-06
leaf_weight=1080 1026 1566 1314 1199 999 1479 1628 1009 1115 1005 1068 1161 1961 1209 1240 1304 1086 999
leaf_count=1080 1026 1566 1314 1199 999 1479 1628 1009 1115 1005 1068 1161 1961 1209 1240 1304 1086 999
internal_value=-7.31793e-08 -2.0431e-06 -1.30808e-06 5.68498e-06 -4.27244e-07 1.32691e-06 3.68982e-06 6.47992e-06 3.7882e-06 -5.93298e-07 -2.56731e-06 -3.27989e-06 -4.57059e-06 -2.28292e-06 5.8898e-06 2.97072e-06 -8.10569e-07 7.37564e-07
internal_weight=23448 17471 16391 5977 14825 9180 4778 3150 2141 6461 4158 5645 4484 3170 2719 2303 3090 2085
internal_count=23448 17471 16391 5977 14825 9180 4778 3150 2141 6461 4158 5645 4484 3170 2719 2303 3090 2085
is_linear=0
shrinkage=0.0187118


Tree=77
num_leaves=19
num_cat=0
split_feature=20 20 52 36 31 31 31 19 20 31 0 20 54 31 30 20 17 10
split_gain=0.000743862 0.000357012 0.000260176 0.000245963 0.000207525 0.000192642 0.000186719 0.000205553 0.000144986 0.000180412 0.000143406 0.000134264 0.000111715 0.000103877 8.08318e-05 7.12101e-05 5.04831e-05 3.14889e-05
threshold=2.4353400222965447 0.060213074520303438 0.27988993496199205 0.0013614710189253645 39.500000000000007 191.50000000000003 125.50000000000001 -0.095293485085852211 9.1509971509971546 61.500000000000007 18.500000000000004 0.5680236686390534 1.1480372526883411 90.500000000000014 17.500000000000004 0.5306692509405998 -0.11110156227143733 -1.4031954887218039
decision_type=2 2 2 2 2 2 2 2 2 2 2 2 2 2 2 2 10 2
left_child=1 -1 5 4 -3 8 13 -8 9 -2 -5 12 -9 14 -6 -15 17 -13
right_child=2 3 -4 10 6 -7 7 11 -10 -11 -12 16 -14 15 -16 -17 -18 -19
leaf_value=-1.2086882247489958e-05 -1.9834618919536499e-06 -7.0218651038549931e-06 1.3481185725683981e-05 -1.1100860896613101e-05 3.9312147301932002e-06 -1.3482455439819661e-06 -6.6108121594506216e-06 -6.8153321961111249e-06 1.2418018083272007e-05 8.9288459004802753e-06 -2.1233418022448415e-06 3.2908253969081689e-06 1.0991617187820317e-06 3.0559676807114659e-06 -2.864321344503953e-06 9.8347270851209359e-06 5.7485773218199352e-06 -1.2448394167132695e-06
leaf_weight=1126 1007 1413 1212 1245 1373 1672 1881 1238 995 1121 1247 1108 1260 1067 1107 1104 1319 1038
leaf_count=1126 1007 1413 1212 1245 1373 1672 1881 1238 995 1121 1247 1108 1260 1067 1107 1104 1319 1038
internal_value=5.29783e-08 -1.89467e-06 5.73543e-06 -1.19489e-06 -2.24891e-07 3.77759e-06 5.43746e-07 -1.21761e-06 6.52188e-06 3.76498e-06 -6.6085e-06 4.83654e-07 -2.82323e-06 3.5143e-06 8.97884e-07 6.50311e-06 2.86767e-06 1.09697e-06
internal_weight=23533 17526 6007 16400 13908 4795 12495 7844 3123 2128 2492 5963 2498 4651 2480 2171 3465 2146
internal_count=23533 17526 6007 16400 13908 4795 12495 7844 3123 2128 2492 5963 2498 4651 2480 2171 3465 2146
is_linear=0
shrinkage=0.0187118


Tree=78
num_leaves=19
num_cat=0
split_feature=49 52 52 31 31 0 37 19 4 36 15 7 17 18 15 17 52 47
split_gain=0.000505409 0.000285363 0.000267165 0.000159677 0.00018005 0.000125662 0.000112892 8.95558e-05 8.74528e-05 8.29555e-05 8.21677e-05 5.57965e-05 4.54057e-05 4.35412e-05 4.09079e-05 3.53795e-05 3.18449e-05 2.696e-05
threshold=48.963074175768817 0.2982229502139378 0.34886973641768743 25.500000000000004 125.50000000000001 136.50000000000003 -0.0015760451079261937 -1.0006049028527426 -0.36597603030131715 0.0013522656621439701 0.059066315174084318 0.39199144486692022 -0.1610251309206869 -0.14242832184813392 0.03800631531185656 -0.10132456627951199 0.1201898293202381 41.666666666655949
decision_type=2 2 2 2 2 2 2 2 2 2 8 10 10 10 10 10 2 2
left_child=2 5 3 -1 6 9 -5 -6 -9 11 -3 14 -8 15 -2 -10 -13 -16
right_child=1 10 -4 4 7 -7 12 8 13 -11 -12 16 -14 -15 17 -17 -18 -19
leaf_value=-5.2562870672987813e-06 -5.6229762636971854e-06 -1.2955155529191147e-05 1.1634831630395098e-05 1.0853350411507659e-05 -3.9288519699431893e-06 4.1873103703462728e-06 1.324174583269189e-06 -2.409807718943989e-06 2.5278095121177515e-06 -5.5741101946360964e-06 -5.3658838346325178e-06 3.3183980415767581e-06 5.8837756654053947e-06 4.9488516312412409e-07 -3.6493122159261245e-06 7.4868775996479353e-06 -7.6853419438196377e-07 3.8727953345496412e-07
leaf_weight=1000 1164 1001 1078 1055 1273 1231 1432 1293 999 1969 997 1071 1641 1174 1012 1016 1772 1355
leaf_count=1000 1164 1001 1078 1055 1273 1231 1432 1293 999 1969 997 1071 1641 1174 1012 1016 1772 1355
internal_value=5.1987e-08 -2.73592e-06 2.74923e-06 1.86907e-06 2.59005e-06 -1.39358e-06 5.57214e-06 4.51023e-07 1.69502e-06 -2.21704e-06 -9.16812e-06 -1.18e-06 3.75903e-06 3.35934e-06 -2.75092e-06 5.02826e-06 7.71072e-07 -1.33855e-06
internal_weight=23533 11572 11961 10883 9883 9574 4128 5755 4482 8343 1998 6374 3073 3189 3531 2015 2843 2367
internal_count=23533 11572 11961 10883 9883 9574 4128 5755 4482 8343 1998 6374 3073 3189 3531 2015 2843 2367
is_linear=0
shrinkage=0.0187118


Tree=79
num_leaves=18
num_cat=0
split_feature=20 20 52 36 19 21 16 0 19 20 9 20 19 9 5 20 19
split_gain=0.000709399 0.000340956 0.000247129 0.000228456 0.000180721 0.000143056 0.000158397 0.000136653 8.30682e-05 7.06841e-05 6.80847e-05 6.61203e-05 5.86942e-05 6.13644e-05 5.44248e-05 4.23729e-05 3.58724e-05
threshold=2.4353400222965447 0.060213074520303438 0.27988993496199205 0.0013614710189253645 0.0014741874814081515 1.0000000180025095e-35 0.52161654135338364 18.500000000000004 -1.85179643809343 0.5680236686390534 -0.72805343511450371 7.6545092838196309 0.22396393002438944 -0.61545801526717547 -0.090392239492832996 0.72353976995991165 0.018226436240633252
decision_type=2 2 2 2 2 2 2 2 2 2 10 2 2 8 2 2 2
left_child=1 -1 4 5 8 6 9 -5 -2 14 -11 -10 13 -8 -3 -7 -12
right_child=2 3 -4 7 -6 15 12 -9 11 10 16 -13 -14 -15 -16 -17 -18
leaf_value=-1.1811375676540707e-05 -2.4096321127267367e-06 -1.391674185574052e-07 1.3149312724075318e-05 -1.0769810960992945e-05 1.0425552805099286e-05 -7.2953061932794897e-06 5.1602228873675698e-06 -2.006233284188209e-06 9.1800997799229541e-07 4.170427636708409e-06 -2.6143700819989281e-06 6.979299100892865e-06 5.94874897304117e-06 -5.4971160083146654e-07 -5.3495351931816126e-06 -2.1039656755915981e-06 1.7379439421108314e-06
leaf_weight=1126 1164 1136 1212 1245 1081 1062 1060 1247 1412 1204 1923 1138 1789 1742 1837 1143 1012
leaf_count=1126 1164 1136 1212 1245 1081 1062 1060 1247 1412 1204 1923 1138 1789 1742 1837 1143 1012
internal_value=5.10143e-08 -1.85098e-06 5.60028e-06 -1.16712e-06 3.69216e-06 -2.32279e-07 5.91465e-07 -6.38451e-06 1.73233e-06 -1.15757e-06 4.23426e-07 3.62301e-06 3.30093e-06 1.61036e-06 -3.35863e-06 -4.60429e-06 -1.11367e-06
internal_weight=23533 17526 6007 16400 4795 13908 11703 2492 3714 7112 4139 2550 4591 2802 2973 2205 2935
internal_count=23533 17526 6007 16400 4795 13908 11703 2492 3714 7112 4139 2550 4591 2802 2973 2205 2935
is_linear=0
shrinkage=0.0187118


Tree=80
num_leaves=17
num_cat=0
split_feature=20 37 20 31 31 31 1 24 27 0 36 20 31 27 26 20
split_gain=0.000684856 0.000297489 0.000275385 0.000245637 0.00029778 0.000199983 0.000186428 0.000154667 0.000122631 0.000106862 0.000111809 6.64974e-05 0.00010977 8.39268e-05 5.65426e-05 2.39892e-05
threshold=1.3887119603680118 0.0027491421920582408 18.017241379310349 30.500000000000004 145.50000000000003 39.500000000000007 41.690253542635169 1.0000000000000357 37.604387529307083 71.500000000000014 0.0013614710189253645 0.19865281683752153 125.50000000000001 -1.5484355614436589 -0.0054186895295489116 0.62133049922445005
decision_type=2 2 2 2 2 2 2 10 10 2 2 2 2 10 10 2
left_child=1 5 3 -2 6 -1 -5 9 -6 10 11 -7 -13 15 -10 -14
right_child=2 -3 -4 4 8 7 -8 -9 14 -11 -12 12 13 -15 -16 -17
leaf_value=-8.196207238222689e-06 -5.7362589702627391e-06 -1.1461915053526987e-05 1.301302786549301e-05 2.3423880074396902e-06 5.1254248062720048e-06 -5.690926267803474e-06 1.2103901466711897e-05 3.9912790735946705e-06 -4.984347564997173e-06 2.0201332508131669e-06 -8.0381738995727576e-06 2.5861935379149333e-06 -2.8818000219191769e-06 -7.568192155304036e-06 5.5237217266878975e-07 1.1165086865388358e-06
leaf_weight=1483 1030 1203 1044 1070 1566 1274 1904 1894 998 1967 1230 1939 1101 995 1830 1005
leaf_count=1483 1030 1203 1044 1070 1566 1274 1904 1894 998 1967 1230 1939 1101 995 1830 1005
internal_value=5.00597e-08 -2.56293e-06 3.94962e-06 2.8229e-06 4.01942e-06 -1.73228e-06 8.59186e-06 -8.91767e-07 9.24642e-07 -1.86417e-06 -2.87695e-06 -1.87151e-06 -9.0605e-07 -3.08969e-06 -1.40153e-06 -9.73774e-07
internal_weight=23533 14091 9442 8398 7368 12888 2974 11405 4394 9511 7544 6314 5040 3101 2828 2106
internal_count=23533 14091 9442 8398 7368 12888 2974 11405 4394 9511 7544 6314 5040 3101 2828 2106
is_linear=0
shrinkage=0.0187118


Tree=81
num_leaves=18
num_cat=0
split_feature=49 52 52 0 24 8 51 30 26 37 4 24 26 4 19 1 39
split_gain=0.000460727 0.000268858 0.000252031 0.000117954 0.000104673 8.44163e-05 6.68528e-05 6.49187e-05 6.15689e-05 5.92035e-05 5.21879e-05 3.46072e-05 3.35108e-05 2.81545e-05 3.97994e-05 3.57677e-05 1.70913e-05
threshold=48.963074175768817 0.2982229502139378 0.34886973641768743 136.50000000000003 499.99999999998948 1.0000000180025095e-35 55.555555555555316 18.500000000000004 -0.0063548776918102004 0.0016194342601479896 -0.01623890553451297 -7.1111116994870814e-11 -0.0048113602012757059 -0.53053804624342793 -0.19708317084393909 60.945203375550221 1.0000000180025095e-35
decision_type=2 2 2 2 10 8 2 2 8 2 2 10 8 2 2 2 2
left_child=2 3 4 5 10 7 -6 9 -3 12 11 -1 16 -13 -15 -16 -2
right_child=1 8 -4 -5 6 -7 -8 -9 -10 -11 -12 13 -14 14 15 -17 -18
leaf_value=-2.4163102179655694e-06 -1.3454293338616848e-06 -1.2150713315850069e-05 1.125463658470351e-05 4.0972678783931837e-06 2.1036319567331184e-06 -6.1425037448862634e-06 7.2790502983603653e-06 1.9031675381133849e-06 -5.5812304296791004e-06 -6.2667363831913041e-06 4.3822484672203919e-06 -2.0669447531420441e-06 7.3215253629171787e-07 -1.5501037663843419e-06 7.7929299632870014e-07 5.2656653758708165e-06 -4.5574496845320925e-06
leaf_weight=1710 1368 996 1078 1231 1957 1491 1579 1731 1002 1043 1039 1005 1703 1069 1411 1113 1007
leaf_count=1710 1368 996 1078 1231 1957 1491 1579 1731 1002 1043 1039 1005 1703 1069 1411 1113 1007
internal_value=4.9123e-08 -2.6127e-06 2.62437e-06 -1.30976e-06 1.76951e-06 -2.10756e-06 4.41471e-06 -1.22955e-06 -8.85611e-06 -2.28847e-06 4.96419e-07 -1.43621e-07 -1.27098e-06 7.01593e-07 1.47598e-06 2.75763e-06 -2.70733e-06
internal_weight=23533 11572 11961 9574 10883 8343 3536 6852 1998 5121 7347 6308 4078 4598 3593 2524 2375
internal_count=23533 11572 11961 9574 10883 8343 3536 6852 1998 5121 7347 6308 4078 4598 3593 2524 2375
is_linear=0
shrinkage=0.0187118


Tree=82
num_leaves=18
num_cat=0
split_feature=25 52 52 15 51 1 19 36 27 52 25 44 9 11 47 22 52
split_gain=0.000445692 0.000294059 0.000273191 0.000182464 0.000112908 9.18331e-05 0.000114782 6.34043e-05 5.4217e-05 4.89938e-05 4.82502e-05 3.78558e-05 3.64114e-05 1.76144e-05 1.87514e-05 1.2839e-05 1.0901e-05
threshold=-0.50262329198501032 0.34498385841469054 0.31201143981053708 0.028033215511461016 82.962962962963246 631.34953831382416 0.37181013041414351 -0.0013651883493987491 -35.623842844161594 0.17072890755403744 -0.99301190378797333 -0.0013633271501908848 -0.61545801526717547 -0.45133587786259538 -40.22988505746649 -0.8432116638881576 0.14691847117708065
decision_type=2 2 2 10 2 2 2 2 10 2 2 2 8 10 2 8 2
left_child=2 3 4 -2 8 6 7 -5 -1 -6 16 -7 15 -14 -15 -9 -10
right_child=1 -3 -4 5 9 11 -8 12 10 -11 -12 -13 13 14 -16 -17 -18
leaf_value=4.4479108370213643e-07 -5.0046739339078532e-06 1.0903534432486022e-05 -1.0013094999608886e-05 5.2528117930862718e-06 4.1001289493631872e-06 1.7293658041285516e-06 7.8077295574237199e-06 4.6701363607244344e-06 -1.3446532052412206e-06 -1.3649765877590329e-06 -6.8841118195950538e-06 -2.9072082447355309e-06 -1.3692182989108874e-06 2.9594692834108083e-06 -5.3905495814864225e-07 1.6708848817810879e-06 -3.7204126664267936e-06
leaf_weight=1158 1425 1225 1657 1685 1353 1035 1449 1005 1215 998 1454 1525 1684 1059 1087 994 1525
leaf_count=1158 1425 1225 1657 1685 1353 1035 1449 1005 1215 998 1454 1525 1684 1059 1087 994 1525
internal_value=4.82038e-08 2.14088e-06 -3.12054e-06 1.31185e-06 -1.63788e-06 2.09299e-06 2.98573e-06 2.05586e-06 -3.13935e-06 1.78019e-06 -4.12897e-06 -1.03265e-06 1.1317e-06 6.32784e-08 1.18738e-06 3.17876e-06 -2.66693e-06
internal_weight=23533 14173 9360 12948 7703 11523 8963 7514 5352 2351 4194 2560 5829 3830 2146 1999 2740
internal_count=23533 14173 9360 12948 7703 11523 8963 7514 5352 2351 4194 2560 5829 3830 2146 1999 2740
is_linear=0
shrinkage=0.0187118


Tree=83
num_leaves=20
num_cat=0
split_feature=20 20 31 20 31 36 31 31 30 51 20 51 1 31 31 30 20 1 27
split_gain=0.00065045 0.000320232 0.000244142 0.000294479 0.000225916 0.00019958 0.000189386 0.000173251 0.000180984 0.000134571 0.000129292 0.000121652 0.000111932 9.98714e-05 9.072e-05 7.7861e-05 6.45347e-05 4.88279e-05 3.34803e-05
threshold=2.4353400222965447 0.060213074520303438 221.50000000000003 10.020000000000001 49.500000000000007 0.0013614710189253645 39.500000000000007 125.50000000000001 18.500000000000004 38.888888888892275 0.71704319761668334 46.296296296297818 257.7343483081637 90.500000000000014 198.50000000000003 17.500000000000004 0.5306692509405998 47.602982834012288 0.96960389916080125
decision_type=2 2 2 2 2 2 2 2 2 2 2 2 2 2 2 2 2 2 8
left_child=1 -1 3 4 -2 6 -3 13 10 -6 17 -7 18 15 -10 -8 -15 -9 -12
right_child=2 5 -4 -5 9 11 7 8 14 -11 12 -13 -14 16 -16 -17 -18 -19 -20
leaf_value=-1.1426903000104848e-05 -2.6423282334501653e-06 -6.7305695506985051e-06 -1.8919025798055764e-06 1.4862237976351234e-05 3.3449263821095613e-06 -9.9433889023458378e-06 3.7698546729860853e-06 -3.6609168473496016e-06 -2.1665745052240299e-07 1.2331232102690701e-05 4.255881052862535e-06 -1.6667315149864671e-06 -5.5079387073895921e-06 3.0072793976896704e-06 7.1860512614288085e-06 -2.8996374333786778e-06 9.4604914607803963e-06 -9.2825173437242771e-06 -3.7902007463160443e-07
leaf_weight=1126 1081 1413 1279 1311 1203 1301 1373 1032 1269 1133 998 1191 1137 1067 1067 1107 1104 1137 1204
leaf_count=1126 1081 1413 1279 1311 1203 1301 1373 1032 1269 1133 998 1191 1137 1067 1067 1107 1104 1137 1204
internal_value=4.73018e-08 -1.77396e-06 5.361e-06 7.32303e-06 4.43046e-06 -1.1112e-06 -2.37435e-07 4.96843e-07 -1.1998e-06 7.70344e-06 -3.0508e-06 -5.98773e-06 -7.40191e-07 3.35826e-06 3.16463e-06 7.92786e-07 6.28888e-06 -6.60779e-06 1.72163e-06
internal_weight=23533 17526 6007 4728 3417 16400 13908 12495 7844 2336 5508 2492 3339 4651 2336 2480 2171 2169 2202
internal_count=23533 17526 6007 4728 3417 16400 13908 12495 7844 2336 5508 2492 3339 4651 2336 2480 2171 2169 2202
is_linear=0
shrinkage=0.0187118


Tree=84
num_leaves=18
num_cat=0
split_feature=25 36 37 17 0 27 4 51 27 27 0 36 18 12 39 9 5
split_gain=0.000460654 0.000309211 0.000151698 0.000139744 0.000130372 0.000103842 8.82078e-05 8.12605e-05 7.64513e-05 0.000101909 5.67029e-05 4.87135e-05 4.09071e-05 3.96011e-05 3.65895e-05 3.27931e-05 1.45667e-05
threshold=-0.4999999999999733 -0.0027266543003817696 0.0030511078011544739 -0.30510736959129331 10.500000000000002 -35.623842844161594 -0.0063881508281983142 81.48148148148077 25.268096092262351 -2061.2087855180366 8.5000000000000018 0.0014234882655934646 -0.12750498598507862 -0.66889312977099225 -0.0012586537395244399 -0.57919847328244256 -0.099435830286432339
decision_type=2 2 2 10 2 10 2 2 10 8 2 2 10 8 2 10 2
left_child=2 -2 5 4 -3 13 8 11 9 -5 -10 12 16 -1 -11 -16 -7
right_child=1 3 -4 6 -6 7 -8 -9 10 14 -12 -13 -14 -15 15 -17 -18
leaf_value=-1.303542512432322e-06 1.1376267581902629e-05 -5.6797827160034379e-06 -9.3863506261600027e-06 -1.3776203886316147e-06 2.5594765241403108e-06 -4.4278725838090925e-07 7.3942143702719718e-06 -2.100319372262543e-07 1.8847600749965257e-06 7.0631001765086441e-06 -2.9261643093778924e-06 -7.9238461856808972e-06 -6.3241981597163198e-06 3.8678579458033905e-06 5.8587713238534289e-06 1.5165154149790981e-06 -3.6173734060633341e-06
leaf_weight=1029 1153 1701 1223 1324 1112 1031 1065 1852 1743 1392 1689 1298 1233 1045 1027 1496 994
leaf_count=1029 1153 1701 1223 1324 1112 1031 1065 1852 1743 1392 1689 1298 1233 1045 1027 1496 994
internal_value=-1.06383e-07 2.10282e-06 -3.22545e-06 1.25078e-06 -2.42274e-06 -2.33713e-06 2.31216e-06 -3.51499e-06 1.68797e-06 3.11005e-06 -4.82853e-07 -4.85845e-06 -3.63718e-06 1.3021e-06 4.62772e-06 3.28405e-06 -2.00108e-06
internal_weight=23407 13702 9705 12549 2813 8482 9736 6408 8671 5239 3432 4556 3258 2074 3915 2523 2025
internal_count=23407 13702 9705 12549 2813 8482 9736 6408 8671 5239 3432 4556 3258 2074 3915 2523 2025
is_linear=0
shrinkage=0.0187118


Tree=85
num_leaves=18
num_cat=0
split_feature=20 20 31 20 31 36 19 16 27 18 47 52 19 16 31 31 31
split_gain=0.000670858 0.000275561 0.000253733 0.000238486 0.000246255 0.000208885 0.000183034 0.000142423 0.000111446 8.08951e-05 7.52845e-05 0.000110954 4.19615e-05 4.02773e-05 3.47497e-05 2.61064e-05 2.12423e-05
threshold=2.4353400222965447 0.064796071375018763 221.50000000000003 10.020000000000001 50.500000000000007 0.0019743355863757199 -0.16296669341080158 0.5413533834586467 5.2106319591065775 -0.085901321906913089 -47.619047619051287 0.21911030697893061 0.35593497249219302 0.46334586466165417 122.50000000000001 205.50000000000003 129.50000000000003
decision_type=2 2 2 2 2 2 2 2 8 10 2 2 2 2 2 2 2
left_child=1 -1 3 4 -2 7 -6 9 12 10 -3 14 -9 -11 -12 -16 -15
right_child=2 5 -4 -5 6 -7 -8 8 -10 13 11 -13 -14 16 15 -17 -18
leaf_value=-1.0601477823143017e-05 -2.6921343431681227e-06 2.6335998711393671e-06 -2.1002014204143807e-06 1.4050493020194588e-05 2.3904500569429725e-06 -8.8149400922686816e-06 1.2935901892426558e-05 2.233857526097221e-06 -1.9731917538508112e-06 -6.7766623428339537e-06 1.7895202661046007e-06 -6.5687181077654214e-06 6.8919269697432595e-06 -6.2994396692661479e-07 -3.1175837776567588e-06 7.1185922502448149e-07 -4.3636842489850983e-06
leaf_weight=1204 1083 1761 1280 1318 1062 1206 1260 1418 1446 1322 1644 1310 1296 999 1652 1001 1145
leaf_count=1204 1083 1761 1280 1318 1062 1206 1260 1418 1446 1322 1644 1310 1296 999 1652 1001 1145
internal_value=-1.04393e-07 -1.96484e-06 5.28946e-06 7.29216e-06 4.67616e-06 -1.32296e-06 8.11279e-06 -7.20363e-07 2.22267e-06 -1.85042e-06 -7.41443e-07 -1.80145e-06 4.4582e-06 -4.20787e-06 -3.4808e-07 -1.6727e-06 -2.62394e-06
internal_weight=23407 17404 6003 4723 3405 16200 2322 14994 4160 10834 7368 5607 2714 3466 4297 2653 2144
internal_count=23407 17404 6003 4723 3405 16200 2322 14994 4160 10834 7368 5607 2714 3466 4297 2653 2144
is_linear=0
shrinkage=0.0187118


Tree=86
num_leaves=18
num_cat=0
split_feature=20 20 31 20 31 23 19 16 19 18 16 15 18 20 19 54 51
split_gain=0.000645987 0.000265345 0.000244326 0.000229645 0.000237126 0.000193302 0.000176248 0.000137066 9.10201e-05 7.0842e-05 6.23277e-05 4.79997e-05 5.45176e-05 4.17255e-05 4.01957e-05 3.87824e-05 3.40286e-05
threshold=2.4353400222965447 0.064796071375018763 221.50000000000003 10.020000000000001 50.500000000000007 -0.35000000000000492 -0.16296669341080158 0.5413533834586467 -0.011800016329599925 -0.085901321906913089 0.42293233082706772 0.043523953809947828 -0.028759690420888964 0.7743476287724077 0.12858018487483494 -3.5966142435745279 50.000000000000313
decision_type=2 2 2 2 2 10 2 2 2 8 2 8 10 2 2 2 2
left_child=1 -1 3 4 -2 -3 -6 9 -9 13 -11 -12 15 14 -7 -13 -10
right_child=2 5 -4 -5 6 7 -8 8 16 10 11 12 -14 -15 -16 -17 -18
leaf_value=-1.0403104944574561e-05 -2.6417596697708033e-06 -7.6618733299801361e-06 -2.0609028487528071e-06 1.3787582676925515e-05 2.3457204391658884e-06 -3.630474352494264e-06 1.2693847735567234e-05 -1.9343542972247511e-06 1.5926795945025551e-06 -6.0576442831340218e-06 -5.3570641189591068e-06 -1.3466044883971389e-06 -3.6701092546777264e-06 2.2944826570980317e-06 1.3083741196168298e-06 3.652014222817527e-06 5.7603224924751893e-06
leaf_weight=1204 1083 1515 1280 1318 1062 1337 1260 1262 1141 1713 1078 1153 1452 1786 1015 1028 1720
leaf_count=1204 1083 1515 1280 1318 1062 1337 1260 1262 1141 1713 1078 1153 1452 1786 1015 1028 1720
internal_value=-1.02439e-07 -1.92808e-06 5.19048e-06 7.15571e-06 4.58866e-06 -1.2982e-06 7.96098e-06 -6.41687e-07 2.25172e-06 -1.77116e-06 -3.00109e-06 -1.88968e-06 -8.60821e-07 1.38231e-07 -1.49912e-06 1.00946e-06 4.09822e-06
internal_weight=23407 17404 6003 4723 3405 16200 2322 14685 4123 10562 6424 4711 3633 4138 2352 2181 2861
internal_count=23407 17404 6003 4723 3405 16200 2322 14685 4123 10562 6424 4711 3633 4138 2352 2181 2861
is_linear=0
shrinkage=0.0187118


Tree=87
num_leaves=19
num_cat=0
split_feature=20 20 31 20 31 36 19 16 27 9 55 47 0 31 19 19 15 16
split_gain=0.000622038 0.000255508 0.000235268 0.000221131 0.000228335 0.00019659 0.000169714 0.000131785 0.000104271 7.57153e-05 6.70143e-05 6.30701e-05 6.17968e-05 5.78183e-05 4.0165e-05 3.44922e-05 3.15067e-05 2.59968e-05
threshold=2.4353400222965447 0.064796071375018763 221.50000000000003 10.020000000000001 50.500000000000007 0.0019743355863757199 -0.16296669341080158 0.5413533834586467 5.2106319591065775 -0.77290076335877844 31479.000000000004 35.714285714273871 12.500000000000002 126.50000000000001 0.35593497249219302 -0.073883647029994379 0.087298240403126934 0.48120300751879702
decision_type=2 2 2 2 2 2 2 2 8 8 2 2 2 2 2 2 8 2
left_child=1 -1 3 4 -2 7 -6 9 14 13 11 12 17 -3 -9 -12 -17 -11
right_child=2 5 -4 -5 6 -7 -8 8 -10 10 15 -13 -14 -15 -16 16 -18 -19
leaf_value=-1.0208443999365432e-05 -2.592327515254999e-06 4.2261751249532816e-06 -2.0223396512213721e-06 1.3529592027388542e-05 2.3018276685955753e-06 -8.5420642318209734e-06 1.2456322792336357e-05 2.1278289129437171e-06 -1.9168810992505629e-06 -2.6128708643600963e-06 -3.3306001450504213e-06 -6.6700670947184061e-06 -5.8656822860375921e-06 -1.4858591024937947e-06 6.6850979319717763e-06 -1.3761485572979031e-06 3.1203471303062584e-06 1.5898452603040239e-06
leaf_weight=1204 1083 1124 1280 1318 1062 1206 1260 1418 1446 995 1038 1900 1139 1385 1296 1121 1063 1069
leaf_count=1204 1083 1124 1280 1318 1062 1206 1260 1418 1446 995 1038 1900 1139 1385 1296 1121 1063 1069
internal_value=-1.00523e-07 -1.892e-06 5.09336e-06 7.02181e-06 4.5028e-06 -1.27391e-06 7.81202e-06 -6.89319e-07 2.14167e-06 -1.77635e-06 -2.63511e-06 -3.96912e-06 -2.36693e-06 1.07306e-06 4.30403e-06 -5.22314e-07 8.12392e-07 -4.36172e-07
internal_weight=23407 17404 6003 4723 3405 16200 2322 14994 4160 10834 8325 5103 3203 2509 2714 3222 2184 2064
internal_count=23407 17404 6003 4723 3405 16200 2322 14994 4160 10834 8325 5103 3203 2509 2714 3222 2184 2064
is_linear=0
shrinkage=0.0187118


Tree=88
num_leaves=18
num_cat=0
split_feature=20 20 31 1 52 36 16 19 31 18 47 52 48 54 19 48 54
split_gain=0.000598977 0.000246184 0.000226546 0.000228822 0.000337758 0.00017954 0.000116844 9.48754e-05 7.85683e-05 7.01326e-05 7.10282e-05 0.000110542 4.36082e-05 3.95163e-05 3.15883e-05 2.7196e-05 1.10492e-05
threshold=2.4353400222965447 0.055327558657808432 221.50000000000003 81.406772596776932 0.19331308454115989 0.0019743355863757199 0.5413533834586467 0.031664368741388678 49.500000000000007 -0.085901321906913089 -47.619047619051287 0.1841903444441659 70.087597542704415 6.2317938519733387 -0.073883647029994379 47.738454483188612 -1.1001528132439959
decision_type=2 2 2 2 2 2 2 2 2 10 2 2 2 2 2 2 2
left_child=1 -1 3 8 -5 6 9 -8 -2 10 -3 12 16 14 -11 -9 -12
right_child=2 5 -4 4 -6 -7 7 15 -10 13 11 -13 -14 -15 -16 -17 -18
leaf_value=-1.0757372126797884e-05 -8.9742573984902322e-07 2.5496397708437034e-06 -1.9844979863554166e-06 3.3701935772023602e-06 1.7657878592575714e-05 -8.1514275446266811e-06 -1.6991717553632487e-06 1.751964479418182e-06 5.9144616496020117e-06 -7.794622263229146e-06 -4.2733828744718765e-07 -5.5507792658913674e-06 2.5500459263854022e-06 -8.5866506408363597e-07 -3.4835063455302174e-06 5.656586757008297e-06 -3.0063232851069493e-06
leaf_weight=1024 1085 1764 1280 1076 1255 1238 1582 1035 1307 998 1357 1820 1491 1028 1474 1575 1018
leaf_count=1024 1085 1764 1280 1076 1255 1238 1582 1035 1307 998 1357 1820 1491 1028 1474 1575 1018
internal_value=-9.86416e-08 -1.8566e-06 4.99805e-06 6.89042e-06 1.10626e-05 -1.30016e-06 -7.40007e-07 1.91658e-06 2.82462e-06 -1.75703e-06 -7.30613e-07 -1.74827e-06 4.18464e-08 -3.94184e-06 -5.224e-06 4.1082e-06 -1.53277e-06
internal_weight=23407 17404 6003 4723 2331 16380 15142 4192 2392 10950 7450 5686 3866 3500 2472 2610 2375
internal_count=23407 17404 6003 4723 2331 16380 15142 4192 2392 10950 7450 5686 3866 3500 2472 2610 2375
is_linear=0
shrinkage=0.0187118


Tree=89
num_leaves=17
num_cat=0
split_feature=20 20 52 36 27 16 27 9 20 49 52 18 22 20 18 48
split_gain=0.000576771 0.00023762 0.000192888 0.000182555 0.000142061 0.000122414 9.79344e-05 7.24416e-05 6.45626e-05 5.01816e-05 6.40615e-05 4.60551e-05 4.32897e-05 4.05442e-05 3.96743e-05 3.8623e-05
threshold=2.4353400222965447 0.064796071375018763 0.23837809668605667 0.0019743355863757199 31.479168344962932 0.5413533834586467 5.2106319591065775 -0.77290076335877844 5.2444001991040325 44.331607280427093 0.18015889627939699 -0.10184037007304761 -0.80887702767175562 0.7743476287724077 -0.15519758637510719 45.718516725887746
decision_type=2 2 2 2 10 2 8 8 2 2 2 10 8 2 10 2
left_child=1 -1 4 5 8 7 15 13 -2 14 11 -11 -6 -3 -9 -7
right_child=2 3 -4 -5 12 6 -8 9 -10 10 -12 -13 -14 -15 -16 -17
leaf_value=-9.8419142429792865e-06 3.1795136147723541e-06 -8.8034858618571464e-07 1.045212390151812e-05 -8.2296987030803769e-06 -2.6917235997417359e-06 1.3340458442535419e-06 -1.8672876562111897e-06 9.3452357054342803e-07 9.8900433521143891e-06 -4.8404253234861161e-07 -6.8810821262257451e-06 -5.1875137766283154e-06 2.3475182080339554e-06 3.9676228189498538e-06 -2.983749207517343e-06 5.9238320781909793e-06
leaf_weight=1204 1001 1496 1607 1206 1211 1042 1446 1933 1007 1928 1591 1172 1177 1013 1701 1672
leaf_count=1204 1001 1496 1607 1206 1211 1042 1446 1933 1007 1928 1591 1172 1177 1013 1701 1672
internal_value=-9.67958e-08 -1.82186e-06 4.90453e-06 -1.2258e-06 2.87655e-06 -6.62458e-07 2.06602e-06 -1.71013e-06 6.54481e-06 -2.55012e-06 -3.82878e-06 -2.26226e-06 -2.07976e-07 1.077e-06 -8.99538e-07 4.16165e-06
internal_weight=23407 17404 6003 16200 4396 14994 4160 10834 2008 8325 4691 3100 2388 2509 3634 2714
internal_count=23407 17404 6003 16200 4396 14994 4160 10834 2008 8325 4691 3100 2388 2509 3634 2714
is_linear=0
shrinkage=0.0187118


Tree=90
num_leaves=18
num_cat=0
split_feature=20 20 31 20 31 36 28 54 18 49 27 55 19 19 52 20 50
split_gain=0.000555388 0.00022898 0.000217302 0.000202589 0.000274283 0.000166259 0.00011517 7.69997e-05 8.07215e-05 8.07652e-05 7.19213e-05 6.83272e-05 5.94666e-05 4.59345e-05 4.53345e-05 4.12474e-05 3.94062e-05
threshold=2.4353400222965447 0.055327558657808432 193.50000000000003 10.020000000000001 50.500000000000007 0.0019743355863757199 -0.906723902490019 9.6746035919728204 -0.038664911890060584 48.220477336137286 4.4514264531990912 9104.5000000000018 -0.82833917911116817 0.16083715757926956 0.14773788935199181 0.56155740810913235 66.66666666666741
decision_type=2 2 2 2 2 2 2 2 10 2 8 2 2 2 2 2 2
left_child=1 -1 3 4 -2 6 10 8 9 14 -3 -11 -4 -9 -8 -10 -13
right_child=2 5 12 -5 -6 -7 7 13 15 11 -12 16 -14 -15 -16 -17 -18
leaf_value=-1.0371922088678725e-05 -2.7525818786039678e-06 5.5742016208674527e-06 -3.3315347023695809e-06 1.3840802606834936e-05 9.3042330044107005e-06 -7.8441271686630475e-06 -1.6023793243189745e-06 -6.8778541417076431e-07 -7.9667986973061579e-06 -6.8649018986971793e-06 -9.1766805983764442e-07 -3.4335377166199161e-06 3.0580226508201032e-06 4.2287884671697808e-06 3.0087947695867913e-06 -3.105197600900458e-06 7.3449237352472769e-07
leaf_weight=1024 1083 1489 1024 1186 1694 1238 1274 1616 1032 1112 998 1693 1016 1131 1803 1498 1496
leaf_count=1024 1083 1489 1024 1186 1694 1238 1274 1616 1032 1112 998 1693 1016 1131 1803 1498 1496
internal_value=-9.49846e-08 -1.78777e-06 4.81276e-06 7.36702e-06 4.6022e-06 -1.25113e-06 -7.12086e-07 -1.43552e-06 -2.20406e-06 -1.21503e-06 2.9691e-06 -2.87095e-06 -1.49283e-07 1.33647e-06 1.09959e-06 -5.08827e-06 -1.47826e-06
internal_weight=23407 17404 6003 3963 2777 16380 15142 12655 9908 7378 2487 4301 2040 2747 3077 2530 3189
internal_count=23407 17404 6003 3963 2777 16380 15142 12655 9908 7378 2487 4301 2040 2747 3077 2530 3189
is_linear=0
shrinkage=0.0187118


Tree=91
num_leaves=18
num_cat=0
split_feature=16 39 55 36 25 27 19 51 9 0 52 48 52 17 7 18 10
split_gain=0.000368977 0.000191692 0.00011497 0.000161761 9.22662e-05 8.65731e-05 0.000110771 8.48442e-05 0.000100551 8.50745e-05 8.14164e-05 7.36811e-05 7.32301e-05 6.41274e-05 6.37416e-05 3.13693e-05 1.89895e-05
threshold=0.54605263157894746 0.0031662277946346022 52079.500000000007 -0.0019361102364566227 -0.97830874945841562 -2061.2087855180366 0.04361651913038856 72.222222222221475 -0.72805343511450371 22.500000000000004 0.23185749465095642 48.769956496231678 0.1841903444441659 -0.066442248617653063 0.24338561470215467 -0.16529198279525292 -1.3919172932330823
decision_type=2 2 2 2 2 10 2 2 10 2 2 2 2 10 8 8 2
left_child=1 4 3 -2 7 14 10 8 -1 -9 15 13 -10 -5 -6 -7 -17
right_child=2 -3 -4 11 5 6 -8 9 12 -11 -12 -13 -14 -15 -16 16 -18
leaf_value=8.5260884098598726e-08 1.1480866248335543e-05 -7.6490974829352516e-06 -8.1772014397581735e-07 -2.3820111306614096e-06 -5.8108140643384165e-06 1.7299026175598708e-06 6.559208227202917e-06 -3.9714980404328064e-06 -3.8654660050114382e-06 2.5293299292075622e-06 5.1101687411616687e-06 5.9932113495260507e-06 -1.0128418234251204e-05 4.2460195774262158e-06 5.1490084692273909e-07 -3.6231439400152117e-06 -4.4190184595159983e-07
leaf_weight=1360 1091 1598 1487 1040 1112 1108 1281 1146 1833 1831 996 1900 1016 1005 1119 1307 1321
leaf_count=1360 1091 1598 1487 1040 1112 1108 1281 1146 1833 1831 996 1900 1016 1005 1119 1307 1321
internal_value=-3.025e-08 -1.47987e-06 3.75391e-06 5.10379e-06 -8.40952e-07 5.09965e-07 1.67797e-06 -2.39077e-06 -4.10072e-06 2.68269e-08 3.56563e-07 3.34019e-06 -6.09894e-06 8.75284e-07 -2.63803e-06 -9.10725e-07 -2.02405e-06
internal_weight=23551 17028 6523 5036 15430 8244 6013 7186 4209 2977 4732 3945 2849 2045 2231 3736 2628
internal_count=23551 17028 6523 5036 15430 8244 6013 7186 4209 2977 4732 3945 2849 2045 2231 3736 2628
is_linear=0
shrinkage=0.0187118


Tree=92
num_leaves=20
num_cat=0
split_feature=20 19 31 38 20 49 0 24 31 52 0 52 20 31 19 11 20 31 20
split_gain=0.0005501 0.000388789 0.000255511 0.000247487 0.000174814 0.000158088 0.000179601 0.000135433 0.000114299 9.96813e-05 7.52702e-05 6.15253e-05 5.64308e-05 5.16992e-05 9.03397e-05 5.0645e-05 6.17284e-05 4.0706e-05 2.31035e-05
threshold=1.147923253808566 0.35593497249219302 22.500000000000004 -0.0030287741185823776 7.6545092838196309 29.343460610135633 19.500000000000004 -501.00000000002484 90.500000000000014 0.19197956265114224 122.50000000000001 0.17445524158824108 0.48586238140923149 63.500000000000007 -0.13721915572822493 -0.55916030534351135 0.504902431990772 186.50000000000003 1.9141321044546855
decision_type=2 2 2 2 2 2 2 10 2 2 2 2 2 2 2 10 2 2 2
left_child=2 3 -1 -2 7 15 9 -5 -6 12 11 -8 -7 -9 17 -4 -17 -15 -16
right_child=1 -3 5 4 8 6 10 13 -10 -11 -12 -13 -14 14 18 16 -18 -19 -20
leaf_value=-1.162003541810966e-05 1.0672081586943273e-05 1.401904337459018e-05 3.4319365466439927e-06 -6.5602369139107237e-06 1.0254713932449158e-05 -6.8640987506191734e-06 2.2728521831260244e-07 -3.0593346330696615e-06 1.2857924511069295e-06 -1.0850216048922157e-05 3.7006467104902928e-06 -5.2490292557322447e-06 -1.0257979764084889e-06 1.4388025528839346e-06 2.0381157129303088e-06 -3.6403164340118036e-06 1.9545034485634936e-06 -3.8123270005689389e-06 5.8303970389453885e-06
leaf_weight=1015 1019 1038 1735 1099 994 1308 1583 1060 996 1231 998 1315 1041 999 1022 1289 1487 1071 1251
leaf_count=1015 1019 1038 1735 1099 994 1308 1583 1060 996 1231 998 1315 1041 999 1022 1289 1487 1071 1251
internal_value=-2.9684e-08 3.14523e-06 -2.60561e-06 1.95849e-06 9.12904e-07 -1.84231e-06 -3.51152e-06 -5.72355e-07 5.76575e-06 -6.53707e-06 -7.31373e-07 -2.25765e-06 -4.27676e-06 6.45613e-07 1.54988e-06 9.2405e-07 -6.43378e-07 -1.27808e-06 4.12529e-06
internal_weight=23551 10549 13002 9511 8492 11987 7476 6502 1990 3580 3896 2898 2349 5403 4343 4511 2776 2070 2273
internal_count=23551 10549 13002 9511 8492 11987 7476 6502 1990 3580 3896 2898 2349 5403 4343 4511 2776 2070 2273
is_linear=0
shrinkage=0.0187118


end of trees

feature_importances:
alpha042=285
time_encoded=184
alpha041=148
NATR=129
alpha054=77
alpha033=76
alpha005=63
alpha083=60
alpha038=57
past_ret_1=53
vwap=44
volume=43
STOCHRSI=32
alpha040=31
alpha030=30
alpha060=29
OBV=26
CCI=25
MFI=22
slowD=20
alpha011=18
alpha053=17
past_ret_2=16
DI_diff=15
alpha013=10
alpha101=10
alpha016=9
alpha020=9
day_encoded=9
slowK=9
alpha051=6
past_ret_4=5
past_ret_3=4
alpha015=3
alpha050=3
past_ret_9=3
ADX=3
alpha006=2
alpha044=2
past_ret_6=2
past_ret_7=2
BOP=2
alpha002=1
alpha003=1
alpha012=1
alpha018=1
past_ret_5=1
past_ret_8=1

parameters:
[boosting: gbdt]
[objective: regression]
[metric: rmse]
[tree_learner: serial]
[device_type: cpu]
[data_sample_strategy: bagging]
[data: ]
[valid: ]
[num_iterations: 200]
[learning_rate: 0.0187118]
[num_leaves: 38]
[num_threads: 0]
[seed: 320]
[deterministic: 0]
[force_col_wise: 0]
[force_row_wise: 0]
[histogram_pool_size: -1]
[max_depth: -1]
[min_data_in_leaf: 994]
[min_sum_hessian_in_leaf: 0.001]
[bagging_fraction: 0.883365]
[pos_bagging_fraction: 1]
[neg_bagging_fraction: 1]
[bagging_freq: 7]
[bagging_seed: 6569]
[bagging_by_query: 0]
[feature_fraction: 0.760277]
[feature_fraction_bynode: 1]
[feature_fraction_seed: 2217]
[extra_trees: 0]
[extra_seed: 23166]
[early_stopping_round: 0]
[early_stopping_min_delta: 0]
[first_metric_only: 0]
[max_delta_step: 0]
[lambda_l1: 1.41704e-07]
[lambda_l2: 3.46548e-07]
[linear_lambda: 0]
[min_gain_to_split: 0]
[drop_rate: 0.1]
[max_drop: 50]
[skip_drop: 0.5]
[xgboost_dart_mode: 0]
[uniform_drop: 0]
[drop_seed: 3373]
[top_rate: 0.2]
[other_rate: 0.1]
[min_data_per_group: 100]
[max_cat_threshold: 32]
[cat_l2: 10]
[cat_smooth: 10]
[max_cat_to_onehot: 4]
[top_k: 20]
[monotone_constraints: ]
[monotone_constraints_method: basic]
[monotone_penalty: 0]
[feature_contri: ]
[forcedsplits_filename: ]
[refit_decay_rate: 0.9]
[cegb_tradeoff: 1]
[cegb_penalty_split: 0]
[cegb_penalty_feature_lazy: ]
[cegb_penalty_feature_coupled: ]
[path_smooth: 0]
[interaction_constraints: ]
[verbosity: -1]
[saved_feature_importance_type: 0]
[use_quantized_grad: 0]
[num_grad_quant_bins: 4]
[quant_train_renew_leaf: 0]
[stochastic_rounding: 1]
[linear_tree: 0]
[max_bin: 255]
[max_bin_by_feature: ]
[min_data_in_bin: 3]
[bin_construct_sample_cnt: 200000]
[data_random_seed: 1083]
[is_enable_sparse: 1]
[enable_bundle: 1]
[use_missing: 1]
[zero_as_missing: 0]
[feature_pre_filter: 1]
[pre_partition: 0]
[two_round: 0]
[header: 0]
[label_column: ]
[weight_column: ]
[group_column: ]
[ignore_column: ]
[categorical_feature: ]
[forcedbins_filename: ]
[precise_float_parser: 0]
[parser_config_file: ]
[objective_seed: 32719]
[num_class: 1]
[is_unbalance: 0]
[scale_pos_weight: 1]
[sigmoid: 1]
[boost_from_average: 1]
[reg_sqrt: 0]
[alpha: 0.9]
[fair_c: 1]
[poisson_max_delta_step: 0.7]
[tweedie_variance_power: 1.5]
[lambdarank_truncation_level: 30]
[lambdarank_norm: 1]
[label_gain: ]
[lambdarank_position_bias_regularization: 0]
[eval_at: ]
[multi_error_top_k: 1]
[auc_mu_weights: ]
[num_machines: 1]
[local_listen_port: 12400]
[time_out: 120]
[machine_list_filename: ]
[machines: ]
[gpu_platform_id: -1]
[gpu_device_id: -1]
[gpu_use_dp: 0]
[num_gpu: 1]

end of parameters

pandas_categorical:[]
